PlayerId,TeamId,PlayerAge,PlayerBirthDate,PlayerClubJerseyNumber,PlayerClubShirtName,PlayerCountryCode,PlayerDetailedFieldPosition,PlayerFieldPosition,PlayerGender,PlayerHeight,PlayerImageUrl,PlayerInternationalName,PlayerNationalFieldPosition,PlayerNationalJerseyNumber,PlayerNationalShirtName,PlayerNationalTeamId,PlayerWeight,PlayerCountryName,PlayerFieldPositionFR,PlayerFirstName,PlayerLastName,PlayerName,PlayerShortName,TeamAssociationId,TeamAssociationLogoUrl,TeamBigLogoUrl,TeamConfederationType,TeamCountryCode,TeamId_Full,TeamIdProvider,TeamInternationalName,TeamIsPlaceHolder,TeamLogoUrl,TeamMediumLogoUrl,TeamOrganizationId,TeamCode,TeamTypeDetail,TeamTypeIsNational,TeamType,TeamCountryName,TeamDisplayName,TeamDisplayOfficialName,TeamDisplayTeamCode,minutesplayedofficial,minutesplayedofficial_Unit,matchesappearance,goals,assists,distancecovered,distancecovered_Unit,topspeed,topspeed_Unit
"250174126","52747","23","2001-10-16","51","PACHO","ECU","UNKNOWN","DEFENDER","MALE","","./image/250174126.jpg","Willian Pacho","DEFENDER","6","Pacho","37","","Équateur","Défenseur","Willian","Pacho","Willian Pacho","Pacho","200043","./assoc/200043_FRA.svg","./logo/52747.png","UEFA","FRA","52747","FAME","Paris","","https://img.uefa.com/imgml/TP/teams/logos/70x70/52747.png","https://img.uefa.com/imgml/TP/teams/logos/240x240/52747.png","252747","PSG","DOMESTIC_MEN_TEAM_A","","DOMESTIC","France","Paris","Paris Saint-Germain","PSG","1542","MINUTE","17","0","0","159.22","KILOMETER","33.78","KILOMETER_PER_HOUR"
"250088061","52747","26","1998-11-04","2","HAKIMI","MAR","WINGER","DEFENDER","MALE","179","./image/250088061.jpg","Achraf Hakimi","MIDFIELDER","2","Hakimi","92","68","Maroc","Défenseur","Achraf","Hakimi","Achraf Hakimi","Hakimi","200043","./assoc/200043_FRA.svg","./logo/52747.png","UEFA","FRA","52747","FAME","Paris","","https://img.uefa.com/imgml/TP/teams/logos/70x70/52747.png","https://img.uefa.com/imgml/TP/teams/logos/240x240/52747.png","252747","PSG","DOMESTIC_MEN_TEAM_A","","DOMESTIC","France","Paris","Paris Saint-Germain","PSG","1540","MINUTE","17","4","5","176.84","KILOMETER","36.92","KILOMETER_PER_HOUR"
"250136465","52747","23","2002-06-19","25","N.MENDES","POR","FULL_BACK","DEFENDER","MALE","","./image/250136465.jpg","Nuno Mendes","DEFENDER","19","N. MENDES","110","","Portugal","Défenseur","","Nuno Mendes","Nuno Mendes","Nuno Mendes","200043","./assoc/200043_FRA.svg","./logo/52747.png","UEFA","FRA","52747","FAME","Paris","","https://img.uefa.com/imgml/TP/teams/logos/70x70/52747.png","https://img.uefa.com/imgml/TP/teams/logos/240x240/52747.png","252747","PSG","DOMESTIC_MEN_TEAM_A","","DOMESTIC","France","Paris","Paris Saint-Germain","PSG","1449","MINUTE","16","4","2","145.44","KILOMETER","35.74","KILOMETER_PER_HOUR"
"250101444","52747","25","2000-02-13","17","VITINHA","POR","UNKNOWN","MIDFIELDER","MALE","","./image/250101444.jpg","Vitinha","MIDFIELDER","23","VITINHA","110","","Portugal","Milieu","","Vitinha","Vitinha","Vitinha","200043","./assoc/200043_FRA.svg","./logo/52747.png","UEFA","FRA","52747","FAME","Paris","","https://img.uefa.com/imgml/TP/teams/logos/70x70/52747.png","https://img.uefa.com/imgml/TP/teams/logos/240x240/52747.png","252747","PSG","DOMESTIC_MEN_TEAM_A","","DOMESTIC","France","Paris","Paris Saint-Germain","PSG","1448","MINUTE","17","2","2","180.22","KILOMETER","32.29","KILOMETER_PER_HOUR"
"250064064","52747","31","1994-05-14","5","MARQUINHOS","BRA","CENTRE_BACK","DEFENDER","MALE","183","./image/250064064.jpg","Marquinhos","DEFENDER","4","Marquinhos","18","75","Brésil","Défenseur","","Marquinhos","Marquinhos","Marquinhos","200043","./assoc/200043_FRA.svg","./logo/52747.png","UEFA","FRA","52747","FAME","Paris","","https://img.uefa.com/imgml/TP/teams/logos/70x70/52747.png","https://img.uefa.com/imgml/TP/teams/logos/240x240/52747.png","252747","PSG","DOMESTIC_MEN_TEAM_A","","DOMESTIC","France","Paris","Paris Saint-Germain","PSG","1439","MINUTE","16","0","0","158.08","KILOMETER","33.23","KILOMETER_PER_HOUR"
"250164991","52747","21","2004-09-27","87","JOÃO NEVES","POR","UNKNOWN","MIDFIELDER","MALE","","./image/250164991.jpg","João Neves","MIDFIELDER","15","JOÃO NEVES","110","","Portugal","Milieu","","João Neves","João Neves","João Neves","200043","./assoc/200043_FRA.svg","./logo/52747.png","UEFA","FRA","52747","FAME","Paris","","https://img.uefa.com/imgml/TP/teams/logos/70x70/52747.png","https://img.uefa.com/imgml/TP/teams/logos/240x240/52747.png","252747","PSG","DOMESTIC_MEN_TEAM_A","","DOMESTIC","France","Paris","Paris Saint-Germain","PSG","1435","MINUTE","17","1","1","184.34","KILOMETER","31.74","KILOMETER_PER_HOUR"
"250078922","52747","26","1999-02-25","1","Donnarumma","ITA","GOALKEEPER","GOALKEEPER","MALE","196","./image/250078922.jpg","Gianluigi Donnarumma","GOALKEEPER","1","Donnarumma","66","90","Italie","Gardien","Gianluigi","Donnarumma","Gianluigi Donnarumma","Donnarumma","200043","./assoc/200043_FRA.svg","./logo/52747.png","UEFA","FRA","52747","FAME","Paris","","https://img.uefa.com/imgml/TP/teams/logos/70x70/52747.png","https://img.uefa.com/imgml/TP/teams/logos/240x240/52747.png","252747","PSG","DOMESTIC_MEN_TEAM_A","","DOMESTIC","France","Paris","Paris Saint-Germain","PSG","1380","MINUTE","15","0","0","71.67","KILOMETER","26.15","KILOMETER_PER_HOUR"
"97746","50138","36","1988-12-17","1","Sommer","SUI","GOALKEEPER","GOALKEEPER","MALE","183","./image/97746.jpg","Yann Sommer","GOALKEEPER","1","Sommer","128","79","Suisse","Gardien","Yann","Sommer","Yann Sommer","Sommer","200066","./assoc/200066_ITA.svg","./logo/50138.png","UEFA","ITA","50138","FAME","Inter","","https://img.uefa.com/imgml/TP/teams/logos/70x70/50138.png","https://img.uefa.com/imgml/TP/teams/logos/240x240/50138.png","250138","INT","DOMESTIC_MEN_TEAM_A","","DOMESTIC","Italie","Inter","FC Internazionale Milano","INT","1290","MINUTE","14","0","0","50.47","KILOMETER","25.22","KILOMETER_PER_HOUR"
"250070417","50037","30","1995-02-08","6","Kimmich","GER","CENTRE_BACK","MIDFIELDER","MALE","176","./image/250070417.jpg","Joshua Kimmich","MIDFIELDER","6","Kimmich","47","70","Allemagne","Milieu","Joshua","Kimmich","Joshua Kimmich","Kimmich","200047","./assoc/200047_GER.svg","./logo/50037.png","UEFA","GER","50037","FAME","Bayern München","","https://img.uefa.com/imgml/TP/teams/logos/70x70/50037.png","https://img.uefa.com/imgml/TP/teams/logos/240x240/50037.png","250037","BAY","DOMESTIC_MEN_TEAM_A","","DOMESTIC","Allemagne","Bayern München","FC Bayern München","BAY","1260","MINUTE","14","0","6","178.89","KILOMETER","32.23","KILOMETER_PER_HOUR"
"250101284","50051","27","1998-07-22","8","VALVERDE","URU","UNKNOWN","MIDFIELDER","MALE","","./image/250101284.jpg","Federico Valverde","MIDFIELDER","15","Valverde","138","","Uruguay","Milieu","Federico","Valverde","Federico Valverde","Valverde","200122","./assoc/200122_ESP.svg","./logo/50051.png","UEFA","ESP","50051","FAME","Real Madrid","","https://img.uefa.com/imgml/TP/teams/logos/70x70/50051.png","https://img.uefa.com/imgml/TP/teams/logos/240x240/50051.png","250051","RMA","DOMESTIC_MEN_TEAM_A","","DOMESTIC","Espagne","Real Madrid","Real Madrid C.F.","RMA","1236","MINUTE","14","0","3","139.97","KILOMETER","35.23","KILOMETER_PER_HOUR"
"250112880","50080","28","1996-12-14","11","Raphinha","BRA","WINGER","FORWARD","MALE","","./image/250112880.jpg","Raphinha","MIDFIELDER","11","Raphinha","18","","Brésil","Attaquant","","Raphinha","Raphinha","Raphinha","200122","./assoc/200122_ESP.svg","./logo/50080.png","UEFA","ESP","50080","FAME","Barcelona","","https://img.uefa.com/imgml/TP/teams/logos/70x70/50080.png","https://img.uefa.com/imgml/TP/teams/logos/240x240/50080.png","250080","BAR","DOMESTIC_MEN_TEAM_A","","DOMESTIC","Espagne","Barcelona","FC Barcelona","BAR","1225","MINUTE","14","13","9","126.83","KILOMETER","34.72","KILOMETER_PER_HOUR"
"250028211","50051","32","1993-03-03","22","RÜDIGER","GER","CENTRE_BACK","DEFENDER","MALE","190","./image/250028211.jpg","Antonio Rüdiger","DEFENDER","2","Rüdiger","47","85","Allemagne","Défenseur","Antonio","Rüdiger","Antonio Rüdiger","Rüdiger","200122","./assoc/200122_ESP.svg","./logo/50051.png","UEFA","ESP","50051","FAME","Real Madrid","","https://img.uefa.com/imgml/TP/teams/logos/70x70/50051.png","https://img.uefa.com/imgml/TP/teams/logos/240x240/50051.png","250051","RMA","DOMESTIC_MEN_TEAM_A","","DOMESTIC","Espagne","Real Madrid","Real Madrid C.F.","RMA","1188","MINUTE","13","2","0","123.73","KILOMETER","34.13","KILOMETER_PER_HOUR"
"250171278","52280","30","1995-09-15","1","Raya","ESP","UNKNOWN","GOALKEEPER","MALE","","./image/250171278.jpg","David Raya","GOALKEEPER","1","RAYA","122","","Espagne","Gardien","David","Raya","David Raya","Raya","200039","./assoc/200039_ENG.svg","./logo/52280.png","UEFA","ENG","52280","FAME","Arsenal","","https://img.uefa.com/imgml/TP/teams/logos/70x70/52280.png","https://img.uefa.com/imgml/TP/teams/logos/240x240/52280.png","252280","ARS","DOMESTIC_MEN_TEAM_A","","DOMESTIC","Angleterre","Arsenal","Arsenal FC","ARS","1170","MINUTE","13","0","0","86.3","KILOMETER","28.86","KILOMETER_PER_HOUR"
"250069832","52758","27","1997-12-06","1","Kobel","SUI","GOALKEEPER","GOALKEEPER","MALE","","./image/250069832.jpg","Gregor Kobel","GOALKEEPER","1","Kobel","128","","Suisse","Gardien","Gregor","Kobel","Gregor Kobel","Kobel","200047","./assoc/200047_GER.svg","./logo/52758.png","UEFA","GER","52758","FAME","B. Dortmund","","https://img.uefa.com/imgml/TP/teams/logos/70x70/52758.png","https://img.uefa.com/imgml/TP/teams/logos/240x240/52758.png","252758","BVB","DOMESTIC_MEN_TEAM_A","","DOMESTIC","Allemagne","B. Dortmund","Borussia Dortmund","BVB","1170","MINUTE","13","0","0","57.73","KILOMETER","27.87","KILOMETER_PER_HOUR"
"250066886","52747","28","1997-05-15","10","O.DEMBÉLÉ","FRA","UNKNOWN","FORWARD","MALE","178","./image/250066886.jpg","Ousmane Dembélé","FORWARD","7","Dembele","43","67","France","Attaquant","Ousmane","Dembélé","Ousmane Dembélé","Dembélé","200043","./assoc/200043_FRA.svg","./logo/52747.png","UEFA","FRA","52747","FAME","Paris","","https://img.uefa.com/imgml/TP/teams/logos/70x70/52747.png","https://img.uefa.com/imgml/TP/teams/logos/240x240/52747.png","252747","PSG","DOMESTIC_MEN_TEAM_A","","DOMESTIC","France","Paris","Paris Saint-Germain","PSG","1163","MINUTE","15","8","6","126.11","KILOMETER","33.92","KILOMETER_PER_HOUR"
"250115436","52747","29","1996-04-03","8","FABIAN","ESP","CENTRAL_MIDFIELDER","MIDFIELDER","MALE","","./image/250115436.jpg","Fabián Ruiz","MIDFIELDER","8","FABIÁN","122","","Espagne","Milieu","","Fabián Ruiz","Fabián Ruiz","Fabián Ruiz","200043","./assoc/200043_FRA.svg","./logo/52747.png","UEFA","FRA","52747","FAME","Paris","","https://img.uefa.com/imgml/TP/teams/logos/70x70/52747.png","https://img.uefa.com/imgml/TP/teams/logos/240x240/52747.png","252747","PSG","DOMESTIC_MEN_TEAM_A","","DOMESTIC","France","Paris","Paris Saint-Germain","PSG","1151","MINUTE","17","1","4","144.7","KILOMETER","31.33","KILOMETER_PER_HOUR"
"250128377","50051","22","2003-06-29","5","BELLINGHAM","ENG","UNKNOWN","MIDFIELDER","MALE","","./image/250128377.jpg","Jude Bellingham","MIDFIELDER","10","Bellingham","39","","Angleterre","Milieu","Jude","Bellingham","Jude Bellingham","Bellingham","200122","./assoc/200122_ESP.svg","./logo/50051.png","UEFA","ESP","50051","FAME","Real Madrid","","https://img.uefa.com/imgml/TP/teams/logos/70x70/50051.png","https://img.uefa.com/imgml/TP/teams/logos/240x240/50051.png","250051","RMA","DOMESTIC_MEN_TEAM_A","","DOMESTIC","Espagne","Real Madrid","Real Madrid C.F.","RMA","1136","MINUTE","13","3","2","131.11","KILOMETER","33.9","KILOMETER_PER_HOUR"
"250076574","50051","26","1998-12-20","10","MBAPPÉ","FRA","STRIKER","FORWARD","MALE","178","./image/250076574.jpg","Kylian Mbappé","FORWARD","10","Mbappe","43","67","France","Attaquant","Kylian","Mbappé","Kylian Mbappé","Mbappé","200122","./assoc/200122_ESP.svg","./logo/50051.png","UEFA","ESP","50051","FAME","Real Madrid","","https://img.uefa.com/imgml/TP/teams/logos/70x70/50051.png","https://img.uefa.com/imgml/TP/teams/logos/240x240/50051.png","250051","RMA","DOMESTIC_MEN_TEAM_A","","DOMESTIC","Espagne","Real Madrid","Real Madrid C.F.","RMA","1132","MINUTE","14","7","2","109.88","KILOMETER","36.42","KILOMETER_PER_HOUR"
"250016833","50037","32","1993-07-28","9","Kane","ENG","STRIKER","FORWARD","MALE","188","./image/250016833.jpg","Harry Kane","FORWARD","9","Kane","39","65","Angleterre","Attaquant","Harry","Kane","Harry Kane","Kane","200047","./assoc/200047_GER.svg","./logo/50037.png","UEFA","GER","50037","FAME","Bayern München","","https://img.uefa.com/imgml/TP/teams/logos/70x70/50037.png","https://img.uefa.com/imgml/TP/teams/logos/240x240/50037.png","250037","BAY","DOMESTIC_MEN_TEAM_A","","DOMESTIC","Allemagne","Bayern München","FC Bayern München","BAY","1120","MINUTE","13","11","2","139.42","KILOMETER","30.44","KILOMETER_PER_HOUR"
"250143693","50080","22","2002-11-25","8","Pedri","ESP","UNKNOWN","MIDFIELDER","MALE","","./image/250143693.jpg","Pedri","MIDFIELDER","20","PEDRI","122","","Espagne","Milieu","","Pedri","Pedri","Pedri","200122","./assoc/200122_ESP.svg","./logo/50080.png","UEFA","ESP","50080","FAME","Barcelona","","https://img.uefa.com/imgml/TP/teams/logos/70x70/50080.png","https://img.uefa.com/imgml/TP/teams/logos/240x240/50080.png","250080","BAR","DOMESTIC_MEN_TEAM_A","","DOMESTIC","Espagne","Barcelona","FC Barcelona","BAR","1117","MINUTE","14","0","2","141.06","KILOMETER","31.56","KILOMETER_PER_HOUR"
"250011668","50051","33","1992-05-11","1","COURTOIS","BEL","GOALKEEPER","GOALKEEPER","MALE","199","./image/250011668.jpg","Thibaut Courtois","GOALKEEPER","1","Courtois","13","91","Belgique","Gardien","Thibaut","Courtois","Thibaut Courtois","Courtois","200122","./assoc/200122_ESP.svg","./logo/50051.png","UEFA","ESP","50051","FAME","Real Madrid","","https://img.uefa.com/imgml/TP/teams/logos/70x70/50051.png","https://img.uefa.com/imgml/TP/teams/logos/240x240/50051.png","250051","RMA","DOMESTIC_MEN_TEAM_A","","DOMESTIC","Espagne","Real Madrid","Real Madrid C.F.","RMA","1110","MINUTE","12","0","0","56.1","KILOMETER","25.7","KILOMETER_PER_HOUR"
"250096309","50080","26","1998-11-12","23","Kounde","FRA","CENTRE_BACK","DEFENDER","MALE","","./image/250096309.jpg","Jules Koundé","DEFENDER","5","Kounde","43","","France","Défenseur","Jules","Koundé","Jules Koundé","Koundé","200122","./assoc/200122_ESP.svg","./logo/50080.png","UEFA","ESP","50080","FAME","Barcelona","","https://img.uefa.com/imgml/TP/teams/logos/70x70/50080.png","https://img.uefa.com/imgml/TP/teams/logos/240x240/50080.png","250080","BAR","DOMESTIC_MEN_TEAM_A","","DOMESTIC","Espagne","Barcelona","FC Barcelona","BAR","1106","MINUTE","13","0","3","113.2","KILOMETER","32.95","KILOMETER_PER_HOUR"
"250121533","50051","25","2000-07-12","7","VINI JR.","BRA","UNKNOWN","FORWARD","MALE","","./image/250121533.jpg","Vinícius Júnior","FORWARD","7","Vini Jr.","18","","Brésil","Attaquant","","Vinícius Júnior","Vinícius Júnior","Vinícius Júnior","200122","./assoc/200122_ESP.svg","./logo/50051.png","UEFA","ESP","50051","FAME","Real Madrid","","https://img.uefa.com/imgml/TP/teams/logos/70x70/50051.png","https://img.uefa.com/imgml/TP/teams/logos/240x240/50051.png","250051","RMA","DOMESTIC_MEN_TEAM_A","","DOMESTIC","Espagne","Real Madrid","Real Madrid C.F.","RMA","1104","MINUTE","12","8","3","118.9","KILOMETER","35.53","KILOMETER_PER_HOUR"
"250176450","50080","18","2007-07-13","10","Lamine Yamal","ESP","UNKNOWN","FORWARD","MALE","","./image/250176450.jpg","Lamine Yamal","FORWARD","19","LAMINE YAMAL","122","","Espagne","Attaquant","Lamine","Yamal","Lamine Yamal","Yamal","200122","./assoc/200122_ESP.svg","./logo/50080.png","UEFA","ESP","50080","FAME","Barcelona","","https://img.uefa.com/imgml/TP/teams/logos/70x70/50080.png","https://img.uefa.com/imgml/TP/teams/logos/240x240/50080.png","250080","BAR","DOMESTIC_MEN_TEAM_A","","DOMESTIC","Espagne","Barcelona","FC Barcelona","BAR","1101","MINUTE","13","5","3","101.31","KILOMETER","32.18","KILOMETER_PER_HOUR"
"250134138","52747","23","2002-09-02","29","B.BARCOLA","FRA","UNKNOWN","FORWARD","MALE","","./image/250134138.jpg","Bradley Barcola","FORWARD","20","Barcola","43","","France","Attaquant","Bradley","Barcola","Bradley Barcola","Barcola","200043","./assoc/200043_FRA.svg","./logo/52747.png","UEFA","FRA","52747","FAME","Paris","","https://img.uefa.com/imgml/TP/teams/logos/70x70/52747.png","https://img.uefa.com/imgml/TP/teams/logos/240x240/52747.png","252747","PSG","DOMESTIC_MEN_TEAM_A","","DOMESTIC","France","Paris","Paris Saint-Germain","PSG","1096","MINUTE","17","3","4","120.45","KILOMETER","35.65","KILOMETER_PER_HOUR"
"250080553","52758","29","1996-03-12","9","Guirassy","GUI","STRIKER","FORWARD","MALE","","./image/250080553.jpg","Serhou Guirassy","FORWARD","11","Guirassy","52","","Guinée","Attaquant","Serhou","Guirassy","Serhou Guirassy","Guirassy","200047","./assoc/200047_GER.svg","./logo/52758.png","UEFA","GER","52758","FAME","B. Dortmund","","https://img.uefa.com/imgml/TP/teams/logos/70x70/52758.png","https://img.uefa.com/imgml/TP/teams/logos/240x240/52758.png","252758","BVB","DOMESTIC_MEN_TEAM_A","","DOMESTIC","Allemagne","B. Dortmund","Borussia Dortmund","BVB","1084","MINUTE","14","13","4","92.62","KILOMETER","32.55","KILOMETER_PER_HOUR"
"250064188","50043","33","1992-08-24","20","Vanaken","BEL","ATTACKING_MIDFIELDER","MIDFIELDER","MALE","194","./image/250064188.jpg","Hans Vanaken","MIDFIELDER","20","Vanaken","13","77","Belgique","Milieu","Hans","Vanaken","Hans Vanaken","Vanaken","200013","./assoc/200013_BEL.svg","./logo/50043.png","UEFA","BEL","50043","FAME","Club Brugge","","https://img.uefa.com/imgml/TP/teams/logos/70x70/50043.png","https://img.uefa.com/imgml/TP/teams/logos/240x240/50043.png","250043","BRU","DOMESTIC_MEN_TEAM_A","","DOMESTIC","Belgique","Club Brugge","Club Brugge KV","BRU","1080","MINUTE","12","1","1","141.65","KILOMETER","30.3","KILOMETER_PER_HOUR"
"250092668","52749","27","1997-12-13","17","HANCKO","SVK","CENTRE_BACK","DEFENDER","MALE","","./image/250092668.jpg","Dávid Hancko","DEFENDER","16","Hancko","58836","","Slovaquie","Défenseur","Dávid","Hancko","Dávid Hancko","Hancko","200095","./assoc/200095_NED.svg","./logo/52749.png","UEFA","NED","52749","FAME","Feyenoord","","https://img.uefa.com/imgml/TP/teams/logos/70x70/52749.png","https://img.uefa.com/imgml/TP/teams/logos/240x240/52749.png","252749","FEY","DOMESTIC_MEN_TEAM_A","","DOMESTIC","Pays-Bas","Feyenoord","Feyenoord","FEY","1080","MINUTE","12","1","1","119.86","KILOMETER","32.74","KILOMETER_PER_HOUR"
"250017040","50147","37","1988-02-12","30","Otamendi","ARG","UNKNOWN","DEFENDER","MALE","183","./image/250017040.jpg","Nicolás Otamendi","DEFENDER","19","Otamendi","6","78","Argentine","Défenseur","Nicolás","Otamendi","Nicolás Otamendi","Otamendi","200110","./assoc/200110_POR.svg","./logo/50147.png","UEFA","POR","50147","FAME","Benfica","","https://img.uefa.com/imgml/TP/teams/logos/70x70/50147.png","https://img.uefa.com/imgml/TP/teams/logos/240x240/50147.png","250147","BEN","DOMESTIC_MEN_TEAM_A","","DOMESTIC","Portugal","Benfica","SL Benfica","BEN","1080","MINUTE","12","1","0","116.76","KILOMETER","30.8","KILOMETER_PER_HOUR"
"250134856","52758","25","1999-12-01","4","Schlotterbeck","GER","UNKNOWN","DEFENDER","MALE","","./image/250134856.jpg","Nico Schlotterbeck","DEFENDER","15","Schlotterbeck","47","","Allemagne","Défenseur","Nico","Schlotterbeck","Nico Schlotterbeck","Schlotterbeck","200047","./assoc/200047_GER.svg","./logo/52758.png","UEFA","GER","52758","FAME","B. Dortmund","","https://img.uefa.com/imgml/TP/teams/logos/70x70/52758.png","https://img.uefa.com/imgml/TP/teams/logos/240x240/52758.png","252758","BVB","DOMESTIC_MEN_TEAM_A","","DOMESTIC","Allemagne","B. Dortmund","Borussia Dortmund","BVB","1080","MINUTE","12","0","1","112.03","KILOMETER","32.85","KILOMETER_PER_HOUR"
"250053044","50043","32","1993-01-28","44","Mechele","BEL","CENTRE_BACK","DEFENDER","MALE","188","./image/250053044.jpg","Brandon Mechele","DEFENDER","4","Mechele","13","81","Belgique","Défenseur","Brandon","Mechele","Brandon Mechele","Mechele","200013","./assoc/200013_BEL.svg","./logo/50043.png","UEFA","BEL","50043","FAME","Club Brugge","","https://img.uefa.com/imgml/TP/teams/logos/70x70/50043.png","https://img.uefa.com/imgml/TP/teams/logos/240x240/50043.png","250043","BRU","DOMESTIC_MEN_TEAM_A","","DOMESTIC","Belgique","Club Brugge","Club Brugge KV","BRU","1080","MINUTE","12","0","0","125.59","KILOMETER","32.27","KILOMETER_PER_HOUR"
"98078","50043","37","1988-03-06","22","Mignolet","BEL","GOALKEEPER","GOALKEEPER","MALE","193","./image/98078.jpg","Simon Mignolet","GOALKEEPER","12","Mignolet","13","87","Belgique","Gardien","Simon","Mignolet","Simon Mignolet","Mignolet","200013","./assoc/200013_BEL.svg","./logo/50043.png","UEFA","BEL","50043","FAME","Club Brugge","","https://img.uefa.com/imgml/TP/teams/logos/70x70/50043.png","https://img.uefa.com/imgml/TP/teams/logos/240x240/50043.png","250043","BRU","DOMESTIC_MEN_TEAM_A","","DOMESTIC","Belgique","Club Brugge","Club Brugge KV","BRU","1080","MINUTE","12","0","0","65.12","KILOMETER","27.24","KILOMETER_PER_HOUR"
"250026721","52683","33","1992-09-02","23","Martinez","ARG","GOALKEEPER","GOALKEEPER","MALE","183","./image/250026721.jpg","Emiliano Martínez","GOALKEEPER","23","Martinez","6","89","Argentine","Gardien","Emiliano","Martínez","Emiliano Martínez","E. Martínez","200039","./assoc/200039_ENG.svg","./logo/52683.png","UEFA","ENG","52683","FAME","Aston Villa","","https://img.uefa.com/imgml/TP/teams/logos/70x70/52683.png","https://img.uefa.com/imgml/TP/teams/logos/240x240/52683.png","252683","AVL","DOMESTIC_MEN_TEAM_A","","DOMESTIC","Angleterre","Aston Villa","Aston Villa FC","AVL","1080","MINUTE","12","0","0","61.94","KILOMETER","26.72","KILOMETER_PER_HOUR"
"250113444","50147","24","2001-08-01","1","Trubin","UKR","GOALKEEPER","GOALKEEPER","MALE","","./image/250113444.jpg","Anatoliy Trubin","GOALKEEPER","12","Trubin","57166","","Ukraine","Gardien","Anatoliy","Trubin","Anatoliy Trubin","Trubin","200110","./assoc/200110_POR.svg","./logo/50147.png","UEFA","POR","50147","FAME","Benfica","","https://img.uefa.com/imgml/TP/teams/logos/70x70/50147.png","https://img.uefa.com/imgml/TP/teams/logos/240x240/50147.png","250147","BEN","DOMESTIC_MEN_TEAM_A","","DOMESTIC","Portugal","Benfica","SL Benfica","BEN","1080","MINUTE","12","0","0","55.96","KILOMETER","27.44","KILOMETER_PER_HOUR"
"250123695","50043","24","2000-12-22","55","De Cuyper","BEL","FULL_BACK","MIDFIELDER","MALE","","./image/250123695.jpg","Maxim De Cuyper","MIDFIELDER","5","De Cuyper","13","","Belgique","Milieu","Maxim","De Cuyper","Maxim De Cuyper","De Cuyper","200013","./assoc/200013_BEL.svg","./logo/50043.png","UEFA","BEL","50043","FAME","Club Brugge","","https://img.uefa.com/imgml/TP/teams/logos/70x70/50043.png","https://img.uefa.com/imgml/TP/teams/logos/240x240/50043.png","250043","BRU","DOMESTIC_MEN_TEAM_A","","DOMESTIC","Belgique","Club Brugge","Club Brugge KV","BRU","1079","MINUTE","12","1","0","131.85","KILOMETER","31.33","KILOMETER_PER_HOUR"
"250091199","50138","26","1999-04-13","95","Bastoni","ITA","CENTRE_BACK","DEFENDER","MALE","","./image/250091199.jpg","Alessandro Bastoni","DEFENDER","21","Bastoni","66","","Italie","Défenseur","Alessandro","Bastoni","Alessandro Bastoni","Bastoni","200066","./assoc/200066_ITA.svg","./logo/50138.png","UEFA","ITA","50138","FAME","Inter","","https://img.uefa.com/imgml/TP/teams/logos/70x70/50138.png","https://img.uefa.com/imgml/TP/teams/logos/240x240/50138.png","250138","INT","DOMESTIC_MEN_TEAM_A","","DOMESTIC","Italie","Inter","FC Internazionale Milano","INT","1078","MINUTE","14","0","1","85.51","KILOMETER","32.55","KILOMETER_PER_HOUR"
"250162325","50037","28","1996-11-15","3","Kim","KOR","UNKNOWN","DEFENDER","MALE","","./image/250162325.jpg","Minjae Kim","DEFENDER","4","","74","","République de Corée","Défenseur","Minjae","Kim","Minjae Kim","Kim","200047","./assoc/200047_GER.svg","./logo/50037.png","UEFA","GER","50037","FAME","Bayern München","","https://img.uefa.com/imgml/TP/teams/logos/70x70/50037.png","https://img.uefa.com/imgml/TP/teams/logos/240x240/50037.png","250037","BAY","DOMESTIC_MEN_TEAM_A","","DOMESTIC","Allemagne","Bayern München","FC Bayern München","BAY","1074","MINUTE","13","1","0","126.59","KILOMETER","34.95","KILOMETER_PER_HOUR"
"250176201","50043","21","2004-04-21","4","Ordonez","ECU","UNKNOWN","DEFENDER","MALE","","./image/250176201.jpg","Joel Ordoñez","DEFENDER","","Ordoñez","37","","Équateur","Défenseur","Joel","Ordoñez","Joel Ordoñez","Ordoñez","200013","./assoc/200013_BEL.svg","./logo/50043.png","UEFA","BEL","50043","FAME","Club Brugge","","https://img.uefa.com/imgml/TP/teams/logos/70x70/50043.png","https://img.uefa.com/imgml/TP/teams/logos/240x240/50043.png","250043","BRU","DOMESTIC_MEN_TEAM_A","","DOMESTIC","Belgique","Club Brugge","Club Brugge KV","BRU","1048","MINUTE","12","0","0","112.32","KILOMETER","31.93","KILOMETER_PER_HOUR"
"250064006","52683","28","1997-05-07","8","Tielemans","BEL","CENTRAL_MIDFIELDER","MIDFIELDER","MALE","176","./image/250064006.jpg","Youri Tielemans","MIDFIELDER","8","Tielemans","13","72","Belgique","Milieu","Youri","Tielemans","Youri Tielemans","Tielemans","200039","./assoc/200039_ENG.svg","./logo/52683.png","UEFA","ENG","52683","FAME","Aston Villa","","https://img.uefa.com/imgml/TP/teams/logos/70x70/52683.png","https://img.uefa.com/imgml/TP/teams/logos/240x240/52683.png","252683","AVL","DOMESTIC_MEN_TEAM_A","","DOMESTIC","Angleterre","Aston Villa","Aston Villa FC","AVL","1046","MINUTE","12","2","3","132.56","KILOMETER","31.09","KILOMETER_PER_HOUR"
"250171184","50037","23","2001-12-12","17","Olise","FRA","UNKNOWN","MIDFIELDER","MALE","","./image/250171184.jpg","Michael Olise","MIDFIELDER","11","Olise","43","","France","Milieu","Michael","Olise","Michael Olise","Olise","200047","./assoc/200047_GER.svg","./logo/50037.png","UEFA","GER","50037","FAME","Bayern München","","https://img.uefa.com/imgml/TP/teams/logos/70x70/50037.png","https://img.uefa.com/imgml/TP/teams/logos/240x240/50037.png","250037","BAY","DOMESTIC_MEN_TEAM_A","","DOMESTIC","Allemagne","Bayern München","FC Bayern München","BAY","1033","MINUTE","14","5","1","134.56","KILOMETER","32.8","KILOMETER_PER_HOUR"
"250117513","52683","23","2002-07-26","27","Rogers","ENG","","FORWARD","MALE","","./image/250117513.jpg","Morgan Rogers","FORWARD","19","Rogers","39","","Angleterre","Attaquant","Morgan","Rogers","Morgan Rogers","Rogers","200039","./assoc/200039_ENG.svg","./logo/52683.png","UEFA","ENG","52683","FAME","Aston Villa","","https://img.uefa.com/imgml/TP/teams/logos/70x70/52683.png","https://img.uefa.com/imgml/TP/teams/logos/240x240/52683.png","252683","AVL","DOMESTIC_MEN_TEAM_A","","DOMESTIC","Angleterre","Aston Villa","Aston Villa FC","AVL","1025","MINUTE","12","4","3","130.01","KILOMETER","33.8","KILOMETER_PER_HOUR"
"250101144","50062","32","1993-01-19","44","Benítez","ARG","UNKNOWN","GOALKEEPER","MALE","191","./image/250101144.jpg","Walter Benítez","GOALKEEPER","","BENITEZ","","91","Argentine","Gardien","Walter","Benítez","Walter Benítez","Benítez","200095","./assoc/200095_NED.svg","./logo/50062.png","UEFA","NED","50062","FAME","PSV","","https://img.uefa.com/imgml/TP/teams/logos/70x70/50062.png","https://img.uefa.com/imgml/TP/teams/logos/240x240/50062.png","250062","PSV","DOMESTIC_MEN_TEAM_A","","DOMESTIC","Pays-Bas","PSV","PSV Eindhoven","PSV","1020","MINUTE","11","0","0","50.66","KILOMETER","26.59","KILOMETER_PER_HOUR"
"250083732","52280","26","1999-01-14","41","Rice","ENG","","MIDFIELDER","MALE","","./image/250083732.jpg","Declan Rice","MIDFIELDER","4","Rice","39","","Angleterre","Milieu","Declan","Rice","Declan Rice","Rice","200039","./assoc/200039_ENG.svg","./logo/52280.png","UEFA","ENG","52280","FAME","Arsenal","","https://img.uefa.com/imgml/TP/teams/logos/70x70/52280.png","https://img.uefa.com/imgml/TP/teams/logos/240x240/52280.png","252280","ARS","DOMESTIC_MEN_TEAM_A","","DOMESTIC","Angleterre","Arsenal","Arsenal FC","ARS","1005","MINUTE","13","4","2","133.01","KILOMETER","34.18","KILOMETER_PER_HOUR"
"250113211","50147","24","2000-12-29","10","Orkun Kökcü","TUR","ATTACKING_MIDFIELDER","MIDFIELDER","MALE","","./image/250113211.jpg","Orkun Kökçü","MIDFIELDER","6","ORKUN KÖKÇÜ","135","","Turquie","Milieu","","Orkun Kökçü","Orkun Kökçü","Orkun Kökçü","200110","./assoc/200110_POR.svg","./logo/50147.png","UEFA","POR","50147","FAME","Benfica","","https://img.uefa.com/imgml/TP/teams/logos/70x70/50147.png","https://img.uefa.com/imgml/TP/teams/logos/240x240/50147.png","250147","BEN","DOMESTIC_MEN_TEAM_A","","DOMESTIC","Portugal","Benfica","SL Benfica","BEN","995","MINUTE","12","4","0","120.69","KILOMETER","32.52","KILOMETER_PER_HOUR"
"250066739","50138","28","1997-02-07","23","Barella","ITA","CENTRAL_MIDFIELDER","MIDFIELDER","MALE","","./image/250066739.jpg","Nicolò Barella","MIDFIELDER","18","Barella","66","","Italie","Milieu","Nicolò","Barella","Nicolò Barella","Barella","200066","./assoc/200066_ITA.svg","./logo/50138.png","UEFA","ITA","50138","FAME","Inter","","https://img.uefa.com/imgml/TP/teams/logos/70x70/50138.png","https://img.uefa.com/imgml/TP/teams/logos/240x240/50138.png","250138","INT","DOMESTIC_MEN_TEAM_A","","DOMESTIC","Italie","Inter","FC Internazionale Milano","INT","994","MINUTE","13","0","2","97.36","KILOMETER","32.67","KILOMETER_PER_HOUR"
"250061027","50147","29","1995-12-10","8","Aursnes","NOR","DEFENSIVE_MIDFIELDER","MIDFIELDER","MALE","","./image/250061027.jpg","Fredrik Aursnes","MIDFIELDER","7","Aursnes","101","","Norvège","Milieu","Fredrik","Aursnes","Fredrik Aursnes","Aursnes","200110","./assoc/200110_POR.svg","./logo/50147.png","UEFA","POR","50147","FAME","Benfica","","https://img.uefa.com/imgml/TP/teams/logos/70x70/50147.png","https://img.uefa.com/imgml/TP/teams/logos/240x240/50147.png","250147","BEN","DOMESTIC_MEN_TEAM_A","","DOMESTIC","Portugal","Benfica","SL Benfica","BEN","990","MINUTE","12","0","1","141.83","KILOMETER","32.21","KILOMETER_PER_HOUR"
"250123068","52683","27","1997-10-23","4","Konsa","ENG","","DEFENDER","MALE","","./image/250123068.jpg","Ezri Konsa","DEFENDER","5","Konsa","39","","Angleterre","Défenseur","Ezri","Konsa","Ezri Konsa","Konsa","200039","./assoc/200039_ENG.svg","./logo/52683.png","UEFA","ENG","52683","FAME","Aston Villa","","https://img.uefa.com/imgml/TP/teams/logos/70x70/52683.png","https://img.uefa.com/imgml/TP/teams/logos/240x240/52683.png","252683","AVL","DOMESTIC_MEN_TEAM_A","","DOMESTIC","Angleterre","Aston Villa","Aston Villa FC","AVL","990","MINUTE","11","1","0","108.01","KILOMETER","34.32","KILOMETER_PER_HOUR"
"250079545","50037","26","1998-10-27","2","Upamecano","FRA","CENTRE_BACK","DEFENDER","MALE","185","./image/250079545.jpg","Dayot Upamecano","DEFENDER","4","Upamecano","43","83","France","Défenseur","Dayot","Upamecano","Dayot Upamecano","Upamecano","200047","./assoc/200047_GER.svg","./logo/50037.png","UEFA","GER","50037","FAME","Bayern München","","https://img.uefa.com/imgml/TP/teams/logos/70x70/50037.png","https://img.uefa.com/imgml/TP/teams/logos/240x240/50037.png","250037","BAY","DOMESTIC_MEN_TEAM_A","","DOMESTIC","Allemagne","Bayern München","FC Bayern München","BAY","990","MINUTE","11","0","1","121.34","KILOMETER","34.61","KILOMETER_PER_HOUR"
"250127439","52280","24","2001-03-24","2","Saliba","FRA","CENTRE_BACK","DEFENDER","MALE","","./image/250127439.jpg","William Saliba","DEFENDER","17","Saliba","43","","France","Défenseur","William","Saliba","William Saliba","Saliba","200039","./assoc/200039_ENG.svg","./logo/52280.png","UEFA","ENG","52280","FAME","Arsenal","","https://img.uefa.com/imgml/TP/teams/logos/70x70/52280.png","https://img.uefa.com/imgml/TP/teams/logos/240x240/52280.png","252280","ARS","DOMESTIC_MEN_TEAM_A","","DOMESTIC","Angleterre","Arsenal","Arsenal FC","ARS","990","MINUTE","11","0","0","110.09","KILOMETER","32.99","KILOMETER_PER_HOUR"
"250002096","50080","37","1988-08-21","9","Lewandowski","POL","STRIKER","FORWARD","MALE","184","./image/250002096.jpg","Robert Lewandowski","FORWARD","9","Lewandowski","109","78","Pologne","Attaquant","Robert","Lewandowski","Robert Lewandowski","Lewandowski","200122","./assoc/200122_ESP.svg","./logo/50080.png","UEFA","ESP","50080","FAME","Barcelona","","https://img.uefa.com/imgml/TP/teams/logos/70x70/50080.png","https://img.uefa.com/imgml/TP/teams/logos/240x240/50080.png","250080","BAR","DOMESTIC_MEN_TEAM_A","","DOMESTIC","Espagne","Barcelona","FC Barcelona","BAR","985","MINUTE","13","11","0","92.52","KILOMETER","32.09","KILOMETER_PER_HOUR"
"250176453","50080","18","2007-01-22","5","Cubarsi","ESP","UNKNOWN","DEFENDER","MALE","","./image/250176453.jpg","Pau Cubarsí","DEFENDER","4","CUBARSÍ","122","","Espagne","Défenseur","Pau","Cubarsí","Pau Cubarsí","Cubarsí","200122","./assoc/200122_ESP.svg","./logo/50080.png","UEFA","ESP","50080","FAME","Barcelona","","https://img.uefa.com/imgml/TP/teams/logos/70x70/50080.png","https://img.uefa.com/imgml/TP/teams/logos/240x240/50080.png","250080","BAR","DOMESTIC_MEN_TEAM_A","","DOMESTIC","Espagne","Barcelona","FC Barcelona","BAR","981","MINUTE","13","0","1","94.31","KILOMETER","32.91","KILOMETER_PER_HOUR"
"250112690","50138","29","1996-04-18","2","Dumfries","NED","FULL_BACK","DEFENDER","MALE","","./image/250112690.jpg","Denzel Dumfries","DEFENDER","22","Dumfries","95","","Pays-Bas","Défenseur","Denzel","Dumfries","Denzel Dumfries","Dumfries","200066","./assoc/200066_ITA.svg","./logo/50138.png","UEFA","ITA","50138","FAME","Inter","","https://img.uefa.com/imgml/TP/teams/logos/70x70/50138.png","https://img.uefa.com/imgml/TP/teams/logos/240x240/50138.png","250138","INT","DOMESTIC_MEN_TEAM_A","","DOMESTIC","Italie","Inter","FC Internazionale Milano","INT","974","MINUTE","12","2","3","75.24","KILOMETER","34.5","KILOMETER_PER_HOUR"
"250040471","50080","34","1991-05-17","5","Martinez Berridi","ESP","CENTRE_BACK","DEFENDER","MALE","181","./image/250040471.jpg","Iñigo Martínez","DEFENDER","5","I. Martínez","122","75","Espagne","Défenseur","","Iñigo Martínez","Iñigo Martínez","Iñigo Martínez","200122","./assoc/200122_ESP.svg","./logo/50080.png","UEFA","ESP","50080","FAME","Barcelona","","https://img.uefa.com/imgml/TP/teams/logos/70x70/50080.png","https://img.uefa.com/imgml/TP/teams/logos/240x240/50080.png","250080","BAR","DOMESTIC_MEN_TEAM_A","","DOMESTIC","Espagne","Barcelona","FC Barcelona","BAR","958","MINUTE","11","2","1","101.74","KILOMETER","31.45","KILOMETER_PER_HOUR"
"250092517","52758","27","1997-11-17","26","Ryerson","NOR","","DEFENDER","MALE","","./image/250092517.jpg","Julian Ryerson","DEFENDER","14","Ryerson","101","","Norvège","Défenseur","Julian","Ryerson","Julian Ryerson","Ryerson","200047","./assoc/200047_GER.svg","./logo/52758.png","UEFA","GER","52758","FAME","B. Dortmund","","https://img.uefa.com/imgml/TP/teams/logos/70x70/52758.png","https://img.uefa.com/imgml/TP/teams/logos/240x240/52758.png","252758","BVB","DOMESTIC_MEN_TEAM_A","","DOMESTIC","Allemagne","B. Dortmund","Borussia Dortmund","BVB","956","MINUTE","12","0","0","97.92","KILOMETER","32.76","KILOMETER_PER_HOUR"
"250063980","52749","29","1995-12-03","22","Wellenreuther","GER","UNKNOWN","GOALKEEPER","MALE","186","./image/250063980.jpg","Timon Wellenreuther","GOALKEEPER","12","Wellenreuther","200047","","Allemagne","Gardien","Timon","Wellenreuther","Timon Wellenreuther","Wellenreuther","200095","./assoc/200095_NED.svg","./logo/52749.png","UEFA","NED","52749","FAME","Feyenoord","","https://img.uefa.com/imgml/TP/teams/logos/70x70/52749.png","https://img.uefa.com/imgml/TP/teams/logos/240x240/52749.png","252749","FEY","DOMESTIC_MEN_TEAM_A","","DOMESTIC","Pays-Bas","Feyenoord","Feyenoord","FEY","955","MINUTE","11","0","0","57.88","KILOMETER","26.7","KILOMETER_PER_HOUR"
"250068805","50138","28","1997-08-06","9","Thuram","FRA","WINGER","FORWARD","MALE","","./image/250068805.jpg","Marcus Thuram","FORWARD","9","M. Thuram","43","","France","Attaquant","Marcus","Thuram","Marcus Thuram","M. Thuram","200066","./assoc/200066_ITA.svg","./logo/50138.png","UEFA","ITA","50138","FAME","Inter","","https://img.uefa.com/imgml/TP/teams/logos/70x70/50138.png","https://img.uefa.com/imgml/TP/teams/logos/240x240/50138.png","250138","INT","DOMESTIC_MEN_TEAM_A","","DOMESTIC","Italie","Inter","FC Internazionale Milano","INT","953","MINUTE","14","4","1","81.59","KILOMETER","33.78","KILOMETER_PER_HOUR"
"250171283","50043","23","2002-07-30","30","Jashari","SUI","UNKNOWN","MIDFIELDER","MALE","","./image/250171283.jpg","Ardon Jashari","MIDFIELDER","18","Jashari","128","","Suisse","Milieu","Ardon","Jashari","Ardon Jashari","Jashari","200013","./assoc/200013_BEL.svg","./logo/50043.png","UEFA","BEL","50043","FAME","Club Brugge","","https://img.uefa.com/imgml/TP/teams/logos/70x70/50043.png","https://img.uefa.com/imgml/TP/teams/logos/240x240/50043.png","250043","BRU","DOMESTIC_MEN_TEAM_A","","DOMESTIC","Belgique","Club Brugge","Club Brugge KV","BRU","951","MINUTE","11","0","0","125.29","KILOMETER","32.62","KILOMETER_PER_HOUR"
"250017824","52758","31","1994-01-12","23","Emre Can","GER","DEFENSIVE_MIDFIELDER","DEFENDER","MALE","184","./image/250017824.jpg","Emre Can","MIDFIELDER","23","Can","47","82","Allemagne","Défenseur","Emre","Can","Emre Can","Can","200047","./assoc/200047_GER.svg","./logo/52758.png","UEFA","GER","52758","FAME","B. Dortmund","","https://img.uefa.com/imgml/TP/teams/logos/70x70/52758.png","https://img.uefa.com/imgml/TP/teams/logos/240x240/52758.png","252758","BVB","DOMESTIC_MEN_TEAM_A","","DOMESTIC","Allemagne","B. Dortmund","Borussia Dortmund","BVB","940","MINUTE","12","2","1","90.32","KILOMETER","33.52","KILOMETER_PER_HOUR"
"250124460","50043","23","2002-01-30","8","Tzolis","GRE","WINGER","FORWARD","MALE","","./image/250124460.jpg","Christos Tzolis","FORWARD","10","TZOLIS","49","","Grèce","Attaquant","Christos","Tzolis","Christos Tzolis","Tzolis","200013","./assoc/200013_BEL.svg","./logo/50043.png","UEFA","BEL","50043","FAME","Club Brugge","","https://img.uefa.com/imgml/TP/teams/logos/70x70/50043.png","https://img.uefa.com/imgml/TP/teams/logos/240x240/50043.png","250043","BRU","DOMESTIC_MEN_TEAM_A","","DOMESTIC","Belgique","Club Brugge","Club Brugge KV","BRU","939","MINUTE","12","1","4","116.38","KILOMETER","33.24","KILOMETER_PER_HOUR"
"250135101","50043","24","2001-04-19","15","Onyedika","NGA","UNKNOWN","MIDFIELDER","MALE","","./image/250135101.jpg","Raphael Onyedika","MIDFIELDER","","Onyedika","","","Nigeria","Milieu","Raphael","Onyedika","Raphael Onyedika","Onyedika","200013","./assoc/200013_BEL.svg","./logo/50043.png","UEFA","BEL","50043","FAME","Club Brugge","","https://img.uefa.com/imgml/TP/teams/logos/70x70/50043.png","https://img.uefa.com/imgml/TP/teams/logos/240x240/50043.png","250043","BRU","DOMESTIC_MEN_TEAM_A","","DOMESTIC","Belgique","Club Brugge","Club Brugge KV","BRU","939","MINUTE","11","1","1","118.46","KILOMETER","29.88","KILOMETER_PER_HOUR"
"250134304","52280","24","2001-06-18","11","Martinelli","BRA","WINGER","FORWARD","MALE","","./image/250134304.jpg","Gabriel Martinelli","FORWARD","26","Martinelli","18","","Brésil","Attaquant","Gabriel","Martinelli","Gabriel Martinelli","Martinelli","200039","./assoc/200039_ENG.svg","./logo/52280.png","UEFA","ENG","52280","FAME","Arsenal","","https://img.uefa.com/imgml/TP/teams/logos/70x70/52280.png","https://img.uefa.com/imgml/TP/teams/logos/240x240/52280.png","252280","ARS","DOMESTIC_MEN_TEAM_A","","DOMESTIC","Angleterre","Arsenal","Arsenal FC","ARS","935","MINUTE","13","2","2","113.27","KILOMETER","35.4","KILOMETER_PER_HOUR"
"250012069","50124","32","1993-01-07","13","OBLAK","SVN","GOALKEEPER","GOALKEEPER","MALE","186","./image/250012069.jpg","Jan Oblak","GOALKEEPER","1","Oblak","57163","87","Slovénie","Gardien","Jan","Oblak","Jan Oblak","Oblak","200122","./assoc/200122_ESP.svg","./logo/50124.png","UEFA","ESP","50124","FAME","Atleti","","https://img.uefa.com/imgml/TP/teams/logos/70x70/50124.png","https://img.uefa.com/imgml/TP/teams/logos/240x240/50124.png","250124","ATM","DOMESTIC_MEN_TEAM_A","","DOMESTIC","Espagne","Atleti","Atlético de Madrid","ATM","930","MINUTE","10","0","0","52.54","KILOMETER","24.14","KILOMETER_PER_HOUR"
"250117410","50147","23","2002-05-16","44","Tomás A.","POR","CENTRE_BACK","DEFENDER","MALE","","./image/250117410.jpg","Tomás Araújo","DEFENDER","3","TOMÁS ARAÚJO","110","","Portugal","Défenseur","","Tomás Araújo","Tomás Araújo","Tomás Araújo","200110","./assoc/200110_POR.svg","./logo/50147.png","UEFA","POR","50147","FAME","Benfica","","https://img.uefa.com/imgml/TP/teams/logos/70x70/50147.png","https://img.uefa.com/imgml/TP/teams/logos/240x240/50147.png","250147","BEN","DOMESTIC_MEN_TEAM_A","","DOMESTIC","Portugal","Benfica","SL Benfica","BEN","927","MINUTE","11","0","0","106.51","KILOMETER","35.33","KILOMETER_PER_HOUR"
"250177886","52749","25","2000-06-28","14","Paixão","BRA","UNKNOWN","FORWARD","MALE","","./image/250177886.jpg","Igor Paixão","FORWARD","","Paixão","","","Brésil","Attaquant","Igor","Paixão","Igor Paixão","Paixão","200095","./assoc/200095_NED.svg","./logo/52749.png","UEFA","NED","52749","FAME","Feyenoord","","https://img.uefa.com/imgml/TP/teams/logos/70x70/52749.png","https://img.uefa.com/imgml/TP/teams/logos/240x240/52749.png","252749","FEY","DOMESTIC_MEN_TEAM_A","","DOMESTIC","Pays-Bas","Feyenoord","Feyenoord","FEY","921","MINUTE","11","2","4","116.14","KILOMETER","34.11","KILOMETER_PER_HOUR"
"250029535","52758","34","1991-06-15","13","Groß","GER","UNKNOWN","MIDFIELDER","MALE","","./image/250029535.jpg","Pascal Gross","MIDFIELDER","5","Groß","47","","Allemagne","Milieu","Pascal","Gross","Pascal Gross","Gross","200047","./assoc/200047_GER.svg","./logo/52758.png","UEFA","GER","52758","FAME","B. Dortmund","","https://img.uefa.com/imgml/TP/teams/logos/70x70/52758.png","https://img.uefa.com/imgml/TP/teams/logos/240x240/52758.png","252758","BVB","DOMESTIC_MEN_TEAM_A","","DOMESTIC","Allemagne","B. Dortmund","Borussia Dortmund","BVB","918","MINUTE","13","1","2","106.4","KILOMETER","29.72","KILOMETER_PER_HOUR"
"250068808","50062","27","1997-11-18","18","Boscagli","FRA","CENTRE_BACK","DEFENDER","MALE","181","./image/250068808.jpg","Olivier Boscagli","DEFENDER","3","Boscagli","200043","68","France","Défenseur","Olivier","Boscagli","Olivier Boscagli","Boscagli","200095","./assoc/200095_NED.svg","./logo/50062.png","UEFA","NED","50062","FAME","PSV","","https://img.uefa.com/imgml/TP/teams/logos/70x70/50062.png","https://img.uefa.com/imgml/TP/teams/logos/240x240/50062.png","250062","PSV","DOMESTIC_MEN_TEAM_A","","DOMESTIC","Pays-Bas","PSV","PSV Eindhoven","PSV","913","MINUTE","11","0","0","93.91","KILOMETER","31.28","KILOMETER_PER_HOUR"
"250081921","50138","29","1996-03-28","28","Pavard","FRA","","DEFENDER","MALE","","./image/250081921.jpg","Benjamin Pavard","DEFENDER","15","Pavard","43","","France","Défenseur","Benjamin","Pavard","Benjamin Pavard","Pavard","200066","./assoc/200066_ITA.svg","./logo/50138.png","UEFA","ITA","50138","FAME","Inter","","https://img.uefa.com/imgml/TP/teams/logos/70x70/50138.png","https://img.uefa.com/imgml/TP/teams/logos/240x240/50138.png","250138","INT","DOMESTIC_MEN_TEAM_A","","DOMESTIC","Italie","Inter","FC Internazionale Milano","INT","909","MINUTE","12","1","0","70.62","KILOMETER","31.75","KILOMETER_PER_HOUR"
"250078012","50147","26","1998-11-21","14","Pavlidis","GRE","STRIKER","FORWARD","MALE","","./image/250078012.jpg","Vangelis Pavlidis","FORWARD","14","PAVLIDIS","49","","Grèce","Attaquant","Vangelis","Pavlidis","Vangelis Pavlidis","Pavlidis","200110","./assoc/200110_POR.svg","./logo/50147.png","UEFA","POR","50147","FAME","Benfica","","https://img.uefa.com/imgml/TP/teams/logos/70x70/50147.png","https://img.uefa.com/imgml/TP/teams/logos/240x240/50147.png","250147","BEN","DOMESTIC_MEN_TEAM_A","","DOMESTIC","Portugal","Benfica","SL Benfica","BEN","905","MINUTE","12","7","2","115.3","KILOMETER","32.91","KILOMETER_PER_HOUR"
"250005343","50062","35","1990-08-27","26","De Jong","NED","STRIKER","FORWARD","MALE","188","./image/250005343.jpg","Luuk de Jong","FORWARD","9","L. de Jong","95","80","Pays-Bas","Attaquant","Luuk","de Jong","Luuk de Jong","L. de Jong","200095","./assoc/200095_NED.svg","./logo/50062.png","UEFA","NED","50062","FAME","PSV","","https://img.uefa.com/imgml/TP/teams/logos/70x70/50062.png","https://img.uefa.com/imgml/TP/teams/logos/240x240/50062.png","250062","PSV","DOMESTIC_MEN_TEAM_A","","DOMESTIC","Pays-Bas","PSV","PSV Eindhoven","PSV","905","MINUTE","12","2","1","98.46","KILOMETER","29.47","KILOMETER_PER_HOUR"
"250153945","50147","22","2003-03-23","18","Á. CARRERAS","ESP","UNKNOWN","DEFENDER","MALE","","./image/250153945.jpg","Alvaro Carreras","DEFENDER","15","A. CARRERAS","200122","","Espagne","Défenseur","Alvaro","Carreras","Alvaro Carreras","Carreras","200110","./assoc/200110_POR.svg","./logo/50147.png","UEFA","POR","50147","FAME","Benfica","","https://img.uefa.com/imgml/TP/teams/logos/70x70/50147.png","https://img.uefa.com/imgml/TP/teams/logos/240x240/50147.png","250147","BEN","DOMESTIC_MEN_TEAM_A","","DOMESTIC","Portugal","Benfica","SL Benfica","BEN","900","MINUTE","10","0","2","108.03","KILOMETER","33.31","KILOMETER_PER_HOUR"
"250188247","75797","26","1999-08-09","4","ALEXSANDRO R.","BRA","UNKNOWN","DEFENDER","MALE","","./image/250188247.jpg","Alexsandro","DEFENDER","","ALEXSANDRO R.","","","Brésil","Défenseur","","Alexsandro","Alexsandro","Alexsandro","200043","./assoc/200043_FRA.svg","./logo/75797.png","UEFA","FRA","75797","FAME","Lille","","https://img.uefa.com/imgml/TP/teams/logos/70x70/75797.png","https://img.uefa.com/imgml/TP/teams/logos/240x240/75797.png","275797","LIL","DOMESTIC_MEN_TEAM_A","","DOMESTIC","France","Lille","LOSC Lille","LIL","900","MINUTE","10","0","1","93.01","KILOMETER","32.9","KILOMETER_PER_HOUR"
"250014042","50050","32","1993-06-14","42","McGregor","SCO","WINGER","MIDFIELDER","MALE","180","./image/250014042.jpg","Callum McGregor","MIDFIELDER","8","McGregor","117","73","Écosse","Milieu","Callum","McGregor","Callum McGregor","McGregor","200117","./assoc/200117_SCO.svg","./logo/50050.png","UEFA","SCO","50050","FAME","Celtic","","https://img.uefa.com/imgml/TP/teams/logos/70x70/50050.png","https://img.uefa.com/imgml/TP/teams/logos/240x240/50050.png","250050","CEL","DOMESTIC_MEN_TEAM_A","","DOMESTIC","Écosse","Celtic","Celtic FC","CEL","900","MINUTE","10","0","0","128.54","KILOMETER","32.48","KILOMETER_PER_HOUR"
"250055660","50109","29","1996-02-11","4","Tah","GER","CENTRE_BACK","DEFENDER","MALE","192","./image/250055660.jpg","Jonathan Tah","DEFENDER","4","Tah","47","92","Allemagne","Défenseur","Jonathan","Tah","Jonathan Tah","Tah","200047","./assoc/200047_GER.svg","./logo/50109.png","UEFA","GER","50109","FAME","Leverkusen","","https://img.uefa.com/imgml/TP/teams/logos/70x70/50109.png","https://img.uefa.com/imgml/TP/teams/logos/240x240/50109.png","250109","LEV","DOMESTIC_MEN_TEAM_A","","DOMESTIC","Allemagne","Leverkusen","Bayer 04 Leverkusen","LEV","900","MINUTE","10","0","0","106.1","KILOMETER","33.8","KILOMETER_PER_HOUR"
"74954","50050","38","1986-11-05","1","Schmeichel","DEN","GOALKEEPER","GOALKEEPER","MALE","185","./image/74954.jpg","Kasper Schmeichel","GOALKEEPER","1","Schmeichel","35","76","Danemark","Gardien","Kasper","Schmeichel","Kasper Schmeichel","Schmeichel","200117","./assoc/200117_SCO.svg","./logo/50050.png","UEFA","SCO","50050","FAME","Celtic","","https://img.uefa.com/imgml/TP/teams/logos/70x70/50050.png","https://img.uefa.com/imgml/TP/teams/logos/240x240/50050.png","250050","CEL","DOMESTIC_MEN_TEAM_A","","DOMESTIC","Écosse","Celtic","Celtic FC","CEL","900","MINUTE","10","0","0","48.08","KILOMETER","23.98","KILOMETER_PER_HOUR"
"250135068","75797","23","2001-11-06","30","CHEVALIER","FRA","GOALKEEPER","GOALKEEPER","MALE","","./image/250135068.jpg","Lucas Chevalier","GOALKEEPER","23","Chevalier","43","","France","Gardien","Lucas","Chevalier","Lucas Chevalier","Chevalier","200043","./assoc/200043_FRA.svg","./logo/75797.png","UEFA","FRA","75797","FAME","Lille","","https://img.uefa.com/imgml/TP/teams/logos/70x70/75797.png","https://img.uefa.com/imgml/TP/teams/logos/240x240/75797.png","275797","LIL","DOMESTIC_MEN_TEAM_A","","DOMESTIC","France","Lille","LOSC Lille","LIL","900","MINUTE","10","0","0","43.13","KILOMETER","32.8","KILOMETER_PER_HOUR"
"250086316","52280","32","1993-06-13","16","T. Partey","GHA","DEFENSIVE_MIDFIELDER","MIDFIELDER","MALE","185","./image/250086316.jpg","Thomas Partey","MIDFIELDER","5","Partey","48","73","Ghana","Milieu","Thomas","Partey","Thomas Partey","Partey","200039","./assoc/200039_ENG.svg","./logo/52280.png","UEFA","ENG","52280","FAME","Arsenal","","https://img.uefa.com/imgml/TP/teams/logos/70x70/52280.png","https://img.uefa.com/imgml/TP/teams/logos/240x240/52280.png","252280","ARS","DOMESTIC_MEN_TEAM_A","","DOMESTIC","Angleterre","Arsenal","Arsenal FC","ARS","899","MINUTE","12","0","0","109.04","KILOMETER","33.86","KILOMETER_PER_HOUR"
"250112803","50051","30","1995-06-08","23","F. MENDY","FRA","FULL_BACK","DEFENDER","MALE","","./image/250112803.jpg","Ferland Mendy","DEFENDER","3","Mendy","43","","France","Défenseur","Ferland","Mendy","Ferland Mendy","Mendy","200122","./assoc/200122_ESP.svg","./logo/50051.png","UEFA","ESP","50051","FAME","Real Madrid","","https://img.uefa.com/imgml/TP/teams/logos/70x70/50051.png","https://img.uefa.com/imgml/TP/teams/logos/240x240/50051.png","250051","RMA","DOMESTIC_MEN_TEAM_A","","DOMESTIC","Espagne","Real Madrid","Real Madrid C.F.","RMA","888","MINUTE","11","0","1","95.09","KILOMETER","33.85","KILOMETER_PER_HOUR"
"250046522","52758","29","1996-05-02","10","Brandt","GER","WINGER","MIDFIELDER","MALE","176","./image/250046522.jpg","Julian Brandt","MIDFIELDER","14","Brandt","47","82","Allemagne","Milieu","Julian","Brandt","Julian Brandt","Brandt","200047","./assoc/200047_GER.svg","./logo/52758.png","UEFA","GER","52758","FAME","B. Dortmund","","https://img.uefa.com/imgml/TP/teams/logos/70x70/52758.png","https://img.uefa.com/imgml/TP/teams/logos/240x240/52758.png","252758","BVB","DOMESTIC_MEN_TEAM_A","","DOMESTIC","Allemagne","B. Dortmund","Borussia Dortmund","BVB","884","MINUTE","13","0","4","91.05","KILOMETER","33.71","KILOMETER_PER_HOUR"
"250132829","50051","24","2001-01-09","11","RODRYGO","BRA","WINGER","FORWARD","MALE","","./image/250132829.jpg","Rodrygo","MIDFIELDER","10","Rodrygo","18","","Brésil","Attaquant","","Rodrygo","Rodrygo","Rodrygo","200122","./assoc/200122_ESP.svg","./logo/50051.png","UEFA","ESP","50051","FAME","Real Madrid","","https://img.uefa.com/imgml/TP/teams/logos/70x70/50051.png","https://img.uefa.com/imgml/TP/teams/logos/240x240/50051.png","250051","RMA","DOMESTIC_MEN_TEAM_A","","DOMESTIC","Espagne","Real Madrid","Real Madrid C.F.","RMA","880","MINUTE","12","5","2","102.92","KILOMETER","33.94","KILOMETER_PER_HOUR"
"250014709","52816","34","1991-03-29","15","de Roon","NED","CENTRAL_MIDFIELDER","MIDFIELDER","MALE","185","./image/250014709.jpg","Marten de Roon","MIDFIELDER","15","de Roon","95","76","Pays-Bas","Milieu","Marten","de Roon","Marten de Roon","De Roon","200066","./assoc/200066_ITA.svg","./logo/52816.png","UEFA","ITA","52816","FAME","Atalanta","","https://img.uefa.com/imgml/TP/teams/logos/70x70/52816.png","https://img.uefa.com/imgml/TP/teams/logos/240x240/52816.png","252816","ATA","DOMESTIC_MEN_TEAM_A","","DOMESTIC","Italie","Atalanta","Atalanta BC","ATA","874","MINUTE","10","0","1","112.02","KILOMETER","33.14","KILOMETER_PER_HOUR"
"250042422","50109","30","1995-09-20","20","Grimaldo","ESP","FULL_BACK","DEFENDER","MALE","170","./image/250042422.jpg","Alejandro Grimaldo","DEFENDER","17","GRIMALDO","122","64","Espagne","Défenseur","Alejandro","Grimaldo","Alejandro Grimaldo","Grimaldo","200047","./assoc/200047_GER.svg","./logo/50109.png","UEFA","GER","50109","FAME","Leverkusen","","https://img.uefa.com/imgml/TP/teams/logos/70x70/50109.png","https://img.uefa.com/imgml/TP/teams/logos/240x240/50109.png","250109","LEV","DOMESTIC_MEN_TEAM_A","","DOMESTIC","Allemagne","Leverkusen","Bayer 04 Leverkusen","LEV","871","MINUTE","10","2","2","112.22","KILOMETER","32.38","KILOMETER_PER_HOUR"
"250121294","50058","27","1998-07-29","4","Reijnders","NED","CENTRAL_MIDFIELDER","MIDFIELDER","MALE","","./image/250121294.jpg","Tijjani Reijnders","MIDFIELDER","14","Reijnders","95","","Pays-Bas","Milieu","Tijjani","Reijnders","Tijjani Reijnders","Reijnders","200066","./assoc/200066_ITA.svg","./logo/50058.png","UEFA","ITA","50058","FAME","Milan","","https://img.uefa.com/imgml/TP/teams/logos/70x70/50058.png","https://img.uefa.com/imgml/TP/teams/logos/240x240/50058.png","250058","MIL","DOMESTIC_MEN_TEAM_A","","DOMESTIC","Italie","Milan","AC Milan","MIL","870","MINUTE","10","3","0","111.27","KILOMETER","33.79","KILOMETER_PER_HOUR"
"250124430","50037","22","2003-02-26","10","Musiala","GER","UNKNOWN","MIDFIELDER","MALE","","./image/250124430.jpg","Jamal Musiala","MIDFIELDER","10","Musiala","47","","Allemagne","Milieu","Jamal","Musiala","Jamal Musiala","Musiala","200047","./assoc/200047_GER.svg","./logo/50037.png","UEFA","GER","50037","FAME","Bayern München","","https://img.uefa.com/imgml/TP/teams/logos/70x70/50037.png","https://img.uefa.com/imgml/TP/teams/logos/240x240/50037.png","250037","BAY","DOMESTIC_MEN_TEAM_A","","DOMESTIC","Allemagne","Bayern München","FC Bayern München","BAY","866","MINUTE","12","3","4","108.02","KILOMETER","34.06","KILOMETER_PER_HOUR"
"250076126","50058","28","1997-10-06","19","THEO","FRA","FULL_BACK","DEFENDER","MALE","184","./image/250076126.jpg","Theo Hernández","DEFENDER","22","T. Hernandez","43","70","France","Défenseur","Theo","Hernández","Theo Hernández","T. Hernández","200066","./assoc/200066_ITA.svg","./logo/50058.png","UEFA","ITA","50058","FAME","Milan","","https://img.uefa.com/imgml/TP/teams/logos/70x70/50058.png","https://img.uefa.com/imgml/TP/teams/logos/240x240/50058.png","250058","MIL","DOMESTIC_MEN_TEAM_A","","DOMESTIC","Italie","Milan","AC Milan","MIL","861","MINUTE","10","0","0","99.82","KILOMETER","34.79","KILOMETER_PER_HOUR"
"250042780","50058","30","1995-07-03","16","M. MAIGNAN","FRA","GOALKEEPER","GOALKEEPER","MALE","187","./image/250042780.jpg","Mike Maignan","GOALKEEPER","16","Maignan","43","80","France","Gardien","Mike","Maignan","Mike Maignan","Maignan","200066","./assoc/200066_ITA.svg","./logo/50058.png","UEFA","ITA","50058","FAME","Milan","","https://img.uefa.com/imgml/TP/teams/logos/70x70/50058.png","https://img.uefa.com/imgml/TP/teams/logos/240x240/50058.png","250058","MIL","DOMESTIC_MEN_TEAM_A","","DOMESTIC","Italie","Milan","AC Milan","MIL","861","MINUTE","10","0","0","52.36","KILOMETER","30.26","KILOMETER_PER_HOUR"
"250130406","50062","22","2003-04-20","11","Bakayoko","BEL","UNKNOWN","FORWARD","MALE","","./image/250130406.jpg","Johan Bakayoko","FORWARD","19","Bakayoko","13","","Belgique","Attaquant","Johan","Bakayoko","Johan Bakayoko","Bakayoko","200095","./assoc/200095_NED.svg","./logo/50062.png","UEFA","NED","50062","FAME","PSV","","https://img.uefa.com/imgml/TP/teams/logos/70x70/50062.png","https://img.uefa.com/imgml/TP/teams/logos/240x240/50062.png","250062","PSV","DOMESTIC_MEN_TEAM_A","","DOMESTIC","Pays-Bas","PSV","PSV Eindhoven","PSV","860","MINUTE","12","2","1","99.81","KILOMETER","34.52","KILOMETER_PER_HOUR"
"250189506","50062","22","2002-12-31","6","Flamingo","NED","UNKNOWN","DEFENDER","MALE","","./image/250189506.jpg","Ryan Flamingo","DEFENDER","3","Flamingo","200095","","Pays-Bas","Défenseur","Ryan","Flamingo","Ryan Flamingo","Flamingo","200095","./assoc/200095_NED.svg","./logo/50062.png","UEFA","NED","50062","FAME","PSV","","https://img.uefa.com/imgml/TP/teams/logos/70x70/50062.png","https://img.uefa.com/imgml/TP/teams/logos/240x240/50062.png","250062","PSV","DOMESTIC_MEN_TEAM_A","","DOMESTIC","Pays-Bas","PSV","PSV Eindhoven","PSV","858","MINUTE","11","3","0","92.39","KILOMETER","32.14","KILOMETER_PER_HOUR"
"250118281","50138","28","1997-08-22","10","Lautaro","ARG","STRIKER","FORWARD","MALE","","./image/250118281.jpg","Lautaro Martínez","FORWARD","22","L. Martínez","6","","Argentine","Attaquant","Lautaro","Martínez","Lautaro Martínez","L. Martínez","200066","./assoc/200066_ITA.svg","./logo/50138.png","UEFA","ITA","50138","FAME","Inter","","https://img.uefa.com/imgml/TP/teams/logos/70x70/50138.png","https://img.uefa.com/imgml/TP/teams/logos/240x240/50138.png","250138","INT","DOMESTIC_MEN_TEAM_A","","DOMESTIC","Italie","Inter","FC Internazionale Milano","INT","857","MINUTE","14","9","0","60.03","KILOMETER","32.31","KILOMETER_PER_HOUR"
"250173126","50043","26","1999-02-01","9","JUTGLÀ","ESP","STRIKER","FORWARD","MALE","","./image/250173126.jpg","Ferran Jutglà","FORWARD","","Jutglà","","","Espagne","Attaquant","Ferran","Jutglà","Ferran Jutglà","Jutglà","200013","./assoc/200013_BEL.svg","./logo/50043.png","UEFA","BEL","50043","FAME","Club Brugge","","https://img.uefa.com/imgml/TP/teams/logos/70x70/50043.png","https://img.uefa.com/imgml/TP/teams/logos/240x240/50043.png","250043","BRU","DOMESTIC_MEN_TEAM_A","","DOMESTIC","Belgique","Club Brugge","Club Brugge KV","BRU","857","MINUTE","12","2","2","108.48","KILOMETER","32.92","KILOMETER_PER_HOUR"
"98023","50138","36","1989-01-21","22","Mkhitaryan","ARM","ATTACKING_MIDFIELDER","MIDFIELDER","MALE","178","./image/98023.jpg","Henrikh Mkhitaryan","MIDFIELDER","18","Mkhitaryan","57419","72","Arménie","Milieu","Henrikh","Mkhitaryan","Henrikh Mkhitaryan","Mkhitaryan","200066","./assoc/200066_ITA.svg","./logo/50138.png","UEFA","ITA","50138","FAME","Inter","","https://img.uefa.com/imgml/TP/teams/logos/70x70/50138.png","https://img.uefa.com/imgml/TP/teams/logos/240x240/50138.png","250138","INT","DOMESTIC_MEN_TEAM_A","","DOMESTIC","Italie","Inter","FC Internazionale Milano","INT","856","MINUTE","13","0","1","81.05","KILOMETER","32.7","KILOMETER_PER_HOUR"
"250055663","50023","29","1996-09-21","5","KEHRER","GER","CENTRAL_MIDFIELDER","DEFENDER","MALE","186","./image/250055663.jpg","Thilo Kehrer","DEFENDER","15","Kehrer","47","72","Allemagne","Défenseur","Thilo","Kehrer","Thilo Kehrer","Kehrer","200043","./assoc/200043_FRA.svg","./logo/50023.png","UEFA","FRA","50023","FAME","Monaco","","https://img.uefa.com/imgml/TP/teams/logos/70x70/50023.png","https://img.uefa.com/imgml/TP/teams/logos/240x240/50023.png","250023","MON","DOMESTIC_MEN_TEAM_A","","DOMESTIC","France","Monaco","AS Monaco","MON","855","MINUTE","10","1","2","87.61","KILOMETER","32.48","KILOMETER_PER_HOUR"
"250106709","75797","24","2001-01-06","18","DIAKITÉ","FRA","UNKNOWN","DEFENDER","MALE","","./image/250106709.jpg","Bafodé Diakité","DEFENDER","18","DIAKITÉ","200043","","France","Défenseur","Bafodé","Diakité","Bafodé Diakité","Diakité","200043","./assoc/200043_FRA.svg","./logo/75797.png","UEFA","FRA","75797","FAME","Lille","","https://img.uefa.com/imgml/TP/teams/logos/70x70/75797.png","https://img.uefa.com/imgml/TP/teams/logos/240x240/75797.png","275797","LIL","DOMESTIC_MEN_TEAM_A","","DOMESTIC","France","Lille","LOSC Lille","LIL","855","MINUTE","10","0","0","87.92","KILOMETER","32.09","KILOMETER_PER_HOUR"
"250146674","50147","26","1998-10-21","9","AKTÜRKOĞLU","TUR","UNKNOWN","FORWARD","MALE","","./image/250146674.jpg","Kerem Aktürkoğlu","FORWARD","7","AKTÜRKOĞLU","135","","Turquie","Attaquant","","Kerem Aktürkoğlu","Kerem Aktürkoğlu","Kerem Aktürkoğlu","200110","./assoc/200110_POR.svg","./logo/50147.png","UEFA","POR","50147","FAME","Benfica","","https://img.uefa.com/imgml/TP/teams/logos/70x70/50147.png","https://img.uefa.com/imgml/TP/teams/logos/240x240/50147.png","250147","BEN","DOMESTIC_MEN_TEAM_A","","DOMESTIC","Portugal","Benfica","SL Benfica","BEN","853","MINUTE","12","4","0","107.3","KILOMETER","32.91","KILOMETER_PER_HOUR"
"250101728","52280","24","2001-06-17","12","J.Timber","NED","FULL_BACK","DEFENDER","MALE","","./image/250101728.jpg","Jurriën Timber","DEFENDER","3","J.Timber","95","","Pays-Bas","Défenseur","Jurriën","Timber","Jurriën Timber","Timber","200039","./assoc/200039_ENG.svg","./logo/52280.png","UEFA","ENG","52280","FAME","Arsenal","","https://img.uefa.com/imgml/TP/teams/logos/70x70/52280.png","https://img.uefa.com/imgml/TP/teams/logos/240x240/52280.png","252280","ARS","DOMESTIC_MEN_TEAM_A","","DOMESTIC","Angleterre","Arsenal","Arsenal FC","ARS","852","MINUTE","13","1","1","92.45","KILOMETER","33.35","KILOMETER_PER_HOUR"
"250153402","52758","21","2004-08-08","11","Gittens","ENG","UNKNOWN","MIDFIELDER","MALE","","./image/250153402.jpg","Jamie Gittens","FORWARD","11","Gittens","200039","","Angleterre","Milieu","Jamie","Gittens","Jamie Gittens","Gittens","200047","./assoc/200047_GER.svg","./logo/52758.png","UEFA","GER","52758","FAME","B. Dortmund","","https://img.uefa.com/imgml/TP/teams/logos/70x70/52758.png","https://img.uefa.com/imgml/TP/teams/logos/240x240/52758.png","252758","BVB","DOMESTIC_MEN_TEAM_A","","DOMESTIC","Allemagne","B. Dortmund","Borussia Dortmund","BVB","848","MINUTE","14","4","0","91.15","KILOMETER","34.86","KILOMETER_PER_HOUR"
"250024349","52758","31","1994-03-17","20","Sabitzer","AUT","ATTACKING_MIDFIELDER","MIDFIELDER","MALE","177","./image/250024349.jpg","Marcel Sabitzer","MIDFIELDER","9","Sabitzer","8","74","Autriche","Milieu","Marcel","Sabitzer","Marcel Sabitzer","Sabitzer","200047","./assoc/200047_GER.svg","./logo/52758.png","UEFA","GER","52758","FAME","B. Dortmund","","https://img.uefa.com/imgml/TP/teams/logos/70x70/52758.png","https://img.uefa.com/imgml/TP/teams/logos/240x240/52758.png","252758","BVB","DOMESTIC_MEN_TEAM_A","","DOMESTIC","Allemagne","B. Dortmund","Borussia Dortmund","BVB","845","MINUTE","11","0","0","100.46","KILOMETER","32.41","KILOMETER_PER_HOUR"
"50327420","7889","34","1991-07-08","4","Virgil","NED","CENTRE_BACK","DEFENDER","MALE","193","./image/50327420.jpg","Virgil van Dijk","DEFENDER","4","Virgil","95","92","Pays-Bas","Défenseur","Virgil","van Dijk","Virgil van Dijk","Van Dijk","200039","./assoc/200039_ENG.svg","./logo/7889.png","UEFA","ENG","7889","FAME","Liverpool","","https://img.uefa.com/imgml/TP/teams/logos/70x70/7889.png","https://img.uefa.com/imgml/TP/teams/logos/240x240/7889.png","207889","LIV","DOMESTIC_MEN_TEAM_A","","DOMESTIC","Angleterre","Liverpool","Liverpool FC","LIV","840","MINUTE","9","1","0","87.49","KILOMETER","34.92","KILOMETER_PER_HOUR"
"250041771","50037","30","1995-02-06","8","Goretzka","GER","CENTRAL_MIDFIELDER","MIDFIELDER","MALE","189","./image/250041771.jpg","Leon Goretzka","MIDFIELDER","8","Goretzka","47","79","Allemagne","Milieu","Leon","Goretzka","Leon Goretzka","Goretzka","200047","./assoc/200047_GER.svg","./logo/50037.png","UEFA","GER","50037","FAME","Bayern München","","https://img.uefa.com/imgml/TP/teams/logos/70x70/50037.png","https://img.uefa.com/imgml/TP/teams/logos/240x240/50037.png","250037","BAY","DOMESTIC_MEN_TEAM_A","","DOMESTIC","Allemagne","Bayern München","FC Bayern München","BAY","839","MINUTE","12","1","1","106.98","KILOMETER","32.17","KILOMETER_PER_HOUR"
"250181680","50050","27","1998-10-08","2","Johnston","CAN","UNKNOWN","DEFENDER","MALE","","./image/250181680.jpg","Alistair Johnston","DEFENDER","2","Johnston","24","","Canada","Défenseur","Alistair","Johnston","Alistair Johnston","A. Johnston","200117","./assoc/200117_SCO.svg","./logo/50050.png","UEFA","SCO","50050","FAME","Celtic","","https://img.uefa.com/imgml/TP/teams/logos/70x70/50050.png","https://img.uefa.com/imgml/TP/teams/logos/240x240/50050.png","250050","CEL","DOMESTIC_MEN_TEAM_A","","DOMESTIC","Écosse","Celtic","Celtic FC","CEL","838","MINUTE","10","0","0","100.27","KILOMETER","34.57","KILOMETER_PER_HOUR"
"250022829","50138","31","1994-02-08","20","Çalhanoğlu","TUR","ATTACKING_MIDFIELDER","MIDFIELDER","MALE","176","./image/250022829.jpg","Hakan Çalhanoğlu","MIDFIELDER","10","ÇALHANOĞLU","135","76","Turquie","Milieu","","Hakan Çalhanoğlu","Hakan Çalhanoğlu","Hakan Çalhanoğlu","200066","./assoc/200066_ITA.svg","./logo/50138.png","UEFA","ITA","50138","FAME","Inter","","https://img.uefa.com/imgml/TP/teams/logos/70x70/50138.png","https://img.uefa.com/imgml/TP/teams/logos/240x240/50138.png","250138","INT","DOMESTIC_MEN_TEAM_A","","DOMESTIC","Italie","Inter","FC Internazionale Milano","INT","835","MINUTE","12","4","2","87.59","KILOMETER","33.63","KILOMETER_PER_HOUR"
"250122213","50062","26","1999-05-06","17","MAURO","BRA","ATTACKING_MIDFIELDER","DEFENDER","MALE","","./image/250122213.jpg","Mauro Júnior","MIDFIELDER","","Mauro jr","","","Brésil","Défenseur","","Mauro Júnior","Mauro Júnior","Mauro Júnior","200095","./assoc/200095_NED.svg","./logo/50062.png","UEFA","NED","50062","FAME","PSV","","https://img.uefa.com/imgml/TP/teams/logos/70x70/50062.png","https://img.uefa.com/imgml/TP/teams/logos/240x240/50062.png","250062","PSV","DOMESTIC_MEN_TEAM_A","","DOMESTIC","Pays-Bas","PSV","PSV Eindhoven","PSV","829","MINUTE","10","0","1","90.62","KILOMETER","34.09","KILOMETER_PER_HOUR"
"250187221","52749","24","2001-06-11","3","Beelen","NED","UNKNOWN","DEFENDER","MALE","","./image/250187221.jpg","Thomas Beelen","DEFENDER","","Beelen","","","Pays-Bas","Défenseur","Thomas","Beelen","Thomas Beelen","Beelen","200095","./assoc/200095_NED.svg","./logo/52749.png","UEFA","NED","52749","FAME","Feyenoord","","https://img.uefa.com/imgml/TP/teams/logos/70x70/52749.png","https://img.uefa.com/imgml/TP/teams/logos/240x240/52749.png","252749","FEY","DOMESTIC_MEN_TEAM_A","","DOMESTIC","Pays-Bas","Feyenoord","Feyenoord","FEY","827","MINUTE","12","0","0","97.42","KILOMETER","32.97","KILOMETER_PER_HOUR"
"97923","50037","39","1986-03-27","1","Neuer","GER","GOALKEEPER","GOALKEEPER","MALE","193","./image/97923.jpg","Manuel Neuer","GOALKEEPER","1","Neuer","47","92","Allemagne","Gardien","Manuel","Neuer","Manuel Neuer","Neuer","200047","./assoc/200047_GER.svg","./logo/50037.png","UEFA","GER","50037","FAME","Bayern München","","https://img.uefa.com/imgml/TP/teams/logos/70x70/50037.png","https://img.uefa.com/imgml/TP/teams/logos/240x240/50037.png","250037","BAY","DOMESTIC_MEN_TEAM_A","","DOMESTIC","Allemagne","Bayern München","FC Bayern München","BAY","823","MINUTE","10","0","0","58.01","KILOMETER","25.59","KILOMETER_PER_HOUR"
"250004721","50109","33","1992-09-27","34","Xhaka","SUI","CENTRAL_MIDFIELDER","MIDFIELDER","MALE","185","./image/250004721.jpg","Granit Xhaka","MIDFIELDER","10","Xhaka","128","82","Suisse","Milieu","Granit","Xhaka","Granit Xhaka","Xhaka","200047","./assoc/200047_GER.svg","./logo/50109.png","UEFA","GER","50109","FAME","Leverkusen","","https://img.uefa.com/imgml/TP/teams/logos/70x70/50109.png","https://img.uefa.com/imgml/TP/teams/logos/240x240/50109.png","250109","LEV","DOMESTIC_MEN_TEAM_A","","DOMESTIC","Allemagne","Leverkusen","Bayer 04 Leverkusen","LEV","819","MINUTE","10","0","0","105.72","KILOMETER","31.34","KILOMETER_PER_HOUR"
"250080572","52280","29","1996-06-22","23","Merino","ESP","CENTRAL_MIDFIELDER","MIDFIELDER","MALE","","./image/250080572.jpg","Mikel Merino","MIDFIELDER","6","MERINO","122","","Espagne","Milieu","Mikel","Merino","Mikel Merino","Merino","200039","./assoc/200039_ENG.svg","./logo/52280.png","UEFA","ENG","52280","FAME","Arsenal","","https://img.uefa.com/imgml/TP/teams/logos/70x70/52280.png","https://img.uefa.com/imgml/TP/teams/logos/240x240/52280.png","252280","ARS","DOMESTIC_MEN_TEAM_A","","DOMESTIC","Angleterre","Arsenal","Arsenal FC","ARS","818","MINUTE","12","2","4","113.62","KILOMETER","28.8","KILOMETER_PER_HOUR"
"250200308","50050","27","1998-08-12","6","Trusty","USA","UNKNOWN","DEFENDER","MALE","","./image/250200308.jpg","Auston Trusty","DEFENDER","","Trusty","","","Etats-Unis","Défenseur","Auston","Trusty","Auston Trusty","Trusty","200117","./assoc/200117_SCO.svg","./logo/50050.png","UEFA","SCO","50050","FAME","Celtic","","https://img.uefa.com/imgml/TP/teams/logos/70x70/50050.png","https://img.uefa.com/imgml/TP/teams/logos/240x240/50050.png","250050","CEL","DOMESTIC_MEN_TEAM_A","","DOMESTIC","Écosse","Celtic","Celtic FC","CEL","816","MINUTE","10","0","0","96.99","KILOMETER","33.21","KILOMETER_PER_HOUR"
"250127284","52919","23","2002-01-23","24","Gvardiol","CRO","CENTRE_BACK","DEFENDER","MALE","","./image/250127284.jpg","Joško Gvardiol","DEFENDER","4","Gvardiol","56370","","Croatie","Défenseur","Joško","Gvardiol","Joško Gvardiol","Gvardiol","200039","./assoc/200039_ENG.svg","./logo/52919.png","UEFA","ENG","52919","FAME","Man City","","https://img.uefa.com/imgml/TP/teams/logos/70x70/52919.png","https://img.uefa.com/imgml/TP/teams/logos/240x240/52919.png","252919","MCI","DOMESTIC_MEN_TEAM_A","","DOMESTIC","Angleterre","Man City","Manchester City","MCI","815","MINUTE","10","0","2","98.93","KILOMETER","34.78","KILOMETER_PER_HOUR"
"250025791","75797","35","1990-08-03","21","ANDRE","FRA","CENTRAL_MIDFIELDER","MIDFIELDER","MALE","","./image/250025791.jpg","Benjamin André","MIDFIELDER","","Andre","200043","","France","Milieu","Benjamin","André","Benjamin André","André","200043","./assoc/200043_FRA.svg","./logo/75797.png","UEFA","FRA","75797","FAME","Lille","","https://img.uefa.com/imgml/TP/teams/logos/70x70/75797.png","https://img.uefa.com/imgml/TP/teams/logos/240x240/75797.png","275797","LIL","DOMESTIC_MEN_TEAM_A","","DOMESTIC","France","Lille","LOSC Lille","LIL","810","MINUTE","9","0","0","93.64","KILOMETER","30.17","KILOMETER_PER_HOUR"
"250196586","2601306","30","1994-12-22","5","CHARDONNET","FRA","UNKNOWN","DEFENDER","MALE","","./image/250196586.jpg","Brendan Chardonnet","DEFENDER","","Chardonnet","","","France","Défenseur","Brendan","Chardonnet","Brendan Chardonnet","Chardonnet","200043","./assoc/200043_FRA.svg","./logo/2601306.png","UEFA","FRA","2601306","FAME","Brest","","https://img.uefa.com/imgml/TP/teams/logos/70x70/2601306.png","https://img.uefa.com/imgml/TP/teams/logos/240x240/2601306.png","250000621","BRE","DOMESTIC_MEN_TEAM_A","","DOMESTIC","France","Brest","Stade Brestois 29","BRE","810","MINUTE","9","0","0","87.43","KILOMETER","31.19","KILOMETER_PER_HOUR"
"250006714","2601306","34","1991-03-10","40","M. Bizot","NED","GOALKEEPER","GOALKEEPER","MALE","194","./image/250006714.jpg","Marco Bizot","GOALKEEPER","13","Bizot","95","85","Pays-Bas","Gardien","Marco","Bizot","Marco Bizot","Bizot","200043","./assoc/200043_FRA.svg","./logo/2601306.png","UEFA","FRA","2601306","FAME","Brest","","https://img.uefa.com/imgml/TP/teams/logos/70x70/2601306.png","https://img.uefa.com/imgml/TP/teams/logos/240x240/2601306.png","250000621","BRE","DOMESTIC_MEN_TEAM_A","","DOMESTIC","France","Brest","Stade Brestois 29","BRE","810","MINUTE","9","0","0","49.61","KILOMETER","26.53","KILOMETER_PER_HOUR"
"250105612","52816","25","2000-07-01","29","Carnesecchi","ITA","UNKNOWN","GOALKEEPER","MALE","","./image/250105612.jpg","Marco Carnesecchi","GOALKEEPER","12","Carnesecchi","66","","Italie","Gardien","Marco","Carnesecchi","Marco Carnesecchi","Carnesecchi","200066","./assoc/200066_ITA.svg","./logo/52816.png","UEFA","ITA","52816","FAME","Atalanta","","https://img.uefa.com/imgml/TP/teams/logos/70x70/52816.png","https://img.uefa.com/imgml/TP/teams/logos/240x240/52816.png","252816","ATA","DOMESTIC_MEN_TEAM_A","","DOMESTIC","Italie","Atalanta","Atalanta BC","ATA","810","MINUTE","9","0","0","41.23","KILOMETER","29.6","KILOMETER_PER_HOUR"
"250052469","7889","33","1992-06-15","11","M.Salah","EGY","WINGER","FORWARD","MALE","175","./image/250052469.jpg","Mohamed Salah","FORWARD","","Salah","38","72","Égypte","Attaquant","Mohamed","Salah","Mohamed Salah","Salah","200039","./assoc/200039_ENG.svg","./logo/7889.png","UEFA","ENG","7889","FAME","Liverpool","","https://img.uefa.com/imgml/TP/teams/logos/70x70/7889.png","https://img.uefa.com/imgml/TP/teams/logos/240x240/7889.png","207889","LIV","DOMESTIC_MEN_TEAM_A","","DOMESTIC","Angleterre","Liverpool","Liverpool FC","LIV","808","MINUTE","9","3","4","88.82","KILOMETER","34.54","KILOMETER_PER_HOUR"
"250160436","50023","23","2002-02-25","11","AKLIOUCHE","FRA","UNKNOWN","MIDFIELDER","MALE","","./image/250160436.jpg","Maghnes Akliouche","FORWARD","12","Akliouche","43","","France","Milieu","Maghnes","Akliouche","Maghnes Akliouche","Akliouche","200043","./assoc/200043_FRA.svg","./logo/50023.png","UEFA","FRA","50023","FAME","Monaco","","https://img.uefa.com/imgml/TP/teams/logos/70x70/50023.png","https://img.uefa.com/imgml/TP/teams/logos/240x240/50023.png","250023","MON","DOMESTIC_MEN_TEAM_A","","DOMESTIC","France","Monaco","AS Monaco","MON","807","MINUTE","10","2","2","98.54","KILOMETER","33.39","KILOMETER_PER_HOUR"
"250135416","50080","21","2003-10-18","3","Balde","ESP","UNKNOWN","DEFENDER","MALE","","./image/250135416.jpg","Alejandro Balde","DEFENDER","3","Balde","122","","Espagne","Défenseur","Alejandro","Balde","Alejandro Balde","Balde","200122","./assoc/200122_ESP.svg","./logo/50080.png","UEFA","ESP","50080","FAME","Barcelona","","https://img.uefa.com/imgml/TP/teams/logos/70x70/50080.png","https://img.uefa.com/imgml/TP/teams/logos/240x240/50080.png","250080","BAR","DOMESTIC_MEN_TEAM_A","","DOMESTIC","Espagne","Barcelona","FC Barcelona","BAR","804","MINUTE","10","0","3","86.22","KILOMETER","33.16","KILOMETER_PER_HOUR"
"250131901","52280","27","1997-12-19","6","GABRIEL","BRA","CENTRE_BACK","DEFENDER","MALE","","./image/250131901.jpg","Gabriel","DEFENDER","","Gabriel","","","Brésil","Défenseur","","Gabriel","Gabriel","Gabriel","200039","./assoc/200039_ENG.svg","./logo/52280.png","UEFA","ENG","52280","FAME","Arsenal","","https://img.uefa.com/imgml/TP/teams/logos/70x70/52280.png","https://img.uefa.com/imgml/TP/teams/logos/240x240/52280.png","252280","ARS","DOMESTIC_MEN_TEAM_A","","DOMESTIC","Angleterre","Arsenal","Arsenal FC","ARS","804","MINUTE","9","1","0","90.64","KILOMETER","33.26","KILOMETER_PER_HOUR"
"50327423","50080","28","1997-05-12","21","F. de Jong","NED","CENTRAL_MIDFIELDER","MIDFIELDER","MALE","178","./image/50327423.jpg","Frenkie de Jong","MIDFIELDER","21","F. de Jong","95","68","Pays-Bas","Milieu","Frenkie","de Jong","Frenkie de Jong","De Jong","200122","./assoc/200122_ESP.svg","./logo/50080.png","UEFA","ESP","50080","FAME","Barcelona","","https://img.uefa.com/imgml/TP/teams/logos/70x70/50080.png","https://img.uefa.com/imgml/TP/teams/logos/240x240/50080.png","250080","BAR","DOMESTIC_MEN_TEAM_A","","DOMESTIC","Espagne","Barcelona","FC Barcelona","BAR","803","MINUTE","13","0","0","82.58","KILOMETER","31.94","KILOMETER_PER_HOUR"
"250172907","50139","27","1998-06-24","4","Gatti","ITA","UNKNOWN","DEFENDER","MALE","","./image/250172907.jpg","Federico Gatti","DEFENDER","4","Gatti","66","","Italie","Défenseur","Federico","Gatti","Federico Gatti","Gatti","200066","./assoc/200066_ITA.svg","./logo/50139.png","UEFA","ITA","50139","FAME","Juventus","","https://img.uefa.com/imgml/TP/teams/logos/70x70/50139.png","https://img.uefa.com/imgml/TP/teams/logos/240x240/50139.png","250139","JUV","DOMESTIC_MEN_TEAM_A","","DOMESTIC","Italie","Juventus","Juventus","JUV","801","MINUTE","9","0","1","81.46","KILOMETER","33.84","KILOMETER_PER_HOUR"
"250105244","50051","25","2000-01-27","14","TCHOUAMENI","FRA","CENTRAL_MIDFIELDER","MIDFIELDER","MALE","","./image/250105244.jpg","Aurélien Tchouaméni","MIDFIELDER","8","Tchouameni","43","","France","Milieu","Aurélien","Tchouaméni","Aurélien Tchouaméni","Tchouaméni","200122","./assoc/200122_ESP.svg","./logo/50051.png","UEFA","ESP","50051","FAME","Real Madrid","","https://img.uefa.com/imgml/TP/teams/logos/70x70/50051.png","https://img.uefa.com/imgml/TP/teams/logos/240x240/50051.png","250051","RMA","DOMESTIC_MEN_TEAM_A","","DOMESTIC","Espagne","Real Madrid","Real Madrid C.F.","RMA","800","MINUTE","11","0","0","96.97","KILOMETER","33.32","KILOMETER_PER_HOUR"
"250132399","50058","26","1999-01-10","29","FOFANA","FRA","UNKNOWN","MIDFIELDER","MALE","","./image/250132399.jpg","Youssouf Fofana","MIDFIELDER","19","Fofana","43","","France","Milieu","Youssouf","Fofana","Youssouf Fofana","Fofana","200066","./assoc/200066_ITA.svg","./logo/50058.png","UEFA","ITA","50058","FAME","Milan","","https://img.uefa.com/imgml/TP/teams/logos/70x70/50058.png","https://img.uefa.com/imgml/TP/teams/logos/240x240/50058.png","250058","MIL","DOMESTIC_MEN_TEAM_A","","DOMESTIC","Italie","Milan","AC Milan","MIL","800","MINUTE","10","0","2","98.24","KILOMETER","33.13","KILOMETER_PER_HOUR"
"250081341","52280","26","1998-12-17","8","Ødegaard","NOR","ATTACKING_MIDFIELDER","MIDFIELDER","MALE","170","./image/250081341.jpg","Martin Ødegaard","MIDFIELDER","10","Ødegaard","101","68","Norvège","Milieu","Martin","Ødegaard","Martin Ødegaard","Ødegaard","200039","./assoc/200039_ENG.svg","./logo/52280.png","UEFA","ENG","52280","FAME","Arsenal","","https://img.uefa.com/imgml/TP/teams/logos/70x70/52280.png","https://img.uefa.com/imgml/TP/teams/logos/240x240/52280.png","252280","ARS","DOMESTIC_MEN_TEAM_A","","DOMESTIC","Angleterre","Arsenal","Arsenal FC","ARS","798","MINUTE","11","3","1","106.44","KILOMETER","32.23","KILOMETER_PER_HOUR"
"250089228","50058","26","1999-06-10","10","RAFA LEÃO","POR","STRIKER","FORWARD","MALE","","./image/250089228.jpg","Rafael Leão","FORWARD","17","RAFAEL LEÃO","110","","Portugal","Attaquant","","Rafael Leão","Rafael Leão","Rafael Leão","200066","./assoc/200066_ITA.svg","./logo/50058.png","UEFA","ITA","50058","FAME","Milan","","https://img.uefa.com/imgml/TP/teams/logos/70x70/50058.png","https://img.uefa.com/imgml/TP/teams/logos/240x240/50058.png","250058","MIL","DOMESTIC_MEN_TEAM_A","","DOMESTIC","Italie","Milan","AC Milan","MIL","797","MINUTE","10","3","2","84.86","KILOMETER","35.59","KILOMETER_PER_HOUR"
"250113276","50109","24","2000-12-10","30","Frimpong","NED","FULL_BACK","DEFENDER","MALE","","./image/250113276.jpg","Jeremie Frimpong","DEFENDER","12","Frimpong","95","","Pays-Bas","Défenseur","Jeremie","Frimpong","Jeremie Frimpong","Frimpong","200047","./assoc/200047_GER.svg","./logo/50109.png","UEFA","GER","50109","FAME","Leverkusen","","https://img.uefa.com/imgml/TP/teams/logos/70x70/50109.png","https://img.uefa.com/imgml/TP/teams/logos/240x240/50109.png","250109","LEV","DOMESTIC_MEN_TEAM_A","","DOMESTIC","Allemagne","Leverkusen","Bayer 04 Leverkusen","LEV","796","MINUTE","10","0","5","89.68","KILOMETER","35.38","KILOMETER_PER_HOUR"
"250106148","50050","25","2000-01-01","10","Kühn","GER","","MIDFIELDER","MALE","","./image/250106148.jpg","Nicolas Kühn","FORWARD","10","Kühn","300047","","Allemagne","Milieu","Nicolas","Kühn","Nicolas Kühn","Kühn","200117","./assoc/200117_SCO.svg","./logo/50050.png","UEFA","SCO","50050","FAME","Celtic","","https://img.uefa.com/imgml/TP/teams/logos/70x70/50050.png","https://img.uefa.com/imgml/TP/teams/logos/240x240/50050.png","250050","CEL","DOMESTIC_MEN_TEAM_A","","DOMESTIC","Écosse","Celtic","Celtic FC","CEL","792","MINUTE","10","3","1","96.78","KILOMETER","35.94","KILOMETER_PER_HOUR"
"250112122","50149","25","1999-12-29","17","Trincão","POR","STRIKER","FORWARD","MALE","","./image/250112122.jpg","Francisco Trincão","FORWARD","16","TRINCÃO","110","","Portugal","Attaquant","","Francisco Trincão","Francisco Trincão","Francisco Trincão","200110","./assoc/200110_POR.svg","./logo/50149.png","UEFA","POR","50149","FAME","Sporting CP","","https://img.uefa.com/imgml/TP/teams/logos/70x70/50149.png","https://img.uefa.com/imgml/TP/teams/logos/240x240/50149.png","250149","SPO","DOMESTIC_MEN_TEAM_A","","DOMESTIC","Portugal","Sporting CP","Sporting Clube de Portugal","SPO","791","MINUTE","9","0","1","96.87","KILOMETER","32.9","KILOMETER_PER_HOUR"
"250172668","50124","25","2000-01-31","19","J.ALVAREZ","ARG","UNKNOWN","FORWARD","MALE","","./image/250172668.jpg","Julián Alvarez","FORWARD","9","Alvarez","6","","Argentine","Attaquant","Julián","Alvarez","Julián Alvarez","Alvarez","200122","./assoc/200122_ESP.svg","./logo/50124.png","UEFA","ESP","50124","FAME","Atleti","","https://img.uefa.com/imgml/TP/teams/logos/70x70/50124.png","https://img.uefa.com/imgml/TP/teams/logos/240x240/50124.png","250124","ATM","DOMESTIC_MEN_TEAM_A","","DOMESTIC","Espagne","Atleti","Atlético de Madrid","ATM","790","MINUTE","10","7","1","96.5","KILOMETER","34.29","KILOMETER_PER_HOUR"
"250169705","50050","27","1997-11-21","41","Reo","JPN","UNKNOWN","DEFENDER","MALE","","./image/250169705.jpg","Reo Hatate","DEFENDER","","REO","","","Japon","Défenseur","Reo","Hatate","Reo Hatate","Hatate","200117","./assoc/200117_SCO.svg","./logo/50050.png","UEFA","SCO","50050","FAME","Celtic","","https://img.uefa.com/imgml/TP/teams/logos/70x70/50050.png","https://img.uefa.com/imgml/TP/teams/logos/240x240/50050.png","250050","CEL","DOMESTIC_MEN_TEAM_A","","DOMESTIC","Écosse","Celtic","Celtic FC","CEL","788","MINUTE","10","1","2","105.39","KILOMETER","32.18","KILOMETER_PER_HOUR"
"250198119","52749","23","2002-02-11","23","Hadj Moussa","ALG","UNKNOWN","FORWARD","MALE","","./image/250198119.jpg","Anis Hadj Moussa","FORWARD","26","Hadj Moussa","3","","Algérie","Attaquant","Anis","Hadj Moussa","Anis Hadj Moussa","Hadj Moussa","200095","./assoc/200095_NED.svg","./logo/52749.png","UEFA","NED","52749","FAME","Feyenoord","","https://img.uefa.com/imgml/TP/teams/logos/70x70/52749.png","https://img.uefa.com/imgml/TP/teams/logos/240x240/52749.png","252749","FEY","DOMESTIC_MEN_TEAM_A","","DOMESTIC","Pays-Bas","Feyenoord","Feyenoord","FEY","786","MINUTE","11","3","0","92.78","KILOMETER","32.83","KILOMETER_PER_HOUR"
"250113001","7889","23","2002-05-16","38","Gravenberch","NED","CENTRAL_MIDFIELDER","MIDFIELDER","MALE","","./image/250113001.jpg","Ryan Gravenberch","MIDFIELDER","8","Gravenberch","95","","Pays-Bas","Milieu","Ryan","Gravenberch","Ryan Gravenberch","Gravenberch","200039","./assoc/200039_ENG.svg","./logo/7889.png","UEFA","ENG","7889","FAME","Liverpool","","https://img.uefa.com/imgml/TP/teams/logos/70x70/7889.png","https://img.uefa.com/imgml/TP/teams/logos/240x240/7889.png","207889","LIV","DOMESTIC_MEN_TEAM_A","","DOMESTIC","Angleterre","Liverpool","Liverpool FC","LIV","784","MINUTE","9","0","0","95.5","KILOMETER","33.39","KILOMETER_PER_HOUR"
"250065413","50037","28","1997-05-27","27","Laimer","AUT","CENTRAL_MIDFIELDER","MIDFIELDER","MALE","179","./image/250065413.jpg","Konrad Laimer","MIDFIELDER","20","Laimer","8","","Autriche","Milieu","Konrad","Laimer","Konrad Laimer","Laimer","200047","./assoc/200047_GER.svg","./logo/50037.png","UEFA","GER","50037","FAME","Bayern München","","https://img.uefa.com/imgml/TP/teams/logos/70x70/50037.png","https://img.uefa.com/imgml/TP/teams/logos/240x240/50037.png","250037","BAY","DOMESTIC_MEN_TEAM_A","","DOMESTIC","Allemagne","Bayern München","FC Bayern München","BAY","781","MINUTE","11","1","1","96.58","KILOMETER","34.4","KILOMETER_PER_HOUR"
"250169730","50023","24","2001-06-21","2","VANDERSON","BRA","UNKNOWN","DEFENDER","MALE","","./image/250169730.jpg","Vanderson","DEFENDER","","Vanderson","","","Brésil","Défenseur","","Vanderson","Vanderson","Vanderson","200043","./assoc/200043_FRA.svg","./logo/50023.png","UEFA","FRA","50023","FAME","Monaco","","https://img.uefa.com/imgml/TP/teams/logos/70x70/50023.png","https://img.uefa.com/imgml/TP/teams/logos/240x240/50023.png","250023","MON","DOMESTIC_MEN_TEAM_A","","DOMESTIC","France","Monaco","AS Monaco","MON","781","MINUTE","9","0","1","82.07","KILOMETER","33.93","KILOMETER_PER_HOUR"
"250163454","50109","23","2002-01-09","5","Hincapié","ECU","UNKNOWN","DEFENDER","MALE","","./image/250163454.jpg","Piero Hincapié","DEFENDER","3","Hincapie","37","","Équateur","Défenseur","Piero","Hincapié","Piero Hincapié","Hincapié","200047","./assoc/200047_GER.svg","./logo/50109.png","UEFA","GER","50109","FAME","Leverkusen","","https://img.uefa.com/imgml/TP/teams/logos/70x70/50109.png","https://img.uefa.com/imgml/TP/teams/logos/240x240/50109.png","250109","LEV","DOMESTIC_MEN_TEAM_A","","DOMESTIC","Allemagne","Leverkusen","Bayer 04 Leverkusen","LEV","774","MINUTE","9","1","0","92.71","KILOMETER","34.81","KILOMETER_PER_HOUR"
"250105681","52280","25","2000-02-15","4","Kiwior","POL","UNKNOWN","DEFENDER","MALE","","./image/250105681.jpg","Jakub Kiwior","DEFENDER","14","Kiwior","109","","Pologne","Défenseur","Jakub","Kiwior","Jakub Kiwior","Kiwior","200039","./assoc/200039_ENG.svg","./logo/52280.png","UEFA","ENG","52280","FAME","Arsenal","","https://img.uefa.com/imgml/TP/teams/logos/70x70/52280.png","https://img.uefa.com/imgml/TP/teams/logos/240x240/52280.png","252280","ARS","DOMESTIC_MEN_TEAM_A","","DOMESTIC","Angleterre","Arsenal","Arsenal FC","ARS","772","MINUTE","10","0","0","91.73","KILOMETER","33.76","KILOMETER_PER_HOUR"
"250103758","52919","25","2000-07-21","9","Haaland","NOR","UNKNOWN","FORWARD","MALE","","./image/250103758.jpg","Erling Haaland","FORWARD","9","Braut Haaland","101","","Norvège","Attaquant","Erling","Haaland","Erling Haaland","Haaland","200039","./assoc/200039_ENG.svg","./logo/52919.png","UEFA","ENG","52919","FAME","Man City","","https://img.uefa.com/imgml/TP/teams/logos/70x70/52919.png","https://img.uefa.com/imgml/TP/teams/logos/240x240/52919.png","252919","MCI","DOMESTIC_MEN_TEAM_A","","DOMESTIC","Angleterre","Man City","Manchester City","MCI","771","MINUTE","9","8","0","86.36","KILOMETER","36.57","KILOMETER_PER_HOUR"
"250052957","50138","37","1988-02-10","15","Acerbi","ITA","CENTRE_BACK","DEFENDER","MALE","193","./image/250052957.jpg","Francesco Acerbi","DEFENDER","15","Acerbi","66","87","Italie","Défenseur","Francesco","Acerbi","Francesco Acerbi","Acerbi","200066","./assoc/200066_ITA.svg","./logo/50138.png","UEFA","ITA","50138","FAME","Inter","","https://img.uefa.com/imgml/TP/teams/logos/70x70/50138.png","https://img.uefa.com/imgml/TP/teams/logos/240x240/50138.png","250138","INT","DOMESTIC_MEN_TEAM_A","","DOMESTIC","Italie","Inter","FC Internazionale Milano","INT","770","MINUTE","9","1","1","76.47","KILOMETER","31.77","KILOMETER_PER_HOUR"
"250099671","50062","27","1997-12-22","20","Til","NED","CENTRAL_MIDFIELDER","MIDFIELDER","MALE","","./image/250099671.jpg","Guus Til","MIDFIELDER","20","Til","95","","Pays-Bas","Milieu","Guus","Til","Guus Til","Til","200095","./assoc/200095_NED.svg","./logo/50062.png","UEFA","NED","50062","FAME","PSV","","https://img.uefa.com/imgml/TP/teams/logos/70x70/50062.png","https://img.uefa.com/imgml/TP/teams/logos/240x240/50062.png","250062","PSV","DOMESTIC_MEN_TEAM_A","","DOMESTIC","Pays-Bas","PSV","PSV Eindhoven","PSV","768","MINUTE","12","0","2","90.74","KILOMETER","32.02","KILOMETER_PER_HOUR"
"250163786","50043","20","2005-03-28","65","Seys","BEL","UNKNOWN","MIDFIELDER","MALE","","./image/250163786.jpg","Joaquin Seys","MIDFIELDER","22","Seys","13","","Belgique","Milieu","Joaquin","Seys","Joaquin Seys","Seys","200013","./assoc/200013_BEL.svg","./logo/50043.png","UEFA","BEL","50043","FAME","Club Brugge","","https://img.uefa.com/imgml/TP/teams/logos/70x70/50043.png","https://img.uefa.com/imgml/TP/teams/logos/240x240/50043.png","250043","BRU","DOMESTIC_MEN_TEAM_A","","DOMESTIC","Belgique","Club Brugge","Club Brugge KV","BRU","768","MINUTE","10","0","0","97.03","KILOMETER","33.28","KILOMETER_PER_HOUR"
"250059115","52919","31","1994-08-10","20","Bernardo","POR","ATTACKING_MIDFIELDER","MIDFIELDER","MALE","173","./image/250059115.jpg","Bernardo Silva","MIDFIELDER","10","BERNARDO","110","64","Portugal","Milieu","","Bernardo Silva","Bernardo Silva","Bernardo Silva","200039","./assoc/200039_ENG.svg","./logo/52919.png","UEFA","ENG","52919","FAME","Man City","","https://img.uefa.com/imgml/TP/teams/logos/70x70/52919.png","https://img.uefa.com/imgml/TP/teams/logos/240x240/52919.png","252919","MCI","DOMESTIC_MEN_TEAM_A","","DOMESTIC","Angleterre","Man City","Manchester City","MCI","766","MINUTE","9","0","0","100.56","KILOMETER","30.64","KILOMETER_PER_HOUR"
"250139445","50109","22","2003-05-03","7","Wirtz","GER","WINGER","MIDFIELDER","MALE","","./image/250139445.jpg","Florian Wirtz","MIDFIELDER","17","Wirtz","47","","Allemagne","Milieu","Florian","Wirtz","Florian Wirtz","Wirtz","200047","./assoc/200047_GER.svg","./logo/50109.png","UEFA","GER","50109","FAME","Leverkusen","","https://img.uefa.com/imgml/TP/teams/logos/70x70/50109.png","https://img.uefa.com/imgml/TP/teams/logos/240x240/50109.png","250109","LEV","DOMESTIC_MEN_TEAM_A","","DOMESTIC","Allemagne","Leverkusen","Bayer 04 Leverkusen","LEV","765","MINUTE","9","6","1","98.01","KILOMETER","33.57","KILOMETER_PER_HOUR"
"250159544","52749","20","2005-04-03","27","Milambo","NED","UNKNOWN","MIDFIELDER","MALE","","./image/250159544.jpg","Antoni Milambo","MIDFIELDER","6","Milambo","200095","","Pays-Bas","Milieu","Antoni","Milambo","Antoni Milambo","Milambo","200095","./assoc/200095_NED.svg","./logo/52749.png","UEFA","NED","52749","FAME","Feyenoord","","https://img.uefa.com/imgml/TP/teams/logos/70x70/52749.png","https://img.uefa.com/imgml/TP/teams/logos/240x240/52749.png","252749","FEY","DOMESTIC_MEN_TEAM_A","","DOMESTIC","Pays-Bas","Feyenoord","Feyenoord","FEY","765","MINUTE","9","3","1","100.91","KILOMETER","33.47","KILOMETER_PER_HOUR"
"250101557","50149","26","1999-06-25","42","Hjulmand","DEN","CENTRAL_MIDFIELDER","MIDFIELDER","MALE","","./image/250101557.jpg","Morten Hjulmand","MIDFIELDER","21","Hjulmand","35","","Danemark","Milieu","Morten","Hjulmand","Morten Hjulmand","Hjulmand","200110","./assoc/200110_POR.svg","./logo/50149.png","UEFA","POR","50149","FAME","Sporting CP","","https://img.uefa.com/imgml/TP/teams/logos/70x70/50149.png","https://img.uefa.com/imgml/TP/teams/logos/240x240/50149.png","250149","SPO","DOMESTIC_MEN_TEAM_A","","DOMESTIC","Portugal","Sporting CP","Sporting Clube de Portugal","SPO","765","MINUTE","9","0","0","96.65","KILOMETER","31.36","KILOMETER_PER_HOUR"
"250106939","52280","24","2001-09-05","7","Saka","ENG","WINGER","FORWARD","MALE","","./image/250106939.jpg","Bukayo Saka","FORWARD","7","Saka","39","","Angleterre","Attaquant","Bukayo","Saka","Bukayo Saka","Saka","200039","./assoc/200039_ENG.svg","./logo/52280.png","UEFA","ENG","52280","FAME","Arsenal","","https://img.uefa.com/imgml/TP/teams/logos/70x70/52280.png","https://img.uefa.com/imgml/TP/teams/logos/240x240/52280.png","252280","ARS","DOMESTIC_MEN_TEAM_A","","DOMESTIC","Angleterre","Arsenal","Arsenal FC","ARS","763","MINUTE","9","6","2","86.71","KILOMETER","32.82","KILOMETER_PER_HOUR"
"250169706","50050","27","1997-10-20","38","Daizen","JPN","UNKNOWN","FORWARD","MALE","","./image/250169706.jpg","Daizen Maeda","FORWARD","25","Daizen","69","","Japon","Attaquant","Daizen","Maeda","Daizen Maeda","Maeda","200117","./assoc/200117_SCO.svg","./logo/50050.png","UEFA","SCO","50050","FAME","Celtic","","https://img.uefa.com/imgml/TP/teams/logos/70x70/50050.png","https://img.uefa.com/imgml/TP/teams/logos/240x240/50050.png","250050","CEL","DOMESTIC_MEN_TEAM_A","","DOMESTIC","Écosse","Celtic","Celtic FC","CEL","761","MINUTE","9","4","1","98.03","KILOMETER","35.39","KILOMETER_PER_HOUR"
"250169685","50149","21","2003-12-04","26","O. Diomande","CIV","UNKNOWN","DEFENDER","MALE","","./image/250169685.jpg","Ousmane Diomande","DEFENDER","","","","","Côte d'Ivoire","Défenseur","Ousmane","Diomande","Ousmane Diomande","Diomande","200110","./assoc/200110_POR.svg","./logo/50149.png","UEFA","POR","50149","FAME","Sporting CP","","https://img.uefa.com/imgml/TP/teams/logos/70x70/50149.png","https://img.uefa.com/imgml/TP/teams/logos/240x240/50149.png","250149","SPO","DOMESTIC_MEN_TEAM_A","","DOMESTIC","Portugal","Sporting CP","Sporting Clube de Portugal","SPO","752","MINUTE","9","0","0","76.64","KILOMETER","34.29","KILOMETER_PER_HOUR"
"250064274","50023","28","1997-02-14","36","Embolo","SUI","STRIKER","FORWARD","MALE","185","./image/250064274.jpg","Breel Embolo","FORWARD","7","Embolo","128","84","Suisse","Attaquant","Breel","Embolo","Breel Embolo","Embolo","200043","./assoc/200043_FRA.svg","./logo/50023.png","UEFA","FRA","50023","FAME","Monaco","","https://img.uefa.com/imgml/TP/teams/logos/70x70/50023.png","https://img.uefa.com/imgml/TP/teams/logos/240x240/50023.png","250023","MON","DOMESTIC_MEN_TEAM_A","","DOMESTIC","France","Monaco","AS Monaco","MON","750","MINUTE","10","1","3","69.13","KILOMETER","32.9","KILOMETER_PER_HOUR"
"250063505","50124","30","1995-01-20","2","J. M. GIMÉNEZ","URU","CENTRE_BACK","DEFENDER","MALE","185","./image/250063505.jpg","José María Giménez","DEFENDER","2","Giménez","138","76","Uruguay","Défenseur","José María","Giménez","José María Giménez","Giménez","200122","./assoc/200122_ESP.svg","./logo/50124.png","UEFA","ESP","50124","FAME","Atleti","","https://img.uefa.com/imgml/TP/teams/logos/70x70/50124.png","https://img.uefa.com/imgml/TP/teams/logos/240x240/50124.png","250124","ATM","DOMESTIC_MEN_TEAM_A","","DOMESTIC","Espagne","Atleti","Atlético de Madrid","ATM","750","MINUTE","8","1","0","83.67","KILOMETER","33.07","KILOMETER_PER_HOUR"
"108501","50080","35","1990-04-18","25","Szczęsny","POL","GOALKEEPER","GOALKEEPER","MALE","196","./image/108501.jpg","Wojciech Szczęsny","GOALKEEPER","1","Szczęsny","109","84","Pologne","Gardien","Wojciech","Szczęsny","Wojciech Szczęsny","Szczęsny","200122","./assoc/200122_ESP.svg","./logo/50080.png","UEFA","ESP","50080","FAME","Barcelona","","https://img.uefa.com/imgml/TP/teams/logos/70x70/50080.png","https://img.uefa.com/imgml/TP/teams/logos/240x240/50080.png","250080","BAR","DOMESTIC_MEN_TEAM_A","","DOMESTIC","Espagne","Barcelona","FC Barcelona","BAR","750","MINUTE","8","0","0","34.8","KILOMETER","26.73","KILOMETER_PER_HOUR"
"250086037","50124","31","1994-05-24","5","R. DE PAUL","ARG","UNKNOWN","MIDFIELDER","MALE","","./image/250086037.jpg","Rodrigo De Paul","FORWARD","7","De Paul","6","","Argentine","Milieu","Rodrigo","De Paul","Rodrigo De Paul","De Paul","200122","./assoc/200122_ESP.svg","./logo/50124.png","UEFA","ESP","50124","FAME","Atleti","","https://img.uefa.com/imgml/TP/teams/logos/70x70/50124.png","https://img.uefa.com/imgml/TP/teams/logos/240x240/50124.png","250124","ATM","DOMESTIC_MEN_TEAM_A","","DOMESTIC","Espagne","Atleti","Atlético de Madrid","ATM","748","MINUTE","10","0","1","93.38","KILOMETER","32.71","KILOMETER_PER_HOUR"
"250153617","50051","22","2003-02-13","17","ASENCIO","ESP","UNKNOWN","DEFENDER","MALE","","./image/250153617.jpg","Raúl Asencio","DEFENDER","4","ASENCIO","122","","Espagne","Défenseur","","Raúl Asencio","Raúl Asencio","Raúl Asencio","200122","./assoc/200122_ESP.svg","./logo/50051.png","UEFA","ESP","50051","FAME","Real Madrid","","https://img.uefa.com/imgml/TP/teams/logos/70x70/50051.png","https://img.uefa.com/imgml/TP/teams/logos/240x240/50051.png","250051","RMA","DOMESTIC_MEN_TEAM_A","","DOMESTIC","Espagne","Real Madrid","Real Madrid C.F.","RMA","748","MINUTE","10","0","1","77.54","KILOMETER","35.84","KILOMETER_PER_HOUR"
"250014002","52683","32","1993-07-20","12","Digne","FRA","FULL_BACK","DEFENDER","MALE","178","./image/250014002.jpg","Lucas Digne","DEFENDER","3","Digne","43","74","France","Défenseur","Lucas","Digne","Lucas Digne","Digne","200039","./assoc/200039_ENG.svg","./logo/52683.png","UEFA","ENG","52683","FAME","Aston Villa","","https://img.uefa.com/imgml/TP/teams/logos/70x70/52683.png","https://img.uefa.com/imgml/TP/teams/logos/240x240/52683.png","252683","AVL","DOMESTIC_MEN_TEAM_A","","DOMESTIC","Angleterre","Aston Villa","Aston Villa FC","AVL","747","MINUTE","9","0","0","88.78","KILOMETER","31.09","KILOMETER_PER_HOUR"
"250102035","75797","25","2000-01-14","30","J. David","CAN","ATTACKING_MIDFIELDER","FORWARD","MALE","","./image/250102035.jpg","Jonathan David","MIDFIELDER","20","David","24","","Canada","Attaquant","Jonathan","David","Jonathan David","David","200043","./assoc/200043_FRA.svg","./logo/75797.png","UEFA","FRA","75797","FAME","Lille","","https://img.uefa.com/imgml/TP/teams/logos/70x70/75797.png","https://img.uefa.com/imgml/TP/teams/logos/240x240/75797.png","275797","LIL","DOMESTIC_MEN_TEAM_A","","DOMESTIC","France","Lille","LOSC Lille","LIL","746","MINUTE","10","7","2","85.25","KILOMETER","32.46","KILOMETER_PER_HOUR"
"250119677","52758","30","1995-04-16","5","Bensebaini","ALG","CENTRE_BACK","DEFENDER","MALE","","./image/250119677.jpg","Ramy Bensebaini","DEFENDER","21","Bensebaini","3","","Algérie","Défenseur","Ramy","Bensebaini","Ramy Bensebaini","Bensebaini","200047","./assoc/200047_GER.svg","./logo/52758.png","UEFA","GER","52758","FAME","B. Dortmund","","https://img.uefa.com/imgml/TP/teams/logos/70x70/52758.png","https://img.uefa.com/imgml/TP/teams/logos/240x240/52758.png","252758","BVB","DOMESTIC_MEN_TEAM_A","","DOMESTIC","Allemagne","B. Dortmund","Borussia Dortmund","BVB","743","MINUTE","12","2","1","63.8","KILOMETER","33.16","KILOMETER_PER_HOUR"
"250162177","52747","20","2005-06-03","14","D.DOUÉ","FRA","UNKNOWN","FORWARD","MALE","","./image/250162177.jpg","Désiré Doué","MIDFIELDER","12","Doue","43","","France","Attaquant","Désiré","Doué","Désiré Doué","D. Doué","200043","./assoc/200043_FRA.svg","./logo/52747.png","UEFA","FRA","52747","FAME","Paris","","https://img.uefa.com/imgml/TP/teams/logos/70x70/52747.png","https://img.uefa.com/imgml/TP/teams/logos/240x240/52747.png","252747","PSG","DOMESTIC_MEN_TEAM_A","","DOMESTIC","France","Paris","Paris Saint-Germain","PSG","742","MINUTE","16","5","5","91.2","KILOMETER","33.83","KILOMETER_PER_HOUR"
"250058958","52683","30","1994-10-18","7","McGinn","SCO","UNKNOWN","MIDFIELDER","MALE","","./image/250058958.jpg","John McGinn","MIDFIELDER","7","McGinn","117","","Écosse","Milieu","John","McGinn","John McGinn","McGinn","200039","./assoc/200039_ENG.svg","./logo/52683.png","UEFA","ENG","52683","FAME","Aston Villa","","https://img.uefa.com/imgml/TP/teams/logos/70x70/52683.png","https://img.uefa.com/imgml/TP/teams/logos/240x240/52683.png","252683","AVL","DOMESTIC_MEN_TEAM_A","","DOMESTIC","Angleterre","Aston Villa","Aston Villa FC","AVL","739","MINUTE","10","3","2","89.61","KILOMETER","32.77","KILOMETER_PER_HOUR"
"250188474","52816","26","1999-07-07","13","Éderson","BRA","UNKNOWN","MIDFIELDER","MALE","","./image/250188474.jpg","Éderson","MIDFIELDER","","Éderson","","","Brésil","Milieu","","Éderson","Éderson","Éderson","200066","./assoc/200066_ITA.svg","./logo/52816.png","UEFA","ITA","52816","FAME","Atalanta","","https://img.uefa.com/imgml/TP/teams/logos/70x70/52816.png","https://img.uefa.com/imgml/TP/teams/logos/240x240/52816.png","252816","ATA","DOMESTIC_MEN_TEAM_A","","DOMESTIC","Italie","Atalanta","Atalanta BC","ATA","739","MINUTE","9","1","0","100.18","KILOMETER","34.72","KILOMETER_PER_HOUR"
"250101808","52747","24","2001-02-12","7","KVARATSKHELIA","GEO","UNKNOWN","FORWARD","MALE","","./image/250101808.jpg","Khvicha Kvaratskhelia","MIDFIELDER","7","Kvaratskhelia","57157","","Géorgie","Attaquant","Khvicha","Kvaratskhelia","Khvicha Kvaratskhelia","Kvaratskhelia","200043","./assoc/200043_FRA.svg","./logo/52747.png","UEFA","FRA","52747","FAME","Paris","","https://img.uefa.com/imgml/TP/teams/logos/70x70/52747.png","https://img.uefa.com/imgml/TP/teams/logos/240x240/52747.png","252747","PSG","DOMESTIC_MEN_TEAM_A","","DOMESTIC","France","Paris","Paris Saint-Germain","PSG","735","MINUTE","9","3","2","78.69","KILOMETER","33.54","KILOMETER_PER_HOUR"
"250019498","50124","34","1991-03-21","7","GRIEZMANN","FRA","STRIKER","FORWARD","MALE","176","./image/250019498.jpg","Antoine Griezmann","FORWARD","7","Griezmann","43","67","France","Attaquant","Antoine","Griezmann","Antoine Griezmann","Griezmann","200122","./assoc/200122_ESP.svg","./logo/50124.png","UEFA","ESP","50124","FAME","Atleti","","https://img.uefa.com/imgml/TP/teams/logos/70x70/50124.png","https://img.uefa.com/imgml/TP/teams/logos/240x240/50124.png","250124","ATM","DOMESTIC_MEN_TEAM_A","","DOMESTIC","Espagne","Atleti","Atlético de Madrid","ATM","732","MINUTE","10","6","3","89.55","KILOMETER","30.89","KILOMETER_PER_HOUR"
"250130414","50050","22","2003-09-08","27","Engels","BEL","WINGER","MIDFIELDER","MALE","","./image/250130414.jpg","Arne Engels","MIDFIELDER","8","Engels","13","","Belgique","Milieu","Arne","Engels","Arne Engels","Engels","200117","./assoc/200117_SCO.svg","./logo/50050.png","UEFA","SCO","50050","FAME","Celtic","","https://img.uefa.com/imgml/TP/teams/logos/70x70/50050.png","https://img.uefa.com/imgml/TP/teams/logos/240x240/50050.png","250050","CEL","DOMESTIC_MEN_TEAM_A","","DOMESTIC","Écosse","Celtic","Celtic FC","CEL","729","MINUTE","10","1","3","103.51","KILOMETER","32.33","KILOMETER_PER_HOUR"
"250134320","50062","24","2001-01-28","34","SAIBARI","MAR","ATTACKING_MIDFIELDER","MIDFIELDER","MALE","","./image/250134320.jpg","Ismael Saibari","MIDFIELDER","","Saibari","","","Maroc","Milieu","Ismael","Saibari","Ismael Saibari","Saibari","200095","./assoc/200095_NED.svg","./logo/50062.png","UEFA","NED","50062","FAME","PSV","","https://img.uefa.com/imgml/TP/teams/logos/70x70/50062.png","https://img.uefa.com/imgml/TP/teams/logos/240x240/50062.png","250062","PSV","DOMESTIC_MEN_TEAM_A","","DOMESTIC","Pays-Bas","PSV","PSV Eindhoven","PSV","728","MINUTE","10","3","2","78.68","KILOMETER","32.89","KILOMETER_PER_HOUR"
"250128468","50147","21","2003-10-30","4","António S.","POR","UNKNOWN","DEFENDER","MALE","","./image/250128468.jpg","António Silva","DEFENDER","4","ANTÓNIO S.","110","","Portugal","Défenseur","","António Silva","António Silva","António Silva","200110","./assoc/200110_POR.svg","./logo/50147.png","UEFA","POR","50147","FAME","Benfica","","https://img.uefa.com/imgml/TP/teams/logos/70x70/50147.png","https://img.uefa.com/imgml/TP/teams/logos/240x240/50147.png","250147","BEN","DOMESTIC_MEN_TEAM_A","","DOMESTIC","Portugal","Benfica","SL Benfica","BEN","724","MINUTE","9","0","0","81.93","KILOMETER","31.57","KILOMETER_PER_HOUR"
"250177497","50149","18","2007-04-30","7","Quenda","POR","UNKNOWN","FORWARD","MALE","","./image/250177497.jpg","Geovany Quenda","FORWARD","7","GEOVANY QUENDA","110","","Portugal","Attaquant","","Geovany Quenda","Geovany Quenda","Geovany Quenda","200110","./assoc/200110_POR.svg","./logo/50149.png","UEFA","POR","50149","FAME","Sporting CP","","https://img.uefa.com/imgml/TP/teams/logos/70x70/50149.png","https://img.uefa.com/imgml/TP/teams/logos/240x240/50149.png","250149","SPO","DOMESTIC_MEN_TEAM_A","","DOMESTIC","Portugal","Sporting CP","Sporting Clube de Portugal","SPO","722","MINUTE","10","0","1","87.33","KILOMETER","33.65","KILOMETER_PER_HOUR"
"250158476","50069","22","2002-11-15","24","Djiga","BFA","UNKNOWN","DEFENDER","MALE","","./image/250158476.jpg","Nasser Djiga","DEFENDER","5","DJIGA","139","","Burkina Faso","Défenseur","Nasser","Djiga","Nasser Djiga","Djiga","200147","./assoc/200147_SRB.svg","./logo/50069.png","UEFA","SRB","50069","FAME","Crvena Zvezda","","https://img.uefa.com/imgml/TP/teams/logos/70x70/50069.png","https://img.uefa.com/imgml/TP/teams/logos/240x240/50069.png","250069","ZVE","DOMESTIC_MEN_TEAM_A","","DOMESTIC","Serbie","Crvena Zvezda","FK Crvena Zvezda","ZVE","720","MINUTE","8","1","1","74.71","KILOMETER","33.27","KILOMETER_PER_HOUR"
"250077679","50069","27","1998-04-29","21","Elšnik","SVN","UNKNOWN","MIDFIELDER","MALE","","./image/250077679.jpg","Timi Max Elšnik","MIDFIELDER","10","Elšnik","57163","","Slovénie","Milieu","Timi Max","Elšnik","Timi Max Elšnik","Elšnik","200147","./assoc/200147_SRB.svg","./logo/50069.png","UEFA","SRB","50069","FAME","Crvena Zvezda","","https://img.uefa.com/imgml/TP/teams/logos/70x70/50069.png","https://img.uefa.com/imgml/TP/teams/logos/240x240/50069.png","250069","ZVE","DOMESTIC_MEN_TEAM_A","","DOMESTIC","Serbie","Crvena Zvezda","FK Crvena Zvezda","ZVE","720","MINUTE","8","0","2","84.84","KILOMETER","33.66","KILOMETER_PER_HOUR"
"250132401","2601306","34","1991-10-03","7","LALA","FRA","UNKNOWN","DEFENDER","MALE","","./image/250132401.jpg","Kenny Lala","DEFENDER","","Lala","","","France","Défenseur","Kenny","Lala","Kenny Lala","Lala","200043","./assoc/200043_FRA.svg","./logo/2601306.png","UEFA","FRA","2601306","FAME","Brest","","https://img.uefa.com/imgml/TP/teams/logos/70x70/2601306.png","https://img.uefa.com/imgml/TP/teams/logos/240x240/2601306.png","250000621","BRE","DOMESTIC_MEN_TEAM_A","","DOMESTIC","France","Brest","Stade Brestois 29","BRE","720","MINUTE","8","0","0","88.18","KILOMETER","32.37","KILOMETER_PER_HOUR"
"250064444","52707","29","1996-05-02","22","Matviyenko","UKR","CENTRE_BACK","DEFENDER","MALE","181","./image/250064444.jpg","Mykola Matviyenko","DEFENDER","22","Matviyenko","57166","67","Ukraine","Défenseur","Mykola","Matviyenko","Mykola Matviyenko","Matviyenko","257166","./assoc/257166_UKR.svg","./logo/52707.png","UEFA","UKR","52707","FAME","Shakhtar","","https://img.uefa.com/imgml/TP/teams/logos/70x70/52707.png","https://img.uefa.com/imgml/TP/teams/logos/240x240/52707.png","252707","SHK","DOMESTIC_MEN_TEAM_A","","DOMESTIC","Ukraine","Shakhtar","FC Shakhtar Donetsk","SHK","720","MINUTE","8","0","0","86.04","KILOMETER","33.81","KILOMETER_PER_HOUR"
"250087118","52707","26","1999-02-27","5","Bondar","UKR","CENTRE_BACK","DEFENDER","MALE","","./image/250087118.jpg","Valeriy Bondar","DEFENDER","5","Bondar","57166","","Ukraine","Défenseur","Valeriy","Bondar","Valeriy Bondar","Bondar","257166","./assoc/257166_UKR.svg","./logo/52707.png","UEFA","UKR","52707","FAME","Shakhtar","","https://img.uefa.com/imgml/TP/teams/logos/70x70/52707.png","https://img.uefa.com/imgml/TP/teams/logos/240x240/52707.png","252707","SHK","DOMESTIC_MEN_TEAM_A","","DOMESTIC","Ukraine","Shakhtar","FC Shakhtar Donetsk","SHK","720","MINUTE","8","0","0","83.45","KILOMETER","33.46","KILOMETER_PER_HOUR"
"250051754","2603790","32","1992-11-03","4","Orbán","HUN","CENTRE_BACK","DEFENDER","MALE","","./image/250051754.jpg","Willi Orbán","DEFENDER","6","Orbán","57","","Hongrie","Défenseur","Willi","Orbán","Willi Orbán","Orbán","200047","./assoc/200047_GER.svg","./logo/2603790.png","UEFA","GER","2603790","FAME","Leipzig","","https://img.uefa.com/imgml/TP/teams/logos/70x70/2603790.png","https://img.uefa.com/imgml/TP/teams/logos/240x240/2603790.png","250002563","RBL","DOMESTIC_MEN_TEAM_A","","DOMESTIC","Allemagne","Leipzig","RB Leipzig","RBL","720","MINUTE","8","0","0","72.75","KILOMETER","32.08","KILOMETER_PER_HOUR"
"250130786","50033","22","2003-01-21","41","Vitík","CZE","CENTRE_BACK","DEFENDER","MALE","","./image/250130786.jpg","Martin Vitík","DEFENDER","6","Vitík","58837","","Tchéquie","Défenseur","Martin","Vitík","Martin Vitík","Vitík","258837","./assoc/258837_CZE.svg","./logo/50033.png","UEFA","CZE","50033","FAME","Sparta Praha","","https://img.uefa.com/imgml/TP/teams/logos/70x70/50033.png","https://img.uefa.com/imgml/TP/teams/logos/240x240/50033.png","250033","SPA","DOMESTIC_MEN_TEAM_A","","DOMESTIC","Tchéquie","Sparta Praha","AC Sparta Praha","SPA","720","MINUTE","8","0","0","72.28","KILOMETER","33.29","KILOMETER_PER_HOUR"
"250087877","50023","25","1999-11-16","1","Majecki","POL","GOALKEEPER","GOALKEEPER","MALE","","./image/250087877.jpg","Radosław Majecki","GOALKEEPER","22","Majecki","109","","Pologne","Gardien","Radosław","Majecki","Radosław Majecki","Majecki","200043","./assoc/200043_FRA.svg","./logo/50023.png","UEFA","FRA","50023","FAME","Monaco","","https://img.uefa.com/imgml/TP/teams/logos/70x70/50023.png","https://img.uefa.com/imgml/TP/teams/logos/240x240/50023.png","250023","MON","DOMESTIC_MEN_TEAM_A","","DOMESTIC","France","Monaco","AS Monaco","MON","720","MINUTE","8","0","0","41.08","KILOMETER","28.32","KILOMETER_PER_HOUR"
"250121017","52707","26","1999-01-30","31","Riznyk","UKR","GOALKEEPER","GOALKEEPER","MALE","","./image/250121017.jpg","Dmytro Riznyk","GOALKEEPER","23","Riznyk","57166","","Ukraine","Gardien","Dmytro","Riznyk","Dmytro Riznyk","Riznyk","257166","./assoc/257166_UKR.svg","./logo/52707.png","UEFA","UKR","52707","FAME","Shakhtar","","https://img.uefa.com/imgml/TP/teams/logos/70x70/52707.png","https://img.uefa.com/imgml/TP/teams/logos/240x240/52707.png","252707","SHK","DOMESTIC_MEN_TEAM_A","","DOMESTIC","Ukraine","Shakhtar","FC Shakhtar Donetsk","SHK","720","MINUTE","8","0","0","40.09","KILOMETER","25.77","KILOMETER_PER_HOUR"
"250124006","50149","25","2000-04-22","1","Israel","URU","UNKNOWN","GOALKEEPER","MALE","","./image/250124006.jpg","Franco Israel","GOALKEEPER","","Israel","","","Uruguay","Gardien","Franco","Israel","Franco Israel","Israel","200110","./assoc/200110_POR.svg","./logo/50149.png","UEFA","POR","50149","FAME","Sporting CP","","https://img.uefa.com/imgml/TP/teams/logos/70x70/50149.png","https://img.uefa.com/imgml/TP/teams/logos/240x240/50149.png","250149","SPO","DOMESTIC_MEN_TEAM_A","","DOMESTIC","Portugal","Sporting CP","Sporting Clube de Portugal","SPO","720","MINUTE","8","0","0","39.18","KILOMETER","22.6","KILOMETER_PER_HOUR"
"250157134","52797","26","1999-01-12","71","Takáč","SVK","UNKNOWN","GOALKEEPER","MALE","","./image/250157134.jpg","Dominik Takáč","GOALKEEPER","23","Takáč","58836","","Slovaquie","Gardien","Dominik","Takáč","Dominik Takáč","Takáč","258836","./assoc/258836_SVK.svg","./logo/52797.png","UEFA","SVK","52797","FAME","S. Bratislava","","https://img.uefa.com/imgml/TP/teams/logos/70x70/52797.png","https://img.uefa.com/imgml/TP/teams/logos/240x240/52797.png","252797","SLB","DOMESTIC_MEN_TEAM_A","","DOMESTIC","Slovaquie","S. Bratislava","ŠK Slovan Bratislava","SLB","720","MINUTE","8","0","0","38.72","KILOMETER","26.31","KILOMETER_PER_HOUR"
"250073809","52919","32","1993-08-17","31","EDERSON M.","BRA","UNKNOWN","GOALKEEPER","MALE","188","./image/250073809.jpg","Ederson","GOALKEEPER","23","EDERSON","18","81","Brésil","Gardien","","Ederson","Ederson","Ederson","200039","./assoc/200039_ENG.svg","./logo/52919.png","UEFA","ENG","52919","FAME","Man City","","https://img.uefa.com/imgml/TP/teams/logos/70x70/52919.png","https://img.uefa.com/imgml/TP/teams/logos/240x240/52919.png","252919","MCI","DOMESTIC_MEN_TEAM_A","","DOMESTIC","Angleterre","Man City","Manchester City","MCI","720","MINUTE","8","0","0","38.68","KILOMETER","27.88","KILOMETER_PER_HOUR"
"250105818","50033","27","1998-02-16","1","Vindahl","DEN","UNKNOWN","GOALKEEPER","MALE","","./image/250105818.jpg","Peter Vindahl","GOALKEEPER","22","Vindahl","35","","Danemark","Gardien","Peter","Vindahl","Peter Vindahl","Vindahl","258837","./assoc/258837_CZE.svg","./logo/50033.png","UEFA","CZE","50033","FAME","Sparta Praha","","https://img.uefa.com/imgml/TP/teams/logos/70x70/50033.png","https://img.uefa.com/imgml/TP/teams/logos/240x240/50033.png","250033","SPA","DOMESTIC_MEN_TEAM_A","","DOMESTIC","Tchéquie","Sparta Praha","AC Sparta Praha","SPA","720","MINUTE","8","0","0","37.36","KILOMETER","27.01","KILOMETER_PER_HOUR"
"250131541","52797","27","1998-04-02","28","Blackman","PAN","UNKNOWN","DEFENDER","MALE","","./image/250131541.jpg","Cesar Blackman","DEFENDER","","Blackman","","","Panama","Défenseur","Cesar","Blackman","Cesar Blackman","Blackman","258836","./assoc/258836_SVK.svg","./logo/52797.png","UEFA","SVK","52797","FAME","S. Bratislava","","https://img.uefa.com/imgml/TP/teams/logos/70x70/52797.png","https://img.uefa.com/imgml/TP/teams/logos/240x240/52797.png","252797","SLB","DOMESTIC_MEN_TEAM_A","","DOMESTIC","Slovaquie","S. Bratislava","ŠK Slovan Bratislava","SLB","719","MINUTE","8","0","0","81.31","KILOMETER","33.03","KILOMETER_PER_HOUR"
"250101201","50139","28","1997-07-27","16","Di Gregorio","ITA","GOALKEEPER","GOALKEEPER","MALE","","./image/250101201.jpg","Michele Di Gregorio","GOALKEEPER","12","Di Gregorio","66","","Italie","Gardien","Michele","Di Gregorio","Michele Di Gregorio","Di Gregorio","200066","./assoc/200066_ITA.svg","./logo/50139.png","UEFA","ITA","50139","FAME","Juventus","","https://img.uefa.com/imgml/TP/teams/logos/70x70/50139.png","https://img.uefa.com/imgml/TP/teams/logos/240x240/50139.png","250139","JUV","DOMESTIC_MEN_TEAM_A","","DOMESTIC","Italie","Juventus","Juventus","JUV","719","MINUTE","8","0","0","34.08","KILOMETER","27.04","KILOMETER_PER_HOUR"
"250174851","52749","28","1997-08-31","5","Smal","NED","UNKNOWN","DEFENDER","MALE","","./image/250174851.jpg","Gijs Smal","DEFENDER","","Smal","","","Pays-Bas","Défenseur","Gijs","Smal","Gijs Smal","Smal","200095","./assoc/200095_NED.svg","./logo/52749.png","UEFA","NED","52749","FAME","Feyenoord","","https://img.uefa.com/imgml/TP/teams/logos/70x70/52749.png","https://img.uefa.com/imgml/TP/teams/logos/240x240/52749.png","252749","FEY","DOMESTIC_MEN_TEAM_A","","DOMESTIC","Pays-Bas","Feyenoord","Feyenoord","FEY","717","MINUTE","11","0","1","88.41","KILOMETER","31.51","KILOMETER_PER_HOUR"
"250089225","50147","26","1999-08-19","61","Florentino","POR","DEFENSIVE_MIDFIELDER","MIDFIELDER","MALE","","./image/250089225.jpg","Florentino","MIDFIELDER","6","FLORENTINO","110","","Portugal","Milieu","","Florentino","Florentino","Florentino","200110","./assoc/200110_POR.svg","./logo/50147.png","UEFA","POR","50147","FAME","Benfica","","https://img.uefa.com/imgml/TP/teams/logos/70x70/50147.png","https://img.uefa.com/imgml/TP/teams/logos/240x240/50147.png","250147","BEN","DOMESTIC_MEN_TEAM_A","","DOMESTIC","Portugal","Benfica","SL Benfica","BEN","717","MINUTE","9","0","0","99.2","KILOMETER","30.43","KILOMETER_PER_HOUR"
"250097909","50138","33","1992-07-18","99","Taremi","IRN","STRIKER","FORWARD","MALE","","./image/250097909.jpg","Mehdi Taremi","FORWARD","9","Taremi","61","","Iran","Attaquant","Mehdi","Taremi","Mehdi Taremi","Taremi","200066","./assoc/200066_ITA.svg","./logo/50138.png","UEFA","ITA","50138","FAME","Inter","","https://img.uefa.com/imgml/TP/teams/logos/70x70/50138.png","https://img.uefa.com/imgml/TP/teams/logos/240x240/50138.png","250138","INT","DOMESTIC_MEN_TEAM_A","","DOMESTIC","Italie","Inter","FC Internazionale Milano","INT","715","MINUTE","12","1","3","74.2","KILOMETER","32.1","KILOMETER_PER_HOUR"
"250061721","52797","30","1994-12-20","12","Bajrić","SVN","CENTRE_BACK","DEFENDER","MALE","","./image/250061721.jpg","Kenan Bajrić","DEFENDER","19","Bajrić","57163","","Slovénie","Défenseur","Kenan","Bajrić","Kenan Bajrić","Bajrić","258836","./assoc/258836_SVK.svg","./logo/52797.png","UEFA","SVK","52797","FAME","S. Bratislava","","https://img.uefa.com/imgml/TP/teams/logos/70x70/52797.png","https://img.uefa.com/imgml/TP/teams/logos/240x240/52797.png","252797","SLB","DOMESTIC_MEN_TEAM_A","","DOMESTIC","Slovaquie","S. Bratislava","ŠK Slovan Bratislava","SLB","714","MINUTE","8","0","0","77.45","KILOMETER","33.96","KILOMETER_PER_HOUR"
"250079003","50033","26","1998-12-22","6","Kairinen","FIN","UNKNOWN","MIDFIELDER","MALE","","./image/250079003.jpg","Kaan Kairinen","MIDFIELDER","14","Kairinen","42","","Finlande","Milieu","Kaan","Kairinen","Kaan Kairinen","Kairinen","258837","./assoc/258837_CZE.svg","./logo/50033.png","UEFA","CZE","50033","FAME","Sparta Praha","","https://img.uefa.com/imgml/TP/teams/logos/70x70/50033.png","https://img.uefa.com/imgml/TP/teams/logos/240x240/50033.png","250033","SPA","DOMESTIC_MEN_TEAM_A","","DOMESTIC","Tchéquie","Sparta Praha","AC Sparta Praha","SPA","713","MINUTE","8","2","0","82.44","KILOMETER","31.21","KILOMETER_PER_HOUR"
"250091290","2601306","27","1998-06-30","45","CAMARA","FRA","UNKNOWN","MIDFIELDER","MALE","","./image/250091290.jpg","Mahdi Camara","MIDFIELDER","","Camara","2300043","","France","Milieu","Mahdi","Camara","Mahdi Camara","Camara","200043","./assoc/200043_FRA.svg","./logo/2601306.png","UEFA","FRA","2601306","FAME","Brest","","https://img.uefa.com/imgml/TP/teams/logos/70x70/2601306.png","https://img.uefa.com/imgml/TP/teams/logos/240x240/2601306.png","250000621","BRE","DOMESTIC_MEN_TEAM_A","","DOMESTIC","France","Brest","Stade Brestois 29","BRE","712","MINUTE","10","1","1","93.71","KILOMETER","35.14","KILOMETER_PER_HOUR"
"250174149","52816","26","1999-01-13","4","Hien","SWE","UNKNOWN","DEFENDER","MALE","","./image/250174149.jpg","Isak Hien","DEFENDER","4","Hien","127","","Suède","Défenseur","Isak","Hien","Isak Hien","Hien","200066","./assoc/200066_ITA.svg","./logo/52816.png","UEFA","ITA","52816","FAME","Atalanta","","https://img.uefa.com/imgml/TP/teams/logos/70x70/52816.png","https://img.uefa.com/imgml/TP/teams/logos/240x240/52816.png","252816","ATA","DOMESTIC_MEN_TEAM_A","","DOMESTIC","Italie","Atalanta","Atalanta BC","ATA","710","MINUTE","8","0","1","80.42","KILOMETER","34.64","KILOMETER_PER_HOUR"
"104733","52797","38","1987-07-04","4","Kashia","GEO","CENTRE_BACK","DEFENDER","MALE","185","./image/104733.jpg","Guram Kashia","DEFENDER","4","Kashia","57157","78","Géorgie","Défenseur","Guram","Kashia","Guram Kashia","Kashia","258836","./assoc/258836_SVK.svg","./logo/52797.png","UEFA","SVK","52797","FAME","S. Bratislava","","https://img.uefa.com/imgml/TP/teams/logos/70x70/52797.png","https://img.uefa.com/imgml/TP/teams/logos/240x240/52797.png","252797","SLB","DOMESTIC_MEN_TEAM_A","","DOMESTIC","Slovaquie","S. Bratislava","ŠK Slovan Bratislava","SLB","709","MINUTE","8","0","0","74.52","KILOMETER","31.89","KILOMETER_PER_HOUR"
"250090766","50107","28","1997-03-18","7","Mittelstädt","GER","FULL_BACK","DEFENDER","MALE","","./image/250090766.jpg","Maximilian Mittelstädt","DEFENDER","18","Mittelstädt","47","","Allemagne","Défenseur","Maximilian","Mittelstädt","Maximilian Mittelstädt","Mittelstädt","200047","./assoc/200047_GER.svg","./logo/50107.png","UEFA","GER","50107","FAME","Stuttgart","","https://img.uefa.com/imgml/TP/teams/logos/70x70/50107.png","https://img.uefa.com/imgml/TP/teams/logos/240x240/50107.png","250107","STU","DOMESTIC_MEN_TEAM_A","","DOMESTIC","Allemagne","Stuttgart","VfB Stuttgart","STU","706","MINUTE","8","0","3","86.65","KILOMETER","32.43","KILOMETER_PER_HOUR"
"250117705","52816","24","2001-03-10","17","De Ketelaere","BEL","CENTRAL_MIDFIELDER","FORWARD","MALE","","./image/250117705.jpg","Charles De Ketelaere","FORWARD","17","De Ketelaere","13","","Belgique","Attaquant","Charles","De Ketelaere","Charles De Ketelaere","De Ketelaere","200066","./assoc/200066_ITA.svg","./logo/52816.png","UEFA","ITA","52816","FAME","Atalanta","","https://img.uefa.com/imgml/TP/teams/logos/70x70/52816.png","https://img.uefa.com/imgml/TP/teams/logos/240x240/52816.png","252816","ATA","DOMESTIC_MEN_TEAM_A","","DOMESTIC","Italie","Atalanta","Atalanta BC","ATA","702","MINUTE","10","4","5","84.48","KILOMETER","33.43","KILOMETER_PER_HOUR"
"250091722","52683","25","1999-11-23","44","Kamara","FRA","CENTRE_BACK","MIDFIELDER","MALE","","./image/250091722.jpg","Boubacar Kamara","DEFENDER","18","Kamara","43","","France","Milieu","Boubacar","Kamara","Boubacar Kamara","Kamara","200039","./assoc/200039_ENG.svg","./logo/52683.png","UEFA","ENG","52683","FAME","Aston Villa","","https://img.uefa.com/imgml/TP/teams/logos/70x70/52683.png","https://img.uefa.com/imgml/TP/teams/logos/240x240/52683.png","252683","AVL","DOMESTIC_MEN_TEAM_A","","DOMESTIC","Angleterre","Aston Villa","Aston Villa FC","AVL","702","MINUTE","10","0","0","86.02","KILOMETER","32.52","KILOMETER_PER_HOUR"
"250119181","52707","23","2002-09-01","10","Sudakov","UKR","ATTACKING_MIDFIELDER","MIDFIELDER","MALE","","./image/250119181.jpg","Georgiy Sudakov","MIDFIELDER","17","Sudakov","57166","","Ukraine","Milieu","Georgiy","Sudakov","Georgiy Sudakov","Sudakov","257166","./assoc/257166_UKR.svg","./logo/52707.png","UEFA","UKR","52707","FAME","Shakhtar","","https://img.uefa.com/imgml/TP/teams/logos/70x70/52707.png","https://img.uefa.com/imgml/TP/teams/logos/240x240/52707.png","252707","SHK","DOMESTIC_MEN_TEAM_A","","DOMESTIC","Ukraine","Shakhtar","FC Shakhtar Donetsk","SHK","702","MINUTE","8","2","1","93.22","KILOMETER","32.68","KILOMETER_PER_HOUR"
"250189363","50069","26","1998-12-05","66","Seol","KOR","UNKNOWN","DEFENDER","MALE","","./image/250189363.jpg","Youngwoo Seol","DEFENDER","22","YW SEOL","74","","République de Corée","Défenseur","Youngwoo","Seol","Youngwoo Seol","YW Seol","200147","./assoc/200147_SRB.svg","./logo/50069.png","UEFA","SRB","50069","FAME","Crvena Zvezda","","https://img.uefa.com/imgml/TP/teams/logos/70x70/50069.png","https://img.uefa.com/imgml/TP/teams/logos/240x240/50069.png","250069","ZVE","DOMESTIC_MEN_TEAM_A","","DOMESTIC","Serbie","Crvena Zvezda","FK Crvena Zvezda","ZVE","701","MINUTE","8","0","3","79.61","KILOMETER","32.14","KILOMETER_PER_HOUR"
"250128120","50037","24","2000-11-02","19","Davies","CAN","FULL_BACK","MIDFIELDER","MALE","","./image/250128120.jpg","Alphonso Davies","DEFENDER","19","Davies","24","","Canada","Milieu","Alphonso","Davies","Alphonso Davies","Davies","200047","./assoc/200047_GER.svg","./logo/50037.png","UEFA","GER","50037","FAME","Bayern München","","https://img.uefa.com/imgml/TP/teams/logos/70x70/50037.png","https://img.uefa.com/imgml/TP/teams/logos/240x240/50037.png","250037","BAY","DOMESTIC_MEN_TEAM_A","","DOMESTIC","Allemagne","Bayern München","FC Bayern München","BAY","700","MINUTE","9","2","0","86.9","KILOMETER","35.6","KILOMETER_PER_HOUR"
"250116951","50138","24","2000-11-29","31","Bisseck","GER","UNKNOWN","DEFENDER","MALE","","./image/250116951.jpg","Yann Bisseck","DEFENDER","17","Bisseck","47","","Allemagne","Défenseur","Yann","Bisseck","Yann Bisseck","Bisseck","200066","./assoc/200066_ITA.svg","./logo/50138.png","UEFA","ITA","50138","FAME","Inter","","https://img.uefa.com/imgml/TP/teams/logos/70x70/50138.png","https://img.uefa.com/imgml/TP/teams/logos/240x240/50138.png","250138","INT","DOMESTIC_MEN_TEAM_A","","DOMESTIC","Italie","Inter","FC Internazionale Milano","INT","699","MINUTE","13","0","0","75.45","KILOMETER","32.91","KILOMETER_PER_HOUR"
"250064232","52816","33","1992-06-11","77","Zappacosta","ITA","FULL_BACK","DEFENDER","MALE","182","./image/250064232.jpg","Davide Zappacosta","DEFENDER","2","Zappacosta","66","70","Italie","Défenseur","Davide","Zappacosta","Davide Zappacosta","Zappacosta","200066","./assoc/200066_ITA.svg","./logo/52816.png","UEFA","ITA","52816","FAME","Atalanta","","https://img.uefa.com/imgml/TP/teams/logos/70x70/52816.png","https://img.uefa.com/imgml/TP/teams/logos/240x240/52816.png","252816","ATA","DOMESTIC_MEN_TEAM_A","","DOMESTIC","Italie","Atalanta","Atalanta BC","ATA","699","MINUTE","9","0","5","90.06","KILOMETER","33.34","KILOMETER_PER_HOUR"
"250150887","52683","29","1995-12-30","11","Watkins","ENG","UNKNOWN","FORWARD","MALE","","./image/250150887.jpg","Ollie Watkins","FORWARD","18","Watkins","39","","Angleterre","Attaquant","Ollie","Watkins","Ollie Watkins","Watkins","200039","./assoc/200039_ENG.svg","./logo/52683.png","UEFA","ENG","52683","FAME","Aston Villa","","https://img.uefa.com/imgml/TP/teams/logos/70x70/52683.png","https://img.uefa.com/imgml/TP/teams/logos/240x240/52683.png","252683","AVL","DOMESTIC_MEN_TEAM_A","","DOMESTIC","Angleterre","Aston Villa","Aston Villa FC","AVL","697","MINUTE","12","1","4","81.67","KILOMETER","33.0","KILOMETER_PER_HOUR"
"250196588","2601306","27","1998-05-30","8","MAGNETTI","FRA","UNKNOWN","MIDFIELDER","MALE","","./image/250196588.jpg","Hugo Magnetti","MIDFIELDER","","Magnetti","","","France","Milieu","Hugo","Magnetti","Hugo Magnetti","Magnetti","200043","./assoc/200043_FRA.svg","./logo/2601306.png","UEFA","FRA","2601306","FAME","Brest","","https://img.uefa.com/imgml/TP/teams/logos/70x70/2601306.png","https://img.uefa.com/imgml/TP/teams/logos/240x240/2601306.png","250000621","BRE","DOMESTIC_MEN_TEAM_A","","DOMESTIC","France","Brest","Stade Brestois 29","BRE","697","MINUTE","10","1","1","93.59","KILOMETER","29.92","KILOMETER_PER_HOUR"
"250112217","50107","24","2001-04-04","6","Stiller","GER","","MIDFIELDER","MALE","","./image/250112217.jpg","Angelo Stiller","MIDFIELDER","16","Stiller","47","","Allemagne","Milieu","Angelo","Stiller","Angelo Stiller","Stiller","200047","./assoc/200047_GER.svg","./logo/50107.png","UEFA","GER","50107","FAME","Stuttgart","","https://img.uefa.com/imgml/TP/teams/logos/70x70/50107.png","https://img.uefa.com/imgml/TP/teams/logos/240x240/50107.png","250107","STU","DOMESTIC_MEN_TEAM_A","","DOMESTIC","Allemagne","Stuttgart","VfB Stuttgart","STU","695","MINUTE","8","1","0","90.46","KILOMETER","30.95","KILOMETER_PER_HOUR"
"250079670","50124","30","1995-01-30","14","M. LLORENTE","ESP","UNKNOWN","MIDFIELDER","MALE","182","./image/250079670.jpg","Marcos Llorente","MIDFIELDER","14","M. LLORENTE","122","71","Espagne","Milieu","Marcos","Llorente","Marcos Llorente","Llorente","200122","./assoc/200122_ESP.svg","./logo/50124.png","UEFA","ESP","50124","FAME","Atleti","","https://img.uefa.com/imgml/TP/teams/logos/70x70/50124.png","https://img.uefa.com/imgml/TP/teams/logos/240x240/50124.png","250124","ATM","DOMESTIC_MEN_TEAM_A","","DOMESTIC","Espagne","Atleti","Atlético de Madrid","ATM","693","MINUTE","8","2","4","85.71","KILOMETER","35.3","KILOMETER_PER_HOUR"
"250127347","52758","23","2002-01-18","27","Adeyemi","GER","STRIKER","FORWARD","MALE","","./image/250127347.jpg","Karim Adeyemi","MIDFIELDER","14","Adeyemi","47","","Allemagne","Attaquant","Karim","Adeyemi","Karim Adeyemi","Adeyemi","200047","./assoc/200047_GER.svg","./logo/52758.png","UEFA","GER","52758","FAME","B. Dortmund","","https://img.uefa.com/imgml/TP/teams/logos/70x70/52758.png","https://img.uefa.com/imgml/TP/teams/logos/240x240/52758.png","252758","BVB","DOMESTIC_MEN_TEAM_A","","DOMESTIC","Allemagne","B. Dortmund","Borussia Dortmund","BVB","692","MINUTE","10","5","1","59.09","KILOMETER","35.33","KILOMETER_PER_HOUR"
"250118964","50107","23","2002-07-17","8","Millot","FRA","","MIDFIELDER","MALE","","./image/250118964.jpg","Enzo Millot","MIDFIELDER","10","MILLOT","200043","","France","Milieu","Enzo","Millot","Enzo Millot","Millot","200047","./assoc/200047_GER.svg","./logo/50107.png","UEFA","GER","50107","FAME","Stuttgart","","https://img.uefa.com/imgml/TP/teams/logos/70x70/50107.png","https://img.uefa.com/imgml/TP/teams/logos/240x240/50107.png","250107","STU","DOMESTIC_MEN_TEAM_A","","DOMESTIC","Allemagne","Stuttgart","VfB Stuttgart","STU","690","MINUTE","8","2","4","87.45","KILOMETER","31.16","KILOMETER_PER_HOUR"
"250101534","52919","25","2000-05-28","47","Foden","ENG","UNKNOWN","MIDFIELDER","MALE","","./image/250101534.jpg","Phil Foden","MIDFIELDER","10","Foden","39","","Angleterre","Milieu","Phil","Foden","Phil Foden","Foden","200039","./assoc/200039_ENG.svg","./logo/52919.png","UEFA","ENG","52919","FAME","Man City","","https://img.uefa.com/imgml/TP/teams/logos/70x70/52919.png","https://img.uefa.com/imgml/TP/teams/logos/240x240/52919.png","252919","MCI","DOMESTIC_MEN_TEAM_A","","DOMESTIC","Angleterre","Man City","Manchester City","MCI","689","MINUTE","9","3","1","89.68","KILOMETER","33.25","KILOMETER_PER_HOUR"
"50327428","50138","33","1992-02-05","6","de Vrij","NED","CENTRE_BACK","DEFENDER","MALE","","./image/50327428.jpg","Stefan de Vrij","DEFENDER","6","de Vrij","95","","Pays-Bas","Défenseur","Stefan","De Vrij","Stefan de Vrij","De Vrij","200066","./assoc/200066_ITA.svg","./logo/50138.png","UEFA","ITA","50138","FAME","Inter","","https://img.uefa.com/imgml/TP/teams/logos/70x70/50138.png","https://img.uefa.com/imgml/TP/teams/logos/240x240/50138.png","250138","INT","DOMESTIC_MEN_TEAM_A","","DOMESTIC","Italie","Inter","FC Internazionale Milano","INT","688","MINUTE","9","0","0","45.44","KILOMETER","32.03","KILOMETER_PER_HOUR"
"250091165","50062","26","1999-06-17","70","Lang","NED","WINGER","FORWARD","MALE","","./image/250091165.jpg","Noa Lang","FORWARD","17","Lang","95","","Pays-Bas","Attaquant","Noa","Lang","Noa Lang","Lang","200095","./assoc/200095_NED.svg","./logo/50062.png","UEFA","NED","50062","FAME","PSV","","https://img.uefa.com/imgml/TP/teams/logos/70x70/50062.png","https://img.uefa.com/imgml/TP/teams/logos/240x240/50062.png","250062","PSV","DOMESTIC_MEN_TEAM_A","","DOMESTIC","Pays-Bas","PSV","PSV Eindhoven","PSV","686","MINUTE","10","2","2","71.99","KILOMETER","32.93","KILOMETER_PER_HOUR"
"250096954","2603790","25","2000-02-16","20","Openda","BEL","STRIKER","FORWARD","MALE","","./image/250096954.jpg","Loïs Openda","FORWARD","9","Openda","13","","Belgique","Attaquant","Loïs","Openda","Loïs Openda","Openda","200047","./assoc/200047_GER.svg","./logo/2603790.png","UEFA","GER","2603790","FAME","Leipzig","","https://img.uefa.com/imgml/TP/teams/logos/70x70/2603790.png","https://img.uefa.com/imgml/TP/teams/logos/240x240/2603790.png","250002563","RBL","DOMESTIC_MEN_TEAM_A","","DOMESTIC","Allemagne","Leipzig","RB Leipzig","RBL","683","MINUTE","8","1","3","67.09","KILOMETER","35.55","KILOMETER_PER_HOUR"
"250153349","50030","21","2004-04-01","10","Oscar","ISR","CENTRAL_MIDFIELDER","MIDFIELDER","MALE","","./image/250153349.jpg","Oscar Gloukh","MIDFIELDER","11","Gloukh","65","","Israël","Milieu","Oscar","Gloukh","Oscar Gloukh","Gloukh","200008","./assoc/200008_AUT.svg","./logo/50030.png","UEFA","AUT","50030","FAME","Salzburg","","https://img.uefa.com/imgml/TP/teams/logos/70x70/50030.png","https://img.uefa.com/imgml/TP/teams/logos/240x240/50030.png","250030","SAL","DOMESTIC_MEN_TEAM_A","","DOMESTIC","Autriche","Salzburg","FC Salzburg","SAL","681","MINUTE","8","0","2","81.32","KILOMETER","32.98","KILOMETER_PER_HOUR"
"250028715","52816","32","1993-02-19","19","Djimsiti","ALB","FULL_BACK","DEFENDER","MALE","190","./image/250028715.jpg","Berat Djimsiti","DEFENDER","6","Gjimshiti","2","83","Albanie","Défenseur","Berat","Djimsiti","Berat Djimsiti","Djimsiti","200066","./assoc/200066_ITA.svg","./logo/52816.png","UEFA","ITA","52816","FAME","Atalanta","","https://img.uefa.com/imgml/TP/teams/logos/70x70/52816.png","https://img.uefa.com/imgml/TP/teams/logos/240x240/52816.png","252816","ATA","DOMESTIC_MEN_TEAM_A","","DOMESTIC","Italie","Atalanta","Atalanta BC","ATA","678","MINUTE","9","1","0","82.49","KILOMETER","31.23","KILOMETER_PER_HOUR"
"250088461","52683","28","1997-01-16","14","Pau","ESP","CENTRE_BACK","DEFENDER","MALE","","./image/250088461.jpg","Pau Torres","DEFENDER","4","Pau","122","","Espagne","Défenseur","","Pau Torres","Pau Torres","Pau Torres","200039","./assoc/200039_ENG.svg","./logo/52683.png","UEFA","ENG","52683","FAME","Aston Villa","","https://img.uefa.com/imgml/TP/teams/logos/70x70/52683.png","https://img.uefa.com/imgml/TP/teams/logos/240x240/52683.png","252683","AVL","DOMESTIC_MEN_TEAM_A","","DOMESTIC","Angleterre","Aston Villa","Aston Villa FC","AVL","678","MINUTE","9","0","1","77.11","KILOMETER","31.83","KILOMETER_PER_HOUR"
"250172672","7889","26","1998-12-24","10","Mac Allister","ARG","UNKNOWN","MIDFIELDER","MALE","","./image/250172672.jpg","Alexis Mac Allister","MIDFIELDER","5","Mac Allister","6","","Argentine","Milieu","Alexis","Mac Allister","Alexis Mac Allister","Mac Allister","200039","./assoc/200039_ENG.svg","./logo/7889.png","UEFA","ENG","7889","FAME","Liverpool","","https://img.uefa.com/imgml/TP/teams/logos/70x70/7889.png","https://img.uefa.com/imgml/TP/teams/logos/240x240/7889.png","207889","LIV","DOMESTIC_MEN_TEAM_A","","DOMESTIC","Angleterre","Liverpool","Liverpool FC","LIV","674","MINUTE","8","2","0","87.89","KILOMETER","32.28","KILOMETER_PER_HOUR"
"250108215","52797","24","2001-04-04","13","Strelec","SVK","STRIKER","FORWARD","MALE","","./image/250108215.jpg","David Strelec","FORWARD","15","Strelec","58836","","Slovaquie","Attaquant","David","Strelec","David Strelec","Strelec","258836","./assoc/258836_SVK.svg","./logo/52797.png","UEFA","SVK","52797","FAME","S. Bratislava","","https://img.uefa.com/imgml/TP/teams/logos/70x70/52797.png","https://img.uefa.com/imgml/TP/teams/logos/240x240/52797.png","252797","SLB","DOMESTIC_MEN_TEAM_A","","DOMESTIC","Slovaquie","S. Bratislava","ŠK Slovan Bratislava","SLB","674","MINUTE","8","2","0","81.65","KILOMETER","33.0","KILOMETER_PER_HOUR"
"250066747","50139","27","1998-01-08","5","Locatelli","ITA","DEFENSIVE_MIDFIELDER","MIDFIELDER","MALE","","./image/250066747.jpg","Manuel Locatelli","MIDFIELDER","5","Locatelli","66","","Italie","Milieu","Manuel","Locatelli","Manuel Locatelli","Locatelli","200066","./assoc/200066_ITA.svg","./logo/50139.png","UEFA","ITA","50139","FAME","Juventus","","https://img.uefa.com/imgml/TP/teams/logos/70x70/50139.png","https://img.uefa.com/imgml/TP/teams/logos/240x240/50139.png","250139","JUV","DOMESTIC_MEN_TEAM_A","","DOMESTIC","Italie","Juventus","Juventus","JUV","673","MINUTE","9","0","0","78.29","KILOMETER","29.75","KILOMETER_PER_HOUR"
"250112978","52707","25","2000-10-06","8","Kryskiv","UKR","","MIDFIELDER","MALE","","./image/250112978.jpg","Dmytro Kryskiv","MIDFIELDER","15","Kryskiv","57166","","Ukraine","Milieu","Dmytro","Kryskiv","Dmytro Kryskiv","Kryskiv","257166","./assoc/257166_UKR.svg","./logo/52707.png","UEFA","UKR","52707","FAME","Shakhtar","","https://img.uefa.com/imgml/TP/teams/logos/70x70/52707.png","https://img.uefa.com/imgml/TP/teams/logos/240x240/52707.png","252707","SHK","DOMESTIC_MEN_TEAM_A","","DOMESTIC","Ukraine","Shakhtar","FC Shakhtar Donetsk","SHK","673","MINUTE","8","0","0","85.09","KILOMETER","32.04","KILOMETER_PER_HOUR"
"250118391","50109","26","1999-02-02","12","Tapsoba","BFA","CENTRE_BACK","DEFENDER","MALE","","./image/250118391.jpg","Edmond Tapsoba","DEFENDER","12","Tapsoba","139","","Burkina Faso","Défenseur","Edmond","Tapsoba","Edmond Tapsoba","Tapsoba","200047","./assoc/200047_GER.svg","./logo/50109.png","UEFA","GER","50109","FAME","Leverkusen","","https://img.uefa.com/imgml/TP/teams/logos/70x70/50109.png","https://img.uefa.com/imgml/TP/teams/logos/240x240/50109.png","250109","LEV","DOMESTIC_MEN_TEAM_A","","DOMESTIC","Allemagne","Leverkusen","Bayer 04 Leverkusen","LEV","670","MINUTE","9","0","1","79.22","KILOMETER","33.29","KILOMETER_PER_HOUR"
"250130234","50111","22","2003-03-01","14","Bøving","DEN","WINGER","MIDFIELDER","MALE","","./image/250130234.jpg","William Bøving","MIDFIELDER","8","Bøving","200035","","Danemark","Milieu","William","Bøving","William Bøving","Bøving","200008","./assoc/200008_AUT.svg","./logo/50111.png","UEFA","AUT","50111","FAME","Sturm Graz","","https://img.uefa.com/imgml/TP/teams/logos/70x70/50111.png","https://img.uefa.com/imgml/TP/teams/logos/240x240/50111.png","250111","SGR","DOMESTIC_MEN_TEAM_A","","DOMESTIC","Autriche","Sturm Graz","SK Sturm Graz","SGR","669","MINUTE","8","0","2","90.37","KILOMETER","33.46","KILOMETER_PER_HOUR"
"250171055","50139","20","2005-05-04","10","Yıldız","TUR","UNKNOWN","FORWARD","MALE","","./image/250171055.jpg","Kenan Yıldız","FORWARD","11","YILDIZ","135","","Turquie","Attaquant","","Kenan Yıldız","Kenan Yıldız","Kenan Yıldız","200066","./assoc/200066_ITA.svg","./logo/50139.png","UEFA","ITA","50139","FAME","Juventus","","https://img.uefa.com/imgml/TP/teams/logos/70x70/50139.png","https://img.uefa.com/imgml/TP/teams/logos/240x240/50139.png","250139","JUV","DOMESTIC_MEN_TEAM_A","","DOMESTIC","Italie","Juventus","Juventus","JUV","668","MINUTE","10","1","1","76.69","KILOMETER","34.16","KILOMETER_PER_HOUR"
"250064252","50069","32","1993-10-07","33","Krunić","BIH","CENTRAL_MIDFIELDER","MIDFIELDER","MALE","184","./image/250064252.jpg","Rade Krunić","MIDFIELDER","8","Krunić","60094","74","Bosnie-Herzégovine","Milieu","Rade","Krunić","Rade Krunić","Krunić","200147","./assoc/200147_SRB.svg","./logo/50069.png","UEFA","SRB","50069","FAME","Crvena Zvezda","","https://img.uefa.com/imgml/TP/teams/logos/70x70/50069.png","https://img.uefa.com/imgml/TP/teams/logos/240x240/50069.png","250069","ZVE","DOMESTIC_MEN_TEAM_A","","DOMESTIC","Serbie","Crvena Zvezda","FK Crvena Zvezda","ZVE","668","MINUTE","8","1","2","79.17","KILOMETER","31.17","KILOMETER_PER_HOUR"
"250138928","50109","27","1998-10-05","25","Palacios","ARG","CENTRAL_MIDFIELDER","MIDFIELDER","MALE","","./image/250138928.jpg","Exequiel Palacios","MIDFIELDER","14","Palacios","6","","Argentine","Milieu","Exequiel","Palacios","Exequiel Palacios","Palacios","200047","./assoc/200047_GER.svg","./logo/50109.png","UEFA","GER","50109","FAME","Leverkusen","","https://img.uefa.com/imgml/TP/teams/logos/70x70/50109.png","https://img.uefa.com/imgml/TP/teams/logos/240x240/50109.png","250109","LEV","DOMESTIC_MEN_TEAM_A","","DOMESTIC","Allemagne","Leverkusen","Bayer 04 Leverkusen","LEV","666","MINUTE","10","0","0","86.38","KILOMETER","31.14","KILOMETER_PER_HOUR"
"250023009","52280","30","1994-12-04","19","Trossard","BEL","WINGER","MIDFIELDER","MALE","171","./image/250023009.jpg","Leandro Trossard","MIDFIELDER","10","Trossard","13","61","Belgique","Milieu","Leandro","Trossard","Leandro Trossard","Trossard","200039","./assoc/200039_ENG.svg","./logo/52280.png","UEFA","ENG","52280","FAME","Arsenal","","https://img.uefa.com/imgml/TP/teams/logos/70x70/52280.png","https://img.uefa.com/imgml/TP/teams/logos/240x240/52280.png","252280","ARS","DOMESTIC_MEN_TEAM_A","","DOMESTIC","Angleterre","Arsenal","Arsenal FC","ARS","665","MINUTE","14","2","3","89.51","KILOMETER","33.14","KILOMETER_PER_HOUR"
"250188223","50138","26","1999-01-07","30","Carlos","BRA","UNKNOWN","DEFENDER","MALE","","./image/250188223.jpg","Carlos Augusto","DEFENDER","","CARLOS","","","Brésil","Défenseur","Carlos","Augusto","Carlos Augusto","Augusto","200066","./assoc/200066_ITA.svg","./logo/50138.png","UEFA","ITA","50138","FAME","Inter","","https://img.uefa.com/imgml/TP/teams/logos/70x70/50138.png","https://img.uefa.com/imgml/TP/teams/logos/240x240/50138.png","250138","INT","DOMESTIC_MEN_TEAM_A","","DOMESTIC","Italie","Inter","FC Internazionale Milano","INT","664","MINUTE","13","0","2","64.02","KILOMETER","34.08","KILOMETER_PER_HOUR"
"250019573","52749","33","1992-03-25","18","Trauner","AUT","CENTRE_BACK","DEFENDER","MALE","","./image/250019573.jpg","Gernot Trauner","DEFENDER","5","Trauner","8","","Autriche","Défenseur","Gernot","Trauner","Gernot Trauner","Trauner","200095","./assoc/200095_NED.svg","./logo/52749.png","UEFA","NED","52749","FAME","Feyenoord","","https://img.uefa.com/imgml/TP/teams/logos/70x70/52749.png","https://img.uefa.com/imgml/TP/teams/logos/240x240/52749.png","252749","FEY","DOMESTIC_MEN_TEAM_A","","DOMESTIC","Pays-Bas","Feyenoord","Feyenoord","FEY","659","MINUTE","9","1","1","75.13","KILOMETER","31.94","KILOMETER_PER_HOUR"
"250081553","50139","27","1998-02-28","8","Koopmeiners","NED","CENTRAL_MIDFIELDER","MIDFIELDER","MALE","","./image/250081553.jpg","Teun Koopmeiners","MIDFIELDER","20","Koopmeiners","95","","Pays-Bas","Milieu","Teun","Koopmeiners","Teun Koopmeiners","Koopmeiners","200066","./assoc/200066_ITA.svg","./logo/50139.png","UEFA","ITA","50139","FAME","Juventus","","https://img.uefa.com/imgml/TP/teams/logos/70x70/50139.png","https://img.uefa.com/imgml/TP/teams/logos/240x240/50139.png","250139","JUV","DOMESTIC_MEN_TEAM_A","","DOMESTIC","Italie","Juventus","Juventus","JUV","655","MINUTE","9","0","0","79.94","KILOMETER","31.65","KILOMETER_PER_HOUR"
"250086789","2601306","29","1996-04-15","6","FERNANDES","SUI","UNKNOWN","MIDFIELDER","MALE","190","./image/250086789.jpg","Edimilson Fernandes","MIDFIELDER","17","Fernandes","128","70","Suisse","Milieu","Edimilson","Fernandes","Edimilson Fernandes","Fernandes","200043","./assoc/200043_FRA.svg","./logo/2601306.png","UEFA","FRA","2601306","FAME","Brest","","https://img.uefa.com/imgml/TP/teams/logos/70x70/2601306.png","https://img.uefa.com/imgml/TP/teams/logos/240x240/2601306.png","250000621","BRE","DOMESTIC_MEN_TEAM_A","","DOMESTIC","France","Brest","Stade Brestois 29","BRE","651","MINUTE","10","1","0","84.64","KILOMETER","32.81","KILOMETER_PER_HOUR"
"250004363","50164","33","1992-02-12","33","Ristovski","MKD","FULL_BACK","DEFENDER","MALE","180","./image/250004363.jpg","Stefan Ristovski","DEFENDER","13","Ristovski","59205","72","Macédoine du Nord","Défenseur","Stefan","Ristovski","Stefan Ristovski","S. Ristovski","256370","./assoc/256370_CRO.svg","./logo/50164.png","UEFA","CRO","50164","FAME","GNK Dinamo","","https://img.uefa.com/imgml/TP/teams/logos/70x70/50164.png","https://img.uefa.com/imgml/TP/teams/logos/240x240/50164.png","250164","DIN","DOMESTIC_MEN_TEAM_A","","DOMESTIC","Croatie","GNK Dinamo","GNK Dinamo","DIN","650","MINUTE","8","0","2","79.23","KILOMETER","32.41","KILOMETER_PER_HOUR"
"250091013","7889","26","1999-05-25","5","Konaté","FRA","CENTRE_BACK","DEFENDER","MALE","","./image/250091013.jpg","Ibrahima Konaté","DEFENDER","15","Konate","43","","France","Défenseur","Ibrahima","Konaté","Ibrahima Konaté","Konaté","200039","./assoc/200039_ENG.svg","./logo/7889.png","UEFA","ENG","7889","FAME","Liverpool","","https://img.uefa.com/imgml/TP/teams/logos/70x70/7889.png","https://img.uefa.com/imgml/TP/teams/logos/240x240/7889.png","207889","LIV","DOMESTIC_MEN_TEAM_A","","DOMESTIC","Angleterre","Liverpool","Liverpool FC","LIV","649","MINUTE","7","1","0","69.49","KILOMETER","34.11","KILOMETER_PER_HOUR"
"74699","50051","40","1985-09-09","10","MODRIĆ","CRO","CENTRAL_MIDFIELDER","MIDFIELDER","MALE","174","./image/74699.jpg","Luka Modrić","MIDFIELDER","10","Modrić","56370","65","Croatie","Milieu","Luka","Modrić","Luka Modrić","Modrić","200122","./assoc/200122_ESP.svg","./logo/50051.png","UEFA","ESP","50051","FAME","Real Madrid","","https://img.uefa.com/imgml/TP/teams/logos/70x70/50051.png","https://img.uefa.com/imgml/TP/teams/logos/240x240/50051.png","250051","RMA","DOMESTIC_MEN_TEAM_A","","DOMESTIC","Espagne","Real Madrid","Real Madrid C.F.","RMA","647","MINUTE","14","0","2","77.39","KILOMETER","31.13","KILOMETER_PER_HOUR"
"250161248","52969","26","1998-11-17","31","Beukema","NED","UNKNOWN","DEFENDER","MALE","","./image/250161248.jpg","Sam Beukema","DEFENDER","","Beukema","","","Pays-Bas","Défenseur","Sam","Beukema","Sam Beukema","Beukema","200066","./assoc/200066_ITA.svg","./logo/52969.png","UEFA","ITA","52969","FAME","Bologna","","https://img.uefa.com/imgml/TP/teams/logos/70x70/52969.png","https://img.uefa.com/imgml/TP/teams/logos/240x240/52969.png","252969","BOL","DOMESTIC_MEN_TEAM_A","","DOMESTIC","Italie","Bologna","Bologna FC 1909","BOL","647","MINUTE","8","0","1","76.66","KILOMETER","31.98","KILOMETER_PER_HOUR"
"250085369","52919","30","1995-07-19","25","Akanji","SUI","UNKNOWN","DEFENDER","MALE","187","./image/250085369.jpg","Manuel Akanji","DEFENDER","5","Akanji","128","","Suisse","Défenseur","Manuel","Akanji","Manuel Akanji","Akanji","200039","./assoc/200039_ENG.svg","./logo/52919.png","UEFA","ENG","52919","FAME","Man City","","https://img.uefa.com/imgml/TP/teams/logos/70x70/52919.png","https://img.uefa.com/imgml/TP/teams/logos/240x240/52919.png","252919","MCI","DOMESTIC_MEN_TEAM_A","","DOMESTIC","Angleterre","Man City","Manchester City","MCI","646","MINUTE","8","0","1","72.11","KILOMETER","33.28","KILOMETER_PER_HOUR"
"250107477","50107","27","1998-02-12","24","Chabot","GER","","DEFENDER","MALE","","./image/250107477.jpg","Jeff Chabot","DEFENDER","5","Chabot","200047","","Allemagne","Défenseur","Jeff","Chabot","Jeff Chabot","Chabot","200047","./assoc/200047_GER.svg","./logo/50107.png","UEFA","GER","50107","FAME","Stuttgart","","https://img.uefa.com/imgml/TP/teams/logos/70x70/50107.png","https://img.uefa.com/imgml/TP/teams/logos/240x240/50107.png","250107","STU","DOMESTIC_MEN_TEAM_A","","DOMESTIC","Allemagne","Stuttgart","VfB Stuttgart","STU","646","MINUTE","8","0","0","76.02","KILOMETER","32.43","KILOMETER_PER_HOUR"
"250122983","50139","25","2000-06-05","15","Kalulu","FRA","FULL_BACK","DEFENDER","MALE","","./image/250122983.jpg","Pierre Kalulu","DEFENDER","19","Kalulu","43","","France","Défenseur","Pierre","Kalulu","Pierre Kalulu","Kalulu","200066","./assoc/200066_ITA.svg","./logo/50139.png","UEFA","ITA","50139","FAME","Juventus","","https://img.uefa.com/imgml/TP/teams/logos/70x70/50139.png","https://img.uefa.com/imgml/TP/teams/logos/240x240/50139.png","250139","JUV","DOMESTIC_MEN_TEAM_A","","DOMESTIC","Italie","Juventus","Juventus","JUV","646","MINUTE","8","0","0","75.79","KILOMETER","34.51","KILOMETER_PER_HOUR"
"250132407","2601306","31","1994-02-25","19","L.AJORQUE","FRA","UNKNOWN","FORWARD","MALE","","./image/250132407.jpg","Ludovic Ajorque","FORWARD","","Ajorque","","","France","Attaquant","Ludovic","Ajorque","Ludovic Ajorque","Ajorque","200043","./assoc/200043_FRA.svg","./logo/2601306.png","UEFA","FRA","2601306","FAME","Brest","","https://img.uefa.com/imgml/TP/teams/logos/70x70/2601306.png","https://img.uefa.com/imgml/TP/teams/logos/240x240/2601306.png","250000621","BRE","DOMESTIC_MEN_TEAM_A","","DOMESTIC","France","Brest","Stade Brestois 29","BRE","643","MINUTE","8","0","3","73.81","KILOMETER","32.29","KILOMETER_PER_HOUR"
"250041626","52816","32","1993-06-20","23","Kolašinac","BIH","FULL_BACK","DEFENDER","MALE","183","./image/250041626.jpg","Sead Kolašinac","DEFENDER","5","Kolašinac","60094","82","Bosnie-Herzégovine","Défenseur","Sead","Kolašinac","Sead Kolašinac","Kolašinac","200066","./assoc/200066_ITA.svg","./logo/52816.png","UEFA","ITA","52816","FAME","Atalanta","","https://img.uefa.com/imgml/TP/teams/logos/70x70/52816.png","https://img.uefa.com/imgml/TP/teams/logos/240x240/52816.png","252816","ATA","DOMESTIC_MEN_TEAM_A","","DOMESTIC","Italie","Atalanta","Atalanta BC","ATA","639","MINUTE","9","1","1","75.65","KILOMETER","32.9","KILOMETER_PER_HOUR"
"250139207","52919","20","2004-11-21","82","Lewis","ENG","UNKNOWN","DEFENDER","MALE","","./image/250139207.jpg","Rico Lewis","DEFENDER","2","Lewis","39","","Angleterre","Défenseur","Rico","Lewis","Rico Lewis","Lewis","200039","./assoc/200039_ENG.svg","./logo/52919.png","UEFA","ENG","52919","FAME","Man City","","https://img.uefa.com/imgml/TP/teams/logos/70x70/52919.png","https://img.uefa.com/imgml/TP/teams/logos/240x240/52919.png","252919","MCI","DOMESTIC_MEN_TEAM_A","","DOMESTIC","Angleterre","Man City","Manchester City","MCI","639","MINUTE","9","0","1","78.54","KILOMETER","32.53","KILOMETER_PER_HOUR"
"250104066","7889","24","2000-10-25","8","Szoboszlai","HUN","CENTRAL_MIDFIELDER","MIDFIELDER","MALE","","./image/250104066.jpg","Dominik Szoboszlai","MIDFIELDER","10","Szoboszlai","57","","Hongrie","Milieu","Dominik","Szoboszlai","Dominik Szoboszlai","Szoboszlai","200039","./assoc/200039_ENG.svg","./logo/7889.png","UEFA","ENG","7889","FAME","Liverpool","","https://img.uefa.com/imgml/TP/teams/logos/70x70/7889.png","https://img.uefa.com/imgml/TP/teams/logos/240x240/7889.png","207889","LIV","DOMESTIC_MEN_TEAM_A","","DOMESTIC","Angleterre","Liverpool","Liverpool FC","LIV","637","MINUTE","9","1","1","82.91","KILOMETER","34.52","KILOMETER_PER_HOUR"
"250135672","2601306","22","2003-10-14","44","COULIBALY","FRA","UNKNOWN","DEFENDER","MALE","","./image/250135672.jpg","Soumaïla Coulibaly","DEFENDER","","COULIBALY","","","France","Défenseur","Soumaïla","Coulibaly","Soumaïla Coulibaly","Coulibaly","200043","./assoc/200043_FRA.svg","./logo/2601306.png","UEFA","FRA","2601306","FAME","Brest","","https://img.uefa.com/imgml/TP/teams/logos/70x70/2601306.png","https://img.uefa.com/imgml/TP/teams/logos/240x240/2601306.png","250000621","BRE","DOMESTIC_MEN_TEAM_A","","DOMESTIC","France","Brest","Stade Brestois 29","BRE","635","MINUTE","8","0","0","69.26","KILOMETER","32.48","KILOMETER_PER_HOUR"
"250063984","50037","29","1996-01-11","10","SANÉ","GER","WINGER","MIDFIELDER","MALE","183","./image/250063984.jpg","Leroy Sané","MIDFIELDER","19","Sané","47","75","Allemagne","Milieu","Leroy","Sané","Leroy Sané","Sané","200047","./assoc/200047_GER.svg","./logo/50037.png","UEFA","GER","50037","FAME","Bayern München","","https://img.uefa.com/imgml/TP/teams/logos/70x70/50037.png","https://img.uefa.com/imgml/TP/teams/logos/240x240/50037.png","250037","BAY","DOMESTIC_MEN_TEAM_A","","DOMESTIC","Allemagne","Bayern München","FC Bayern München","BAY","634","MINUTE","13","1","0","75.62","KILOMETER","34.52","KILOMETER_PER_HOUR"
"250132811","7889","28","1997-01-13","14","Luis Díaz","COL","CENTRAL_MIDFIELDER","FORWARD","MALE","","./image/250132811.jpg","Luis Díaz","MIDFIELDER","7","Luis Diaz","29","","Colombie","Attaquant","","Luis Díaz","Luis Díaz","Luis Díaz","200039","./assoc/200039_ENG.svg","./logo/7889.png","UEFA","ENG","7889","FAME","Liverpool","","https://img.uefa.com/imgml/TP/teams/logos/70x70/7889.png","https://img.uefa.com/imgml/TP/teams/logos/240x240/7889.png","207889","LIV","DOMESTIC_MEN_TEAM_A","","DOMESTIC","Angleterre","Liverpool","Liverpool FC","LIV","633","MINUTE","9","3","0","82.1","KILOMETER","33.21","KILOMETER_PER_HOUR"
"250096698","50058","27","1998-09-18","11","PULISIC","USA","UNKNOWN","FORWARD","MALE","172","./image/250096698.jpg","Christian Pulišić","MIDFIELDER","10","Pulisic","140","69","Etats-Unis","Attaquant","Christian","Pulišić","Christian Pulišić","Pulišić","200066","./assoc/200066_ITA.svg","./logo/50058.png","UEFA","ITA","50058","FAME","Milan","","https://img.uefa.com/imgml/TP/teams/logos/70x70/50058.png","https://img.uefa.com/imgml/TP/teams/logos/240x240/50058.png","250058","MIL","DOMESTIC_MEN_TEAM_A","","DOMESTIC","Italie","Milan","AC Milan","MIL","632","MINUTE","9","4","1","87.25","KILOMETER","33.53","KILOMETER_PER_HOUR"
"250129965","50080","22","2003-09-14","17","M.Casado","ESP","UNKNOWN","DEFENDER","MALE","","./image/250129965.jpg","Marc Casadó","MIDFIELDER","16","M. Casadó","122","","Espagne","Défenseur","Marc","Casadó","Marc Casadó","Casadó","200122","./assoc/200122_ESP.svg","./logo/50080.png","UEFA","ESP","50080","FAME","Barcelona","","https://img.uefa.com/imgml/TP/teams/logos/70x70/50080.png","https://img.uefa.com/imgml/TP/teams/logos/240x240/50080.png","250080","BAR","DOMESTIC_MEN_TEAM_A","","DOMESTIC","Espagne","Barcelona","FC Barcelona","BAR","631","MINUTE","10","0","2","84.76","KILOMETER","29.93","KILOMETER_PER_HOUR"
"250126449","50030","23","2002-08-18","17","Dedić","BIH","UNKNOWN","DEFENDER","MALE","","./image/250126449.jpg","Amar Dedić","DEFENDER","7","Dedić","60094","","Bosnie-Herzégovine","Défenseur","Amar","Dedić","Amar Dedić","Dedić","200008","./assoc/200008_AUT.svg","./logo/50030.png","UEFA","AUT","50030","FAME","Salzburg","","https://img.uefa.com/imgml/TP/teams/logos/70x70/50030.png","https://img.uefa.com/imgml/TP/teams/logos/240x240/50030.png","250030","SAL","DOMESTIC_MEN_TEAM_A","","DOMESTIC","Autriche","Salzburg","FC Salzburg","SAL","630","MINUTE","7","0","1","70.45","KILOMETER","33.5","KILOMETER_PER_HOUR"
"250116734","2602798","26","1999-04-20","18","Krejčí","CZE","WINGER","DEFENDER","MALE","","./image/250116734.jpg","Ladislav Krejčí","DEFENDER","7","Krejčí","58837","","Tchéquie","Défenseur","Ladislav","Krejčí","Ladislav Krejčí","Krejčí","200122","./assoc/200122_ESP.svg","./logo/2602798.png","UEFA","ESP","2602798","FAME","Girona","","https://img.uefa.com/imgml/TP/teams/logos/70x70/2602798.png","https://img.uefa.com/imgml/TP/teams/logos/240x240/2602798.png","250001774","GIR","DOMESTIC_MEN_TEAM_A","","DOMESTIC","Espagne","Girona","Girona FC","GIR","630","MINUTE","7","0","0","76.81","KILOMETER","33.71","KILOMETER_PER_HOUR"
"250042779","50124","30","1995-06-17","15","LENGLET","FRA","UNKNOWN","DEFENDER","MALE","186","./image/250042779.jpg","Clément Lenglet","DEFENDER","5","Lenglet","43","81","France","Défenseur","Clément","Lenglet","Clément Lenglet","Lenglet","200122","./assoc/200122_ESP.svg","./logo/50124.png","UEFA","ESP","50124","FAME","Atleti","","https://img.uefa.com/imgml/TP/teams/logos/70x70/50124.png","https://img.uefa.com/imgml/TP/teams/logos/240x240/50124.png","250124","ATM","DOMESTIC_MEN_TEAM_A","","DOMESTIC","Espagne","Atleti","Atlético de Madrid","ATM","630","MINUTE","7","0","0","73.69","KILOMETER","33.05","KILOMETER_PER_HOUR"
"250000679","50164","35","1989-10-28","28","Theophile","FRA","FULL_BACK","DEFENDER","MALE","183","./image/250000679.jpg","Kévin Théophile-Catherine","DEFENDER","","Théophile","43","85","France","Défenseur","Kévin","Théophile-Catherine","Kévin Théophile-Catherine","Théophile-Catherine","256370","./assoc/256370_CRO.svg","./logo/50164.png","UEFA","CRO","50164","FAME","GNK Dinamo","","https://img.uefa.com/imgml/TP/teams/logos/70x70/50164.png","https://img.uefa.com/imgml/TP/teams/logos/240x240/50164.png","250164","DIN","DOMESTIC_MEN_TEAM_A","","DOMESTIC","Croatie","GNK Dinamo","GNK Dinamo","DIN","630","MINUTE","7","0","0","68.5","KILOMETER","33.73","KILOMETER_PER_HOUR"
"250016616","50069","32","1993-02-13","5","Spajić","SRB","CENTRE_BACK","DEFENDER","MALE","","./image/250016616.jpg","Uroš Spajić","DEFENDER","24","Spajić","147","","Serbie","Défenseur","Uroš","Spajić","Uroš Spajić","Spajić","200147","./assoc/200147_SRB.svg","./logo/50069.png","UEFA","SRB","50069","FAME","Crvena Zvezda","","https://img.uefa.com/imgml/TP/teams/logos/70x70/50069.png","https://img.uefa.com/imgml/TP/teams/logos/240x240/50069.png","250069","ZVE","DOMESTIC_MEN_TEAM_A","","DOMESTIC","Serbie","Crvena Zvezda","FK Crvena Zvezda","ZVE","630","MINUTE","7","0","0","63.2","KILOMETER","31.92","KILOMETER_PER_HOUR"
"250087102","50107","29","1996-09-30","33","Nübel","GER","GOALKEEPER","GOALKEEPER","MALE","193","./image/250087102.jpg","Alexander Nübel","GOALKEEPER","12","Nübel","47","85","Allemagne","Gardien","Alexander","Nübel","Alexander Nübel","Nübel","200047","./assoc/200047_GER.svg","./logo/50107.png","UEFA","GER","50107","FAME","Stuttgart","","https://img.uefa.com/imgml/TP/teams/logos/70x70/50107.png","https://img.uefa.com/imgml/TP/teams/logos/240x240/50107.png","250107","STU","DOMESTIC_MEN_TEAM_A","","DOMESTIC","Allemagne","Stuttgart","VfB Stuttgart","STU","630","MINUTE","7","0","0","37.01","KILOMETER","23.2","KILOMETER_PER_HOUR"
"250040573","52969","34","1991-05-05","1","Skorupski","POL","UNKNOWN","GOALKEEPER","MALE","187","./image/250040573.jpg","Łukasz Skorupski","GOALKEEPER","1","Skorupski","109","","Pologne","Gardien","Łukasz","Skorupski","Łukasz Skorupski","Skorupski","200066","./assoc/200066_ITA.svg","./logo/52969.png","UEFA","ITA","52969","FAME","Bologna","","https://img.uefa.com/imgml/TP/teams/logos/70x70/52969.png","https://img.uefa.com/imgml/TP/teams/logos/240x240/52969.png","252969","BOL","DOMESTIC_MEN_TEAM_A","","DOMESTIC","Italie","Bologna","Bologna FC 1909","BOL","630","MINUTE","7","0","0","32.44","KILOMETER","27.16","KILOMETER_PER_HOUR"
"250085475","2602798","33","1992-01-02","13","Gazzaniga","ARG","UNKNOWN","GOALKEEPER","MALE","","./image/250085475.jpg","Paulo Gazzaniga","GOALKEEPER","","Gazzaniga","","","Argentine","Gardien","Paulo","Gazzaniga","Paulo Gazzaniga","Gazzaniga","200122","./assoc/200122_ESP.svg","./logo/2602798.png","UEFA","ESP","2602798","FAME","Girona","","https://img.uefa.com/imgml/TP/teams/logos/70x70/2602798.png","https://img.uefa.com/imgml/TP/teams/logos/240x240/2602798.png","250001774","GIR","DOMESTIC_MEN_TEAM_A","","DOMESTIC","Espagne","Girona","Girona FC","GIR","630","MINUTE","7","0","0","31.9","KILOMETER","28.95","KILOMETER_PER_HOUR"
"250200231","50149","25","2000-02-15","20","M. Araújo","URU","UNKNOWN","MIDFIELDER","MALE","","./image/250200231.jpg","Maximiliano Araújo","MIDFIELDER","","M. Araújo","","","Uruguay","Milieu","Maximiliano","Araújo","Maximiliano Araújo","Araújo","200110","./assoc/200110_POR.svg","./logo/50149.png","UEFA","POR","50149","FAME","Sporting CP","","https://img.uefa.com/imgml/TP/teams/logos/70x70/50149.png","https://img.uefa.com/imgml/TP/teams/logos/240x240/50149.png","250149","SPO","DOMESTIC_MEN_TEAM_A","","DOMESTIC","Portugal","Sporting CP","Sporting Clube de Portugal","SPO","627","MINUTE","10","1","2","72.19","KILOMETER","32.94","KILOMETER_PER_HOUR"
"250157930","50031","26","1999-08-05","77","J. MONTEIRO","SUI","UNKNOWN","FORWARD","MALE","","./image/250157930.jpg","Joel Monteiro","FORWARD","14","Monteiro","128","","Suisse","Attaquant","Joel","Monteiro","Joel Monteiro","Monteiro","200128","./assoc/200128_SUI.svg","./logo/50031.png","UEFA","SUI","50031","FAME","Young Boys","","https://img.uefa.com/imgml/TP/teams/logos/70x70/50031.png","https://img.uefa.com/imgml/TP/teams/logos/240x240/50031.png","250031","YB","DOMESTIC_MEN_TEAM_A","","DOMESTIC","Suisse","Young Boys","BSC Young Boys","YB","627","MINUTE","8","0","0","76.31","KILOMETER","34.2","KILOMETER_PER_HOUR"
"250103243","50111","28","1997-01-13","24","Lavalee","BEL","CENTRE_BACK","DEFENDER","MALE","","./image/250103243.jpg","Dimitri Lavalée","DEFENDER","","Lavalee","","","Belgique","Défenseur","Dimitri","Lavalée","Dimitri Lavalée","Lavalée","200008","./assoc/200008_AUT.svg","./logo/50111.png","UEFA","AUT","50111","FAME","Sturm Graz","","https://img.uefa.com/imgml/TP/teams/logos/70x70/50111.png","https://img.uefa.com/imgml/TP/teams/logos/240x240/50111.png","250111","SGR","DOMESTIC_MEN_TEAM_A","","DOMESTIC","Autriche","Sturm Graz","SK Sturm Graz","SGR","627","MINUTE","7","0","0","73.98","KILOMETER","31.99","KILOMETER_PER_HOUR"
"250140940","50164","22","2003-02-16","10","Baturina","CRO","ATTACKING_MIDFIELDER","MIDFIELDER","MALE","","./image/250140940.jpg","Martin Baturina","MIDFIELDER","16","Baturina","56370","","Croatie","Milieu","Martin","Baturina","Martin Baturina","Baturina","256370","./assoc/256370_CRO.svg","./logo/50164.png","UEFA","CRO","50164","FAME","GNK Dinamo","","https://img.uefa.com/imgml/TP/teams/logos/70x70/50164.png","https://img.uefa.com/imgml/TP/teams/logos/240x240/50164.png","250164","DIN","DOMESTIC_MEN_TEAM_A","","DOMESTIC","Croatie","GNK Dinamo","GNK Dinamo","DIN","625","MINUTE","8","2","1","78.6","KILOMETER","32.97","KILOMETER_PER_HOUR"
"250196712","50069","27","1998-10-06","15","Silas","COD","UNKNOWN","FORWARD","MALE","","./image/250196712.jpg","Silas","FORWARD",""," Katompa Mvumpa","","","RD Congo","Attaquant","","Silas","Silas","Silas","200147","./assoc/200147_SRB.svg","./logo/50069.png","UEFA","SRB","50069","FAME","Crvena Zvezda","","https://img.uefa.com/imgml/TP/teams/logos/70x70/50069.png","https://img.uefa.com/imgml/TP/teams/logos/240x240/50069.png","250069","ZVE","DOMESTIC_MEN_TEAM_A","","DOMESTIC","Serbie","Crvena Zvezda","FK Crvena Zvezda","ZVE","624","MINUTE","8","2","0","66.37","KILOMETER","34.45","KILOMETER_PER_HOUR"
"250191448","75797","18","2007-10-02","32","BOUADDI","FRA","UNKNOWN","MIDFIELDER","MALE","","./image/250191448.jpg","Ayyoub Bouaddi","MIDFIELDER","20","BOUADDI","200043","","France","Milieu","Ayyoub","Bouaddi","Ayyoub Bouaddi","Bouaddi","200043","./assoc/200043_FRA.svg","./logo/75797.png","UEFA","FRA","75797","FAME","Lille","","https://img.uefa.com/imgml/TP/teams/logos/70x70/75797.png","https://img.uefa.com/imgml/TP/teams/logos/240x240/75797.png","275797","LIL","DOMESTIC_MEN_TEAM_A","","DOMESTIC","France","Lille","LOSC Lille","LIL","622","MINUTE","9","0","1","77.96","KILOMETER","30.79","KILOMETER_PER_HOUR"
"250188511","50107","24","2001-05-29","29","Rouault","FRA","UNKNOWN","DEFENDER","MALE","","./image/250188511.jpg","Anthony Rouault","DEFENDER","","ROUAULT","","","France","Défenseur","Anthony","Rouault","Anthony Rouault","Rouault","200047","./assoc/200047_GER.svg","./logo/50107.png","UEFA","GER","50107","FAME","Stuttgart","","https://img.uefa.com/imgml/TP/teams/logos/70x70/50107.png","https://img.uefa.com/imgml/TP/teams/logos/240x240/50107.png","250107","STU","DOMESTIC_MEN_TEAM_A","","DOMESTIC","Allemagne","Stuttgart","VfB Stuttgart","STU","622","MINUTE","7","0","0","72.18","KILOMETER","31.68","KILOMETER_PER_HOUR"
"250200228","50111","19","2005-11-18","8","Yalcouye","MLI","","MIDFIELDER","MALE","","./image/250200228.jpg","Malick Yalcouye","MIDFIELDER","","Yalcouye","","","Mali","Milieu","Malick","Yalcouye","Malick Yalcouye","Yalcouye","200008","./assoc/200008_AUT.svg","./logo/50111.png","UEFA","AUT","50111","FAME","Sturm Graz","","https://img.uefa.com/imgml/TP/teams/logos/70x70/50111.png","https://img.uefa.com/imgml/TP/teams/logos/240x240/50111.png","250111","SGR","DOMESTIC_MEN_TEAM_A","","DOMESTIC","Autriche","Sturm Graz","SK Sturm Graz","SGR","621","MINUTE","8","0","0","85.02","KILOMETER","32.65","KILOMETER_PER_HOUR"
"250104075","2603790","25","2000-07-18","3","Geertruida","NED","CENTRE_BACK","DEFENDER","MALE","","./image/250104075.jpg","Lutsharel Geertruida","DEFENDER","2","Geertruida","95","","Pays-Bas","Défenseur","Lutsharel","Geertruida","Lutsharel Geertruida","Geertruida","200047","./assoc/200047_GER.svg","./logo/2603790.png","UEFA","GER","2603790","FAME","Leipzig","","https://img.uefa.com/imgml/TP/teams/logos/70x70/2603790.png","https://img.uefa.com/imgml/TP/teams/logos/240x240/2603790.png","250002563","RBL","DOMESTIC_MEN_TEAM_A","","DOMESTIC","Allemagne","Leipzig","RB Leipzig","RBL","621","MINUTE","8","0","0","57.09","KILOMETER","32.48","KILOMETER_PER_HOUR"
"250112224","52758","25","2000-10-10","8","Nmecha","GER","","MIDFIELDER","MALE","","./image/250112224.jpg","Felix Nmecha","MIDFIELDER","13","Nmecha","47","","Allemagne","Milieu","Felix","Nmecha","Felix Nmecha","Nmecha","200047","./assoc/200047_GER.svg","./logo/52758.png","UEFA","GER","52758","FAME","B. Dortmund","","https://img.uefa.com/imgml/TP/teams/logos/70x70/52758.png","https://img.uefa.com/imgml/TP/teams/logos/240x240/52758.png","252758","BVB","DOMESTIC_MEN_TEAM_A","","DOMESTIC","Allemagne","B. Dortmund","Borussia Dortmund","BVB","619","MINUTE","9","1","1","62.71","KILOMETER","34.71","KILOMETER_PER_HOUR"
"250125538","52969","24","2000-10-25","14","Ndoye","SUI","WINGER","FORWARD","MALE","","./image/250125538.jpg","Dan Ndoye","FORWARD","11","Ndoye","128","","Suisse","Attaquant","Dan","Ndoye","Dan Ndoye","Ndoye","200066","./assoc/200066_ITA.svg","./logo/52969.png","UEFA","ITA","52969","FAME","Bologna","","https://img.uefa.com/imgml/TP/teams/logos/70x70/52969.png","https://img.uefa.com/imgml/TP/teams/logos/240x240/52969.png","252969","BOL","DOMESTIC_MEN_TEAM_A","","DOMESTIC","Italie","Bologna","Bologna FC 1909","BOL","619","MINUTE","8","0","0","69.54","KILOMETER","35.03","KILOMETER_PER_HOUR"
"250124222","52758","22","2002-10-17","14","Beier","GER","STRIKER","FORWARD","MALE","","./image/250124222.jpg","Maximilian Beier","FORWARD","9","Beier","47","","Allemagne","Attaquant","Maximilian","Beier","Maximilian Beier","Beier","200047","./assoc/200047_GER.svg","./logo/52758.png","UEFA","GER","52758","FAME","B. Dortmund","","https://img.uefa.com/imgml/TP/teams/logos/70x70/52758.png","https://img.uefa.com/imgml/TP/teams/logos/240x240/52758.png","252758","BVB","DOMESTIC_MEN_TEAM_A","","DOMESTIC","Allemagne","B. Dortmund","Borussia Dortmund","BVB","617","MINUTE","12","1","0","55.43","KILOMETER","34.59","KILOMETER_PER_HOUR"
"250029318","75797","34","1991-09-12","12","MEUNIER","BEL","FULL_BACK","DEFENDER","MALE","190","./image/250029318.jpg","Thomas Meunier","DEFENDER","15","Meunier","13","78","Belgique","Défenseur","Thomas","Meunier","Thomas Meunier","Meunier","200043","./assoc/200043_FRA.svg","./logo/75797.png","UEFA","FRA","75797","FAME","Lille","","https://img.uefa.com/imgml/TP/teams/logos/70x70/75797.png","https://img.uefa.com/imgml/TP/teams/logos/240x240/75797.png","275797","LIL","DOMESTIC_MEN_TEAM_A","","DOMESTIC","France","Lille","LOSC Lille","LIL","617","MINUTE","9","0","1","71.87","KILOMETER","32.78","KILOMETER_PER_HOUR"
"250065419","52816","28","1997-05-14","5","Posch","AUT","CENTRE_BACK","DEFENDER","MALE","","./image/250065419.jpg","Stefan Posch","DEFENDER","5","Posch","8","","Autriche","Défenseur","Stefan","Posch","Stefan Posch","Posch","200066","./assoc/200066_ITA.svg","./logo/52816.png","UEFA","ITA","52816","FAME","Atalanta","","https://img.uefa.com/imgml/TP/teams/logos/70x70/52816.png","https://img.uefa.com/imgml/TP/teams/logos/240x240/52816.png","252816","ATA","DOMESTIC_MEN_TEAM_A","","DOMESTIC","Italie","Atalanta","Atalanta BC","ATA","617","MINUTE","8","0","0","80.54","KILOMETER","33.18","KILOMETER_PER_HOUR"
"250139010","50030","21","2004-03-31","6","Baidoo","AUT","UNKNOWN","DEFENDER","MALE","","./image/250139010.jpg","Samson Baidoo","DEFENDER","5","Baidoo","8","","Autriche","Défenseur","Samson","Baidoo","Samson Baidoo","Baidoo","200008","./assoc/200008_AUT.svg","./logo/50030.png","UEFA","AUT","50030","FAME","Salzburg","","https://img.uefa.com/imgml/TP/teams/logos/70x70/50030.png","https://img.uefa.com/imgml/TP/teams/logos/240x240/50030.png","250030","SAL","DOMESTIC_MEN_TEAM_A","","DOMESTIC","Autriche","Salzburg","FC Salzburg","SAL","617","MINUTE","7","0","0","70.43","KILOMETER","31.22","KILOMETER_PER_HOUR"
"250027780","2601306","32","1992-12-02","21","HAÏDARA","MLI","UNKNOWN","DEFENDER","MALE","","./image/250027780.jpg","Massadio Haïdara","DEFENDER","","Haidara","200043","","Mali","Défenseur","Massadio","Haïdara","Massadio Haïdara","Haïdara","200043","./assoc/200043_FRA.svg","./logo/2601306.png","UEFA","FRA","2601306","FAME","Brest","","https://img.uefa.com/imgml/TP/teams/logos/70x70/2601306.png","https://img.uefa.com/imgml/TP/teams/logos/240x240/2601306.png","250000621","BRE","DOMESTIC_MEN_TEAM_A","","DOMESTIC","France","Brest","Stade Brestois 29","BRE","616","MINUTE","8","0","0","73.85","KILOMETER","32.3","KILOMETER_PER_HOUR"
"250078593","50111","29","1996-03-26","10","Kiteishvili","GEO","UNKNOWN","MIDFIELDER","MALE","170","./image/250078593.jpg","Otar Kiteishvili","MIDFIELDER","17","Kiteishvili","57157","65","Géorgie","Milieu","Otar","Kiteishvili","Otar Kiteishvili","Kiteishvili","200008","./assoc/200008_AUT.svg","./logo/50111.png","UEFA","AUT","50111","FAME","Sturm Graz","","https://img.uefa.com/imgml/TP/teams/logos/70x70/50111.png","https://img.uefa.com/imgml/TP/teams/logos/240x240/50111.png","250111","SGR","DOMESTIC_MEN_TEAM_A","","DOMESTIC","Autriche","Sturm Graz","SK Sturm Graz","SGR","616","MINUTE","7","1","0","82.51","KILOMETER","32.29","KILOMETER_PER_HOUR"
"250079677","50023","28","1996-11-20","6","ZAKARIA","SUI","CENTRAL_MIDFIELDER","MIDFIELDER","MALE","191","./image/250079677.jpg","Denis Zakaria","MIDFIELDER","6","Zakaria-Lako Lado","128","76","Suisse","Milieu","Denis","Zakaria","Denis Zakaria","Zakaria","200043","./assoc/200043_FRA.svg","./logo/50023.png","UEFA","FRA","50023","FAME","Monaco","","https://img.uefa.com/imgml/TP/teams/logos/70x70/50023.png","https://img.uefa.com/imgml/TP/teams/logos/240x240/50023.png","250023","MON","DOMESTIC_MEN_TEAM_A","","DOMESTIC","France","Monaco","AS Monaco","MON","614","MINUTE","7","1","0","61.79","KILOMETER","33.13","KILOMETER_PER_HOUR"
"250198240","50023","21","2004-01-01","15","LAMINE","SEN","UNKNOWN","MIDFIELDER","MALE","","./image/250198240.jpg","Lamine Camara","MIDFIELDER","","Camara","118","","Sénégal","Milieu","Lamine","Camara","Lamine Camara","Camara","200043","./assoc/200043_FRA.svg","./logo/50023.png","UEFA","FRA","50023","FAME","Monaco","","https://img.uefa.com/imgml/TP/teams/logos/70x70/50023.png","https://img.uefa.com/imgml/TP/teams/logos/240x240/50023.png","250023","MON","DOMESTIC_MEN_TEAM_A","","DOMESTIC","France","Monaco","AS Monaco","MON","610","MINUTE","9","0","0","70.47","KILOMETER","33.54","KILOMETER_PER_HOUR"
"250094540","50050","27","1997-12-31","20","Carter-Vickers","USA","CENTRE_BACK","DEFENDER","MALE","186","./image/250094540.jpg","Cameron Carter-Vickers","DEFENDER","20","C.Vickers","140","","Etats-Unis","Défenseur","Cameron","Carter-Vickers","Cameron Carter-Vickers","Carter-Vickers","200117","./assoc/200117_SCO.svg","./logo/50050.png","UEFA","SCO","50050","FAME","Celtic","","https://img.uefa.com/imgml/TP/teams/logos/70x70/50050.png","https://img.uefa.com/imgml/TP/teams/logos/240x240/50050.png","250050","CEL","DOMESTIC_MEN_TEAM_A","","DOMESTIC","Écosse","Celtic","Celtic FC","CEL","609","MINUTE","7","0","0","64.87","KILOMETER","32.54","KILOMETER_PER_HOUR"
"250129341","50111","22","2003-03-24","21","Chukwuani","DEN","UNKNOWN","MIDFIELDER","MALE","","./image/250129341.jpg","Tochi Chukwuani","MIDFIELDER","5","Chukwuani","200035","","Danemark","Milieu","Tochi","Chukwuani","Tochi Chukwuani","Chukwuani","200008","./assoc/200008_AUT.svg","./logo/50111.png","UEFA","AUT","50111","FAME","Sturm Graz","","https://img.uefa.com/imgml/TP/teams/logos/70x70/50111.png","https://img.uefa.com/imgml/TP/teams/logos/240x240/50111.png","250111","SGR","DOMESTIC_MEN_TEAM_A","","DOMESTIC","Autriche","Sturm Graz","SK Sturm Graz","SGR","607","MINUTE","7","0","1","82.96","KILOMETER","30.1","KILOMETER_PER_HOUR"
"250042631","52816","30","1995-02-09","8","Pašalić","CRO","CENTRAL_MIDFIELDER","MIDFIELDER","MALE","186","./image/250042631.jpg","Mario Pašalić","MIDFIELDER","15","Pašalić","56370","78","Croatie","Milieu","Mario","Pašalić","Mario Pašalić","Pašalić","200066","./assoc/200066_ITA.svg","./logo/52816.png","UEFA","ITA","52816","FAME","Atalanta","","https://img.uefa.com/imgml/TP/teams/logos/70x70/52816.png","https://img.uefa.com/imgml/TP/teams/logos/240x240/52816.png","252816","ATA","DOMESTIC_MEN_TEAM_A","","DOMESTIC","Italie","Atalanta","Atalanta BC","ATA","606","MINUTE","10","3","0","78.81","KILOMETER","32.69","KILOMETER_PER_HOUR"
"250117405","50139","22","2002-12-14","7","F. Conceição","POR","UNKNOWN","FORWARD","MALE","","./image/250117405.jpg","Francisco Conceição","FORWARD","20","F. CONCEIÇÃO","110","","Portugal","Attaquant","","Francisco Conceição","Francisco Conceição","Francisco Conceição","200066","./assoc/200066_ITA.svg","./logo/50139.png","UEFA","ITA","50139","FAME","Juventus","","https://img.uefa.com/imgml/TP/teams/logos/70x70/50139.png","https://img.uefa.com/imgml/TP/teams/logos/240x240/50139.png","250139","JUV","DOMESTIC_MEN_TEAM_A","","DOMESTIC","Italie","Juventus","Juventus","JUV","606","MINUTE","9","1","1","65.36","KILOMETER","33.37","KILOMETER_PER_HOUR"
"250105927","50149","27","1998-06-04","14","Gyökeres","SWE","UNKNOWN","FORWARD","MALE","","./image/250105927.jpg","Viktor Gyökeres","FORWARD","17","Gyökeres","127","","Suède","Attaquant","Viktor","Gyökeres","Viktor Gyökeres","Gyökeres","200110","./assoc/200110_POR.svg","./logo/50149.png","UEFA","POR","50149","FAME","Sporting CP","","https://img.uefa.com/imgml/TP/teams/logos/70x70/50149.png","https://img.uefa.com/imgml/TP/teams/logos/240x240/50149.png","250149","SPO","DOMESTIC_MEN_TEAM_A","","DOMESTIC","Portugal","Sporting CP","Sporting Clube de Portugal","SPO","606","MINUTE","8","6","0","71.37","KILOMETER","34.55","KILOMETER_PER_HOUR"
"250153849","52747","19","2006-03-08","33","ZAÏRE-EMERY","FRA","DEFENSIVE_MIDFIELDER","MIDFIELDER","MALE","","./image/250153849.jpg","Warren Zaïre-Emery","MIDFIELDER","8","ZAIRE-EMERY","43","","France","Milieu","Warren","Zaïre-Emery","Warren Zaïre-Emery","Zaïre-Emery","200043","./assoc/200043_FRA.svg","./logo/52747.png","UEFA","FRA","52747","FAME","Paris","","https://img.uefa.com/imgml/TP/teams/logos/70x70/52747.png","https://img.uefa.com/imgml/TP/teams/logos/240x240/52747.png","252747","PSG","DOMESTIC_MEN_TEAM_A","","DOMESTIC","France","Paris","Paris Saint-Germain","PSG","605","MINUTE","13","1","0","85.35","KILOMETER","32.43","KILOMETER_PER_HOUR"
"250056159","50033","29","1996-01-19","20","Laci","ALB","CENTRAL_MIDFIELDER","MIDFIELDER","MALE","176","./image/250056159.jpg","Qazim Laçi","MIDFIELDER","14","Laci","2","80","Albanie","Milieu","Qazim","Laçi","Qazim Laçi","Laçi","258837","./assoc/258837_CZE.svg","./logo/50033.png","UEFA","CZE","50033","FAME","Sparta Praha","","https://img.uefa.com/imgml/TP/teams/logos/70x70/50033.png","https://img.uefa.com/imgml/TP/teams/logos/240x240/50033.png","250033","SPA","DOMESTIC_MEN_TEAM_A","","DOMESTIC","Tchéquie","Sparta Praha","AC Sparta Praha","SPA","605","MINUTE","8","1","0","65.39","KILOMETER","31.65","KILOMETER_PER_HOUR"
"250064027","52797","30","1995-06-20","88","Savvidis","GRE","UNKNOWN","MIDFIELDER","MALE","181","./image/250064027.jpg","Kyriakos Savvidis","MIDFIELDER","23","Savvidis","200049","","Grèce","Milieu","Kyriakos","Savvidis","Kyriakos Savvidis","Savvidis","258836","./assoc/258836_SVK.svg","./logo/52797.png","UEFA","SVK","52797","FAME","S. Bratislava","","https://img.uefa.com/imgml/TP/teams/logos/70x70/52797.png","https://img.uefa.com/imgml/TP/teams/logos/240x240/52797.png","252797","SLB","DOMESTIC_MEN_TEAM_A","","DOMESTIC","Slovaquie","S. Bratislava","ŠK Slovan Bratislava","SLB","604","MINUTE","8","0","1","74.97","KILOMETER","30.49","KILOMETER_PER_HOUR"
"250110734","50031","26","1999-01-05","7","UGRINIC","SUI","","MIDFIELDER","MALE","","./image/250110734.jpg","Filip Ugrinic","MIDFIELDER","15","Ugrinic","128","","Suisse","Milieu","Filip","Ugrinic","Filip Ugrinic","Ugrinic","200128","./assoc/200128_SUI.svg","./logo/50031.png","UEFA","SUI","50031","FAME","Young Boys","","https://img.uefa.com/imgml/TP/teams/logos/70x70/50031.png","https://img.uefa.com/imgml/TP/teams/logos/240x240/50031.png","250031","YB","DOMESTIC_MEN_TEAM_A","","DOMESTIC","Suisse","Young Boys","BSC Young Boys","YB","598","MINUTE","7","0","1","78.38","KILOMETER","32.25","KILOMETER_PER_HOUR"
"250101727","52749","24","2001-06-17","8","Timber","NED","CENTRAL_MIDFIELDER","MIDFIELDER","MALE","","./image/250101727.jpg","Quinten Timber","MIDFIELDER","12","Q.Timber","95","","Pays-Bas","Milieu","Quinten","Timber","Quinten Timber","Q. Timber","200095","./assoc/200095_NED.svg","./logo/52749.png","UEFA","NED","52749","FAME","Feyenoord","","https://img.uefa.com/imgml/TP/teams/logos/70x70/52749.png","https://img.uefa.com/imgml/TP/teams/logos/240x240/52749.png","252749","FEY","DOMESTIC_MEN_TEAM_A","","DOMESTIC","Pays-Bas","Feyenoord","Feyenoord","FEY","597","MINUTE","7","0","2","72.57","KILOMETER","30.95","KILOMETER_PER_HOUR"
"250102866","2603790","27","1998-01-31","8","Haidara","MLI","CENTRAL_MIDFIELDER","MIDFIELDER","MALE","","./image/250102866.jpg","Amadou Haidara","MIDFIELDER","","Haidara","","","Mali","Milieu","Amadou","Haidara","Amadou Haidara","Haidara","200047","./assoc/200047_GER.svg","./logo/2603790.png","UEFA","GER","2603790","FAME","Leipzig","","https://img.uefa.com/imgml/TP/teams/logos/70x70/2603790.png","https://img.uefa.com/imgml/TP/teams/logos/240x240/2603790.png","250002563","RBL","DOMESTIC_MEN_TEAM_A","","DOMESTIC","Allemagne","Leipzig","RB Leipzig","RBL","593","MINUTE","8","0","0","67.03","KILOMETER","30.74","KILOMETER_PER_HOUR"
"250101238","52758","29","1996-07-20","3","Anton","GER","UNKNOWN","DEFENDER","MALE","","./image/250101238.jpg","Waldemar Anton","DEFENDER","2","Anton","47","","Allemagne","Défenseur","Waldemar","Anton","Waldemar Anton","Anton","200047","./assoc/200047_GER.svg","./logo/52758.png","UEFA","GER","52758","FAME","B. Dortmund","","https://img.uefa.com/imgml/TP/teams/logos/70x70/52758.png","https://img.uefa.com/imgml/TP/teams/logos/240x240/52758.png","252758","BVB","DOMESTIC_MEN_TEAM_A","","DOMESTIC","Allemagne","B. Dortmund","Borussia Dortmund","BVB","591","MINUTE","10","0","0","42.63","KILOMETER","32.75","KILOMETER_PER_HOUR"
"250024370","50138","31","1994-05-20","7","Zieliński","POL","ATTACKING_MIDFIELDER","MIDFIELDER","MALE","177","./image/250024370.jpg","Piotr Zieliński","MIDFIELDER","10","Zieliński","109","64","Pologne","Milieu","Piotr","Zieliński","Piotr Zieliński","Zieliński","200066","./assoc/200066_ITA.svg","./logo/50138.png","UEFA","ITA","50138","FAME","Inter","","https://img.uefa.com/imgml/TP/teams/logos/70x70/50138.png","https://img.uefa.com/imgml/TP/teams/logos/240x240/50138.png","250138","INT","DOMESTIC_MEN_TEAM_A","","DOMESTIC","Italie","Inter","FC Internazionale Milano","INT","587","MINUTE","10","0","1","59.14","KILOMETER","31.75","KILOMETER_PER_HOUR"
"250174822","52919","21","2004-04-10","26","Savinho","BRA","UNKNOWN","MIDFIELDER","MALE","","./image/250174822.jpg","Savinho","MIDFIELDER","20","Sávio","18","","Brésil","Milieu","","Savinho","Savinho","Savinho","200039","./assoc/200039_ENG.svg","./logo/52919.png","UEFA","ENG","52919","FAME","Man City","","https://img.uefa.com/imgml/TP/teams/logos/70x70/52919.png","https://img.uefa.com/imgml/TP/teams/logos/240x240/52919.png","252919","MCI","DOMESTIC_MEN_TEAM_A","","DOMESTIC","Angleterre","Man City","Manchester City","MCI","578","MINUTE","9","1","1","67.17","KILOMETER","34.48","KILOMETER_PER_HOUR"
"250058227","50023","29","1996-05-30","10","GOLOVIN","RUS","ATTACKING_MIDFIELDER","MIDFIELDER","MALE","180","./image/250058227.jpg","Aleksandr Golovin","MIDFIELDER","17","Golovin","57451","69","Russie","Milieu","Aleksandr","Golovin","Aleksandr Golovin","Golovin","200043","./assoc/200043_FRA.svg","./logo/50023.png","UEFA","FRA","50023","FAME","Monaco","","https://img.uefa.com/imgml/TP/teams/logos/70x70/50023.png","https://img.uefa.com/imgml/TP/teams/logos/240x240/50023.png","250023","MON","DOMESTIC_MEN_TEAM_A","","DOMESTIC","France","Monaco","AS Monaco","MON","577","MINUTE","9","0","1","66.56","KILOMETER","33.44","KILOMETER_PER_HOUR"
"250076357","7889","27","1998-10-07","66","Alexander-Arnold","ENG","UNKNOWN","DEFENDER","MALE","","./image/250076357.jpg","Trent Alexander-Arnold","DEFENDER","2","Alexander-Arnold","39","","Angleterre","Défenseur","Trent","Alexander-Arnold","Trent Alexander-Arnold","Alexander-Arnold","200039","./assoc/200039_ENG.svg","./logo/7889.png","UEFA","ENG","7889","FAME","Liverpool","","https://img.uefa.com/imgml/TP/teams/logos/70x70/7889.png","https://img.uefa.com/imgml/TP/teams/logos/240x240/7889.png","207889","LIV","DOMESTIC_MEN_TEAM_A","","DOMESTIC","Angleterre","Liverpool","Liverpool FC","LIV","577","MINUTE","8","0","1","65.18","KILOMETER","34.14","KILOMETER_PER_HOUR"
"250132195","50062","25","2000-09-06","37","Ledezma","USA","CENTRAL_MIDFIELDER","MIDFIELDER","MALE","","./image/250132195.jpg","Richard Ledezma","MIDFIELDER","","Ledezma","140","","Etats-Unis","Milieu","Richard","Ledezma","Richard Ledezma","Ledezma","200095","./assoc/200095_NED.svg","./logo/50062.png","UEFA","NED","50062","FAME","PSV","","https://img.uefa.com/imgml/TP/teams/logos/70x70/50062.png","https://img.uefa.com/imgml/TP/teams/logos/240x240/50062.png","250062","PSV","DOMESTIC_MEN_TEAM_A","","DOMESTIC","Pays-Bas","PSV","PSV Eindhoven","PSV","576","MINUTE","11","0","0","61.52","KILOMETER","33.65","KILOMETER_PER_HOUR"
"250112842","50050","27","1997-11-05","32","Taylor","SCO","FULL_BACK","DEFENDER","MALE","","./image/250112842.jpg","Greg Taylor","DEFENDER","15","Taylor","117","","Écosse","Défenseur","Greg","Taylor","Greg Taylor","Taylor","200117","./assoc/200117_SCO.svg","./logo/50050.png","UEFA","SCO","50050","FAME","Celtic","","https://img.uefa.com/imgml/TP/teams/logos/70x70/50050.png","https://img.uefa.com/imgml/TP/teams/logos/240x240/50050.png","250050","CEL","DOMESTIC_MEN_TEAM_A","","DOMESTIC","Écosse","Celtic","Celtic FC","CEL","576","MINUTE","8","0","1","73.54","KILOMETER","30.63","KILOMETER_PER_HOUR"
"250183519","52816","26","1999-04-29","32","Retegui","ITA","UNKNOWN","FORWARD","MALE","","./image/250183519.jpg","Mateo Retegui","FORWARD","9","Retegui","66","","Italie","Attaquant","Mateo","Retegui","Mateo Retegui","Retegui","200066","./assoc/200066_ITA.svg","./logo/52816.png","UEFA","ITA","52816","FAME","Atalanta","","https://img.uefa.com/imgml/TP/teams/logos/70x70/52816.png","https://img.uefa.com/imgml/TP/teams/logos/240x240/52816.png","252816","ATA","DOMESTIC_MEN_TEAM_A","","DOMESTIC","Italie","Atalanta","Atalanta BC","ATA","575","MINUTE","10","3","0","67.3","KILOMETER","33.33","KILOMETER_PER_HOUR"
"250040521","50051","34","1991-07-01","21","Lucas V.","ESP","STRIKER","DEFENDER","MALE","173","./image/250040521.jpg","Lucas Vázquez","MIDFIELDER","19","Lucas V.","122","70","Espagne","Défenseur","","Lucas Vázquez","Lucas Vázquez","Lucas Vázquez","200122","./assoc/200122_ESP.svg","./logo/50051.png","UEFA","ESP","50051","FAME","Real Madrid","","https://img.uefa.com/imgml/TP/teams/logos/70x70/50051.png","https://img.uefa.com/imgml/TP/teams/logos/240x240/50051.png","250051","RMA","DOMESTIC_MEN_TEAM_A","","DOMESTIC","Espagne","Real Madrid","Real Madrid C.F.","RMA","575","MINUTE","10","1","1","75.02","KILOMETER","32.39","KILOMETER_PER_HOUR"
"250187238","50069","29","1996-01-23","9","Ndiaye","SEN","UNKNOWN","FORWARD","MALE","","./image/250187238.jpg","Cherif Ndiaye","FORWARD","","CHERIF","118","","Sénégal","Attaquant","Cherif","Ndiaye","Cherif Ndiaye","C. Ndiaye","200147","./assoc/200147_SRB.svg","./logo/50069.png","UEFA","SRB","50069","FAME","Crvena Zvezda","","https://img.uefa.com/imgml/TP/teams/logos/70x70/50069.png","https://img.uefa.com/imgml/TP/teams/logos/240x240/50069.png","250069","ZVE","DOMESTIC_MEN_TEAM_A","","DOMESTIC","Serbie","Crvena Zvezda","FK Crvena Zvezda","ZVE","572","MINUTE","8","2","1","63.87","KILOMETER","34.43","KILOMETER_PER_HOUR"
"250153634","50124","22","2002-12-18","20","GIULIANO","ARG","UNKNOWN","FORWARD","MALE","","./image/250153634.jpg","Giuliano Simeone","FORWARD","","Simeone Baldini","","","Argentine","Attaquant","Giuliano","Simeone","Giuliano Simeone","Simeone","200122","./assoc/200122_ESP.svg","./logo/50124.png","UEFA","ESP","50124","FAME","Atleti","","https://img.uefa.com/imgml/TP/teams/logos/70x70/50124.png","https://img.uefa.com/imgml/TP/teams/logos/240x240/50124.png","250124","ATM","DOMESTIC_MEN_TEAM_A","","DOMESTIC","Espagne","Atleti","Atlético de Madrid","ATM","571","MINUTE","9","1","2","78.46","KILOMETER","35.74","KILOMETER_PER_HOUR"
"250056189","50138","27","1997-11-10","32","Dimarco","ITA","UNKNOWN","DEFENDER","MALE","174","./image/250056189.jpg","Federico Dimarco","DEFENDER","3","Dimarco","66","","Italie","Défenseur","Federico","Dimarco","Federico Dimarco","Dimarco","200066","./assoc/200066_ITA.svg","./logo/50138.png","UEFA","ITA","50138","FAME","Inter","","https://img.uefa.com/imgml/TP/teams/logos/70x70/50138.png","https://img.uefa.com/imgml/TP/teams/logos/240x240/50138.png","250138","INT","DOMESTIC_MEN_TEAM_A","","DOMESTIC","Italie","Inter","FC Internazionale Milano","INT","570","MINUTE","10","0","2","34.84","KILOMETER","32.23","KILOMETER_PER_HOUR"
"250099867","7889","33","1992-10-02","1","A.Becker","BRA","GOALKEEPER","GOALKEEPER","MALE","191","./image/250099867.jpg","Alisson Becker","GOALKEEPER","1","A. Becker","18","91","Brésil","Gardien","","Alisson Becker","Alisson Becker","Alisson Becker","200039","./assoc/200039_ENG.svg","./logo/7889.png","UEFA","ENG","7889","FAME","Liverpool","","https://img.uefa.com/imgml/TP/teams/logos/70x70/7889.png","https://img.uefa.com/imgml/TP/teams/logos/240x240/7889.png","207889","LIV","DOMESTIC_MEN_TEAM_A","","DOMESTIC","Angleterre","Liverpool","Liverpool FC","LIV","570","MINUTE","6","0","0","35.47","KILOMETER","29.22","KILOMETER_PER_HOUR"
"250081223","50023","30","1995-01-16","18","MINAMINO","JPN","STRIKER","MIDFIELDER","MALE","174","./image/250081223.jpg","Takumi Minamino","FORWARD","10","Minamino","69","","Japon","Milieu","Takumi","Minamino","Takumi Minamino","Minamino","200043","./assoc/200043_FRA.svg","./logo/50023.png","UEFA","FRA","50023","FAME","Monaco","","https://img.uefa.com/imgml/TP/teams/logos/70x70/50023.png","https://img.uefa.com/imgml/TP/teams/logos/240x240/50023.png","250023","MON","DOMESTIC_MEN_TEAM_A","","DOMESTIC","France","Monaco","AS Monaco","MON","569","MINUTE","9","3","1","62.67","KILOMETER","31.92","KILOMETER_PER_HOUR"
"250134536","52749","29","1996-09-20","6","Hwang","KOR","UNKNOWN","MIDFIELDER","MALE","","./image/250134536.jpg","Inbeom Hwang","MIDFIELDER","6","IB HWANG","74","","République de Corée","Milieu","Inbeom","Hwang","Inbeom Hwang","IB Hwang","200095","./assoc/200095_NED.svg","./logo/52749.png","UEFA","NED","52749","FAME","Feyenoord","","https://img.uefa.com/imgml/TP/teams/logos/70x70/52749.png","https://img.uefa.com/imgml/TP/teams/logos/240x240/52749.png","252749","FEY","DOMESTIC_MEN_TEAM_A","","DOMESTIC","Pays-Bas","Feyenoord","Feyenoord","FEY","569","MINUTE","7","0","0","74.94","KILOMETER","31.14","KILOMETER_PER_HOUR"
"250137390","50149","21","2003-10-24","6","Debast","BEL","UNKNOWN","DEFENDER","MALE","","./image/250137390.jpg","Zeno Debast","DEFENDER","2","Debast","13","","Belgique","Défenseur","Zeno","Debast","Zeno Debast","Debast","200110","./assoc/200110_POR.svg","./logo/50149.png","UEFA","POR","50149","FAME","Sporting CP","","https://img.uefa.com/imgml/TP/teams/logos/70x70/50149.png","https://img.uefa.com/imgml/TP/teams/logos/240x240/50149.png","250149","SPO","DOMESTIC_MEN_TEAM_A","","DOMESTIC","Portugal","Sporting CP","Sporting Clube de Portugal","SPO","568","MINUTE","8","1","1","65.9","KILOMETER","33.88","KILOMETER_PER_HOUR"
"250198114","75797","20","2004-11-03","17","MUKAU","CGO","UNKNOWN","MIDFIELDER","MALE","","./image/250198114.jpg","Ngal'Ayel Mukau","MIDFIELDER","","Mukau","","","Congo","Milieu","Ngal'Ayel","Mukau","Ngal'Ayel Mukau","Mukau","200043","./assoc/200043_FRA.svg","./logo/75797.png","UEFA","FRA","75797","FAME","Lille","","https://img.uefa.com/imgml/TP/teams/logos/70x70/75797.png","https://img.uefa.com/imgml/TP/teams/logos/240x240/75797.png","275797","LIL","DOMESTIC_MEN_TEAM_A","","DOMESTIC","France","Lille","LOSC Lille","LIL","567","MINUTE","8","2","0","63.65","KILOMETER","31.73","KILOMETER_PER_HOUR"
"250172787","50062","28","1997-01-12","22","Schouten","NED","UNKNOWN","MIDFIELDER","MALE","","./image/250172787.jpg","Jerdy Schouten","MIDFIELDER","16","Schouten","95","","Pays-Bas","Milieu","Jerdy","Schouten","Jerdy Schouten","Schouten","200095","./assoc/200095_NED.svg","./logo/50062.png","UEFA","NED","50062","FAME","PSV","","https://img.uefa.com/imgml/TP/teams/logos/70x70/50062.png","https://img.uefa.com/imgml/TP/teams/logos/240x240/50062.png","250062","PSV","DOMESTIC_MEN_TEAM_A","","DOMESTIC","Pays-Bas","PSV","PSV Eindhoven","PSV","567","MINUTE","7","1","0","59.37","KILOMETER","33.05","KILOMETER_PER_HOUR"
"250181082","52280","19","2006-09-26","49","Lewis-Skelly","ENG","UNKNOWN","MIDFIELDER","MALE","","./image/250181082.jpg","Myles Lewis-Skelly","MIDFIELDER","19","Lewis-Skelly","39","","Angleterre","Milieu","Myles","Lewis-Skelly","Myles Lewis-Skelly","Lewis-Skelly","200039","./assoc/200039_ENG.svg","./logo/52280.png","UEFA","ENG","52280","FAME","Arsenal","","https://img.uefa.com/imgml/TP/teams/logos/70x70/52280.png","https://img.uefa.com/imgml/TP/teams/logos/240x240/52280.png","252280","ARS","DOMESTIC_MEN_TEAM_A","","DOMESTIC","Angleterre","Arsenal","Arsenal FC","ARS","566","MINUTE","10","0","2","63.86","KILOMETER","34.34","KILOMETER_PER_HOUR"
"250067630","50058","27","1997-12-19","23","TOMORI","ENG","CENTRE_BACK","DEFENDER","MALE","","./image/250067630.jpg","Fikayo Tomori","DEFENDER","5","Tomori","39","","Angleterre","Défenseur","Fikayo","Tomori","Fikayo Tomori","Tomori","200066","./assoc/200066_ITA.svg","./logo/50058.png","UEFA","ITA","50058","FAME","Milan","","https://img.uefa.com/imgml/TP/teams/logos/70x70/50058.png","https://img.uefa.com/imgml/TP/teams/logos/240x240/50058.png","250058","MIL","DOMESTIC_MEN_TEAM_A","","DOMESTIC","Italie","Milan","AC Milan","MIL","565","MINUTE","7","0","1","62.93","KILOMETER","35.17","KILOMETER_PER_HOUR"
"250163623","50139","25","2000-02-20","27","Cambiaso","ITA","UNKNOWN","DEFENDER","MALE","","./image/250163623.jpg","Andrea Cambiaso","DEFENDER","20","Cambiaso","66","","Italie","Défenseur","Andrea","Cambiaso","Andrea Cambiaso","Cambiaso","200066","./assoc/200066_ITA.svg","./logo/50139.png","UEFA","ITA","50139","FAME","Juventus","","https://img.uefa.com/imgml/TP/teams/logos/70x70/50139.png","https://img.uefa.com/imgml/TP/teams/logos/240x240/50139.png","250139","JUV","DOMESTIC_MEN_TEAM_A","","DOMESTIC","Italie","Juventus","Juventus","JUV","564","MINUTE","7","0","1","62.05","KILOMETER","33.82","KILOMETER_PER_HOUR"
"250158901","50033","29","1995-11-02","27","Panák","CZE","","DEFENDER","MALE","","./image/250158901.jpg","Filip Panák","DEFENDER","3","Panák","58837","","Tchéquie","Défenseur","Filip","Panák","Filip Panák","Panák","258837","./assoc/258837_CZE.svg","./logo/50033.png","UEFA","CZE","50033","FAME","Sparta Praha","","https://img.uefa.com/imgml/TP/teams/logos/70x70/50033.png","https://img.uefa.com/imgml/TP/teams/logos/240x240/50033.png","250033","SPA","DOMESTIC_MEN_TEAM_A","","DOMESTIC","Tchéquie","Sparta Praha","AC Sparta Praha","SPA","562","MINUTE","7","0","1","52.48","KILOMETER","30.8","KILOMETER_PER_HOUR"
"250087938","52280","26","1999-06-11","29","Havertz","GER","STRIKER","MIDFIELDER","MALE","","./image/250087938.jpg","Kai Havertz","FORWARD","7","Havertz","47","","Allemagne","Milieu","Kai","Havertz","Kai Havertz","Havertz","200039","./assoc/200039_ENG.svg","./logo/52280.png","UEFA","ENG","52280","FAME","Arsenal","","https://img.uefa.com/imgml/TP/teams/logos/70x70/52280.png","https://img.uefa.com/imgml/TP/teams/logos/240x240/52280.png","252280","ARS","DOMESTIC_MEN_TEAM_A","","DOMESTIC","Angleterre","Arsenal","Arsenal FC","ARS","560","MINUTE","8","4","1","73.45","KILOMETER","32.25","KILOMETER_PER_HOUR"
"250116904","50139","27","1998-08-28","22","McKennie","USA","UNKNOWN","MIDFIELDER","MALE","","./image/250116904.jpg","Weston McKennie","MIDFIELDER","8","McKennie","140","","Etats-Unis","Milieu","Weston","McKennie","Weston McKennie","McKennie","200066","./assoc/200066_ITA.svg","./logo/50139.png","UEFA","ITA","50139","FAME","Juventus","","https://img.uefa.com/imgml/TP/teams/logos/70x70/50139.png","https://img.uefa.com/imgml/TP/teams/logos/240x240/50139.png","250139","JUV","DOMESTIC_MEN_TEAM_A","","DOMESTIC","Italie","Juventus","Juventus","JUV","556","MINUTE","9","3","0","58.14","KILOMETER","32.85","KILOMETER_PER_HOUR"
"250101472","50139","25","2000-02-22","22","T. Weah","USA","STRIKER","MIDFIELDER","MALE","","./image/250101472.jpg","Timothy Weah","FORWARD","21","WEAH","140","","Etats-Unis","Milieu","Timothy","Weah","Timothy Weah","Weah","200066","./assoc/200066_ITA.svg","./logo/50139.png","UEFA","ITA","50139","FAME","Juventus","","https://img.uefa.com/imgml/TP/teams/logos/70x70/50139.png","https://img.uefa.com/imgml/TP/teams/logos/240x240/50139.png","250139","JUV","DOMESTIC_MEN_TEAM_A","","DOMESTIC","Italie","Juventus","Juventus","JUV","556","MINUTE","9","1","1","54.82","KILOMETER","33.92","KILOMETER_PER_HOUR"
"250167111","50023","22","2003-02-08","14","MIKA","DEN","UNKNOWN","FORWARD","MALE","","./image/250167111.jpg","Mika Biereth","FORWARD","20","Biereth","35","","Danemark","Attaquant","Mika","Biereth","Mika Biereth","Biereth","200043","./assoc/200043_FRA.svg","./logo/50023.png","UEFA","FRA","50023","FAME","Monaco","","https://img.uefa.com/imgml/TP/teams/logos/70x70/50023.png","https://img.uefa.com/imgml/TP/teams/logos/240x240/50023.png","250023","MON","DOMESTIC_MEN_TEAM_A","","DOMESTIC","France","Monaco","AS Monaco","MON","555","MINUTE","8","2","0","66.97","KILOMETER","34.36","KILOMETER_PER_HOUR"
"250196709","50107","29","1996-10-13","16","Karazor","TUR","UNKNOWN","MIDFIELDER","MALE","","./image/250196709.jpg","Atakan Karazor","MIDFIELDER","17","ATAKAN","135","","Turquie","Milieu","","Atakan Karazor","Atakan Karazor","Atakan Karazor","200047","./assoc/200047_GER.svg","./logo/50107.png","UEFA","GER","50107","FAME","Stuttgart","","https://img.uefa.com/imgml/TP/teams/logos/70x70/50107.png","https://img.uefa.com/imgml/TP/teams/logos/240x240/50107.png","250107","STU","DOMESTIC_MEN_TEAM_A","","DOMESTIC","Allemagne","Stuttgart","VfB Stuttgart","STU","555","MINUTE","7","0","0","73.37","KILOMETER","30.55","KILOMETER_PER_HOUR"
"250013022","52797","32","1993-09-22","11","Barseghyan","ARM","STRIKER","MIDFIELDER","MALE","","./image/250013022.jpg","Tigran Barseghyan","MIDFIELDER","11","Barseghyan","57419","","Arménie","Milieu","Tigran","Barseghyan","Tigran Barseghyan","Barseghyan","258836","./assoc/258836_SVK.svg","./logo/52797.png","UEFA","SVK","52797","FAME","S. Bratislava","","https://img.uefa.com/imgml/TP/teams/logos/70x70/52797.png","https://img.uefa.com/imgml/TP/teams/logos/240x240/52797.png","252797","SLB","DOMESTIC_MEN_TEAM_A","","DOMESTIC","Slovaquie","S. Bratislava","ŠK Slovan Bratislava","SLB","553","MINUTE","8","1","2","63.03","KILOMETER","34.59","KILOMETER_PER_HOUR"
"103806","50138","35","1989-12-02","36","Darmian","ITA","FULL_BACK","DEFENDER","MALE","182","./image/103806.jpg","Matteo Darmian","DEFENDER","13","Darmian","66","70","Italie","Défenseur","Matteo","Darmian","Matteo Darmian","Darmian","200066","./assoc/200066_ITA.svg","./logo/50138.png","UEFA","ITA","50138","FAME","Inter","","https://img.uefa.com/imgml/TP/teams/logos/70x70/50138.png","https://img.uefa.com/imgml/TP/teams/logos/240x240/50138.png","250138","INT","DOMESTIC_MEN_TEAM_A","","DOMESTIC","Italie","Inter","FC Internazionale Milano","INT","552","MINUTE","10","0","0","58.41","KILOMETER","33.13","KILOMETER_PER_HOUR"
"250153701","50043","20","2005-05-09","68","Talbi","BEL","UNKNOWN","MIDFIELDER","MALE","","./image/250153701.jpg","Chemsdine Talbi","MIDFIELDER","20","Talbi","300013","","Belgique","Milieu","Chemsdine","Talbi","Chemsdine Talbi","Talbi","200013","./assoc/200013_BEL.svg","./logo/50043.png","UEFA","BEL","50043","FAME","Club Brugge","","https://img.uefa.com/imgml/TP/teams/logos/70x70/50043.png","https://img.uefa.com/imgml/TP/teams/logos/240x240/50043.png","250043","BRU","DOMESTIC_MEN_TEAM_A","","DOMESTIC","Belgique","Club Brugge","Club Brugge KV","BRU","551","MINUTE","11","2","1","69.73","KILOMETER","35.87","KILOMETER_PER_HOUR"
"250066157","7889","31","1994-03-11","26","Robertson","SCO","UNKNOWN","DEFENDER","MALE","","./image/250066157.jpg","Andy Robertson","DEFENDER","3","Robertson","117","","Écosse","Défenseur","Andy","Robertson","Andy Robertson","Robertson","200039","./assoc/200039_ENG.svg","./logo/7889.png","UEFA","ENG","7889","FAME","Liverpool","","https://img.uefa.com/imgml/TP/teams/logos/70x70/7889.png","https://img.uefa.com/imgml/TP/teams/logos/240x240/7889.png","207889","LIV","DOMESTIC_MEN_TEAM_A","","DOMESTIC","Angleterre","Liverpool","Liverpool FC","LIV","551","MINUTE","8","0","1","66.3","KILOMETER","33.43","KILOMETER_PER_HOUR"
"250099180","50139","25","2000-01-28","9","Vlahović","SRB","STRIKER","FORWARD","MALE","","./image/250099180.jpg","Dušan Vlahović","FORWARD","23","Vlahović","147","","Serbie","Attaquant","Dušan","Vlahović","Dušan Vlahović","Vlahović","200066","./assoc/200066_ITA.svg","./logo/50139.png","UEFA","ITA","50139","FAME","Juventus","","https://img.uefa.com/imgml/TP/teams/logos/70x70/50139.png","https://img.uefa.com/imgml/TP/teams/logos/240x240/50139.png","250139","JUV","DOMESTIC_MEN_TEAM_A","","DOMESTIC","Italie","Juventus","Juventus","JUV","550","MINUTE","9","4","1","64.08","KILOMETER","34.1","KILOMETER_PER_HOUR"
"250041770","50037","30","1995-07-14","7","Gnabry","GER","WINGER","FORWARD","MALE","173","./image/250041770.jpg","Serge Gnabry","MIDFIELDER","20","Gnabry","47","73","Allemagne","Attaquant","Serge","Gnabry","Serge Gnabry","Gnabry","200047","./assoc/200047_GER.svg","./logo/50037.png","UEFA","GER","50037","FAME","Bayern München","","https://img.uefa.com/imgml/TP/teams/logos/70x70/50037.png","https://img.uefa.com/imgml/TP/teams/logos/240x240/50037.png","250037","BAY","DOMESTIC_MEN_TEAM_A","","DOMESTIC","Allemagne","Bayern München","FC Bayern München","BAY","549","MINUTE","12","0","3","70.95","KILOMETER","33.72","KILOMETER_PER_HOUR"
"1905153","50147","37","1988-02-14","11","Di Maria","ARG","UNKNOWN","FORWARD","MALE","180","./image/1905153.jpg","Ángel Di María","FORWARD","11","Di María","6","75","Argentine","Attaquant","Ángel","Di María","Ángel Di María","Di María","200110","./assoc/200110_POR.svg","./logo/50147.png","UEFA","POR","50147","FAME","Benfica","","https://img.uefa.com/imgml/TP/teams/logos/70x70/50147.png","https://img.uefa.com/imgml/TP/teams/logos/240x240/50147.png","250147","BEN","DOMESTIC_MEN_TEAM_A","","DOMESTIC","Portugal","Benfica","SL Benfica","BEN","547","MINUTE","9","1","2","64.41","KILOMETER","32.81","KILOMETER_PER_HOUR"
"250189052","52749","23","2002-09-18","16","Bueno Lopez","ESP","UNKNOWN","DEFENDER","MALE","","./image/250189052.jpg","Hugo Bueno","DEFENDER","22","BUENO","200122","","Espagne","Défenseur","Hugo","Bueno","Hugo Bueno","Bueno","200095","./assoc/200095_NED.svg","./logo/52749.png","UEFA","NED","52749","FAME","Feyenoord","","https://img.uefa.com/imgml/TP/teams/logos/70x70/52749.png","https://img.uefa.com/imgml/TP/teams/logos/240x240/52749.png","252749","FEY","DOMESTIC_MEN_TEAM_A","","DOMESTIC","Pays-Bas","Feyenoord","Feyenoord","FEY","546","MINUTE","9","0","1","64.93","KILOMETER","32.39","KILOMETER_PER_HOUR"
"250105890","50062","26","1998-11-19","23","Veerman","NED","UNKNOWN","MIDFIELDER","MALE","","./image/250105890.jpg","Joey Veerman","MIDFIELDER","16","Veerman","95","","Pays-Bas","Milieu","Joey","Veerman","Joey Veerman","Veerman","200095","./assoc/200095_NED.svg","./logo/50062.png","UEFA","NED","50062","FAME","PSV","","https://img.uefa.com/imgml/TP/teams/logos/70x70/50062.png","https://img.uefa.com/imgml/TP/teams/logos/240x240/50062.png","250062","PSV","DOMESTIC_MEN_TEAM_A","","DOMESTIC","Pays-Bas","PSV","PSV Eindhoven","PSV","545","MINUTE","8","0","3","58.29","KILOMETER","30.7","KILOMETER_PER_HOUR"
"250127538","50107","24","2000-12-11","4","Vagnoman","GER","UNKNOWN","DEFENDER","MALE","","./image/250127538.jpg","Josha Vagnoman","DEFENDER","14","Vagnoman","47","","Allemagne","Défenseur","Josha","Vagnoman","Josha Vagnoman","Vagnoman","200047","./assoc/200047_GER.svg","./logo/50107.png","UEFA","GER","50107","FAME","Stuttgart","","https://img.uefa.com/imgml/TP/teams/logos/70x70/50107.png","https://img.uefa.com/imgml/TP/teams/logos/240x240/50107.png","250107","STU","DOMESTIC_MEN_TEAM_A","","DOMESTIC","Allemagne","Stuttgart","VfB Stuttgart","STU","545","MINUTE","7","1","1","69.03","KILOMETER","35.53","KILOMETER_PER_HOUR"
"250167977","50023","20","2005-02-16","17","Ben Seghir","MAR","UNKNOWN","MIDFIELDER","MALE","","./image/250167977.jpg","Eliesse Ben Seghir","FORWARD","20","Ben Seghir","300043","","Maroc","Milieu","Eliesse","Ben Seghir","Eliesse Ben Seghir","Ben Seghir","200043","./assoc/200043_FRA.svg","./logo/50023.png","UEFA","FRA","50023","FAME","Monaco","","https://img.uefa.com/imgml/TP/teams/logos/70x70/50023.png","https://img.uefa.com/imgml/TP/teams/logos/240x240/50023.png","250023","MON","DOMESTIC_MEN_TEAM_A","","DOMESTIC","France","Monaco","AS Monaco","MON","544","MINUTE","10","2","0","64.87","KILOMETER","32.05","KILOMETER_PER_HOUR"
"250115948","50058","24","2001-05-24","31","Pavlović","SRB","CENTRE_BACK","DEFENDER","MALE","","./image/250115948.jpg","Strahinja Pavlović","DEFENDER","3","Pavlović","147","","Serbie","Défenseur","Strahinja","Pavlović","Strahinja Pavlović","Pavlović","200066","./assoc/200066_ITA.svg","./logo/50058.png","UEFA","ITA","50058","FAME","Milan","","https://img.uefa.com/imgml/TP/teams/logos/70x70/50058.png","https://img.uefa.com/imgml/TP/teams/logos/240x240/50058.png","250058","MIL","DOMESTIC_MEN_TEAM_A","","DOMESTIC","Italie","Milan","AC Milan","MIL","541","MINUTE","7","0","0","65.69","KILOMETER","34.77","KILOMETER_PER_HOUR"
"250106969","2602798","24","2001-07-27","3","M. Gutiérrez","ESP","UNKNOWN","DEFENDER","MALE","","./image/250106969.jpg","Miguel Gutiérrez","DEFENDER","22","Gutiérrez","200122","","Espagne","Défenseur","Miguel","Gutiérrez","Miguel Gutiérrez","Gutiérrez","200122","./assoc/200122_ESP.svg","./logo/2602798.png","UEFA","ESP","2602798","FAME","Girona","","https://img.uefa.com/imgml/TP/teams/logos/70x70/2602798.png","https://img.uefa.com/imgml/TP/teams/logos/240x240/2602798.png","250001774","GIR","DOMESTIC_MEN_TEAM_A","","DOMESTIC","Espagne","Girona","Girona FC","GIR","540","MINUTE","6","1","0","67.64","KILOMETER","31.57","KILOMETER_PER_HOUR"
"250121149","50111","24","2000-12-25","47","Aiwu","AUT","UNKNOWN","DEFENDER","MALE","","./image/250121149.jpg","Emanuel Aiwu","DEFENDER","22","Aiwu","200008","","Autriche","Défenseur","Emanuel","Aiwu","Emanuel Aiwu","Aiwu","200008","./assoc/200008_AUT.svg","./logo/50111.png","UEFA","AUT","50111","FAME","Sturm Graz","","https://img.uefa.com/imgml/TP/teams/logos/70x70/50111.png","https://img.uefa.com/imgml/TP/teams/logos/240x240/50111.png","250111","SGR","DOMESTIC_MEN_TEAM_A","","DOMESTIC","Autriche","Sturm Graz","SK Sturm Graz","SGR","540","MINUTE","6","0","0","63.89","KILOMETER","33.23","KILOMETER_PER_HOUR"
"250148830","50164","24","2001-09-11","4","Torrente","ESP","","DEFENDER","MALE","","./image/250148830.jpg","Raúl Torrente","DEFENDER","4","TORRENTE","200122","","Espagne","Défenseur","Raúl","Torrente","Raúl Torrente","Torrente","256370","./assoc/256370_CRO.svg","./logo/50164.png","UEFA","CRO","50164","FAME","GNK Dinamo","","https://img.uefa.com/imgml/TP/teams/logos/70x70/50164.png","https://img.uefa.com/imgml/TP/teams/logos/240x240/50164.png","250164","DIN","DOMESTIC_MEN_TEAM_A","","DOMESTIC","Croatie","GNK Dinamo","GNK Dinamo","DIN","540","MINUTE","6","0","0","62.96","KILOMETER","32.33","KILOMETER_PER_HOUR"
"250117491","50109","25","2000-05-17","32","Kovář","CZE","GOALKEEPER","GOALKEEPER","MALE","","./image/250117491.jpg","Matěj Kovář","GOALKEEPER","16","Kovář","58837","","Tchéquie","Gardien","Matěj","Kovář","Matěj Kovář","Kovář","200047","./assoc/200047_GER.svg","./logo/50109.png","UEFA","GER","50109","FAME","Leverkusen","","https://img.uefa.com/imgml/TP/teams/logos/70x70/50109.png","https://img.uefa.com/imgml/TP/teams/logos/240x240/50109.png","250109","LEV","DOMESTIC_MEN_TEAM_A","","DOMESTIC","Allemagne","Leverkusen","Bayer 04 Leverkusen","LEV","540","MINUTE","6","0","0","29.63","KILOMETER","25.06","KILOMETER_PER_HOUR"
"102420","2603790","35","1990-05-06","1","Gulacsi","HUN","GOALKEEPER","GOALKEEPER","MALE","190","./image/102420.jpg","Péter Gulácsi","GOALKEEPER","12","Gulacsi","57","83","Hongrie","Gardien","Péter","Gulácsi","Péter Gulácsi","Gulácsi","200047","./assoc/200047_GER.svg","./logo/2603790.png","UEFA","GER","2603790","FAME","Leipzig","","https://img.uefa.com/imgml/TP/teams/logos/70x70/2603790.png","https://img.uefa.com/imgml/TP/teams/logos/240x240/2603790.png","250002563","RBL","DOMESTIC_MEN_TEAM_A","","DOMESTIC","Allemagne","Leipzig","RB Leipzig","RBL","540","MINUTE","6","0","0","29.48","KILOMETER","24.09","KILOMETER_PER_HOUR"
"250123304","50111","25","2000-01-23","37","Scherpen","NED","GOALKEEPER","GOALKEEPER","MALE","","./image/250123304.jpg","Kjell Scherpen","GOALKEEPER","1","Scherpen","95","","Pays-Bas","Gardien","Kjell","Scherpen","Kjell Scherpen","Scherpen","200008","./assoc/200008_AUT.svg","./logo/50111.png","UEFA","AUT","50111","FAME","Sturm Graz","","https://img.uefa.com/imgml/TP/teams/logos/70x70/50111.png","https://img.uefa.com/imgml/TP/teams/logos/240x240/50111.png","250111","SGR","DOMESTIC_MEN_TEAM_A","","DOMESTIC","Autriche","Sturm Graz","SK Sturm Graz","SGR","540","MINUTE","6","0","0","29.28","KILOMETER","22.24","KILOMETER_PER_HOUR"
"250064446","52707","29","1996-08-03","11","Zubkov","UKR","CENTRAL_MIDFIELDER","MIDFIELDER","MALE","181","./image/250064446.jpg","Oleksandr Zubkov","MIDFIELDER","20","Zubkov","57166","70","Ukraine","Milieu","Oleksandr","Zubkov","Oleksandr Zubkov","Zubkov","257166","./assoc/257166_UKR.svg","./logo/52707.png","UEFA","UKR","52707","FAME","Shakhtar","","https://img.uefa.com/imgml/TP/teams/logos/70x70/52707.png","https://img.uefa.com/imgml/TP/teams/logos/240x240/52707.png","252707","SHK","DOMESTIC_MEN_TEAM_A","","DOMESTIC","Ukraine","Shakhtar","FC Shakhtar Donetsk","SHK","537","MINUTE","8","2","1","67.43","KILOMETER","32.43","KILOMETER_PER_HOUR"
"250096716","50164","27","1998-06-13","18","Pierre Gabriel","FRA","CENTRE_BACK","DEFENDER","MALE","","./image/250096716.jpg","Ronaël Pierre-Gabriel","DEFENDER","14","Pierre Gabriel","200043","","France","Défenseur","Ronaël","Pierre-Gabriel","Ronaël Pierre-Gabriel","Pierre-Gabriel","256370","./assoc/256370_CRO.svg","./logo/50164.png","UEFA","CRO","50164","FAME","GNK Dinamo","","https://img.uefa.com/imgml/TP/teams/logos/70x70/50164.png","https://img.uefa.com/imgml/TP/teams/logos/240x240/50164.png","250164","DIN","DOMESTIC_MEN_TEAM_A","","DOMESTIC","Croatie","GNK Dinamo","GNK Dinamo","DIN","536","MINUTE","8","0","1","62.6","KILOMETER","34.0","KILOMETER_PER_HOUR"
"250123677","50062","23","2002-05-28","10","Tillman","USA","UNKNOWN","MIDFIELDER","MALE","","./image/250123677.jpg","Malik Tillman","MIDFIELDER","10","Tillman","200047","","Etats-Unis","Milieu","Malik","Tillman","Malik Tillman","Tillman","200095","./assoc/200095_NED.svg","./logo/50062.png","UEFA","NED","50062","FAME","PSV","","https://img.uefa.com/imgml/TP/teams/logos/70x70/50062.png","https://img.uefa.com/imgml/TP/teams/logos/240x240/50062.png","250062","PSV","DOMESTIC_MEN_TEAM_A","","DOMESTIC","Pays-Bas","PSV","PSV Eindhoven","PSV","534","MINUTE","6","3","2","68.5","KILOMETER","33.97","KILOMETER_PER_HOUR"
"250099054","52683","28","1997-08-09","31","BAILEY","JAM","WINGER","FORWARD","MALE","165","./image/250099054.jpg","Leon Bailey","MIDFIELDER","","Bailey","","63","Jamaïque","Attaquant","Leon","Bailey","Leon Bailey","Bailey","200039","./assoc/200039_ENG.svg","./logo/52683.png","UEFA","ENG","52683","FAME","Aston Villa","","https://img.uefa.com/imgml/TP/teams/logos/70x70/52683.png","https://img.uefa.com/imgml/TP/teams/logos/240x240/52683.png","252683","AVL","DOMESTIC_MEN_TEAM_A","","DOMESTIC","Angleterre","Aston Villa","Aston Villa FC","AVL","531","MINUTE","8","1","1","62.96","KILOMETER","32.3","KILOMETER_PER_HOUR"
"250145803","52919","27","1998-08-27","27","Matheus N.","POR","UNKNOWN","MIDFIELDER","MALE","","./image/250145803.jpg","Matheus Nunes","MIDFIELDER","15","MATHEUS N.","110","","Portugal","Milieu","","Matheus Nunes","Matheus Nunes","Matheus Nunes","200039","./assoc/200039_ENG.svg","./logo/52919.png","UEFA","ENG","52919","FAME","Man City","","https://img.uefa.com/imgml/TP/teams/logos/70x70/52919.png","https://img.uefa.com/imgml/TP/teams/logos/240x240/52919.png","252919","MCI","DOMESTIC_MEN_TEAM_A","","DOMESTIC","Angleterre","Man City","Manchester City","MCI","531","MINUTE","7","1","3","65.29","KILOMETER","36.28","KILOMETER_PER_HOUR"
"250121218","52969","27","1998-06-26","26","Lucumi Bonilla","COL","CENTRE_BACK","DEFENDER","MALE","","./image/250121218.jpg","Jhon Lucumi","DEFENDER","3","Lucumi","29","","Colombie","Défenseur","Jhon","Lucumi","Jhon Lucumi","Lucumi","200066","./assoc/200066_ITA.svg","./logo/52969.png","UEFA","ITA","52969","FAME","Bologna","","https://img.uefa.com/imgml/TP/teams/logos/70x70/52969.png","https://img.uefa.com/imgml/TP/teams/logos/240x240/52969.png","252969","BOL","DOMESTIC_MEN_TEAM_A","","DOMESTIC","Italie","Bologna","Bologna FC 1909","BOL","531","MINUTE","7","1","0","56.09","KILOMETER","32.66","KILOMETER_PER_HOUR"
"250066156","50037","31","1993-12-22","22","Guerreiro","POR","FULL_BACK","DEFENDER","MALE","170","./image/250066156.jpg","Raphaël Guerreiro","DEFENDER","5","Raphael","110","67","Portugal","Défenseur","Raphaël","Guerreiro","Raphaël Guerreiro","Guerreiro","200047","./assoc/200047_GER.svg","./logo/50037.png","UEFA","GER","50037","FAME","Bayern München","","https://img.uefa.com/imgml/TP/teams/logos/70x70/50037.png","https://img.uefa.com/imgml/TP/teams/logos/240x240/50037.png","250037","BAY","DOMESTIC_MEN_TEAM_A","","DOMESTIC","Allemagne","Bayern München","FC Bayern München","BAY","525","MINUTE","9","1","0","69.95","KILOMETER","31.78","KILOMETER_PER_HOUR"
"250113993","50033","24","2001-05-30","11","Ryneš","CZE","CENTRAL_MIDFIELDER","DEFENDER","MALE","","./image/250113993.jpg","Matěj Ryneš","DEFENDER","17","Ryneš","58837","","Tchéquie","Défenseur","Matěj","Ryneš","Matěj Ryneš","Ryneš","258837","./assoc/258837_CZE.svg","./logo/50033.png","UEFA","CZE","50033","FAME","Sparta Praha","","https://img.uefa.com/imgml/TP/teams/logos/70x70/50033.png","https://img.uefa.com/imgml/TP/teams/logos/240x240/50033.png","250033","SPA","DOMESTIC_MEN_TEAM_A","","DOMESTIC","Tchéquie","Sparta Praha","AC Sparta Praha","SPA","525","MINUTE","7","0","1","54.13","KILOMETER","33.37","KILOMETER_PER_HOUR"
"250005335","52919","34","1990-10-24","20","GÜNDOĞAN","GER","CENTRAL_MIDFIELDER","MIDFIELDER","MALE","180","./image/250005335.jpg","İlkay Gündoğan","MIDFIELDER","21","Gündoğan","47","80","Allemagne","Milieu","İlkay","Gündoğan","İlkay Gündoğan","Gündoğan","200039","./assoc/200039_ENG.svg","./logo/52919.png","UEFA","ENG","52919","FAME","Man City","","https://img.uefa.com/imgml/TP/teams/logos/70x70/52919.png","https://img.uefa.com/imgml/TP/teams/logos/240x240/52919.png","252919","MCI","DOMESTIC_MEN_TEAM_A","","DOMESTIC","Angleterre","Man City","Manchester City","MCI","524","MINUTE","10","2","0","68.47","KILOMETER","31.35","KILOMETER_PER_HOUR"
"250127111","2603790","22","2003-05-31","30","Šeško","SVN","UNKNOWN","FORWARD","MALE","","./image/250127111.jpg","Benjamin Šeško","FORWARD","11","Šeško","57163","","Slovénie","Attaquant","Benjamin","Šeško","Benjamin Šeško","Šeško","200047","./assoc/200047_GER.svg","./logo/2603790.png","UEFA","GER","2603790","FAME","Leipzig","","https://img.uefa.com/imgml/TP/teams/logos/70x70/2603790.png","https://img.uefa.com/imgml/TP/teams/logos/240x240/2603790.png","250002563","RBL","DOMESTIC_MEN_TEAM_A","","DOMESTIC","Allemagne","Leipzig","RB Leipzig","RBL","522","MINUTE","8","4","0","64.27","KILOMETER","33.84","KILOMETER_PER_HOUR"
"250134170","50080","26","1999-03-07","4","R.Araujo","URU","UNKNOWN","DEFENDER","MALE","","./image/250134170.jpg","Ronald Araújo","DEFENDER","4","R.Araujo","138","","Uruguay","Défenseur","","Ronald Araújo","Ronald Araújo","Ronald Araújo","200122","./assoc/200122_ESP.svg","./logo/50080.png","UEFA","ESP","50080","FAME","Barcelona","","https://img.uefa.com/imgml/TP/teams/logos/70x70/50080.png","https://img.uefa.com/imgml/TP/teams/logos/240x240/50080.png","250080","BAR","DOMESTIC_MEN_TEAM_A","","DOMESTIC","Espagne","Barcelona","FC Barcelona","BAR","520","MINUTE","8","1","0","48.33","KILOMETER","33.83","KILOMETER_PER_HOUR"
"250163400","2603790","20","2005-04-17","7","Nusa","NOR","UNKNOWN","MIDFIELDER","MALE","","./image/250163400.jpg","Antonio Nusa","MIDFIELDER","20","Nusa","101","","Norvège","Milieu","Antonio","Nusa","Antonio Nusa","Nusa","200047","./assoc/200047_GER.svg","./logo/2603790.png","UEFA","GER","2603790","FAME","Leipzig","","https://img.uefa.com/imgml/TP/teams/logos/70x70/2603790.png","https://img.uefa.com/imgml/TP/teams/logos/240x240/2603790.png","250002563","RBL","DOMESTIC_MEN_TEAM_A","","DOMESTIC","Allemagne","Leipzig","RB Leipzig","RBL","518","MINUTE","8","0","0","56.99","KILOMETER","34.76","KILOMETER_PER_HOUR"
"250085751","50031","28","1996-10-25","30","LAUPER","SUI","CENTRE_BACK","MIDFIELDER","MALE","","./image/250085751.jpg","Sandro Lauper","MIDFIELDER","17","Lauper","128","","Suisse","Milieu","Sandro","Lauper","Sandro Lauper","Lauper","200128","./assoc/200128_SUI.svg","./logo/50031.png","UEFA","SUI","50031","FAME","Young Boys","","https://img.uefa.com/imgml/TP/teams/logos/70x70/50031.png","https://img.uefa.com/imgml/TP/teams/logos/240x240/50031.png","250031","YB","DOMESTIC_MEN_TEAM_A","","DOMESTIC","Suisse","Young Boys","BSC Young Boys","YB","518","MINUTE","7","0","0","60.69","KILOMETER","32.72","KILOMETER_PER_HOUR"
"250169376","52683","28","1997-08-07","2","Cash","POL","UNKNOWN","DEFENDER","MALE","","./image/250169376.jpg","Matty Cash","DEFENDER","2","Cash","109","","Pologne","Défenseur","Matty","Cash","Matty Cash","Cash","200039","./assoc/200039_ENG.svg","./logo/52683.png","UEFA","ENG","52683","FAME","Aston Villa","","https://img.uefa.com/imgml/TP/teams/logos/70x70/52683.png","https://img.uefa.com/imgml/TP/teams/logos/240x240/52683.png","252683","AVL","DOMESTIC_MEN_TEAM_A","","DOMESTIC","Angleterre","Aston Villa","Aston Villa FC","AVL","515","MINUTE","8","0","0","58.9","KILOMETER","33.44","KILOMETER_PER_HOUR"
"250161140","50030","27","1998-09-14","7","Capaldo","ARG","UNKNOWN","MIDFIELDER","MALE","","./image/250161140.jpg","Nicolás Capaldo","MIDFIELDER","","Capaldo","","","Argentine","Milieu","Nicolás","Capaldo","Nicolás Capaldo","Capaldo","200008","./assoc/200008_AUT.svg","./logo/50030.png","UEFA","AUT","50030","FAME","Salzburg","","https://img.uefa.com/imgml/TP/teams/logos/70x70/50030.png","https://img.uefa.com/imgml/TP/teams/logos/240x240/50030.png","250030","SAL","DOMESTIC_MEN_TEAM_A","","DOMESTIC","Autriche","Salzburg","FC Salzburg","SAL","514","MINUTE","8","0","0","63.83","KILOMETER","32.61","KILOMETER_PER_HOUR"
"250147342","2601306","24","2001-06-17","17","SIMA","SEN","STRIKER","FORWARD","MALE","","./image/250147342.jpg","Abdallah Sima","FORWARD","","Sima","118","","Sénégal","Attaquant","Abdallah","Sima","Abdallah Sima","Sima","200043","./assoc/200043_FRA.svg","./logo/2601306.png","UEFA","FRA","2601306","FAME","Brest","","https://img.uefa.com/imgml/TP/teams/logos/70x70/2601306.png","https://img.uefa.com/imgml/TP/teams/logos/240x240/2601306.png","250000621","BRE","DOMESTIC_MEN_TEAM_A","","DOMESTIC","France","Brest","Stade Brestois 29","BRE","509","MINUTE","9","3","0","63.84","KILOMETER","34.81","KILOMETER_PER_HOUR"
"250132323","50023","24","2000-12-25","90","SİNGO","CIV","UNKNOWN","DEFENDER","MALE","","./image/250132323.jpg","Wilfried Singo","DEFENDER","","SINGO","","","Côte d'Ivoire","Défenseur","Wilfried","Singo","Wilfried Singo","Singo","200043","./assoc/200043_FRA.svg","./logo/50023.png","UEFA","FRA","50023","FAME","Monaco","","https://img.uefa.com/imgml/TP/teams/logos/70x70/50023.png","https://img.uefa.com/imgml/TP/teams/logos/240x240/50023.png","250023","MON","DOMESTIC_MEN_TEAM_A","","DOMESTIC","France","Monaco","AS Monaco","MON","508","MINUTE","6","2","1","53.61","KILOMETER","35.43","KILOMETER_PER_HOUR"
"250023097","52969","33","1992-04-15","8","Freuler","SUI","CENTRAL_MIDFIELDER","MIDFIELDER","MALE","181","./image/250023097.jpg","Remo Freuler","MIDFIELDER","8","Freuler","128","77","Suisse","Milieu","Remo","Freuler","Remo Freuler","Freuler","200066","./assoc/200066_ITA.svg","./logo/52969.png","UEFA","ITA","52969","FAME","Bologna","","https://img.uefa.com/imgml/TP/teams/logos/70x70/52969.png","https://img.uefa.com/imgml/TP/teams/logos/240x240/52969.png","252969","BOL","DOMESTIC_MEN_TEAM_A","","DOMESTIC","Italie","Bologna","Bologna FC 1909","BOL","507","MINUTE","7","0","0","68.52","KILOMETER","30.59","KILOMETER_PER_HOUR"
"250090809","50033","28","1997-07-17","28","Wiesner","CZE","FULL_BACK","DEFENDER","MALE","","./image/250090809.jpg","Tomáš Wiesner","DEFENDER","18","Wiesner","58837","","Tchéquie","Défenseur","Tomáš","Wiesner","Tomáš Wiesner","Wiesner","258837","./assoc/258837_CZE.svg","./logo/50033.png","UEFA","CZE","50033","FAME","Sparta Praha","","https://img.uefa.com/imgml/TP/teams/logos/70x70/50033.png","https://img.uefa.com/imgml/TP/teams/logos/240x240/50033.png","250033","SPA","DOMESTIC_MEN_TEAM_A","","DOMESTIC","Tchéquie","Sparta Praha","AC Sparta Praha","SPA","507","MINUTE","7","0","0","56.78","KILOMETER","32.7","KILOMETER_PER_HOUR"
"250145845","50149","24","2001-01-26","10","Geny","MOZ","UNKNOWN","FORWARD","MALE","","./image/250145845.jpg","Geny Catamo","FORWARD","","Geny","","","Mozambique","Attaquant","Geny","Catamo","Geny Catamo","Catamo","200110","./assoc/200110_POR.svg","./logo/50149.png","UEFA","POR","50149","FAME","Sporting CP","","https://img.uefa.com/imgml/TP/teams/logos/70x70/50149.png","https://img.uefa.com/imgml/TP/teams/logos/240x240/50149.png","250149","SPO","DOMESTIC_MEN_TEAM_A","","DOMESTIC","Portugal","Sporting CP","Sporting Clube de Portugal","SPO","506","MINUTE","8","1","1","60.46","KILOMETER","34.06","KILOMETER_PER_HOUR"
"250192048","50107","27","1998-01-09","10","Führich","GER","","MIDFIELDER","MALE","","./image/250192048.jpg","Chris Führich","MIDFIELDER","11","Führich","47","","Allemagne","Milieu","Chris","Führich","Chris Führich","Führich","200047","./assoc/200047_GER.svg","./logo/50107.png","UEFA","GER","50107","FAME","Stuttgart","","https://img.uefa.com/imgml/TP/teams/logos/70x70/50107.png","https://img.uefa.com/imgml/TP/teams/logos/240x240/50107.png","250107","STU","DOMESTIC_MEN_TEAM_A","","DOMESTIC","Allemagne","Stuttgart","VfB Stuttgart","STU","506","MINUTE","7","1","0","58.63","KILOMETER","32.76","KILOMETER_PER_HOUR"
"250145629","50147","27","1997-12-09","6","Bah","DEN","FULL_BACK","DEFENDER","MALE","","./image/250145629.jpg","Alexander Bah","DEFENDER","18","Bah","35","","Danemark","Défenseur","Alexander","Bah","Alexander Bah","Bah","200110","./assoc/200110_POR.svg","./logo/50147.png","UEFA","POR","50147","FAME","Benfica","","https://img.uefa.com/imgml/TP/teams/logos/70x70/50147.png","https://img.uefa.com/imgml/TP/teams/logos/240x240/50147.png","250147","BEN","DOMESTIC_MEN_TEAM_A","","DOMESTIC","Portugal","Benfica","SL Benfica","BEN","500","MINUTE","7","1","2","64.49","KILOMETER","33.76","KILOMETER_PER_HOUR"
"250122187","50031","28","1997-08-28","5","Camara","GUI","CENTRE_BACK","DEFENDER","MALE","","./image/250122187.jpg","Mohamed Ali Camara","DEFENDER","","CAMARA","52","","Guinée","Défenseur","Mohamed Ali","Camara","Mohamed Ali Camara","Camara","200128","./assoc/200128_SUI.svg","./logo/50031.png","UEFA","SUI","50031","FAME","Young Boys","","https://img.uefa.com/imgml/TP/teams/logos/70x70/50031.png","https://img.uefa.com/imgml/TP/teams/logos/240x240/50031.png","250031","YB","DOMESTIC_MEN_TEAM_A","","DOMESTIC","Suisse","Young Boys","BSC Young Boys","YB","497","MINUTE","6","0","0","54.54","KILOMETER","33.13","KILOMETER_PER_HOUR"
"250128270","50051","22","2002-11-10","6","CAMAVINGA","FRA","DEFENSIVE_MIDFIELDER","MIDFIELDER","MALE","","./image/250128270.jpg","Eduardo Camavinga","MIDFIELDER","6","Camavinga","43","","France","Milieu","Eduardo","Camavinga","Eduardo Camavinga","Camavinga","200122","./assoc/200122_ESP.svg","./logo/50051.png","UEFA","ESP","50051","FAME","Real Madrid","","https://img.uefa.com/imgml/TP/teams/logos/70x70/50051.png","https://img.uefa.com/imgml/TP/teams/logos/240x240/50051.png","250051","RMA","DOMESTIC_MEN_TEAM_A","","DOMESTIC","Espagne","Real Madrid","Real Madrid C.F.","RMA","496","MINUTE","9","0","0","61.51","KILOMETER","34.9","KILOMETER_PER_HOUR"
"250091187","50164","25","1999-12-04","17","Kulenović","CRO","STRIKER","FORWARD","MALE","188","./image/250091187.jpg","Sandro Kulenović","FORWARD","9","Kulenović","256370","76","Croatie","Attaquant","Sandro","Kulenović","Sandro Kulenović","Kulenović","256370","./assoc/256370_CRO.svg","./logo/50164.png","UEFA","CRO","50164","FAME","GNK Dinamo","","https://img.uefa.com/imgml/TP/teams/logos/70x70/50164.png","https://img.uefa.com/imgml/TP/teams/logos/240x240/50164.png","250164","DIN","DOMESTIC_MEN_TEAM_A","","DOMESTIC","Croatie","GNK Dinamo","GNK Dinamo","DIN","494","MINUTE","7","3","0","58.64","KILOMETER","32.64","KILOMETER_PER_HOUR"
"250088150","50138","26","1999-09-22","16","Frattesi","ITA","UNKNOWN","MIDFIELDER","MALE","","./image/250088150.jpg","Davide Frattesi","MIDFIELDER","17","Frattesi","66","","Italie","Milieu","Davide","Frattesi","Davide Frattesi","Frattesi","200066","./assoc/200066_ITA.svg","./logo/50138.png","UEFA","ITA","50138","FAME","Inter","","https://img.uefa.com/imgml/TP/teams/logos/70x70/50138.png","https://img.uefa.com/imgml/TP/teams/logos/240x240/50138.png","250138","INT","DOMESTIC_MEN_TEAM_A","","DOMESTIC","Italie","Inter","FC Internazionale Milano","INT","493","MINUTE","13","2","0","55.66","KILOMETER","33.04","KILOMETER_PER_HOUR"
"250189047","50031","20","2004-12-13","24","ATHEKAME","SUI","","DEFENDER","MALE","","./image/250189047.jpg","Zachary Athekame","DEFENDER","20","Athekame","128","","Suisse","Défenseur","Zachary","Athekame","Zachary Athekame","Athekame","200128","./assoc/200128_SUI.svg","./logo/50031.png","UEFA","SUI","50031","FAME","Young Boys","","https://img.uefa.com/imgml/TP/teams/logos/70x70/50031.png","https://img.uefa.com/imgml/TP/teams/logos/240x240/50031.png","250031","YB","DOMESTIC_MEN_TEAM_A","","DOMESTIC","Suisse","Young Boys","BSC Young Boys","YB","493","MINUTE","8","0","0","59.11","KILOMETER","33.58","KILOMETER_PER_HOUR"
"250129746","52969","22","2003-01-14","80","Fabbian","ITA","UNKNOWN","MIDFIELDER","MALE","","./image/250129746.jpg","Giovanni Fabbian","MIDFIELDER","14","Fabbian","200066","","Italie","Milieu","Giovanni","Fabbian","Giovanni Fabbian","Fabbian","200066","./assoc/200066_ITA.svg","./logo/52969.png","UEFA","ITA","52969","FAME","Bologna","","https://img.uefa.com/imgml/TP/teams/logos/70x70/52969.png","https://img.uefa.com/imgml/TP/teams/logos/240x240/52969.png","252969","BOL","DOMESTIC_MEN_TEAM_A","","DOMESTIC","Italie","Bologna","Bologna FC 1909","BOL","493","MINUTE","7","0","0","63.78","KILOMETER","32.98","KILOMETER_PER_HOUR"
"250105717","50033","27","1998-03-05","14","Birmancevic","SRB","UNKNOWN","MIDFIELDER","MALE","","./image/250105717.jpg","Veljko Birmančević","MIDFIELDER","10","Birmančević","147","","Serbie","Milieu","Veljko","Birmančević","Veljko Birmančević","Birmančević","258837","./assoc/258837_CZE.svg","./logo/50033.png","UEFA","CZE","50033","FAME","Sparta Praha","","https://img.uefa.com/imgml/TP/teams/logos/70x70/50033.png","https://img.uefa.com/imgml/TP/teams/logos/240x240/50033.png","250033","SPA","DOMESTIC_MEN_TEAM_A","","DOMESTIC","Tchéquie","Sparta Praha","AC Sparta Praha","SPA","493","MINUTE","6","0","0","51.1","KILOMETER","34.44","KILOMETER_PER_HOUR"
"250112186","50031","29","1996-06-29","35","GANVOULA","CGO","","FORWARD","MALE","","./image/250112186.jpg","Silvère Ganvoula","FORWARD","","GANVOULA","","","Congo","Attaquant","Silvère","Ganvoula","Silvère Ganvoula","Ganvoula","200128","./assoc/200128_SUI.svg","./logo/50031.png","UEFA","SUI","50031","FAME","Young Boys","","https://img.uefa.com/imgml/TP/teams/logos/70x70/50031.png","https://img.uefa.com/imgml/TP/teams/logos/240x240/50031.png","250031","YB","DOMESTIC_MEN_TEAM_A","","DOMESTIC","Suisse","Young Boys","BSC Young Boys","YB","490","MINUTE","8","1","0","53.77","KILOMETER","34.77","KILOMETER_PER_HOUR"
"250101097","50023","28","1997-07-31","12","C. HENRIQUE","BRA","UNKNOWN","DEFENDER","MALE","178","./image/250101097.jpg","Caio Henrique","DEFENDER","","C. Henrique","","","Brésil","Défenseur","","Caio Henrique","Caio Henrique","Caio Henrique","200043","./assoc/200043_FRA.svg","./logo/50023.png","UEFA","FRA","50023","FAME","Monaco","","https://img.uefa.com/imgml/TP/teams/logos/70x70/50023.png","https://img.uefa.com/imgml/TP/teams/logos/240x240/50023.png","250023","MON","DOMESTIC_MEN_TEAM_A","","DOMESTIC","France","Monaco","AS Monaco","MON","488","MINUTE","8","0","0","52.43","KILOMETER","34.39","KILOMETER_PER_HOUR"
"250136464","50149","24","2001-08-25","25","G. Inácio","POR","CENTRE_BACK","DEFENDER","MALE","","./image/250136464.jpg","Gonçalo Inácio","DEFENDER","14","G. INÁCIO","110","","Portugal","Défenseur","","Gonçalo Inácio","Gonçalo Inácio","Gonçalo Inácio","200110","./assoc/200110_POR.svg","./logo/50149.png","UEFA","POR","50149","FAME","Sporting CP","","https://img.uefa.com/imgml/TP/teams/logos/70x70/50149.png","https://img.uefa.com/imgml/TP/teams/logos/240x240/50149.png","250149","SPO","DOMESTIC_MEN_TEAM_A","","DOMESTIC","Portugal","Sporting CP","Sporting Clube de Portugal","SPO","488","MINUTE","7","1","0","52.83","KILOMETER","32.79","KILOMETER_PER_HOUR"
"250187184","50030","22","2002-12-23","45","D.NENE","MLI","UNKNOWN","FORWARD","MALE","","./image/250187184.jpg","Dorgeles Nene","FORWARD","","D. Nene","","","Mali","Attaquant","Dorgeles","Nene","Dorgeles Nene","Nene","200008","./assoc/200008_AUT.svg","./logo/50030.png","UEFA","AUT","50030","FAME","Salzburg","","https://img.uefa.com/imgml/TP/teams/logos/70x70/50030.png","https://img.uefa.com/imgml/TP/teams/logos/240x240/50030.png","250030","SAL","DOMESTIC_MEN_TEAM_A","","DOMESTIC","Autriche","Salzburg","FC Salzburg","SAL","487","MINUTE","8","0","0","60.48","KILOMETER","33.84","KILOMETER_PER_HOUR"
"250115192","75797","26","1999-04-29","5","GUDMUNDSSON","SWE","UNKNOWN","DEFENDER","MALE","","./image/250115192.jpg","Gabriel Gudmundsson","DEFENDER","5","Gudmundsson","127","","Suède","Défenseur","Gabriel","Gudmundsson","Gabriel Gudmundsson","Gudmundsson","200043","./assoc/200043_FRA.svg","./logo/75797.png","UEFA","FRA","75797","FAME","Lille","","https://img.uefa.com/imgml/TP/teams/logos/70x70/75797.png","https://img.uefa.com/imgml/TP/teams/logos/240x240/75797.png","275797","LIL","DOMESTIC_MEN_TEAM_A","","DOMESTIC","France","Lille","LOSC Lille","LIL","485","MINUTE","9","0","1","58.76","KILOMETER","35.14","KILOMETER_PER_HOUR"
"250106722","50139","24","2001-03-26","19","Thuram","FRA","DEFENSIVE_MIDFIELDER","MIDFIELDER","MALE","","./image/250106722.jpg","Khephren Thuram","MIDFIELDER","19","Thuram","43","","France","Milieu","Khephren","Thuram","Khephren Thuram","Thuram","200066","./assoc/200066_ITA.svg","./logo/50139.png","UEFA","ITA","50139","FAME","Juventus","","https://img.uefa.com/imgml/TP/teams/logos/70x70/50139.png","https://img.uefa.com/imgml/TP/teams/logos/240x240/50139.png","250139","JUV","DOMESTIC_MEN_TEAM_A","","DOMESTIC","Italie","Juventus","Juventus","JUV","485","MINUTE","9","0","0","54.67","KILOMETER","32.31","KILOMETER_PER_HOUR"
"250086136","52683","32","1993-03-15","3","DIEGO CARLOS","BRA","UNKNOWN","DEFENDER","MALE","","./image/250086136.jpg","Diego Carlos","DEFENDER","","Diego Carlos","","","Brésil","Défenseur","","Diego Carlos","Diego Carlos","Diego Carlos","200039","./assoc/200039_ENG.svg","./logo/52683.png","UEFA","ENG","52683","FAME","Aston Villa","","https://img.uefa.com/imgml/TP/teams/logos/70x70/52683.png","https://img.uefa.com/imgml/TP/teams/logos/240x240/52683.png","252683","AVL","DOMESTIC_MEN_TEAM_A","","DOMESTIC","Angleterre","Aston Villa","Aston Villa FC","AVL","485","MINUTE","6","0","0","52.24","KILOMETER","33.56","KILOMETER_PER_HOUR"
"250099258","52816","27","1997-10-20","11","Lookman","NGA","WINGER","FORWARD","MALE","","./image/250099258.jpg","Ademola Lookman","MIDFIELDER","7","Lookman","100","","Nigeria","Attaquant","Ademola","Lookman","Ademola Lookman","Lookman","200066","./assoc/200066_ITA.svg","./logo/52816.png","UEFA","ITA","52816","FAME","Atalanta","","https://img.uefa.com/imgml/TP/teams/logos/70x70/52816.png","https://img.uefa.com/imgml/TP/teams/logos/240x240/52816.png","252816","ATA","DOMESTIC_MEN_TEAM_A","","DOMESTIC","Italie","Atalanta","Atalanta BC","ATA","483","MINUTE","7","5","2","50.7","KILOMETER","34.29","KILOMETER_PER_HOUR"
"250089289","2603790","26","1999-08-01","14","Baumgartner","AUT","ATTACKING_MIDFIELDER","MIDFIELDER","MALE","","./image/250089289.jpg","Christoph Baumgartner","MIDFIELDER","19","Baumgartner","8","","Autriche","Milieu","Christoph","Baumgartner","Christoph Baumgartner","Baumgartner","200047","./assoc/200047_GER.svg","./logo/2603790.png","UEFA","GER","2603790","FAME","Leipzig","","https://img.uefa.com/imgml/TP/teams/logos/70x70/2603790.png","https://img.uefa.com/imgml/TP/teams/logos/240x240/2603790.png","250002563","RBL","DOMESTIC_MEN_TEAM_A","","DOMESTIC","Allemagne","Leipzig","RB Leipzig","RBL","482","MINUTE","8","2","1","54.51","KILOMETER","31.8","KILOMETER_PER_HOUR"
"250052554","50164","31","1994-06-28","27","Mišić","CRO","CENTRAL_MIDFIELDER","MIDFIELDER","MALE","","./image/250052554.jpg","Josip Mišić","MIDFIELDER","16","Mišić","256370","","Croatie","Milieu","Josip","Mišić","Josip Mišić","Mišić","256370","./assoc/256370_CRO.svg","./logo/50164.png","UEFA","CRO","50164","FAME","GNK Dinamo","","https://img.uefa.com/imgml/TP/teams/logos/70x70/50164.png","https://img.uefa.com/imgml/TP/teams/logos/240x240/50164.png","250164","DIN","DOMESTIC_MEN_TEAM_A","","DOMESTIC","Croatie","GNK Dinamo","GNK Dinamo","DIN","481","MINUTE","6","0","1","57.05","KILOMETER","32.47","KILOMETER_PER_HOUR"
"250171067","50031","22","2003-03-26","3","HADJAM","ALG","UNKNOWN","DEFENDER","MALE","","./image/250171067.jpg","Jaouen Hadjam","DEFENDER","13","Hadjam","3","","Algérie","Défenseur","Jaouen","Hadjam","Jaouen Hadjam","Hadjam","200128","./assoc/200128_SUI.svg","./logo/50031.png","UEFA","SUI","50031","FAME","Young Boys","","https://img.uefa.com/imgml/TP/teams/logos/70x70/50031.png","https://img.uefa.com/imgml/TP/teams/logos/240x240/50031.png","250031","YB","DOMESTIC_MEN_TEAM_A","","DOMESTIC","Suisse","Young Boys","BSC Young Boys","YB","481","MINUTE","6","0","0","59.7","KILOMETER","34.01","KILOMETER_PER_HOUR"
"250088039","50051","26","1999-08-03","21","BRAHIM","MAR","ATTACKING_MIDFIELDER","FORWARD","MALE","","./image/250088039.jpg","Brahim Díaz","MIDFIELDER","7","Brahim","122","","Maroc","Attaquant","","Brahim Díaz","Brahim Díaz","Brahim Díaz","200122","./assoc/200122_ESP.svg","./logo/50051.png","UEFA","ESP","50051","FAME","Real Madrid","","https://img.uefa.com/imgml/TP/teams/logos/70x70/50051.png","https://img.uefa.com/imgml/TP/teams/logos/240x240/50051.png","250051","RMA","DOMESTIC_MEN_TEAM_A","","DOMESTIC","Espagne","Real Madrid","Real Madrid C.F.","RMA","479","MINUTE","11","2","1","59.76","KILOMETER","32.26","KILOMETER_PER_HOUR"
"250127492","50030","25","2000-06-21","91","Piątkowski","POL","UNKNOWN","DEFENDER","MALE","","./image/250127492.jpg","Kamil Piątkowski","DEFENDER","15","Piątkowski","109","","Pologne","Défenseur","Kamil","Piątkowski","Kamil Piątkowski","Piątkowski","200008","./assoc/200008_AUT.svg","./logo/50030.png","UEFA","AUT","50030","FAME","Salzburg","","https://img.uefa.com/imgml/TP/teams/logos/70x70/50030.png","https://img.uefa.com/imgml/TP/teams/logos/240x240/50030.png","250030","SAL","DOMESTIC_MEN_TEAM_A","","DOMESTIC","Autriche","Salzburg","FC Salzburg","SAL","478","MINUTE","6","0","1","56.62","KILOMETER","33.02","KILOMETER_PER_HOUR"
"250181712","50023","26","1999-04-17","22","M. SALISU","GHA","UNKNOWN","DEFENDER","MALE","","./image/250181712.jpg","Mohammed Salisu","DEFENDER","4","Salisu","48","","Ghana","Défenseur","Mohammed","Salisu","Mohammed Salisu","Salisu","200043","./assoc/200043_FRA.svg","./logo/50023.png","UEFA","FRA","50023","FAME","Monaco","","https://img.uefa.com/imgml/TP/teams/logos/70x70/50023.png","https://img.uefa.com/imgml/TP/teams/logos/240x240/50023.png","250023","MON","DOMESTIC_MEN_TEAM_A","","DOMESTIC","France","Monaco","AS Monaco","MON","477","MINUTE","6","1","0","42.66","KILOMETER","31.23","KILOMETER_PER_HOUR"
"250058258","2603790","28","1997-02-23","39","Henrichs","GER","UNKNOWN","DEFENDER","MALE","183","./image/250058258.jpg","Benjamin Henrichs","DEFENDER","23","Henrichs","47","77","Allemagne","Défenseur","Benjamin","Henrichs","Benjamin Henrichs","Henrichs","200047","./assoc/200047_GER.svg","./logo/2603790.png","UEFA","GER","2603790","FAME","Leipzig","","https://img.uefa.com/imgml/TP/teams/logos/70x70/2603790.png","https://img.uefa.com/imgml/TP/teams/logos/240x240/2603790.png","250002563","RBL","DOMESTIC_MEN_TEAM_A","","DOMESTIC","Allemagne","Leipzig","RB Leipzig","RBL","475","MINUTE","6","0","0","44.63","KILOMETER","33.07","KILOMETER_PER_HOUR"
"250113103","50124","25","2000-02-06","4","GALLAGHER","ENG","UNKNOWN","MIDFIELDER","MALE","","./image/250113103.jpg","Conor Gallagher","MIDFIELDER","4","Gallagher","39","","Angleterre","Milieu","Conor","Gallagher","Conor Gallagher","Gallagher","200122","./assoc/200122_ESP.svg","./logo/50124.png","UEFA","ESP","50124","FAME","Atleti","","https://img.uefa.com/imgml/TP/teams/logos/70x70/50124.png","https://img.uefa.com/imgml/TP/teams/logos/240x240/50124.png","250124","ATM","DOMESTIC_MEN_TEAM_A","","DOMESTIC","Espagne","Atleti","Atlético de Madrid","ATM","469","MINUTE","9","1","1","63.66","KILOMETER","32.89","KILOMETER_PER_HOUR"
"250091828","52816","25","2000-05-17","16","Bellanova","ITA","FULL_BACK","DEFENDER","MALE","","./image/250091828.jpg","Raoul Bellanova","DEFENDER","2","Bellanova","66","","Italie","Défenseur","Raoul","Bellanova","Raoul Bellanova","Bellanova","200066","./assoc/200066_ITA.svg","./logo/52816.png","UEFA","ITA","52816","FAME","Atalanta","","https://img.uefa.com/imgml/TP/teams/logos/70x70/52816.png","https://img.uefa.com/imgml/TP/teams/logos/240x240/52816.png","252816","ATA","DOMESTIC_MEN_TEAM_A","","DOMESTIC","Italie","Atalanta","Atalanta BC","ATA","468","MINUTE","8","1","0","59.37","KILOMETER","35.03","KILOMETER_PER_HOUR"
"250156459","50050","30","1995-01-20","8","Kyogo","JPN","UNKNOWN","MIDFIELDER","MALE","","./image/250156459.jpg","Kyogo Furuhashi","FORWARD","11","Furuhashi","69","","Japon","Milieu","Kyogo","Furuhashi","Kyogo Furuhashi","Furuhashi","200117","./assoc/200117_SCO.svg","./logo/50050.png","UEFA","SCO","50050","FAME","Celtic","","https://img.uefa.com/imgml/TP/teams/logos/70x70/50050.png","https://img.uefa.com/imgml/TP/teams/logos/240x240/50050.png","250050","CEL","DOMESTIC_MEN_TEAM_A","","DOMESTIC","Écosse","Celtic","Celtic FC","CEL","467","MINUTE","7","1","0","50.34","KILOMETER","34.05","KILOMETER_PER_HOUR"
"250079541","50164","27","1998-07-01","6","Bernauer","FRA","CENTRE_BACK","DEFENDER","MALE","","./image/250079541.jpg","Maxime Bernauer","DEFENDER","5","Bernauer","400043","","France","Défenseur","Maxime","Bernauer","Maxime Bernauer","Bernauer","256370","./assoc/256370_CRO.svg","./logo/50164.png","UEFA","CRO","50164","FAME","GNK Dinamo","","https://img.uefa.com/imgml/TP/teams/logos/70x70/50164.png","https://img.uefa.com/imgml/TP/teams/logos/240x240/50164.png","250164","DIN","DOMESTIC_MEN_TEAM_A","","DOMESTIC","Croatie","GNK Dinamo","GNK Dinamo","DIN","466","MINUTE","6","0","0","50.54","KILOMETER","31.14","KILOMETER_PER_HOUR"
"250144965","7889","26","1999-06-24","9","Nunez Ribeiro","URU","STRIKER","FORWARD","MALE","","./image/250144965.jpg","Darwin Núñez","FORWARD","11","Darwin","138","","Uruguay","Attaquant","Darwin","Núñez","Darwin Núñez","Núñez","200039","./assoc/200039_ENG.svg","./logo/7889.png","UEFA","ENG","7889","FAME","Liverpool","","https://img.uefa.com/imgml/TP/teams/logos/70x70/7889.png","https://img.uefa.com/imgml/TP/teams/logos/240x240/7889.png","207889","LIV","DOMESTIC_MEN_TEAM_A","","DOMESTIC","Angleterre","Liverpool","Liverpool FC","LIV","465","MINUTE","9","1","1","60.48","KILOMETER","34.41","KILOMETER_PER_HOUR"
"250112974","52707","26","1999-08-26","26","Konoplia","UKR","UNKNOWN","DEFENDER","MALE","","./image/250112974.jpg","Yukhym Konoplia","DEFENDER","2","Konoplia","57166","","Ukraine","Défenseur","Yukhym","Konoplia","Yukhym Konoplia","Konoplia","257166","./assoc/257166_UKR.svg","./logo/52707.png","UEFA","UKR","52707","FAME","Shakhtar","","https://img.uefa.com/imgml/TP/teams/logos/70x70/52707.png","https://img.uefa.com/imgml/TP/teams/logos/240x240/52707.png","252707","SHK","DOMESTIC_MEN_TEAM_A","","DOMESTIC","Ukraine","Shakhtar","FC Shakhtar Donetsk","SHK","465","MINUTE","7","0","2","55.77","KILOMETER","31.79","KILOMETER_PER_HOUR"
"250121584","52747","24","2001-02-19","19","KANG IN","KOR","STRIKER","MIDFIELDER","MALE","","./image/250121584.jpg","Kang-in Lee","MIDFIELDER","18","KANG IN","74","","République de Corée","Milieu","Kang-in","Lee","Kang-in Lee","Lee","200043","./assoc/200043_FRA.svg","./logo/52747.png","UEFA","FRA","52747","FAME","Paris","","https://img.uefa.com/imgml/TP/teams/logos/70x70/52747.png","https://img.uefa.com/imgml/TP/teams/logos/240x240/52747.png","252747","PSG","DOMESTIC_MEN_TEAM_A","","DOMESTIC","France","Paris","Paris Saint-Germain","PSG","463","MINUTE","11","0","0","56.64","KILOMETER","31.74","KILOMETER_PER_HOUR"
"250112969","52707","25","2000-08-21","21","Bondarenko","UKR","CENTRAL_MIDFIELDER","MIDFIELDER","MALE","","./image/250112969.jpg","Artem Bondarenko","MIDFIELDER","17","Bondarenko","57166","","Ukraine","Milieu","Artem","Bondarenko","Artem Bondarenko","Bondarenko","257166","./assoc/257166_UKR.svg","./logo/52707.png","UEFA","UKR","52707","FAME","Shakhtar","","https://img.uefa.com/imgml/TP/teams/logos/70x70/52707.png","https://img.uefa.com/imgml/TP/teams/logos/240x240/52707.png","252707","SHK","DOMESTIC_MEN_TEAM_A","","DOMESTIC","Ukraine","Shakhtar","FC Shakhtar Donetsk","SHK","463","MINUTE","8","0","0","66.5","KILOMETER","32.37","KILOMETER_PER_HOUR"
"250054949","50037","29","1996-06-13","11","Coman","FRA","WINGER","FORWARD","MALE","178","./image/250054949.jpg","Kingsley Coman","FORWARD","7","Coman","43","71","France","Attaquant","Kingsley","Coman","Kingsley Coman","Coman","200047","./assoc/200047_GER.svg","./logo/50037.png","UEFA","GER","50037","FAME","Bayern München","","https://img.uefa.com/imgml/TP/teams/logos/70x70/50037.png","https://img.uefa.com/imgml/TP/teams/logos/240x240/50037.png","250037","BAY","DOMESTIC_MEN_TEAM_A","","DOMESTIC","Allemagne","Bayern München","FC Bayern München","BAY","460","MINUTE","11","1","0","59.72","KILOMETER","35.36","KILOMETER_PER_HOUR"
"250193519","52707","22","2003-01-04","11","Kevin","BRA","UNKNOWN","MIDFIELDER","MALE","","./image/250193519.jpg","Kevin","MIDFIELDER","","Kevin","","","Brésil","Milieu","","Kevin","Kevin","Kevin","257166","./assoc/257166_UKR.svg","./logo/52707.png","UEFA","UKR","52707","FAME","Shakhtar","","https://img.uefa.com/imgml/TP/teams/logos/70x70/52707.png","https://img.uefa.com/imgml/TP/teams/logos/240x240/52707.png","252707","SHK","DOMESTIC_MEN_TEAM_A","","DOMESTIC","Ukraine","Shakhtar","FC Shakhtar Donetsk","SHK","460","MINUTE","7","2","0","53.39","KILOMETER","35.31","KILOMETER_PER_HOUR"
"250098471","52797","29","1996-07-05","10","Tolić","CRO","ATTACKING_MIDFIELDER","MIDFIELDER","MALE","","./image/250098471.jpg","Marko Tolić","MIDFIELDER","","Tolić","","","Croatie","Milieu","Marko","Tolić","Marko Tolić","Tolić","258836","./assoc/258836_SVK.svg","./logo/52797.png","UEFA","SVK","52797","FAME","S. Bratislava","","https://img.uefa.com/imgml/TP/teams/logos/70x70/52797.png","https://img.uefa.com/imgml/TP/teams/logos/240x240/52797.png","252797","SLB","DOMESTIC_MEN_TEAM_A","","DOMESTIC","Slovaquie","S. Bratislava","ŠK Slovan Bratislava","SLB","459","MINUTE","7","1","1","53.43","KILOMETER","31.96","KILOMETER_PER_HOUR"
"250146610","75797","24","2001-06-11","11","SAHRAOUI","MAR","","MIDFIELDER","MALE","","./image/250146610.jpg","Osame Sahraoui","FORWARD","21","Sahraoui","101","","Maroc","Milieu","Osame","Sahraoui","Osame Sahraoui","Sahraoui","200043","./assoc/200043_FRA.svg","./logo/75797.png","UEFA","FRA","75797","FAME","Lille","","https://img.uefa.com/imgml/TP/teams/logos/70x70/75797.png","https://img.uefa.com/imgml/TP/teams/logos/240x240/75797.png","275797","LIL","DOMESTIC_MEN_TEAM_A","","DOMESTIC","France","Lille","LOSC Lille","LIL","455","MINUTE","9","2","2","59.84","KILOMETER","33.21","KILOMETER_PER_HOUR"
"250081207","2602798","28","1997-04-18","6","Van De Beek","NED","CENTRAL_MIDFIELDER","MIDFIELDER","MALE","180","./image/250081207.jpg","Donny van de Beek","MIDFIELDER","20","Van De Beek","95","","Pays-Bas","Milieu","Donny","van de Beek","Donny van de Beek","Van de Beek","200122","./assoc/200122_ESP.svg","./logo/2602798.png","UEFA","ESP","2602798","FAME","Girona","","https://img.uefa.com/imgml/TP/teams/logos/70x70/2602798.png","https://img.uefa.com/imgml/TP/teams/logos/240x240/2602798.png","250001774","GIR","DOMESTIC_MEN_TEAM_A","","DOMESTIC","Espagne","Girona","Girona FC","GIR","453","MINUTE","7","1","0","59.72","KILOMETER","32.1","KILOMETER_PER_HOUR"
"250106967","2602798","24","2001-02-11","20","Gil","ESP","WINGER","FORWARD","MALE","","./image/250106967.jpg","Bryan Gil","FORWARD","22","Bryan","122","","Espagne","Attaquant","","Bryan Gil","Bryan Gil","Bryan Gil","200122","./assoc/200122_ESP.svg","./logo/2602798.png","UEFA","ESP","2602798","FAME","Girona","","https://img.uefa.com/imgml/TP/teams/logos/70x70/2602798.png","https://img.uefa.com/imgml/TP/teams/logos/240x240/2602798.png","250001774","GIR","DOMESTIC_MEN_TEAM_A","","DOMESTIC","Espagne","Girona","Girona FC","GIR","453","MINUTE","6","0","0","55.46","KILOMETER","32.93","KILOMETER_PER_HOUR"
"250102901","2601306","29","1995-11-06","14","M.BALDÉ","GNB","UNKNOWN","FORWARD","MALE","","./image/250102901.jpg","Mama Baldé","DEFENDER","","M. Baldé","","","Guinée-Bissau","Attaquant","Mama","Baldé","Mama Baldé","Baldé","200043","./assoc/200043_FRA.svg","./logo/2601306.png","UEFA","FRA","2601306","FAME","Brest","","https://img.uefa.com/imgml/TP/teams/logos/70x70/2601306.png","https://img.uefa.com/imgml/TP/teams/logos/240x240/2601306.png","250000621","BRE","DOMESTIC_MEN_TEAM_A","","DOMESTIC","France","Brest","Stade Brestois 29","BRE","452","MINUTE","9","0","2","54.42","KILOMETER","36.13","KILOMETER_PER_HOUR"
"250186923","50124","30","1994-11-19","21","JAVI GALÁN","ESP","UNKNOWN","DEFENDER","MALE","","./image/250186923.jpg","Javier Galán","DEFENDER","","Galán","","","Espagne","Défenseur","Javier","Galán","Javier Galán","Galán","200122","./assoc/200122_ESP.svg","./logo/50124.png","UEFA","ESP","50124","FAME","Atleti","","https://img.uefa.com/imgml/TP/teams/logos/70x70/50124.png","https://img.uefa.com/imgml/TP/teams/logos/240x240/50124.png","250124","ATM","DOMESTIC_MEN_TEAM_A","","DOMESTIC","Espagne","Atleti","Atlético de Madrid","ATM","452","MINUTE","6","0","0","54.25","KILOMETER","31.96","KILOMETER_PER_HOUR"
"250164780","50080","22","2003-05-11","16","Fermin","ESP","CENTRAL_MIDFIELDER","FORWARD","MALE","","./image/250164780.jpg","Fermín López","FORWARD","8","FERMÍN","122","","Espagne","Attaquant","","Fermín López","Fermín López","Fermín López","200122","./assoc/200122_ESP.svg","./logo/50080.png","UEFA","ESP","50080","FAME","Barcelona","","https://img.uefa.com/imgml/TP/teams/logos/70x70/50080.png","https://img.uefa.com/imgml/TP/teams/logos/240x240/50080.png","250080","BAR","DOMESTIC_MEN_TEAM_A","","DOMESTIC","Espagne","Barcelona","FC Barcelona","BAR","451","MINUTE","11","1","5","42.77","KILOMETER","31.81","KILOMETER_PER_HOUR"
"250058220","52919","28","1997-05-14","3","Rúben","POR","CENTRE_BACK","DEFENDER","MALE","","./image/250058220.jpg","Rúben Dias","DEFENDER","3","RÚBEN DIAS","110","","Portugal","Défenseur","","Rúben Dias","Rúben Dias","Rúben Dias","200039","./assoc/200039_ENG.svg","./logo/52919.png","UEFA","ENG","52919","FAME","Man City","","https://img.uefa.com/imgml/TP/teams/logos/70x70/52919.png","https://img.uefa.com/imgml/TP/teams/logos/240x240/52919.png","252919","MCI","DOMESTIC_MEN_TEAM_A","","DOMESTIC","Angleterre","Man City","Manchester City","MCI","450","MINUTE","7","0","0","53.6","KILOMETER","32.27","KILOMETER_PER_HOUR"
"250043066","52797","32","1992-11-15","6","Wimmer","AUT","CENTRE_BACK","DEFENDER","MALE","187","./image/250043066.jpg","Kevin Wimmer","DEFENDER","5","Wimmer","8","85","Autriche","Défenseur","Kevin","Wimmer","Kevin Wimmer","Wimmer","258836","./assoc/258836_SVK.svg","./logo/52797.png","UEFA","SVK","52797","FAME","S. Bratislava","","https://img.uefa.com/imgml/TP/teams/logos/70x70/52797.png","https://img.uefa.com/imgml/TP/teams/logos/240x240/52797.png","252797","SLB","DOMESTIC_MEN_TEAM_A","","DOMESTIC","Slovaquie","S. Bratislava","ŠK Slovan Bratislava","SLB","450","MINUTE","5","1","0","52.25","KILOMETER","31.08","KILOMETER_PER_HOUR"
"250102868","50111","25","2000-03-11","22","Gazibegović","BIH","UNKNOWN","DEFENDER","MALE","","./image/250102868.jpg","Jusuf Gazibegović","DEFENDER","23","Gazibegović","60094","","Bosnie-Herzégovine","Défenseur","Jusuf","Gazibegović","Jusuf Gazibegović","Gazibegović","200008","./assoc/200008_AUT.svg","./logo/50111.png","UEFA","AUT","50111","FAME","Sturm Graz","","https://img.uefa.com/imgml/TP/teams/logos/70x70/50111.png","https://img.uefa.com/imgml/TP/teams/logos/240x240/50111.png","250111","SGR","DOMESTIC_MEN_TEAM_A","","DOMESTIC","Autriche","Sturm Graz","SK Sturm Graz","SGR","450","MINUTE","5","0","0","55.14","KILOMETER","32.91","KILOMETER_PER_HOUR"
"250081721","50080","26","1999-03-02","13","Peña Sotorres","ESP","UNKNOWN","GOALKEEPER","MALE","","./image/250081721.jpg","Iñaki Peña","GOALKEEPER","23","Iñaki Peña","122","","Espagne","Gardien","","Iñaki Peña","Iñaki Peña","Iñaki Peña","200122","./assoc/200122_ESP.svg","./logo/50080.png","UEFA","ESP","50080","FAME","Barcelona","","https://img.uefa.com/imgml/TP/teams/logos/70x70/50080.png","https://img.uefa.com/imgml/TP/teams/logos/240x240/50080.png","250080","BAR","DOMESTIC_MEN_TEAM_A","","DOMESTIC","Espagne","Barcelona","FC Barcelona","BAR","450","MINUTE","5","0","0","30.99","KILOMETER","25.87","KILOMETER_PER_HOUR"
"250066131","50164","27","1998-07-31","33","Nevistić","CRO","GOALKEEPER","GOALKEEPER","MALE","","./image/250066131.jpg","Ivan Nevistić","GOALKEEPER","23","Nevistić","256370","","Croatie","Gardien","Ivan","Nevistić","Ivan Nevistić","Nevistić","256370","./assoc/256370_CRO.svg","./logo/50164.png","UEFA","CRO","50164","FAME","GNK Dinamo","","https://img.uefa.com/imgml/TP/teams/logos/70x70/50164.png","https://img.uefa.com/imgml/TP/teams/logos/240x240/50164.png","250164","DIN","DOMESTIC_MEN_TEAM_A","","DOMESTIC","Croatie","GNK Dinamo","GNK Dinamo","DIN","450","MINUTE","5","0","0","25.51","KILOMETER","23.1","KILOMETER_PER_HOUR"
"250177879","50058","24","2001-04-18","7","GIMENEZ","MEX","UNKNOWN","FORWARD","MALE","","./image/250177879.jpg","Santiago Giménez","FORWARD","","Gimenez","","","Mexique","Attaquant","Santiago","Giménez","Santiago Giménez","Giménez","200066","./assoc/200066_ITA.svg","./logo/50058.png","UEFA","ITA","50058","FAME","Milan","","https://img.uefa.com/imgml/TP/teams/logos/70x70/50058.png","https://img.uefa.com/imgml/TP/teams/logos/240x240/50058.png","250058","MIL","DOMESTIC_MEN_TEAM_A","","DOMESTIC","Italie","Milan","AC Milan","MIL","449","MINUTE","7","6","1","54.06","KILOMETER","32.78","KILOMETER_PER_HOUR"
"250155799","50111","25","2000-02-11","35","Geyrhofer","AUT","","DEFENDER","MALE","","./image/250155799.jpg","Niklas Geyrhofer","DEFENDER","14","Geyrhofer","200008","","Autriche","Défenseur","Niklas","Geyrhofer","Niklas Geyrhofer","Geyrhofer","200008","./assoc/200008_AUT.svg","./logo/50111.png","UEFA","AUT","50111","FAME","Sturm Graz","","https://img.uefa.com/imgml/TP/teams/logos/70x70/50111.png","https://img.uefa.com/imgml/TP/teams/logos/240x240/50111.png","250111","SGR","DOMESTIC_MEN_TEAM_A","","DOMESTIC","Autriche","Sturm Graz","SK Sturm Graz","SGR","449","MINUTE","6","0","0","50.6","KILOMETER","31.77","KILOMETER_PER_HOUR"
"250197801","50080","23","2002-02-26","18","Gerard Martin","ESP","UNKNOWN","DEFENDER","MALE","","./image/250197801.jpg","Gerard Martín","DEFENDER","18","GERARD MARTIN","200122","","Espagne","Défenseur","","Gerard Martín","Gerard Martín","Gerard Martín","200122","./assoc/200122_ESP.svg","./logo/50080.png","UEFA","ESP","50080","FAME","Barcelona","","https://img.uefa.com/imgml/TP/teams/logos/70x70/50080.png","https://img.uefa.com/imgml/TP/teams/logos/240x240/50080.png","250080","BAR","DOMESTIC_MEN_TEAM_A","","DOMESTIC","Espagne","Barcelona","FC Barcelona","BAR","447","MINUTE","8","0","3","44.68","KILOMETER","34.48","KILOMETER_PER_HOUR"
"1906768","2602798","34","1991-09-24","14","Oriol Romeu","ESP","DEFENSIVE_MIDFIELDER","MIDFIELDER","MALE","183","./image/1906768.jpg","Oriol Romeu","MIDFIELDER","6","Oriol","200122","75","Espagne","Milieu","","Oriol Romeu","Oriol Romeu","Oriol Romeu","200122","./assoc/200122_ESP.svg","./logo/2602798.png","UEFA","ESP","2602798","FAME","Girona","","https://img.uefa.com/imgml/TP/teams/logos/70x70/2602798.png","https://img.uefa.com/imgml/TP/teams/logos/240x240/2602798.png","250001774","GIR","DOMESTIC_MEN_TEAM_A","","DOMESTIC","Espagne","Girona","Girona FC","GIR","447","MINUTE","6","0","0","59.22","KILOMETER","29.28","KILOMETER_PER_HOUR"
"250187672","52707","23","2002-07-11","13","Pedro Henrique","BRA","UNKNOWN","DEFENDER","MALE","","./image/250187672.jpg","Pedro Henrique","DEFENDER","","Pedrinho","","","Brésil","Défenseur","","Pedro Henrique","Pedro Henrique","Pedro Henrique","257166","./assoc/257166_UKR.svg","./logo/52707.png","UEFA","UKR","52707","FAME","Shakhtar","","https://img.uefa.com/imgml/TP/teams/logos/70x70/52707.png","https://img.uefa.com/imgml/TP/teams/logos/240x240/52707.png","252707","SHK","DOMESTIC_MEN_TEAM_A","","DOMESTIC","Ukraine","Shakhtar","FC Shakhtar Donetsk","SHK","447","MINUTE","6","0","0","58.26","KILOMETER","35.56","KILOMETER_PER_HOUR"
"250113947","50031","24","2001-01-18","8","ŁAKOMY","POL","UNKNOWN","MIDFIELDER","MALE","","./image/250113947.jpg","Łukasz Łakomy","MIDFIELDER","19","Łakomy","200109","","Pologne","Milieu","Łukasz","Łakomy","Łukasz Łakomy","Łakomy","200128","./assoc/200128_SUI.svg","./logo/50031.png","UEFA","SUI","50031","FAME","Young Boys","","https://img.uefa.com/imgml/TP/teams/logos/70x70/50031.png","https://img.uefa.com/imgml/TP/teams/logos/240x240/50031.png","250031","YB","DOMESTIC_MEN_TEAM_A","","DOMESTIC","Suisse","Young Boys","BSC Young Boys","YB","444","MINUTE","7","1","0","60.48","KILOMETER","30.45","KILOMETER_PER_HOUR"
"250076631","7889","29","1996-05-12","12","Tsimikas","GRE","FULL_BACK","DEFENDER","MALE","178","./image/250076631.jpg","Kostas Tsimikas","DEFENDER","21","TSIMIKAS","49","77","Grèce","Défenseur","Kostas","Tsimikas","Kostas Tsimikas","Tsimikas","200039","./assoc/200039_ENG.svg","./logo/7889.png","UEFA","ENG","7889","FAME","Liverpool","","https://img.uefa.com/imgml/TP/teams/logos/70x70/7889.png","https://img.uefa.com/imgml/TP/teams/logos/240x240/7889.png","207889","LIV","DOMESTIC_MEN_TEAM_A","","DOMESTIC","Angleterre","Liverpool","Liverpool FC","LIV","444","MINUTE","6","0","1","55.73","KILOMETER","31.98","KILOMETER_PER_HOUR"
"250124169","50031","24","2001-07-27","27","BLUM","SUI","FULL_BACK","DEFENDER","MALE","","./image/250124169.jpg","Lewin Blum","DEFENDER","2","Blum","200128","","Suisse","Défenseur","Lewin","Blum","Lewin Blum","Blum","200128","./assoc/200128_SUI.svg","./logo/50031.png","UEFA","SUI","50031","FAME","Young Boys","","https://img.uefa.com/imgml/TP/teams/logos/70x70/50031.png","https://img.uefa.com/imgml/TP/teams/logos/240x240/50031.png","250031","YB","DOMESTIC_MEN_TEAM_A","","DOMESTIC","Suisse","Young Boys","BSC Young Boys","YB","441","MINUTE","7","0","0","55.08","KILOMETER","32.64","KILOMETER_PER_HOUR"
"250200298","2601306","22","2003-02-18","9","K.DOUMBIA","MLI","UNKNOWN","MIDFIELDER","MALE","","./image/250200298.jpg","Kamory Doumbia","MIDFIELDER","","DOUMBIA","","","Mali","Milieu","Kamory","Doumbia","Kamory Doumbia","Doumbia","200043","./assoc/200043_FRA.svg","./logo/2601306.png","UEFA","FRA","2601306","FAME","Brest","","https://img.uefa.com/imgml/TP/teams/logos/70x70/2601306.png","https://img.uefa.com/imgml/TP/teams/logos/240x240/2601306.png","250000621","BRE","DOMESTIC_MEN_TEAM_A","","DOMESTIC","France","Brest","Stade Brestois 29","BRE","440","MINUTE","10","0","0","61.16","KILOMETER","31.03","KILOMETER_PER_HOUR"
"250081720","50080","27","1998-05-07","20","Olmo","ESP","WINGER","FORWARD","MALE","176","./image/250081720.jpg","Dani Olmo","FORWARD","10","OLMO","122","68","Espagne","Attaquant","Dani","Olmo","Dani Olmo","Olmo","200122","./assoc/200122_ESP.svg","./logo/50080.png","UEFA","ESP","50080","FAME","Barcelona","","https://img.uefa.com/imgml/TP/teams/logos/70x70/50080.png","https://img.uefa.com/imgml/TP/teams/logos/240x240/50080.png","250080","BAR","DOMESTIC_MEN_TEAM_A","","DOMESTIC","Espagne","Barcelona","FC Barcelona","BAR","440","MINUTE","9","2","1","52.53","KILOMETER","30.81","KILOMETER_PER_HOUR"
"250121330","50149","30","1995-02-18","2","Matheus R.","BRA","UNKNOWN","DEFENDER","MALE","","./image/250121330.jpg","Matheus Reis","DEFENDER","","M. Reis","","","Brésil","Défenseur","","Matheus Reis","Matheus Reis","Matheus Reis","200110","./assoc/200110_POR.svg","./logo/50149.png","UEFA","POR","50149","FAME","Sporting CP","","https://img.uefa.com/imgml/TP/teams/logos/70x70/50149.png","https://img.uefa.com/imgml/TP/teams/logos/240x240/50149.png","250149","SPO","DOMESTIC_MEN_TEAM_A","","DOMESTIC","Portugal","Sporting CP","Sporting Clube de Portugal","SPO","435","MINUTE","8","0","0","53.08","KILOMETER","31.71","KILOMETER_PER_HOUR"
"250134728","2602798","23","2002-08-01","16","A. Francés","ESP","","DEFENDER","MALE","","./image/250134728.jpg","Alejandro Francés","DEFENDER","5","A. FRANCÉS","200122","","Espagne","Défenseur","","Alejandro Francés","Alejandro Francés","Alejandro Francés","200122","./assoc/200122_ESP.svg","./logo/2602798.png","UEFA","ESP","2602798","FAME","Girona","","https://img.uefa.com/imgml/TP/teams/logos/70x70/2602798.png","https://img.uefa.com/imgml/TP/teams/logos/240x240/2602798.png","250001774","GIR","DOMESTIC_MEN_TEAM_A","","DOMESTIC","Espagne","Girona","Girona FC","GIR","435","MINUTE","6","0","0","53.14","KILOMETER","33.17","KILOMETER_PER_HOUR"
"250139036","50124","22","2003-06-15","8","BARRIOS","ESP","UNKNOWN","MIDFIELDER","MALE","","./image/250139036.jpg","Pablo Barrios","MIDFIELDER","15","BARRIOS","122","","Espagne","Milieu","Pablo","Barrios","Pablo Barrios","Barrios","200122","./assoc/200122_ESP.svg","./logo/50124.png","UEFA","ESP","50124","FAME","Atleti","","https://img.uefa.com/imgml/TP/teams/logos/70x70/50124.png","https://img.uefa.com/imgml/TP/teams/logos/240x240/50124.png","250124","ATM","DOMESTIC_MEN_TEAM_A","","DOMESTIC","Espagne","Atleti","Atlético de Madrid","ATM","434","MINUTE","6","0","0","57.44","KILOMETER","32.7","KILOMETER_PER_HOUR"
"250113392","52280","23","2002-05-19","33","Calafiori","ITA","FULL_BACK","DEFENDER","MALE","","./image/250113392.jpg","Riccardo Calafiori","DEFENDER","13","Calafiori","66","","Italie","Défenseur","Riccardo","Calafiori","Riccardo Calafiori","Calafiori","200039","./assoc/200039_ENG.svg","./logo/52280.png","UEFA","ENG","52280","FAME","Arsenal","","https://img.uefa.com/imgml/TP/teams/logos/70x70/52280.png","https://img.uefa.com/imgml/TP/teams/logos/240x240/52280.png","252280","ARS","DOMESTIC_MEN_TEAM_A","","DOMESTIC","Angleterre","Arsenal","Arsenal FC","ARS","431","MINUTE","8","1","1","54.99","KILOMETER","32.74","KILOMETER_PER_HOUR"
"250172673","50124","27","1998-04-06","16","MOLINA","ARG","UNKNOWN","DEFENDER","MALE","","./image/250172673.jpg","Nahuel Molina","DEFENDER","4","Molina","6","","Argentine","Défenseur","Nahuel","Molina","Nahuel Molina","Molina","200122","./assoc/200122_ESP.svg","./logo/50124.png","UEFA","ESP","50124","FAME","Atleti","","https://img.uefa.com/imgml/TP/teams/logos/70x70/50124.png","https://img.uefa.com/imgml/TP/teams/logos/240x240/50124.png","250124","ATM","DOMESTIC_MEN_TEAM_A","","DOMESTIC","Espagne","Atleti","Atlético de Madrid","ATM","427","MINUTE","8","1","0","53.28","KILOMETER","34.24","KILOMETER_PER_HOUR"
"250138653","50139","22","2003-03-19","37","Savona","ITA","UNKNOWN","DEFENDER","MALE","","./image/250138653.jpg","Nicolò Savona","DEFENDER","2","Savona","66","","Italie","Défenseur","Nicolò","Savona","Nicolò Savona","Savona","200066","./assoc/200066_ITA.svg","./logo/50139.png","UEFA","ITA","50139","FAME","Juventus","","https://img.uefa.com/imgml/TP/teams/logos/70x70/50139.png","https://img.uefa.com/imgml/TP/teams/logos/240x240/50139.png","250139","JUV","DOMESTIC_MEN_TEAM_A","","DOMESTIC","Italie","Juventus","Juventus","JUV","427","MINUTE","7","0","0","46.97","KILOMETER","34.09","KILOMETER_PER_HOUR"
"250194673","50107","29","1996-07-19","26","Undav","GER","","FORWARD","MALE","","./image/250194673.jpg","Deniz Undav","FORWARD","13","Undav","47","","Allemagne","Attaquant","Deniz","Undav","Deniz Undav","Undav","200047","./assoc/200047_GER.svg","./logo/50107.png","UEFA","GER","50107","FAME","Stuttgart","","https://img.uefa.com/imgml/TP/teams/logos/70x70/50107.png","https://img.uefa.com/imgml/TP/teams/logos/240x240/50107.png","250107","STU","DOMESTIC_MEN_TEAM_A","","DOMESTIC","Allemagne","Stuttgart","VfB Stuttgart","STU","425","MINUTE","6","1","1","50.28","KILOMETER","30.59","KILOMETER_PER_HOUR"
"250174063","50033","26","1999-09-05","7","Olatunji","NGA","UNKNOWN","FORWARD","MALE","","./image/250174063.jpg","Victor  Olatunji","FORWARD","","OLATUNJI.V","","","Nigeria","Attaquant","Victor","Olatunji","Victor  Olatunji","Olatunji","258837","./assoc/258837_CZE.svg","./logo/50033.png","UEFA","CZE","50033","FAME","Sparta Praha","","https://img.uefa.com/imgml/TP/teams/logos/70x70/50033.png","https://img.uefa.com/imgml/TP/teams/logos/240x240/50033.png","250033","SPA","DOMESTIC_MEN_TEAM_A","","DOMESTIC","Tchéquie","Sparta Praha","AC Sparta Praha","SPA","424","MINUTE","8","2","1","44.43","KILOMETER","34.08","KILOMETER_PER_HOUR"
"250101723","75797","25","2000-06-20","20","BAKKER","NED","UNKNOWN","DEFENDER","MALE","","./image/250101723.jpg","Mitchel Bakker","DEFENDER","5","Bakker","200095","","Pays-Bas","Défenseur","Mitchel","Bakker","Mitchel Bakker","Bakker","200043","./assoc/200043_FRA.svg","./logo/75797.png","UEFA","FRA","75797","FAME","Lille","","https://img.uefa.com/imgml/TP/teams/logos/70x70/75797.png","https://img.uefa.com/imgml/TP/teams/logos/240x240/75797.png","275797","LIL","DOMESTIC_MEN_TEAM_A","","DOMESTIC","France","Lille","LOSC Lille","LIL","422","MINUTE","8","1","0","52.12","KILOMETER","33.01","KILOMETER_PER_HOUR"
"250088320","50080","25","2000-02-29","7","Ferran","ESP","WINGER","FORWARD","MALE","","./image/250088320.jpg","Ferran Torres","FORWARD","11","FERRAN","122","","Espagne","Attaquant","","Ferran Torres","Ferran Torres","Ferran Torres","200122","./assoc/200122_ESP.svg","./logo/50080.png","UEFA","ESP","50080","FAME","Barcelona","","https://img.uefa.com/imgml/TP/teams/logos/70x70/50080.png","https://img.uefa.com/imgml/TP/teams/logos/240x240/50080.png","250080","BAR","DOMESTIC_MEN_TEAM_A","","DOMESTIC","Espagne","Barcelona","FC Barcelona","BAR","421","MINUTE","11","3","1","45.55","KILOMETER","33.12","KILOMETER_PER_HOUR"
"250112220","50037","25","2000-04-02","44","Stanišić","CRO","UNKNOWN","DEFENDER","MALE","","./image/250112220.jpg","Josip Stanišić","DEFENDER","2","Stanišić","56370","","Croatie","Défenseur","Josip","Stanišić","Josip Stanišić","Stanišić","200047","./assoc/200047_GER.svg","./logo/50037.png","UEFA","GER","50037","FAME","Bayern München","","https://img.uefa.com/imgml/TP/teams/logos/70x70/50037.png","https://img.uefa.com/imgml/TP/teams/logos/240x240/50037.png","250037","BAY","DOMESTIC_MEN_TEAM_A","","DOMESTIC","Allemagne","Bayern München","FC Bayern München","BAY","421","MINUTE","6","0","0","55.1","KILOMETER","33.28","KILOMETER_PER_HOUR"
"250177722","50069","18","2007-06-05","55","Maksimović","SRB","UNKNOWN","MIDFIELDER","MALE","","./image/250177722.jpg","Andrija Maksimović","MIDFIELDER","22","A. Maksimović","147","","Serbie","Milieu","Andrija","Maksimović","Andrija Maksimović","A. Maksimović","200147","./assoc/200147_SRB.svg","./logo/50069.png","UEFA","SRB","50069","FAME","Crvena Zvezda","","https://img.uefa.com/imgml/TP/teams/logos/70x70/50069.png","https://img.uefa.com/imgml/TP/teams/logos/240x240/50069.png","250069","ZVE","DOMESTIC_MEN_TEAM_A","","DOMESTIC","Serbie","Crvena Zvezda","FK Crvena Zvezda","ZVE","418","MINUTE","7","0","0","49.7","KILOMETER","32.38","KILOMETER_PER_HOUR"
"250169764","50062","21","2004-03-09","32","Dams","BEL","UNKNOWN","DEFENDER","MALE","","./image/250169764.jpg","Matteo Dams","DEFENDER","5","Dams","200013","","Belgique","Défenseur","Matteo","Dams","Matteo Dams","Dams","200095","./assoc/200095_NED.svg","./logo/50062.png","UEFA","NED","50062","FAME","PSV","","https://img.uefa.com/imgml/TP/teams/logos/70x70/50062.png","https://img.uefa.com/imgml/TP/teams/logos/240x240/50062.png","250062","PSV","DOMESTIC_MEN_TEAM_A","","DOMESTIC","Pays-Bas","PSV","PSV Eindhoven","PSV","417","MINUTE","6","0","0","50.51","KILOMETER","33.07","KILOMETER_PER_HOUR"
"250168990","2602798","22","2003-04-25","4","Arnau","ESP","","DEFENDER","MALE","","./image/250168990.jpg","Arnau Martínez","DEFENDER","4","ARNAU","200122","","Espagne","Défenseur","Arnau","Martínez","Arnau Martínez","Martínez","200122","./assoc/200122_ESP.svg","./logo/2602798.png","UEFA","ESP","2602798","FAME","Girona","","https://img.uefa.com/imgml/TP/teams/logos/70x70/2602798.png","https://img.uefa.com/imgml/TP/teams/logos/240x240/2602798.png","250001774","GIR","DOMESTIC_MEN_TEAM_A","","DOMESTIC","Espagne","Girona","Girona FC","GIR","415","MINUTE","5","0","0","50.53","KILOMETER","31.69","KILOMETER_PER_HOUR"
"250117511","50058","22","2002-11-29","6","Musah","USA","","MIDFIELDER","MALE","","./image/250117511.jpg","Yunus Musah","MIDFIELDER","6","Musah","140","","Etats-Unis","Milieu","Yunus","Musah","Yunus Musah","Musah","200066","./assoc/200066_ITA.svg","./logo/50058.png","UEFA","ITA","50058","FAME","Milan","","https://img.uefa.com/imgml/TP/teams/logos/70x70/50058.png","https://img.uefa.com/imgml/TP/teams/logos/240x240/50058.png","250058","MIL","DOMESTIC_MEN_TEAM_A","","DOMESTIC","Italie","Milan","AC Milan","MIL","414","MINUTE","7","0","0","52.57","KILOMETER","34.28","KILOMETER_PER_HOUR"
"250138382","50107","24","2001-02-26","18","Leweling","GER","UNKNOWN","FORWARD","MALE","","./image/250138382.jpg","Jamie Leweling","MIDFIELDER","7","Leweling","47","","Allemagne","Attaquant","Jamie","Leweling","Jamie Leweling","Leweling","200047","./assoc/200047_GER.svg","./logo/50107.png","UEFA","GER","50107","FAME","Stuttgart","","https://img.uefa.com/imgml/TP/teams/logos/70x70/50107.png","https://img.uefa.com/imgml/TP/teams/logos/240x240/50107.png","250107","STU","DOMESTIC_MEN_TEAM_A","","DOMESTIC","Allemagne","Stuttgart","VfB Stuttgart","STU","412","MINUTE","5","2","1","47.35","KILOMETER","34.33","KILOMETER_PER_HOUR"
"250173502","50124","25","1999-12-23","12","S.LINO","BRA","UNKNOWN","MIDFIELDER","MALE","","./image/250173502.jpg","Samuel Lino","MIDFIELDER","","Lino","","","Brésil","Milieu","Samuel","Lino","Samuel Lino","Lino","200122","./assoc/200122_ESP.svg","./logo/50124.png","UEFA","ESP","50124","FAME","Atleti","","https://img.uefa.com/imgml/TP/teams/logos/70x70/50124.png","https://img.uefa.com/imgml/TP/teams/logos/240x240/50124.png","250124","ATM","DOMESTIC_MEN_TEAM_A","","DOMESTIC","Espagne","Atleti","Atlético de Madrid","ATM","411","MINUTE","10","0","3","56.64","KILOMETER","32.33","KILOMETER_PER_HOUR"
"250127540","52969","25","2000-08-03","24","Dallinga","NED","UNKNOWN","FORWARD","MALE","","./image/250127540.jpg","Thijs Dallinga","FORWARD","19","Dallinga","95","","Pays-Bas","Attaquant","Thijs","Dallinga","Thijs Dallinga","Dallinga","200066","./assoc/200066_ITA.svg","./logo/52969.png","UEFA","ITA","52969","FAME","Bologna","","https://img.uefa.com/imgml/TP/teams/logos/70x70/52969.png","https://img.uefa.com/imgml/TP/teams/logos/240x240/52969.png","252969","BOL","DOMESTIC_MEN_TEAM_A","","DOMESTIC","Italie","Bologna","Bologna FC 1909","BOL","410","MINUTE","8","1","0","52.33","KILOMETER","31.67","KILOMETER_PER_HOUR"
"250138999","50147","21","2004-06-01","21","Schjelderup","NOR","UNKNOWN","FORWARD","MALE","","./image/250138999.jpg","Andreas Schjelderup","FORWARD","10","Schjelderup","101","","Norvège","Attaquant","Andreas","Schjelderup","Andreas Schjelderup","Schjelderup","200110","./assoc/200110_POR.svg","./logo/50147.png","UEFA","POR","50147","FAME","Benfica","","https://img.uefa.com/imgml/TP/teams/logos/70x70/50147.png","https://img.uefa.com/imgml/TP/teams/logos/240x240/50147.png","250147","BEN","DOMESTIC_MEN_TEAM_A","","DOMESTIC","Portugal","Benfica","SL Benfica","BEN","408","MINUTE","7","0","2","52.24","KILOMETER","32.19","KILOMETER_PER_HOUR"
"250187759","52707","21","2004-08-09","7","Eguinaldo","BRA","UNKNOWN","FORWARD","MALE","","./image/250187759.jpg","Eguinaldo","FORWARD","","EGUINALDO","","","Brésil","Attaquant","","Eguinaldo","Eguinaldo","Eguinaldo","257166","./assoc/257166_UKR.svg","./logo/52707.png","UEFA","UKR","52707","FAME","Shakhtar","","https://img.uefa.com/imgml/TP/teams/logos/70x70/52707.png","https://img.uefa.com/imgml/TP/teams/logos/240x240/52707.png","252707","SHK","DOMESTIC_MEN_TEAM_A","","DOMESTIC","Ukraine","Shakhtar","FC Shakhtar Donetsk","SHK","408","MINUTE","7","0","1","52.63","KILOMETER","34.32","KILOMETER_PER_HOUR"
"250055110","50109","29","1996-01-24","14","Schick","CZE","STRIKER","FORWARD","MALE","186","./image/250055110.jpg","Patrik Schick","FORWARD","10","Schick","58837","73","Tchéquie","Attaquant","Patrik","Schick","Patrik Schick","Schick","200047","./assoc/200047_GER.svg","./logo/50109.png","UEFA","GER","50109","FAME","Leverkusen","","https://img.uefa.com/imgml/TP/teams/logos/70x70/50109.png","https://img.uefa.com/imgml/TP/teams/logos/240x240/50109.png","250109","LEV","DOMESTIC_MEN_TEAM_A","","DOMESTIC","Allemagne","Leverkusen","Bayer 04 Leverkusen","LEV","407","MINUTE","8","1","0","52.78","KILOMETER","32.95","KILOMETER_PER_HOUR"
"250086709","50051","29","1996-08-07","19","D. CEBALLOS","ESP","CENTRAL_MIDFIELDER","MIDFIELDER","MALE","176","./image/250086709.jpg","Dani Ceballos","MIDFIELDER","10","D. Ceballos","122","65","Espagne","Milieu","Dani","Ceballos","Dani Ceballos","Ceballos","200122","./assoc/200122_ESP.svg","./logo/50051.png","UEFA","ESP","50051","FAME","Real Madrid","","https://img.uefa.com/imgml/TP/teams/logos/70x70/50051.png","https://img.uefa.com/imgml/TP/teams/logos/240x240/50051.png","250051","RMA","DOMESTIC_MEN_TEAM_A","","DOMESTIC","Espagne","Real Madrid","Real Madrid C.F.","RMA","406","MINUTE","9","0","1","53.62","KILOMETER","30.44","KILOMETER_PER_HOUR"
"250114167","2603790","24","2001-05-04","13","Seiwald","AUT","UNKNOWN","MIDFIELDER","MALE","","./image/250114167.jpg","Nicolas Seiwald","MIDFIELDER","6","Seiwald","8","","Autriche","Milieu","Nicolas","Seiwald","Nicolas Seiwald","Seiwald","200047","./assoc/200047_GER.svg","./logo/2603790.png","UEFA","GER","2603790","FAME","Leipzig","","https://img.uefa.com/imgml/TP/teams/logos/70x70/2603790.png","https://img.uefa.com/imgml/TP/teams/logos/240x240/2603790.png","250002563","RBL","DOMESTIC_MEN_TEAM_A","","DOMESTIC","Allemagne","Leipzig","RB Leipzig","RBL","406","MINUTE","7","0","1","48.21","KILOMETER","33.78","KILOMETER_PER_HOUR"
"250079383","50107","27","1998-03-25","9","Demirović","BIH","UNKNOWN","MIDFIELDER","MALE","","./image/250079383.jpg","Ermedin Demirović","FORWARD","10","Demirović","60094","","Bosnie-Herzégovine","Milieu","Ermedin","Demirović","Ermedin Demirović","Demirović","200047","./assoc/200047_GER.svg","./logo/50107.png","UEFA","GER","50107","FAME","Stuttgart","","https://img.uefa.com/imgml/TP/teams/logos/70x70/50107.png","https://img.uefa.com/imgml/TP/teams/logos/240x240/50107.png","250107","STU","DOMESTIC_MEN_TEAM_A","","DOMESTIC","Allemagne","Stuttgart","VfB Stuttgart","STU","404","MINUTE","8","1","0","49.86","KILOMETER","32.27","KILOMETER_PER_HOUR"
"250091198","50058","25","1999-10-21","46","GABBIA","ITA","CENTRE_BACK","DEFENDER","MALE","","./image/250091198.jpg","Matteo Gabbia","DEFENDER","2","Gabbia","66","","Italie","Défenseur","Matteo","Gabbia","Matteo Gabbia","Gabbia","200066","./assoc/200066_ITA.svg","./logo/50058.png","UEFA","ITA","50058","FAME","Milan","","https://img.uefa.com/imgml/TP/teams/logos/70x70/50058.png","https://img.uefa.com/imgml/TP/teams/logos/240x240/50058.png","250058","MIL","DOMESTIC_MEN_TEAM_A","","DOMESTIC","Italie","Milan","AC Milan","MIL","404","MINUTE","6","0","0","50.25","KILOMETER","32.7","KILOMETER_PER_HOUR"
"1909917","50124","33","1992-01-08","6","KOKE","ESP","CENTRAL_MIDFIELDER","MIDFIELDER","MALE","178","./image/1909917.jpg","Koke","MIDFIELDER","8","Koke","122","74","Espagne","Milieu","","Koke","Koke","Koke","200122","./assoc/200122_ESP.svg","./logo/50124.png","UEFA","ESP","50124","FAME","Atleti","","https://img.uefa.com/imgml/TP/teams/logos/70x70/50124.png","https://img.uefa.com/imgml/TP/teams/logos/240x240/50124.png","250124","ATM","DOMESTIC_MEN_TEAM_A","","DOMESTIC","Espagne","Atleti","Atlético de Madrid","ATM","402","MINUTE","7","0","1","59.92","KILOMETER","29.43","KILOMETER_PER_HOUR"
"250089719","50030","26","1999-08-17","3","Terzic","SRB","UNKNOWN","DEFENDER","MALE","","./image/250089719.jpg","Aleksa Terzić","DEFENDER","7","Terzić","147","","Serbie","Défenseur","Aleksa","Terzić","Aleksa Terzić","Terzić","200008","./assoc/200008_AUT.svg","./logo/50030.png","UEFA","AUT","50030","FAME","Salzburg","","https://img.uefa.com/imgml/TP/teams/logos/70x70/50030.png","https://img.uefa.com/imgml/TP/teams/logos/240x240/50030.png","250030","SAL","DOMESTIC_MEN_TEAM_A","","DOMESTIC","Autriche","Salzburg","FC Salzburg","SAL","402","MINUTE","6","0","0","50.82","KILOMETER","33.49","KILOMETER_PER_HOUR"
"250008901","52919","34","1991-06-28","11","De Bruyne","BEL","ATTACKING_MIDFIELDER","MIDFIELDER","MALE","181","./image/250008901.jpg","Kevin De Bruyne","MIDFIELDER","7","De Bruyne","13","68","Belgique","Milieu","Kevin","De Bruyne","Kevin De Bruyne","De Bruyne","200039","./assoc/200039_ENG.svg","./logo/52919.png","UEFA","ENG","52919","FAME","Man City","","https://img.uefa.com/imgml/TP/teams/logos/70x70/52919.png","https://img.uefa.com/imgml/TP/teams/logos/240x240/52919.png","252919","MCI","DOMESTIC_MEN_TEAM_A","","DOMESTIC","Angleterre","Man City","Manchester City","MCI","398","MINUTE","7","0","0","51.57","KILOMETER","32.13","KILOMETER_PER_HOUR"
"250024456","50058","32","1992-10-23","77","MORATA","ESP","STRIKER","FORWARD","MALE","189","./image/250024456.jpg","Álvaro Morata","FORWARD","7","MORATA","122","85","Espagne","Attaquant","Álvaro","Morata","Álvaro Morata","Morata","200066","./assoc/200066_ITA.svg","./logo/50058.png","UEFA","ITA","50058","FAME","Milan","","https://img.uefa.com/imgml/TP/teams/logos/70x70/50058.png","https://img.uefa.com/imgml/TP/teams/logos/240x240/50058.png","250058","MIL","DOMESTIC_MEN_TEAM_A","","DOMESTIC","Italie","Milan","AC Milan","MIL","396","MINUTE","7","1","1","48.12","KILOMETER","33.72","KILOMETER_PER_HOUR"
"250187143","50030","20","2005-09-28","28","Daghim","DEN","UNKNOWN","FORWARD","MALE","","./image/250187143.jpg","Adam Daghim","FORWARD","11","Daghim","200035","","Danemark","Attaquant","Adam","Daghim","Adam Daghim","Daghim","200008","./assoc/200008_AUT.svg","./logo/50030.png","UEFA","AUT","50030","FAME","Salzburg","","https://img.uefa.com/imgml/TP/teams/logos/70x70/50030.png","https://img.uefa.com/imgml/TP/teams/logos/240x240/50030.png","250030","SAL","DOMESTIC_MEN_TEAM_A","","DOMESTIC","Autriche","Salzburg","FC Salzburg","SAL","393","MINUTE","7","1","0","54.38","KILOMETER","35.63","KILOMETER_PER_HOUR"
"250163250","52683","24","2001-05-28","41","J. Ramsey","ENG","UNKNOWN","MIDFIELDER","MALE","","./image/250163250.jpg","Jacob Ramsey","MIDFIELDER","8","Ramsey","200039","","Angleterre","Milieu","Jacob","Ramsey","Jacob Ramsey","Ramsey","200039","./assoc/200039_ENG.svg","./logo/52683.png","UEFA","ENG","52683","FAME","Aston Villa","","https://img.uefa.com/imgml/TP/teams/logos/70x70/52683.png","https://img.uefa.com/imgml/TP/teams/logos/240x240/52683.png","252683","AVL","DOMESTIC_MEN_TEAM_A","","DOMESTIC","Angleterre","Aston Villa","Aston Villa FC","AVL","392","MINUTE","10","1","2","50.47","KILOMETER","34.4","KILOMETER_PER_HOUR"
"250197796","2602798","34","1991-04-30","15","Juanpe RL","ESP","","DEFENDER","MALE","","./image/250197796.jpg","Juanpe","DEFENDER","","Juanpe RL","","","Espagne","Défenseur","","Juanpe","Juanpe","Juanpe","200122","./assoc/200122_ESP.svg","./logo/2602798.png","UEFA","ESP","2602798","FAME","Girona","","https://img.uefa.com/imgml/TP/teams/logos/70x70/2602798.png","https://img.uefa.com/imgml/TP/teams/logos/240x240/2602798.png","250001774","GIR","DOMESTIC_MEN_TEAM_A","","DOMESTIC","Espagne","Girona","Girona FC","GIR","390","MINUTE","5","1","1","44.31","KILOMETER","30.42","KILOMETER_PER_HOUR"
"250088104","2602798","28","1997-01-31","11","Danjuma","NED","STRIKER","MIDFIELDER","MALE","","./image/250088104.jpg","Arnaut Danjuma","MIDFIELDER","9","Danjuma","95","","Pays-Bas","Milieu","Arnaut","Danjuma","Arnaut Danjuma","Danjuma","200122","./assoc/200122_ESP.svg","./logo/2602798.png","UEFA","ESP","2602798","FAME","Girona","","https://img.uefa.com/imgml/TP/teams/logos/70x70/2602798.png","https://img.uefa.com/imgml/TP/teams/logos/240x240/2602798.png","250001774","GIR","DOMESTIC_MEN_TEAM_A","","DOMESTIC","Espagne","Girona","Girona FC","GIR","388","MINUTE","7","1","2","45.34","KILOMETER","34.64","KILOMETER_PER_HOUR"
"250010223","75797","35","1990-03-08","90","Cabella","FRA","ATTACKING_MIDFIELDER","MIDFIELDER","MALE","171","./image/250010223.jpg","Rémy Cabella","MIDFIELDER","7","CABELLA","200043","62","France","Milieu","Rémy","Cabella","Rémy Cabella","Cabella","200043","./assoc/200043_FRA.svg","./logo/75797.png","UEFA","FRA","75797","FAME","Lille","","https://img.uefa.com/imgml/TP/teams/logos/70x70/75797.png","https://img.uefa.com/imgml/TP/teams/logos/240x240/75797.png","275797","LIL","DOMESTIC_MEN_TEAM_A","","DOMESTIC","France","Lille","LOSC Lille","LIL","388","MINUTE","7","1","1","42.93","KILOMETER","31.1","KILOMETER_PER_HOUR"
"250181460","52749","27","1998-08-28","9","Ueda","JPN","UNKNOWN","FORWARD","MALE","","./image/250181460.jpg","Ayase Ueda","FORWARD","9","Ayase","69","","Japon","Attaquant","Ayase","Ueda","Ayase Ueda","Ueda","200095","./assoc/200095_NED.svg","./logo/52749.png","UEFA","NED","52749","FAME","Feyenoord","","https://img.uefa.com/imgml/TP/teams/logos/70x70/52749.png","https://img.uefa.com/imgml/TP/teams/logos/240x240/52749.png","252749","FEY","DOMESTIC_MEN_TEAM_A","","DOMESTIC","Pays-Bas","Feyenoord","Feyenoord","FEY","383","MINUTE","8","2","0","47.11","KILOMETER","32.18","KILOMETER_PER_HOUR"
"250129175","50111","22","2003-03-18","20","Jatta","NOR","UNKNOWN","FORWARD","MALE","","./image/250129175.jpg","Seedy Jatta","FORWARD","9","Jatta","200101","","Norvège","Attaquant","Seedy","Jatta","Seedy Jatta","Jatta","200008","./assoc/200008_AUT.svg","./logo/50111.png","UEFA","AUT","50111","FAME","Sturm Graz","","https://img.uefa.com/imgml/TP/teams/logos/70x70/50111.png","https://img.uefa.com/imgml/TP/teams/logos/240x240/50111.png","250111","SGR","DOMESTIC_MEN_TEAM_A","","DOMESTIC","Autriche","Sturm Graz","SK Sturm Graz","SGR","383","MINUTE","8","0","1","51.43","KILOMETER","33.69","KILOMETER_PER_HOUR"
"250079279","52969","27","1998-03-12","6","Moro","CRO","DEFENSIVE_MIDFIELDER","MIDFIELDER","MALE","182","./image/250079279.jpg","Nikola Moro","MIDFIELDER","13","Moro","56370","73","Croatie","Milieu","Nikola","Moro","Nikola Moro","Moro","200066","./assoc/200066_ITA.svg","./logo/52969.png","UEFA","ITA","52969","FAME","Bologna","","https://img.uefa.com/imgml/TP/teams/logos/70x70/52969.png","https://img.uefa.com/imgml/TP/teams/logos/240x240/52969.png","252969","BOL","DOMESTIC_MEN_TEAM_A","","DOMESTIC","Italie","Bologna","Bologna FC 1909","BOL","381","MINUTE","7","0","0","49.41","KILOMETER","31.12","KILOMETER_PER_HOUR"
"250051291","50030","34","1991-05-02","28","Blaswich","GER","UNKNOWN","GOALKEEPER","MALE","193","./image/250051291.jpg","Janis Blaswich","GOALKEEPER","22","Blaswich","47","","Allemagne","Gardien","Janis","Blaswich","Janis Blaswich","Blaswich","200008","./assoc/200008_AUT.svg","./logo/50030.png","UEFA","AUT","50030","FAME","Salzburg","","https://img.uefa.com/imgml/TP/teams/logos/70x70/50030.png","https://img.uefa.com/imgml/TP/teams/logos/240x240/50030.png","250030","SAL","DOMESTIC_MEN_TEAM_A","","DOMESTIC","Autriche","Salzburg","FC Salzburg","SAL","381","MINUTE","5","0","0","24.24","KILOMETER","25.51","KILOMETER_PER_HOUR"
"250124068","2603790","22","2002-12-17","23","Lukeba","FRA","UNKNOWN","DEFENDER","MALE","","./image/250124068.jpg","Castello Lukeba","DEFENDER","2","LUKEBA","43","","France","Défenseur","Castello","Lukeba","Castello Lukeba","Lukeba","200047","./assoc/200047_GER.svg","./logo/2603790.png","UEFA","GER","2603790","FAME","Leipzig","","https://img.uefa.com/imgml/TP/teams/logos/70x70/2603790.png","https://img.uefa.com/imgml/TP/teams/logos/240x240/2603790.png","250002563","RBL","DOMESTIC_MEN_TEAM_A","","DOMESTIC","Allemagne","Leipzig","RB Leipzig","RBL","378","MINUTE","5","0","0","33.62","KILOMETER","35.09","KILOMETER_PER_HOUR"
"250110894","2601306","32","1993-05-25","20","LEES-MELOU","FRA","WINGER","MIDFIELDER","MALE","","./image/250110894.jpg","Pierre Lees-Melou","MIDFIELDER","","LEES-MELOU","","","France","Milieu","Pierre","Lees-Melou","Pierre Lees-Melou","Lees-Melou","200043","./assoc/200043_FRA.svg","./logo/2601306.png","UEFA","FRA","2601306","FAME","Brest","","https://img.uefa.com/imgml/TP/teams/logos/70x70/2601306.png","https://img.uefa.com/imgml/TP/teams/logos/240x240/2601306.png","250000621","BRE","DOMESTIC_MEN_TEAM_A","","DOMESTIC","France","Brest","Stade Brestois 29","BRE","374","MINUTE","5","1","0","48.99","KILOMETER","32.25","KILOMETER_PER_HOUR"
"250117581","52683","23","2002-03-10","22","Maatsen","NED","","DEFENDER","MALE","","./image/250117581.jpg","Ian Maatsen","DEFENDER","5","Maatsen","95","","Pays-Bas","Défenseur","Ian","Maatsen","Ian Maatsen","Maatsen","200039","./assoc/200039_ENG.svg","./logo/52683.png","UEFA","ENG","52683","FAME","Aston Villa","","https://img.uefa.com/imgml/TP/teams/logos/70x70/52683.png","https://img.uefa.com/imgml/TP/teams/logos/240x240/52683.png","252683","AVL","DOMESTIC_MEN_TEAM_A","","DOMESTIC","Angleterre","Aston Villa","Aston Villa FC","AVL","373","MINUTE","10","1","0","47.28","KILOMETER","33.66","KILOMETER_PER_HOUR"
"250156457","50149","30","1995-05-10","5","Morita","JPN","UNKNOWN","MIDFIELDER","MALE","","./image/250156457.jpg","Hidemasa Morita","MIDFIELDER","5","Morita","69","","Japon","Milieu","Hidemasa","Morita","Hidemasa Morita","Morita","200110","./assoc/200110_POR.svg","./logo/50149.png","UEFA","POR","50149","FAME","Sporting CP","","https://img.uefa.com/imgml/TP/teams/logos/70x70/50149.png","https://img.uefa.com/imgml/TP/teams/logos/240x240/50149.png","250149","SPO","DOMESTIC_MEN_TEAM_A","","DOMESTIC","Portugal","Sporting CP","Sporting Clube de Portugal","SPO","372","MINUTE","7","0","0","49.42","KILOMETER","31.57","KILOMETER_PER_HOUR"
"250013058","52969","31","1993-10-22","22","Lykogiannis","GRE","UNKNOWN","DEFENDER","MALE","186","./image/250013058.jpg","Charalampos Lykogiannis","DEFENDER","6","Lykogiannis","49","78","Grèce","Défenseur","Charalampos","Lykogiannis","Charalampos Lykogiannis","Lykogiannis","200066","./assoc/200066_ITA.svg","./logo/52969.png","UEFA","ITA","52969","FAME","Bologna","","https://img.uefa.com/imgml/TP/teams/logos/70x70/52969.png","https://img.uefa.com/imgml/TP/teams/logos/240x240/52969.png","252969","BOL","DOMESTIC_MEN_TEAM_A","","DOMESTIC","Italie","Bologna","Bologna FC 1909","BOL","371","MINUTE","5","0","1","45.39","KILOMETER","32.75","KILOMETER_PER_HOUR"
"250164004","50069","21","2004-08-17","77","MIMOVIĆ","SRB","UNKNOWN","DEFENDER","MALE","","./image/250164004.jpg","Ognjen Mimović","DEFENDER","2","Mimović","147","","Serbie","Défenseur","Ognjen","Mimović","Ognjen Mimović","Mimović","200147","./assoc/200147_SRB.svg","./logo/50069.png","UEFA","SRB","50069","FAME","Crvena Zvezda","","https://img.uefa.com/imgml/TP/teams/logos/70x70/50069.png","https://img.uefa.com/imgml/TP/teams/logos/240x240/50069.png","250069","ZVE","DOMESTIC_MEN_TEAM_A","","DOMESTIC","Serbie","Crvena Zvezda","FK Crvena Zvezda","ZVE","371","MINUTE","5","0","0","47.22","KILOMETER","33.92","KILOMETER_PER_HOUR"
"250003318","50037","36","1989-09-13","25","Müller","GER","WINGER","FORWARD","MALE","186","./image/250003318.jpg","Thomas Müller","FORWARD","13","Müller","47","74","Allemagne","Attaquant","Thomas","Müller","Thomas Müller","Müller","200047","./assoc/200047_GER.svg","./logo/50037.png","UEFA","GER","50037","FAME","Bayern München","","https://img.uefa.com/imgml/TP/teams/logos/70x70/50037.png","https://img.uefa.com/imgml/TP/teams/logos/240x240/50037.png","250037","BAY","DOMESTIC_MEN_TEAM_A","","DOMESTIC","Allemagne","Bayern München","FC Bayern München","BAY","370","MINUTE","12","3","1","50.69","KILOMETER","31.73","KILOMETER_PER_HOUR"
"250123428","2601306","28","1996-11-30","26","PEREIRA LAGE","FRA","","FORWARD","MALE","","./image/250123428.jpg","Mathias Pereira Lage","MIDFIELDER","21","Pereira Lage","200110","","France","Attaquant","Mathias","Pereira Lage","Mathias Pereira Lage","Pereira Lage","200043","./assoc/200043_FRA.svg","./logo/2601306.png","UEFA","FRA","2601306","FAME","Brest","","https://img.uefa.com/imgml/TP/teams/logos/70x70/2601306.png","https://img.uefa.com/imgml/TP/teams/logos/240x240/2601306.png","250000621","BRE","DOMESTIC_MEN_TEAM_A","","DOMESTIC","France","Brest","Stade Brestois 29","BRE","370","MINUTE","9","1","0","52.13","KILOMETER","32.8","KILOMETER_PER_HOUR"
"250129446","50050","27","1998-08-08","5","Scales","IRL","UNKNOWN","DEFENDER","MALE","","./image/250129446.jpg","Liam Scales","DEFENDER","15","Scales","64","","Eire","Défenseur","Liam","Scales","Liam Scales","Scales","200117","./assoc/200117_SCO.svg","./logo/50050.png","UEFA","SCO","50050","FAME","Celtic","","https://img.uefa.com/imgml/TP/teams/logos/70x70/50050.png","https://img.uefa.com/imgml/TP/teams/logos/240x240/50050.png","250050","CEL","DOMESTIC_MEN_TEAM_A","","DOMESTIC","Écosse","Celtic","Celtic FC","CEL","370","MINUTE","6","1","0","43.88","KILOMETER","32.1","KILOMETER_PER_HOUR"
"250096849","7889","26","1999-05-07","18","Gakpo","NED","WINGER","FORWARD","MALE","","./image/250096849.jpg","Cody Gakpo","FORWARD","11","Gakpo","95","","Pays-Bas","Attaquant","Cody","Gakpo","Cody Gakpo","Gakpo","200039","./assoc/200039_ENG.svg","./logo/7889.png","UEFA","ENG","7889","FAME","Liverpool","","https://img.uefa.com/imgml/TP/teams/logos/70x70/7889.png","https://img.uefa.com/imgml/TP/teams/logos/240x240/7889.png","207889","LIV","DOMESTIC_MEN_TEAM_A","","DOMESTIC","Angleterre","Liverpool","Liverpool FC","LIV","369","MINUTE","8","3","1","45.31","KILOMETER","33.16","KILOMETER_PER_HOUR"
"250097638","50043","25","1999-12-29","7","Skov Olsen","DEN","UNKNOWN","FORWARD","MALE","","./image/250097638.jpg","Andreas Skov Olsen","FORWARD","11","Skov Olsen","35","","Danemark","Attaquant","Andreas","Skov Olsen","Andreas Skov Olsen","Skov Olsen","200013","./assoc/200013_BEL.svg","./logo/50043.png","UEFA","BEL","50043","FAME","Club Brugge","","https://img.uefa.com/imgml/TP/teams/logos/70x70/50043.png","https://img.uefa.com/imgml/TP/teams/logos/240x240/50043.png","250043","BRU","DOMESTIC_MEN_TEAM_A","","DOMESTIC","Belgique","Club Brugge","Club Brugge KV","BRU","369","MINUTE","6","0","0","46.97","KILOMETER","32.63","KILOMETER_PER_HOUR"
"250032786","2602798","36","1989-10-09","5","David López","ESP","CENTRE_BACK","DEFENDER","MALE","185","./image/250032786.jpg","David López","DEFENDER","","DAVID LOPEZ","","","Espagne","Défenseur","","David López","David López","David López","200122","./assoc/200122_ESP.svg","./logo/2602798.png","UEFA","ESP","2602798","FAME","Girona","","https://img.uefa.com/imgml/TP/teams/logos/70x70/2602798.png","https://img.uefa.com/imgml/TP/teams/logos/240x240/2602798.png","250001774","GIR","DOMESTIC_MEN_TEAM_A","","DOMESTIC","Espagne","Girona","Girona FC","GIR","368","MINUTE","5","1","0","44.78","KILOMETER","30.57","KILOMETER_PER_HOUR"
"250132831","50124","31","1994-01-21","23","REINILDO","MOZ","FULL_BACK","DEFENDER","MALE","","./image/250132831.jpg","Reinildo","DEFENDER","","Reinildo","","","Mozambique","Défenseur","","Reinildo","Reinildo","Reinildo","200122","./assoc/200122_ESP.svg","./logo/50124.png","UEFA","ESP","50124","FAME","Atleti","","https://img.uefa.com/imgml/TP/teams/logos/70x70/50124.png","https://img.uefa.com/imgml/TP/teams/logos/240x240/50124.png","250124","ATM","DOMESTIC_MEN_TEAM_A","","DOMESTIC","Espagne","Atleti","Atlético de Madrid","ATM","367","MINUTE","6","0","0","43.42","KILOMETER","33.76","KILOMETER_PER_HOUR"
"250065301","50109","28","1997-06-28","24","Aleix Garcia","ESP","UNKNOWN","MIDFIELDER","MALE","185","./image/250065301.jpg","Aleix García","MIDFIELDER","8","ALEIX GARCÍA","122","","Espagne","Milieu","Aleix","García","Aleix García","García","200047","./assoc/200047_GER.svg","./logo/50109.png","UEFA","GER","50109","FAME","Leverkusen","","https://img.uefa.com/imgml/TP/teams/logos/70x70/50109.png","https://img.uefa.com/imgml/TP/teams/logos/240x240/50109.png","250109","LEV","DOMESTIC_MEN_TEAM_A","","DOMESTIC","Allemagne","Leverkusen","Bayer 04 Leverkusen","LEV","365","MINUTE","10","1","0","49.81","KILOMETER","31.57","KILOMETER_PER_HOUR"
"250161141","50030","22","2002-11-11","15","M. Diambou","MLI","UNKNOWN","MIDFIELDER","MALE","","./image/250161141.jpg","Mamady Diambou","MIDFIELDER","","M. Diambou","","","Mali","Milieu","Mamady","Diambou","Mamady Diambou","Diambou","200008","./assoc/200008_AUT.svg","./logo/50030.png","UEFA","AUT","50030","FAME","Salzburg","","https://img.uefa.com/imgml/TP/teams/logos/70x70/50030.png","https://img.uefa.com/imgml/TP/teams/logos/240x240/50030.png","250030","SAL","DOMESTIC_MEN_TEAM_A","","DOMESTIC","Autriche","Salzburg","FC Salzburg","SAL","365","MINUTE","7","0","0","49.55","KILOMETER","31.47","KILOMETER_PER_HOUR"
"250137525","50139","27","1998-04-06","23","NICO","ARG","UNKNOWN","FORWARD","MALE","","./image/250137525.jpg","Nicolás González","MIDFIELDER","15","González","6","","Argentine","Attaquant","Nicolás","González","Nicolás González","González","200066","./assoc/200066_ITA.svg","./logo/50139.png","UEFA","ITA","50139","FAME","Juventus","","https://img.uefa.com/imgml/TP/teams/logos/70x70/50139.png","https://img.uefa.com/imgml/TP/teams/logos/240x240/50139.png","250139","JUV","DOMESTIC_MEN_TEAM_A","","DOMESTIC","Italie","Juventus","Juventus","JUV","365","MINUTE","6","1","1","29.0","KILOMETER","33.33","KILOMETER_PER_HOUR"
"250054969","50111","29","1996-01-14","4","Stankovič","SVN","UNKNOWN","MIDFIELDER","MALE","","./image/250054969.jpg","Jon Gorenc Stanković","MIDFIELDER","5","G. Stankovič","57163","","Slovénie","Milieu","Jon","Gorenc Stanković","Jon Gorenc Stanković","Stanković","200008","./assoc/200008_AUT.svg","./logo/50111.png","UEFA","AUT","50111","FAME","Sturm Graz","","https://img.uefa.com/imgml/TP/teams/logos/70x70/50111.png","https://img.uefa.com/imgml/TP/teams/logos/240x240/50111.png","250111","SGR","DOMESTIC_MEN_TEAM_A","","DOMESTIC","Autriche","Sturm Graz","SK Sturm Graz","SGR","365","MINUTE","5","0","0","48.45","KILOMETER","28.74","KILOMETER_PER_HOUR"
"250064233","52919","31","1994-05-28","5","Stones","ENG","CENTRE_BACK","DEFENDER","MALE","188","./image/250064233.jpg","John Stones","DEFENDER","5","Stones","39","70","Angleterre","Défenseur","John","Stones","John Stones","Stones","200039","./assoc/200039_ENG.svg","./logo/52919.png","UEFA","ENG","52919","FAME","Man City","","https://img.uefa.com/imgml/TP/teams/logos/70x70/52919.png","https://img.uefa.com/imgml/TP/teams/logos/240x240/52919.png","252919","MCI","DOMESTIC_MEN_TEAM_A","","DOMESTIC","Angleterre","Man City","Manchester City","MCI","364","MINUTE","6","1","1","44.22","KILOMETER","32.23","KILOMETER_PER_HOUR"
"250071671","50164","30","1995-07-19","30","Rog","CRO","CENTRAL_MIDFIELDER","MIDFIELDER","MALE","180","./image/250071671.jpg","Marko Rog","MIDFIELDER","17","Rog","56370","73","Croatie","Milieu","Marko","Rog","Marko Rog","Rog","256370","./assoc/256370_CRO.svg","./logo/50164.png","UEFA","CRO","50164","FAME","GNK Dinamo","","https://img.uefa.com/imgml/TP/teams/logos/70x70/50164.png","https://img.uefa.com/imgml/TP/teams/logos/240x240/50164.png","250164","DIN","DOMESTIC_MEN_TEAM_A","","DOMESTIC","Croatie","GNK Dinamo","GNK Dinamo","DIN","362","MINUTE","7","0","0","49.69","KILOMETER","32.63","KILOMETER_PER_HOUR"
"250118504","75797","26","1999-03-31","11","E. Zhegrova","KOS","WINGER","FORWARD","MALE","","./image/250118504.jpg","Edon Zhegrova","FORWARD","10","Zhegrova","2608110","","Kosovo","Attaquant","Edon","Zhegrova","Edon Zhegrova","Zhegrova","200043","./assoc/200043_FRA.svg","./logo/75797.png","UEFA","FRA","75797","FAME","Lille","","https://img.uefa.com/imgml/TP/teams/logos/70x70/75797.png","https://img.uefa.com/imgml/TP/teams/logos/240x240/75797.png","275797","LIL","DOMESTIC_MEN_TEAM_A","","DOMESTIC","France","Lille","LOSC Lille","LIL","361","MINUTE","5","1","1","46.17","KILOMETER","33.41","KILOMETER_PER_HOUR"
"250121329","50109","27","1997-11-01","23","Mukiele","FRA","FULL_BACK","DEFENDER","MALE","","./image/250121329.jpg","Nordi Mukiele","DEFENDER","5","Mukiele","43","","France","Défenseur","Nordi","Mukiele","Nordi Mukiele","Mukiele","200047","./assoc/200047_GER.svg","./logo/50109.png","UEFA","GER","50109","FAME","Leverkusen","","https://img.uefa.com/imgml/TP/teams/logos/70x70/50109.png","https://img.uefa.com/imgml/TP/teams/logos/240x240/50109.png","250109","LEV","DOMESTIC_MEN_TEAM_A","","DOMESTIC","Allemagne","Leverkusen","Bayer 04 Leverkusen","LEV","360","MINUTE","5","1","1","41.75","KILOMETER","32.11","KILOMETER_PER_HOUR"
"250092129","52749","26","1999-04-07","7","Moder","POL","CENTRAL_MIDFIELDER","MIDFIELDER","MALE","","./image/250092129.jpg","Jakub Moder","MIDFIELDER","8","Moder","109","","Pologne","Milieu","Jakub","Moder","Jakub Moder","Moder","200095","./assoc/200095_NED.svg","./logo/52749.png","UEFA","NED","52749","FAME","Feyenoord","","https://img.uefa.com/imgml/TP/teams/logos/70x70/52749.png","https://img.uefa.com/imgml/TP/teams/logos/240x240/52749.png","252749","FEY","DOMESTIC_MEN_TEAM_A","","DOMESTIC","Pays-Bas","Feyenoord","Feyenoord","FEY","360","MINUTE","4","1","0","50.27","KILOMETER","31.28","KILOMETER_PER_HOUR"
"250055149","50033","29","1996-06-05","25","Sørensen","DEN","CENTRE_BACK","DEFENDER","MALE","190","./image/250055149.jpg","Asger Sørensen","DEFENDER","2","Sørensen","35","","Danemark","Défenseur","Asger","Sørensen","Asger Sørensen","Sørensen","258837","./assoc/258837_CZE.svg","./logo/50033.png","UEFA","CZE","50033","FAME","Sparta Praha","","https://img.uefa.com/imgml/TP/teams/logos/70x70/50033.png","https://img.uefa.com/imgml/TP/teams/logos/240x240/50033.png","250033","SPA","DOMESTIC_MEN_TEAM_A","","DOMESTIC","Tchéquie","Sparta Praha","AC Sparta Praha","SPA","360","MINUTE","4","0","0","30.23","KILOMETER","30.54","KILOMETER_PER_HOUR"
"250052744","50031","30","1994-12-30","26","VON BALLMOOS","SUI","GOALKEEPER","GOALKEEPER","MALE","192","./image/250052744.jpg","David von Ballmoos","GOALKEEPER","21","Von Ballmoos","128","","Suisse","Gardien","David","von Ballmoos","David von Ballmoos","Von Ballmoos","200128","./assoc/200128_SUI.svg","./logo/50031.png","UEFA","SUI","50031","FAME","Young Boys","","https://img.uefa.com/imgml/TP/teams/logos/70x70/50031.png","https://img.uefa.com/imgml/TP/teams/logos/240x240/50031.png","250031","YB","DOMESTIC_MEN_TEAM_A","","DOMESTIC","Suisse","Young Boys","BSC Young Boys","YB","360","MINUTE","4","0","0","26.51","KILOMETER","26.05","KILOMETER_PER_HOUR"
"250138250","50031","23","2002-07-03","1","KELLER","SUI","","GOALKEEPER","MALE","","./image/250138250.jpg","Marvin Keller","GOALKEEPER","21","Keller","128","","Suisse","Gardien","Marvin","Keller","Marvin Keller","Keller","200128","./assoc/200128_SUI.svg","./logo/50031.png","UEFA","SUI","50031","FAME","Young Boys","","https://img.uefa.com/imgml/TP/teams/logos/70x70/50031.png","https://img.uefa.com/imgml/TP/teams/logos/240x240/50031.png","250031","YB","DOMESTIC_MEN_TEAM_A","","DOMESTIC","Suisse","Young Boys","BSC Young Boys","YB","360","MINUTE","4","0","0","24.17","KILOMETER","24.82","KILOMETER_PER_HOUR"
"250077750","7889","26","1998-11-23","62","Kelleher","IRL","","GOALKEEPER","MALE","","./image/250077750.jpg","Caoimhin Kelleher","GOALKEEPER","1","Kelleher","64","","Eire","Gardien","Caoimhin","Kelleher","Caoimhin Kelleher","Kelleher","200039","./assoc/200039_ENG.svg","./logo/7889.png","UEFA","ENG","7889","FAME","Liverpool","","https://img.uefa.com/imgml/TP/teams/logos/70x70/7889.png","https://img.uefa.com/imgml/TP/teams/logos/240x240/7889.png","207889","LIV","DOMESTIC_MEN_TEAM_A","","DOMESTIC","Angleterre","Liverpool","Liverpool FC","LIV","360","MINUTE","4","0","0","21.82","KILOMETER","30.87","KILOMETER_PER_HOUR"
"1907188","50109","35","1989-11-24","1","HRADECKÝ","FIN","GOALKEEPER","GOALKEEPER","MALE","190","./image/1907188.jpg","Lukas Hrádecký","GOALKEEPER","1","Hradecky","42","80","Finlande","Gardien","Lukas","Hrádecký","Lukas Hrádecký","Hrádecký","200047","./assoc/200047_GER.svg","./logo/50109.png","UEFA","GER","50109","FAME","Leverkusen","","https://img.uefa.com/imgml/TP/teams/logos/70x70/50109.png","https://img.uefa.com/imgml/TP/teams/logos/240x240/50109.png","250109","LEV","DOMESTIC_MEN_TEAM_A","","DOMESTIC","Allemagne","Leverkusen","Bayer 04 Leverkusen","LEV","360","MINUTE","4","0","0","21.33","KILOMETER","24.57","KILOMETER_PER_HOUR"
"250143669","50138","23","2002-03-09","21","Asllani","ALB","UNKNOWN","MIDFIELDER","MALE","","./image/250143669.jpg","Kristjan Asllani","MIDFIELDER","8","Asllani","2","","Albanie","Milieu","Kristjan","Asllani","Kristjan Asllani","Asllani","200066","./assoc/200066_ITA.svg","./logo/50138.png","UEFA","ITA","50138","FAME","Inter","","https://img.uefa.com/imgml/TP/teams/logos/70x70/50138.png","https://img.uefa.com/imgml/TP/teams/logos/240x240/50138.png","250138","INT","DOMESTIC_MEN_TEAM_A","","DOMESTIC","Italie","Inter","FC Internazionale Milano","INT","355","MINUTE","8","0","0","23.07","KILOMETER","29.73","KILOMETER_PER_HOUR"
"250042329","52919","30","1995-09-10","10","Grealish","ENG","","MIDFIELDER","MALE","","./image/250042329.jpg","Jack Grealish","MIDFIELDER","17","Grealish","39","","Angleterre","Milieu","Jack","Grealish","Jack Grealish","Grealish","200039","./assoc/200039_ENG.svg","./logo/52919.png","UEFA","ENG","52919","FAME","Man City","","https://img.uefa.com/imgml/TP/teams/logos/70x70/52919.png","https://img.uefa.com/imgml/TP/teams/logos/240x240/52919.png","252919","MCI","DOMESTIC_MEN_TEAM_A","","DOMESTIC","Angleterre","Man City","Manchester City","MCI","354","MINUTE","6","1","0","42.78","KILOMETER","31.91","KILOMETER_PER_HOUR"
"250056685","52749","29","1996-03-07","2","Nieuwkoop","NED","FULL_BACK","DEFENDER","MALE","180","./image/250056685.jpg","Bart Nieuwkoop","DEFENDER","15","Nieuwkoop","200095","","Pays-Bas","Défenseur","Bart","Nieuwkoop","Bart Nieuwkoop","Nieuwkoop","200095","./assoc/200095_NED.svg","./logo/52749.png","UEFA","NED","52749","FAME","Feyenoord","","https://img.uefa.com/imgml/TP/teams/logos/70x70/52749.png","https://img.uefa.com/imgml/TP/teams/logos/240x240/52749.png","252749","FEY","DOMESTIC_MEN_TEAM_A","","DOMESTIC","Pays-Bas","Feyenoord","Feyenoord","FEY","353","MINUTE","5","0","1","42.58","KILOMETER","33.0","KILOMETER_PER_HOUR"
"250106935","7889","24","2001-01-30","17","Jones","ENG","UNKNOWN","MIDFIELDER","MALE","","./image/250106935.jpg","Curtis Jones","MIDFIELDER","17","Jones","39","","Angleterre","Milieu","Curtis","Jones","Curtis Jones","Jones","200039","./assoc/200039_ENG.svg","./logo/7889.png","UEFA","ENG","7889","FAME","Liverpool","","https://img.uefa.com/imgml/TP/teams/logos/70x70/7889.png","https://img.uefa.com/imgml/TP/teams/logos/240x240/7889.png","207889","LIV","DOMESTIC_MEN_TEAM_A","","DOMESTIC","Angleterre","Liverpool","Liverpool FC","LIV","352","MINUTE","8","0","2","48.31","KILOMETER","32.43","KILOMETER_PER_HOUR"
"250156423","52758","23","2002-02-12","24","Svensson","SWE","UNKNOWN","DEFENDER","MALE","","./image/250156423.jpg","Daniel Svensson","DEFENDER","8","Svensson","127","","Suède","Défenseur","Daniel","Svensson","Daniel Svensson","Svensson","200047","./assoc/200047_GER.svg","./logo/52758.png","UEFA","GER","52758","FAME","B. Dortmund","","https://img.uefa.com/imgml/TP/teams/logos/70x70/52758.png","https://img.uefa.com/imgml/TP/teams/logos/240x240/52758.png","252758","BVB","DOMESTIC_MEN_TEAM_A","","DOMESTIC","Allemagne","B. Dortmund","Borussia Dortmund","BVB","352","MINUTE","4","0","0","36.18","KILOMETER","32.39","KILOMETER_PER_HOUR"
"250142271","50111","21","2003-12-26","2","Johnston","SCO","","DEFENDER","MALE","","./image/250142271.jpg","Max Johnston","DEFENDER","22","Johnston","117","","Écosse","Défenseur","Max","Johnston","Max Johnston","Johnston","200008","./assoc/200008_AUT.svg","./logo/50111.png","UEFA","AUT","50111","FAME","Sturm Graz","","https://img.uefa.com/imgml/TP/teams/logos/70x70/50111.png","https://img.uefa.com/imgml/TP/teams/logos/240x240/50111.png","250111","SGR","DOMESTIC_MEN_TEAM_A","","DOMESTIC","Autriche","Sturm Graz","SK Sturm Graz","SGR","348","MINUTE","5","0","0","47.77","KILOMETER","32.03","KILOMETER_PER_HOUR"
"250128385","52969","22","2003-10-04","19","Iling Jr","ENG","UNKNOWN","MIDFIELDER","MALE","","./image/250128385.jpg","Samuel Iling-Junior","FORWARD","17","Iling Jr","200039","","Angleterre","Milieu","Samuel","Iling-Junior","Samuel Iling-Junior","Iling-Junior","200066","./assoc/200066_ITA.svg","./logo/52969.png","UEFA","ITA","52969","FAME","Bologna","","https://img.uefa.com/imgml/TP/teams/logos/70x70/52969.png","https://img.uefa.com/imgml/TP/teams/logos/240x240/52969.png","252969","BOL","DOMESTIC_MEN_TEAM_A","","DOMESTIC","Italie","Bologna","Bologna FC 1909","BOL","347","MINUTE","8","1","0","42.42","KILOMETER","32.34","KILOMETER_PER_HOUR"
"250052849","50069","32","1993-09-13","4","Ivanić","MNE","ATTACKING_MIDFIELDER","MIDFIELDER","MALE","","./image/250052849.jpg","Mirko Ivanić","MIDFIELDER","20","Ivanić","92853","","Monténégro","Milieu","Mirko","Ivanić","Mirko Ivanić","Ivanić","200147","./assoc/200147_SRB.svg","./logo/50069.png","UEFA","SRB","50069","FAME","Crvena Zvezda","","https://img.uefa.com/imgml/TP/teams/logos/70x70/50069.png","https://img.uefa.com/imgml/TP/teams/logos/240x240/50069.png","250069","ZVE","DOMESTIC_MEN_TEAM_A","","DOMESTIC","Serbie","Crvena Zvezda","FK Crvena Zvezda","ZVE","346","MINUTE","5","1","1","43.29","KILOMETER","31.85","KILOMETER_PER_HOUR"
"250042632","50164","30","1995-05-06","20","Pjaca","CRO","WINGER","FORWARD","MALE","186","./image/250042632.jpg","Marko Pjaca","FORWARD","20","Pjaca","56370","81","Croatie","Attaquant","Marko","Pjaca","Marko Pjaca","Pjaca","256370","./assoc/256370_CRO.svg","./logo/50164.png","UEFA","CRO","50164","FAME","GNK Dinamo","","https://img.uefa.com/imgml/TP/teams/logos/70x70/50164.png","https://img.uefa.com/imgml/TP/teams/logos/240x240/50164.png","250164","DIN","DOMESTIC_MEN_TEAM_A","","DOMESTIC","Croatie","GNK Dinamo","GNK Dinamo","DIN","344","MINUTE","6","1","3","39.69","KILOMETER","31.54","KILOMETER_PER_HOUR"
"250177423","50030","21","2004-06-01","49","M. Yeo","MLI","UNKNOWN","MIDFIELDER","MALE","","./image/250177423.jpg","Moussa Yeo","MIDFIELDER","","Yeo","","","Mali","Milieu","Moussa","Yeo","Moussa Yeo","Yeo","200008","./assoc/200008_AUT.svg","./logo/50030.png","UEFA","AUT","50030","FAME","Salzburg","","https://img.uefa.com/imgml/TP/teams/logos/70x70/50030.png","https://img.uefa.com/imgml/TP/teams/logos/240x240/50030.png","250030","SAL","DOMESTIC_MEN_TEAM_A","","DOMESTIC","Autriche","Salzburg","FC Salzburg","SAL","343","MINUTE","6","0","0","45.79","KILOMETER","33.8","KILOMETER_PER_HOUR"
"250144858","2602798","27","1998-01-07","21","Herrera","VEN","DEFENSIVE_MIDFIELDER","MIDFIELDER","MALE","","./image/250144858.jpg","Yangel Herrera","MIDFIELDER","","Herrera","142","","Vénézuéla","Milieu","Yangel","Herrera","Yangel Herrera","Herrera","200122","./assoc/200122_ESP.svg","./logo/2602798.png","UEFA","ESP","2602798","FAME","Girona","","https://img.uefa.com/imgml/TP/teams/logos/70x70/2602798.png","https://img.uefa.com/imgml/TP/teams/logos/240x240/2602798.png","250001774","GIR","DOMESTIC_MEN_TEAM_A","","DOMESTIC","Espagne","Girona","Girona FC","GIR","343","MINUTE","5","0","0","43.98","KILOMETER","29.5","KILOMETER_PER_HOUR"
"250132886","50031","25","2000-01-19","20","NIASSE","SEN","DEFENSIVE_MIDFIELDER","MIDFIELDER","MALE","","./image/250132886.jpg","Cheikh Niasse","MIDFIELDER","","NIASSE","118","","Sénégal","Milieu","Cheikh","Niasse","Cheikh Niasse","Niasse","200128","./assoc/200128_SUI.svg","./logo/50031.png","UEFA","SUI","50031","FAME","Young Boys","","https://img.uefa.com/imgml/TP/teams/logos/70x70/50031.png","https://img.uefa.com/imgml/TP/teams/logos/240x240/50031.png","250031","YB","DOMESTIC_MEN_TEAM_A","","DOMESTIC","Suisse","Young Boys","BSC Young Boys","YB","341","MINUTE","5","0","1","42.5","KILOMETER","33.76","KILOMETER_PER_HOUR"
"250166930","2603790","20","2005-02-07","18","Vermeeren","BEL","UNKNOWN","MIDFIELDER","MALE","","./image/250166930.jpg","Arthur Vermeeren","MIDFIELDER","18","Vermeeren","13","","Belgique","Milieu","Arthur","Vermeeren","Arthur Vermeeren","Vermeeren","200047","./assoc/200047_GER.svg","./logo/2603790.png","UEFA","GER","2603790","FAME","Leipzig","","https://img.uefa.com/imgml/TP/teams/logos/70x70/2603790.png","https://img.uefa.com/imgml/TP/teams/logos/240x240/2603790.png","250002563","RBL","DOMESTIC_MEN_TEAM_A","","DOMESTIC","Allemagne","Leipzig","RB Leipzig","RBL","339","MINUTE","7","0","0","44.06","KILOMETER","30.85","KILOMETER_PER_HOUR"
"250105167","50050","24","2001-02-11","9","Idah","IRL","UNKNOWN","FORWARD","MALE","","./image/250105167.jpg","Adam Idah","FORWARD","10","Idah","64","","Eire","Attaquant","Adam","Idah","Adam Idah","Idah","200117","./assoc/200117_SCO.svg","./logo/50050.png","UEFA","SCO","50050","FAME","Celtic","","https://img.uefa.com/imgml/TP/teams/logos/70x70/50050.png","https://img.uefa.com/imgml/TP/teams/logos/240x240/50050.png","250050","CEL","DOMESTIC_MEN_TEAM_A","","DOMESTIC","Écosse","Celtic","Celtic FC","CEL","338","MINUTE","10","3","1","41.72","KILOMETER","34.25","KILOMETER_PER_HOUR"
"250196543","52969","21","2004-09-18","9","Castro","ARG","","FORWARD","MALE","","./image/250196543.jpg","Santiago Castro","FORWARD","","Castro","","","Argentine","Attaquant","Santiago","Castro","Santiago Castro","Castro","200066","./assoc/200066_ITA.svg","./logo/52969.png","UEFA","ITA","52969","FAME","Bologna","","https://img.uefa.com/imgml/TP/teams/logos/70x70/52969.png","https://img.uefa.com/imgml/TP/teams/logos/240x240/52969.png","252969","BOL","DOMESTIC_MEN_TEAM_A","","DOMESTIC","Italie","Bologna","Bologna FC 1909","BOL","338","MINUTE","7","0","0","41.14","KILOMETER","32.56","KILOMETER_PER_HOUR"
"250123978","50058","24","2001-08-08","12","Thiaw","GER","UNKNOWN","DEFENDER","MALE","","./image/250123978.jpg","Malick Thiaw","DEFENDER","3","Thiaw","47","","Allemagne","Défenseur","Malick","Thiaw","Malick Thiaw","Thiaw","200066","./assoc/200066_ITA.svg","./logo/50058.png","UEFA","ITA","50058","FAME","Milan","","https://img.uefa.com/imgml/TP/teams/logos/70x70/50058.png","https://img.uefa.com/imgml/TP/teams/logos/240x240/50058.png","250058","MIL","DOMESTIC_MEN_TEAM_A","","DOMESTIC","Italie","Milan","AC Milan","MIL","337","MINUTE","5","1","1","39.31","KILOMETER","32.81","KILOMETER_PER_HOUR"
"250128451","2603790","22","2003-04-21","7","XAVI","NED","UNKNOWN","MIDFIELDER","MALE","","./image/250128451.jpg","Xavi Simons","MIDFIELDER","7","Xavi","95","","Pays-Bas","Milieu","Xavi","Simons","Xavi Simons","Simons","200047","./assoc/200047_GER.svg","./logo/2603790.png","UEFA","GER","2603790","FAME","Leipzig","","https://img.uefa.com/imgml/TP/teams/logos/70x70/2603790.png","https://img.uefa.com/imgml/TP/teams/logos/240x240/2603790.png","250002563","RBL","DOMESTIC_MEN_TEAM_A","","DOMESTIC","Allemagne","Leipzig","RB Leipzig","RBL","337","MINUTE","5","0","0","40.88","KILOMETER","33.77","KILOMETER_PER_HOUR"
"250055899","50030","29","1996-02-01","1","Schlager","AUT","GOALKEEPER","GOALKEEPER","MALE","","./image/250055899.jpg","Alexander Schlager","GOALKEEPER","1","Schlager","8","","Autriche","Gardien","Alexander","Schlager","Alexander Schlager","Schlager","200008","./assoc/200008_AUT.svg","./logo/50030.png","UEFA","AUT","50030","FAME","Salzburg","","https://img.uefa.com/imgml/TP/teams/logos/70x70/50030.png","https://img.uefa.com/imgml/TP/teams/logos/240x240/50030.png","250030","SAL","DOMESTIC_MEN_TEAM_A","","DOMESTIC","Autriche","Salzburg","FC Salzburg","SAL","336","MINUTE","4","0","1","18.88","KILOMETER","27.56","KILOMETER_PER_HOUR"
"250156002","52280","28","1997-10-08","4","White","ENG","UNKNOWN","DEFENDER","MALE","","./image/250156002.jpg","Ben White","DEFENDER","21","White","39","","Angleterre","Défenseur","Ben","White","Ben White","White","200039","./assoc/200039_ENG.svg","./logo/52280.png","UEFA","ENG","52280","FAME","Arsenal","","https://img.uefa.com/imgml/TP/teams/logos/70x70/52280.png","https://img.uefa.com/imgml/TP/teams/logos/240x240/52280.png","252280","ARS","DOMESTIC_MEN_TEAM_A","","DOMESTIC","Angleterre","Arsenal","Arsenal FC","ARS","335","MINUTE","9","0","0","41.66","KILOMETER","31.85","KILOMETER_PER_HOUR"
"250116067","50030","24","2001-02-25","18","Bidstrup","DEN","UNKNOWN","MIDFIELDER","MALE","","./image/250116067.jpg","Mads Bidstrup","MIDFIELDER","14","Bidstrup","35","","Danemark","Milieu","Mads","Bidstrup","Mads Bidstrup","Bidstrup","200008","./assoc/200008_AUT.svg","./logo/50030.png","UEFA","AUT","50030","FAME","Salzburg","","https://img.uefa.com/imgml/TP/teams/logos/70x70/50030.png","https://img.uefa.com/imgml/TP/teams/logos/240x240/50030.png","250030","SAL","DOMESTIC_MEN_TEAM_A","","DOMESTIC","Autriche","Salzburg","FC Salzburg","SAL","335","MINUTE","5","1","0","53.85","KILOMETER","31.59","KILOMETER_PER_HOUR"
"250067334","50062","30","1995-02-11","2","Karsdorp","NED","FULL_BACK","DEFENDER","MALE","182","./image/250067334.jpg","Rick Karsdorp","DEFENDER","15","Karsdorp","95","","Pays-Bas","Défenseur","Rick","Karsdorp","Rick Karsdorp","Karsdorp","200095","./assoc/200095_NED.svg","./logo/50062.png","UEFA","NED","50062","FAME","PSV","","https://img.uefa.com/imgml/TP/teams/logos/70x70/50062.png","https://img.uefa.com/imgml/TP/teams/logos/240x240/50062.png","250062","PSV","DOMESTIC_MEN_TEAM_A","","DOMESTIC","Pays-Bas","PSV","PSV Eindhoven","PSV","333","MINUTE","7","0","0","38.89","KILOMETER","34.29","KILOMETER_PER_HOUR"
"103310","50062","36","1989-02-02","5","Perišić","CRO","WINGER","FORWARD","MALE","185","./image/103310.jpg","Ivan Perišić","FORWARD","14","Perišić","56370","77","Croatie","Attaquant","Ivan","Perišić","Ivan Perišić","Perišić","200095","./assoc/200095_NED.svg","./logo/50062.png","UEFA","NED","50062","FAME","PSV","","https://img.uefa.com/imgml/TP/teams/logos/70x70/50062.png","https://img.uefa.com/imgml/TP/teams/logos/240x240/50062.png","250062","PSV","DOMESTIC_MEN_TEAM_A","","DOMESTIC","Pays-Bas","PSV","PSV Eindhoven","PSV","333","MINUTE","4","3","0","30.39","KILOMETER","31.76","KILOMETER_PER_HOUR"
"250091172","2602798","26","1999-02-14","23","Iván Martín","ESP","UNKNOWN","MIDFIELDER","MALE","","./image/250091172.jpg","Iván Martín","FORWARD","11","Iván Martin","400122","","Espagne","Milieu","Iván","Martín","Iván Martín","Martín","200122","./assoc/200122_ESP.svg","./logo/2602798.png","UEFA","ESP","2602798","FAME","Girona","","https://img.uefa.com/imgml/TP/teams/logos/70x70/2602798.png","https://img.uefa.com/imgml/TP/teams/logos/240x240/2602798.png","250001774","GIR","DOMESTIC_MEN_TEAM_A","","DOMESTIC","Espagne","Girona","Girona FC","GIR","332","MINUTE","7","0","0","43.58","KILOMETER","31.55","KILOMETER_PER_HOUR"
"250121132","52797","28","1997-03-13","77","Ignatenko","UKR","CENTRAL_MIDFIELDER","MIDFIELDER","MALE","","./image/250121132.jpg","Danylo Ihnatenko","MIDFIELDER","19","Ignatenko","57166","","Ukraine","Milieu","Danylo","Ihnatenko","Danylo Ihnatenko","Ihnatenko","258836","./assoc/258836_SVK.svg","./logo/52797.png","UEFA","SVK","52797","FAME","S. Bratislava","","https://img.uefa.com/imgml/TP/teams/logos/70x70/52797.png","https://img.uefa.com/imgml/TP/teams/logos/240x240/52797.png","252797","SLB","DOMESTIC_MEN_TEAM_A","","DOMESTIC","Slovaquie","S. Bratislava","ŠK Slovan Bratislava","SLB","331","MINUTE","5","0","0","40.94","KILOMETER","32.89","KILOMETER_PER_HOUR"
"250183092","52797","20","2005-05-29","18","Marcelli","SVK","UNKNOWN","FORWARD","MALE","","./image/250183092.jpg","Nino Marcelli","FORWARD","10","Marcelli","258836","","Slovaquie","Attaquant","Nino","Marcelli","Nino Marcelli","Marcelli","258836","./assoc/258836_SVK.svg","./logo/52797.png","UEFA","SVK","52797","FAME","S. Bratislava","","https://img.uefa.com/imgml/TP/teams/logos/70x70/52797.png","https://img.uefa.com/imgml/TP/teams/logos/240x240/52797.png","252797","SLB","DOMESTIC_MEN_TEAM_A","","DOMESTIC","Slovaquie","S. Bratislava","ŠK Slovan Bratislava","SLB","330","MINUTE","8","1","1","43.42","KILOMETER","32.41","KILOMETER_PER_HOUR"
"250077453","50109","26","1999-07-05","23","Tella","NGA","UNKNOWN","FORWARD","MALE","","./image/250077453.jpg","Nathan Tella","MIDFIELDER","","Tella","200039","","Nigeria","Attaquant","Nathan","Tella","Nathan Tella","Tella","200047","./assoc/200047_GER.svg","./logo/50109.png","UEFA","GER","50109","FAME","Leverkusen","","https://img.uefa.com/imgml/TP/teams/logos/70x70/50109.png","https://img.uefa.com/imgml/TP/teams/logos/240x240/50109.png","250109","LEV","DOMESTIC_MEN_TEAM_A","","DOMESTIC","Allemagne","Leverkusen","Bayer 04 Leverkusen","LEV","330","MINUTE","7","1","0","41.36","KILOMETER","33.51","KILOMETER_PER_HOUR"
"250058270","2602798","27","1997-11-15","8","Tsygankov","UKR","WINGER","MIDFIELDER","MALE","175","./image/250058270.jpg","Viktor Tsygankov","MIDFIELDER","15","Tsygankov","57166","70","Ukraine","Milieu","Viktor","Tsygankov","Viktor Tsygankov","Tsygankov","200122","./assoc/200122_ESP.svg","./logo/2602798.png","UEFA","ESP","2602798","FAME","Girona","","https://img.uefa.com/imgml/TP/teams/logos/70x70/2602798.png","https://img.uefa.com/imgml/TP/teams/logos/240x240/2602798.png","250001774","GIR","DOMESTIC_MEN_TEAM_A","","DOMESTIC","Espagne","Girona","Girona FC","GIR","330","MINUTE","5","0","0","41.65","KILOMETER","33.81","KILOMETER_PER_HOUR"
"250164835","50030","20","2005-02-07","10","Clark","ENG","UNKNOWN","MIDFIELDER","MALE","","./image/250164835.jpg","Bobby Clark","","","Clark","","","Angleterre","Milieu","Bobby","Clark","Bobby Clark","Clark","200008","./assoc/200008_AUT.svg","./logo/50030.png","UEFA","AUT","50030","FAME","Salzburg","","https://img.uefa.com/imgml/TP/teams/logos/70x70/50030.png","https://img.uefa.com/imgml/TP/teams/logos/240x240/50030.png","250030","SAL","DOMESTIC_MEN_TEAM_A","","DOMESTIC","Autriche","Salzburg","FC Salzburg","SAL","328","MINUTE","6","0","0","46.26","KILOMETER","32.18","KILOMETER_PER_HOUR"
"250156235","50033","25","2000-08-31","9","Rrahmani","KOS","UNKNOWN","FORWARD","MALE","","./image/250156235.jpg","Albion Rrahmani","FORWARD","9","Rrahmani","2608110","","Kosovo","Attaquant","Albion","Rrahmani","Albion Rrahmani","Rrahmani","258837","./assoc/258837_CZE.svg","./logo/50033.png","UEFA","CZE","50033","FAME","Sparta Praha","","https://img.uefa.com/imgml/TP/teams/logos/70x70/50033.png","https://img.uefa.com/imgml/TP/teams/logos/240x240/50033.png","250033","SPA","DOMESTIC_MEN_TEAM_A","","DOMESTIC","Tchéquie","Sparta Praha","AC Sparta Praha","SPA","327","MINUTE","6","1","0","41.15","KILOMETER","31.75","KILOMETER_PER_HOUR"
"250019346","50031","33","1992-01-07","23","BENITO","SUI","FULL_BACK","DEFENDER","MALE","184","./image/250019346.jpg","Loris Benito","DEFENDER","3","Benito","128","80","Suisse","Défenseur","Loris","Benito","Loris Benito","Benito","200128","./assoc/200128_SUI.svg","./logo/50031.png","UEFA","SUI","50031","FAME","Young Boys","","https://img.uefa.com/imgml/TP/teams/logos/70x70/50031.png","https://img.uefa.com/imgml/TP/teams/logos/240x240/50031.png","250031","YB","DOMESTIC_MEN_TEAM_A","","DOMESTIC","Suisse","Young Boys","BSC Young Boys","YB","327","MINUTE","5","0","0","39.62","KILOMETER","34.06","KILOMETER_PER_HOUR"
"250187899","50149","20","2005-04-07","9","Harder","DEN","UNKNOWN","FORWARD","MALE","","./image/250187899.jpg","Conrad Harder","FORWARD","9","Schandorff","35","","Danemark","Attaquant","Conrad","Harder","Conrad Harder","Harder","200110","./assoc/200110_POR.svg","./logo/50149.png","UEFA","POR","50149","FAME","Sporting CP","","https://img.uefa.com/imgml/TP/teams/logos/70x70/50149.png","https://img.uefa.com/imgml/TP/teams/logos/240x240/50149.png","250149","SPO","DOMESTIC_MEN_TEAM_A","","DOMESTIC","Portugal","Sporting CP","Sporting Clube de Portugal","SPO","326","MINUTE","9","1","0","42.67","KILOMETER","33.25","KILOMETER_PER_HOUR"
"250112400","52969","28","1997-01-24","7","Orsolini","ITA","WINGER","MIDFIELDER","MALE","","./image/250112400.jpg","Riccardo Orsolini","MIDFIELDER","7","Orsolini","66","","Italie","Milieu","Riccardo","Orsolini","Riccardo Orsolini","Orsolini","200066","./assoc/200066_ITA.svg","./logo/52969.png","UEFA","ITA","52969","FAME","Bologna","","https://img.uefa.com/imgml/TP/teams/logos/70x70/52969.png","https://img.uefa.com/imgml/TP/teams/logos/240x240/52969.png","252969","BOL","DOMESTIC_MEN_TEAM_A","","DOMESTIC","Italie","Bologna","Bologna FC 1909","BOL","325","MINUTE","6","0","0","38.79","KILOMETER","34.14","KILOMETER_PER_HOUR"
"108908","2602798","35","1990-03-09","17","Blind","NED","CENTRE_BACK","DEFENDER","MALE","180","./image/108908.jpg","Daley Blind","DEFENDER","17","Blind","95","72","Pays-Bas","Défenseur","Daley","Blind","Daley Blind","Blind","200122","./assoc/200122_ESP.svg","./logo/2602798.png","UEFA","ESP","2602798","FAME","Girona","","https://img.uefa.com/imgml/TP/teams/logos/70x70/2602798.png","https://img.uefa.com/imgml/TP/teams/logos/240x240/2602798.png","250001774","GIR","DOMESTIC_MEN_TEAM_A","","DOMESTIC","Espagne","Girona","Girona FC","GIR","324","MINUTE","4","0","0","37.35","KILOMETER","30.45","KILOMETER_PER_HOUR"
"250067749","52280","33","1991-12-20","20","Jorginho","ITA","CENTRAL_MIDFIELDER","MIDFIELDER","MALE","180","./image/250067749.jpg","Jorginho","MIDFIELDER","8","Jorginho","66","65","Italie","Milieu","","Jorginho","Jorginho","Jorginho","200039","./assoc/200039_ENG.svg","./logo/52280.png","UEFA","ENG","52280","FAME","Arsenal","","https://img.uefa.com/imgml/TP/teams/logos/70x70/52280.png","https://img.uefa.com/imgml/TP/teams/logos/240x240/52280.png","252280","ARS","DOMESTIC_MEN_TEAM_A","","DOMESTIC","Angleterre","Arsenal","Arsenal FC","ARS","323","MINUTE","6","1","0","40.71","KILOMETER","28.2","KILOMETER_PER_HOUR"
"250068733","75797","33","1991-10-22","23","MANDI","ALG","CENTRE_BACK","DEFENDER","MALE","","./image/250068733.jpg","Aïssa Mandi","DEFENDER","2","Mandi","3","","Algérie","Défenseur","Aïssa","Mandi","Aïssa Mandi","Mandi","200043","./assoc/200043_FRA.svg","./logo/75797.png","UEFA","FRA","75797","FAME","Lille","","https://img.uefa.com/imgml/TP/teams/logos/70x70/75797.png","https://img.uefa.com/imgml/TP/teams/logos/240x240/75797.png","275797","LIL","DOMESTIC_MEN_TEAM_A","","DOMESTIC","France","Lille","LOSC Lille","LIL","320","MINUTE","5","0","0","38.46","KILOMETER","30.28","KILOMETER_PER_HOUR"
"250074010","2601306","29","1996-03-29","10","DEL CASTILLO","FRA","UNKNOWN","FORWARD","MALE","","./image/250074010.jpg","Romain Del Castillo","MIDFIELDER","7","DEL CASTILLO","200043","","France","Attaquant","Romain","Del Castillo","Romain Del Castillo","Del Castillo","200043","./assoc/200043_FRA.svg","./logo/2601306.png","UEFA","FRA","2601306","FAME","Brest","","https://img.uefa.com/imgml/TP/teams/logos/70x70/2601306.png","https://img.uefa.com/imgml/TP/teams/logos/240x240/2601306.png","250000621","BRE","DOMESTIC_MEN_TEAM_A","","DOMESTIC","France","Brest","Stade Brestois 29","BRE","319","MINUTE","7","0","0","38.93","KILOMETER","31.75","KILOMETER_PER_HOUR"
"250171301","50030","21","2004-03-21","19","Konate","CIV","UNKNOWN","FORWARD","MALE","","./image/250171301.jpg","Karim Konaté","FORWARD","","Konaté","67","","Côte d'Ivoire","Attaquant","Karim","Konaté","Karim Konaté","Konaté","200008","./assoc/200008_AUT.svg","./logo/50030.png","UEFA","AUT","50030","FAME","Salzburg","","https://img.uefa.com/imgml/TP/teams/logos/70x70/50030.png","https://img.uefa.com/imgml/TP/teams/logos/240x240/50030.png","250030","SAL","DOMESTIC_MEN_TEAM_A","","DOMESTIC","Autriche","Salzburg","FC Salzburg","SAL","318","MINUTE","5","2","0","39.63","KILOMETER","31.66","KILOMETER_PER_HOUR"
"250102308","50149","26","1999-05-27","23","D. Bragança","POR","","MIDFIELDER","MALE","","./image/250102308.jpg","Daniel Bragança","MIDFIELDER","10","D. BRAGANÇA","200110","","Portugal","Milieu","","Daniel Bragança","Daniel Bragança","Daniel Bragança","200110","./assoc/200110_POR.svg","./logo/50149.png","UEFA","POR","50149","FAME","Sporting CP","","https://img.uefa.com/imgml/TP/teams/logos/70x70/50149.png","https://img.uefa.com/imgml/TP/teams/logos/240x240/50149.png","250149","SPO","DOMESTIC_MEN_TEAM_A","","DOMESTIC","Portugal","Sporting CP","Sporting Clube de Portugal","SPO","317","MINUTE","8","1","2","44.24","KILOMETER","31.21","KILOMETER_PER_HOUR"
"250128255","50058","26","1999-01-14","22","E. ROYAL","BRA","UNKNOWN","DEFENDER","MALE","","./image/250128255.jpg","Emerson","DEFENDER","","E. Royal","","","Brésil","Défenseur","","Emerson","Emerson","Emerson","200066","./assoc/200066_ITA.svg","./logo/50058.png","UEFA","ITA","50058","FAME","Milan","","https://img.uefa.com/imgml/TP/teams/logos/70x70/50058.png","https://img.uefa.com/imgml/TP/teams/logos/240x240/50058.png","250058","MIL","DOMESTIC_MEN_TEAM_A","","DOMESTIC","Italie","Milan","AC Milan","MIL","317","MINUTE","7","0","0","38.08","KILOMETER","32.11","KILOMETER_PER_HOUR"
"250015966","52816","37","1988-05-26","7","Cuadrado","COL","UNKNOWN","MIDFIELDER","MALE","176","./image/250015966.jpg","Juan Cuadrado","MIDFIELDER","11","Cuadrado","29","66","Colombie","Milieu","Juan","Cuadrado","Juan Cuadrado","Cuadrado","200066","./assoc/200066_ITA.svg","./logo/52816.png","UEFA","ITA","52816","FAME","Atalanta","","https://img.uefa.com/imgml/TP/teams/logos/70x70/52816.png","https://img.uefa.com/imgml/TP/teams/logos/240x240/52816.png","252816","ATA","DOMESTIC_MEN_TEAM_A","","DOMESTIC","Italie","Atalanta","Atalanta BC","ATA","316","MINUTE","8","0","1","40.77","KILOMETER","33.55","KILOMETER_PER_HOUR"
"250187837","52749","20","2004-11-29","38","Osman","GHA","UNKNOWN","FORWARD","MALE","","./image/250187837.jpg","Ibrahim Osman","FORWARD","","I. Osman","","","Ghana","Attaquant","Ibrahim","Osman","Ibrahim Osman","Osman","200095","./assoc/200095_NED.svg","./logo/52749.png","UEFA","NED","52749","FAME","Feyenoord","","https://img.uefa.com/imgml/TP/teams/logos/70x70/52749.png","https://img.uefa.com/imgml/TP/teams/logos/240x240/52749.png","252749","FEY","DOMESTIC_MEN_TEAM_A","","DOMESTIC","Pays-Bas","Feyenoord","Feyenoord","FEY","316","MINUTE","7","0","0","41.24","KILOMETER","35.62","KILOMETER_PER_HOUR"
"250058044","50058","28","1996-12-06","2","CALABRIA","ITA","FULL_BACK","DEFENDER","MALE","","./image/250058044.jpg","Davide Calabria","DEFENDER","6","Calabria","66","","Italie","Défenseur","Davide","Calabria","Davide Calabria","Calabria","200066","./assoc/200066_ITA.svg","./logo/50058.png","UEFA","ITA","50058","FAME","Milan","","https://img.uefa.com/imgml/TP/teams/logos/70x70/50058.png","https://img.uefa.com/imgml/TP/teams/logos/240x240/50058.png","250058","MIL","DOMESTIC_MEN_TEAM_A","","DOMESTIC","Italie","Milan","AC Milan","MIL","314","MINUTE","5","0","0","38.74","KILOMETER","32.23","KILOMETER_PER_HOUR"
"250133856","52683","32","1993-03-13","5","Mings","ENG","UNKNOWN","DEFENDER","MALE","","./image/250133856.jpg","Tyrone Mings","DEFENDER","15","Mings","39","","Angleterre","Défenseur","Tyrone","Mings","Tyrone Mings","Mings","200039","./assoc/200039_ENG.svg","./logo/52683.png","UEFA","ENG","52683","FAME","Aston Villa","","https://img.uefa.com/imgml/TP/teams/logos/70x70/52683.png","https://img.uefa.com/imgml/TP/teams/logos/240x240/52683.png","252683","AVL","DOMESTIC_MEN_TEAM_A","","DOMESTIC","Angleterre","Aston Villa","Aston Villa FC","AVL","312","MINUTE","4","0","1","34.81","KILOMETER","33.57","KILOMETER_PER_HOUR"
"250104939","50031","25","2000-06-27","10","IMERI","SUI","UNKNOWN","MIDFIELDER","MALE","","./image/250104939.jpg","Kastriot Imeri","MIDFIELDER","10","Imeri","128","","Suisse","Milieu","Kastriot","Imeri","Kastriot Imeri","Imeri","200128","./assoc/200128_SUI.svg","./logo/50031.png","UEFA","SUI","50031","FAME","Young Boys","","https://img.uefa.com/imgml/TP/teams/logos/70x70/50031.png","https://img.uefa.com/imgml/TP/teams/logos/240x240/50031.png","250031","YB","DOMESTIC_MEN_TEAM_A","","DOMESTIC","Suisse","Young Boys","BSC Young Boys","YB","309","MINUTE","5","1","0","39.75","KILOMETER","29.78","KILOMETER_PER_HOUR"
"250088246","52683","27","1997-10-31","14","Rashford","ENG","STRIKER","FORWARD","MALE","180","./image/250088246.jpg","Marcus Rashford","FORWARD","11","Rashford","39","70","Angleterre","Attaquant","Marcus","Rashford","Marcus Rashford","Rashford","200039","./assoc/200039_ENG.svg","./logo/52683.png","UEFA","ENG","52683","FAME","Aston Villa","","https://img.uefa.com/imgml/TP/teams/logos/70x70/52683.png","https://img.uefa.com/imgml/TP/teams/logos/240x240/52683.png","252683","AVL","DOMESTIC_MEN_TEAM_A","","DOMESTIC","Angleterre","Aston Villa","Aston Villa FC","AVL","309","MINUTE","4","0","2","35.25","KILOMETER","34.32","KILOMETER_PER_HOUR"
"250121552","2601306","27","1998-07-14","21","FAIVRE","FRA","UNKNOWN","MIDFIELDER","MALE","","./image/250121552.jpg","Romain Faivre","MIDFIELDER","15","Faivre","200043","","France","Milieu","Romain","Faivre","Romain Faivre","Faivre","200043","./assoc/200043_FRA.svg","./logo/2601306.png","UEFA","FRA","2601306","FAME","Brest","","https://img.uefa.com/imgml/TP/teams/logos/70x70/2601306.png","https://img.uefa.com/imgml/TP/teams/logos/240x240/2601306.png","250000621","BRE","DOMESTIC_MEN_TEAM_A","","DOMESTIC","France","Brest","Stade Brestois 29","BRE","308","MINUTE","8","0","0","41.26","KILOMETER","30.85","KILOMETER_PER_HOUR"
"250023551","52919","31","1994-05-06","8","Kovačić","CRO","ATTACKING_MIDFIELDER","MIDFIELDER","MALE","178","./image/250023551.jpg","Mateo Kovačić","MIDFIELDER","8","Kovačić","56370","77","Croatie","Milieu","Mateo","Kovačić","Mateo Kovačić","Kovačić","200039","./assoc/200039_ENG.svg","./logo/52919.png","UEFA","ENG","52919","FAME","Man City","","https://img.uefa.com/imgml/TP/teams/logos/70x70/52919.png","https://img.uefa.com/imgml/TP/teams/logos/240x240/52919.png","252919","MCI","DOMESTIC_MEN_TEAM_A","","DOMESTIC","Angleterre","Man City","Manchester City","MCI","308","MINUTE","6","1","0","39.46","KILOMETER","32.35","KILOMETER_PER_HOUR"
"250132730","50031","25","2000-02-01","11","COLLEY","GAM","WINGER","FORWARD","MALE","","./image/250132730.jpg","Ebrima Colley","MIDFIELDER","","Colley","45","","Gambie","Attaquant","Ebrima","Colley","Ebrima Colley","Colley","200128","./assoc/200128_SUI.svg","./logo/50031.png","UEFA","SUI","50031","FAME","Young Boys","","https://img.uefa.com/imgml/TP/teams/logos/70x70/50031.png","https://img.uefa.com/imgml/TP/teams/logos/240x240/50031.png","250031","YB","DOMESTIC_MEN_TEAM_A","","DOMESTIC","Suisse","Young Boys","BSC Young Boys","YB","306","MINUTE","7","0","0","39.01","KILOMETER","34.02","KILOMETER_PER_HOUR"
"250121972","50139","27","1998-05-09","12","Douglas Luiz","BRA","UNKNOWN","MIDFIELDER","MALE","","./image/250121972.jpg","Douglas Luiz","MIDFIELDER","18","Douglas Luiz","18","","Brésil","Milieu","","Douglas Luiz","Douglas Luiz","Douglas Luiz","200066","./assoc/200066_ITA.svg","./logo/50139.png","UEFA","ITA","50139","FAME","Juventus","","https://img.uefa.com/imgml/TP/teams/logos/70x70/50139.png","https://img.uefa.com/imgml/TP/teams/logos/240x240/50139.png","250139","JUV","DOMESTIC_MEN_TEAM_A","","DOMESTIC","Italie","Juventus","Juventus","JUV","306","MINUTE","6","0","0","41.11","KILOMETER","30.19","KILOMETER_PER_HOUR"
"250128943","75797","22","2003-04-10","10","HARALDSSON","ISL","UNKNOWN","MIDFIELDER","MALE","","./image/250128943.jpg","Hákon Arnar Haraldsson","MIDFIELDER","7","Haraldsson","58","","Islande","Milieu","Hákon Arnar","Haraldsson","Hákon Arnar Haraldsson","Haraldsson","200043","./assoc/200043_FRA.svg","./logo/75797.png","UEFA","FRA","75797","FAME","Lille","","https://img.uefa.com/imgml/TP/teams/logos/70x70/75797.png","https://img.uefa.com/imgml/TP/teams/logos/240x240/75797.png","275797","LIL","DOMESTIC_MEN_TEAM_A","","DOMESTIC","France","Lille","LOSC Lille","LIL","304","MINUTE","6","2","0","31.61","KILOMETER","33.08","KILOMETER_PER_HOUR"
"250103562","52969","25","2000-01-19","33","Miranda Gonzalez","ESP","UNKNOWN","DEFENDER","MALE","","./image/250103562.jpg","Juan Miranda","DEFENDER","3","MIRANDA","122","","Espagne","Défenseur","Juan","Miranda","Juan Miranda","Miranda","200066","./assoc/200066_ITA.svg","./logo/52969.png","UEFA","ITA","52969","FAME","Bologna","","https://img.uefa.com/imgml/TP/teams/logos/70x70/52969.png","https://img.uefa.com/imgml/TP/teams/logos/240x240/52969.png","252969","BOL","DOMESTIC_MEN_TEAM_A","","DOMESTIC","Italie","Bologna","Bologna FC 1909","BOL","304","MINUTE","5","0","0","38.91","KILOMETER","31.77","KILOMETER_PER_HOUR"
"250153936","50037","22","2003-08-08","40","Urbig","GER","UNKNOWN","GOALKEEPER","MALE","","./image/250153936.jpg","Jonas Urbig","GOALKEEPER","12","Urbig","200047","","Allemagne","Gardien","Jonas","Urbig","Jonas Urbig","Urbig","200047","./assoc/200047_GER.svg","./logo/50037.png","UEFA","GER","50037","FAME","Bayern München","","https://img.uefa.com/imgml/TP/teams/logos/70x70/50037.png","https://img.uefa.com/imgml/TP/teams/logos/240x240/50037.png","250037","BAY","DOMESTIC_MEN_TEAM_A","","DOMESTIC","Allemagne","Bayern München","FC Bayern München","BAY","302","MINUTE","4","0","0","20.96","KILOMETER","28.02","KILOMETER_PER_HOUR"
"250055109","50033","29","1996-05-23","18","Sadílek","CZE","UNKNOWN","MIDFIELDER","MALE","","./image/250055109.jpg","Lukáš Sadílek","MIDFIELDER","13","Sadílek","58837","","Tchéquie","Milieu","Lukáš","Sadílek","Lukáš Sadílek","L. Sadílek","258837","./assoc/258837_CZE.svg","./logo/50033.png","UEFA","CZE","50033","FAME","Sparta Praha","","https://img.uefa.com/imgml/TP/teams/logos/70x70/50033.png","https://img.uefa.com/imgml/TP/teams/logos/240x240/50033.png","250033","SPA","DOMESTIC_MEN_TEAM_A","","DOMESTIC","Tchéquie","Sparta Praha","AC Sparta Praha","SPA","301","MINUTE","6","0","1","31.6","KILOMETER","31.34","KILOMETER_PER_HOUR"
"250128398","50030","22","2003-08-05","29","Gourna.D","FRA","UNKNOWN","MIDFIELDER","MALE","","./image/250128398.jpg","Lucas Gourna-Douath","MIDFIELDER","6","GOURNA","200043","","France","Milieu","Lucas","Gourna-Douath","Lucas Gourna-Douath","Gourna-Douath","200008","./assoc/200008_AUT.svg","./logo/50030.png","UEFA","AUT","50030","FAME","Salzburg","","https://img.uefa.com/imgml/TP/teams/logos/70x70/50030.png","https://img.uefa.com/imgml/TP/teams/logos/240x240/50030.png","250030","SAL","DOMESTIC_MEN_TEAM_A","","DOMESTIC","Autriche","Salzburg","FC Salzburg","SAL","301","MINUTE","6","0","0","41.58","KILOMETER","31.01","KILOMETER_PER_HOUR"
"250139255","50080","21","2004-08-05","6","Gavi","ESP","UNKNOWN","MIDFIELDER","MALE","","./image/250139255.jpg","Gavi","MIDFIELDER","9","GAVI","122","","Espagne","Milieu","","Gavi","Gavi","Gavi","200122","./assoc/200122_ESP.svg","./logo/50080.png","UEFA","ESP","50080","FAME","Barcelona","","https://img.uefa.com/imgml/TP/teams/logos/70x70/50080.png","https://img.uefa.com/imgml/TP/teams/logos/240x240/50080.png","250080","BAR","DOMESTIC_MEN_TEAM_A","","DOMESTIC","Espagne","Barcelona","FC Barcelona","BAR","299","MINUTE","10","0","0","35.08","KILOMETER","29.8","KILOMETER_PER_HOUR"
"250067629","50058","28","1997-10-02","9","Abraham","ENG","UNKNOWN","FORWARD","MALE","","./image/250067629.jpg","Tammy Abraham","FORWARD","23","Abraham","39","","Angleterre","Attaquant","Tammy","Abraham","Tammy Abraham","Abraham","200066","./assoc/200066_ITA.svg","./logo/50058.png","UEFA","ITA","50058","FAME","Milan","","https://img.uefa.com/imgml/TP/teams/logos/70x70/50058.png","https://img.uefa.com/imgml/TP/teams/logos/240x240/50058.png","250058","MIL","DOMESTIC_MEN_TEAM_A","","DOMESTIC","Italie","Milan","AC Milan","MIL","298","MINUTE","9","2","1","36.6","KILOMETER","33.26","KILOMETER_PER_HOUR"
"250128409","50031","22","2003-01-03","7","VIRGINIUS","FRA","UNKNOWN","FORWARD","MALE","","./image/250128409.jpg","Alan Virginius","FORWARD","11","VIRGINIUS","200043","","France","Attaquant","Alan","Virginius","Alan Virginius","Virginius","200128","./assoc/200128_SUI.svg","./logo/50031.png","UEFA","SUI","50031","FAME","Young Boys","","https://img.uefa.com/imgml/TP/teams/logos/70x70/50031.png","https://img.uefa.com/imgml/TP/teams/logos/240x240/50031.png","250031","YB","DOMESTIC_MEN_TEAM_A","","DOMESTIC","Suisse","Young Boys","BSC Young Boys","YB","298","MINUTE","7","0","1","39.81","KILOMETER","35.15","KILOMETER_PER_HOUR"
"250172227","52758","19","2006-05-05","16","Duranville","BEL","UNKNOWN","MIDFIELDER","MALE","","./image/250172227.jpg","Julien Duranville","MIDFIELDER","14","Duranville","13","","Belgique","Milieu","Julien","Duranville","Julien Duranville","Duranville","200047","./assoc/200047_GER.svg","./logo/52758.png","UEFA","GER","52758","FAME","B. Dortmund","","https://img.uefa.com/imgml/TP/teams/logos/70x70/52758.png","https://img.uefa.com/imgml/TP/teams/logos/240x240/52758.png","252758","BVB","DOMESTIC_MEN_TEAM_A","","DOMESTIC","Allemagne","B. Dortmund","Borussia Dortmund","BVB","297","MINUTE","9","0","0","32.41","KILOMETER","34.08","KILOMETER_PER_HOUR"
"250024795","52280","30","1994-12-08","30","Sterling","ENG","WINGER","MIDFIELDER","MALE","170","./image/250024795.jpg","Raheem Sterling","FORWARD","10","Sterling","39","69","Angleterre","Milieu","Raheem","Sterling","Raheem Sterling","Sterling","200039","./assoc/200039_ENG.svg","./logo/52280.png","UEFA","ENG","52280","FAME","Arsenal","","https://img.uefa.com/imgml/TP/teams/logos/70x70/52280.png","https://img.uefa.com/imgml/TP/teams/logos/240x240/52280.png","252280","ARS","DOMESTIC_MEN_TEAM_A","","DOMESTIC","Angleterre","Arsenal","Arsenal FC","ARS","297","MINUTE","6","0","2","34.78","KILOMETER","34.23","KILOMETER_PER_HOUR"
"250127239","52816","23","2002-07-11","3","RUGGERI","ITA","UNKNOWN","DEFENDER","MALE","","./image/250127239.jpg","Matteo Ruggeri","DEFENDER","15","Ruggeri","66","","Italie","Défenseur","Matteo","Ruggeri","Matteo Ruggeri","Ruggeri","200066","./assoc/200066_ITA.svg","./logo/52816.png","UEFA","ITA","52816","FAME","Atalanta","","https://img.uefa.com/imgml/TP/teams/logos/70x70/52816.png","https://img.uefa.com/imgml/TP/teams/logos/240x240/52816.png","252816","ATA","DOMESTIC_MEN_TEAM_A","","DOMESTIC","Italie","Atalanta","Atalanta BC","ATA","297","MINUTE","6","0","0","36.75","KILOMETER","30.5","KILOMETER_PER_HOUR"
"250026229","50033","33","1992-08-20","30","Zelený","CZE","FULL_BACK","DEFENDER","MALE","","./image/250026229.jpg","Jaroslav Zelený","DEFENDER","20","Zelený","58837","","Tchéquie","Défenseur","Jaroslav","Zelený","Jaroslav Zelený","Zelený","258837","./assoc/258837_CZE.svg","./logo/50033.png","UEFA","CZE","50033","FAME","Sparta Praha","","https://img.uefa.com/imgml/TP/teams/logos/70x70/50033.png","https://img.uefa.com/imgml/TP/teams/logos/240x240/50033.png","250033","SPA","DOMESTIC_MEN_TEAM_A","","DOMESTIC","Tchéquie","Sparta Praha","AC Sparta Praha","SPA","297","MINUTE","5","0","0","33.68","KILOMETER","30.91","KILOMETER_PER_HOUR"
"250050416","50037","31","1994-01-15","3","DIER","ENG","DEFENSIVE_MIDFIELDER","DEFENDER","MALE","188","./image/250050416.jpg","Eric Dier","DEFENDER","15","Dier","39","88","Angleterre","Défenseur","Eric","Dier","Eric Dier","Dier","200047","./assoc/200047_GER.svg","./logo/50037.png","UEFA","GER","50037","FAME","Bayern München","","https://img.uefa.com/imgml/TP/teams/logos/70x70/50037.png","https://img.uefa.com/imgml/TP/teams/logos/240x240/50037.png","250037","BAY","DOMESTIC_MEN_TEAM_A","","DOMESTIC","Allemagne","Bayern München","FC Bayern München","BAY","296","MINUTE","6","1","0","37.81","KILOMETER","32.7","KILOMETER_PER_HOUR"
"250172340","50023","20","2005-04-18","13","MAWISSA","FRA","UNKNOWN","DEFENDER","MALE","","./image/250172340.jpg","Christian Mawissa","DEFENDER","13","MAWISSA","200043","","France","Défenseur","Christian","Mawissa","Christian Mawissa","Mawissa","200043","./assoc/200043_FRA.svg","./logo/50023.png","UEFA","FRA","50023","FAME","Monaco","","https://img.uefa.com/imgml/TP/teams/logos/70x70/50023.png","https://img.uefa.com/imgml/TP/teams/logos/240x240/50023.png","250023","MON","DOMESTIC_MEN_TEAM_A","","DOMESTIC","France","Monaco","AS Monaco","MON","295","MINUTE","6","0","1","33.1","KILOMETER","34.93","KILOMETER_PER_HOUR"
"250087967","50149","28","1996-10-19","3","St. Juste","NED","UNKNOWN","DEFENDER","MALE","","./image/250087967.jpg","Jerry St. Juste","DEFENDER","","St. Juste","95","","Pays-Bas","Défenseur","Jerry","St. Juste","Jerry St. Juste","St. Juste","200110","./assoc/200110_POR.svg","./logo/50149.png","UEFA","POR","50149","FAME","Sporting CP","","https://img.uefa.com/imgml/TP/teams/logos/70x70/50149.png","https://img.uefa.com/imgml/TP/teams/logos/240x240/50149.png","250149","SPO","DOMESTIC_MEN_TEAM_A","","DOMESTIC","Portugal","Sporting CP","Sporting Clube de Portugal","SPO","291","MINUTE","6","0","0","33.18","KILOMETER","32.45","KILOMETER_PER_HOUR"
"250163777","50037","21","2004-05-03","45","Pavlovic","GER","UNKNOWN","MIDFIELDER","MALE","","./image/250163777.jpg","Aleksandar Pavlović","MIDFIELDER","5","Pavlovic","47","","Allemagne","Milieu","Aleksandar","Pavlović","Aleksandar Pavlović","Pavlović","200047","./assoc/200047_GER.svg","./logo/50037.png","UEFA","GER","50037","FAME","Bayern München","","https://img.uefa.com/imgml/TP/teams/logos/70x70/50037.png","https://img.uefa.com/imgml/TP/teams/logos/240x240/50037.png","250037","BAY","DOMESTIC_MEN_TEAM_A","","DOMESTIC","Allemagne","Bayern München","FC Bayern München","BAY","291","MINUTE","5","0","0","44.41","KILOMETER","30.62","KILOMETER_PER_HOUR"
"250124849","52816","23","2002-02-24","10","Samardžić","SRB","UNKNOWN","MIDFIELDER","MALE","","./image/250124849.jpg","Lazar Samardžić","MIDFIELDER","10","Samardžić","147","","Serbie","Milieu","Lazar","Samardžić","Lazar Samardžić","Samardžić","200066","./assoc/200066_ITA.svg","./logo/52816.png","UEFA","ITA","52816","FAME","Atalanta","","https://img.uefa.com/imgml/TP/teams/logos/70x70/52816.png","https://img.uefa.com/imgml/TP/teams/logos/240x240/52816.png","252816","ATA","DOMESTIC_MEN_TEAM_A","","DOMESTIC","Italie","Atalanta","Atalanta BC","ATA","290","MINUTE","8","1","1","42.79","KILOMETER","31.38","KILOMETER_PER_HOUR"
"250061361","50124","29","1995-12-05","9","SØRLOTH","NOR","STRIKER","FORWARD","MALE","","./image/250061361.jpg","Alexander Sørloth","FORWARD","7","Sørloth","101","","Norvège","Attaquant","Alexander","Sørloth","Alexander Sørloth","Sørloth","200122","./assoc/200122_ESP.svg","./logo/50124.png","UEFA","ESP","50124","FAME","Atleti","","https://img.uefa.com/imgml/TP/teams/logos/70x70/50124.png","https://img.uefa.com/imgml/TP/teams/logos/240x240/50124.png","250124","ATM","DOMESTIC_MEN_TEAM_A","","DOMESTIC","Espagne","Atleti","Atlético de Madrid","ATM","290","MINUTE","8","0","0","37.77","KILOMETER","32.65","KILOMETER_PER_HOUR"
"250193518","52707","21","2003-12-14","6","Marlon","BRA","UNKNOWN","MIDFIELDER","MALE","","./image/250193518.jpg","Marlon Gomes","MIDFIELDER","","Marlon","","","Brésil","Milieu","","Marlon Gomes","Marlon Gomes","Marlon Gomes","257166","./assoc/257166_UKR.svg","./logo/52707.png","UEFA","UKR","52707","FAME","Shakhtar","","https://img.uefa.com/imgml/TP/teams/logos/70x70/52707.png","https://img.uefa.com/imgml/TP/teams/logos/240x240/52707.png","252707","SHK","DOMESTIC_MEN_TEAM_A","","DOMESTIC","Ukraine","Shakhtar","FC Shakhtar Donetsk","SHK","289","MINUTE","7","1","0","36.0","KILOMETER","31.92","KILOMETER_PER_HOUR"
"250005231","50164","34","1991-05-29","5","Ademi","MKD","DEFENSIVE_MIDFIELDER","MIDFIELDER","MALE","183","./image/250005231.jpg","Arijan Ademi","MIDFIELDER","5","Ademi","59205","79","Macédoine du Nord","Milieu","Arijan","Ademi","Arijan Ademi","Ademi","256370","./assoc/256370_CRO.svg","./logo/50164.png","UEFA","CRO","50164","FAME","GNK Dinamo","","https://img.uefa.com/imgml/TP/teams/logos/70x70/50164.png","https://img.uefa.com/imgml/TP/teams/logos/240x240/50164.png","250164","DIN","DOMESTIC_MEN_TEAM_A","","DOMESTIC","Croatie","GNK Dinamo","GNK Dinamo","DIN","289","MINUTE","6","0","0","38.12","KILOMETER","30.23","KILOMETER_PER_HOUR"
"250116699","52969","26","1999-08-24","19","Ferguson","SCO","","MIDFIELDER","MALE","","./image/250116699.jpg","Lewis Ferguson","MIDFIELDER","19","Ferguson","117","","Écosse","Milieu","Lewis","Ferguson","Lewis Ferguson","Ferguson","200066","./assoc/200066_ITA.svg","./logo/52969.png","UEFA","ITA","52969","FAME","Bologna","","https://img.uefa.com/imgml/TP/teams/logos/70x70/52969.png","https://img.uefa.com/imgml/TP/teams/logos/240x240/52969.png","252969","BOL","DOMESTIC_MEN_TEAM_A","","DOMESTIC","Italie","Bologna","Bologna FC 1909","BOL","289","MINUTE","5","0","0","39.49","KILOMETER","29.3","KILOMETER_PER_HOUR"
"250174830","50023","22","2003-10-08","88","Magassa","FRA","UNKNOWN","MIDFIELDER","MALE","","./image/250174830.jpg","Soungoutou Magassa","MIDFIELDER","17","MAGASSA","200043","","France","Milieu","Soungoutou","Magassa","Soungoutou Magassa","Magassa","200043","./assoc/200043_FRA.svg","./logo/50023.png","UEFA","FRA","50023","FAME","Monaco","","https://img.uefa.com/imgml/TP/teams/logos/70x70/50023.png","https://img.uefa.com/imgml/TP/teams/logos/240x240/50023.png","250023","MON","DOMESTIC_MEN_TEAM_A","","DOMESTIC","France","Monaco","AS Monaco","MON","288","MINUTE","7","1","0","33.77","KILOMETER","31.12","KILOMETER_PER_HOUR"
"250027008","52919","30","1995-02-18","6","Aké","NED","UNKNOWN","DEFENDER","MALE","180","./image/250027008.jpg","Nathan Aké","DEFENDER","5","Ake","95","75","Pays-Bas","Défenseur","Nathan","Aké","Nathan Aké","Aké","200039","./assoc/200039_ENG.svg","./logo/52919.png","UEFA","ENG","52919","FAME","Man City","","https://img.uefa.com/imgml/TP/teams/logos/70x70/52919.png","https://img.uefa.com/imgml/TP/teams/logos/240x240/52919.png","252919","MCI","DOMESTIC_MEN_TEAM_A","","DOMESTIC","Angleterre","Man City","Manchester City","MCI","287","MINUTE","4","0","0","31.03","KILOMETER","30.81","KILOMETER_PER_HOUR"
"250132309","52797","25","2000-01-07","23","Sharani","GHA","UNKNOWN","DEFENDER","MALE","","./image/250132309.jpg","Sharani Zuberu","FORWARD","","Zuberu","","","Ghana","Défenseur","Sharani","Zuberu","Sharani Zuberu","Zuberu","258836","./assoc/258836_SVK.svg","./logo/52797.png","UEFA","SVK","52797","FAME","S. Bratislava","","https://img.uefa.com/imgml/TP/teams/logos/70x70/52797.png","https://img.uefa.com/imgml/TP/teams/logos/240x240/52797.png","252797","SLB","DOMESTIC_MEN_TEAM_A","","DOMESTIC","Slovaquie","S. Bratislava","ŠK Slovan Bratislava","SLB","283","MINUTE","5","0","0","35.23","KILOMETER","35.05","KILOMETER_PER_HOUR"
"250041781","52758","30","1995-09-03","25","Süle","GER","UNKNOWN","DEFENDER","MALE","","./image/250041781.jpg","Niklas Süle","DEFENDER","15","Süle","47","","Allemagne","Défenseur","Niklas","Süle","Niklas Süle","Süle","200047","./assoc/200047_GER.svg","./logo/52758.png","UEFA","GER","52758","FAME","B. Dortmund","","https://img.uefa.com/imgml/TP/teams/logos/70x70/52758.png","https://img.uefa.com/imgml/TP/teams/logos/240x240/52758.png","252758","BVB","DOMESTIC_MEN_TEAM_A","","DOMESTIC","Allemagne","B. Dortmund","Borussia Dortmund","BVB","283","MINUTE","5","0","0","20.27","KILOMETER","30.68","KILOMETER_PER_HOUR"
"250154302","50030","21","2004-08-21","4","Blank","GER","UNKNOWN","DEFENDER","MALE","","./image/250154302.jpg","Hendry Blank","DEFENDER","4","Blank","200047","","Allemagne","Défenseur","Hendry","Blank","Hendry Blank","Blank","200008","./assoc/200008_AUT.svg","./logo/50030.png","UEFA","AUT","50030","FAME","Salzburg","","https://img.uefa.com/imgml/TP/teams/logos/70x70/50030.png","https://img.uefa.com/imgml/TP/teams/logos/240x240/50030.png","250030","SAL","DOMESTIC_MEN_TEAM_A","","DOMESTIC","Autriche","Salzburg","FC Salzburg","SAL","283","MINUTE","4","0","0","30.84","KILOMETER","33.16","KILOMETER_PER_HOUR"
"250132465","50031","24","2001-05-03","39","MALES","SUI","STRIKER","MIDFIELDER","MALE","","./image/250132465.jpg","Darian Males","FORWARD","19","Males","200128","","Suisse","Milieu","Darian","Males","Darian Males","Males","200128","./assoc/200128_SUI.svg","./logo/50031.png","UEFA","SUI","50031","FAME","Young Boys","","https://img.uefa.com/imgml/TP/teams/logos/70x70/50031.png","https://img.uefa.com/imgml/TP/teams/logos/240x240/50031.png","250031","YB","DOMESTIC_MEN_TEAM_A","","DOMESTIC","Suisse","Young Boys","BSC Young Boys","YB","282","MINUTE","7","0","0","38.38","KILOMETER","33.09","KILOMETER_PER_HOUR"
"250056566","50058","29","1996-01-23","8","LOFTUS-CHEEK","ENG","CENTRAL_MIDFIELDER","MIDFIELDER","MALE","192","./image/250056566.jpg","Ruben Loftus-Cheek","MIDFIELDER","8","Loftus-Cheek","39","83","Angleterre","Milieu","Ruben","Loftus-Cheek","Ruben Loftus-Cheek","Loftus-Cheek","200066","./assoc/200066_ITA.svg","./logo/50058.png","UEFA","ITA","50058","FAME","Milan","","https://img.uefa.com/imgml/TP/teams/logos/70x70/50058.png","https://img.uefa.com/imgml/TP/teams/logos/240x240/50058.png","250058","MIL","DOMESTIC_MEN_TEAM_A","","DOMESTIC","Italie","Milan","AC Milan","MIL","282","MINUTE","6","0","0","34.75","KILOMETER","32.94","KILOMETER_PER_HOUR"
"250010259","50058","35","1990-05-28","32","WALKER","ENG","FULL_BACK","DEFENDER","MALE","178","./image/250010259.jpg","Kyle Walker","DEFENDER","2","Walker","39","70","Angleterre","Défenseur","Kyle","Walker","Kyle Walker","Walker","200066","./assoc/200066_ITA.svg","./logo/50058.png","UEFA","ITA","50058","FAME","Milan","","https://img.uefa.com/imgml/TP/teams/logos/70x70/50058.png","https://img.uefa.com/imgml/TP/teams/logos/240x240/50058.png","250058","MIL","DOMESTIC_MEN_TEAM_A","","DOMESTIC","Italie","Milan","AC Milan","MIL","282","MINUTE","4","0","0","33.12","KILOMETER","34.11","KILOMETER_PER_HOUR"
"250121965","50051","27","1998-01-18","3","E. MILITÃO","BRA","FULL_BACK","DEFENDER","MALE","","./image/250121965.jpg","Éder Militão","DEFENDER","14","E. Militão","18","","Brésil","Défenseur","","Éder Militão","Éder Militão","Éder Militão","200122","./assoc/200122_ESP.svg","./logo/50051.png","UEFA","ESP","50051","FAME","Real Madrid","","https://img.uefa.com/imgml/TP/teams/logos/70x70/50051.png","https://img.uefa.com/imgml/TP/teams/logos/240x240/50051.png","250051","RMA","DOMESTIC_MEN_TEAM_A","","DOMESTIC","Espagne","Real Madrid","Real Madrid C.F.","RMA","282","MINUTE","4","0","0","29.98","KILOMETER","34.24","KILOMETER_PER_HOUR"
"250049573","2602798","39","1986-10-12","7","Stuani","URU","UNKNOWN","FORWARD","MALE","","./image/250049573.jpg","Cristhian Stuani","FORWARD","11","Stuani","138","","Uruguay","Attaquant","Cristhian","Stuani","Cristhian Stuani","Stuani","200122","./assoc/200122_ESP.svg","./logo/2602798.png","UEFA","ESP","2602798","FAME","Girona","","https://img.uefa.com/imgml/TP/teams/logos/70x70/2602798.png","https://img.uefa.com/imgml/TP/teams/logos/240x240/2602798.png","250001774","GIR","DOMESTIC_MEN_TEAM_A","","DOMESTIC","Espagne","Girona","Girona FC","GIR","281","MINUTE","8","0","0","37.45","KILOMETER","29.48","KILOMETER_PER_HOUR"
"250200313","52749","27","1998-09-29","30","Lotomba","SUI","UNKNOWN","DEFENDER","MALE","","./image/250200313.jpg","Jordan Lotomba","DEFENDER","","Lotomba","","","Suisse","Défenseur","Jordan","Lotomba","Jordan Lotomba","Lotomba","200095","./assoc/200095_NED.svg","./logo/52749.png","UEFA","NED","52749","FAME","Feyenoord","","https://img.uefa.com/imgml/TP/teams/logos/70x70/52749.png","https://img.uefa.com/imgml/TP/teams/logos/240x240/52749.png","252749","FEY","DOMESTIC_MEN_TEAM_A","","DOMESTIC","Pays-Bas","Feyenoord","Feyenoord","FEY","281","MINUTE","5","0","1","31.48","KILOMETER","32.51","KILOMETER_PER_HOUR"
"250054393","50111","30","1994-12-04","5","WÜTHRICH","SUI","CENTRE_BACK","DEFENDER","MALE","192","./image/250054393.jpg","Gregory Wüthrich","DEFENDER","22","Wüthrich","128","88","Suisse","Défenseur","Gregory","Wüthrich","Gregory Wüthrich","Wüthrich","200008","./assoc/200008_AUT.svg","./logo/50111.png","UEFA","AUT","50111","FAME","Sturm Graz","","https://img.uefa.com/imgml/TP/teams/logos/70x70/50111.png","https://img.uefa.com/imgml/TP/teams/logos/240x240/50111.png","250111","SGR","DOMESTIC_MEN_TEAM_A","","DOMESTIC","Autriche","Sturm Graz","SK Sturm Graz","SGR","280","MINUTE","4","0","0","32.03","KILOMETER","31.14","KILOMETER_PER_HOUR"
"250135607","7889","22","2003-07-09","12","Bradley","NIR","UNKNOWN","DEFENDER","MALE","","./image/250135607.jpg","Conor Bradley","DEFENDER","2","Bradley","63","","Irlande du Nord","Défenseur","Conor","Bradley","Conor Bradley","Bradley","200039","./assoc/200039_ENG.svg","./logo/7889.png","UEFA","ENG","7889","FAME","Liverpool","","https://img.uefa.com/imgml/TP/teams/logos/70x70/7889.png","https://img.uefa.com/imgml/TP/teams/logos/240x240/7889.png","207889","LIV","DOMESTIC_MEN_TEAM_A","","DOMESTIC","Angleterre","Liverpool","Liverpool FC","LIV","278","MINUTE","5","0","1","35.5","KILOMETER","34.89","KILOMETER_PER_HOUR"
"250103561","50080","24","2001-01-09","24","Eric","ESP","CENTRE_BACK","DEFENDER","MALE","","./image/250103561.jpg","Eric García","DEFENDER","3","García Martret","122","","Espagne","Défenseur","","Eric García","Eric García","Eric García","200122","./assoc/200122_ESP.svg","./logo/50080.png","UEFA","ESP","50080","FAME","Barcelona","","https://img.uefa.com/imgml/TP/teams/logos/70x70/50080.png","https://img.uefa.com/imgml/TP/teams/logos/240x240/50080.png","250080","BAR","DOMESTIC_MEN_TEAM_A","","DOMESTIC","Espagne","Barcelona","FC Barcelona","BAR","277","MINUTE","9","2","0","30.79","KILOMETER","34.18","KILOMETER_PER_HOUR"
"250122746","50058","26","1999-05-22","21","CHUKWUEZE","NGA","WINGER","FORWARD","MALE","","./image/250122746.jpg","Samuel Chukwueze","MIDFIELDER","11","Chukweze","100","","Nigeria","Attaquant","Samuel","Chukwueze","Samuel Chukwueze","Chukwueze","200066","./assoc/200066_ITA.svg","./logo/50058.png","UEFA","ITA","50058","FAME","Milan","","https://img.uefa.com/imgml/TP/teams/logos/70x70/50058.png","https://img.uefa.com/imgml/TP/teams/logos/240x240/50058.png","250058","MIL","DOMESTIC_MEN_TEAM_A","","DOMESTIC","Italie","Milan","AC Milan","MIL","277","MINUTE","7","0","1","35.92","KILOMETER","33.4","KILOMETER_PER_HOUR"
"250113373","2602798","26","1999-06-24","28","Miovski","MKD","UNKNOWN","FORWARD","MALE","","./image/250113373.jpg","Bojan Miovski","FORWARD","20","Miovski","59205","","Macédoine du Nord","Attaquant","Bojan","Miovski","Bojan Miovski","Miovski","200122","./assoc/200122_ESP.svg","./logo/2602798.png","UEFA","ESP","2602798","FAME","Girona","","https://img.uefa.com/imgml/TP/teams/logos/70x70/2602798.png","https://img.uefa.com/imgml/TP/teams/logos/240x240/2602798.png","250001774","GIR","DOMESTIC_MEN_TEAM_A","","DOMESTIC","Espagne","Girona","Girona FC","GIR","276","MINUTE","4","0","0","33.87","KILOMETER","33.15","KILOMETER_PER_HOUR"
"250134661","52758","22","2002-11-13","7","Reyna","USA","UNKNOWN","MIDFIELDER","MALE","","./image/250134661.jpg","Giovanni Reyna","MIDFIELDER","7","","140","","Etats-Unis","Milieu","Giovanni","Reyna","Giovanni Reyna","Reyna","200047","./assoc/200047_GER.svg","./logo/52758.png","UEFA","GER","52758","FAME","B. Dortmund","","https://img.uefa.com/imgml/TP/teams/logos/70x70/52758.png","https://img.uefa.com/imgml/TP/teams/logos/240x240/52758.png","252758","BVB","DOMESTIC_MEN_TEAM_A","","DOMESTIC","Allemagne","B. Dortmund","Borussia Dortmund","BVB","275","MINUTE","9","0","1","31.38","KILOMETER","26.92","KILOMETER_PER_HOUR"
"250055957","50109","31","1994-09-22","8","Andrich","GER","","MIDFIELDER","MALE","","./image/250055957.jpg","Robert Andrich","DEFENDER","23","Andrich","47","","Allemagne","Milieu","Robert","Andrich","Robert Andrich","Andrich","200047","./assoc/200047_GER.svg","./logo/50109.png","UEFA","GER","50109","FAME","Leverkusen","","https://img.uefa.com/imgml/TP/teams/logos/70x70/50109.png","https://img.uefa.com/imgml/TP/teams/logos/240x240/50109.png","250109","LEV","DOMESTIC_MEN_TEAM_A","","DOMESTIC","Allemagne","Leverkusen","Bayer 04 Leverkusen","LEV","273","MINUTE","7","0","1","39.14","KILOMETER","33.08","KILOMETER_PER_HOUR"
"250117708","52683","24","2001-08-16","24","Onana","BEL","UNKNOWN","MIDFIELDER","MALE","","./image/250117708.jpg","Amadou Onana","MIDFIELDER","18","Onana","13","","Belgique","Milieu","Amadou","Onana","Amadou Onana","Onana","200039","./assoc/200039_ENG.svg","./logo/52683.png","UEFA","ENG","52683","FAME","Aston Villa","","https://img.uefa.com/imgml/TP/teams/logos/70x70/52683.png","https://img.uefa.com/imgml/TP/teams/logos/240x240/52683.png","252683","AVL","DOMESTIC_MEN_TEAM_A","","DOMESTIC","Angleterre","Aston Villa","Aston Villa FC","AVL","272","MINUTE","5","1","0","34.23","KILOMETER","33.61","KILOMETER_PER_HOUR"
"103335","50124","36","1989-01-12","20","WITSEL","BEL","DEFENSIVE_MIDFIELDER","MIDFIELDER","MALE","186","./image/103335.jpg","Axel Witsel","MIDFIELDER","6","Witsel","13","73","Belgique","Milieu","Axel","Witsel","Axel Witsel","Witsel","200122","./assoc/200122_ESP.svg","./logo/50124.png","UEFA","ESP","50124","FAME","Atleti","","https://img.uefa.com/imgml/TP/teams/logos/70x70/50124.png","https://img.uefa.com/imgml/TP/teams/logos/240x240/50124.png","250124","ATM","DOMESTIC_MEN_TEAM_A","","DOMESTIC","Espagne","Atleti","Atlético de Madrid","ATM","271","MINUTE","4","0","0","31.02","KILOMETER","30.58","KILOMETER_PER_HOUR"
"250073778","50164","29","1996-09-08","3","Mmaee","MAR","CENTRE_BACK","DEFENDER","MALE","180","./image/250073778.jpg","Samy Mmaee","DEFENDER","15","Mmaee A Nwambeben","200013","","Maroc","Défenseur","Samy","Mmaee","Samy Mmaee","S. Mmaee","256370","./assoc/256370_CRO.svg","./logo/50164.png","UEFA","CRO","50164","FAME","GNK Dinamo","","https://img.uefa.com/imgml/TP/teams/logos/70x70/50164.png","https://img.uefa.com/imgml/TP/teams/logos/240x240/50164.png","250164","DIN","DOMESTIC_MEN_TEAM_A","","DOMESTIC","Croatie","GNK Dinamo","GNK Dinamo","DIN","270","MINUTE","3","0","0","31.12","KILOMETER","30.51","KILOMETER_PER_HOUR"
"250169265","50031","22","2003-05-07","4","ZOUKROU","FRA","UNKNOWN","DEFENDER","MALE","","./image/250169265.jpg","Tanguy Zoukrou","DEFENDER","2","Zoukrou","300043","","France","Défenseur","Tanguy","Zoukrou","Tanguy Zoukrou","Zoukrou","200128","./assoc/200128_SUI.svg","./logo/50031.png","UEFA","SUI","50031","FAME","Young Boys","","https://img.uefa.com/imgml/TP/teams/logos/70x70/50031.png","https://img.uefa.com/imgml/TP/teams/logos/240x240/50031.png","250031","YB","DOMESTIC_MEN_TEAM_A","","DOMESTIC","Suisse","Young Boys","BSC Young Boys","YB","270","MINUTE","3","0","0","30.75","KILOMETER","32.15","KILOMETER_PER_HOUR"
"250160568","50033","27","1998-02-18","17","Preciado","ECU","UNKNOWN","DEFENDER","MALE","","./image/250160568.jpg","Angelo Preciado","DEFENDER","17","Preciado","37","","Équateur","Défenseur","Angelo","Preciado","Angelo Preciado","Preciado","258837","./assoc/258837_CZE.svg","./logo/50033.png","UEFA","CZE","50033","FAME","Sparta Praha","","https://img.uefa.com/imgml/TP/teams/logos/70x70/50033.png","https://img.uefa.com/imgml/TP/teams/logos/240x240/50033.png","250033","SPA","DOMESTIC_MEN_TEAM_A","","DOMESTIC","Tchéquie","Sparta Praha","AC Sparta Praha","SPA","270","MINUTE","3","0","0","28.92","KILOMETER","33.25","KILOMETER_PER_HOUR"
"250139028","50069","23","2002-04-04","77","Guteša","SRB","","GOALKEEPER","MALE","","./image/250139028.jpg","Ivan Guteša","GOALKEEPER","","Guteša","","","Serbie","Gardien","Ivan","Guteša","Ivan Guteša","Guteša","200147","./assoc/200147_SRB.svg","./logo/50069.png","UEFA","SRB","50069","FAME","Crvena Zvezda","","https://img.uefa.com/imgml/TP/teams/logos/70x70/50069.png","https://img.uefa.com/imgml/TP/teams/logos/240x240/50069.png","250069","ZVE","DOMESTIC_MEN_TEAM_A","","DOMESTIC","Serbie","Crvena Zvezda","FK Crvena Zvezda","ZVE","270","MINUTE","3","0","0","19.19","KILOMETER","29.9","KILOMETER_PER_HOUR"
"250029377","50164","38","1987-02-07","1","Zagorac","CRO","GOALKEEPER","GOALKEEPER","MALE","","./image/250029377.jpg","Danijel Zagorac","GOALKEEPER","","Zagaroac","","","Croatie","Gardien","Danijel","Zagorac","Danijel Zagorac","Zagorac","256370","./assoc/256370_CRO.svg","./logo/50164.png","UEFA","CRO","50164","FAME","GNK Dinamo","","https://img.uefa.com/imgml/TP/teams/logos/70x70/50164.png","https://img.uefa.com/imgml/TP/teams/logos/240x240/50164.png","250164","DIN","DOMESTIC_MEN_TEAM_A","","DOMESTIC","Croatie","GNK Dinamo","GNK Dinamo","DIN","270","MINUTE","3","0","0","17.41","KILOMETER","25.89","KILOMETER_PER_HOUR"
"250080461","50069","29","1996-03-11","18","Glazer","ISR","","GOALKEEPER","MALE","","./image/250080461.jpg","Omri Glazer","GOALKEEPER","18","Glazer","65","","Israël","Gardien","Omri","Glazer","Omri Glazer","Glazer","200147","./assoc/200147_SRB.svg","./logo/50069.png","UEFA","SRB","50069","FAME","Crvena Zvezda","","https://img.uefa.com/imgml/TP/teams/logos/70x70/50069.png","https://img.uefa.com/imgml/TP/teams/logos/240x240/50069.png","250069","ZVE","DOMESTIC_MEN_TEAM_A","","DOMESTIC","Serbie","Crvena Zvezda","FK Crvena Zvezda","ZVE","270","MINUTE","3","0","0","11.88","KILOMETER","21.9","KILOMETER_PER_HOUR"
"250146926","50139","26","1998-12-05","39","KOLO MUANI","FRA","UNKNOWN","FORWARD","MALE","","./image/250146926.jpg","Randal Kolo Muani","FORWARD","12","Kolo Muani","43","","France","Attaquant","Randal","Kolo Muani","Randal Kolo Muani","Kolo Muani","200066","./assoc/200066_ITA.svg","./logo/50139.png","UEFA","ITA","50139","FAME","Juventus","","https://img.uefa.com/imgml/TP/teams/logos/70x70/50139.png","https://img.uefa.com/imgml/TP/teams/logos/240x240/50139.png","250139","JUV","DOMESTIC_MEN_TEAM_A","","DOMESTIC","Italie","Juventus","Juventus","JUV","269","MINUTE","6","0","0","25.37","KILOMETER","31.02","KILOMETER_PER_HOUR"
"250153851","2603790","20","2005-05-16","5","Bitshiabu","FRA","UNKNOWN","DEFENDER","MALE","","./image/250153851.jpg","El Chadaille Bitshiabu","DEFENDER","5","Bitshiabu","300043","","France","Défenseur","El Chadaille","Bitshiabu","El Chadaille Bitshiabu","Bitshiabu","200047","./assoc/200047_GER.svg","./logo/2603790.png","UEFA","GER","2603790","FAME","Leipzig","","https://img.uefa.com/imgml/TP/teams/logos/70x70/2603790.png","https://img.uefa.com/imgml/TP/teams/logos/240x240/2603790.png","250002563","RBL","DOMESTIC_MEN_TEAM_A","","DOMESTIC","Allemagne","Leipzig","RB Leipzig","RBL","268","MINUTE","4","0","0","29.43","KILOMETER","34.42","KILOMETER_PER_HOUR"
"250129735","50164","21","2003-10-28","7","Stojković","CRO","UNKNOWN","MIDFIELDER","MALE","","./image/250129735.jpg","Luka Stojković","MIDFIELDER","15","Stojković","256370","","Croatie","Milieu","Luka","Stojković","Luka Stojković","Stojković","256370","./assoc/256370_CRO.svg","./logo/50164.png","UEFA","CRO","50164","FAME","GNK Dinamo","","https://img.uefa.com/imgml/TP/teams/logos/70x70/50164.png","https://img.uefa.com/imgml/TP/teams/logos/240x240/50164.png","250164","DIN","DOMESTIC_MEN_TEAM_A","","DOMESTIC","Croatie","GNK Dinamo","GNK Dinamo","DIN","267","MINUTE","6","0","0","35.32","KILOMETER","32.66","KILOMETER_PER_HOUR"
"250132810","52816","24","2001-01-04","3","Kossounou","CIV","CENTRE_BACK","DEFENDER","MALE","","./image/250132810.jpg","Odilon Kossounou","DEFENDER","","Kossounou","67","","Côte d'Ivoire","Défenseur","Odilon","Kossounou","Odilon Kossounou","Kossounou","200066","./assoc/200066_ITA.svg","./logo/52816.png","UEFA","ITA","52816","FAME","Atalanta","","https://img.uefa.com/imgml/TP/teams/logos/70x70/52816.png","https://img.uefa.com/imgml/TP/teams/logos/240x240/52816.png","252816","ATA","DOMESTIC_MEN_TEAM_A","","DOMESTIC","Italie","Atalanta","Atalanta BC","ATA","267","MINUTE","4","0","1","32.57","KILOMETER","33.22","KILOMETER_PER_HOUR"
"250091175","50051","26","1999-08-14","20","FRAN GARCÍA","ESP","FULL_BACK","DEFENDER","MALE","","./image/250091175.jpg","Fran García","DEFENDER","19","Fran García","122","","Espagne","Défenseur","","Fran García","Fran García","Fran García","200122","./assoc/200122_ESP.svg","./logo/50051.png","UEFA","ESP","50051","FAME","Real Madrid","","https://img.uefa.com/imgml/TP/teams/logos/70x70/50051.png","https://img.uefa.com/imgml/TP/teams/logos/240x240/50051.png","250051","RMA","DOMESTIC_MEN_TEAM_A","","DOMESTIC","Espagne","Real Madrid","Real Madrid C.F.","RMA","266","MINUTE","9","0","0","36.22","KILOMETER","33.27","KILOMETER_PER_HOUR"
"250110361","2603790","27","1998-04-22","22","Raum","GER","UNKNOWN","DEFENDER","MALE","","./image/250110361.jpg","David Raum","DEFENDER","22","Raum","47","","Allemagne","Défenseur","David","Raum","David Raum","Raum","200047","./assoc/200047_GER.svg","./logo/2603790.png","UEFA","GER","2603790","FAME","Leipzig","","https://img.uefa.com/imgml/TP/teams/logos/70x70/2603790.png","https://img.uefa.com/imgml/TP/teams/logos/240x240/2603790.png","250002563","RBL","DOMESTIC_MEN_TEAM_A","","DOMESTIC","Allemagne","Leipzig","RB Leipzig","RBL","266","MINUTE","4","0","1","32.53","KILOMETER","33.32","KILOMETER_PER_HOUR"
"250058722","50033","29","1996-05-26","22","Haraslín","SVK","UNKNOWN","MIDFIELDER","MALE","","./image/250058722.jpg","Lukáš Haraslín","FORWARD","17","Haraslín","58836","","Slovaquie","Milieu","Lukáš","Haraslín","Lukáš Haraslín","Haraslín","258837","./assoc/258837_CZE.svg","./logo/50033.png","UEFA","CZE","50033","FAME","Sparta Praha","","https://img.uefa.com/imgml/TP/teams/logos/70x70/50033.png","https://img.uefa.com/imgml/TP/teams/logos/240x240/50033.png","250033","SPA","DOMESTIC_MEN_TEAM_A","","DOMESTIC","Tchéquie","Sparta Praha","AC Sparta Praha","SPA","265","MINUTE","6","0","1","29.54","KILOMETER","30.6","KILOMETER_PER_HOUR"
"250135339","50164","21","2003-10-25","8","Sučić","CRO","UNKNOWN","MIDFIELDER","MALE","","./image/250135339.jpg","Petar Sučić","MIDFIELDER","17","P. Sučić","56370","","Croatie","Milieu","Petar","Sučić","Petar Sučić","P. Sučić","256370","./assoc/256370_CRO.svg","./logo/50164.png","UEFA","CRO","50164","FAME","GNK Dinamo","","https://img.uefa.com/imgml/TP/teams/logos/70x70/50164.png","https://img.uefa.com/imgml/TP/teams/logos/240x240/50164.png","250164","DIN","DOMESTIC_MEN_TEAM_A","","DOMESTIC","Croatie","GNK Dinamo","GNK Dinamo","DIN","265","MINUTE","3","2","0","36.05","KILOMETER","31.63","KILOMETER_PER_HOUR"
"250086315","50124","30","1995-03-09","10","CORREA","ARG","WINGER","FORWARD","MALE","174","./image/250086315.jpg","Ángel Correa","MIDFIELDER","15","Correa","6","70","Argentine","Attaquant","Ángel","Correa","Ángel Correa","Correa","200122","./assoc/200122_ESP.svg","./logo/50124.png","UEFA","ESP","50124","FAME","Atleti","","https://img.uefa.com/imgml/TP/teams/logos/70x70/50124.png","https://img.uefa.com/imgml/TP/teams/logos/240x240/50124.png","250124","ATM","DOMESTIC_MEN_TEAM_A","","DOMESTIC","Espagne","Atleti","Atlético de Madrid","ATM","264","MINUTE","8","3","1","33.98","KILOMETER","33.23","KILOMETER_PER_HOUR"
"250196664","52749","25","2000-05-22","19","Carranza","ARG","UNKNOWN","FORWARD","MALE","","./image/250196664.jpg","Julián Carranza","FORWARD","","Carranza","","","Argentine","Attaquant","Julián","Carranza","Julián Carranza","Carranza","200095","./assoc/200095_NED.svg","./logo/52749.png","UEFA","NED","52749","FAME","Feyenoord","","https://img.uefa.com/imgml/TP/teams/logos/70x70/52749.png","https://img.uefa.com/imgml/TP/teams/logos/240x240/52749.png","252749","FEY","DOMESTIC_MEN_TEAM_A","","DOMESTIC","Pays-Bas","Feyenoord","Feyenoord","FEY","264","MINUTE","7","1","0","37.8","KILOMETER","32.06","KILOMETER_PER_HOUR"
"250089626","50147","25","2000-01-03","18","Barreiro","LUX","UNKNOWN","MIDFIELDER","MALE","","./image/250089626.jpg","Leandro Barreiro","MIDFIELDER","16","Barreiro","82","","Luxembourg","Milieu","Leandro","Barreiro","Leandro Barreiro","Barreiro","200110","./assoc/200110_POR.svg","./logo/50147.png","UEFA","POR","50147","FAME","Benfica","","https://img.uefa.com/imgml/TP/teams/logos/70x70/50147.png","https://img.uefa.com/imgml/TP/teams/logos/240x240/50147.png","250147","BEN","DOMESTIC_MEN_TEAM_A","","DOMESTIC","Portugal","Benfica","SL Benfica","BEN","262","MINUTE","9","0","0","39.08","KILOMETER","31.58","KILOMETER_PER_HOUR"
"250080570","52683","29","1996-01-21","21","M.ASENSIO","ESP","ATTACKING_MIDFIELDER","FORWARD","MALE","178","./image/250080570.jpg","Marco Asensio","FORWARD","10","M. Asensio","122","70","Espagne","Attaquant","Marco","Asensio","Marco Asensio","Asensio","200039","./assoc/200039_ENG.svg","./logo/52683.png","UEFA","ENG","52683","FAME","Aston Villa","","https://img.uefa.com/imgml/TP/teams/logos/70x70/52683.png","https://img.uefa.com/imgml/TP/teams/logos/240x240/52683.png","252683","AVL","DOMESTIC_MEN_TEAM_A","","DOMESTIC","Angleterre","Aston Villa","Aston Villa FC","AVL","262","MINUTE","8","3","0","35.86","KILOMETER","31.92","KILOMETER_PER_HOUR"
"250014636","2603790","35","1990-10-09","44","Kampl","SVN","CENTRAL_MIDFIELDER","MIDFIELDER","MALE","180","./image/250014636.jpg","Kevin Kampl","MIDFIELDER","10","Kampl","57163","67","Slovénie","Milieu","Kevin","Kampl","Kevin Kampl","Kampl","200047","./assoc/200047_GER.svg","./logo/2603790.png","UEFA","GER","2603790","FAME","Leipzig","","https://img.uefa.com/imgml/TP/teams/logos/70x70/2603790.png","https://img.uefa.com/imgml/TP/teams/logos/240x240/2603790.png","250002563","RBL","DOMESTIC_MEN_TEAM_A","","DOMESTIC","Allemagne","Leipzig","RB Leipzig","RBL","262","MINUTE","5","0","1","26.5","KILOMETER","30.03","KILOMETER_PER_HOUR"
"250088117","50062","26","1999-03-05","4","Obispo","NED","CENTRE_BACK","DEFENDER","MALE","","./image/250088117.jpg","Armando Obispo","DEFENDER","4","Obispo","300095","","Pays-Bas","Défenseur","Armando","Obispo","Armando Obispo","Obispo","200095","./assoc/200095_NED.svg","./logo/50062.png","UEFA","NED","50062","FAME","PSV","","https://img.uefa.com/imgml/TP/teams/logos/70x70/50062.png","https://img.uefa.com/imgml/TP/teams/logos/240x240/50062.png","250062","PSV","DOMESTIC_MEN_TEAM_A","","DOMESTIC","Pays-Bas","PSV","PSV Eindhoven","PSV","261","MINUTE","6","0","0","28.93","KILOMETER","33.4","KILOMETER_PER_HOUR"
"250166916","75797","20","2005-02-03","7","FERNANDEZ-PARDO","BEL","","FORWARD","MALE","","./image/250166916.jpg","Matias Fernandez-Pardo","FORWARD","7","Fernandez-Pardo","300013","","Belgique","Attaquant","Matias","Fernandez-Pardo","Matias Fernandez-Pardo","Fernandez-Pardo","200043","./assoc/200043_FRA.svg","./logo/75797.png","UEFA","FRA","75797","FAME","Lille","","https://img.uefa.com/imgml/TP/teams/logos/70x70/75797.png","https://img.uefa.com/imgml/TP/teams/logos/240x240/75797.png","275797","LIL","DOMESTIC_MEN_TEAM_A","","DOMESTIC","France","Lille","LOSC Lille","LIL","260","MINUTE","7","0","1","30.56","KILOMETER","34.53","KILOMETER_PER_HOUR"
"250106649","52280","28","1997-04-03","9","G.JESUS","BRA","STRIKER","FORWARD","MALE","","./image/250106649.jpg","Gabriel Jesus","FORWARD","18","G. Jesus","18","","Brésil","Attaquant","Gabriel","Jesus","Gabriel Jesus","Jesus","200039","./assoc/200039_ENG.svg","./logo/52280.png","UEFA","ENG","52280","FAME","Arsenal","","https://img.uefa.com/imgml/TP/teams/logos/70x70/52280.png","https://img.uefa.com/imgml/TP/teams/logos/240x240/52280.png","252280","ARS","DOMESTIC_MEN_TEAM_A","","DOMESTIC","Angleterre","Arsenal","Arsenal FC","ARS","260","MINUTE","5","0","1","32.41","KILOMETER","33.78","KILOMETER_PER_HOUR"
"250186123","2601306","28","1997-08-03","25","LE CARDINAL","FRA","","DEFENDER","MALE","","./image/250186123.jpg","Julien Le Cardinal","DEFENDER","","Le Cardinal","","","France","Défenseur","Julien","Le Cardinal","Julien Le Cardinal","Le Cardinal","200043","./assoc/200043_FRA.svg","./logo/2601306.png","UEFA","FRA","2601306","FAME","Brest","","https://img.uefa.com/imgml/TP/teams/logos/70x70/2601306.png","https://img.uefa.com/imgml/TP/teams/logos/240x240/2601306.png","250000621","BRE","DOMESTIC_MEN_TEAM_A","","DOMESTIC","France","Brest","Stade Brestois 29","BRE","256","MINUTE","4","1","0","29.43","KILOMETER","32.15","KILOMETER_PER_HOUR"
"250102417","52797","25","2000-02-03","2","Voet","BEL","UNKNOWN","DEFENDER","MALE","","./image/250102417.jpg","Siemen Voet","DEFENDER","","","","","Belgique","Défenseur","Siemen","Voet","Siemen Voet","Voet","258836","./assoc/258836_SVK.svg","./logo/52797.png","UEFA","SVK","52797","FAME","S. Bratislava","","https://img.uefa.com/imgml/TP/teams/logos/70x70/52797.png","https://img.uefa.com/imgml/TP/teams/logos/240x240/52797.png","252797","SLB","DOMESTIC_MEN_TEAM_A","","DOMESTIC","Slovaquie","S. Bratislava","ŠK Slovan Bratislava","SLB","256","MINUTE","3","0","0","29.76","KILOMETER","30.78","KILOMETER_PER_HOUR"
"1905643","52797","38","1987-02-26","33","Kuco","SVK","DEFENSIVE_MIDFIELDER","MIDFIELDER","MALE","186","./image/1905643.jpg","Juraj Kucka","MIDFIELDER","19","Kucka","58836","86","Slovaquie","Milieu","Juraj","Kucka","Juraj Kucka","Kucka","258836","./assoc/258836_SVK.svg","./logo/52797.png","UEFA","SVK","52797","FAME","S. Bratislava","","https://img.uefa.com/imgml/TP/teams/logos/70x70/52797.png","https://img.uefa.com/imgml/TP/teams/logos/240x240/52797.png","252797","SLB","DOMESTIC_MEN_TEAM_A","","DOMESTIC","Slovaquie","S. Bratislava","ŠK Slovan Bratislava","SLB","251","MINUTE","3","0","0","32.15","KILOMETER","31.62","KILOMETER_PER_HOUR"
"250086263","50069","29","1995-11-16","14","Olayinka","NGA","STRIKER","FORWARD","MALE","188","./image/250086263.jpg","Peter Olayinka","FORWARD","","Olayinka","","","Nigeria","Attaquant","Peter","Olayinka","Peter Olayinka","Olayinka","200147","./assoc/200147_SRB.svg","./logo/50069.png","UEFA","SRB","50069","FAME","Crvena Zvezda","","https://img.uefa.com/imgml/TP/teams/logos/70x70/50069.png","https://img.uefa.com/imgml/TP/teams/logos/240x240/50069.png","250069","ZVE","DOMESTIC_MEN_TEAM_A","","DOMESTIC","Serbie","Crvena Zvezda","FK Crvena Zvezda","ZVE","251","MINUTE","3","0","0","22.36","KILOMETER","32.88","KILOMETER_PER_HOUR"
"250112117","52969","26","1999-07-15","4","Pobega","ITA","CENTRAL_MIDFIELDER","MIDFIELDER","MALE","","./image/250112117.jpg","Tommaso Pobega","MIDFIELDER","6","Pobega","66","","Italie","Milieu","Tommaso","Pobega","Tommaso Pobega","Pobega","200066","./assoc/200066_ITA.svg","./logo/52969.png","UEFA","ITA","52969","FAME","Bologna","","https://img.uefa.com/imgml/TP/teams/logos/70x70/52969.png","https://img.uefa.com/imgml/TP/teams/logos/240x240/52969.png","252969","BOL","DOMESTIC_MEN_TEAM_A","","DOMESTIC","Italie","Bologna","Bologna FC 1909","BOL","249","MINUTE","5","1","0","33.34","KILOMETER","30.97","KILOMETER_PER_HOUR"
"250185976","2602798","21","2003-11-19","10","Asprilla","COL","","MIDFIELDER","MALE","","./image/250185976.jpg","Yáser Asprilla","MIDFIELDER","23","Asprilla","29","","Colombie","Milieu","Yáser","Asprilla","Yáser Asprilla","Asprilla","200122","./assoc/200122_ESP.svg","./logo/2602798.png","UEFA","ESP","2602798","FAME","Girona","","https://img.uefa.com/imgml/TP/teams/logos/70x70/2602798.png","https://img.uefa.com/imgml/TP/teams/logos/240x240/2602798.png","250001774","GIR","DOMESTIC_MEN_TEAM_A","","DOMESTIC","Espagne","Girona","Girona FC","GIR","245","MINUTE","6","0","0","28.82","KILOMETER","33.78","KILOMETER_PER_HOUR"
"250183808","52749","19","2006-06-02","26","Read","NED","","DEFENDER","MALE","","./image/250183808.jpg","Givairo Read","DEFENDER","2","Read","200095","","Pays-Bas","Défenseur","Givairo","Read","Givairo Read","Read","200095","./assoc/200095_NED.svg","./logo/52749.png","UEFA","NED","52749","FAME","Feyenoord","","https://img.uefa.com/imgml/TP/teams/logos/70x70/52749.png","https://img.uefa.com/imgml/TP/teams/logos/240x240/52749.png","252749","FEY","DOMESTIC_MEN_TEAM_A","","DOMESTIC","Pays-Bas","Feyenoord","Feyenoord","FEY","244","MINUTE","3","0","0","28.37","KILOMETER","34.22","KILOMETER_PER_HOUR"
"250141861","50109","24","2000-12-23","22","Boniface","NGA","UNKNOWN","FORWARD","MALE","","./image/250141861.jpg","Victor Boniface","FORWARD","","Boniface","","","Nigeria","Attaquant","Victor","Boniface","Victor Boniface","Boniface","200047","./assoc/200047_GER.svg","./logo/50109.png","UEFA","GER","50109","FAME","Leverkusen","","https://img.uefa.com/imgml/TP/teams/logos/70x70/50109.png","https://img.uefa.com/imgml/TP/teams/logos/240x240/50109.png","250109","LEV","DOMESTIC_MEN_TEAM_A","","DOMESTIC","Allemagne","Leverkusen","Bayer 04 Leverkusen","LEV","243","MINUTE","4","1","0","27.26","KILOMETER","32.28","KILOMETER_PER_HOUR"
"250162865","50147","24","2000-12-04","7","Amdouni","SUI","UNKNOWN","FORWARD","MALE","","./image/250162865.jpg","Zeki Amdouni","FORWARD","23","Amdouni","128","","Suisse","Attaquant","Zeki","Amdouni","Zeki Amdouni","Amdouni","200110","./assoc/200110_POR.svg","./logo/50147.png","UEFA","POR","50147","FAME","Benfica","","https://img.uefa.com/imgml/TP/teams/logos/70x70/50147.png","https://img.uefa.com/imgml/TP/teams/logos/240x240/50147.png","250147","BEN","DOMESTIC_MEN_TEAM_A","","DOMESTIC","Portugal","Benfica","SL Benfica","BEN","240","MINUTE","11","1","0","35.35","KILOMETER","33.85","KILOMETER_PER_HOUR"
"250117806","50107","23","2002-02-16","32","Rieder","SUI","ATTACKING_MIDFIELDER","MIDFIELDER","MALE","","./image/250117806.jpg","Fabian Rieder","MIDFIELDER","22","Rieder","128","","Suisse","Milieu","Fabian","Rieder","Fabian Rieder","Rieder","200047","./assoc/200047_GER.svg","./logo/50107.png","UEFA","GER","50107","FAME","Stuttgart","","https://img.uefa.com/imgml/TP/teams/logos/70x70/50107.png","https://img.uefa.com/imgml/TP/teams/logos/240x240/50107.png","250107","STU","DOMESTIC_MEN_TEAM_A","","DOMESTIC","Allemagne","Stuttgart","VfB Stuttgart","STU","240","MINUTE","8","1","3","35.48","KILOMETER","31.82","KILOMETER_PER_HOUR"
"250188372","52683","21","2003-12-13","10","J. DURAN","COL","UNKNOWN","FORWARD","MALE","","./image/250188372.jpg","Jhon Durán","FORWARD","","Duran","","","Colombie","Attaquant","Jhon","Durán","Jhon Durán","Durán","200039","./assoc/200039_ENG.svg","./logo/52683.png","UEFA","ENG","52683","FAME","Aston Villa","","https://img.uefa.com/imgml/TP/teams/logos/70x70/52683.png","https://img.uefa.com/imgml/TP/teams/logos/240x240/52683.png","252683","AVL","DOMESTIC_MEN_TEAM_A","","DOMESTIC","Angleterre","Aston Villa","Aston Villa FC","AVL","239","MINUTE","7","3","0","26.72","KILOMETER","35.4","KILOMETER_PER_HOUR"
"250138985","50043","20","2005-01-26","64","Sabbe","BEL","UNKNOWN","DEFENDER","MALE","","./image/250138985.jpg","Kyriani Sabbe","DEFENDER","2","Sabbe","13","","Belgique","Défenseur","Kyriani","Sabbe","Kyriani Sabbe","Sabbe","200013","./assoc/200013_BEL.svg","./logo/50043.png","UEFA","BEL","50043","FAME","Club Brugge","","https://img.uefa.com/imgml/TP/teams/logos/70x70/50043.png","https://img.uefa.com/imgml/TP/teams/logos/240x240/50043.png","250043","BRU","DOMESTIC_MEN_TEAM_A","","DOMESTIC","Belgique","Club Brugge","Club Brugge KV","BRU","239","MINUTE","6","1","0","29.97","KILOMETER","31.95","KILOMETER_PER_HOUR"
"250179137","50149","21","2004-09-28","22","Fresneda","ESP","UNKNOWN","DEFENDER","MALE","","./image/250179137.jpg","Iván Fresneda","DEFENDER","22","Fresneda Corraliza","200122","","Espagne","Défenseur","Iván","Fresneda","Iván Fresneda","Fresneda","200110","./assoc/200110_POR.svg","./logo/50149.png","UEFA","POR","50149","FAME","Sporting CP","","https://img.uefa.com/imgml/TP/teams/logos/70x70/50149.png","https://img.uefa.com/imgml/TP/teams/logos/240x240/50149.png","250149","SPO","DOMESTIC_MEN_TEAM_A","","DOMESTIC","Portugal","Sporting CP","Sporting Clube de Portugal","SPO","239","MINUTE","3","0","0","29.64","KILOMETER","32.39","KILOMETER_PER_HOUR"
"250117406","50050","23","2002-01-24","28","P.Bernardo","POR","CENTRAL_MIDFIELDER","MIDFIELDER","MALE","","./image/250117406.jpg","Paulo Bernardo","MIDFIELDER","8","PAULO B.","200110","","Portugal","Milieu","","Paulo Bernardo","Paulo Bernardo","Paulo Bernardo","200117","./assoc/200117_SCO.svg","./logo/50050.png","UEFA","SCO","50050","FAME","Celtic","","https://img.uefa.com/imgml/TP/teams/logos/70x70/50050.png","https://img.uefa.com/imgml/TP/teams/logos/240x240/50050.png","250050","CEL","DOMESTIC_MEN_TEAM_A","","DOMESTIC","Écosse","Celtic","Celtic FC","CEL","238","MINUTE","8","0","0","33.23","KILOMETER","32.63","KILOMETER_PER_HOUR"
"250081555","52758","26","1999-01-19","17","Malen","NED","STRIKER","FORWARD","MALE","","./image/250081555.jpg","Donyell Malen","FORWARD","18","Malen","95","","Pays-Bas","Attaquant","Donyell","Malen","Donyell Malen","Malen","200047","./assoc/200047_GER.svg","./logo/52758.png","UEFA","GER","52758","FAME","B. Dortmund","","https://img.uefa.com/imgml/TP/teams/logos/70x70/52758.png","https://img.uefa.com/imgml/TP/teams/logos/240x240/52758.png","252758","BVB","DOMESTIC_MEN_TEAM_A","","DOMESTIC","Allemagne","B. Dortmund","Borussia Dortmund","BVB","238","MINUTE","5","2","1","28.93","KILOMETER","31.75","KILOMETER_PER_HOUR"
"250080471","7889","28","1996-12-04","20","Diogo J","POR","STRIKER","FORWARD","MALE","178","./image/250080471.jpg","Diogo Jota","FORWARD","21","DIOGO J.","110","70","Portugal","Attaquant","","Diogo Jota","Diogo Jota","Diogo Jota","200039","./assoc/200039_ENG.svg","./logo/7889.png","UEFA","ENG","7889","FAME","Liverpool","","https://img.uefa.com/imgml/TP/teams/logos/70x70/7889.png","https://img.uefa.com/imgml/TP/teams/logos/240x240/7889.png","207889","LIV","DOMESTIC_MEN_TEAM_A","","DOMESTIC","Angleterre","Liverpool","Liverpool FC","LIV","237","MINUTE","4","0","0","30.66","KILOMETER","31.8","KILOMETER_PER_HOUR"
"250180059","50149","18","2007-01-06","52","J. Simões","POR","UNKNOWN","MIDFIELDER","MALE","","./image/250180059.jpg","João Simões","MIDFIELDER","15","JOÃO SIMÕES","200110","","Portugal","Milieu","","João Simões","João Simões","João Simões","200110","./assoc/200110_POR.svg","./logo/50149.png","UEFA","POR","50149","FAME","Sporting CP","","https://img.uefa.com/imgml/TP/teams/logos/70x70/50149.png","https://img.uefa.com/imgml/TP/teams/logos/240x240/50149.png","250149","SPO","DOMESTIC_MEN_TEAM_A","","DOMESTIC","Portugal","Sporting CP","Sporting Clube de Portugal","SPO","235","MINUTE","5","0","1","34.53","KILOMETER","32.28","KILOMETER_PER_HOUR"
"250163731","52758","23","2002-06-03","2","Couto","BRA","UNKNOWN","DEFENDER","MALE","","./image/250163731.jpg","Yan Couto","DEFENDER","13","Yan Couto","18","","Brésil","Défenseur","","Yan Couto","Yan Couto","Yan Couto","200047","./assoc/200047_GER.svg","./logo/52758.png","UEFA","GER","52758","FAME","B. Dortmund","","https://img.uefa.com/imgml/TP/teams/logos/70x70/52758.png","https://img.uefa.com/imgml/TP/teams/logos/240x240/52758.png","252758","BVB","DOMESTIC_MEN_TEAM_A","","DOMESTIC","Allemagne","B. Dortmund","Borussia Dortmund","BVB","232","MINUTE","8","0","0","20.13","KILOMETER","32.15","KILOMETER_PER_HOUR"
"250064273","50031","28","1996-12-27","9","ITTEN","SUI","STRIKER","FORWARD","MALE","","./image/250064273.jpg","Cédric Itten","FORWARD","19","Itten","128","","Suisse","Attaquant","Cédric","Itten","Cédric Itten","Itten","200128","./assoc/200128_SUI.svg","./logo/50031.png","UEFA","SUI","50031","FAME","Young Boys","","https://img.uefa.com/imgml/TP/teams/logos/70x70/50031.png","https://img.uefa.com/imgml/TP/teams/logos/240x240/50031.png","250031","YB","DOMESTIC_MEN_TEAM_A","","DOMESTIC","Suisse","Young Boys","BSC Young Boys","YB","232","MINUTE","7","0","0","29.19","KILOMETER","30.41","KILOMETER_PER_HOUR"
"250039931","50139","34","1991-07-15","6","Danilo","BRA","UNKNOWN","DEFENDER","MALE","184","./image/250039931.jpg","Danilo","DEFENDER","2","Danilo","18","78","Brésil","Défenseur","","Danilo","Danilo","Danilo","200066","./assoc/200066_ITA.svg","./logo/50139.png","UEFA","ITA","50139","FAME","Juventus","","https://img.uefa.com/imgml/TP/teams/logos/70x70/50139.png","https://img.uefa.com/imgml/TP/teams/logos/240x240/50139.png","250139","JUV","DOMESTIC_MEN_TEAM_A","","DOMESTIC","Italie","Juventus","Juventus","JUV","231","MINUTE","4","0","0","25.21","KILOMETER","33.06","KILOMETER_PER_HOUR"
"250112513","50124","28","1996-11-11","24","LE NORMAND","ESP","CENTRE_BACK","DEFENDER","MALE","","./image/250112513.jpg","Robin Le Normand","DEFENDER","3","LE NORMAND","122","","Espagne","Défenseur","Robin","Le Normand","Robin Le Normand","Le Normand","200122","./assoc/200122_ESP.svg","./logo/50124.png","UEFA","ESP","50124","FAME","Atleti","","https://img.uefa.com/imgml/TP/teams/logos/70x70/50124.png","https://img.uefa.com/imgml/TP/teams/logos/240x240/50124.png","250124","ATM","DOMESTIC_MEN_TEAM_A","","DOMESTIC","Espagne","Atleti","Atlético de Madrid","ATM","230","MINUTE","5","0","0","27.83","KILOMETER","31.07","KILOMETER_PER_HOUR"
"250127502","52969","25","2000-05-13","2","Holm","SWE","","DEFENDER","MALE","","./image/250127502.jpg","Emil Holm","DEFENDER","6","Holm","127","","Suède","Défenseur","Emil","Holm","Emil Holm","Holm","200066","./assoc/200066_ITA.svg","./logo/52969.png","UEFA","ITA","52969","FAME","Bologna","","https://img.uefa.com/imgml/TP/teams/logos/70x70/52969.png","https://img.uefa.com/imgml/TP/teams/logos/240x240/52969.png","252969","BOL","DOMESTIC_MEN_TEAM_A","","DOMESTIC","Italie","Bologna","Bologna FC 1909","BOL","230","MINUTE","4","0","0","28.14","KILOMETER","34.88","KILOMETER_PER_HOUR"
"250128391","7889","22","2003-01-29","4","Quansah","ENG","UNKNOWN","DEFENDER","MALE","","./image/250128391.jpg","Jarell Quansah","DEFENDER","15","Quansah","39","","Angleterre","Défenseur","Jarell","Quansah","Jarell Quansah","Quansah","200039","./assoc/200039_ENG.svg","./logo/7889.png","UEFA","ENG","7889","FAME","Liverpool","","https://img.uefa.com/imgml/TP/teams/logos/70x70/7889.png","https://img.uefa.com/imgml/TP/teams/logos/240x240/7889.png","207889","LIV","DOMESTIC_MEN_TEAM_A","","DOMESTIC","Angleterre","Liverpool","Liverpool FC","LIV","229","MINUTE","4","0","0","28.36","KILOMETER","34.03","KILOMETER_PER_HOUR"
"250053792","75797","35","1990-01-11","31","ISMAILY","BRA","FULL_BACK","DEFENDER","MALE","177","./image/250053792.jpg","Ismaily","DEFENDER","","Gonçalves Dos Santos","18","78","Brésil","Défenseur","","Ismaily","Ismaily","Ismaily","200043","./assoc/200043_FRA.svg","./logo/75797.png","UEFA","FRA","75797","FAME","Lille","","https://img.uefa.com/imgml/TP/teams/logos/70x70/75797.png","https://img.uefa.com/imgml/TP/teams/logos/240x240/75797.png","275797","LIL","DOMESTIC_MEN_TEAM_A","","DOMESTIC","France","Lille","LOSC Lille","LIL","228","MINUTE","4","0","1","20.81","KILOMETER","31.65","KILOMETER_PER_HOUR"
"250137395","50139","21","2004-01-16","51","Mbangula","BEL","UNKNOWN","FORWARD","MALE","","./image/250137395.jpg","Samuel Mbangula","FORWARD","10","Mbangula Tshifunda","13","","Belgique","Attaquant","Samuel","Mbangula","Samuel Mbangula","Mbangula","200066","./assoc/200066_ITA.svg","./logo/50139.png","UEFA","ITA","50139","FAME","Juventus","","https://img.uefa.com/imgml/TP/teams/logos/70x70/50139.png","https://img.uefa.com/imgml/TP/teams/logos/240x240/50139.png","250139","JUV","DOMESTIC_MEN_TEAM_A","","DOMESTIC","Italie","Juventus","Juventus","JUV","225","MINUTE","7","1","0","25.08","KILOMETER","32.4","KILOMETER_PER_HOUR"
"250193541","50164","25","1999-11-23","3","Ogiwara","JPN","","DEFENDER","MALE","","./image/250193541.jpg","Takuya Ogiwara","DEFENDER","","Ogiwara","","","Japon","Défenseur","Takuya","Ogiwara","Takuya Ogiwara","Ogiwara","256370","./assoc/256370_CRO.svg","./logo/50164.png","UEFA","CRO","50164","FAME","GNK Dinamo","","https://img.uefa.com/imgml/TP/teams/logos/70x70/50164.png","https://img.uefa.com/imgml/TP/teams/logos/240x240/50164.png","250164","DIN","DOMESTIC_MEN_TEAM_A","","DOMESTIC","Croatie","GNK Dinamo","GNK Dinamo","DIN","225","MINUTE","3","1","0","26.26","KILOMETER","32.23","KILOMETER_PER_HOUR"
"250170117","52280","18","2007-03-21","22","Nwaneri","ENG","UNKNOWN","MIDFIELDER","MALE","","./image/250170117.jpg","Ethan Nwaneri","MIDFIELDER","10","Nwaneri","200039","","Angleterre","Milieu","Ethan","Nwaneri","Ethan Nwaneri","Nwaneri","200039","./assoc/200039_ENG.svg","./logo/52280.png","UEFA","ENG","52280","FAME","Arsenal","","https://img.uefa.com/imgml/TP/teams/logos/70x70/52280.png","https://img.uefa.com/imgml/TP/teams/logos/240x240/52280.png","252280","ARS","DOMESTIC_MEN_TEAM_A","","DOMESTIC","Angleterre","Arsenal","Arsenal FC","ARS","223","MINUTE","7","2","0","29.38","KILOMETER","35.06","KILOMETER_PER_HOUR"
"250091161","50062","26","1999-08-17","12","Malacia","NED","CENTRE_BACK","DEFENDER","MALE","","./image/250091161.jpg","Tyrell Malacia","DEFENDER","16","Malacia","95","","Pays-Bas","Défenseur","Tyrell","Malacia","Tyrell Malacia","Malacia","200095","./assoc/200095_NED.svg","./logo/50062.png","UEFA","NED","50062","FAME","PSV","","https://img.uefa.com/imgml/TP/teams/logos/70x70/50062.png","https://img.uefa.com/imgml/TP/teams/logos/240x240/50062.png","250062","PSV","DOMESTIC_MEN_TEAM_A","","DOMESTIC","Pays-Bas","PSV","PSV Eindhoven","PSV","222","MINUTE","3","0","0","20.95","KILOMETER","31.63","KILOMETER_PER_HOUR"
"250115487","52707","24","2001-04-16","14","Sikan","UKR","STRIKER","FORWARD","MALE","","./image/250115487.jpg","Danylo Sikan","FORWARD","14","Sikan","57166","","Ukraine","Attaquant","Danylo","Sikan","Danylo Sikan","Sikan","257166","./assoc/257166_UKR.svg","./logo/52707.png","UEFA","UKR","52707","FAME","Shakhtar","","https://img.uefa.com/imgml/TP/teams/logos/70x70/52707.png","https://img.uefa.com/imgml/TP/teams/logos/240x240/52707.png","252707","SHK","DOMESTIC_MEN_TEAM_A","","DOMESTIC","Ukraine","Shakhtar","FC Shakhtar Donetsk","SHK","221","MINUTE","5","1","0","26.55","KILOMETER","32.6","KILOMETER_PER_HOUR"
"250138626","52969","27","1998-02-14","16","Casale","ITA","","DEFENDER","MALE","","./image/250138626.jpg","Nicolò Casale","DEFENDER","19","Casale","66","","Italie","Défenseur","Nicolò","Casale","Nicolò Casale","Casale","200066","./assoc/200066_ITA.svg","./logo/52969.png","UEFA","ITA","52969","FAME","Bologna","","https://img.uefa.com/imgml/TP/teams/logos/70x70/52969.png","https://img.uefa.com/imgml/TP/teams/logos/240x240/52969.png","252969","BOL","DOMESTIC_MEN_TEAM_A","","DOMESTIC","Italie","Bologna","Bologna FC 1909","BOL","218","MINUTE","4","0","0","25.94","KILOMETER","30.45","KILOMETER_PER_HOUR"
"250117415","50149","23","2002-03-02","72","E. Quaresma","POR","CENTRE_BACK","DEFENDER","MALE","","./image/250117415.jpg","Eduardo Quaresma","DEFENDER","4","E. QUARESMA","110","","Portugal","Défenseur","","Eduardo Quaresma","Eduardo Quaresma","Eduardo Quaresma","200110","./assoc/200110_POR.svg","./logo/50149.png","UEFA","POR","50149","FAME","Sporting CP","","https://img.uefa.com/imgml/TP/teams/logos/70x70/50149.png","https://img.uefa.com/imgml/TP/teams/logos/240x240/50149.png","250149","SPO","DOMESTIC_MEN_TEAM_A","","DOMESTIC","Portugal","Sporting CP","Sporting Clube de Portugal","SPO","215","MINUTE","5","0","0","25.65","KILOMETER","33.03","KILOMETER_PER_HOUR"
"250163186","50164","22","2003-03-02","8","Kačavenda","CRO","","MIDFIELDER","MALE","","./image/250163186.jpg","Lukas Kačavenda","MIDFIELDER","11","Kačavenda","256370","","Croatie","Milieu","Lukas","Kačavenda","Lukas Kačavenda","Kačavenda","256370","./assoc/256370_CRO.svg","./logo/50164.png","UEFA","CRO","50164","FAME","GNK Dinamo","","https://img.uefa.com/imgml/TP/teams/logos/70x70/50164.png","https://img.uefa.com/imgml/TP/teams/logos/240x240/50164.png","250164","DIN","DOMESTIC_MEN_TEAM_A","","DOMESTIC","Croatie","GNK Dinamo","GNK Dinamo","DIN","214","MINUTE","6","0","0","30.63","KILOMETER","32.61","KILOMETER_PER_HOUR"
"250163447","50109","25","2000-05-10","21","Adli","MAR","UNKNOWN","FORWARD","MALE","","./image/250163447.jpg","Amine Adli","FORWARD","15","ADLI","200043","","Maroc","Attaquant","Amine","Adli","Amine Adli","Adli","200047","./assoc/200047_GER.svg","./logo/50109.png","UEFA","GER","50109","FAME","Leverkusen","","https://img.uefa.com/imgml/TP/teams/logos/70x70/50109.png","https://img.uefa.com/imgml/TP/teams/logos/240x240/50109.png","250109","LEV","DOMESTIC_MEN_TEAM_A","","DOMESTIC","Allemagne","Leverkusen","Bayer 04 Leverkusen","LEV","211","MINUTE","5","0","0","27.24","KILOMETER","33.7","KILOMETER_PER_HOUR"
"250166754","52969","21","2004-09-07","82","K. Urbański","POL","","MIDFIELDER","MALE","","./image/250166754.jpg","Kacper Urbański","MIDFIELDER","16","Urbański","109","","Pologne","Milieu","Kacper","Urbański","Kacper Urbański","Urbański","200066","./assoc/200066_ITA.svg","./logo/52969.png","UEFA","ITA","52969","FAME","Bologna","","https://img.uefa.com/imgml/TP/teams/logos/70x70/52969.png","https://img.uefa.com/imgml/TP/teams/logos/240x240/52969.png","252969","BOL","DOMESTIC_MEN_TEAM_A","","DOMESTIC","Italie","Bologna","Bologna FC 1909","BOL","211","MINUTE","4","0","0","29.36","KILOMETER","32.05","KILOMETER_PER_HOUR"
"250112488","52816","35","1990-10-10","2","Tolói","ITA","CENTRE_BACK","DEFENDER","MALE","","./image/250112488.jpg","Rafael Tolói","DEFENDER","3","Tolói","66","","Italie","Défenseur","Rafael","Tolói","Rafael Tolói","Tolói","200066","./assoc/200066_ITA.svg","./logo/52816.png","UEFA","ITA","52816","FAME","Atalanta","","https://img.uefa.com/imgml/TP/teams/logos/70x70/52816.png","https://img.uefa.com/imgml/TP/teams/logos/240x240/52816.png","252816","ATA","DOMESTIC_MEN_TEAM_A","","DOMESTIC","Italie","Atalanta","Atalanta BC","ATA","211","MINUTE","4","0","0","27.87","KILOMETER","31.63","KILOMETER_PER_HOUR"
"250121536","50023","26","1999-02-25","27","Diatta","SEN","WINGER","MIDFIELDER","MALE","","./image/250121536.jpg","Krépin Diatta","MIDFIELDER","15","Diatta","118","","Sénégal","Milieu","Krépin","Diatta","Krépin Diatta","Diatta","200043","./assoc/200043_FRA.svg","./logo/50023.png","UEFA","FRA","50023","FAME","Monaco","","https://img.uefa.com/imgml/TP/teams/logos/70x70/50023.png","https://img.uefa.com/imgml/TP/teams/logos/240x240/50023.png","250023","MON","DOMESTIC_MEN_TEAM_A","","DOMESTIC","France","Monaco","AS Monaco","MON","211","MINUTE","4","0","0","26.13","KILOMETER","32.85","KILOMETER_PER_HOUR"
"250164785","50050","21","2004-04-25","11","Alex Valle","ESP","UNKNOWN","DEFENDER","MALE","","./image/250164785.jpg","Alex Valle","DEFENDER","18","Alex Valle","200122","","Espagne","Défenseur","Alex","Valle","Alex Valle","Valle","200117","./assoc/200117_SCO.svg","./logo/50050.png","UEFA","SCO","50050","FAME","Celtic","","https://img.uefa.com/imgml/TP/teams/logos/70x70/50050.png","https://img.uefa.com/imgml/TP/teams/logos/240x240/50050.png","250050","CEL","DOMESTIC_MEN_TEAM_A","","DOMESTIC","Écosse","Celtic","Celtic FC","CEL","210","MINUTE","5","0","1","28.7","KILOMETER","33.3","KILOMETER_PER_HOUR"
"250176491","52707","21","2004-02-23","17","V.Tobias","BRA","UNKNOWN","DEFENDER","MALE","","./image/250176491.jpg","Vinícius Tobías","DEFENDER","","Tobias","","","Brésil","Défenseur","Vinícius","Tobías","Vinícius Tobías","Tobías","257166","./assoc/257166_UKR.svg","./logo/52707.png","UEFA","UKR","52707","FAME","Shakhtar","","https://img.uefa.com/imgml/TP/teams/logos/70x70/52707.png","https://img.uefa.com/imgml/TP/teams/logos/240x240/52707.png","252707","SHK","DOMESTIC_MEN_TEAM_A","","DOMESTIC","Ukraine","Shakhtar","FC Shakhtar Donetsk","SHK","210","MINUTE","3","0","0","25.74","KILOMETER","33.13","KILOMETER_PER_HOUR"
"250007075","50139","32","1992-11-10","1","Perin","ITA","GOALKEEPER","GOALKEEPER","MALE","188","./image/250007075.jpg","Mattia Perin","GOALKEEPER","12","Perin","66","77","Italie","Gardien","Mattia","Perin","Mattia Perin","Perin","200066","./assoc/200066_ITA.svg","./logo/50139.png","UEFA","ITA","50139","FAME","Juventus","","https://img.uefa.com/imgml/TP/teams/logos/70x70/50139.png","https://img.uefa.com/imgml/TP/teams/logos/240x240/50139.png","250139","JUV","DOMESTIC_MEN_TEAM_A","","DOMESTIC","Italie","Juventus","Juventus","JUV","210","MINUTE","3","0","0","13.37","KILOMETER","25.89","KILOMETER_PER_HOUR"
"250130510","50139","27","1998-10-06","6","Kelly","ENG","UNKNOWN","DEFENDER","MALE","","./image/250130510.jpg","Lloyd Kelly","DEFENDER","3","Kelly","39","","Angleterre","Défenseur","Lloyd","Kelly","Lloyd Kelly","Kelly","200066","./assoc/200066_ITA.svg","./logo/50139.png","UEFA","ITA","50139","FAME","Juventus","","https://img.uefa.com/imgml/TP/teams/logos/70x70/50139.png","https://img.uefa.com/imgml/TP/teams/logos/240x240/50139.png","250139","JUV","DOMESTIC_MEN_TEAM_A","","DOMESTIC","Italie","Juventus","Juventus","JUV","210","MINUTE","2","0","0","10.43","KILOMETER","35.07","KILOMETER_PER_HOUR"
"250116654","52747","24","2001-06-20","9","G.RAMOS","POR","STRIKER","FORWARD","MALE","","./image/250116654.jpg","Gonçalo Ramos","FORWARD","9","G. RAMOS","110","","Portugal","Attaquant","","Gonçalo Ramos","Gonçalo Ramos","Gonçalo Ramos","200043","./assoc/200043_FRA.svg","./logo/52747.png","UEFA","FRA","52747","FAME","Paris","","https://img.uefa.com/imgml/TP/teams/logos/70x70/52747.png","https://img.uefa.com/imgml/TP/teams/logos/240x240/52747.png","252747","PSG","DOMESTIC_MEN_TEAM_A","","DOMESTIC","France","Paris","Paris Saint-Germain","PSG","206","MINUTE","12","3","1","29.87","KILOMETER","32.41","KILOMETER_PER_HOUR"
"250113237","50139","24","2001-02-12","44","Fagioli","ITA","UNKNOWN","MIDFIELDER","MALE","","./image/250113237.jpg","Nicolò Fagioli","MIDFIELDER","7","Fagioli","66","","Italie","Milieu","Nicolò","Fagioli","Nicolò Fagioli","Fagioli","200066","./assoc/200066_ITA.svg","./logo/50139.png","UEFA","ITA","50139","FAME","Juventus","","https://img.uefa.com/imgml/TP/teams/logos/70x70/50139.png","https://img.uefa.com/imgml/TP/teams/logos/240x240/50139.png","250139","JUV","DOMESTIC_MEN_TEAM_A","","DOMESTIC","Italie","Juventus","Juventus","JUV","206","MINUTE","4","0","0","27.71","KILOMETER","30.72","KILOMETER_PER_HOUR"
"250144964","52707","27","1998-04-13","10","Pedrinho","BRA","WINGER","MIDFIELDER","MALE","","./image/250144964.jpg","Pedrinho","FORWARD","","Pedrinho","","","Brésil","Milieu","","Pedrinho","Pedrinho","Pedrinho","257166","./assoc/257166_UKR.svg","./logo/52707.png","UEFA","UKR","52707","FAME","Shakhtar","","https://img.uefa.com/imgml/TP/teams/logos/70x70/52707.png","https://img.uefa.com/imgml/TP/teams/logos/240x240/52707.png","252707","SHK","DOMESTIC_MEN_TEAM_A","","DOMESTIC","Ukraine","Shakhtar","FC Shakhtar Donetsk","SHK","205","MINUTE","4","0","0","24.97","KILOMETER","32.39","KILOMETER_PER_HOUR"
"1903428","50138","36","1989-04-19","89","Arnautović","AUT","WINGER","FORWARD","MALE","192","./image/1903428.jpg","Marko Arnautović","FORWARD","7","Arnautovic","8","83","Autriche","Attaquant","Marko","Arnautović","Marko Arnautović","Arnautović","200066","./assoc/200066_ITA.svg","./logo/50138.png","UEFA","ITA","50138","FAME","Inter","","https://img.uefa.com/imgml/TP/teams/logos/70x70/50138.png","https://img.uefa.com/imgml/TP/teams/logos/240x240/50138.png","250138","INT","DOMESTIC_MEN_TEAM_A","","DOMESTIC","Italie","Inter","FC Internazionale Milano","INT","203","MINUTE","7","1","0","18.9","KILOMETER","32.76","KILOMETER_PER_HOUR"
"250154416","50030","20","2004-10-22","8","Bajcetic Maquieira","ESP","UNKNOWN","MIDFIELDER","MALE","","./image/250154416.jpg","Stefan Bajcetic","MIDFIELDER","14","Bajcetic","200122","","Espagne","Milieu","Stefan","Bajcetic","Stefan Bajcetic","Bajcetic","200008","./assoc/200008_AUT.svg","./logo/50030.png","UEFA","AUT","50030","FAME","Salzburg","","https://img.uefa.com/imgml/TP/teams/logos/70x70/50030.png","https://img.uefa.com/imgml/TP/teams/logos/240x240/50030.png","250030","SAL","DOMESTIC_MEN_TEAM_A","","DOMESTIC","Autriche","Salzburg","FC Salzburg","SAL","202","MINUTE","6","0","0","27.54","KILOMETER","30.75","KILOMETER_PER_HOUR"
"107044","52797","34","1991-03-08","21","Mak","SVK","WINGER","FORWARD","MALE","179","./image/107044.jpg","Róbert Mak","FORWARD","20","Mak","58836","78","Slovaquie","Attaquant","Róbert","Mak","Róbert Mak","Mak","258836","./assoc/258836_SVK.svg","./logo/52797.png","UEFA","SVK","52797","FAME","S. Bratislava","","https://img.uefa.com/imgml/TP/teams/logos/70x70/52797.png","https://img.uefa.com/imgml/TP/teams/logos/240x240/52797.png","252797","SLB","DOMESTIC_MEN_TEAM_A","","DOMESTIC","Slovaquie","S. Bratislava","ŠK Slovan Bratislava","SLB","201","MINUTE","7","0","0","27.03","KILOMETER","31.82","KILOMETER_PER_HOUR"
"250143328","50149","27","1998-06-28","8","Pedro G.","POR","UNKNOWN","MIDFIELDER","MALE","","./image/250143328.jpg","Pedro Gonçalves","MIDFIELDER","17","PEDRO G.","110","","Portugal","Milieu","","Pedro Gonçalves","Pedro Gonçalves","Pedro Gonçalves","200110","./assoc/200110_POR.svg","./logo/50149.png","UEFA","POR","50149","FAME","Sporting CP","","https://img.uefa.com/imgml/TP/teams/logos/70x70/50149.png","https://img.uefa.com/imgml/TP/teams/logos/240x240/50149.png","250149","SPO","DOMESTIC_MEN_TEAM_A","","DOMESTIC","Portugal","Sporting CP","Sporting Clube de Portugal","SPO","200","MINUTE","3","0","2","25.23","KILOMETER","31.27","KILOMETER_PER_HOUR"
"250056861","52280","28","1996-12-15","35","Zinchenko","UKR","FULL_BACK","DEFENDER","MALE","175","./image/250056861.jpg","Oleksandr Zinchenko","DEFENDER","17","Zinchenko","57166","61","Ukraine","Défenseur","Oleksandr","Zinchenko","Oleksandr Zinchenko","Zinchenko","200039","./assoc/200039_ENG.svg","./logo/52280.png","UEFA","ENG","52280","FAME","Arsenal","","https://img.uefa.com/imgml/TP/teams/logos/70x70/52280.png","https://img.uefa.com/imgml/TP/teams/logos/240x240/52280.png","252280","ARS","DOMESTIC_MEN_TEAM_A","","DOMESTIC","Angleterre","Arsenal","Arsenal FC","ARS","194","MINUTE","6","1","0","25.39","KILOMETER","29.57","KILOMETER_PER_HOUR"
"250064310","52797","29","1996-06-18","17","Medvedev","CZE","FULL_BACK","DEFENDER","MALE","","./image/250064310.jpg","Jurij Medveděv","DEFENDER","","Medveděv","","","Tchéquie","Défenseur","Jurij","Medveděv","Jurij Medveděv","Medveděv","258836","./assoc/258836_SVK.svg","./logo/52797.png","UEFA","SVK","52797","FAME","S. Bratislava","","https://img.uefa.com/imgml/TP/teams/logos/70x70/52797.png","https://img.uefa.com/imgml/TP/teams/logos/240x240/52797.png","252797","SLB","DOMESTIC_MEN_TEAM_A","","DOMESTIC","Slovaquie","S. Bratislava","ŠK Slovan Bratislava","SLB","193","MINUTE","4","0","1","24.42","KILOMETER","32.65","KILOMETER_PER_HOUR"
"250063394","50164","31","1994-09-16","9","Petković","CRO","STRIKER","FORWARD","MALE","","./image/250063394.jpg","Bruno Petković","FORWARD","17","Petković","56370","","Croatie","Attaquant","Bruno","Petković","Bruno Petković","Petković","256370","./assoc/256370_CRO.svg","./logo/50164.png","UEFA","CRO","50164","FAME","GNK Dinamo","","https://img.uefa.com/imgml/TP/teams/logos/70x70/50164.png","https://img.uefa.com/imgml/TP/teams/logos/240x240/50164.png","250164","DIN","DOMESTIC_MEN_TEAM_A","","DOMESTIC","Croatie","GNK Dinamo","GNK Dinamo","DIN","193","MINUTE","3","2","0","21.56","KILOMETER","29.98","KILOMETER_PER_HOUR"
"250113142","52919","23","2002-05-27","11","Doku","BEL","STRIKER","MIDFIELDER","MALE","","./image/250113142.jpg","Jeremy Doku","FORWARD","11","Doku","13","","Belgique","Milieu","Jeremy","Doku","Jeremy Doku","Doku","200039","./assoc/200039_ENG.svg","./logo/52919.png","UEFA","ENG","52919","FAME","Man City","","https://img.uefa.com/imgml/TP/teams/logos/70x70/52919.png","https://img.uefa.com/imgml/TP/teams/logos/240x240/52919.png","252919","MCI","DOMESTIC_MEN_TEAM_A","","DOMESTIC","Angleterre","Man City","Manchester City","MCI","192","MINUTE","4","0","1","21.45","KILOMETER","33.17","KILOMETER_PER_HOUR"
"250019616","50111","26","1999-03-24","19","Horvat","SVN","UNKNOWN","MIDFIELDER","MALE","","./image/250019616.jpg","Tomi Horvat","MIDFIELDER","19","Horvat","57163","","Slovénie","Milieu","Tomi","Horvat","Tomi Horvat","Horvat","200008","./assoc/200008_AUT.svg","./logo/50111.png","UEFA","AUT","50111","FAME","Sturm Graz","","https://img.uefa.com/imgml/TP/teams/logos/70x70/50111.png","https://img.uefa.com/imgml/TP/teams/logos/240x240/50111.png","250111","SGR","DOMESTIC_MEN_TEAM_A","","DOMESTIC","Autriche","Sturm Graz","SK Sturm Graz","SGR","191","MINUTE","7","0","0","30.9","KILOMETER","29.74","KILOMETER_PER_HOUR"
"250092194","50164","26","1999-03-22","77","Špikić","CRO","UNKNOWN","FORWARD","MALE","","./image/250092194.jpg","Dario Špikić","FORWARD","21","Špikić","256370","","Croatie","Attaquant","Dario","Špikić","Dario Špikić","Špikić","256370","./assoc/256370_CRO.svg","./logo/50164.png","UEFA","CRO","50164","FAME","GNK Dinamo","","https://img.uefa.com/imgml/TP/teams/logos/70x70/50164.png","https://img.uefa.com/imgml/TP/teams/logos/240x240/50164.png","250164","DIN","DOMESTIC_MEN_TEAM_A","","DOMESTIC","Croatie","GNK Dinamo","GNK Dinamo","DIN","185","MINUTE","5","1","0","23.49","KILOMETER","35.13","KILOMETER_PER_HOUR"
"250192873","50111","20","2005-08-28","23","Malić","BIH","","MIDFIELDER","MALE","","./image/250192873.jpg","Arjan Malić","MIDFIELDER","23","Malić","60094","","Bosnie-Herzégovine","Milieu","Arjan","Malić","Arjan Malić","Malić","200008","./assoc/200008_AUT.svg","./logo/50111.png","UEFA","AUT","50111","FAME","Sturm Graz","","https://img.uefa.com/imgml/TP/teams/logos/70x70/50111.png","https://img.uefa.com/imgml/TP/teams/logos/240x240/50111.png","250111","SGR","DOMESTIC_MEN_TEAM_A","","DOMESTIC","Autriche","Sturm Graz","SK Sturm Graz","SGR","183","MINUTE","3","1","0","22.69","KILOMETER","32.22","KILOMETER_PER_HOUR"
"250115134","50043","25","2000-02-29","10","Vetlesen","NOR","UNKNOWN","MIDFIELDER","MALE","","./image/250115134.jpg","Hugo Vetlesen","MIDFIELDER","10","Vetlesen","101","","Norvège","Milieu","Hugo","Vetlesen","Hugo Vetlesen","Vetlesen","200013","./assoc/200013_BEL.svg","./logo/50043.png","UEFA","BEL","50043","FAME","Club Brugge","","https://img.uefa.com/imgml/TP/teams/logos/70x70/50043.png","https://img.uefa.com/imgml/TP/teams/logos/240x240/50043.png","250043","BRU","DOMESTIC_MEN_TEAM_A","","DOMESTIC","Belgique","Club Brugge","Club Brugge KV","BRU","182","MINUTE","7","0","1","26.27","KILOMETER","31.68","KILOMETER_PER_HOUR"
"250198120","52749","21","2004-09-29","2","Mitchell","CRC","UNKNOWN","DEFENDER","MALE","","./image/250198120.jpg","Jeyland Mitchell","DEFENDER","","Mitchell","","","Costa Rica","Défenseur","Jeyland","Mitchell","Jeyland Mitchell","Mitchell","200095","./assoc/200095_NED.svg","./logo/52749.png","UEFA","NED","52749","FAME","Feyenoord","","https://img.uefa.com/imgml/TP/teams/logos/70x70/52749.png","https://img.uefa.com/imgml/TP/teams/logos/240x240/52749.png","252749","FEY","DOMESTIC_MEN_TEAM_A","","DOMESTIC","Pays-Bas","Feyenoord","Feyenoord","FEY","181","MINUTE","7","0","0","22.14","KILOMETER","33.06","KILOMETER_PER_HOUR"
"250082469","50069","29","1996-05-22","22","Dalcio","POR","UNKNOWN","MIDFIELDER","MALE","","./image/250082469.jpg","Dálcio Gomes","FORWARD","14","Dálcio","300110","","Portugal","Milieu","","Dálcio Gomes","Dálcio Gomes","Dálcio Gomes","200147","./assoc/200147_SRB.svg","./logo/50069.png","UEFA","SRB","50069","FAME","Crvena Zvezda","","https://img.uefa.com/imgml/TP/teams/logos/70x70/50069.png","https://img.uefa.com/imgml/TP/teams/logos/240x240/50069.png","250069","ZVE","DOMESTIC_MEN_TEAM_A","","DOMESTIC","Serbie","Crvena Zvezda","FK Crvena Zvezda","ZVE","180","MINUTE","5","0","0","22.89","KILOMETER","30.83","KILOMETER_PER_HOUR"
"250101463","50058","25","1999-11-10","14","JOÃO FÈLIX","POR","STRIKER","FORWARD","MALE","","./image/250101463.jpg","João Félix","FORWARD","11","JOÃO FÉLIX","110","","Portugal","Attaquant","","João Félix","João Félix","João Félix","200066","./assoc/200066_ITA.svg","./logo/50058.png","UEFA","ITA","50058","FAME","Milan","","https://img.uefa.com/imgml/TP/teams/logos/70x70/50058.png","https://img.uefa.com/imgml/TP/teams/logos/240x240/50058.png","250058","MIL","DOMESTIC_MEN_TEAM_A","","DOMESTIC","Italie","Milan","AC Milan","MIL","180","MINUTE","2","0","0","23.9","KILOMETER","30.57","KILOMETER_PER_HOUR"
"250024448","50051","33","1992-01-11","2","CARVAJAL","ESP","FULL_BACK","DEFENDER","MALE","173","./image/250024448.jpg","Dani Carvajal","DEFENDER","2","CARVAJAL","122","73","Espagne","Défenseur","Dani","Carvajal","Dani Carvajal","Carvajal","200122","./assoc/200122_ESP.svg","./logo/50051.png","UEFA","ESP","50051","FAME","Real Madrid","","https://img.uefa.com/imgml/TP/teams/logos/70x70/50051.png","https://img.uefa.com/imgml/TP/teams/logos/240x240/50051.png","250051","RMA","DOMESTIC_MEN_TEAM_A","","DOMESTIC","Espagne","Real Madrid","Real Madrid C.F.","RMA","180","MINUTE","2","0","0","21.44","KILOMETER","32.24","KILOMETER_PER_HOUR"
"250163224","2601306","23","2002-04-10","3","A.N.NDIAYE","SEN","UNKNOWN","DEFENDER","MALE","","./image/250163224.jpg"," Abdoulaye Ndiaye","DEFENDER","","NDIAYE","","","Sénégal","Défenseur"," Abdoulaye","Ndiaye"," Abdoulaye Ndiaye","Ndiaye","200043","./assoc/200043_FRA.svg","./logo/2601306.png","UEFA","FRA","2601306","FAME","Brest","","https://img.uefa.com/imgml/TP/teams/logos/70x70/2601306.png","https://img.uefa.com/imgml/TP/teams/logos/240x240/2601306.png","250000621","BRE","DOMESTIC_MEN_TEAM_A","","DOMESTIC","France","Brest","Stade Brestois 29","BRE","180","MINUTE","2","0","0","20.49","KILOMETER","33.33","KILOMETER_PER_HOUR"
"250118787","2603790","23","2002-02-26","26","Vandevoordt","BEL","GOALKEEPER","GOALKEEPER","MALE","","./image/250118787.jpg","Maarten Vandevoordt","GOALKEEPER","12","Vandevoordt","13","","Belgique","Gardien","Maarten","Vandevoordt","Maarten Vandevoordt","Vandevoordt","200047","./assoc/200047_GER.svg","./logo/2603790.png","UEFA","GER","2603790","FAME","Leipzig","","https://img.uefa.com/imgml/TP/teams/logos/70x70/2603790.png","https://img.uefa.com/imgml/TP/teams/logos/240x240/2603790.png","250002563","RBL","DOMESTIC_MEN_TEAM_A","","DOMESTIC","Allemagne","Leipzig","RB Leipzig","RBL","180","MINUTE","2","0","0","12.35","KILOMETER","27.74","KILOMETER_PER_HOUR"
"250090101","52747","26","1999-02-25","39","SAFONOV","RUS","GOALKEEPER","GOALKEEPER","MALE","","./image/250090101.jpg","Matvei Safonov","GOALKEEPER","39","Safonov","57451","","Russie","Gardien","Matvei","Safonov","Matvei Safonov","Safonov","200043","./assoc/200043_FRA.svg","./logo/52747.png","UEFA","FRA","52747","FAME","Paris","","https://img.uefa.com/imgml/TP/teams/logos/70x70/52747.png","https://img.uefa.com/imgml/TP/teams/logos/240x240/52747.png","252747","PSG","DOMESTIC_MEN_TEAM_A","","DOMESTIC","France","Paris","Paris Saint-Germain","PSG","180","MINUTE","2","0","0","11.53","KILOMETER","28.19","KILOMETER_PER_HOUR"
"250062141","50149","31","1994-02-07","1","Rui Silva","POR","GOALKEEPER","GOALKEEPER","MALE","","./image/250062141.jpg","Rui Silva","GOALKEEPER","22","RUI SILVA","110","","Portugal","Gardien","","Rui Silva","Rui Silva","Rui Silva","200110","./assoc/200110_POR.svg","./logo/50149.png","UEFA","POR","50149","FAME","Sporting CP","","https://img.uefa.com/imgml/TP/teams/logos/70x70/50149.png","https://img.uefa.com/imgml/TP/teams/logos/240x240/50149.png","250149","SPO","DOMESTIC_MEN_TEAM_A","","DOMESTIC","Portugal","Sporting CP","Sporting Clube de Portugal","SPO","180","MINUTE","2","0","0","11.33","KILOMETER","22.49","KILOMETER_PER_HOUR"
"250028705","52919","32","1992-11-06","18","Ortega Moreno","GER","UNKNOWN","GOALKEEPER","MALE","","./image/250028705.jpg","Stefan Ortega","GOALKEEPER","21","Ortega Moreno","47","","Allemagne","Gardien","Stefan","Ortega","Stefan Ortega","Ortega","200039","./assoc/200039_ENG.svg","./logo/52919.png","UEFA","ENG","52919","FAME","Man City","","https://img.uefa.com/imgml/TP/teams/logos/70x70/52919.png","https://img.uefa.com/imgml/TP/teams/logos/240x240/52919.png","252919","MCI","DOMESTIC_MEN_TEAM_A","","DOMESTIC","Angleterre","Man City","Manchester City","MCI","180","MINUTE","2","0","0","10.6","KILOMETER","25.31","KILOMETER_PER_HOUR"
"250165547","50111","21","2004-01-09","53","Khudiakov","RUS","UNKNOWN","GOALKEEPER","MALE","","./image/250165547.jpg","Daniil Khudiakov","GOALKEEPER","","Khudiakov","","","Russie","Gardien","Daniil","Khudiakov","Daniil Khudiakov","Khudiakov","200008","./assoc/200008_AUT.svg","./logo/50111.png","UEFA","AUT","50111","FAME","Sturm Graz","","https://img.uefa.com/imgml/TP/teams/logos/70x70/50111.png","https://img.uefa.com/imgml/TP/teams/logos/240x240/50111.png","250111","SGR","DOMESTIC_MEN_TEAM_A","","DOMESTIC","Autriche","Sturm Graz","SK Sturm Graz","SGR","180","MINUTE","2","0","0","10.55","KILOMETER","24.35","KILOMETER_PER_HOUR"
"250090955","50023","27","1998-04-02","16","KÖHN","SUI","GOALKEEPER","GOALKEEPER","MALE","","./image/250090955.jpg","Philipp Köhn","GOALKEEPER","21","Köhn","128","","Suisse","Gardien","Philipp","Köhn","Philipp Köhn","Köhn","200043","./assoc/200043_FRA.svg","./logo/50023.png","UEFA","FRA","50023","FAME","Monaco","","https://img.uefa.com/imgml/TP/teams/logos/70x70/50023.png","https://img.uefa.com/imgml/TP/teams/logos/240x240/50023.png","250023","MON","DOMESTIC_MEN_TEAM_A","","DOMESTIC","France","Monaco","AS Monaco","MON","180","MINUTE","2","0","0","10.49","KILOMETER","22.82","KILOMETER_PER_HOUR"
"250089824","50051","26","1999-02-11","13","LUNIN","UKR","GOALKEEPER","GOALKEEPER","MALE","","./image/250089824.jpg","Andriy Lunin","GOALKEEPER","1","Lunin","57166","","Ukraine","Gardien","Andriy","Lunin","Andriy Lunin","Lunin","200122","./assoc/200122_ESP.svg","./logo/50051.png","UEFA","ESP","50051","FAME","Real Madrid","","https://img.uefa.com/imgml/TP/teams/logos/70x70/50051.png","https://img.uefa.com/imgml/TP/teams/logos/240x240/50051.png","250051","RMA","DOMESTIC_MEN_TEAM_A","","DOMESTIC","Espagne","Real Madrid","Real Madrid C.F.","RMA","180","MINUTE","2","0","0","10.14","KILOMETER","25.69","KILOMETER_PER_HOUR"
"250079112","50069","27","1998-02-03","1","M. Ilić","SRB","UNKNOWN","GOALKEEPER","MALE","","./image/250079112.jpg","Marko Ilić","GOALKEEPER","12","M. Ilić","147","","Serbie","Gardien","Marko","Ilić","Marko Ilić","M. Ilić","200147","./assoc/200147_SRB.svg","./logo/50069.png","UEFA","SRB","50069","FAME","Crvena Zvezda","","https://img.uefa.com/imgml/TP/teams/logos/70x70/50069.png","https://img.uefa.com/imgml/TP/teams/logos/240x240/50069.png","250069","ZVE","DOMESTIC_MEN_TEAM_A","","DOMESTIC","Serbie","Crvena Zvezda","FK Crvena Zvezda","ZVE","180","MINUTE","2","0","0","9.42","KILOMETER","21.15","KILOMETER_PER_HOUR"
"250089688","50069","25","1999-10-30","33","Drkušič","SVN","UNKNOWN","DEFENDER","MALE","","./image/250089688.jpg","Vanja Drkušić","DEFENDER","21","Drkušić","57163","","Slovénie","Défenseur","Vanja","Drkušić","Vanja Drkušić","Drkušić","200147","./assoc/200147_SRB.svg","./logo/50069.png","UEFA","SRB","50069","FAME","Crvena Zvezda","","https://img.uefa.com/imgml/TP/teams/logos/70x70/50069.png","https://img.uefa.com/imgml/TP/teams/logos/240x240/50069.png","250069","ZVE","DOMESTIC_MEN_TEAM_A","","DOMESTIC","Serbie","Crvena Zvezda","FK Crvena Zvezda","ZVE","179","MINUTE","2","0","0","15.52","KILOMETER","31.19","KILOMETER_PER_HOUR"
"250098468","52749","26","1998-11-26","18","Ivanušec","CRO","ATTACKING_MIDFIELDER","FORWARD","MALE","","./image/250098468.jpg","Luka Ivanušec","FORWARD","18","Ivanušec","56370","","Croatie","Attaquant","Luka","Ivanušec","Luka Ivanušec","Ivanušec","200095","./assoc/200095_NED.svg","./logo/52749.png","UEFA","NED","52749","FAME","Feyenoord","","https://img.uefa.com/imgml/TP/teams/logos/70x70/52749.png","https://img.uefa.com/imgml/TP/teams/logos/240x240/52749.png","252749","FEY","DOMESTIC_MEN_TEAM_A","","DOMESTIC","Pays-Bas","Feyenoord","Feyenoord","FEY","177","MINUTE","4","0","0","24.63","KILOMETER","29.38","KILOMETER_PER_HOUR"
"250090719","50043","28","1997-05-23","19","Nilsson","SWE","UNKNOWN","FORWARD","MALE","","./image/250090719.jpg","Gustaf Nilsson","FORWARD","17","Nilsson","127","","Suède","Attaquant","Gustaf","Nilsson","Gustaf Nilsson","Nilsson","200013","./assoc/200013_BEL.svg","./logo/50043.png","UEFA","BEL","50043","FAME","Club Brugge","","https://img.uefa.com/imgml/TP/teams/logos/70x70/50043.png","https://img.uefa.com/imgml/TP/teams/logos/240x240/50043.png","250043","BRU","DOMESTIC_MEN_TEAM_A","","DOMESTIC","Belgique","Club Brugge","Club Brugge KV","BRU","175","MINUTE","7","1","0","25.34","KILOMETER","31.18","KILOMETER_PER_HOUR"
"1906540","50051","33","1992-06-24","4","ALABA","AUT","FULL_BACK","DEFENDER","MALE","180","./image/1906540.jpg","David Alaba","DEFENDER","8","Alaba","8","75","Autriche","Défenseur","David","Alaba","David Alaba","Alaba","200122","./assoc/200122_ESP.svg","./logo/50051.png","UEFA","ESP","50051","FAME","Real Madrid","","https://img.uefa.com/imgml/TP/teams/logos/70x70/50051.png","https://img.uefa.com/imgml/TP/teams/logos/240x240/50051.png","250051","RMA","DOMESTIC_MEN_TEAM_A","","DOMESTIC","Espagne","Real Madrid","Real Madrid C.F.","RMA","175","MINUTE","5","0","0","20.35","KILOMETER","29.73","KILOMETER_PER_HOUR"
"250067295","50037","30","1995-07-09","6","J. PALHINHA","POR","DEFENSIVE_MIDFIELDER","MIDFIELDER","MALE","189","./image/250067295.jpg","João Palhinha","MIDFIELDER","6","J. PALHINHA","110","","Portugal","Milieu","","João Palhinha","João Palhinha","João Palhinha","200047","./assoc/200047_GER.svg","./logo/50037.png","UEFA","GER","50037","FAME","Bayern München","","https://img.uefa.com/imgml/TP/teams/logos/70x70/50037.png","https://img.uefa.com/imgml/TP/teams/logos/240x240/50037.png","250037","BAY","DOMESTIC_MEN_TEAM_A","","DOMESTIC","Allemagne","Bayern München","FC Bayern München","BAY","173","MINUTE","5","0","0","24.94","KILOMETER","30.13","KILOMETER_PER_HOUR"
"250014114","50149","32","1993-05-16","47","R. Esgaio","POR","FULL_BACK","DEFENDER","MALE","171","./image/250014114.jpg","Ricardo Esgaio","DEFENDER","2","R. Esgaio","200110","65","Portugal","Défenseur","","Ricardo Esgaio","Ricardo Esgaio","Ricardo Esgaio","200110","./assoc/200110_POR.svg","./logo/50149.png","UEFA","POR","50149","FAME","Sporting CP","","https://img.uefa.com/imgml/TP/teams/logos/70x70/50149.png","https://img.uefa.com/imgml/TP/teams/logos/240x240/50149.png","250149","SPO","DOMESTIC_MEN_TEAM_A","","DOMESTIC","Portugal","Sporting CP","Sporting Clube de Portugal","SPO","170","MINUTE","4","0","0","22.67","KILOMETER","30.65","KILOMETER_PER_HOUR"
"250187067","50069","26","1999-10-12","7","Milson","ANG","UNKNOWN","MIDFIELDER","MALE","","./image/250187067.jpg","Felício Milson","MIDFIELDER","","FELÍCIO MENDES","","","Angola","Milieu","","Felício Milson","Felício Milson","Felício Milson","200147","./assoc/200147_SRB.svg","./logo/50069.png","UEFA","SRB","50069","FAME","Crvena Zvezda","","https://img.uefa.com/imgml/TP/teams/logos/70x70/50069.png","https://img.uefa.com/imgml/TP/teams/logos/240x240/50069.png","250069","ZVE","DOMESTIC_MEN_TEAM_A","","DOMESTIC","Serbie","Crvena Zvezda","FK Crvena Zvezda","ZVE","169","MINUTE","5","2","0","20.7","KILOMETER","31.97","KILOMETER_PER_HOUR"
"250127426","7889","22","2003-04-04","9","Elliott","ENG","UNKNOWN","FORWARD","MALE","","./image/250127426.jpg","Harvey Elliott","FORWARD","19","Elliott","200039","","Angleterre","Attaquant","Harvey","Elliott","Harvey Elliott","Elliott","200039","./assoc/200039_ENG.svg","./logo/7889.png","UEFA","ENG","7889","FAME","Liverpool","","https://img.uefa.com/imgml/TP/teams/logos/70x70/7889.png","https://img.uefa.com/imgml/TP/teams/logos/240x240/7889.png","207889","LIV","DOMESTIC_MEN_TEAM_A","","DOMESTIC","Angleterre","Liverpool","Liverpool FC","LIV","168","MINUTE","5","3","0","24.06","KILOMETER","30.62","KILOMETER_PER_HOUR"
"250064482","50149","30","1995-02-13","11","Nuno Santos","POR","UNKNOWN","FORWARD","MALE","179","./image/250064482.jpg","Nuno Santos","FORWARD","23","Nuno Santos","200110","73","Portugal","Attaquant","","Nuno Santos","Nuno Santos","Nuno Santos","200110","./assoc/200110_POR.svg","./logo/50149.png","UEFA","POR","50149","FAME","Sporting CP","","https://img.uefa.com/imgml/TP/teams/logos/70x70/50149.png","https://img.uefa.com/imgml/TP/teams/logos/240x240/50149.png","250149","SPO","DOMESTIC_MEN_TEAM_A","","DOMESTIC","Portugal","Sporting CP","Sporting Clube de Portugal","SPO","164","MINUTE","2","1","0","19.6","KILOMETER","35.17","KILOMETER_PER_HOUR"
"250187620","50062","22","2003-01-09","9","Pepi","USA","UNKNOWN","FORWARD","MALE","","./image/250187620.jpg","Ricardo Pepi","FORWARD","","Pepi","","","Etats-Unis","Attaquant","Ricardo","Pepi","Ricardo Pepi","Pepi","200095","./assoc/200095_NED.svg","./logo/50062.png","UEFA","NED","50062","FAME","PSV","","https://img.uefa.com/imgml/TP/teams/logos/70x70/50062.png","https://img.uefa.com/imgml/TP/teams/logos/240x240/50062.png","250062","PSV","DOMESTIC_MEN_TEAM_A","","DOMESTIC","Pays-Bas","PSV","PSV Eindhoven","PSV","163","MINUTE","7","2","1","22.66","KILOMETER","31.62","KILOMETER_PER_HOUR"
"250108031","52707","23","2002-02-21","16","Azarov","GEO","UNKNOWN","DEFENDER","MALE","","./image/250108031.jpg","Irakli Azarov","DEFENDER","16","Azarov","57157","","Géorgie","Défenseur","Irakli","Azarov","Irakli Azarov","Azarov","257166","./assoc/257166_UKR.svg","./logo/52707.png","UEFA","UKR","52707","FAME","Shakhtar","","https://img.uefa.com/imgml/TP/teams/logos/70x70/52707.png","https://img.uefa.com/imgml/TP/teams/logos/240x240/52707.png","252707","SHK","DOMESTIC_MEN_TEAM_A","","DOMESTIC","Ukraine","Shakhtar","FC Shakhtar Donetsk","SHK","162","MINUTE","2","0","0","19.04","KILOMETER","31.19","KILOMETER_PER_HOUR"
"250104089","75797","25","2000-08-31","8","Angel","ENG","CENTRAL_MIDFIELDER","MIDFIELDER","MALE","","./image/250104089.jpg","Angel Gomes","MIDFIELDER","8","Angel","39","","Angleterre","Milieu","Angel","Gomes","Angel Gomes","Gomes","200043","./assoc/200043_FRA.svg","./logo/75797.png","UEFA","FRA","75797","FAME","Lille","","https://img.uefa.com/imgml/TP/teams/logos/70x70/75797.png","https://img.uefa.com/imgml/TP/teams/logos/240x240/75797.png","275797","LIL","DOMESTIC_MEN_TEAM_A","","DOMESTIC","France","Lille","LOSC Lille","LIL","161","MINUTE","4","1","0","21.36","KILOMETER","30.34","KILOMETER_PER_HOUR"
"250142158","50033","27","1998-09-07","77","Krasniqi","KOS","UNKNOWN","MIDFIELDER","MALE","","./image/250142158.jpg","Ermal Krasniqi","MIDFIELDER","17","E.Krasniqi","2608110","","Kosovo","Milieu","Ermal","Krasniqi","Ermal Krasniqi","E. Krasniqi","258837","./assoc/258837_CZE.svg","./logo/50033.png","UEFA","CZE","50033","FAME","Sparta Praha","","https://img.uefa.com/imgml/TP/teams/logos/70x70/50033.png","https://img.uefa.com/imgml/TP/teams/logos/240x240/50033.png","250033","SPA","DOMESTIC_MEN_TEAM_A","","DOMESTIC","Tchéquie","Sparta Praha","AC Sparta Praha","SPA","158","MINUTE","7","0","0","20.14","KILOMETER","30.87","KILOMETER_PER_HOUR"
"250107509","50033","27","1997-11-24","33","Cobbaut","BEL","FULL_BACK","DEFENDER","MALE","","./image/250107509.jpg","Elias Cobbaut","DEFENDER","15","Cobbaut","13","","Belgique","Défenseur","Elias","Cobbaut","Elias Cobbaut","Cobbaut","258837","./assoc/258837_CZE.svg","./logo/50033.png","UEFA","CZE","50033","FAME","Sparta Praha","","https://img.uefa.com/imgml/TP/teams/logos/70x70/50033.png","https://img.uefa.com/imgml/TP/teams/logos/240x240/50033.png","250033","SPA","DOMESTIC_MEN_TEAM_A","","DOMESTIC","Tchéquie","Sparta Praha","AC Sparta Praha","SPA","158","MINUTE","2","0","0","19.18","KILOMETER","30.51","KILOMETER_PER_HOUR"
"250194564","50139","24","2001-01-08","32","Cabal","COL","UNKNOWN","DEFENDER","MALE","","./image/250194564.jpg","Juan Cabal","DEFENDER","13","Cabal","29","","Colombie","Défenseur","Juan","Cabal","Juan Cabal","Cabal","200066","./assoc/200066_ITA.svg","./logo/50139.png","UEFA","ITA","50139","FAME","Juventus","","https://img.uefa.com/imgml/TP/teams/logos/70x70/50139.png","https://img.uefa.com/imgml/TP/teams/logos/240x240/50139.png","250139","JUV","DOMESTIC_MEN_TEAM_A","","DOMESTIC","Italie","Juventus","Juventus","JUV","158","MINUTE","2","0","0","18.2","KILOMETER","32.86","KILOMETER_PER_HOUR"
"250055216","50069","29","1996-02-15","49","Radonjic","SRB","WINGER","MIDFIELDER","MALE","","./image/250055216.jpg","Nemanja Radonjić","FORWARD","7","Radonjic","147","","Serbie","Milieu","Nemanja","Radonjić","Nemanja Radonjić","Radonjić","200147","./assoc/200147_SRB.svg","./logo/50069.png","UEFA","SRB","50069","FAME","Crvena Zvezda","","https://img.uefa.com/imgml/TP/teams/logos/70x70/50069.png","https://img.uefa.com/imgml/TP/teams/logos/240x240/50069.png","250069","ZVE","DOMESTIC_MEN_TEAM_A","","DOMESTIC","Serbie","Crvena Zvezda","FK Crvena Zvezda","ZVE","157","MINUTE","4","3","0","16.33","KILOMETER","34.72","KILOMETER_PER_HOUR"
"250198501","50107","21","2004-03-24","45","Chase","JPN","UNKNOWN","DEFENDER","MALE","","./image/250198501.jpg","Anrie Chase","DEFENDER","","Chase","","","Japon","Défenseur","Anrie","Chase","Anrie Chase","Chase","200047","./assoc/200047_GER.svg","./logo/50107.png","UEFA","GER","50107","FAME","Stuttgart","","https://img.uefa.com/imgml/TP/teams/logos/70x70/50107.png","https://img.uefa.com/imgml/TP/teams/logos/240x240/50107.png","250107","STU","DOMESTIC_MEN_TEAM_A","","DOMESTIC","Allemagne","Stuttgart","VfB Stuttgart","STU","156","MINUTE","5","0","0","20.51","KILOMETER","33.48","KILOMETER_PER_HOUR"
"250130428","50147","22","2003-03-04","26","Dahl","SWE","UNKNOWN","DEFENDER","MALE","","./image/250130428.jpg","Samuel Dahl","DEFENDER","6","Dahl","127","","Suède","Défenseur","Samuel","Dahl","Samuel Dahl","Dahl","200110","./assoc/200110_POR.svg","./logo/50147.png","UEFA","POR","50147","FAME","Benfica","","https://img.uefa.com/imgml/TP/teams/logos/70x70/50147.png","https://img.uefa.com/imgml/TP/teams/logos/240x240/50147.png","250147","BEN","DOMESTIC_MEN_TEAM_A","","DOMESTIC","Portugal","Benfica","SL Benfica","BEN","155","MINUTE","3","0","0","19.56","KILOMETER","32.8","KILOMETER_PER_HOUR"
"250198274","52797","23","2002-03-14","93","Metsoko","FRA","UNKNOWN","FORWARD","MALE","","./image/250198274.jpg","Idjessi Metsoko","FORWARD","","Metsoko","","","France","Attaquant","Idjessi","Metsoko","Idjessi Metsoko","Metsoko","258836","./assoc/258836_SVK.svg","./logo/52797.png","UEFA","SVK","52797","FAME","S. Bratislava","","https://img.uefa.com/imgml/TP/teams/logos/70x70/52797.png","https://img.uefa.com/imgml/TP/teams/logos/240x240/52797.png","252797","SLB","DOMESTIC_MEN_TEAM_A","","DOMESTIC","Slovaquie","S. Bratislava","ŠK Slovan Bratislava","SLB","154","MINUTE","7","1","0","23.25","KILOMETER","33.36","KILOMETER_PER_HOUR"
"250133390","50069","29","1996-03-24","17","Duarte","BRA","STRIKER","FORWARD","MALE","","./image/250133390.jpg","Bruno Duarte","FORWARD","","Duarte da Silva","","","Brésil","Attaquant","","Bruno Duarte","Bruno Duarte","Bruno Duarte","200147","./assoc/200147_SRB.svg","./logo/50069.png","UEFA","SRB","50069","FAME","Crvena Zvezda","","https://img.uefa.com/imgml/TP/teams/logos/70x70/50069.png","https://img.uefa.com/imgml/TP/teams/logos/240x240/50069.png","250069","ZVE","DOMESTIC_MEN_TEAM_A","","DOMESTIC","Serbie","Crvena Zvezda","FK Crvena Zvezda","ZVE","153","MINUTE","7","0","0","16.96","KILOMETER","31.84","KILOMETER_PER_HOUR"
"250022869","2603790","31","1994-06-15","9","Poulsen","DEN","STRIKER","FORWARD","MALE","193","./image/250022869.jpg","Yussuf Poulsen","FORWARD","20","Yurary","35","78","Danemark","Attaquant","Yussuf","Poulsen","Yussuf Poulsen","Poulsen","200047","./assoc/200047_GER.svg","./logo/2603790.png","UEFA","GER","2603790","FAME","Leipzig","","https://img.uefa.com/imgml/TP/teams/logos/70x70/2603790.png","https://img.uefa.com/imgml/TP/teams/logos/240x240/2603790.png","250002563","RBL","DOMESTIC_MEN_TEAM_A","","DOMESTIC","Allemagne","Leipzig","RB Leipzig","RBL","153","MINUTE","6","1","0","22.65","KILOMETER","31.54","KILOMETER_PER_HOUR"
"250181428","50050","23","2002-05-25","13","Yang","KOR","","MIDFIELDER","MALE","","./image/250181428.jpg","Hyunjun","MIDFIELDER","17","HJ YANG","74","","République de Corée","Milieu","Hyunjun","Yang","Hyunjun","Yang","200117","./assoc/200117_SCO.svg","./logo/50050.png","UEFA","SCO","50050","FAME","Celtic","","https://img.uefa.com/imgml/TP/teams/logos/70x70/50050.png","https://img.uefa.com/imgml/TP/teams/logos/240x240/50050.png","250050","CEL","DOMESTIC_MEN_TEAM_A","","DOMESTIC","Écosse","Celtic","Celtic FC","CEL","153","MINUTE","6","0","1","21.71","KILOMETER","33.37","KILOMETER_PER_HOUR"
"250161142","50030","23","2002-10-14","29","D. Guindo","MLI","UNKNOWN","DEFENDER","MALE","","./image/250161142.jpg","Daouda Guindo","DEFENDER","","D. Guindo","","","Mali","Défenseur","Daouda","Guindo","Daouda Guindo","Guindo","200008","./assoc/200008_AUT.svg","./logo/50030.png","UEFA","AUT","50030","FAME","Salzburg","","https://img.uefa.com/imgml/TP/teams/logos/70x70/50030.png","https://img.uefa.com/imgml/TP/teams/logos/240x240/50030.png","250030","SAL","DOMESTIC_MEN_TEAM_A","","DOMESTIC","Autriche","Salzburg","FC Salzburg","SAL","153","MINUTE","4","1","0","19.87","KILOMETER","31.71","KILOMETER_PER_HOUR"
"250197264","50062","23","2002-04-17","11","Driouech","NED","UNKNOWN","FORWARD","MALE","","./image/250197264.jpg","Couhaib Driouech","FORWARD","","Driouech","","","Pays-Bas","Attaquant","Couhaib","Driouech","Couhaib Driouech","Driouech","200095","./assoc/200095_NED.svg","./logo/50062.png","UEFA","NED","50062","FAME","PSV","","https://img.uefa.com/imgml/TP/teams/logos/70x70/50062.png","https://img.uefa.com/imgml/TP/teams/logos/240x240/50062.png","250062","PSV","DOMESTIC_MEN_TEAM_A","","DOMESTIC","Pays-Bas","PSV","PSV Eindhoven","PSV","152","MINUTE","5","1","0","20.09","KILOMETER","34.36","KILOMETER_PER_HOUR"
"250087542","2602798","25","2000-01-28","9","Abel Ruiz","ESP","STRIKER","FORWARD","MALE","","./image/250087542.jpg","Abel Ruiz","FORWARD","19","Abel Ruiz","122","","Espagne","Attaquant","","Abel Ruiz","Abel Ruiz","Abel Ruiz","200122","./assoc/200122_ESP.svg","./logo/2602798.png","UEFA","ESP","2602798","FAME","Girona","","https://img.uefa.com/imgml/TP/teams/logos/70x70/2602798.png","https://img.uefa.com/imgml/TP/teams/logos/240x240/2602798.png","250001774","GIR","DOMESTIC_MEN_TEAM_A","","DOMESTIC","Espagne","Girona","Girona FC","GIR","147","MINUTE","3","0","0","18.95","KILOMETER","32.0","KILOMETER_PER_HOUR"
"250187793","50062","23","2002-09-22","39","Nagalo","BFA","UNKNOWN","DEFENDER","MALE","","./image/250187793.jpg","Adamo Nagalo","DEFENDER","","Nagalo","","","Burkina Faso","Défenseur","Adamo","Nagalo","Adamo Nagalo","Nagalo","200095","./assoc/200095_NED.svg","./logo/50062.png","UEFA","NED","50062","FAME","PSV","","https://img.uefa.com/imgml/TP/teams/logos/70x70/50062.png","https://img.uefa.com/imgml/TP/teams/logos/240x240/50062.png","250062","PSV","DOMESTIC_MEN_TEAM_A","","DOMESTIC","Pays-Bas","PSV","PSV Eindhoven","PSV","145","MINUTE","5","0","0","16.93","KILOMETER","31.05","KILOMETER_PER_HOUR"
"250104101","50107","25","2000-02-15","5","Keitel","GER","","MIDFIELDER","MALE","","./image/250104101.jpg","Yannik Keitel","MIDFIELDER","8","Keitel","200047","","Allemagne","Milieu","Yannik","Keitel","Yannik Keitel","Keitel","200047","./assoc/200047_GER.svg","./logo/50107.png","UEFA","GER","50107","FAME","Stuttgart","","https://img.uefa.com/imgml/TP/teams/logos/70x70/50107.png","https://img.uefa.com/imgml/TP/teams/logos/240x240/50107.png","250107","STU","DOMESTIC_MEN_TEAM_A","","DOMESTIC","Allemagne","Stuttgart","VfB Stuttgart","STU","145","MINUTE","4","1","0","19.43","KILOMETER","29.37","KILOMETER_PER_HOUR"
"102153","52797","35","1989-11-30","7","Weiss","SVK","WINGER","MIDFIELDER","MALE","173","./image/102153.jpg","Vladimír Weiss","MIDFIELDER","7","Weiss","58836","71","Slovaquie","Milieu","Vladimír","Weiss","Vladimír Weiss","Weiss","258836","./assoc/258836_SVK.svg","./logo/52797.png","UEFA","SVK","52797","FAME","S. Bratislava","","https://img.uefa.com/imgml/TP/teams/logos/70x70/52797.png","https://img.uefa.com/imgml/TP/teams/logos/240x240/52797.png","252797","SLB","DOMESTIC_MEN_TEAM_A","","DOMESTIC","Slovaquie","S. Bratislava","ŠK Slovan Bratislava","SLB","145","MINUTE","3","0","0","16.07","KILOMETER","32.43","KILOMETER_PER_HOUR"
"250058218","50147","28","1997-08-18","8","R. SANCHES","POR","CENTRAL_MIDFIELDER","MIDFIELDER","MALE","176","./image/250058218.jpg","Renato Sanches","MIDFIELDER","16","R. Sanches","110","70","Portugal","Milieu","","Renato Sanches","Renato Sanches","Renato Sanches","200110","./assoc/200110_POR.svg","./logo/50147.png","UEFA","POR","50147","FAME","Benfica","","https://img.uefa.com/imgml/TP/teams/logos/70x70/50147.png","https://img.uefa.com/imgml/TP/teams/logos/240x240/50147.png","250147","BEN","DOMESTIC_MEN_TEAM_A","","DOMESTIC","Portugal","Benfica","SL Benfica","BEN","144","MINUTE","4","0","0","19.63","KILOMETER","28.38","KILOMETER_PER_HOUR"
"250128222","52707","24","2001-01-12","2","L.Traore","BFA","STRIKER","FORWARD","MALE","","./image/250128222.jpg","Lassina Traoré","FORWARD","","Traoré","","","Burkina Faso","Attaquant","Lassina","Traoré","Lassina Traoré","Traoré","257166","./assoc/257166_UKR.svg","./logo/52707.png","UEFA","UKR","52707","FAME","Shakhtar","","https://img.uefa.com/imgml/TP/teams/logos/70x70/52707.png","https://img.uefa.com/imgml/TP/teams/logos/240x240/52707.png","252707","SHK","DOMESTIC_MEN_TEAM_A","","DOMESTIC","Ukraine","Shakhtar","FC Shakhtar Donetsk","SHK","143","MINUTE","6","0","0","19.37","KILOMETER","33.71","KILOMETER_PER_HOUR"
"250101313","50124","25","2000-04-02","17","RIQUELME","ESP","UNKNOWN","MIDFIELDER","MALE","","./image/250101313.jpg","Rodrigo Riquelme","MIDFIELDER","10","Riquelme","122","","Espagne","Milieu","Rodrigo","Riquelme","Rodrigo Riquelme","Riquelme","200122","./assoc/200122_ESP.svg","./logo/50124.png","UEFA","ESP","50124","FAME","Atleti","","https://img.uefa.com/imgml/TP/teams/logos/70x70/50124.png","https://img.uefa.com/imgml/TP/teams/logos/240x240/50124.png","250124","ATM","DOMESTIC_MEN_TEAM_A","","DOMESTIC","Espagne","Atleti","Atlético de Madrid","ATM","143","MINUTE","5","0","0","21.71","KILOMETER","34.85","KILOMETER_PER_HOUR"
"250161881","50051","20","2005-02-25","15","ARDA GÜLER","TUR","UNKNOWN","MIDFIELDER","MALE","","./image/250161881.jpg","Arda Güler","FORWARD","8","ARDA GÜLER","135","","Turquie","Milieu","","Arda Güler","Arda Güler","Arda Güler","200122","./assoc/200122_ESP.svg","./logo/50051.png","UEFA","ESP","50051","FAME","Real Madrid","","https://img.uefa.com/imgml/TP/teams/logos/70x70/50051.png","https://img.uefa.com/imgml/TP/teams/logos/240x240/50051.png","250051","RMA","DOMESTIC_MEN_TEAM_A","","DOMESTIC","Espagne","Real Madrid","Real Madrid C.F.","RMA","142","MINUTE","7","0","0","22.29","KILOMETER","30.76","KILOMETER_PER_HOUR"
"250193442","52747","21","2003-11-24","4","BERALDO","BRA","UNKNOWN","DEFENDER","MALE","","./image/250193442.jpg","Lucas Beraldo","DEFENDER","25","Beraldo","18","","Brésil","Défenseur","","Lucas Beraldo","Lucas Beraldo","Lucas Beraldo","200043","./assoc/200043_FRA.svg","./logo/52747.png","UEFA","FRA","52747","FAME","Paris","","https://img.uefa.com/imgml/TP/teams/logos/70x70/52747.png","https://img.uefa.com/imgml/TP/teams/logos/240x240/52747.png","252747","PSG","DOMESTIC_MEN_TEAM_A","","DOMESTIC","France","Paris","Paris Saint-Germain","PSG","142","MINUTE","4","0","0","15.8","KILOMETER","31.55","KILOMETER_PER_HOUR"
"250056982","50069","35","1990-09-01","8","Kanga","GAB","ATTACKING_MIDFIELDER","MIDFIELDER","MALE","","./image/250056982.jpg","Guélor Kanga","MIDFIELDER","","Kanga","","","Gabon","Milieu","Guélor","Kanga","Guélor Kanga","Kanga","200147","./assoc/200147_SRB.svg","./logo/50069.png","UEFA","SRB","50069","FAME","Crvena Zvezda","","https://img.uefa.com/imgml/TP/teams/logos/70x70/50069.png","https://img.uefa.com/imgml/TP/teams/logos/240x240/50069.png","250069","ZVE","DOMESTIC_MEN_TEAM_A","","DOMESTIC","Serbie","Crvena Zvezda","FK Crvena Zvezda","ZVE","141","MINUTE","5","1","0","20.25","KILOMETER","30.89","KILOMETER_PER_HOUR"
"250061589","50043","31","1994-04-29","27","Nielsen","DEN","UNKNOWN","MIDFIELDER","MALE","","./image/250061589.jpg","Casper Nielsen","MIDFIELDER","19","Nielsen","35","","Danemark","Milieu","Casper","Nielsen","Casper Nielsen","Nielsen","200013","./assoc/200013_BEL.svg","./logo/50043.png","UEFA","BEL","50043","FAME","Club Brugge","","https://img.uefa.com/imgml/TP/teams/logos/70x70/50043.png","https://img.uefa.com/imgml/TP/teams/logos/240x240/50043.png","250043","BRU","DOMESTIC_MEN_TEAM_A","","DOMESTIC","Belgique","Club Brugge","Club Brugge KV","BRU","140","MINUTE","6","1","0","21.87","KILOMETER","31.62","KILOMETER_PER_HOUR"
"250097935","7889","32","1993-02-09","3","Endo","JPN","UNKNOWN","DEFENDER","MALE","","./image/250097935.jpg","Wataru Endo","MIDFIELDER","6","Endo","69","","Japon","Défenseur","Wataru","Endo","Wataru Endo","Endo","200039","./assoc/200039_ENG.svg","./logo/7889.png","UEFA","ENG","7889","FAME","Liverpool","","https://img.uefa.com/imgml/TP/teams/logos/70x70/7889.png","https://img.uefa.com/imgml/TP/teams/logos/240x240/7889.png","207889","LIV","DOMESTIC_MEN_TEAM_A","","DOMESTIC","Angleterre","Liverpool","Liverpool FC","LIV","140","MINUTE","6","0","0","20.95","KILOMETER","30.27","KILOMETER_PER_HOUR"
"250139057","52683","21","2004-01-05","26","Bogarde","NED","","DEFENDER","MALE","","./image/250139057.jpg","Lamare Bogarde","DEFENDER","12","Bogarde","200095","","Pays-Bas","Défenseur","Lamare","Bogarde","Lamare Bogarde","Bogarde","200039","./assoc/200039_ENG.svg","./logo/52683.png","UEFA","ENG","52683","FAME","Aston Villa","","https://img.uefa.com/imgml/TP/teams/logos/70x70/52683.png","https://img.uefa.com/imgml/TP/teams/logos/240x240/52683.png","252683","AVL","DOMESTIC_MEN_TEAM_A","","DOMESTIC","Angleterre","Aston Villa","Aston Villa FC","AVL","140","MINUTE","4","0","0","17.49","KILOMETER","32.83","KILOMETER_PER_HOUR"
"250144297","50107","24","2001-10-03","10","El Bilal","MLI","UNKNOWN","FORWARD","MALE","","./image/250144297.jpg","El Bilal Touré","FORWARD","","EL BILAL","","","Mali","Attaquant","El Bilal","Touré","El Bilal Touré","Touré","200047","./assoc/200047_GER.svg","./logo/50107.png","UEFA","GER","50107","FAME","Stuttgart","","https://img.uefa.com/imgml/TP/teams/logos/70x70/50107.png","https://img.uefa.com/imgml/TP/teams/logos/240x240/50107.png","250107","STU","DOMESTIC_MEN_TEAM_A","","DOMESTIC","Allemagne","Stuttgart","VfB Stuttgart","STU","139","MINUTE","4","1","0","18.16","KILOMETER","32.86","KILOMETER_PER_HOUR"
"250141610","50031","28","1997-08-06","15","M. ELIA","COD","STRIKER","FORWARD","MALE","","./image/250141610.jpg","Meschack Elia","FORWARD","","M. Elia","","","RD Congo","Attaquant","Meschack","Elia","Meschack Elia","Elia","200128","./assoc/200128_SUI.svg","./logo/50031.png","UEFA","SUI","50031","FAME","Young Boys","","https://img.uefa.com/imgml/TP/teams/logos/70x70/50031.png","https://img.uefa.com/imgml/TP/teams/logos/240x240/50031.png","250031","YB","DOMESTIC_MEN_TEAM_A","","DOMESTIC","Suisse","Young Boys","BSC Young Boys","YB","138","MINUTE","5","0","0","19.25","KILOMETER","33.41","KILOMETER_PER_HOUR"
"250197958","75797","27","1998-06-04","27","M.BAYO","GUI","","FORWARD","MALE","","./image/250197958.jpg","Mohamed Bayo","FORWARD","","M.BAYO","","","Guinée","Attaquant","Mohamed","Bayo","Mohamed Bayo","Bayo","200043","./assoc/200043_FRA.svg","./logo/75797.png","UEFA","FRA","75797","FAME","Lille","","https://img.uefa.com/imgml/TP/teams/logos/70x70/75797.png","https://img.uefa.com/imgml/TP/teams/logos/240x240/75797.png","275797","LIL","DOMESTIC_MEN_TEAM_A","","DOMESTIC","France","Lille","LOSC Lille","LIL","138","MINUTE","3","0","0","18.18","KILOMETER","33.07","KILOMETER_PER_HOUR"
"250194573","50051","19","2006-07-21","9","ENDRICK","BRA","UNKNOWN","FORWARD","MALE","","./image/250194573.jpg","Endrick","FORWARD","21","de Sousa","18","","Brésil","Attaquant","","Endrick","Endrick","Endrick","200122","./assoc/200122_ESP.svg","./logo/50051.png","UEFA","ESP","50051","FAME","Real Madrid","","https://img.uefa.com/imgml/TP/teams/logos/70x70/50051.png","https://img.uefa.com/imgml/TP/teams/logos/240x240/50051.png","250051","RMA","DOMESTIC_MEN_TEAM_A","","DOMESTIC","Espagne","Real Madrid","Real Madrid C.F.","RMA","136","MINUTE","9","1","0","18.79","KILOMETER","33.29","KILOMETER_PER_HOUR"
"250168465","50111","20","2005-05-08","14","Zvonarek","CRO","UNKNOWN","MIDFIELDER","MALE","","./image/250168465.jpg","Lovro Zvonarek","MIDFIELDER","8","Zvonarek","256370","","Croatie","Milieu","Lovro","Zvonarek","Lovro Zvonarek","Zvonarek","200008","./assoc/200008_AUT.svg","./logo/50111.png","UEFA","AUT","50111","FAME","Sturm Graz","","https://img.uefa.com/imgml/TP/teams/logos/70x70/50111.png","https://img.uefa.com/imgml/TP/teams/logos/240x240/50111.png","250111","SGR","DOMESTIC_MEN_TEAM_A","","DOMESTIC","Autriche","Sturm Graz","SK Sturm Graz","SGR","136","MINUTE","6","0","0","20.76","KILOMETER","30.9","KILOMETER_PER_HOUR"
"250194557","52707","24","2001-07-24","18","Ghram","TUN","","DEFENDER","MALE","","./image/250194557.jpg","Alaa Ghram","DEFENDER","26","Ghram","134","","Tunisie","Défenseur","Alaa","Ghram","Alaa Ghram","Ghram","257166","./assoc/257166_UKR.svg","./logo/52707.png","UEFA","UKR","52707","FAME","Shakhtar","","https://img.uefa.com/imgml/TP/teams/logos/70x70/52707.png","https://img.uefa.com/imgml/TP/teams/logos/240x240/52707.png","252707","SHK","DOMESTIC_MEN_TEAM_A","","DOMESTIC","Ukraine","Shakhtar","FC Shakhtar Donetsk","SHK","135","MINUTE","2","0","0","16.2","KILOMETER","31.75","KILOMETER_PER_HOUR"
"250063957","50107","29","1996-03-20","15","Stenzel","GER","UNKNOWN","DEFENDER","MALE","","./image/250063957.jpg","Pascal Stenzel","DEFENDER","20","Stenzel","200047","","Allemagne","Défenseur","Pascal","Stenzel","Pascal Stenzel","Stenzel","200047","./assoc/200047_GER.svg","./logo/50107.png","UEFA","GER","50107","FAME","Stuttgart","","https://img.uefa.com/imgml/TP/teams/logos/70x70/50107.png","https://img.uefa.com/imgml/TP/teams/logos/240x240/50107.png","250107","STU","DOMESTIC_MEN_TEAM_A","","DOMESTIC","Allemagne","Stuttgart","VfB Stuttgart","STU","131","MINUTE","5","0","0","17.66","KILOMETER","30.02","KILOMETER_PER_HOUR"
"250057117","50109","33","1992-07-14","7","Hofmann","GER","WINGER","MIDFIELDER","MALE","176","./image/250057117.jpg","Jonas Hofmann","MIDFIELDER","18","Hofmann","47","70","Allemagne","Milieu","Jonas","Hofmann","Jonas Hofmann","Hofmann","200047","./assoc/200047_GER.svg","./logo/50109.png","UEFA","GER","50109","FAME","Leverkusen","","https://img.uefa.com/imgml/TP/teams/logos/70x70/50109.png","https://img.uefa.com/imgml/TP/teams/logos/240x240/50109.png","250109","LEV","DOMESTIC_MEN_TEAM_A","","DOMESTIC","Allemagne","Leverkusen","Bayer 04 Leverkusen","LEV","131","MINUTE","4","0","1","19.13","KILOMETER","31.11","KILOMETER_PER_HOUR"
"250193506","50111","20","2005-05-28","36","Camara","MLI","","FORWARD","MALE","","./image/250193506.jpg","Amady Camara","FORWARD","","Camara","","","Mali","Attaquant","Amady","Camara","Amady Camara","Camara","200008","./assoc/200008_AUT.svg","./logo/50111.png","UEFA","AUT","50111","FAME","Sturm Graz","","https://img.uefa.com/imgml/TP/teams/logos/70x70/50111.png","https://img.uefa.com/imgml/TP/teams/logos/240x240/50111.png","250111","SGR","DOMESTIC_MEN_TEAM_A","","DOMESTIC","Autriche","Sturm Graz","SK Sturm Graz","SGR","131","MINUTE","4","0","0","17.38","KILOMETER","34.11","KILOMETER_PER_HOUR"
"250144288","50033","32","1993-06-24","21","Pešek","CZE","WINGER","MIDFIELDER","MALE","","./image/250144288.jpg","Jakub Pešek","MIDFIELDER","8","Pešek","58837","","Tchéquie","Milieu","Jakub","Pešek","Jakub Pešek","Pešek","258837","./assoc/258837_CZE.svg","./logo/50033.png","UEFA","CZE","50033","FAME","Sparta Praha","","https://img.uefa.com/imgml/TP/teams/logos/70x70/50033.png","https://img.uefa.com/imgml/TP/teams/logos/240x240/50033.png","250033","SPA","DOMESTIC_MEN_TEAM_A","","DOMESTIC","Tchéquie","Sparta Praha","AC Sparta Praha","SPA","130","MINUTE","2","0","0","16.91","KILOMETER","32.22","KILOMETER_PER_HOUR"
"250089276","52969","26","1999-03-31","21","Odgaard","DEN","UNKNOWN","FORWARD","MALE","","./image/250089276.jpg","Jens Odgaard","FORWARD","9","Odgaard","200035","","Danemark","Attaquant","Jens","Odgaard","Jens Odgaard","Odgaard","200066","./assoc/200066_ITA.svg","./logo/52969.png","UEFA","ITA","52969","FAME","Bologna","","https://img.uefa.com/imgml/TP/teams/logos/70x70/52969.png","https://img.uefa.com/imgml/TP/teams/logos/240x240/52969.png","252969","BOL","DOMESTIC_MEN_TEAM_A","","DOMESTIC","Italie","Bologna","Bologna FC 1909","BOL","128","MINUTE","5","0","1","16.38","KILOMETER","32.52","KILOMETER_PER_HOUR"
"250063940","50109","30","1995-06-18","22","Hermoso","ESP","UNKNOWN","DEFENDER","MALE","","./image/250063940.jpg","Mario Hermoso","DEFENDER","4","Hermoso","122","","Espagne","Défenseur","Mario","Hermoso","Mario Hermoso","Hermoso","200047","./assoc/200047_GER.svg","./logo/50109.png","UEFA","GER","50109","FAME","Leverkusen","","https://img.uefa.com/imgml/TP/teams/logos/70x70/50109.png","https://img.uefa.com/imgml/TP/teams/logos/240x240/50109.png","250109","LEV","DOMESTIC_MEN_TEAM_A","","DOMESTIC","Allemagne","Leverkusen","Bayer 04 Leverkusen","LEV","128","MINUTE","2","0","0","13.93","KILOMETER","29.29","KILOMETER_PER_HOUR"
"250107324","52816","26","1999-07-02","21","ZANIOLO","ITA","ATTACKING_MIDFIELDER","FORWARD","MALE","","./image/250107324.jpg","Nicolò Zaniolo","FORWARD","18","Zaniolo","66","","Italie","Attaquant","Nicolò","Zaniolo","Nicolò Zaniolo","Zaniolo","200066","./assoc/200066_ITA.svg","./logo/52816.png","UEFA","ITA","52816","FAME","Atalanta","","https://img.uefa.com/imgml/TP/teams/logos/70x70/52816.png","https://img.uefa.com/imgml/TP/teams/logos/240x240/52816.png","252816","ATA","DOMESTIC_MEN_TEAM_A","","DOMESTIC","Italie","Atalanta","Atalanta BC","ATA","127","MINUTE","7","1","0","18.88","KILOMETER","31.28","KILOMETER_PER_HOUR"
"250155947","52683","27","1998-03-11","2","Disasi","FRA","UNKNOWN","DEFENDER","MALE","","./image/250155947.jpg","Axel Disasi","DEFENDER","3","Disasi","43","","France","Défenseur","Axel","Disasi","Axel Disasi","Disasi","200039","./assoc/200039_ENG.svg","./logo/52683.png","UEFA","ENG","52683","FAME","Aston Villa","","https://img.uefa.com/imgml/TP/teams/logos/70x70/52683.png","https://img.uefa.com/imgml/TP/teams/logos/240x240/52683.png","252683","AVL","DOMESTIC_MEN_TEAM_A","","DOMESTIC","Angleterre","Aston Villa","Aston Villa FC","AVL","126","MINUTE","3","0","0","13.55","KILOMETER","31.13","KILOMETER_PER_HOUR"
"250069830","52749","27","1998-01-22","1","Bijlow","NED","GOALKEEPER","GOALKEEPER","MALE","","./image/250069830.jpg","Justin Bijlow","GOALKEEPER","13","Bijlow","95","","Pays-Bas","Gardien","Justin","Bijlow","Justin Bijlow","Bijlow","200095","./assoc/200095_NED.svg","./logo/52749.png","UEFA","NED","52749","FAME","Feyenoord","","https://img.uefa.com/imgml/TP/teams/logos/70x70/52749.png","https://img.uefa.com/imgml/TP/teams/logos/240x240/52749.png","252749","FEY","DOMESTIC_MEN_TEAM_A","","DOMESTIC","Pays-Bas","Feyenoord","Feyenoord","FEY","126","MINUTE","2","0","0","7.81","KILOMETER","21.64","KILOMETER_PER_HOUR"
"250123020","52816","25","2000-01-20","44","Brescianini","ITA","CENTRAL_MIDFIELDER","MIDFIELDER","MALE","","./image/250123020.jpg","Marco Brescianini","MIDFIELDER","14","Brescianini","66","","Italie","Milieu","Marco","Brescianini","Marco Brescianini","Brescianini","200066","./assoc/200066_ITA.svg","./logo/52816.png","UEFA","ITA","52816","FAME","Atalanta","","https://img.uefa.com/imgml/TP/teams/logos/70x70/52816.png","https://img.uefa.com/imgml/TP/teams/logos/240x240/52816.png","252816","ATA","DOMESTIC_MEN_TEAM_A","","DOMESTIC","Italie","Atalanta","Atalanta BC","ATA","124","MINUTE","6","1","0","19.82","KILOMETER","31.33","KILOMETER_PER_HOUR"
"250080569","50109","28","1996-12-25","10","Buendia","ARG","","FORWARD","MALE","","./image/250080569.jpg","Emiliano Buendía","MIDFIELDER","8","Buendia","300122","","Argentine","Attaquant","Emiliano","Buendía","Emiliano Buendía","Buendía","200047","./assoc/200047_GER.svg","./logo/50109.png","UEFA","GER","50109","FAME","Leverkusen","","https://img.uefa.com/imgml/TP/teams/logos/70x70/50109.png","https://img.uefa.com/imgml/TP/teams/logos/240x240/50109.png","250109","LEV","DOMESTIC_MEN_TEAM_A","","DOMESTIC","Allemagne","Leverkusen","Bayer 04 Leverkusen","LEV","122","MINUTE","6","0","0","19.01","KILOMETER","32.18","KILOMETER_PER_HOUR"
"1902685","52707","36","1989-08-08","6","Stepanenko","UKR","DEFENSIVE_MIDFIELDER","MIDFIELDER","MALE","181","./image/1902685.jpg","Taras Stepanenko","MIDFIELDER","6","Stepanenko","57166","75","Ukraine","Milieu","Taras","Stepanenko","Taras Stepanenko","Stepanenko","257166","./assoc/257166_UKR.svg","./logo/52707.png","UEFA","UKR","52707","FAME","Shakhtar","","https://img.uefa.com/imgml/TP/teams/logos/70x70/52707.png","https://img.uefa.com/imgml/TP/teams/logos/240x240/52707.png","252707","SHK","DOMESTIC_MEN_TEAM_A","","DOMESTIC","Ukraine","Shakhtar","FC Shakhtar Donetsk","SHK","121","MINUTE","6","0","0","18.93","KILOMETER","28.97","KILOMETER_PER_HOUR"
"250067541","52280","28","1997-06-05","63","Tierney","SCO","FULL_BACK","DEFENDER","MALE","178","./image/250067541.jpg","Kieran Tierney","DEFENDER","6","Tierney","117","70","Écosse","Défenseur","Kieran","Tierney","Kieran Tierney","Tierney","200039","./assoc/200039_ENG.svg","./logo/52280.png","UEFA","ENG","52280","FAME","Arsenal","","https://img.uefa.com/imgml/TP/teams/logos/70x70/52280.png","https://img.uefa.com/imgml/TP/teams/logos/240x240/52280.png","252280","ARS","DOMESTIC_MEN_TEAM_A","","DOMESTIC","Angleterre","Arsenal","Arsenal FC","ARS","120","MINUTE","5","0","0","15.65","KILOMETER","30.42","KILOMETER_PER_HOUR"
"250058215","7889","28","1997-05-23","2","Gomez","ENG","UNKNOWN","DEFENDER","MALE","","./image/250058215.jpg","Joe Gomez","DEFENDER","22","Gomez","39","","Angleterre","Défenseur","Joe","Gomez","Joe Gomez","Gomez","200039","./assoc/200039_ENG.svg","./logo/7889.png","UEFA","ENG","7889","FAME","Liverpool","","https://img.uefa.com/imgml/TP/teams/logos/70x70/7889.png","https://img.uefa.com/imgml/TP/teams/logos/240x240/7889.png","207889","LIV","DOMESTIC_MEN_TEAM_A","","DOMESTIC","Angleterre","Liverpool","Liverpool FC","LIV","119","MINUTE","4","0","0","14.96","KILOMETER","32.88","KILOMETER_PER_HOUR"
"250188435","52683","23","2002-02-08","19","Jaden","ENG","","MIDFIELDER","MALE","","./image/250188435.jpg","Jaden Philogene","MIDFIELDER","11","Jaden","200039","","Angleterre","Milieu","Jaden","Philogene","Jaden Philogene","Philogene","200039","./assoc/200039_ENG.svg","./logo/52683.png","UEFA","ENG","52683","FAME","Aston Villa","","https://img.uefa.com/imgml/TP/teams/logos/70x70/52683.png","https://img.uefa.com/imgml/TP/teams/logos/240x240/52683.png","252683","AVL","DOMESTIC_MEN_TEAM_A","","DOMESTIC","Angleterre","Aston Villa","Aston Villa FC","AVL","119","MINUTE","3","0","0","16.7","KILOMETER","32.5","KILOMETER_PER_HOUR"
"250105686","50043","25","2000-02-15","21","Skoras","POL","WINGER","FORWARD","MALE","","./image/250105686.jpg","Michał Skóraś","FORWARD","21","Skoras","109","","Pologne","Attaquant","Michał","Skóraś","Michał Skóraś","Skóraś","200013","./assoc/200013_BEL.svg","./logo/50043.png","UEFA","BEL","50043","FAME","Club Brugge","","https://img.uefa.com/imgml/TP/teams/logos/70x70/50043.png","https://img.uefa.com/imgml/TP/teams/logos/240x240/50043.png","250043","BRU","DOMESTIC_MEN_TEAM_A","","DOMESTIC","Belgique","Club Brugge","Club Brugge KV","BRU","118","MINUTE","5","0","0","15.33","KILOMETER","33.5","KILOMETER_PER_HOUR"
"250063803","52747","29","1996-02-14","21","L.HERNANDEZ","FRA","CENTRE_BACK","DEFENDER","MALE","180","./image/250063803.jpg","Lucas Hernández","DEFENDER","21","L. Hernandez","43","76","France","Défenseur","Lucas","Hernández","Lucas Hernández","L. Hernández","200043","./assoc/200043_FRA.svg","./logo/52747.png","UEFA","FRA","52747","FAME","Paris","","https://img.uefa.com/imgml/TP/teams/logos/70x70/52747.png","https://img.uefa.com/imgml/TP/teams/logos/240x240/52747.png","252747","PSG","DOMESTIC_MEN_TEAM_A","","DOMESTIC","France","Paris","Paris Saint-Germain","PSG","116","MINUTE","5","0","0","13.98","KILOMETER","31.6","KILOMETER_PER_HOUR"
"250188246","75797","23","2002-07-23","22","TIAGO S.","POR","UNKNOWN","DEFENDER","MALE","","./image/250188246.jpg","Tiago Santos","DEFENDER","14","TIAGO SANTOS","110","","Portugal","Défenseur","","Tiago Santos","Tiago Santos","Tiago Santos","200043","./assoc/200043_FRA.svg","./logo/75797.png","UEFA","FRA","75797","FAME","Lille","","https://img.uefa.com/imgml/TP/teams/logos/70x70/75797.png","https://img.uefa.com/imgml/TP/teams/logos/240x240/75797.png","275797","LIL","DOMESTIC_MEN_TEAM_A","","DOMESTIC","France","Lille","LOSC Lille","LIL","116","MINUTE","2","0","0","14.78","KILOMETER","33.26","KILOMETER_PER_HOUR"
"250070692","50050","32","1992-12-23","15","Schlupp","GER","WINGER","MIDFIELDER","MALE","178","./image/250070692.jpg","Jeffrey Schlupp","MIDFIELDER","","Schlupp","","72","Allemagne","Milieu","Jeffrey","Schlupp","Jeffrey Schlupp","Schlupp","200117","./assoc/200117_SCO.svg","./logo/50050.png","UEFA","SCO","50050","FAME","Celtic","","https://img.uefa.com/imgml/TP/teams/logos/70x70/50050.png","https://img.uefa.com/imgml/TP/teams/logos/240x240/50050.png","250050","CEL","DOMESTIC_MEN_TEAM_A","","DOMESTIC","Écosse","Celtic","Celtic FC","CEL","115","MINUTE","2","0","0","14.79","KILOMETER","32.28","KILOMETER_PER_HOUR"
"103827","50124","36","1989-08-28","3","AZPILICUETA","ESP","FULL_BACK","DEFENDER","MALE","178","./image/103827.jpg","César Azpilicueta","DEFENDER","2","Azpilicueta","122","75","Espagne","Défenseur","César","Azpilicueta","César Azpilicueta","Azpilicueta","200122","./assoc/200122_ESP.svg","./logo/50124.png","UEFA","ESP","50124","FAME","Atleti","","https://img.uefa.com/imgml/TP/teams/logos/70x70/50124.png","https://img.uefa.com/imgml/TP/teams/logos/240x240/50124.png","250124","ATM","DOMESTIC_MEN_TEAM_A","","DOMESTIC","Espagne","Atleti","Atlético de Madrid","ATM","112","MINUTE","2","0","0","14.5","KILOMETER","32.79","KILOMETER_PER_HOUR"
"250182606","52919","19","2005-11-04","4","Jahmai S-P","ENG","","DEFENDER","MALE","","./image/250182606.jpg","Jahmai Simpson-Pusey","DEFENDER","","Simpson-Pusey","","","Angleterre","Défenseur","Jahmai","Simpson-Pusey","Jahmai Simpson-Pusey","Simpson-Pusey","200039","./assoc/200039_ENG.svg","./logo/52919.png","UEFA","ENG","52919","FAME","Man City","","https://img.uefa.com/imgml/TP/teams/logos/70x70/52919.png","https://img.uefa.com/imgml/TP/teams/logos/240x240/52919.png","252919","MCI","DOMESTIC_MEN_TEAM_A","","DOMESTIC","Angleterre","Man City","Manchester City","MCI","112","MINUTE","2","0","0","12.35","KILOMETER","33.16","KILOMETER_PER_HOUR"
"250188225","50023","19","2006-08-16","19","ILENIKHENA","NGA","UNKNOWN","FORWARD","MALE","","./image/250188225.jpg","George Ilenikhena","FORWARD","","George","","","Nigeria","Attaquant","George","Ilenikhena","George Ilenikhena","Ilenikhena","200043","./assoc/200043_FRA.svg","./logo/50023.png","UEFA","FRA","50023","FAME","Monaco","","https://img.uefa.com/imgml/TP/teams/logos/70x70/50023.png","https://img.uefa.com/imgml/TP/teams/logos/240x240/50023.png","250023","MON","DOMESTIC_MEN_TEAM_A","","DOMESTIC","France","Monaco","AS Monaco","MON","111","MINUTE","6","2","0","14.1","KILOMETER","32.07","KILOMETER_PER_HOUR"
"250174849","52749","27","1998-05-26","6","Zerrouki","ALG","UNKNOWN","MIDFIELDER","MALE","","./image/250174849.jpg","Ramiz Zerrouki","MIDFIELDER","6","Zerrouki","3","","Algérie","Milieu","Ramiz","Zerrouki","Ramiz Zerrouki","Zerrouki","200095","./assoc/200095_NED.svg","./logo/52749.png","UEFA","NED","52749","FAME","Feyenoord","","https://img.uefa.com/imgml/TP/teams/logos/70x70/52749.png","https://img.uefa.com/imgml/TP/teams/logos/240x240/52749.png","252749","FEY","DOMESTIC_MEN_TEAM_A","","DOMESTIC","Pays-Bas","Feyenoord","Feyenoord","FEY","111","MINUTE","4","0","0","15.8","KILOMETER","30.8","KILOMETER_PER_HOUR"
"250041564","52797","30","1995-08-18","37","Szöke","SVK","","MIDFIELDER","MALE","","./image/250041564.jpg","Július Szöke","MIDFIELDER","8","Szoke","358836","","Slovaquie","Milieu","Július","Szöke","Július Szöke","Szöke","258836","./assoc/258836_SVK.svg","./logo/52797.png","UEFA","SVK","52797","FAME","S. Bratislava","","https://img.uefa.com/imgml/TP/teams/logos/70x70/52797.png","https://img.uefa.com/imgml/TP/teams/logos/240x240/52797.png","252797","SLB","DOMESTIC_MEN_TEAM_A","","DOMESTIC","Slovaquie","S. Bratislava","ŠK Slovan Bratislava","SLB","110","MINUTE","3","0","0","15.95","KILOMETER","26.66","KILOMETER_PER_HOUR"
"250089209","50147","26","1999-01-04","19","Beste","GER","UNKNOWN","DEFENDER","MALE","","./image/250089209.jpg","Jan-Niklas Beste","DEFENDER","17","Beste","300047","","Allemagne","Défenseur","Jan-Niklas","Beste","Jan-Niklas Beste","Beste","200110","./assoc/200110_POR.svg","./logo/50147.png","UEFA","POR","50147","FAME","Benfica","","https://img.uefa.com/imgml/TP/teams/logos/70x70/50147.png","https://img.uefa.com/imgml/TP/teams/logos/240x240/50147.png","250147","BEN","DOMESTIC_MEN_TEAM_A","","DOMESTIC","Portugal","Benfica","SL Benfica","BEN","109","MINUTE","5","0","2","15.33","KILOMETER","32.88","KILOMETER_PER_HOUR"
"250188129","50109","22","2003-03-17","13","Arthur","BRA","UNKNOWN","DEFENDER","MALE","","./image/250188129.jpg","Arthur","DEFENDER","","Arthur","","","Brésil","Défenseur","","Arthur","Arthur","Arthur","200047","./assoc/200047_GER.svg","./logo/50109.png","UEFA","GER","50109","FAME","Leverkusen","","https://img.uefa.com/imgml/TP/teams/logos/70x70/50109.png","https://img.uefa.com/imgml/TP/teams/logos/240x240/50109.png","250109","LEV","DOMESTIC_MEN_TEAM_A","","DOMESTIC","Allemagne","Leverkusen","Bayer 04 Leverkusen","LEV","108","MINUTE","5","0","0","15.26","KILOMETER","33.59","KILOMETER_PER_HOUR"
"250135615","52919","22","2002-10-18","24","McAtee","ENG","UNKNOWN","MIDFIELDER","MALE","","./image/250135615.jpg","James McAtee","MIDFIELDER","10","Mcatee","200039","","Angleterre","Milieu","James","McAtee","James McAtee","McAtee","200039","./assoc/200039_ENG.svg","./logo/52919.png","UEFA","ENG","52919","FAME","Man City","","https://img.uefa.com/imgml/TP/teams/logos/70x70/52919.png","https://img.uefa.com/imgml/TP/teams/logos/240x240/52919.png","252919","MCI","DOMESTIC_MEN_TEAM_A","","DOMESTIC","Angleterre","Man City","Manchester City","MCI","107","MINUTE","5","1","0","14.73","KILOMETER","31.1","KILOMETER_PER_HOUR"
"250090398","7889","27","1997-10-25","14","Chiesa","ITA","ATTACKING_MIDFIELDER","FORWARD","MALE","","./image/250090398.jpg","Federico Chiesa","FORWARD","14","Chiesa","66","","Italie","Attaquant","Federico","Chiesa","Federico Chiesa","Chiesa","200039","./assoc/200039_ENG.svg","./logo/7889.png","UEFA","ENG","7889","FAME","Liverpool","","https://img.uefa.com/imgml/TP/teams/logos/70x70/7889.png","https://img.uefa.com/imgml/TP/teams/logos/240x240/7889.png","207889","LIV","DOMESTIC_MEN_TEAM_A","","DOMESTIC","Angleterre","Liverpool","Liverpool FC","LIV","107","MINUTE","3","0","1","13.76","KILOMETER","32.97","KILOMETER_PER_HOUR"
"250169763","50062","20","2005-04-06","26","Babadi","NED","UNKNOWN","MIDFIELDER","MALE","","./image/250169763.jpg","Isaac Babadi","FORWARD","20","Babadi","200095","","Pays-Bas","Milieu","Isaac","Babadi","Isaac Babadi","Babadi","200095","./assoc/200095_NED.svg","./logo/50062.png","UEFA","NED","50062","FAME","PSV","","https://img.uefa.com/imgml/TP/teams/logos/70x70/50062.png","https://img.uefa.com/imgml/TP/teams/logos/240x240/50062.png","250062","PSV","DOMESTIC_MEN_TEAM_A","","DOMESTIC","Pays-Bas","PSV","PSV Eindhoven","PSV","104","MINUTE","4","0","1","15.85","KILOMETER","28.74","KILOMETER_PER_HOUR"
"250099459","50109","28","1997-03-04","11","Terrier","FRA","WINGER","FORWARD","MALE","","./image/250099459.jpg","Martin Terrier","MIDFIELDER","20","TERRIER","200043","","France","Attaquant","Martin","Terrier","Martin Terrier","Terrier","200047","./assoc/200047_GER.svg","./logo/50109.png","UEFA","GER","50109","FAME","Leverkusen","","https://img.uefa.com/imgml/TP/teams/logos/70x70/50109.png","https://img.uefa.com/imgml/TP/teams/logos/240x240/50109.png","250109","LEV","DOMESTIC_MEN_TEAM_A","","DOMESTIC","Allemagne","Leverkusen","Bayer 04 Leverkusen","LEV","104","MINUTE","4","0","1","14.97","KILOMETER","31.4","KILOMETER_PER_HOUR"
"250136348","50037","25","2000-09-13","23","Boey","FRA","FULL_BACK","DEFENDER","MALE","","./image/250136348.jpg","Sacha Boey","DEFENDER","","Boey","43","","France","Défenseur","Sacha","Boey","Sacha Boey","Boey","200047","./assoc/200047_GER.svg","./logo/50037.png","UEFA","GER","50037","FAME","Bayern München","","https://img.uefa.com/imgml/TP/teams/logos/70x70/50037.png","https://img.uefa.com/imgml/TP/teams/logos/240x240/50037.png","250037","BAY","DOMESTIC_MEN_TEAM_A","","DOMESTIC","Allemagne","Bayern München","FC Bayern München","BAY","103","MINUTE","3","0","0","14.7","KILOMETER","31.36","KILOMETER_PER_HOUR"
"250101696","50058","25","2000-05-24","17","OKAFOR","SUI","WINGER","FORWARD","MALE","","./image/250101696.jpg","Noah Okafor","FORWARD","9","Okafor","128","","Suisse","Attaquant","Noah","Okafor","Noah Okafor","Okafor","200066","./assoc/200066_ITA.svg","./logo/50058.png","UEFA","ITA","50058","FAME","Milan","","https://img.uefa.com/imgml/TP/teams/logos/70x70/50058.png","https://img.uefa.com/imgml/TP/teams/logos/240x240/50058.png","250058","MIL","DOMESTIC_MEN_TEAM_A","","DOMESTIC","Italie","Milan","AC Milan","MIL","102","MINUTE","5","0","1","14.85","KILOMETER","32.86","KILOMETER_PER_HOUR"
"250164935","50139","22","2003-07-29","12","Renato Veiga","POR","UNKNOWN","DEFENDER","MALE","","./image/250164935.jpg","Renato Veiga","DEFENDER","13","RENATO VEIGA","110","","Portugal","Défenseur","","Renato Veiga","Renato Veiga","Renato Veiga","200066","./assoc/200066_ITA.svg","./logo/50139.png","UEFA","ITA","50139","FAME","Juventus","","https://img.uefa.com/imgml/TP/teams/logos/70x70/50139.png","https://img.uefa.com/imgml/TP/teams/logos/240x240/50139.png","250139","JUV","DOMESTIC_MEN_TEAM_A","","DOMESTIC","Italie","Juventus","Juventus","JUV","102","MINUTE","2","0","0","10.93","KILOMETER","28.26","KILOMETER_PER_HOUR"
"250007655","52683","31","1993-12-05","6","Barkley","ENG","ATTACKING_MIDFIELDER","MIDFIELDER","MALE","189","./image/250007655.jpg","Ross Barkley","MIDFIELDER","18","Barkley","39","76","Angleterre","Milieu","Ross","Barkley","Ross Barkley","Barkley","200039","./assoc/200039_ENG.svg","./logo/52683.png","UEFA","ENG","52683","FAME","Aston Villa","","https://img.uefa.com/imgml/TP/teams/logos/70x70/52683.png","https://img.uefa.com/imgml/TP/teams/logos/240x240/52683.png","252683","AVL","DOMESTIC_MEN_TEAM_A","","DOMESTIC","Angleterre","Aston Villa","Aston Villa FC","AVL","99","MINUTE","6","1","0","13.86","KILOMETER","30.12","KILOMETER_PER_HOUR"
"250196665","2602798","21","2004-10-03","22","Jhon Solís","COL","UNKNOWN","MIDFIELDER","MALE","","./image/250196665.jpg","Jhon Solís","MIDFIELDER",""," Solís","","","Colombie","Milieu","Jhon","Solís","Jhon Solís","Solís","200122","./assoc/200122_ESP.svg","./logo/2602798.png","UEFA","ESP","2602798","FAME","Girona","","https://img.uefa.com/imgml/TP/teams/logos/70x70/2602798.png","https://img.uefa.com/imgml/TP/teams/logos/240x240/2602798.png","250001774","GIR","DOMESTIC_MEN_TEAM_A","","DOMESTIC","Espagne","Girona","Girona FC","GIR","99","MINUTE","5","0","0","14.96","KILOMETER","29.86","KILOMETER_PER_HOUR"
"250171045","50147","24","2001-05-12","29","Kaboré","BFA","UNKNOWN","DEFENDER","MALE","","./image/250171045.jpg","Issa Kaboré","DEFENDER","","Kaboré","139","","Burkina Faso","Défenseur","Issa","Kaboré","Issa Kaboré","Kaboré","200110","./assoc/200110_POR.svg","./logo/50147.png","UEFA","POR","50147","FAME","Benfica","","https://img.uefa.com/imgml/TP/teams/logos/70x70/50147.png","https://img.uefa.com/imgml/TP/teams/logos/240x240/50147.png","250147","BEN","DOMESTIC_MEN_TEAM_A","","DOMESTIC","Portugal","Benfica","SL Benfica","BEN","98","MINUTE","2","0","0","12.57","KILOMETER","33.51","KILOMETER_PER_HOUR"
"250123910","50111","23","2002-02-04","9","Yardımcı","TUR","UNKNOWN","FORWARD","MALE","","./image/250123910.jpg","Erencan Yardımcı","FORWARD","11","","200135","","Turquie","Attaquant","","Erencan Yardımcı","Erencan Yardımcı","Erencan Yardımcı","200008","./assoc/200008_AUT.svg","./logo/50111.png","UEFA","AUT","50111","FAME","Sturm Graz","","https://img.uefa.com/imgml/TP/teams/logos/70x70/50111.png","https://img.uefa.com/imgml/TP/teams/logos/240x240/50111.png","250111","SGR","DOMESTIC_MEN_TEAM_A","","DOMESTIC","Autriche","Sturm Graz","SK Sturm Graz","SGR","97","MINUTE","5","0","0","14.62","KILOMETER","33.69","KILOMETER_PER_HOUR"
"250139217","52919","26","1999-02-07","7","Marmoush","EGY","STRIKER","FORWARD","MALE","","./image/250139217.jpg","Omar Marmoush","FORWARD","","Marmoush","","","Égypte","Attaquant","Omar","Marmoush","Omar Marmoush","Marmoush","200039","./assoc/200039_ENG.svg","./logo/52919.png","UEFA","ENG","52919","FAME","Man City","","https://img.uefa.com/imgml/TP/teams/logos/70x70/52919.png","https://img.uefa.com/imgml/TP/teams/logos/240x240/52919.png","252919","MCI","DOMESTIC_MEN_TEAM_A","","DOMESTIC","Angleterre","Man City","Manchester City","MCI","96","MINUTE","2","0","0","11.25","KILOMETER","33.42","KILOMETER_PER_HOUR"
"250132322","50139","28","1997-03-18","3","Bremer","BRA","UNKNOWN","DEFENDER","MALE","","./image/250132322.jpg","Bremer","DEFENDER","4","Bremer","18","","Brésil","Défenseur","","Bremer","Bremer","Bremer","200066","./assoc/200066_ITA.svg","./logo/50139.png","UEFA","ITA","50139","FAME","Juventus","","https://img.uefa.com/imgml/TP/teams/logos/70x70/50139.png","https://img.uefa.com/imgml/TP/teams/logos/240x240/50139.png","250139","JUV","DOMESTIC_MEN_TEAM_A","","DOMESTIC","Italie","Juventus","Juventus","JUV","96","MINUTE","2","0","0","11.15","KILOMETER","31.5","KILOMETER_PER_HOUR"
"250006998","2602798","33","1992-05-21","24","Portu","ESP","WINGER","MIDFIELDER","MALE","","./image/250006998.jpg","Cristian Portu","MIDFIELDER","19","Portugues","400122","","Espagne","Milieu","Cristian","Portu","Cristian Portu","Portu","200122","./assoc/200122_ESP.svg","./logo/2602798.png","UEFA","ESP","2602798","FAME","Girona","","https://img.uefa.com/imgml/TP/teams/logos/70x70/2602798.png","https://img.uefa.com/imgml/TP/teams/logos/240x240/2602798.png","250001774","GIR","DOMESTIC_MEN_TEAM_A","","DOMESTIC","Espagne","Girona","Girona FC","GIR","94","MINUTE","5","0","0","14.85","KILOMETER","33.0","KILOMETER_PER_HOUR"
"250127149","50107","23","2002-03-06","2","Al-Dakhil","BEL","UNKNOWN","DEFENDER","MALE","","./image/250127149.jpg","Ameen Al-Dakhil","DEFENDER","3","Al-Dakhil","13","","Belgique","Défenseur","Ameen","Al-Dakhil","Ameen Al-Dakhil","Al-Dakhil","200047","./assoc/200047_GER.svg","./logo/50107.png","UEFA","GER","50107","FAME","Stuttgart","","https://img.uefa.com/imgml/TP/teams/logos/70x70/50107.png","https://img.uefa.com/imgml/TP/teams/logos/240x240/50107.png","250107","STU","DOMESTIC_MEN_TEAM_A","","DOMESTIC","Allemagne","Stuttgart","VfB Stuttgart","STU","93","MINUTE","3","0","0","11.93","KILOMETER","32.12","KILOMETER_PER_HOUR"
"250118797","50023","24","2001-07-03","9","BALOGUN","USA","STRIKER","FORWARD","MALE","","./image/250118797.jpg","Folarin Balogun","FORWARD","9","Balogun","200039","","Etats-Unis","Attaquant","Folarin","Balogun","Folarin Balogun","Balogun","200043","./assoc/200043_FRA.svg","./logo/50023.png","UEFA","FRA","50023","FAME","Monaco","","https://img.uefa.com/imgml/TP/teams/logos/70x70/50023.png","https://img.uefa.com/imgml/TP/teams/logos/240x240/50023.png","250023","MON","DOMESTIC_MEN_TEAM_A","","DOMESTIC","France","Monaco","AS Monaco","MON","93","MINUTE","3","0","0","11.62","KILOMETER","33.73","KILOMETER_PER_HOUR"
"250193531","50147","25","2000-03-24","32","Rollheiser","ARG","","FORWARD","MALE","","./image/250193531.jpg","Benjamin Rollheiser","FORWARD","","Rollheiser","","","Argentine","Attaquant","Benjamin","Rollheiser","Benjamin Rollheiser","Rollheiser","200110","./assoc/200110_POR.svg","./logo/50147.png","UEFA","POR","50147","FAME","Benfica","","https://img.uefa.com/imgml/TP/teams/logos/70x70/50147.png","https://img.uefa.com/imgml/TP/teams/logos/240x240/50147.png","250147","BEN","DOMESTIC_MEN_TEAM_A","","DOMESTIC","Portugal","Benfica","SL Benfica","BEN","92","MINUTE","6","0","0","15.23","KILOMETER","31.61","KILOMETER_PER_HOUR"
"250196663","52749","24","2001-08-14","34","Nadje","CIV","","MIDFIELDER","MALE","","./image/250196663.jpg","Chris-Kévin Nadje","MIDFIELDER","","Nadje","","","Côte d'Ivoire","Milieu","Chris-Kévin","Nadje","Chris-Kévin Nadje","Nadje","200095","./assoc/200095_NED.svg","./logo/52749.png","UEFA","NED","52749","FAME","Feyenoord","","https://img.uefa.com/imgml/TP/teams/logos/70x70/52749.png","https://img.uefa.com/imgml/TP/teams/logos/240x240/52749.png","252749","FEY","DOMESTIC_MEN_TEAM_A","","DOMESTIC","Pays-Bas","Feyenoord","Feyenoord","FEY","91","MINUTE","3","0","0","12.77","KILOMETER","33.06","KILOMETER_PER_HOUR"
"250140936","50037","20","2005-04-27","11","Tel","FRA","UNKNOWN","FORWARD","MALE","","./image/250140936.jpg","Mathys Tel","FORWARD","7","TEL","200043","","France","Attaquant","Mathys","Tel","Mathys Tel","Tel","200047","./assoc/200047_GER.svg","./logo/50037.png","UEFA","GER","50037","FAME","Bayern München","","https://img.uefa.com/imgml/TP/teams/logos/70x70/50037.png","https://img.uefa.com/imgml/TP/teams/logos/240x240/50037.png","250037","BAY","DOMESTIC_MEN_TEAM_A","","DOMESTIC","Allemagne","Bayern München","FC Bayern München","BAY","91","MINUTE","3","0","0","12.1","KILOMETER","32.51","KILOMETER_PER_HOUR"
"250172594","50030","22","2003-08-18","21","Ratkov","SRB","UNKNOWN","FORWARD","MALE","","./image/250172594.jpg","Petar Ratkov","FORWARD","9","Ratkov","147","","Serbie","Attaquant","Petar","Ratkov","Petar Ratkov","Ratkov","200008","./assoc/200008_AUT.svg","./logo/50030.png","UEFA","AUT","50030","FAME","Salzburg","","https://img.uefa.com/imgml/TP/teams/logos/70x70/50030.png","https://img.uefa.com/imgml/TP/teams/logos/240x240/50030.png","250030","SAL","DOMESTIC_MEN_TEAM_A","","DOMESTIC","Autriche","Salzburg","FC Salzburg","SAL","90","MINUTE","4","0","0","12.3","KILOMETER","27.5","KILOMETER_PER_HOUR"
"1906511","50069","34","1991-04-02","23","Rodić","SRB","FULL_BACK","DEFENDER","MALE","185","./image/1906511.jpg","Milan Rodić","DEFENDER","5","Rodić","147","","Serbie","Défenseur","Milan","Rodić","Milan Rodić","Rodić","200147","./assoc/200147_SRB.svg","./logo/50069.png","UEFA","SRB","50069","FAME","Crvena Zvezda","","https://img.uefa.com/imgml/TP/teams/logos/70x70/50069.png","https://img.uefa.com/imgml/TP/teams/logos/240x240/50069.png","250069","ZVE","DOMESTIC_MEN_TEAM_A","","DOMESTIC","Serbie","Crvena Zvezda","FK Crvena Zvezda","ZVE","90","MINUTE","3","0","0","10.91","KILOMETER","32.09","KILOMETER_PER_HOUR"
"250123952","52919","23","2002-01-03","14","Nico","ESP","UNKNOWN","MIDFIELDER","MALE","","./image/250123952.jpg","Nico González","MIDFIELDER","16","NICO","200122","","Espagne","Milieu","","Nico González","Nico González","Nico González","200039","./assoc/200039_ENG.svg","./logo/52919.png","UEFA","ENG","52919","FAME","Man City","","https://img.uefa.com/imgml/TP/teams/logos/70x70/52919.png","https://img.uefa.com/imgml/TP/teams/logos/240x240/52919.png","252919","MCI","DOMESTIC_MEN_TEAM_A","","DOMESTIC","Angleterre","Man City","Manchester City","MCI","90","MINUTE","1","1","0","11.13","KILOMETER","30.26","KILOMETER_PER_HOUR"
"250129343","50030","22","2003-06-26","14","Kjaergaard","DEN","UNKNOWN","MIDFIELDER","MALE","","./image/250129343.jpg","Maurits Kjærgaard","MIDFIELDER","10","Kjaergaard","200035","","Danemark","Milieu","Maurits","Kjærgaard","Maurits Kjærgaard","Kjærgaard","200008","./assoc/200008_AUT.svg","./logo/50030.png","UEFA","AUT","50030","FAME","Salzburg","","https://img.uefa.com/imgml/TP/teams/logos/70x70/50030.png","https://img.uefa.com/imgml/TP/teams/logos/240x240/50030.png","250030","SAL","DOMESTIC_MEN_TEAM_A","","DOMESTIC","Autriche","Salzburg","FC Salzburg","SAL","90","MINUTE","1","0","0","12.45","KILOMETER","31.14","KILOMETER_PER_HOUR"
"250154426","7889","21","2004-09-13","16","McConnell","ENG","UNKNOWN","MIDFIELDER","MALE","","./image/250154426.jpg","James McConnell","","","McConnell","","","Angleterre","Milieu","James","McConnell","James McConnell","McConnell","200039","./assoc/200039_ENG.svg","./logo/7889.png","UEFA","ENG","7889","FAME","Liverpool","","https://img.uefa.com/imgml/TP/teams/logos/70x70/7889.png","https://img.uefa.com/imgml/TP/teams/logos/240x240/7889.png","207889","LIV","DOMESTIC_MEN_TEAM_A","","DOMESTIC","Angleterre","Liverpool","Liverpool FC","LIV","90","MINUTE","1","0","0","12.39","KILOMETER","27.77","KILOMETER_PER_HOUR"
"250180112","50062","19","2006-01-11","28","Land","NED","UNKNOWN","MIDFIELDER","MALE","","./image/250180112.jpg","Tygo Land","MIDFIELDER","21","Land","200095","","Pays-Bas","Milieu","Tygo","Land","Tygo Land","Land","200095","./assoc/200095_NED.svg","./logo/50062.png","UEFA","NED","50062","FAME","PSV","","https://img.uefa.com/imgml/TP/teams/logos/70x70/50062.png","https://img.uefa.com/imgml/TP/teams/logos/240x240/50062.png","250062","PSV","DOMESTIC_MEN_TEAM_A","","DOMESTIC","Pays-Bas","PSV","PSV Eindhoven","PSV","90","MINUTE","1","0","0","12.23","KILOMETER","26.9","KILOMETER_PER_HOUR"
"250082664","52919","29","1996-06-22","16","Rodrigo","ESP","DEFENSIVE_MIDFIELDER","MIDFIELDER","MALE","","./image/250082664.jpg","Rodri","MIDFIELDER","16","RODRIGO","122","","Espagne","Milieu","","Rodri","Rodri","Rodri","200039","./assoc/200039_ENG.svg","./logo/52919.png","UEFA","ENG","52919","FAME","Man City","","https://img.uefa.com/imgml/TP/teams/logos/70x70/52919.png","https://img.uefa.com/imgml/TP/teams/logos/240x240/52919.png","252919","MCI","DOMESTIC_MEN_TEAM_A","","DOMESTIC","Angleterre","Man City","Manchester City","MCI","90","MINUTE","1","0","0","12.01","KILOMETER","31.55","KILOMETER_PER_HOUR"
"250116069","50033","24","2001-01-15","5","Ross","DEN","","DEFENDER","MALE","","./image/250116069.jpg","Mathias Ross","DEFENDER","5","Ross","200035","","Danemark","Défenseur","Mathias","Ross","Mathias Ross","Ross","258837","./assoc/258837_CZE.svg","./logo/50033.png","UEFA","CZE","50033","FAME","Sparta Praha","","https://img.uefa.com/imgml/TP/teams/logos/70x70/50033.png","https://img.uefa.com/imgml/TP/teams/logos/240x240/50033.png","250033","SPA","DOMESTIC_MEN_TEAM_A","","DOMESTIC","Tchéquie","Sparta Praha","AC Sparta Praha","SPA","90","MINUTE","1","0","0","11.25","KILOMETER","30.37","KILOMETER_PER_HOUR"
"250164861","50033","21","2004-06-19","19","Ševínský","CZE","","DEFENDER","MALE","","./image/250164861.jpg","Adam Ševínský","DEFENDER","3","Ševínský","258837","","Tchéquie","Défenseur","Adam","Ševínský","Adam Ševínský","Ševínský","258837","./assoc/258837_CZE.svg","./logo/50033.png","UEFA","CZE","50033","FAME","Sparta Praha","","https://img.uefa.com/imgml/TP/teams/logos/70x70/50033.png","https://img.uefa.com/imgml/TP/teams/logos/240x240/50033.png","250033","SPA","DOMESTIC_MEN_TEAM_A","","DOMESTIC","Tchéquie","Sparta Praha","AC Sparta Praha","SPA","90","MINUTE","1","0","0","10.65","KILOMETER","30.63","KILOMETER_PER_HOUR"
"250196590","2601306","20","2005-03-24","12","Luck Zogbe","CIV","UNKNOWN","DEFENDER","MALE","","./image/250196590.jpg","Luck Zogbé","DEFENDER","","Zogbé","","","Côte d'Ivoire","Défenseur","Luck","Zogbé","Luck Zogbé","Zogbé","200043","./assoc/200043_FRA.svg","./logo/2601306.png","UEFA","FRA","2601306","FAME","Brest","","https://img.uefa.com/imgml/TP/teams/logos/70x70/2601306.png","https://img.uefa.com/imgml/TP/teams/logos/240x240/2601306.png","250000621","BRE","DOMESTIC_MEN_TEAM_A","","DOMESTIC","France","Brest","Stade Brestois 29","BRE","90","MINUTE","1","0","0","9.88","KILOMETER","31.3","KILOMETER_PER_HOUR"
"250183894","2602798","21","2004-07-12","35","Yaakobishvili","HUN","","DEFENDER","MALE","","./image/250183894.jpg","Antal Yaakobishvili","DEFENDER","2","Yaakobishvili","57","","Hongrie","Défenseur","Antal","Yaakobishvili","Antal Yaakobishvili","A. Yaakobishvili","200122","./assoc/200122_ESP.svg","./logo/2602798.png","UEFA","ESP","2602798","FAME","Girona","","https://img.uefa.com/imgml/TP/teams/logos/70x70/2602798.png","https://img.uefa.com/imgml/TP/teams/logos/240x240/2602798.png","250001774","GIR","DOMESTIC_MEN_TEAM_A","","DOMESTIC","Espagne","Girona","Girona FC","GIR","90","MINUTE","1","0","0","9.31","KILOMETER","27.34","KILOMETER_PER_HOUR"
"250187698","52919","21","2004-02-29","45","Khusanov","UZB","UNKNOWN","DEFENDER","MALE","","./image/250187698.jpg","Abdukodir Khusanov","DEFENDER","","Khusanov","","","Ouzbékistan","Défenseur","Abdukodir","Khusanov","Abdukodir Khusanov","Khusanov","200039","./assoc/200039_ENG.svg","./logo/52919.png","UEFA","ENG","52919","FAME","Man City","","https://img.uefa.com/imgml/TP/teams/logos/70x70/52919.png","https://img.uefa.com/imgml/TP/teams/logos/240x240/52919.png","252919","MCI","DOMESTIC_MEN_TEAM_A","","DOMESTIC","Angleterre","Man City","Manchester City","MCI","90","MINUTE","1","0","0","8.82","KILOMETER","35.62","KILOMETER_PER_HOUR"
"250174737","52758","34","1991-04-13","33","Meyer","GER","UNKNOWN","GOALKEEPER","MALE","","./image/250174737.jpg","Alexander Meyer","GOALKEEPER","","Meyer","","","Allemagne","Gardien","Alexander","Meyer","Alexander Meyer","Meyer","200047","./assoc/200047_GER.svg","./logo/52758.png","UEFA","GER","52758","FAME","B. Dortmund","","https://img.uefa.com/imgml/TP/teams/logos/70x70/52758.png","https://img.uefa.com/imgml/TP/teams/logos/240x240/52758.png","252758","BVB","DOMESTIC_MEN_TEAM_A","","DOMESTIC","Allemagne","B. Dortmund","Borussia Dortmund","BVB","90","MINUTE","1","0","0","6.82","KILOMETER","21.91","KILOMETER_PER_HOUR"
"250105664","50037","25","2000-07-10","18","Peretz","ISR","GOALKEEPER","GOALKEEPER","MALE","","./image/250105664.jpg","Daniel Peretz","GOALKEEPER","1","Da. Peretz","65","","Israël","Gardien","Daniel","Peretz","Daniel Peretz","Da. Peretz","200047","./assoc/200047_GER.svg","./logo/50037.png","UEFA","GER","50037","FAME","Bayern München","","https://img.uefa.com/imgml/TP/teams/logos/70x70/50037.png","https://img.uefa.com/imgml/TP/teams/logos/240x240/50037.png","250037","BAY","DOMESTIC_MEN_TEAM_A","","DOMESTIC","Allemagne","Bayern München","FC Bayern München","BAY","90","MINUTE","1","0","0","6.71","KILOMETER","26.88","KILOMETER_PER_HOUR"
"250196542","52969","25","1999-11-11","13","Ravaglia","ITA","","GOALKEEPER","MALE","","./image/250196542.jpg","Federico Ravaglia","GOALKEEPER","","Ravaglia","","","Italie","Gardien","Federico","Ravaglia","Federico Ravaglia","Ravaglia","200066","./assoc/200066_ITA.svg","./logo/52969.png","UEFA","ITA","52969","FAME","Bologna","","https://img.uefa.com/imgml/TP/teams/logos/70x70/52969.png","https://img.uefa.com/imgml/TP/teams/logos/240x240/52969.png","252969","BOL","DOMESTIC_MEN_TEAM_A","","DOMESTIC","Italie","Bologna","Bologna FC 1909","BOL","90","MINUTE","1","0","0","6.56","KILOMETER","22.34","KILOMETER_PER_HOUR"
"93443","52816","37","1988-02-15","28","Rui Patricio","POR","GOALKEEPER","GOALKEEPER","MALE","190","./image/93443.jpg","Rui Patrício","GOALKEEPER","1","Rui Patrício","110","84","Portugal","Gardien","","Rui Patrício","Rui Patrício","Rui Patrício","200066","./assoc/200066_ITA.svg","./logo/52816.png","UEFA","ITA","52816","FAME","Atalanta","","https://img.uefa.com/imgml/TP/teams/logos/70x70/52816.png","https://img.uefa.com/imgml/TP/teams/logos/240x240/52816.png","252816","ATA","DOMESTIC_MEN_TEAM_A","","DOMESTIC","Italie","Atalanta","Atalanta BC","ATA","90","MINUTE","1","0","0","6.43","KILOMETER","20.55","KILOMETER_PER_HOUR"
"250070418","50107","30","1995-03-02","1","Bredlow","GER","UNKNOWN","GOALKEEPER","MALE","191","./image/250070418.jpg","Fabian Bredlow","GOALKEEPER","12","Bredlow","300047","","Allemagne","Gardien","Fabian","Bredlow","Fabian Bredlow","Bredlow","200047","./assoc/200047_GER.svg","./logo/50107.png","UEFA","GER","50107","FAME","Stuttgart","","https://img.uefa.com/imgml/TP/teams/logos/70x70/50107.png","https://img.uefa.com/imgml/TP/teams/logos/240x240/50107.png","250107","STU","DOMESTIC_MEN_TEAM_A","","DOMESTIC","Allemagne","Stuttgart","VfB Stuttgart","STU","90","MINUTE","1","0","0","6.1","KILOMETER","24.17","KILOMETER_PER_HOUR"
"250096761","50138","27","1998-05-27","13","Martinez","ESP","UNKNOWN","GOALKEEPER","MALE","","./image/250096761.jpg","Josep Martínez","GOALKEEPER","13","JOSEP","122","","Espagne","Gardien","Josep","Martínez","Josep Martínez","J. Martínez","200066","./assoc/200066_ITA.svg","./logo/50138.png","UEFA","ITA","50138","FAME","Inter","","https://img.uefa.com/imgml/TP/teams/logos/70x70/50138.png","https://img.uefa.com/imgml/TP/teams/logos/240x240/50138.png","250138","INT","DOMESTIC_MEN_TEAM_A","","DOMESTIC","Italie","Inter","FC Internazionale Milano","INT","90","MINUTE","1","0","0","5.91","KILOMETER","23.95","KILOMETER_PER_HOUR"
"250081931","50062","28","1996-11-16","16","Drommel","NED","UNKNOWN","GOALKEEPER","MALE","","./image/250081931.jpg","Joël Drommel","GOALKEEPER","23","Drommel","95","","Pays-Bas","Gardien","Joël","Drommel","Joël Drommel","Drommel","200095","./assoc/200095_NED.svg","./logo/50062.png","UEFA","NED","50062","FAME","PSV","","https://img.uefa.com/imgml/TP/teams/logos/70x70/50062.png","https://img.uefa.com/imgml/TP/teams/logos/240x240/50062.png","250062","PSV","DOMESTIC_MEN_TEAM_A","","DOMESTIC","Pays-Bas","PSV","PSV Eindhoven","PSV","90","MINUTE","1","0","0","5.53","KILOMETER","24.46","KILOMETER_PER_HOUR"
"250086637","2602798","30","1994-12-13","25","PAU LÓPEZ","ESP","GOALKEEPER","GOALKEEPER","MALE","189","./image/250086637.jpg","Pau López","GOALKEEPER","23","Pau Lopez","122","77","Espagne","Gardien","","Pau López","Pau López","Pau López","200122","./assoc/200122_ESP.svg","./logo/2602798.png","UEFA","ESP","2602798","FAME","Girona","","https://img.uefa.com/imgml/TP/teams/logos/70x70/2602798.png","https://img.uefa.com/imgml/TP/teams/logos/240x240/2602798.png","250001774","GIR","DOMESTIC_MEN_TEAM_A","","DOMESTIC","Espagne","Girona","Girona FC","GIR","90","MINUTE","1","0","0","5.45","KILOMETER","23.28","KILOMETER_PER_HOUR"
"250061507","52280","36","1989-07-19","32","Neto","BRA","GOALKEEPER","GOALKEEPER","MALE","191","./image/250061507.jpg","Neto","GOALKEEPER","","Murara Neto","18","83","Brésil","Gardien","","Neto","Neto","Neto","200039","./assoc/200039_ENG.svg","./logo/52280.png","UEFA","ENG","52280","FAME","Arsenal","","https://img.uefa.com/imgml/TP/teams/logos/70x70/52280.png","https://img.uefa.com/imgml/TP/teams/logos/240x240/52280.png","252280","ARS","DOMESTIC_MEN_TEAM_A","","DOMESTIC","Angleterre","Arsenal","Arsenal FC","ARS","90","MINUTE","1","0","0","5.17","KILOMETER","23.68","KILOMETER_PER_HOUR"
"250007631","50080","33","1992-04-30","1","Ter Stegen","GER","GOALKEEPER","GOALKEEPER","MALE","187","./image/250007631.jpg","Marc-André ter Stegen","GOALKEEPER","1","Ter Stegen","47","85","Allemagne","Gardien","Marc-André","ter Stegen","Marc-André ter Stegen","Ter Stegen","200122","./assoc/200122_ESP.svg","./logo/50080.png","UEFA","ESP","50080","FAME","Barcelona","","https://img.uefa.com/imgml/TP/teams/logos/70x70/50080.png","https://img.uefa.com/imgml/TP/teams/logos/240x240/50080.png","250080","BAR","DOMESTIC_MEN_TEAM_A","","DOMESTIC","Espagne","Barcelona","FC Barcelona","BAR","90","MINUTE","1","0","0","5.11","KILOMETER","24.12","KILOMETER_PER_HOUR"
"250196587","2601306","26","1999-04-03","30","COUDERT","FRA","UNKNOWN","GOALKEEPER","MALE","","./image/250196587.jpg","Grégoire Coudert","GOALKEEPER","","Coudert","","","France","Gardien","Grégoire","Coudert","Grégoire Coudert","Coudert","200043","./assoc/200043_FRA.svg","./logo/2601306.png","UEFA","FRA","2601306","FAME","Brest","","https://img.uefa.com/imgml/TP/teams/logos/70x70/2601306.png","https://img.uefa.com/imgml/TP/teams/logos/240x240/2601306.png","250000621","BRE","DOMESTIC_MEN_TEAM_A","","DOMESTIC","France","Brest","Stade Brestois 29","BRE","90","MINUTE","1","0","0","4.73","KILOMETER","24.57","KILOMETER_PER_HOUR"
"250126267","50033","25","2000-07-25","4","Solbakken","NOR","","MIDFIELDER","MALE","","./image/250126267.jpg","Markus Solbakken","MIDFIELDER","18","M. Solbakken","101","","Norvège","Milieu","Markus","Solbakken","Markus Solbakken","Solbakken","258837","./assoc/258837_CZE.svg","./logo/50033.png","UEFA","CZE","50033","FAME","Sparta Praha","","https://img.uefa.com/imgml/TP/teams/logos/70x70/50033.png","https://img.uefa.com/imgml/TP/teams/logos/240x240/50033.png","250033","SPA","DOMESTIC_MEN_TEAM_A","","DOMESTIC","Tchéquie","Sparta Praha","AC Sparta Praha","SPA","86","MINUTE","4","0","0","12.4","KILOMETER","30.79","KILOMETER_PER_HOUR"
"250097337","50069","26","1999-07-02","32","L. Ilić","SRB","CENTRAL_MIDFIELDER","MIDFIELDER","MALE","","./image/250097337.jpg","Luka Ilić","MIDFIELDER","10","Ilić","200147","","Serbie","Milieu","Luka","Ilić","Luka Ilić","L. Ilić","200147","./assoc/200147_SRB.svg","./logo/50069.png","UEFA","SRB","50069","FAME","Crvena Zvezda","","https://img.uefa.com/imgml/TP/teams/logos/70x70/50069.png","https://img.uefa.com/imgml/TP/teams/logos/240x240/50069.png","250069","ZVE","DOMESTIC_MEN_TEAM_A","","DOMESTIC","Serbie","Crvena Zvezda","FK Crvena Zvezda","ZVE","85","MINUTE","5","0","0","11.13","KILOMETER","31.33","KILOMETER_PER_HOUR"
"250042521","2603790","29","1995-11-06","19","Silva","POR","STRIKER","FORWARD","MALE","182","./image/250042521.jpg","André Silva","FORWARD","9","André Silva","110","78","Portugal","Attaquant","","André Silva","André Silva","André Silva","200047","./assoc/200047_GER.svg","./logo/2603790.png","UEFA","GER","2603790","FAME","Leipzig","","https://img.uefa.com/imgml/TP/teams/logos/70x70/2603790.png","https://img.uefa.com/imgml/TP/teams/logos/240x240/2603790.png","250002563","RBL","DOMESTIC_MEN_TEAM_A","","DOMESTIC","Allemagne","Leipzig","RB Leipzig","RBL","85","MINUTE","4","0","0","4.71","KILOMETER","29.58","KILOMETER_PER_HOUR"
"250087566","50050","26","1999-03-30","7","Jota","POR","STRIKER","FORWARD","MALE","","./image/250087566.jpg","Jota","FORWARD","20","JOTA","200110","","Portugal","Attaquant","","Jota","Jota","Jota","200117","./assoc/200117_SCO.svg","./logo/50050.png","UEFA","SCO","50050","FAME","Celtic","","https://img.uefa.com/imgml/TP/teams/logos/70x70/50050.png","https://img.uefa.com/imgml/TP/teams/logos/240x240/50050.png","250050","CEL","DOMESTIC_MEN_TEAM_A","","DOMESTIC","Écosse","Celtic","Celtic FC","CEL","85","MINUTE","2","0","0","12.04","KILOMETER","31.04","KILOMETER_PER_HOUR"
"250187671","52707","20","2005-06-03","11","Newertton","BRA","UNKNOWN","MIDFIELDER","MALE","","./image/250187671.jpg","Newertton","MIDFIELDER","","Newertton","","","Brésil","Milieu","","Newertton","Newertton","Newertton","257166","./assoc/257166_UKR.svg","./logo/52707.png","UEFA","UKR","52707","FAME","Shakhtar","","https://img.uefa.com/imgml/TP/teams/logos/70x70/52707.png","https://img.uefa.com/imgml/TP/teams/logos/240x240/52707.png","252707","SHK","DOMESTIC_MEN_TEAM_A","","DOMESTIC","Ukraine","Shakhtar","FC Shakhtar Donetsk","SHK","84","MINUTE","4","0","0","13.14","KILOMETER","32.24","KILOMETER_PER_HOUR"
"250063617","2601306","31","1994-03-09","23","AMAVI","FRA","FULL_BACK","DEFENDER","MALE","","./image/250063617.jpg","Jordan Amavi","DEFENDER","3","Amavi","43","","France","Défenseur","Jordan","Amavi","Jordan Amavi","Amavi","200043","./assoc/200043_FRA.svg","./logo/2601306.png","UEFA","FRA","2601306","FAME","Brest","","https://img.uefa.com/imgml/TP/teams/logos/70x70/2601306.png","https://img.uefa.com/imgml/TP/teams/logos/240x240/2601306.png","250000621","BRE","DOMESTIC_MEN_TEAM_A","","DOMESTIC","France","Brest","Stade Brestois 29","BRE","84","MINUTE","1","0","0","9.39","KILOMETER","32.29","KILOMETER_PER_HOUR"
"250178782","50030","21","2004-09-13","39","Morgalla","GER","UNKNOWN","DEFENDER","MALE","","./image/250178782.jpg","Leandro Morgalla","DEFENDER","2","Morgalla","200047","","Allemagne","Défenseur","Leandro","Morgalla","Leandro Morgalla","Morgalla","200008","./assoc/200008_AUT.svg","./logo/50030.png","UEFA","AUT","50030","FAME","Salzburg","","https://img.uefa.com/imgml/TP/teams/logos/70x70/50030.png","https://img.uefa.com/imgml/TP/teams/logos/240x240/50030.png","250030","SAL","DOMESTIC_MEN_TEAM_A","","DOMESTIC","Autriche","Salzburg","FC Salzburg","SAL","83","MINUTE","3","0","0","10.92","KILOMETER","30.32","KILOMETER_PER_HOUR"
"250165085","7889","19","2006-01-16","76","Danns","ENG","UNKNOWN","FORWARD","MALE","","./image/250165085.jpg","Jayden Danns","FORWARD","","Danns","","","Angleterre","Attaquant","Jayden","Danns","Jayden Danns","Danns","200039","./assoc/200039_ENG.svg","./logo/7889.png","UEFA","ENG","7889","FAME","Liverpool","","https://img.uefa.com/imgml/TP/teams/logos/70x70/7889.png","https://img.uefa.com/imgml/TP/teams/logos/240x240/7889.png","207889","LIV","DOMESTIC_MEN_TEAM_A","","DOMESTIC","Angleterre","Liverpool","Liverpool FC","LIV","83","MINUTE","1","0","0","10.63","KILOMETER","30.05","KILOMETER_PER_HOUR"
"250105284","52749","26","1998-12-18","10","Stengs","NED","WINGER","FORWARD","MALE","","./image/250105284.jpg","Calvin Stengs","FORWARD","11","Stengs","95","","Pays-Bas","Attaquant","Calvin","Stengs","Calvin Stengs","Stengs","200095","./assoc/200095_NED.svg","./logo/52749.png","UEFA","NED","52749","FAME","Feyenoord","","https://img.uefa.com/imgml/TP/teams/logos/70x70/52749.png","https://img.uefa.com/imgml/TP/teams/logos/240x240/52749.png","252749","FEY","DOMESTIC_MEN_TEAM_A","","DOMESTIC","Pays-Bas","Feyenoord","Feyenoord","FEY","80","MINUTE","3","0","0","12.21","KILOMETER","33.84","KILOMETER_PER_HOUR"
"250180111","52749","19","2006-06-22","9","Redmond","NED","UNKNOWN","FORWARD","MALE","","./image/250180111.jpg","Zepiqueno Redmond","FORWARD","15","Redmond","300095","","Pays-Bas","Attaquant","Zepiqueno","Redmond","Zepiqueno Redmond","Redmond","200095","./assoc/200095_NED.svg","./logo/52749.png","UEFA","NED","52749","FAME","Feyenoord","","https://img.uefa.com/imgml/TP/teams/logos/70x70/52749.png","https://img.uefa.com/imgml/TP/teams/logos/240x240/52749.png","252749","FEY","DOMESTIC_MEN_TEAM_A","","DOMESTIC","Pays-Bas","Feyenoord","Feyenoord","FEY","80","MINUTE","2","0","0","11.46","KILOMETER","31.28","KILOMETER_PER_HOUR"
"250199902","2602798","20","2005-01-29","28","","ESP","","MIDFIELDER","MALE","","./image/250199902.jpg","Selvi Clua","MIDFIELDER","","Clua Oya","","","Espagne","Milieu","","Selvi Clua","Selvi Clua","Selvi Clua","200122","./assoc/200122_ESP.svg","./logo/2602798.png","UEFA","ESP","2602798","FAME","Girona","","https://img.uefa.com/imgml/TP/teams/logos/70x70/2602798.png","https://img.uefa.com/imgml/TP/teams/logos/240x240/2602798.png","250001774","GIR","DOMESTIC_MEN_TEAM_A","","DOMESTIC","Espagne","Girona","Girona FC","GIR","79","MINUTE","1","0","0","10.31","KILOMETER","30.69","KILOMETER_PER_HOUR"
"250189110","75797","18","2006-12-29","8","E.MBAPPE","FRA","UNKNOWN","MIDFIELDER","MALE","","./image/250189110.jpg","Ethan Mbappé","MIDFIELDER","","E. Mbappé","","","France","Milieu","Ethan","Mbappé","Ethan Mbappé","Mbappé","200043","./assoc/200043_FRA.svg","./logo/75797.png","UEFA","FRA","75797","FAME","Lille","","https://img.uefa.com/imgml/TP/teams/logos/70x70/75797.png","https://img.uefa.com/imgml/TP/teams/logos/240x240/75797.png","275797","LIL","DOMESTIC_MEN_TEAM_A","","DOMESTIC","France","Lille","LOSC Lille","LIL","78","MINUTE","2","0","0","10.27","KILOMETER","32.75","KILOMETER_PER_HOUR"
"250020850","2601306","35","1990-04-09","28","J.MARTIN","FRA","UNKNOWN","MIDFIELDER","MALE","184","./image/250020850.jpg","Jonas Martin","MIDFIELDER","","Martin","200043","78","France","Milieu","Jonas","Martin","Jonas Martin","Martin","200043","./assoc/200043_FRA.svg","./logo/2601306.png","UEFA","FRA","2601306","FAME","Brest","","https://img.uefa.com/imgml/TP/teams/logos/70x70/2601306.png","https://img.uefa.com/imgml/TP/teams/logos/240x240/2601306.png","250000621","BRE","DOMESTIC_MEN_TEAM_A","","DOMESTIC","France","Brest","Stade Brestois 29","BRE","77","MINUTE","5","0","0","11.67","KILOMETER","27.61","KILOMETER_PER_HOUR"
"250169276","52758","21","2003-10-20","17","Chukwuemeka","ENG","UNKNOWN","MIDFIELDER","MALE","","./image/250169276.jpg","Carney Chukwuemeka","MIDFIELDER","8","Chukwuemeka","200039","","Angleterre","Milieu","Carney","Chukwuemeka","Carney Chukwuemeka","Chukwuemeka","200047","./assoc/200047_GER.svg","./logo/52758.png","UEFA","GER","52758","FAME","B. Dortmund","","https://img.uefa.com/imgml/TP/teams/logos/70x70/52758.png","https://img.uefa.com/imgml/TP/teams/logos/240x240/52758.png","252758","BVB","DOMESTIC_MEN_TEAM_A","","DOMESTIC","Allemagne","B. Dortmund","Borussia Dortmund","BVB","77","MINUTE","3","0","0","1.35","KILOMETER","26.49","KILOMETER_PER_HOUR"
"250134190","50147","27","1998-04-25","9","A. Cabral","BRA","STRIKER","FORWARD","MALE","","./image/250134190.jpg","Arthur Cabral","FORWARD","","A. CABRAL","","","Brésil","Attaquant","Arthur","Cabral","Arthur Cabral","Cabral","200110","./assoc/200110_POR.svg","./logo/50147.png","UEFA","POR","50147","FAME","Benfica","","https://img.uefa.com/imgml/TP/teams/logos/70x70/50147.png","https://img.uefa.com/imgml/TP/teams/logos/240x240/50147.png","250147","BEN","DOMESTIC_MEN_TEAM_A","","DOMESTIC","Portugal","Benfica","SL Benfica","BEN","76","MINUTE","6","1","0","12.61","KILOMETER","32.56","KILOMETER_PER_HOUR"
"250087665","50058","27","1997-12-01","4","BENNACER","ALG","DEFENSIVE_MIDFIELDER","MIDFIELDER","MALE","","./image/250087665.jpg","Ismaël Bennacer","MIDFIELDER","22","Bennacer","3","","Algérie","Milieu","Ismaël","Bennacer","Ismaël Bennacer","Bennacer","200066","./assoc/200066_ITA.svg","./logo/50058.png","UEFA","ITA","50058","FAME","Milan","","https://img.uefa.com/imgml/TP/teams/logos/70x70/50058.png","https://img.uefa.com/imgml/TP/teams/logos/240x240/50058.png","250058","MIL","DOMESTIC_MEN_TEAM_A","","DOMESTIC","Italie","Milan","AC Milan","MIL","75","MINUTE","1","0","1","9.5","KILOMETER","27.23","KILOMETER_PER_HOUR"
"250205706","50149","24","2001-04-01","30","Biel","BRA","","MIDFIELDER","MALE","","./image/250205706.jpg","Gabriel Teixeira","","","Teixeira Aragão","","","Brésil","Milieu","","Gabriel Teixeira","Gabriel Teixeira","Gabriel Teixeira","200110","./assoc/200110_POR.svg","./logo/50149.png","UEFA","POR","50149","FAME","Sporting CP","","https://img.uefa.com/imgml/TP/teams/logos/70x70/50149.png","https://img.uefa.com/imgml/TP/teams/logos/240x240/50149.png","250149","SPO","DOMESTIC_MEN_TEAM_A","","DOMESTIC","Portugal","Sporting CP","Sporting Clube de Portugal","SPO","73","MINUTE","2","0","0","9.95","KILOMETER","31.01","KILOMETER_PER_HOUR"
"250172062","50164","18","2006-11-07","66","Pavić","CRO","","MIDFIELDER","MALE","","./image/250172062.jpg","Branko Pavić","MIDFIELDER","6","Pavić","256370","","Croatie","Milieu","Branko","Pavić","Branko Pavić","Pavić","256370","./assoc/256370_CRO.svg","./logo/50164.png","UEFA","CRO","50164","FAME","GNK Dinamo","","https://img.uefa.com/imgml/TP/teams/logos/70x70/50164.png","https://img.uefa.com/imgml/TP/teams/logos/240x240/50164.png","250164","DIN","DOMESTIC_MEN_TEAM_A","","DOMESTIC","Croatie","GNK Dinamo","GNK Dinamo","DIN","73","MINUTE","1","0","0","9.18","KILOMETER","29.03","KILOMETER_PER_HOUR"
"250128898","50043","23","2002-07-09","41","Siquet","BEL","FULL_BACK","DEFENDER","MALE","","./image/250128898.jpg","Hugo Siquet","DEFENDER","2","Siquet","13","","Belgique","Défenseur","Hugo","Siquet","Hugo Siquet","Siquet","200013","./assoc/200013_BEL.svg","./logo/50043.png","UEFA","BEL","50043","FAME","Club Brugge","","https://img.uefa.com/imgml/TP/teams/logos/70x70/50043.png","https://img.uefa.com/imgml/TP/teams/logos/240x240/50043.png","250043","BRU","DOMESTIC_MEN_TEAM_A","","DOMESTIC","Belgique","Club Brugge","Club Brugge KV","BRU","70","MINUTE","4","0","0","9.94","KILOMETER","29.76","KILOMETER_PER_HOUR"
"250079522","50149","26","1998-12-03","10","Edwards","ENG","WINGER","FORWARD","MALE","","./image/250079522.jpg","Marcus Edwards","MIDFIELDER","14","Edwards","300039","","Angleterre","Attaquant","Marcus","Edwards","Marcus Edwards","Edwards","200110","./assoc/200110_POR.svg","./logo/50149.png","UEFA","POR","50149","FAME","Sporting CP","","https://img.uefa.com/imgml/TP/teams/logos/70x70/50149.png","https://img.uefa.com/imgml/TP/teams/logos/240x240/50149.png","250149","SPO","DOMESTIC_MEN_TEAM_A","","DOMESTIC","Portugal","Sporting CP","Sporting Clube de Portugal","SPO","68","MINUTE","1","0","0","8.28","KILOMETER","31.02","KILOMETER_PER_HOUR"
"250175393","2601306","24","2001-08-30","21","SALAH","BEL","UNKNOWN","FORWARD","MALE","","./image/250175393.jpg","Ibrahim Salah","FORWARD","","Salah","","","Belgique","Attaquant","Ibrahim","Salah","Ibrahim Salah","Salah","200043","./assoc/200043_FRA.svg","./logo/2601306.png","UEFA","FRA","2601306","FAME","Brest","","https://img.uefa.com/imgml/TP/teams/logos/70x70/2601306.png","https://img.uefa.com/imgml/TP/teams/logos/240x240/2601306.png","250000621","BRE","DOMESTIC_MEN_TEAM_A","","DOMESTIC","France","Brest","Stade Brestois 29","BRE","67","MINUTE","6","0","0","13.63","KILOMETER","32.05","KILOMETER_PER_HOUR"
"250088122","50023","26","1999-09-30","4","TEZE","NED","FULL_BACK","DEFENDER","MALE","","./image/250088122.jpg","Jordan Teze","DEFENDER","3","Teze","95","","Pays-Bas","Défenseur","Jordan","Teze","Jordan Teze","Teze","200043","./assoc/200043_FRA.svg","./logo/50023.png","UEFA","FRA","50023","FAME","Monaco","","https://img.uefa.com/imgml/TP/teams/logos/70x70/50023.png","https://img.uefa.com/imgml/TP/teams/logos/240x240/50023.png","250023","MON","DOMESTIC_MEN_TEAM_A","","DOMESTIC","France","Monaco","AS Monaco","MON","66","MINUTE","3","0","0","3.13","KILOMETER","29.94","KILOMETER_PER_HOUR"
"250189174","52816","20","2005-03-03","27","Palestra","ITA","UNKNOWN","DEFENDER","MALE","","./image/250189174.jpg","Marco Palestra","DEFENDER","2","Palestra","200066","","Italie","Défenseur","Marco","Palestra","Marco Palestra","Palestra","200066","./assoc/200066_ITA.svg","./logo/52816.png","UEFA","ITA","52816","FAME","Atalanta","","https://img.uefa.com/imgml/TP/teams/logos/70x70/52816.png","https://img.uefa.com/imgml/TP/teams/logos/240x240/52816.png","252816","ATA","DOMESTIC_MEN_TEAM_A","","DOMESTIC","Italie","Atalanta","Atalanta BC","ATA","65","MINUTE","3","0","0","9.18","KILOMETER","32.8","KILOMETER_PER_HOUR"
"250180110","52749","19","2006-03-24","32","Sliti","NED","UNKNOWN","FORWARD","MALE","","./image/250180110.jpg","Aymen Sliti","FORWARD","11","Sliti","300095","","Pays-Bas","Attaquant","Aymen","Sliti","Aymen Sliti","Sliti","200095","./assoc/200095_NED.svg","./logo/52749.png","UEFA","NED","52749","FAME","Feyenoord","","https://img.uefa.com/imgml/TP/teams/logos/70x70/52749.png","https://img.uefa.com/imgml/TP/teams/logos/240x240/52749.png","252749","FEY","DOMESTIC_MEN_TEAM_A","","DOMESTIC","Pays-Bas","Feyenoord","Feyenoord","FEY","63","MINUTE","1","0","0","8.12","KILOMETER","32.35","KILOMETER_PER_HOUR"
"250096737","50050","26","1998-11-16","56","Ralston","SCO","FULL_BACK","DEFENDER","MALE","","./image/250096737.jpg","Anthony Ralston","DEFENDER","2","Ralston","117","","Écosse","Défenseur","Anthony","Ralston","Anthony Ralston","Ralston","200117","./assoc/200117_SCO.svg","./logo/50050.png","UEFA","SCO","50050","FAME","Celtic","","https://img.uefa.com/imgml/TP/teams/logos/70x70/50050.png","https://img.uefa.com/imgml/TP/teams/logos/240x240/50050.png","250050","CEL","DOMESTIC_MEN_TEAM_A","","DOMESTIC","Écosse","Celtic","Celtic FC","CEL","62","MINUTE","3","0","0","8.81","KILOMETER","32.44","KILOMETER_PER_HOUR"
"250110159","50164","27","1998-10-06","11","Hoxha","ALB","UNKNOWN","FORWARD","MALE","","./image/250110159.jpg","Arbër Hoxha","FORWARD","21","Hoxha","2","","Albanie","Attaquant","Arbër","Hoxha","Arbër Hoxha","Hoxha","256370","./assoc/256370_CRO.svg","./logo/50164.png","UEFA","CRO","50164","FAME","GNK Dinamo","","https://img.uefa.com/imgml/TP/teams/logos/70x70/50164.png","https://img.uefa.com/imgml/TP/teams/logos/240x240/50164.png","250164","DIN","DOMESTIC_MEN_TEAM_A","","DOMESTIC","Croatie","GNK Dinamo","GNK Dinamo","DIN","60","MINUTE","5","0","0","9.41","KILOMETER","33.85","KILOMETER_PER_HOUR"
"1909868","50050","34","1991-07-07","49","Forrest","SCO","WINGER","MIDFIELDER","MALE","170","./image/1909868.jpg","James Forrest","MIDFIELDER","25","Forrest","117","67","Écosse","Milieu","James","Forrest","James Forrest","Forrest","200117","./assoc/200117_SCO.svg","./logo/50050.png","UEFA","SCO","50050","FAME","Celtic","","https://img.uefa.com/imgml/TP/teams/logos/70x70/50050.png","https://img.uefa.com/imgml/TP/teams/logos/240x240/50050.png","250050","CEL","DOMESTIC_MEN_TEAM_A","","DOMESTIC","Écosse","Celtic","Celtic FC","CEL","60","MINUTE","4","0","1","8.9","KILOMETER","33.07","KILOMETER_PER_HOUR"
"250171100","50058","22","2003-02-08","42","TERRACCIANO","ITA","UNKNOWN","DEFENDER","MALE","","./image/250171100.jpg","Filippo Terracciano","MIDFIELDER","13","Terracciano","300066","","Italie","Défenseur","Filippo","Terracciano","Filippo Terracciano","Terracciano","200066","./assoc/200066_ITA.svg","./logo/50058.png","UEFA","ITA","50058","FAME","Milan","","https://img.uefa.com/imgml/TP/teams/logos/70x70/50058.png","https://img.uefa.com/imgml/TP/teams/logos/240x240/50058.png","250058","MIL","DOMESTIC_MEN_TEAM_A","","DOMESTIC","Italie","Milan","AC Milan","MIL","60","MINUTE","2","0","0","9.93","KILOMETER","28.42","KILOMETER_PER_HOUR"
"250050378","50147","31","1993-12-20","19","Belotti","ITA","UNKNOWN","FORWARD","MALE","181","./image/250050378.jpg","Andrea Belotti","FORWARD","9","Belotti","66","72","Italie","Attaquant","Andrea","Belotti","Andrea Belotti","Belotti","200110","./assoc/200110_POR.svg","./logo/50147.png","UEFA","POR","50147","FAME","Benfica","","https://img.uefa.com/imgml/TP/teams/logos/70x70/50147.png","https://img.uefa.com/imgml/TP/teams/logos/240x240/50147.png","250147","BEN","DOMESTIC_MEN_TEAM_A","","DOMESTIC","Portugal","Benfica","SL Benfica","BEN","55","MINUTE","4","0","0","8.29","KILOMETER","30.15","KILOMETER_PER_HOUR"
"250119144","50107","23","2002-03-03","20","Stergiou","SUI","","DEFENDER","MALE","","./image/250119144.jpg","Leonidas Stergiou","DEFENDER","2","Stergiou","128","","Suisse","Défenseur","Leonidas","Stergiou","Leonidas Stergiou","Stergiou","200047","./assoc/200047_GER.svg","./logo/50107.png","UEFA","GER","50107","FAME","Stuttgart","","https://img.uefa.com/imgml/TP/teams/logos/70x70/50107.png","https://img.uefa.com/imgml/TP/teams/logos/240x240/50107.png","250107","STU","DOMESTIC_MEN_TEAM_A","","DOMESTIC","Allemagne","Stuttgart","VfB Stuttgart","STU","53","MINUTE","4","0","0","7.94","KILOMETER","33.57","KILOMETER_PER_HOUR"
"250138982","50043","21","2004-01-24","17","Vermant","BEL","UNKNOWN","FORWARD","MALE","","./image/250138982.jpg","Romeo Vermant","FORWARD","17","Vermant","200013","","Belgique","Attaquant","Romeo","Vermant","Romeo Vermant","Vermant","200013","./assoc/200013_BEL.svg","./logo/50043.png","UEFA","BEL","50043","FAME","Club Brugge","","https://img.uefa.com/imgml/TP/teams/logos/70x70/50043.png","https://img.uefa.com/imgml/TP/teams/logos/240x240/50043.png","250043","BRU","DOMESTIC_MEN_TEAM_A","","DOMESTIC","Belgique","Club Brugge","Club Brugge KV","BRU","52","MINUTE","5","0","0","10.06","KILOMETER","30.36","KILOMETER_PER_HOUR"
"250132338","50023","29","1996-04-06","28","Al Musrati","POR","DEFENSIVE_MIDFIELDER","MIDFIELDER","MALE","","./image/250132338.jpg","Al-Musrati","MIDFIELDER","","Al Musrati","","","Portugal","Milieu","","Al-Musrati","Al-Musrati","Al-Musrati","200043","./assoc/200043_FRA.svg","./logo/50023.png","UEFA","FRA","50023","FAME","Monaco","","https://img.uefa.com/imgml/TP/teams/logos/70x70/50023.png","https://img.uefa.com/imgml/TP/teams/logos/240x240/50023.png","250023","MON","DOMESTIC_MEN_TEAM_A","","DOMESTIC","France","Monaco","AS Monaco","MON","52","MINUTE","1","0","0","6.89","KILOMETER","30.78","KILOMETER_PER_HOUR"
"250200233","50030","26","1999-08-28","16","Kawamura","JPN","","MIDFIELDER","MALE","","./image/250200233.jpg","Takumu Kawamura","MIDFIELDER","","Kawamura","","","Japon","Milieu","Takumu","Kawamura","Takumu Kawamura","Kawamura","200008","./assoc/200008_AUT.svg","./logo/50030.png","UEFA","AUT","50030","FAME","Salzburg","","https://img.uefa.com/imgml/TP/teams/logos/70x70/50030.png","https://img.uefa.com/imgml/TP/teams/logos/240x240/50030.png","250030","SAL","DOMESTIC_MEN_TEAM_A","","DOMESTIC","Autriche","Salzburg","FC Salzburg","SAL","51","MINUTE","3","0","0","7.21","KILOMETER","31.43","KILOMETER_PER_HOUR"
"250193534","50080","23","2001-11-26","18","Pau Víctor","ESP","UNKNOWN","FORWARD","MALE","","./image/250193534.jpg","Pau Victor","FORWARD","","Pau Victor","","","Espagne","Attaquant","","Pau Victor","Pau Victor","Pau Victor","200122","./assoc/200122_ESP.svg","./logo/50080.png","UEFA","ESP","50080","FAME","Barcelona","","https://img.uefa.com/imgml/TP/teams/logos/70x70/50080.png","https://img.uefa.com/imgml/TP/teams/logos/240x240/50080.png","250080","BAR","DOMESTIC_MEN_TEAM_A","","DOMESTIC","Espagne","Barcelona","FC Barcelona","BAR","49","MINUTE","6","0","0","7.95","KILOMETER","32.82","KILOMETER_PER_HOUR"
"250171667","50080","19","2006-08-02","32","Fort Garcia","ESP","UNKNOWN","DEFENDER","MALE","","./image/250171667.jpg","Héctor Fort","DEFENDER","2","Fort Garcia","300122","","Espagne","Défenseur","Héctor","Fort","Héctor Fort","Fort","200122","./assoc/200122_ESP.svg","./logo/50080.png","UEFA","ESP","50080","FAME","Barcelona","","https://img.uefa.com/imgml/TP/teams/logos/70x70/50080.png","https://img.uefa.com/imgml/TP/teams/logos/240x240/50080.png","250080","BAR","DOMESTIC_MEN_TEAM_A","","DOMESTIC","Espagne","Barcelona","FC Barcelona","BAR","49","MINUTE","2","0","0","6.37","KILOMETER","31.23","KILOMETER_PER_HOUR"
"250200307","50050","27","1997-12-09","14","Mccowan","SCO","","MIDFIELDER","MALE","","./image/250200307.jpg","Luke McCowan","MIDFIELDER","","McCowan","","","Écosse","Milieu","Luke","McCowan","Luke McCowan","McCowan","200117","./assoc/200117_SCO.svg","./logo/50050.png","UEFA","SCO","50050","FAME","Celtic","","https://img.uefa.com/imgml/TP/teams/logos/70x70/50050.png","https://img.uefa.com/imgml/TP/teams/logos/240x240/50050.png","250050","CEL","DOMESTIC_MEN_TEAM_A","","DOMESTIC","Écosse","Celtic","Celtic FC","CEL","48","MINUTE","3","0","0","8.05","KILOMETER","29.73","KILOMETER_PER_HOUR"
"250130771","50033","22","2003-01-05","13","Daněk","CZE","UNKNOWN","MIDFIELDER","MALE","","./image/250130771.jpg","Kryštof Daněk","MIDFIELDER","13","Daněk","58837","","Tchéquie","Milieu","Kryštof","Daněk","Kryštof Daněk","Daněk","258837","./assoc/258837_CZE.svg","./logo/50033.png","UEFA","CZE","50033","FAME","Sparta Praha","","https://img.uefa.com/imgml/TP/teams/logos/70x70/50033.png","https://img.uefa.com/imgml/TP/teams/logos/240x240/50033.png","250033","SPA","DOMESTIC_MEN_TEAM_A","","DOMESTIC","Tchéquie","Sparta Praha","AC Sparta Praha","SPA","48","MINUTE","3","0","0","7.63","KILOMETER","31.34","KILOMETER_PER_HOUR"
"250177597","52747","19","2006-05-17","24","MAYULU","FRA","UNKNOWN","MIDFIELDER","MALE","","./image/250177597.jpg","Senny Mayulu","MIDFIELDER","14","Mayulu","300043","","France","Milieu","Senny","Mayulu","Senny Mayulu","Mayulu","200043","./assoc/200043_FRA.svg","./logo/52747.png","UEFA","FRA","52747","FAME","Paris","","https://img.uefa.com/imgml/TP/teams/logos/70x70/52747.png","https://img.uefa.com/imgml/TP/teams/logos/240x240/52747.png","252747","PSG","DOMESTIC_MEN_TEAM_A","","DOMESTIC","France","Paris","Paris Saint-Germain","PSG","47","MINUTE","4","2","0","7.05","KILOMETER","32.44","KILOMETER_PER_HOUR"
"250178067","52749","21","2004-06-01","21","Zechiël","NED","UNKNOWN","MIDFIELDER","MALE","","./image/250178067.jpg","Gjivai Zechiel","MIDFIELDER","6","Zechiël","200095","","Pays-Bas","Milieu","Gjivai","Zechiel","Gjivai Zechiel","Zechiel","200095","./assoc/200095_NED.svg","./logo/52749.png","UEFA","NED","52749","FAME","Feyenoord","","https://img.uefa.com/imgml/TP/teams/logos/70x70/52749.png","https://img.uefa.com/imgml/TP/teams/logos/240x240/52749.png","252749","FEY","DOMESTIC_MEN_TEAM_A","","DOMESTIC","Pays-Bas","Feyenoord","Feyenoord","FEY","46","MINUTE","2","0","0","6.65","KILOMETER","30.11","KILOMETER_PER_HOUR"
"250136445","50124","22","2003-01-16","29","JAVI SERRANO","ESP","","MIDFIELDER","MALE","","./image/250136445.jpg","Javi Serrano","MIDFIELDER","6","Serrano Martinez","300122","","Espagne","Milieu","","Javi Serrano","Javi Serrano","Javi Serrano","200122","./assoc/200122_ESP.svg","./logo/50124.png","UEFA","ESP","50124","FAME","Atleti","","https://img.uefa.com/imgml/TP/teams/logos/70x70/50124.png","https://img.uefa.com/imgml/TP/teams/logos/240x240/50124.png","250124","ATM","DOMESTIC_MEN_TEAM_A","","DOMESTIC","Espagne","Atleti","Atlético de Madrid","ATM","45","MINUTE","1","0","0","6.36","KILOMETER","29.58","KILOMETER_PER_HOUR"
"250177504","50149","20","2005-07-19","50","ALEXANDRE","POR","","MIDFIELDER","MALE","","./image/250177504.jpg","Alexandre Brito","MIDFIELDER","","","","","Portugal","Milieu","","Alexandre Brito","Alexandre Brito","Alexandre Brito","200110","./assoc/200110_POR.svg","./logo/50149.png","UEFA","POR","50149","FAME","Sporting CP","","https://img.uefa.com/imgml/TP/teams/logos/70x70/50149.png","https://img.uefa.com/imgml/TP/teams/logos/240x240/50149.png","250149","SPO","DOMESTIC_MEN_TEAM_A","","DOMESTIC","Portugal","Sporting CP","Sporting Clube de Portugal","SPO","45","MINUTE","1","0","0","6.28","KILOMETER","28.96","KILOMETER_PER_HOUR"
"250180309","50030","19","2006-07-30","4","Mellberg","SWE","UNKNOWN","DEFENDER","MALE","","./image/250180309.jpg","John Mellberg","DEFENDER","4","Mellberg","127","","Suède","Défenseur","John","Mellberg","John Mellberg","Mellberg","200008","./assoc/200008_AUT.svg","./logo/50030.png","UEFA","AUT","50030","FAME","Salzburg","","https://img.uefa.com/imgml/TP/teams/logos/70x70/50030.png","https://img.uefa.com/imgml/TP/teams/logos/240x240/50030.png","250030","SAL","DOMESTIC_MEN_TEAM_A","","DOMESTIC","Autriche","Salzburg","FC Salzburg","SAL","45","MINUTE","1","0","0","6","KILOMETER","30.82","KILOMETER_PER_HOUR"
"250165236","75797","20","2005-02-18","36","TOURE","FRA","","DEFENDER","MALE","","./image/250165236.jpg","Ousmane Toure","DEFENDER","","TOURE","","","France","Défenseur","Ousmane","Toure","Ousmane Toure","Toure","200043","./assoc/200043_FRA.svg","./logo/75797.png","UEFA","FRA","75797","FAME","Lille","","https://img.uefa.com/imgml/TP/teams/logos/70x70/75797.png","https://img.uefa.com/imgml/TP/teams/logos/240x240/75797.png","275797","LIL","DOMESTIC_MEN_TEAM_A","","DOMESTIC","France","Lille","LOSC Lille","LIL","45","MINUTE","1","0","0","5.39","KILOMETER","31.86","KILOMETER_PER_HOUR"
"250081634","52969","27","1998-01-24","6","Erlić","CRO","UNKNOWN","DEFENDER","MALE","","./image/250081634.jpg","Martin Erlić","DEFENDER","5","Erlić","56370","","Croatie","Défenseur","Martin","Erlić","Martin Erlić","Erlić","200066","./assoc/200066_ITA.svg","./logo/52969.png","UEFA","ITA","52969","FAME","Bologna","","https://img.uefa.com/imgml/TP/teams/logos/70x70/52969.png","https://img.uefa.com/imgml/TP/teams/logos/240x240/52969.png","252969","BOL","DOMESTIC_MEN_TEAM_A","","DOMESTIC","Italie","Bologna","Bologna FC 1909","BOL","45","MINUTE","1","0","0","5.03","KILOMETER","29.95","KILOMETER_PER_HOUR"
"1902445","50037","37","1988-08-03","26","Ulreich","GER","UNKNOWN","GOALKEEPER","MALE","192","./image/1902445.jpg","Sven Ulreich","GOALKEEPER","22","Ulreich","47","84","Allemagne","Gardien","Sven","Ulreich","Sven Ulreich","Ulreich","200047","./assoc/200047_GER.svg","./logo/50037.png","UEFA","GER","50037","FAME","Bayern München","","https://img.uefa.com/imgml/TP/teams/logos/70x70/50037.png","https://img.uefa.com/imgml/TP/teams/logos/240x240/50037.png","250037","BAY","DOMESTIC_MEN_TEAM_A","","DOMESTIC","Allemagne","Bayern München","FC Bayern München","BAY","45","MINUTE","1","0","0","2.79","KILOMETER","22.43","KILOMETER_PER_HOUR"
"250138623","50033","25","2000-09-14","11","Tuci","ALB","","FORWARD","MALE","","./image/250138623.jpg","Indrit Tuci","FORWARD","7","Tuci","2","","Albanie","Attaquant","Indrit","Tuci","Indrit Tuci","Tuci","258837","./assoc/258837_CZE.svg","./logo/50033.png","UEFA","CZE","50033","FAME","Sparta Praha","","https://img.uefa.com/imgml/TP/teams/logos/70x70/50033.png","https://img.uefa.com/imgml/TP/teams/logos/240x240/50033.png","250033","SPA","DOMESTIC_MEN_TEAM_A","","DOMESTIC","Tchéquie","Sparta Praha","AC Sparta Praha","SPA","42","MINUTE","2","0","0","6.21","KILOMETER","29.45","KILOMETER_PER_HOUR"
"250058260","2603790","29","1996-06-03","16","Klostermann","GER","FULL_BACK","DEFENDER","MALE","","./image/250058260.jpg","Lukas Klostermann","DEFENDER","16","Klostermann","47","","Allemagne","Défenseur","Lukas","Klostermann","Lukas Klostermann","Klostermann","200047","./assoc/200047_GER.svg","./logo/2603790.png","UEFA","GER","2603790","FAME","Leipzig","","https://img.uefa.com/imgml/TP/teams/logos/70x70/2603790.png","https://img.uefa.com/imgml/TP/teams/logos/240x240/2603790.png","250002563","RBL","DOMESTIC_MEN_TEAM_A","","DOMESTIC","Allemagne","Leipzig","RB Leipzig","RBL","41","MINUTE","3","0","0","6.53","KILOMETER","29.88","KILOMETER_PER_HOUR"
"250117471","50080","22","2002-10-31","31","ANSU FATI","ESP","UNKNOWN","FORWARD","MALE","","./image/250117471.jpg","Ansu Fati","FORWARD","17","Ansu Fati","122","","Espagne","Attaquant","Ansu","Fati","Ansu Fati","Fati","200122","./assoc/200122_ESP.svg","./logo/50080.png","UEFA","ESP","50080","FAME","Barcelona","","https://img.uefa.com/imgml/TP/teams/logos/70x70/50080.png","https://img.uefa.com/imgml/TP/teams/logos/240x240/50080.png","250080","BAR","DOMESTIC_MEN_TEAM_A","","DOMESTIC","Espagne","Barcelona","FC Barcelona","BAR","40","MINUTE","4","0","0","6.07","KILOMETER","30.01","KILOMETER_PER_HOUR"
"250174331","50031","21","2004-06-07","14","Chaiwa","ZAM","UNKNOWN","MIDFIELDER","MALE","","./image/250174331.jpg","Miguel Chaiwa","MIDFIELDER","","Chaiwa","","","Zambie","Milieu","Miguel","Chaiwa","Miguel Chaiwa","Chaiwa","200128","./assoc/200128_SUI.svg","./logo/50031.png","UEFA","SUI","50031","FAME","Young Boys","","https://img.uefa.com/imgml/TP/teams/logos/70x70/50031.png","https://img.uefa.com/imgml/TP/teams/logos/240x240/50031.png","250031","YB","DOMESTIC_MEN_TEAM_A","","DOMESTIC","Suisse","Young Boys","BSC Young Boys","YB","39","MINUTE","2","0","0","5.77","KILOMETER","30.41","KILOMETER_PER_HOUR"
"250124400","7889","22","2002-10-31","23","MORTON","ENG","UNKNOWN","MIDFIELDER","MALE","","./image/250124400.jpg","Tyler Morton","MIDFIELDER","23","Morton","200039","","Angleterre","Milieu","Tyler","Morton","Tyler Morton","Morton","200039","./assoc/200039_ENG.svg","./logo/7889.png","UEFA","ENG","7889","FAME","Liverpool","","https://img.uefa.com/imgml/TP/teams/logos/70x70/7889.png","https://img.uefa.com/imgml/TP/teams/logos/240x240/7889.png","207889","LIV","DOMESTIC_MEN_TEAM_A","","DOMESTIC","Angleterre","Liverpool","Liverpool FC","LIV","39","MINUTE","1","0","0","5.53","KILOMETER","32","KILOMETER_PER_HOUR"
"250177333","50058","20","2005-01-31","96","Torriani","ITA","","GOALKEEPER","MALE","","./image/250177333.jpg","Lorenzo Torriani","GOALKEEPER","","Torriani","","","Italie","Gardien","Lorenzo","Torriani","Lorenzo Torriani","Torriani","200066","./assoc/200066_ITA.svg","./logo/50058.png","UEFA","ITA","50058","FAME","Milan","","https://img.uefa.com/imgml/TP/teams/logos/70x70/50058.png","https://img.uefa.com/imgml/TP/teams/logos/240x240/50058.png","250058","MIL","DOMESTIC_MEN_TEAM_A","","DOMESTIC","Italie","Milan","AC Milan","MIL","39","MINUTE","1","0","0","3.14","KILOMETER","23.15","KILOMETER_PER_HOUR"
"250124155","50138","23","2002-01-23","59","Zalewski","POL","ATTACKING_MIDFIELDER","MIDFIELDER","MALE","","./image/250124155.jpg","Nicola Zalewski","MIDFIELDER","21","Zalewski","109","","Pologne","Milieu","Nicola","Zalewski","Nicola Zalewski","Zalewski","200066","./assoc/200066_ITA.svg","./logo/50138.png","UEFA","ITA","50138","FAME","Inter","","https://img.uefa.com/imgml/TP/teams/logos/70x70/50138.png","https://img.uefa.com/imgml/TP/teams/logos/240x240/50138.png","250138","INT","DOMESTIC_MEN_TEAM_A","","DOMESTIC","Italie","Inter","FC Internazionale Milano","INT","38","MINUTE","2","0","0","0.71","KILOMETER","21.94","KILOMETER_PER_HOUR"
"250180810","50107","19","2006-07-10","18","Malanga","GER","UNKNOWN","FORWARD","MALE","","./image/250180810.jpg","Jarzinho Malanga","FORWARD","17","Malanga","300047","","Allemagne","Attaquant","Jarzinho","Malanga","Jarzinho Malanga","Malanga","200047","./assoc/200047_GER.svg","./logo/50107.png","UEFA","GER","50107","FAME","Stuttgart","","https://img.uefa.com/imgml/TP/teams/logos/70x70/50107.png","https://img.uefa.com/imgml/TP/teams/logos/240x240/50107.png","250107","STU","DOMESTIC_MEN_TEAM_A","","DOMESTIC","Allemagne","Stuttgart","VfB Stuttgart","STU","37","MINUTE","3","0","0","6.06","KILOMETER","30.79","KILOMETER_PER_HOUR"
"250168060","50023","20","2005-06-22","21","MICHAL","FRA","","FORWARD","MALE","","./image/250168060.jpg","Lucas Michal","FORWARD","7","Michal","300043","","France","Attaquant","Lucas","Michal","Lucas Michal","Michal","200043","./assoc/200043_FRA.svg","./logo/50023.png","UEFA","FRA","50023","FAME","Monaco","","https://img.uefa.com/imgml/TP/teams/logos/70x70/50023.png","https://img.uefa.com/imgml/TP/teams/logos/240x240/50023.png","250023","MON","DOMESTIC_MEN_TEAM_A","","DOMESTIC","France","Monaco","AS Monaco","MON","37","MINUTE","3","0","0","3.42","KILOMETER","29.1","KILOMETER_PER_HOUR"
"250182794","50058","17","2008-03-10","9","Camarda","ITA","UNKNOWN","FORWARD","MALE","","./image/250182794.jpg","Francesco Camarda","FORWARD","9","Camarda","200066","","Italie","Attaquant","Francesco","Camarda","Francesco Camarda","Camarda","200066","./assoc/200066_ITA.svg","./logo/50058.png","UEFA","ITA","50058","FAME","Milan","","https://img.uefa.com/imgml/TP/teams/logos/70x70/50058.png","https://img.uefa.com/imgml/TP/teams/logos/240x240/50058.png","250058","MIL","DOMESTIC_MEN_TEAM_A","","DOMESTIC","Italie","Milan","AC Milan","MIL","36","MINUTE","4","0","1","7.23","KILOMETER","32.23","KILOMETER_PER_HOUR"
"250164781","50080","20","2005-04-01","36","S. Dominguez","ESP","UNKNOWN","DEFENDER","MALE","","./image/250164781.jpg","Sergi Dominguez","DEFENDER","14","Dominguez Viloria","300122","","Espagne","Défenseur","Sergi","Dominguez","Sergi Dominguez","Dominguez","200122","./assoc/200122_ESP.svg","./logo/50080.png","UEFA","ESP","50080","FAME","Barcelona","","https://img.uefa.com/imgml/TP/teams/logos/70x70/50080.png","https://img.uefa.com/imgml/TP/teams/logos/240x240/50080.png","250080","BAR","DOMESTIC_MEN_TEAM_A","","DOMESTIC","Espagne","Barcelona","FC Barcelona","BAR","35","MINUTE","2","0","0","4.69","KILOMETER","32.14","KILOMETER_PER_HOUR"
"250164940","50149","20","2005-03-19","17","A.MOREIRA","POR","UNKNOWN","FORWARD","MALE","","./image/250164940.jpg","Afonso Moreira","FORWARD","17","AFONSO MOREIRA","200110","","Portugal","Attaquant","","Afonso Moreira","Afonso Moreira","Afonso Moreira","200110","./assoc/200110_POR.svg","./logo/50149.png","UEFA","POR","50149","FAME","Sporting CP","","https://img.uefa.com/imgml/TP/teams/logos/70x70/50149.png","https://img.uefa.com/imgml/TP/teams/logos/240x240/50149.png","250149","SPO","DOMESTIC_MEN_TEAM_A","","DOMESTIC","Portugal","Sporting CP","Sporting Clube de Portugal","SPO","35","MINUTE","1","0","0","4.03","KILOMETER","29.52","KILOMETER_PER_HOUR"
"250129755","52816","21","2003-12-11","42","Scalvini","ITA","UNKNOWN","DEFENDER","MALE","","./image/250129755.jpg","Giorgio Scalvini","DEFENDER","19","Scalvini","66","","Italie","Défenseur","Giorgio","Scalvini","Giorgio Scalvini","Scalvini","200066","./assoc/200066_ITA.svg","./logo/52816.png","UEFA","ITA","52816","FAME","Atalanta","","https://img.uefa.com/imgml/TP/teams/logos/70x70/52816.png","https://img.uefa.com/imgml/TP/teams/logos/240x240/52816.png","252816","ATA","DOMESTIC_MEN_TEAM_A","","DOMESTIC","Italie","Atalanta","Atalanta BC","ATA","35","MINUTE","1","0","0","3.69","KILOMETER","31.6","KILOMETER_PER_HOUR"
"250174602","50050","25","2000-01-17","77","Palma","HON","UNKNOWN","MIDFIELDER","MALE","","./image/250174602.jpg","Luis Palma","MIDFIELDER","","PALMA","","","Honduras","Milieu","Luis","Palma","Luis Palma","Palma","200117","./assoc/200117_SCO.svg","./logo/50050.png","UEFA","SCO","50050","FAME","Celtic","","https://img.uefa.com/imgml/TP/teams/logos/70x70/50050.png","https://img.uefa.com/imgml/TP/teams/logos/240x240/50050.png","250050","CEL","DOMESTIC_MEN_TEAM_A","","DOMESTIC","Écosse","Celtic","Celtic FC","CEL","34","MINUTE","2","0","0","4.7","KILOMETER","33.45","KILOMETER_PER_HOUR"
"250091841","2603790","26","1999-09-24","20","Elmas","MKD","CENTRAL_MIDFIELDER","MIDFIELDER","MALE","","./image/250091841.jpg","Eljif Elmas","MIDFIELDER","7","Elmas","59205","","Macédoine du Nord","Milieu","Eljif","Elmas","Eljif Elmas","Elmas","200047","./assoc/200047_GER.svg","./logo/2603790.png","UEFA","GER","2603790","FAME","Leipzig","","https://img.uefa.com/imgml/TP/teams/logos/70x70/2603790.png","https://img.uefa.com/imgml/TP/teams/logos/240x240/2603790.png","250002563","RBL","DOMESTIC_MEN_TEAM_A","","DOMESTIC","Allemagne","Leipzig","RB Leipzig","RBL","33","MINUTE","3","0","0","6.67","KILOMETER","32.1","KILOMETER_PER_HOUR"
"250181455","50037","26","1999-05-12","21","Ito","JPN","UNKNOWN","DEFENDER","MALE","","./image/250181455.jpg","Hiroki Ito","DEFENDER","21","H. Ito","69","","Japon","Défenseur","Hiroki","Ito","Hiroki Ito","H. Ito","200047","./assoc/200047_GER.svg","./logo/50037.png","UEFA","GER","50037","FAME","Bayern München","","https://img.uefa.com/imgml/TP/teams/logos/70x70/50037.png","https://img.uefa.com/imgml/TP/teams/logos/240x240/50037.png","250037","BAY","DOMESTIC_MEN_TEAM_A","","DOMESTIC","Allemagne","Bayern München","FC Bayern München","BAY","33","MINUTE","2","0","0","5.31","KILOMETER","30.96","KILOMETER_PER_HOUR"
"250106789","50062","30","1995-07-30","27","H. LOZANO","MEX","WINGER","FORWARD","MALE","","./image/250106789.jpg","Hirving Lozano","FORWARD","22","H. Lozano","91","","Mexique","Attaquant","Hirving","Lozano","Hirving Lozano","Lozano","200095","./assoc/200095_NED.svg","./logo/50062.png","UEFA","NED","50062","FAME","PSV","","https://img.uefa.com/imgml/TP/teams/logos/70x70/50062.png","https://img.uefa.com/imgml/TP/teams/logos/240x240/50062.png","250062","PSV","DOMESTIC_MEN_TEAM_A","","DOMESTIC","Pays-Bas","PSV","PSV Eindhoven","PSV","33","MINUTE","2","0","0","4.6","KILOMETER","30.45","KILOMETER_PER_HOUR"
"1906553","50111","34","1991-02-03","25","Hierländer","AUT","UNKNOWN","MIDFIELDER","MALE","180","./image/1906553.jpg","Stefan Hierländer","MIDFIELDER","15","Hierländer","8","71","Autriche","Milieu","Stefan","Hierländer","Stefan Hierländer","Hierländer","200008","./assoc/200008_AUT.svg","./logo/50111.png","UEFA","AUT","50111","FAME","Sturm Graz","","https://img.uefa.com/imgml/TP/teams/logos/70x70/50111.png","https://img.uefa.com/imgml/TP/teams/logos/240x240/50111.png","250111","SGR","DOMESTIC_MEN_TEAM_A","","DOMESTIC","Autriche","Sturm Graz","SK Sturm Graz","SGR","32","MINUTE","6","0","0","8.43","KILOMETER","31.88","KILOMETER_PER_HOUR"
"250116759","52797","26","1999-07-05","20","Mustafić","BIH","UNKNOWN","MIDFIELDER","MALE","","./image/250116759.jpg","Alen Mustafić","MIDFIELDER","6","Mustafić","360094","","Bosnie-Herzégovine","Milieu","Alen","Mustafić","Alen Mustafić","Mustafić","258836","./assoc/258836_SVK.svg","./logo/52797.png","UEFA","SVK","52797","FAME","S. Bratislava","","https://img.uefa.com/imgml/TP/teams/logos/70x70/52797.png","https://img.uefa.com/imgml/TP/teams/logos/240x240/52797.png","252797","SLB","DOMESTIC_MEN_TEAM_A","","DOMESTIC","Slovaquie","S. Bratislava","ŠK Slovan Bratislava","SLB","32","MINUTE","4","0","0","6.4","KILOMETER","29.94","KILOMETER_PER_HOUR"
"250196593","50043","25","1999-12-15","2","Romero","ARG","UNKNOWN","DEFENDER","MALE","","./image/250196593.jpg","Zaid Romero","DEFENDER","","Romero","","","Argentine","Défenseur","Zaid","Romero","Zaid Romero","Romero","200013","./assoc/200013_BEL.svg","./logo/50043.png","UEFA","BEL","50043","FAME","Club Brugge","","https://img.uefa.com/imgml/TP/teams/logos/70x70/50043.png","https://img.uefa.com/imgml/TP/teams/logos/240x240/50043.png","250043","BRU","DOMESTIC_MEN_TEAM_A","","DOMESTIC","Belgique","Club Brugge","Club Brugge KV","BRU","32","MINUTE","1","0","0","3.54","KILOMETER","31.21","KILOMETER_PER_HOUR"
"250165027","50147","20","2005-06-20","84","João Rego","POR","UNKNOWN","FORWARD","MALE","","./image/250165027.jpg","João Rego","FORWARD","23","João Rego","300110","","Portugal","Attaquant","","João Rego","João Rego","João Rego","200110","./assoc/200110_POR.svg","./logo/50147.png","UEFA","POR","50147","FAME","Benfica","","https://img.uefa.com/imgml/TP/teams/logos/70x70/50147.png","https://img.uefa.com/imgml/TP/teams/logos/240x240/50147.png","250147","BEN","DOMESTIC_MEN_TEAM_A","","DOMESTIC","Portugal","Benfica","SL Benfica","BEN","30","MINUTE","4","0","0","5.82","KILOMETER","29.42","KILOMETER_PER_HOUR"
"250081693","52758","27","1998-01-27","6","Özcan","TUR","ATTACKING_MIDFIELDER","MIDFIELDER","MALE","","./image/250081693.jpg","Salih Özcan","MIDFIELDER","5","ÖZCAN","135","","Turquie","Milieu","","Salih Özcan","Salih Özcan","Salih Özcan","200047","./assoc/200047_GER.svg","./logo/52758.png","UEFA","GER","52758","FAME","B. Dortmund","","https://img.uefa.com/imgml/TP/teams/logos/70x70/52758.png","https://img.uefa.com/imgml/TP/teams/logos/240x240/52758.png","252758","BVB","DOMESTIC_MEN_TEAM_A","","DOMESTIC","Allemagne","B. Dortmund","Borussia Dortmund","BVB","29","MINUTE","3","0","0","0.26","KILOMETER","23.14","KILOMETER_PER_HOUR"
"250164008","52683","19","2005-12-16","20","Nedeljković","SRB","UNKNOWN","DEFENDER","MALE","","./image/250164008.jpg","Kosta Nedeljković","DEFENDER","2","Nedeljković","147","","Serbie","Défenseur","Kosta","Nedeljković","Kosta Nedeljković","Nedeljković","200039","./assoc/200039_ENG.svg","./logo/52683.png","UEFA","ENG","52683","FAME","Aston Villa","","https://img.uefa.com/imgml/TP/teams/logos/70x70/52683.png","https://img.uefa.com/imgml/TP/teams/logos/240x240/52683.png","252683","AVL","DOMESTIC_MEN_TEAM_A","","DOMESTIC","Angleterre","Aston Villa","Aston Villa FC","AVL","29","MINUTE","2","0","0","4.72","KILOMETER","31.02","KILOMETER_PER_HOUR"
"250099399","52969","28","1997-01-06","20","Aebischer","SUI","CENTRAL_MIDFIELDER","MIDFIELDER","MALE","","./image/250099399.jpg","Michel Aebischer","MIDFIELDER","20","Aebischer","128","","Suisse","Milieu","Michel","Aebischer","Michel Aebischer","Aebischer","200066","./assoc/200066_ITA.svg","./logo/52969.png","UEFA","ITA","52969","FAME","Bologna","","https://img.uefa.com/imgml/TP/teams/logos/70x70/52969.png","https://img.uefa.com/imgml/TP/teams/logos/240x240/52969.png","252969","BOL","DOMESTIC_MEN_TEAM_A","","DOMESTIC","Italie","Bologna","Bologna FC 1909","BOL","29","MINUTE","1","0","0","3.61","KILOMETER","28.66","KILOMETER_PER_HOUR"
"250176187","50031","19","2006-09-09","66","SMITH","SUI","","DEFENDER","MALE","","./image/250176187.jpg","Rhodri Smith","DEFENDER","3","","300128","","Suisse","Défenseur","Rhodri","Smith","Rhodri Smith","Smith","200128","./assoc/200128_SUI.svg","./logo/50031.png","UEFA","SUI","50031","FAME","Young Boys","","https://img.uefa.com/imgml/TP/teams/logos/70x70/50031.png","https://img.uefa.com/imgml/TP/teams/logos/240x240/50031.png","250031","YB","DOMESTIC_MEN_TEAM_A","","DOMESTIC","Suisse","Young Boys","BSC Young Boys","YB","28","MINUTE","1","0","0","4.33","KILOMETER","30.49","KILOMETER_PER_HOUR"
"250177381","50058","19","2005-12-29","35","Bartesaghi","ITA","UNKNOWN","DEFENDER","MALE","","./image/250177381.jpg","Davide Bartesaghi","DEFENDER","13","Bartesaghi","200066","","Italie","Défenseur","Davide","Bartesaghi","Davide Bartesaghi","Bartesaghi","200066","./assoc/200066_ITA.svg","./logo/50058.png","UEFA","ITA","50058","FAME","Milan","","https://img.uefa.com/imgml/TP/teams/logos/70x70/50058.png","https://img.uefa.com/imgml/TP/teams/logos/240x240/50058.png","250058","MIL","DOMESTIC_MEN_TEAM_A","","DOMESTIC","Italie","Milan","AC Milan","MIL","27","MINUTE","1","0","0","4.16","KILOMETER","31.67","KILOMETER_PER_HOUR"
"250077644","50031","27","1998-03-24","22","ABDU","POR","UNKNOWN","DEFENDER","MALE","","./image/250077644.jpg","Abdu Conté","DEFENDER","2","ABDU","200110","","Portugal","Défenseur","","Abdu Conté","Abdu Conté","Abdu Conté","200128","./assoc/200128_SUI.svg","./logo/50031.png","UEFA","SUI","50031","FAME","Young Boys","","https://img.uefa.com/imgml/TP/teams/logos/70x70/50031.png","https://img.uefa.com/imgml/TP/teams/logos/240x240/50031.png","250031","YB","DOMESTIC_MEN_TEAM_A","","DOMESTIC","Suisse","Young Boys","BSC Young Boys","YB","27","MINUTE","1","0","0","3.43","KILOMETER","31.98","KILOMETER_PER_HOUR"
"250200248","7889","18","2007-06-30","42","Nyoni","ENG","UNKNOWN","FORWARD","MALE","","./image/250200248.jpg","Trey Nyoni","MIDFIELDER","16","","300039","","Angleterre","Attaquant","Trey","Nyoni","Trey Nyoni","Nyoni","200039","./assoc/200039_ENG.svg","./logo/7889.png","UEFA","ENG","7889","FAME","Liverpool","","https://img.uefa.com/imgml/TP/teams/logos/70x70/7889.png","https://img.uefa.com/imgml/TP/teams/logos/240x240/7889.png","207889","LIV","DOMESTIC_MEN_TEAM_A","","DOMESTIC","Angleterre","Liverpool","Liverpool FC","LIV","26","MINUTE","1","0","0","4.02","KILOMETER","28.99","KILOMETER_PER_HOUR"
"250118912","50023","23","2002-02-15","8","MATAZO","BEL","UNKNOWN","MIDFIELDER","MALE","","./image/250118912.jpg","Eliot Matazo","MIDFIELDER","10","Matazo","200013","","Belgique","Milieu","Eliot","Matazo","Eliot Matazo","Matazo","200043","./assoc/200043_FRA.svg","./logo/50023.png","UEFA","FRA","50023","FAME","Monaco","","https://img.uefa.com/imgml/TP/teams/logos/70x70/50023.png","https://img.uefa.com/imgml/TP/teams/logos/240x240/50023.png","250023","MON","DOMESTIC_MEN_TEAM_A","","DOMESTIC","France","Monaco","AS Monaco","MON","25","MINUTE","3","0","0","4.78","KILOMETER","28.44","KILOMETER_PER_HOUR"
"250029862","50069","34","1991-02-06","10","Katai","SRB","WINGER","MIDFIELDER","MALE","182","./image/250029862.jpg","Aleksandar Katai","MIDFIELDER","22","Katai","147","74","Serbie","Milieu","Aleksandar","Katai","Aleksandar Katai","Katai","200147","./assoc/200147_SRB.svg","./logo/50069.png","UEFA","SRB","50069","FAME","Crvena Zvezda","","https://img.uefa.com/imgml/TP/teams/logos/70x70/50069.png","https://img.uefa.com/imgml/TP/teams/logos/240x240/50069.png","250069","ZVE","DOMESTIC_MEN_TEAM_A","","DOMESTIC","Serbie","Crvena Zvezda","FK Crvena Zvezda","ZVE","24","MINUTE","2","0","0","3.72","KILOMETER","29.8","KILOMETER_PER_HOUR"
"250170137","2603790","19","2006-05-09","20","","GER","","MIDFIELDER","MALE","","./image/250170137.jpg","Assan Ouedraogo","MIDFIELDER","21","Ouedraogo","200047","","Allemagne","Milieu","Assan","Ouedraogo","Assan Ouedraogo","Ouedraogo","200047","./assoc/200047_GER.svg","./logo/2603790.png","UEFA","GER","2603790","FAME","Leipzig","","https://img.uefa.com/imgml/TP/teams/logos/70x70/2603790.png","https://img.uefa.com/imgml/TP/teams/logos/240x240/2603790.png","250002563","RBL","DOMESTIC_MEN_TEAM_A","","DOMESTIC","Allemagne","Leipzig","RB Leipzig","RBL","23","MINUTE","2","0","0","2.5","KILOMETER","32.35","KILOMETER_PER_HOUR"
"250042691","75797","30","1995-10-09","10","AKPOM","NGA","STRIKER","FORWARD","MALE","183","./image/250042691.jpg","Chuba Akpom","FORWARD","9","Akpom","200039","","Nigeria","Attaquant","Chuba","Akpom","Chuba Akpom","Akpom","200043","./assoc/200043_FRA.svg","./logo/75797.png","UEFA","FRA","75797","FAME","Lille","","https://img.uefa.com/imgml/TP/teams/logos/70x70/75797.png","https://img.uefa.com/imgml/TP/teams/logos/240x240/75797.png","275797","LIL","DOMESTIC_MEN_TEAM_A","","DOMESTIC","France","Lille","LOSC Lille","LIL","23","MINUTE","1","0","0","","","",""
"250154458","50033","23","2002-09-11","2","Suchomel","CZE","","DEFENDER","MALE","","./image/250154458.jpg","Martin Suchomel","DEFENDER","4","Suchomel","258837","","Tchéquie","Défenseur","Martin","Suchomel","Martin Suchomel","Suchomel","258837","./assoc/258837_CZE.svg","./logo/50033.png","UEFA","CZE","50033","FAME","Sparta Praha","","https://img.uefa.com/imgml/TP/teams/logos/70x70/50033.png","https://img.uefa.com/imgml/TP/teams/logos/240x240/50033.png","250033","SPA","DOMESTIC_MEN_TEAM_A","","DOMESTIC","Tchéquie","Sparta Praha","AC Sparta Praha","SPA","22","MINUTE","3","0","0","2.3","KILOMETER","29.28","KILOMETER_PER_HOUR"
"250166680","50139","19","2006-05-12","17","Adžić","MNE","UNKNOWN","MIDFIELDER","MALE","","./image/250166680.jpg","Vasilije Adžić","MIDFIELDER","10","Adžić","92853","","Monténégro","Milieu","Vasilije","Adžić","Vasilije Adžić","Adžić","200066","./assoc/200066_ITA.svg","./logo/50139.png","UEFA","ITA","50139","FAME","Juventus","","https://img.uefa.com/imgml/TP/teams/logos/70x70/50139.png","https://img.uefa.com/imgml/TP/teams/logos/240x240/50139.png","250139","JUV","DOMESTIC_MEN_TEAM_A","","DOMESTIC","Italie","Juventus","Juventus","JUV","22","MINUTE","1","0","0","3.41","KILOMETER","32.47","KILOMETER_PER_HOUR"
"250183510","50023","21","2004-10-14","20","OUATTARA","FRA","UNKNOWN","DEFENDER","MALE","","./image/250183510.jpg","Kassoum Ouattara","DEFENDER","18","OUATTARA","200043","","France","Défenseur","Kassoum","Ouattara","Kassoum Ouattara","Ouattara","200043","./assoc/200043_FRA.svg","./logo/50023.png","UEFA","FRA","50023","FAME","Monaco","","https://img.uefa.com/imgml/TP/teams/logos/70x70/50023.png","https://img.uefa.com/imgml/TP/teams/logos/240x240/50023.png","250023","MON","DOMESTIC_MEN_TEAM_A","","DOMESTIC","France","Monaco","AS Monaco","MON","20","MINUTE","2","0","0","3.87","KILOMETER","30.44","KILOMETER_PER_HOUR"
"250168996","50080","22","2003-04-03","14","Pablo Torre","ESP","UNKNOWN","MIDFIELDER","MALE","","./image/250168996.jpg","Pablo Torre","MIDFIELDER","10","PABLO TORRE","200122","","Espagne","Milieu","Pablo","Torre","Pablo Torre","Torre","200122","./assoc/200122_ESP.svg","./logo/50080.png","UEFA","ESP","50080","FAME","Barcelona","","https://img.uefa.com/imgml/TP/teams/logos/70x70/50080.png","https://img.uefa.com/imgml/TP/teams/logos/240x240/50080.png","250080","BAR","DOMESTIC_MEN_TEAM_A","","DOMESTIC","Espagne","Barcelona","FC Barcelona","BAR","20","MINUTE","2","0","0","3.51","KILOMETER","28.29","KILOMETER_PER_HOUR"
"250104128","52707","25","2000-01-14","4","Franjić","CRO","DEFENSIVE_MIDFIELDER","DEFENDER","MALE","","./image/250104128.jpg","Bartol Franjić","MIDFIELDER","6","Franjić","256370","","Croatie","Défenseur","Bartol","Franjić","Bartol Franjić","Franjić","257166","./assoc/257166_UKR.svg","./logo/52707.png","UEFA","UKR","52707","FAME","Shakhtar","","https://img.uefa.com/imgml/TP/teams/logos/70x70/52707.png","https://img.uefa.com/imgml/TP/teams/logos/240x240/52707.png","252707","SHK","DOMESTIC_MEN_TEAM_A","","DOMESTIC","Ukraine","Shakhtar","FC Shakhtar Donetsk","SHK","20","MINUTE","2","0","0","2.96","KILOMETER","29.33","KILOMETER_PER_HOUR"
"250017709","75797","32","1993-07-30","26","ANDRE GOMES","POR","CENTRAL_MIDFIELDER","MIDFIELDER","MALE","188","./image/250017709.jpg","André Gomes","MIDFIELDER","21","André Gomes","110","84","Portugal","Milieu","","André Gomes","André Gomes","André Gomes","200043","./assoc/200043_FRA.svg","./logo/75797.png","UEFA","FRA","75797","FAME","Lille","","https://img.uefa.com/imgml/TP/teams/logos/70x70/75797.png","https://img.uefa.com/imgml/TP/teams/logos/240x240/75797.png","275797","LIL","DOMESTIC_MEN_TEAM_A","","DOMESTIC","France","Lille","LOSC Lille","LIL","20","MINUTE","2","0","0","2.27","KILOMETER","27.79","KILOMETER_PER_HOUR"
"250199218","50031","26","1999-08-20","6","PFEIFFER","GER","","DEFENDER","MALE","","./image/250199218.jpg","Patric Pfeiffer","DEFENDER","","PFEIFFER","","","Allemagne","Défenseur","Patric","Pfeiffer","Patric Pfeiffer","Pfeiffer","200128","./assoc/200128_SUI.svg","./logo/50031.png","UEFA","SUI","50031","FAME","Young Boys","","https://img.uefa.com/imgml/TP/teams/logos/70x70/50031.png","https://img.uefa.com/imgml/TP/teams/logos/240x240/50031.png","250031","YB","DOMESTIC_MEN_TEAM_A","","DOMESTIC","Suisse","Young Boys","BSC Young Boys","YB","20","MINUTE","1","0","0","2.36","KILOMETER","24.74","KILOMETER_PER_HOUR"
"250127024","50062","23","2002-08-07","35","Oppegård","NOR","FULL_BACK","DEFENDER","MALE","","./image/250127024.jpg","Fredrik Oppegård","DEFENDER","18","Oppegård","200101","","Norvège","Défenseur","Fredrik","Oppegård","Fredrik Oppegård","Oppegård","200095","./assoc/200095_NED.svg","./logo/50062.png","UEFA","NED","50062","FAME","PSV","","https://img.uefa.com/imgml/TP/teams/logos/70x70/50062.png","https://img.uefa.com/imgml/TP/teams/logos/240x240/50062.png","250062","PSV","DOMESTIC_MEN_TEAM_A","","DOMESTIC","Pays-Bas","PSV","PSV Eindhoven","PSV","19","MINUTE","1","0","0","2.43","KILOMETER","30.15","KILOMETER_PER_HOUR"
"250118962","50164","23","2002-03-16","21","Mbuku","COD","","FORWARD","MALE","","./image/250118962.jpg","Nathanaël Mbuku","FORWARD","7","Mbuku","200043","","RD Congo","Attaquant","Nathanaël","Mbuku","Nathanaël Mbuku","Mbuku","256370","./assoc/256370_CRO.svg","./logo/50164.png","UEFA","CRO","50164","FAME","GNK Dinamo","","https://img.uefa.com/imgml/TP/teams/logos/70x70/50164.png","https://img.uefa.com/imgml/TP/teams/logos/240x240/50164.png","250164","DIN","DOMESTIC_MEN_TEAM_A","","DOMESTIC","Croatie","GNK Dinamo","GNK Dinamo","DIN","18","MINUTE","2","0","0","3.58","KILOMETER","29.25","KILOMETER_PER_HOUR"
"250176485","50109","18","2007-08-10","29","Stepanov","UKR","","FORWARD","MALE","","./image/250176485.jpg","Artem Stepanov","FORWARD","18","Stepanov","257166","","Ukraine","Attaquant","Artem","Stepanov","Artem Stepanov","Stepanov","200047","./assoc/200047_GER.svg","./logo/50109.png","UEFA","GER","50109","FAME","Leverkusen","","https://img.uefa.com/imgml/TP/teams/logos/70x70/50109.png","https://img.uefa.com/imgml/TP/teams/logos/240x240/50109.png","250109","LEV","DOMESTIC_MEN_TEAM_A","","DOMESTIC","Allemagne","Leverkusen","Bayer 04 Leverkusen","LEV","18","MINUTE","2","0","0","3.53","KILOMETER","30.51","KILOMETER_PER_HOUR"
"250064583","52747","30","1995-08-13","3","Kimpembe","FRA","UNKNOWN","DEFENDER","MALE","183","./image/250064583.jpg","Presnel Kimpembe","DEFENDER","3","Kimpembe","43","67","France","Défenseur","Presnel","Kimpembe","Presnel Kimpembe","Kimpembe","200043","./assoc/200043_FRA.svg","./logo/52747.png","UEFA","FRA","52747","FAME","Paris","","https://img.uefa.com/imgml/TP/teams/logos/70x70/52747.png","https://img.uefa.com/imgml/TP/teams/logos/240x240/52747.png","252747","PSG","DOMESTIC_MEN_TEAM_A","","DOMESTIC","France","Paris","Paris Saint-Germain","PSG","18","MINUTE","1","0","0","1.93","KILOMETER","28.53","KILOMETER_PER_HOUR"
"250133903","52816","27","1998-01-15","5","Godfrey","ENG","UNKNOWN","DEFENDER","MALE","","./image/250133903.jpg","Ben Godfrey","DEFENDER","4","Godfrey","39","","Angleterre","Défenseur","Ben","Godfrey","Ben Godfrey","Godfrey","200066","./assoc/200066_ITA.svg","./logo/52816.png","UEFA","ITA","52816","FAME","Atalanta","","https://img.uefa.com/imgml/TP/teams/logos/70x70/52816.png","https://img.uefa.com/imgml/TP/teams/logos/240x240/52816.png","252816","ATA","DOMESTIC_MEN_TEAM_A","","DOMESTIC","Italie","Atalanta","Atalanta BC","ATA","17","MINUTE","2","0","0","2.6","KILOMETER","29.31","KILOMETER_PER_HOUR"
"250187320","50043","22","2003-03-18","14","Meijer","NED","UNKNOWN","DEFENDER","MALE","","./image/250187320.jpg","Bjorn Meijer","DEFENDER","15","Meijer","200095","","Pays-Bas","Défenseur","Bjorn","Meijer","Bjorn Meijer","Meijer","200013","./assoc/200013_BEL.svg","./logo/50043.png","UEFA","BEL","50043","FAME","Club Brugge","","https://img.uefa.com/imgml/TP/teams/logos/70x70/50043.png","https://img.uefa.com/imgml/TP/teams/logos/240x240/50043.png","250043","BRU","DOMESTIC_MEN_TEAM_A","","DOMESTIC","Belgique","Club Brugge","Club Brugge KV","BRU","16","MINUTE","2","0","0","2.93","KILOMETER","31.81","KILOMETER_PER_HOUR"
"250199225","50164","22","2003-07-11","19","Córdoba","COL","UNKNOWN","FORWARD","MALE","","./image/250199225.jpg","Juan Córdoba","FORWARD","","Córdoba","","","Colombie","Attaquant","Juan","Córdoba","Juan Córdoba","Córdoba","256370","./assoc/256370_CRO.svg","./logo/50164.png","UEFA","CRO","50164","FAME","GNK Dinamo","","https://img.uefa.com/imgml/TP/teams/logos/70x70/50164.png","https://img.uefa.com/imgml/TP/teams/logos/240x240/50164.png","250164","DIN","DOMESTIC_MEN_TEAM_A","","DOMESTIC","Croatie","GNK Dinamo","GNK Dinamo","DIN","16","MINUTE","1","0","0","3.07","KILOMETER","30.37","KILOMETER_PER_HOUR"
"250180113","50062","19","2006-09-16","36","Kuhn","NED","UNKNOWN","DEFENDER","MALE","","./image/250180113.jpg","Wessel Kuhn","DEFENDER","8","Kuhn","300095","","Pays-Bas","Défenseur","Wessel","Kuhn","Wessel Kuhn","Kuhn","200095","./assoc/200095_NED.svg","./logo/50062.png","UEFA","NED","50062","FAME","PSV","","https://img.uefa.com/imgml/TP/teams/logos/70x70/50062.png","https://img.uefa.com/imgml/TP/teams/logos/240x240/50062.png","250062","PSV","DOMESTIC_MEN_TEAM_A","","DOMESTIC","Pays-Bas","PSV","PSV Eindhoven","PSV","16","MINUTE","1","0","0","2.8","KILOMETER","33.59","KILOMETER_PER_HOUR"
"250139101","52797","21","2004-01-20","8","Gajdoš","SVK","UNKNOWN","MIDFIELDER","MALE","","./image/250139101.jpg","Artur Gajdoš","MIDFIELDER","8","Gajdoš","58836","","Slovaquie","Milieu","Artur","Gajdoš","Artur Gajdoš","Gajdoš","258836","./assoc/258836_SVK.svg","./logo/52797.png","UEFA","SVK","52797","FAME","S. Bratislava","","https://img.uefa.com/imgml/TP/teams/logos/70x70/52797.png","https://img.uefa.com/imgml/TP/teams/logos/240x240/52797.png","252797","SLB","DOMESTIC_MEN_TEAM_A","","DOMESTIC","Slovaquie","S. Bratislava","ŠK Slovan Bratislava","SLB","15","MINUTE","4","0","0","3.76","KILOMETER","32.35","KILOMETER_PER_HOUR"
"250159294","52758","19","2006-02-20","37","Campbell","ISL","UNKNOWN","MIDFIELDER","MALE","","./image/250159294.jpg","Cole Campbell","MIDFIELDER","10","Campbell","300058","","Islande","Milieu","Cole","Campbell","Cole Campbell","Campbell","200047","./assoc/200047_GER.svg","./logo/52758.png","UEFA","GER","52758","FAME","B. Dortmund","","https://img.uefa.com/imgml/TP/teams/logos/70x70/52758.png","https://img.uefa.com/imgml/TP/teams/logos/240x240/52758.png","252758","BVB","DOMESTIC_MEN_TEAM_A","","DOMESTIC","Allemagne","B. Dortmund","Borussia Dortmund","BVB","14","MINUTE","1","0","0","2.53","KILOMETER","33.41","KILOMETER_PER_HOUR"
"250176477","50109","18","2007-04-29","40","Onyeka","GER","UNKNOWN","MIDFIELDER","MALE","","./image/250176477.jpg","Francis Onyeka","MIDFIELDER","10","Onyeka","300047","","Allemagne","Milieu","Francis","Onyeka","Francis Onyeka","Onyeka","200047","./assoc/200047_GER.svg","./logo/50109.png","UEFA","GER","50109","FAME","Leverkusen","","https://img.uefa.com/imgml/TP/teams/logos/70x70/50109.png","https://img.uefa.com/imgml/TP/teams/logos/240x240/50109.png","250109","LEV","DOMESTIC_MEN_TEAM_A","","DOMESTIC","Allemagne","Leverkusen","Bayer 04 Leverkusen","LEV","14","MINUTE","1","0","0","2.35","KILOMETER","25.97","KILOMETER_PER_HOUR"
"250185034","50138","18","2006-12-29","10","De Pieri","ITA","UNKNOWN","FORWARD","MALE","","./image/250185034.jpg","Giacomo De Pieri","FORWARD","14","De Pieri","300066","","Italie","Attaquant","Giacomo","De Pieri","Giacomo De Pieri","De Pieri","200066","./assoc/200066_ITA.svg","./logo/50138.png","UEFA","ITA","50138","FAME","Inter","","https://img.uefa.com/imgml/TP/teams/logos/70x70/50138.png","https://img.uefa.com/imgml/TP/teams/logos/240x240/50138.png","250138","INT","DOMESTIC_MEN_TEAM_A","","DOMESTIC","Italie","Inter","FC Internazionale Milano","INT","14","MINUTE","1","0","0","","","",""
"250161761","50109","20","2005-02-17","44","Belocian","FRA","UNKNOWN","DEFENDER","MALE","","./image/250161761.jpg","Jeanuël Belocian","DEFENDER","5","BELOCIAN","200043","","France","Défenseur","Jeanuël","Belocian","Jeanuël Belocian","Belocian","200047","./assoc/200047_GER.svg","./logo/50109.png","UEFA","GER","50109","FAME","Leverkusen","","https://img.uefa.com/imgml/TP/teams/logos/70x70/50109.png","https://img.uefa.com/imgml/TP/teams/logos/240x240/50109.png","250109","LEV","DOMESTIC_MEN_TEAM_A","","DOMESTIC","Allemagne","Leverkusen","Bayer 04 Leverkusen","LEV","12","MINUTE","2","0","0","2.59","KILOMETER","33.64","KILOMETER_PER_HOUR"
"250199913","2602798","19","2006-01-19","29","Minsu","KOR","","FORWARD","MALE","","./image/250199913.jpg","Min-su Kim","MIDFIELDER","","Kim","","","République de Corée","Attaquant","Min-su","Kim","Min-su Kim","Kim","200122","./assoc/200122_ESP.svg","./logo/2602798.png","UEFA","ESP","2602798","FAME","Girona","","https://img.uefa.com/imgml/TP/teams/logos/70x70/2602798.png","https://img.uefa.com/imgml/TP/teams/logos/240x240/2602798.png","250001774","GIR","DOMESTIC_MEN_TEAM_A","","DOMESTIC","Espagne","Girona","Girona FC","GIR","12","MINUTE","1","0","0","1.97","KILOMETER","28.39","KILOMETER_PER_HOUR"
"250176488","50051","20","2005-01-06","4","JACOBO","ESP","UNKNOWN","DEFENDER","MALE","","./image/250176488.jpg","Jacobo Ramón","DEFENDER","14","Jacobo","200122","","Espagne","Défenseur","Jacobo","Ramón","Jacobo Ramón","Ramón","200122","./assoc/200122_ESP.svg","./logo/50051.png","UEFA","ESP","50051","FAME","Real Madrid","","https://img.uefa.com/imgml/TP/teams/logos/70x70/50051.png","https://img.uefa.com/imgml/TP/teams/logos/240x240/50051.png","250051","RMA","DOMESTIC_MEN_TEAM_A","","DOMESTIC","Espagne","Real Madrid","Real Madrid C.F.","RMA","12","MINUTE","1","0","0","1.67","KILOMETER","30.35","KILOMETER_PER_HOUR"
"250198122","2602798","21","2004-01-15","31","Jastin","ESP","","FORWARD","MALE","","./image/250198122.jpg","Jastin García","MIDFIELDER","","García","","","Espagne","Attaquant","","Jastin García","Jastin García","Jastin García","200122","./assoc/200122_ESP.svg","./logo/2602798.png","UEFA","ESP","2602798","FAME","Girona","","https://img.uefa.com/imgml/TP/teams/logos/70x70/2602798.png","https://img.uefa.com/imgml/TP/teams/logos/240x240/2602798.png","250001774","GIR","DOMESTIC_MEN_TEAM_A","","DOMESTIC","Espagne","Girona","Girona FC","GIR","12","MINUTE","1","0","0","1.66","KILOMETER","27.85","KILOMETER_PER_HOUR"
"250004986","52797","32","1992-12-09","25","Pauschek","SVK","UNKNOWN","DEFENDER","MALE","","./image/250004986.jpg","Lukáš Pauschek","DEFENDER","3","Pauschek","58836","","Slovaquie","Défenseur","Lukáš","Pauschek","Lukáš Pauschek","Pauschek","258836","./assoc/258836_SVK.svg","./logo/52797.png","UEFA","SVK","52797","FAME","S. Bratislava","","https://img.uefa.com/imgml/TP/teams/logos/70x70/52797.png","https://img.uefa.com/imgml/TP/teams/logos/240x240/52797.png","252797","SLB","DOMESTIC_MEN_TEAM_A","","DOMESTIC","Slovaquie","S. Bratislava","ŠK Slovan Bratislava","SLB","12","MINUTE","1","0","0","1.63","KILOMETER","26.69","KILOMETER_PER_HOUR"
"250107089","52797","25","2000-10-05","27","Vojtko","SVK","UNKNOWN","DEFENDER","MALE","","./image/250107089.jpg","Matúš Vojtko","DEFENDER","20","Vojtko","258836","","Slovaquie","Défenseur","Matúš","Vojtko","Matúš Vojtko","Vojtko","258836","./assoc/258836_SVK.svg","./logo/52797.png","UEFA","SVK","52797","FAME","S. Bratislava","","https://img.uefa.com/imgml/TP/teams/logos/70x70/52797.png","https://img.uefa.com/imgml/TP/teams/logos/240x240/52797.png","252797","SLB","DOMESTIC_MEN_TEAM_A","","DOMESTIC","Slovaquie","S. Bratislava","ŠK Slovan Bratislava","SLB","11","MINUTE","1","0","0","2.04","KILOMETER","27.88","KILOMETER_PER_HOUR"
"250022366","50033","34","1991-05-18","8","Pavelka","CZE","DEFENSIVE_MIDFIELDER","MIDFIELDER","MALE","185","./image/250022366.jpg","David Pavelka","MIDFIELDER","9","Pavelka","58837","74","Tchéquie","Milieu","David","Pavelka","David Pavelka","Pavelka","258837","./assoc/258837_CZE.svg","./logo/50033.png","UEFA","CZE","50033","FAME","Sparta Praha","","https://img.uefa.com/imgml/TP/teams/logos/70x70/50033.png","https://img.uefa.com/imgml/TP/teams/logos/240x240/50033.png","250033","SPA","DOMESTIC_MEN_TEAM_A","","DOMESTIC","Tchéquie","Sparta Praha","AC Sparta Praha","SPA","11","MINUTE","1","0","0","1.92","KILOMETER","25.83","KILOMETER_PER_HOUR"
"250176942","50050","19","2006-04-14","55","Cummings","SCO","","FORWARD","MALE","","./image/250176942.jpg","Daniel Cummings","FORWARD","20","Cummings","300117","","Écosse","Attaquant","Daniel","Cummings","Daniel Cummings","Cummings","200117","./assoc/200117_SCO.svg","./logo/50050.png","UEFA","SCO","50050","FAME","Celtic","","https://img.uefa.com/imgml/TP/teams/logos/70x70/50050.png","https://img.uefa.com/imgml/TP/teams/logos/240x240/50050.png","250050","CEL","DOMESTIC_MEN_TEAM_A","","DOMESTIC","Écosse","Celtic","Celtic FC","CEL","11","MINUTE","1","0","0","1.77","KILOMETER","31.9","KILOMETER_PER_HOUR"
"250200525","50062","20","2005-03-10","19","BAJRAKTAREVIĆ","BIH","","FORWARD","MALE","","./image/250200525.jpg","Esmir Bajraktarević","FORWARD","5","Bajraktarević","60094","","Bosnie-Herzégovine","Attaquant","Esmir","Bajraktarević","Esmir Bajraktarević","Bajraktarević","200095","./assoc/200095_NED.svg","./logo/50062.png","UEFA","NED","50062","FAME","PSV","","https://img.uefa.com/imgml/TP/teams/logos/70x70/50062.png","https://img.uefa.com/imgml/TP/teams/logos/240x240/50062.png","250062","PSV","DOMESTIC_MEN_TEAM_A","","DOMESTIC","Pays-Bas","PSV","PSV Eindhoven","PSV","10","MINUTE","1","0","0","1.75","KILOMETER","30.43","KILOMETER_PER_HOUR"
"250165221","52919","20","2005-03-21","33","O'Reilly","ENG","UNKNOWN","MIDFIELDER","MALE","","./image/250165221.jpg","Nico O’Reilly","MIDFIELDER","10","O'Reilly","39","","Angleterre","Milieu","Nico","O’Reilly","Nico O’Reilly","O’Reilly","200039","./assoc/200039_ENG.svg","./logo/52919.png","UEFA","ENG","52919","FAME","Man City","","https://img.uefa.com/imgml/TP/teams/logos/70x70/52919.png","https://img.uefa.com/imgml/TP/teams/logos/240x240/52919.png","252919","MCI","DOMESTIC_MEN_TEAM_A","","DOMESTIC","Angleterre","Man City","Manchester City","MCI","10","MINUTE","1","0","0","1.47","KILOMETER","34.62","KILOMETER_PER_HOUR"
"250197800","52749","22","2003-06-06","15","Gonzalez","ITA","","DEFENDER","MALE","","./image/250197800.jpg","Facundo Gonzalez","DEFENDER","","Gonzalez","","","Italie","Défenseur","Facundo","Gonzalez","Facundo Gonzalez","Gonzalez","200095","./assoc/200095_NED.svg","./logo/52749.png","UEFA","NED","52749","FAME","Feyenoord","","https://img.uefa.com/imgml/TP/teams/logos/70x70/52749.png","https://img.uefa.com/imgml/TP/teams/logos/240x240/52749.png","252749","FEY","DOMESTIC_MEN_TEAM_A","","DOMESTIC","Pays-Bas","Feyenoord","Feyenoord","FEY","9","MINUTE","2","0","0","2.03","KILOMETER","29.55","KILOMETER_PER_HOUR"
"250042778","50124","29","1995-11-12","11","LEMAR","FRA","UNKNOWN","MIDFIELDER","MALE","170","./image/250042778.jpg","Thomas Lemar","MIDFIELDER","8","Lemar","43","58","France","Milieu","Thomas","Lemar","Thomas Lemar","Lemar","200122","./assoc/200122_ESP.svg","./logo/50124.png","UEFA","ESP","50124","FAME","Atleti","","https://img.uefa.com/imgml/TP/teams/logos/70x70/50124.png","https://img.uefa.com/imgml/TP/teams/logos/240x240/50124.png","250124","ATM","DOMESTIC_MEN_TEAM_A","","DOMESTIC","Espagne","Atleti","Atlético de Madrid","ATM","9","MINUTE","1","0","0","1.7","KILOMETER","23.45","KILOMETER_PER_HOUR"
"250186116","50069","22","2002-12-23","73","Prutsev","SRB","UNKNOWN","MIDFIELDER","MALE","","./image/250186116.jpg","Yegor Prutsev","MIDFIELDER","","Prutsev","","","Serbie","Milieu","Yegor","Prutsev","Yegor Prutsev","Prutsev","200147","./assoc/200147_SRB.svg","./logo/50069.png","UEFA","SRB","50069","FAME","Crvena Zvezda","","https://img.uefa.com/imgml/TP/teams/logos/70x70/50069.png","https://img.uefa.com/imgml/TP/teams/logos/240x240/50069.png","250069","ZVE","DOMESTIC_MEN_TEAM_A","","DOMESTIC","Serbie","Crvena Zvezda","FK Crvena Zvezda","ZVE","8","MINUTE","1","0","0","1.61","KILOMETER","29.3","KILOMETER_PER_HOUR"
"250164893","50149","21","2004-07-07","67","Lucas Anjos","POR","","FORWARD","MALE","","./image/250164893.jpg","Lucas Anjos","FORWARD","","Rodrigues Cavalho dos Anjos","","","Portugal","Attaquant","","Lucas Anjos","Lucas Anjos","Lucas Anjos","200110","./assoc/200110_POR.svg","./logo/50149.png","UEFA","POR","50149","FAME","Sporting CP","","https://img.uefa.com/imgml/TP/teams/logos/70x70/50149.png","https://img.uefa.com/imgml/TP/teams/logos/240x240/50149.png","250149","SPO","DOMESTIC_MEN_TEAM_A","","DOMESTIC","Portugal","Sporting CP","Sporting Clube de Portugal","SPO","8","MINUTE","1","0","0","1.51","KILOMETER","31.98","KILOMETER_PER_HOUR"
"250128488","50050","22","2003-06-26","47","Murray","SCO","","DEFENDER","MALE","","./image/250128488.jpg","Dane Murray","DEFENDER","5","Murray","200117","","Écosse","Défenseur","Dane","Murray","Dane Murray","Murray","200117","./assoc/200117_SCO.svg","./logo/50050.png","UEFA","SCO","50050","FAME","Celtic","","https://img.uefa.com/imgml/TP/teams/logos/70x70/50050.png","https://img.uefa.com/imgml/TP/teams/logos/240x240/50050.png","250050","CEL","DOMESTIC_MEN_TEAM_A","","DOMESTIC","Écosse","Celtic","Celtic FC","CEL","8","MINUTE","1","0","0","1.23","KILOMETER","28.95","KILOMETER_PER_HOUR"
"250176212","50138","20","2005-05-31","7","Berenbruch","ITA","","MIDFIELDER","MALE","","./image/250176212.jpg","Thomas Berenbruch","MIDFIELDER","","BERENBRUCH","","","Italie","Milieu","Thomas","Berenbruch","Thomas Berenbruch","Berenbruch","200066","./assoc/200066_ITA.svg","./logo/50138.png","UEFA","ITA","50138","FAME","Inter","","https://img.uefa.com/imgml/TP/teams/logos/70x70/50138.png","https://img.uefa.com/imgml/TP/teams/logos/240x240/50138.png","250138","INT","DOMESTIC_MEN_TEAM_A","","DOMESTIC","Italie","Inter","FC Internazionale Milano","INT","7","MINUTE","1","0","0","1.71","KILOMETER","30.64","KILOMETER_PER_HOUR"
"250041718","50080","29","1996-04-10","15","Christensen","DEN","CENTRE_BACK","DEFENDER","MALE","188","./image/250041718.jpg","Andreas  Christensen","DEFENDER","6","Christensen","35","74","Danemark","Défenseur","Andreas","Christensen","Andreas  Christensen","Christensen","200122","./assoc/200122_ESP.svg","./logo/50080.png","UEFA","ESP","50080","FAME","Barcelona","","https://img.uefa.com/imgml/TP/teams/logos/70x70/50080.png","https://img.uefa.com/imgml/TP/teams/logos/240x240/50080.png","250080","BAR","DOMESTIC_MEN_TEAM_A","","DOMESTIC","Espagne","Barcelona","FC Barcelona","BAR","7","MINUTE","1","0","0","1.25","KILOMETER","27.12","KILOMETER_PER_HOUR"
"250179669","50138","18","2007-02-01","3","Cocchi","ITA","UNKNOWN","DEFENDER","MALE","","./image/250179669.jpg","Matteo Cocchi","DEFENDER","3","Cocchi","300066","","Italie","Défenseur","Matteo","Cocchi","Matteo Cocchi","Cocchi","200066","./assoc/200066_ITA.svg","./logo/50138.png","UEFA","ITA","50138","FAME","Inter","","https://img.uefa.com/imgml/TP/teams/logos/70x70/50138.png","https://img.uefa.com/imgml/TP/teams/logos/240x240/50138.png","250138","INT","DOMESTIC_MEN_TEAM_A","","DOMESTIC","Italie","Inter","FC Internazionale Milano","INT","6","MINUTE","1","0","0","1.49","KILOMETER","29.68","KILOMETER_PER_HOUR"
"250201738","50107","20","2005-03-07","11","Boakye","GER","UNKNOWN","FORWARD","MALE","","./image/250201738.jpg","Benjamin Boakye","FORWARD","","","","","Allemagne","Attaquant","Benjamin","Boakye","Benjamin Boakye","Boakye","200047","./assoc/200047_GER.svg","./logo/50107.png","UEFA","GER","50107","FAME","Stuttgart","","https://img.uefa.com/imgml/TP/teams/logos/70x70/50107.png","https://img.uefa.com/imgml/TP/teams/logos/240x240/50107.png","250107","STU","DOMESTIC_MEN_TEAM_A","","DOMESTIC","Allemagne","Stuttgart","VfB Stuttgart","STU","6","MINUTE","1","0","0","1.31","KILOMETER","30.38","KILOMETER_PER_HOUR"
"250190378","50080","18","2007-06-11","4","Cuenca Cejudo","ESP","UNKNOWN","DEFENDER","MALE","","./image/250190378.jpg","Andres Cuenca","DEFENDER","5","A. CUENCA","300122","","Espagne","Défenseur","Andres","Cuenca","Andres Cuenca","Cuenca","200122","./assoc/200122_ESP.svg","./logo/50080.png","UEFA","ESP","50080","FAME","Barcelona","","https://img.uefa.com/imgml/TP/teams/logos/70x70/50080.png","https://img.uefa.com/imgml/TP/teams/logos/240x240/50080.png","250080","BAR","DOMESTIC_MEN_TEAM_A","","DOMESTIC","Espagne","Barcelona","FC Barcelona","BAR","6","MINUTE","1","0","0","1.26","KILOMETER","33.64","KILOMETER_PER_HOUR"
"250189610","2603790","17","2007-11-22","24","Gebel","GER","UNKNOWN","MIDFIELDER","MALE","","./image/250189610.jpg","Viggo Gebel","MIDFIELDER","","Gebel","","","Allemagne","Milieu","Viggo","Gebel","Viggo Gebel","Gebel","200047","./assoc/200047_GER.svg","./logo/2603790.png","UEFA","GER","2603790","FAME","Leipzig","","https://img.uefa.com/imgml/TP/teams/logos/70x70/2603790.png","https://img.uefa.com/imgml/TP/teams/logos/240x240/2603790.png","250002563","RBL","DOMESTIC_MEN_TEAM_A","","DOMESTIC","Allemagne","Leipzig","RB Leipzig","RBL","5","MINUTE","1","0","0","1.86","KILOMETER","32.22","KILOMETER_PER_HOUR"
"250200268","7889","18","2006-11-18","15","Nallo","ENG","","DEFENDER","MALE","","./image/250200268.jpg","Amara Nallo","DEFENDER","","Nallo","","","Angleterre","Défenseur","Amara","Nallo","Amara Nallo","Nallo","200039","./assoc/200039_ENG.svg","./logo/7889.png","UEFA","ENG","7889","FAME","Liverpool","","https://img.uefa.com/imgml/TP/teams/logos/70x70/7889.png","https://img.uefa.com/imgml/TP/teams/logos/240x240/7889.png","207889","LIV","DOMESTIC_MEN_TEAM_A","","DOMESTIC","Angleterre","Liverpool","Liverpool FC","LIV","4","MINUTE","1","0","0","0.54","KILOMETER","28.46","KILOMETER_PER_HOUR"
"250139387","50037","19","2005-12-11","20","Ibrahimović","GER","UNKNOWN","MIDFIELDER","MALE","","./image/250139387.jpg","Arijon Ibrahimović","MIDFIELDER","16","Ibrahimovic","400047","","Allemagne","Milieu","Arijon","Ibrahimović","Arijon Ibrahimović","Ibrahimović","200047","./assoc/200047_GER.svg","./logo/50037.png","UEFA","GER","50037","FAME","Bayern München","","https://img.uefa.com/imgml/TP/teams/logos/70x70/50037.png","https://img.uefa.com/imgml/TP/teams/logos/240x240/50037.png","250037","BAY","DOMESTIC_MEN_TEAM_A","","DOMESTIC","Allemagne","Bayern München","FC Bayern München","BAY","2","MINUTE","1","0","0","1.02","KILOMETER","30.29","KILOMETER_PER_HOUR"
"250171659","50037","19","2006-06-02","99","Ben Cheikh","MAR","UNKNOWN","DEFENDER","MALE","","./image/250171659.jpg","Adam Aznou","DEFENDER","3","Ben Cheikh","400122","","Maroc","Défenseur","Adam","Aznou","Adam Aznou","Aznou","200047","./assoc/200047_GER.svg","./logo/50037.png","UEFA","GER","50037","FAME","Bayern München","","https://img.uefa.com/imgml/TP/teams/logos/70x70/50037.png","https://img.uefa.com/imgml/TP/teams/logos/240x240/50037.png","250037","BAY","DOMESTIC_MEN_TEAM_A","","DOMESTIC","Allemagne","Bayern München","FC Bayern München","BAY","2","MINUTE","1","0","0","0.9","KILOMETER","24.46","KILOMETER_PER_HOUR"
"250196544","52969","21","2004-06-29","32","Corazza","ITA","","DEFENDER","MALE","","./image/250196544.jpg","Tommaso Corazza","DEFENDER","","Corazza","","","Italie","Défenseur","Tommaso","Corazza","Tommaso Corazza","Corazza","200066","./assoc/200066_ITA.svg","./logo/52969.png","UEFA","ITA","52969","FAME","Bologna","","https://img.uefa.com/imgml/TP/teams/logos/70x70/52969.png","https://img.uefa.com/imgml/TP/teams/logos/240x240/52969.png","252969","BOL","DOMESTIC_MEN_TEAM_A","","DOMESTIC","Italie","Bologna","Bologna FC 1909","BOL","2","MINUTE","1","0","0","0.85","KILOMETER","25.84","KILOMETER_PER_HOUR"
"250154309","50139","21","2004-01-07","40","Rouhi","SWE","UNKNOWN","DEFENDER","MALE","","./image/250154309.jpg","Jonas Rouhi","DEFENDER","5","Rouhi","200127","","Suède","Défenseur","Jona","Rouhi","Jonas Rouhi","Rouhi","200066","./assoc/200066_ITA.svg","./logo/50139.png","UEFA","ITA","50139","FAME","Juventus","","https://img.uefa.com/imgml/TP/teams/logos/70x70/50139.png","https://img.uefa.com/imgml/TP/teams/logos/240x240/50139.png","250139","JUV","DOMESTIC_MEN_TEAM_A","","DOMESTIC","Italie","Juventus","Juventus","JUV","1","MINUTE","1","0","0","1.02","KILOMETER","26.67","KILOMETER_PER_HOUR"
"250087431","50107","26","1999-06-03","23","Zagadou","FRA","FULL_BACK","DEFENDER","MALE","","./image/250087431.jpg","Dan-Axel Zagadou","DEFENDER","3","Zagadou","200043","","France","Défenseur","Dan-Axel","Zagadou","Dan-Axel Zagadou","Zagadou","200047","./assoc/200047_GER.svg","./logo/50107.png","UEFA","GER","50107","FAME","Stuttgart","","https://img.uefa.com/imgml/TP/teams/logos/70x70/50107.png","https://img.uefa.com/imgml/TP/teams/logos/240x240/50107.png","250107","STU","DOMESTIC_MEN_TEAM_A","","DOMESTIC","Allemagne","Stuttgart","VfB Stuttgart","STU","1","MINUTE","1","0","0","0.98","KILOMETER","28.29","KILOMETER_PER_HOUR"
"250134952","52758","24","2001-04-10","46","Azhil","GER","DEFENSIVE_MIDFIELDER","MIDFIELDER","MALE","","./image/250134952.jpg","Ayman Azhil","MIDFIELDER","","Azhil","","","Allemagne","Milieu","Ayman","Azhil","Ayman Azhil","Azhil","200047","./assoc/200047_GER.svg","./logo/52758.png","UEFA","GER","52758","FAME","B. Dortmund","","https://img.uefa.com/imgml/TP/teams/logos/70x70/52758.png","https://img.uefa.com/imgml/TP/teams/logos/240x240/52758.png","252758","BVB","DOMESTIC_MEN_TEAM_A","","DOMESTIC","Allemagne","B. Dortmund","Borussia Dortmund","BVB","1","MINUTE","1","0","0","0.9","KILOMETER","27.86","KILOMETER_PER_HOUR"
"250189107","50111","19","2005-12-30","23","Schopp","AUT","","DEFENDER","MALE","","./image/250189107.jpg","Konstantin Schopp","DEFENDER","22","Schopp","200008","","Autriche","Défenseur","Konstantin","Schopp","Konstantin Schopp","Schopp","200008","./assoc/200008_AUT.svg","./logo/50111.png","UEFA","AUT","50111","FAME","Sturm Graz","","https://img.uefa.com/imgml/TP/teams/logos/70x70/50111.png","https://img.uefa.com/imgml/TP/teams/logos/240x240/50111.png","250111","SGR","DOMESTIC_MEN_TEAM_A","","DOMESTIC","Autriche","Sturm Graz","SK Sturm Graz","SGR","1","MINUTE","1","0","0","0.78","KILOMETER","30.61","KILOMETER_PER_HOUR"
"250201731","75797","20","2005-01-06","47","Lachaab","FRA","","FORWARD","MALE","","./image/250201731.jpg","Younes Lachaab","FORWARD","","Lachaab","","","France","Attaquant","Younes","Lachaab","Younes Lachaab","Lachaab","200043","./assoc/200043_FRA.svg","./logo/75797.png","UEFA","FRA","75797","FAME","Lille","","https://img.uefa.com/imgml/TP/teams/logos/70x70/75797.png","https://img.uefa.com/imgml/TP/teams/logos/240x240/75797.png","275797","LIL","DOMESTIC_MEN_TEAM_A","","DOMESTIC","France","Lille","LOSC Lille","LIL","1","MINUTE","1","0","0","0.7","KILOMETER","24.49","KILOMETER_PER_HOUR"
"250190210","50164","17","2008-01-16","86","Jakirović","CRO","","DEFENDER","MALE","","./image/250190210.jpg","Leon Jakirović","DEFENDER","3","Jakirović","456370","","Croatie","Défenseur","Leon","Jakirović","Leon Jakirović","Jakirović","256370","./assoc/256370_CRO.svg","./logo/50164.png","UEFA","CRO","50164","FAME","GNK Dinamo","","https://img.uefa.com/imgml/TP/teams/logos/70x70/50164.png","https://img.uefa.com/imgml/TP/teams/logos/240x240/50164.png","250164","DIN","DOMESTIC_MEN_TEAM_A","","DOMESTIC","Croatie","GNK Dinamo","GNK Dinamo","DIN","1","MINUTE","1","0","0","0.7","KILOMETER","31.72","KILOMETER_PER_HOUR"
"250169918","50111","19","2006-01-22","38","Grgic","CRO","UNKNOWN","FORWARD","MALE","","./image/250169918.jpg","Leon Grgic","FORWARD","9","Grgić","256370","","Croatie","Attaquant","Leon","Grgic","Leon Grgic","Grgic","200008","./assoc/200008_AUT.svg","./logo/50111.png","UEFA","AUT","50111","FAME","Sturm Graz","","https://img.uefa.com/imgml/TP/teams/logos/70x70/50111.png","https://img.uefa.com/imgml/TP/teams/logos/240x240/50111.png","250111","SGR","DOMESTIC_MEN_TEAM_A","","DOMESTIC","Autriche","Sturm Graz","SK Sturm Graz","SGR","1","MINUTE","1","0","0","0.6","KILOMETER","28.15","KILOMETER_PER_HOUR"
"250164853","50033","21","2004-06-06","54","Penxa","CZE","","DEFENDER","MALE","","./image/250164853.jpg","Lukáš Penxa","MIDFIELDER","","Penxa","","","Tchéquie","Défenseur","Lukáš","Penxa","Lukáš Penxa","L. Penxa","258837","./assoc/258837_CZE.svg","./logo/50033.png","UEFA","CZE","50033","FAME","Sparta Praha","","https://img.uefa.com/imgml/TP/teams/logos/70x70/50033.png","https://img.uefa.com/imgml/TP/teams/logos/240x240/50033.png","250033","SPA","DOMESTIC_MEN_TEAM_A","","DOMESTIC","Tchéquie","Sparta Praha","AC Sparta Praha","SPA","1","MINUTE","1","0","0","0.28","KILOMETER","26.52","KILOMETER_PER_HOUR"
"250178076","52280","22","2003-01-04","11","Butler-Oyedeji","ENG","","FORWARD","MALE","","./image/250178076.jpg","Nathan Butler-Oyedeji","FORWARD","","Butler-Oyedeji","","","Angleterre","Attaquant","Nathan","Butler-Oyedeji","Nathan Butler-Oyedeji","Butler-Oyedeji","200039","./assoc/200039_ENG.svg","./logo/52280.png","UEFA","ENG","52280","FAME","Arsenal","","https://img.uefa.com/imgml/TP/teams/logos/70x70/52280.png","https://img.uefa.com/imgml/TP/teams/logos/240x240/52280.png","252280","ARS","DOMESTIC_MEN_TEAM_A","","DOMESTIC","Angleterre","Arsenal","Arsenal FC","ARS","1","MINUTE","1","0","0","0.23","KILOMETER","24.84","KILOMETER_PER_HOUR"
"69178","52919","40","1985-09-03","33","Carson","ENG","UNKNOWN","GOALKEEPER","MALE","190","./image/69178.jpg","Scott Carson","GOALKEEPER","1","Carson","","86","Angleterre","Gardien","Scott","Carson","Scott Carson","Carson","200039","./assoc/200039_ENG.svg","./logo/52919.png","UEFA","ENG","52919","FAME","Man City","","https://img.uefa.com/imgml/TP/teams/logos/70x70/52919.png","https://img.uefa.com/imgml/TP/teams/logos/240x240/52919.png","252919","MCI","DOMESTIC_MEN_TEAM_A","","DOMESTIC","Angleterre","Man City","Manchester City","MCI","","","","","","","","",""
"250204164","75797","20","2005-04-28","37","COSTARELLI","FRA","","DEFENDER","MALE","","./image/250204164.jpg","Morgan Costarelli","DEFENDER","","COSTARELLI","","","France","Défenseur","Morgan","Costarelli","Morgan Costarelli","Costarelli","200043","./assoc/200043_FRA.svg","./logo/75797.png","UEFA","FRA","75797","FAME","Lille","","https://img.uefa.com/imgml/TP/teams/logos/70x70/75797.png","https://img.uefa.com/imgml/TP/teams/logos/240x240/75797.png","275797","LIL","DOMESTIC_MEN_TEAM_A","","DOMESTIC","France","Lille","LOSC Lille","LIL","","","","","","","","",""
"250202692","2602798","21","2004-06-18","42","Lucas","ESP","","GOALKEEPER","MALE","","./image/250202692.jpg","Lucas García","GOALKEEPER","","Lucas","","","Espagne","Gardien","","Lucas García","Lucas García","Lucas García","200122","./assoc/200122_ESP.svg","./logo/2602798.png","UEFA","ESP","2602798","FAME","Girona","","https://img.uefa.com/imgml/TP/teams/logos/70x70/2602798.png","https://img.uefa.com/imgml/TP/teams/logos/240x240/2602798.png","250001774","GIR","DOMESTIC_MEN_TEAM_A","","DOMESTIC","Espagne","Girona","Girona FC","GIR","","","","","","","","",""
"250202691","2602798","22","2003-08-26","26","Comas","ESP","","DEFENDER","MALE","","https://img.uefa.com/imgml/TP/players/1/2025/324x324/250202691.jpg","Oriol Comas","DEFENDER","","Comas","","","Espagne","Défenseur","","Oriol Comas","Oriol Comas","Oriol Comas","200122","./assoc/200122_ESP.svg","./logo/2602798.png","UEFA","ESP","2602798","FAME","Girona","","https://img.uefa.com/imgml/TP/teams/logos/70x70/2602798.png","https://img.uefa.com/imgml/TP/teams/logos/240x240/2602798.png","250001774","GIR","DOMESTIC_MEN_TEAM_A","","DOMESTIC","Espagne","Girona","Girona FC","GIR","","","","","","","","",""
"250201718","75797","18","2006-11-30","35","COSSIER","FRA","","DEFENDER","MALE","","./image/250201718.jpg","Isaac Cossier","DEFENDER","","Cossier","","","France","Défenseur","Isaac","Cossier","Isaac Cossier","Cossier","200043","./assoc/200043_FRA.svg","./logo/75797.png","UEFA","FRA","75797","FAME","Lille","","https://img.uefa.com/imgml/TP/teams/logos/70x70/75797.png","https://img.uefa.com/imgml/TP/teams/logos/240x240/75797.png","275797","LIL","DOMESTIC_MEN_TEAM_A","","DOMESTIC","France","Lille","LOSC Lille","LIL","","","","","","","","",""
"250201120","50037","17","2008-02-22","42","Karl","GER","","MIDFIELDER","MALE","","./image/250201120.jpg","Lennart Karl","MIDFIELDER","10","KARL","400047","","Allemagne","Milieu","Lennart","Karl","Lennart Karl","Karl","200047","./assoc/200047_GER.svg","./logo/50037.png","UEFA","GER","50037","FAME","Bayern München","","https://img.uefa.com/imgml/TP/teams/logos/70x70/50037.png","https://img.uefa.com/imgml/TP/teams/logos/240x240/50037.png","250037","BAY","DOMESTIC_MEN_TEAM_A","","DOMESTIC","Allemagne","Bayern München","FC Bayern München","BAY","","","","","","","","",""
"250201026","2601306","19","2006-04-10","5","IRIE","FRA","UNKNOWN","DEFENDER","MALE","","./image/250201026.jpg","Paris   Irie","DEFENDER","","Irie","","","France","Défenseur","Paris ","Irie","Paris   Irie","Irie","200043","./assoc/200043_FRA.svg","./logo/2601306.png","UEFA","FRA","2601306","FAME","Brest","","https://img.uefa.com/imgml/TP/teams/logos/70x70/2601306.png","https://img.uefa.com/imgml/TP/teams/logos/240x240/2601306.png","250000621","BRE","DOMESTIC_MEN_TEAM_A","","DOMESTIC","France","Brest","Stade Brestois 29","BRE","","","","","","","","",""
"250200314","50043","20","2005-07-15","84","Campbell","RSA","UNKNOWN","FORWARD","MALE","","./image/250200314.jpg","Shandre Campbell","FORWARD","","Campbell","","","Afrique du Sud","Attaquant","Shandre","Campbell","Shandre Campbell","Campbell","200013","./assoc/200013_BEL.svg","./logo/50043.png","UEFA","BEL","50043","FAME","Club Brugge","","https://img.uefa.com/imgml/TP/teams/logos/70x70/50043.png","https://img.uefa.com/imgml/TP/teams/logos/240x240/50043.png","250043","BRU","DOMESTIC_MEN_TEAM_A","","DOMESTIC","Belgique","Club Brugge","Club Brugge KV","BRU","","","","","","","","",""
"250199905","2602798","18","2007-06-15","41","Funallet","ESP","","GOALKEEPER","MALE","","https://img.uefa.com/imgml/TP/players/1/2025/324x324/250199905.jpg","Pau García","GOALKEEPER","","Fonallet García","","","Espagne","Gardien","","Pau García","Pau García","Pau García","200122","./assoc/200122_ESP.svg","./logo/2602798.png","UEFA","ESP","2602798","FAME","Girona","","https://img.uefa.com/imgml/TP/teams/logos/70x70/2602798.png","https://img.uefa.com/imgml/TP/teams/logos/240x240/2602798.png","250001774","GIR","DOMESTIC_MEN_TEAM_A","","DOMESTIC","Espagne","Girona","Girona FC","GIR","","","","","","","","",""
"250199903","2602798","18","2007-04-23","40","Bilali","GAM","","GOALKEEPER","MALE","","./image/250199903.jpg","Jordi Danso","GOALKEEPER","","Danso","","","Gambie","Gardien","Jordi","Danso","Jordi Danso","Danso","200122","./assoc/200122_ESP.svg","./logo/2602798.png","UEFA","ESP","2602798","FAME","Girona","","https://img.uefa.com/imgml/TP/teams/logos/70x70/2602798.png","https://img.uefa.com/imgml/TP/teams/logos/240x240/2602798.png","250001774","GIR","DOMESTIC_MEN_TEAM_A","","DOMESTIC","Espagne","Girona","Girona FC","GIR","","","","","","","","",""
"250199900","2602798","19","2006-01-10","33","Aznar","ESP","","DEFENDER","MALE","","https://img.uefa.com/imgml/TP/players/1/2025/324x324/250199900.jpg","Marc Aznar","DEFENDER","","Aznar Baides","","","Espagne","Défenseur","","Marc Aznar","Marc Aznar","Marc Aznar","200122","./assoc/200122_ESP.svg","./logo/2602798.png","UEFA","ESP","2602798","FAME","Girona","","https://img.uefa.com/imgml/TP/teams/logos/70x70/2602798.png","https://img.uefa.com/imgml/TP/teams/logos/240x240/2602798.png","250001774","GIR","DOMESTIC_MEN_TEAM_A","","DOMESTIC","Espagne","Girona","Girona FC","GIR","","","","","","","","",""
"250199899","2602798","19","2006-06-27","34","Arango","ESP","","FORWARD","MALE","","https://img.uefa.com/imgml/TP/players/1/2025/324x324/250199899.jpg","Juan Arango","FORWARD","","Arango Tortolero","","","Espagne","Attaquant","","Juan Arango","Juan Arango","Juan Arango","200122","./assoc/200122_ESP.svg","./logo/2602798.png","UEFA","ESP","2602798","FAME","Girona","","https://img.uefa.com/imgml/TP/teams/logos/70x70/2602798.png","https://img.uefa.com/imgml/TP/teams/logos/240x240/2602798.png","250001774","GIR","DOMESTIC_MEN_TEAM_A","","DOMESTIC","Espagne","Girona","Girona FC","GIR","","","","","","","","",""
"250199543","50107","19","2006-01-31","31","Olivier","AUT","","DEFENDER","MALE","","./image/250199543.jpg","Christopher Olivier","DEFENDER","16","Olivier","200008","","Autriche","Défenseur","Christopher","Olivier","Christopher Olivier","Olivier","200047","./assoc/200047_GER.svg","./logo/50107.png","UEFA","GER","50107","FAME","Stuttgart","","https://img.uefa.com/imgml/TP/teams/logos/70x70/50107.png","https://img.uefa.com/imgml/TP/teams/logos/240x240/50107.png","250107","STU","DOMESTIC_MEN_TEAM_A","","DOMESTIC","Allemagne","Stuttgart","VfB Stuttgart","STU","","","","","","","","",""
"250199039","52816","19","2006-02-01","7","Cassa","ITA","","FORWARD","MALE","","./image/250199039.jpg","Federico Cassa","MIDFIELDER","","Cassa","","","Italie","Attaquant","Federico","Cassa","Federico Cassa","Cassa","200066","./assoc/200066_ITA.svg","./logo/52816.png","UEFA","ITA","52816","FAME","Atalanta","","https://img.uefa.com/imgml/TP/teams/logos/70x70/52816.png","https://img.uefa.com/imgml/TP/teams/logos/240x240/52816.png","252816","ATA","DOMESTIC_MEN_TEAM_A","","DOMESTIC","Italie","Atalanta","Atalanta BC","ATA","","","","","","","","",""
"250198502","50107","20","2005-04-09","7","Raimund","GER","UNKNOWN","MIDFIELDER","MALE","","./image/250198502.jpg","Luca Raimund","","","Raimund","","","Allemagne","Milieu","Luca","Raimund","Luca Raimund","Raimund","200047","./assoc/200047_GER.svg","./logo/50107.png","UEFA","GER","50107","FAME","Stuttgart","","https://img.uefa.com/imgml/TP/teams/logos/70x70/50107.png","https://img.uefa.com/imgml/TP/teams/logos/240x240/50107.png","250107","STU","DOMESTIC_MEN_TEAM_A","","DOMESTIC","Allemagne","Stuttgart","VfB Stuttgart","STU","","","","","","","","",""
"250198498","2601306","21","2004-08-26","50","JAUNY","IRL","UNKNOWN","GOALKEEPER","MALE","","./image/250198498.jpg","Noah Jauny","GOALKEEPER","1","Jauny","200064","","Eire","Gardien","Noah","Jauny","Noah Jauny","Jauny","200043","./assoc/200043_FRA.svg","./logo/2601306.png","UEFA","FRA","2601306","FAME","Brest","","https://img.uefa.com/imgml/TP/teams/logos/70x70/2601306.png","https://img.uefa.com/imgml/TP/teams/logos/240x240/2601306.png","250000621","BRE","DOMESTIC_MEN_TEAM_A","","DOMESTIC","France","Brest","Stade Brestois 29","BRE","","","","","","","","",""
"250198116","50037","19","2006-02-09","32","Irankunda","AUS","","FORWARD","MALE","","./image/250198116.jpg","Nestory Irankunda","MIDFIELDER","","Irankunda","","","Australie","Attaquant","Nestory","Irankunda","Nestory Irankunda","Irankunda","200047","./assoc/200047_GER.svg","./logo/50037.png","UEFA","GER","50037","FAME","Bayern München","","https://img.uefa.com/imgml/TP/teams/logos/70x70/50037.png","https://img.uefa.com/imgml/TP/teams/logos/240x240/50037.png","250037","BAY","DOMESTIC_MEN_TEAM_A","","DOMESTIC","Allemagne","Bayern München","FC Bayern München","BAY","","","","","","","","",""
"250197868","50109","17","2008-03-01","29","Hawighorst","GER","","DEFENDER","MALE","","./image/250197868.jpg","Ben Hawighorst","DEFENDER","5","HAWIGHORST","400047","","Allemagne","Défenseur","Ben","Hawighorst","Ben Hawighorst","Hawighorst","200047","./assoc/200047_GER.svg","./logo/50109.png","UEFA","GER","50109","FAME","Leverkusen","","https://img.uefa.com/imgml/TP/teams/logos/70x70/50109.png","https://img.uefa.com/imgml/TP/teams/logos/240x240/50109.png","250109","LEV","DOMESTIC_MEN_TEAM_A","","DOMESTIC","Allemagne","Leverkusen","Bayer 04 Leverkusen","LEV","","","","","","","","",""
"250197866","50147","19","2006-01-31","25","Prestianni","ARG","UNKNOWN","FORWARD","MALE","","./image/250197866.jpg","Gianluca Prestianni","FORWARD","","Prestianni","","","Argentine","Attaquant","Gianluca","Prestianni","Gianluca Prestianni","Prestianni","200110","./assoc/200110_POR.svg","./logo/50147.png","UEFA","POR","50147","FAME","Benfica","","https://img.uefa.com/imgml/TP/teams/logos/70x70/50147.png","https://img.uefa.com/imgml/TP/teams/logos/240x240/50147.png","250147","BEN","DOMESTIC_MEN_TEAM_A","","DOMESTIC","Portugal","Benfica","SL Benfica","BEN","","","","","","","","",""
"250197864","52816","22","2003-05-22","6","Sulemana","GHA","UNKNOWN","MIDFIELDER","MALE","","./image/250197864.jpg","Ibrahim Sulemana","MIDFIELDER","","SULEMANA","","","Ghana","Milieu","Ibrahim","Sulemana","Ibrahim Sulemana","Sulemana","200066","./assoc/200066_ITA.svg","./logo/52816.png","UEFA","ITA","52816","FAME","Atalanta","","https://img.uefa.com/imgml/TP/teams/logos/70x70/52816.png","https://img.uefa.com/imgml/TP/teams/logos/240x240/52816.png","252816","ATA","DOMESTIC_MEN_TEAM_A","","DOMESTIC","Italie","Atalanta","Atalanta BC","ATA","","","","","","","","",""
"250196897","52797","17","2008-05-12","16","Mateáš","SVK","UNKNOWN","MIDFIELDER","MALE","","./image/250196897.jpg","Maxim Mateáš","MIDFIELDER","15","Mateáš","458836","","Slovaquie","Milieu","Maxim","Mateáš","Maxim Mateáš","Mateáš","258836","./assoc/258836_SVK.svg","./logo/52797.png","UEFA","SVK","52797","FAME","S. Bratislava","","https://img.uefa.com/imgml/TP/teams/logos/70x70/52797.png","https://img.uefa.com/imgml/TP/teams/logos/240x240/52797.png","252797","SLB","DOMESTIC_MEN_TEAM_A","","DOMESTIC","Slovaquie","S. Bratislava","ŠK Slovan Bratislava","SLB","","","","","","","","",""
"250196584","2601306","22","2003-08-30","11","CAMBLAN","FRA","UNKNOWN","FORWARD","MALE","","./image/250196584.jpg","Axel Camblan","FORWARD","","Camblan","","","France","Attaquant","Axel","Camblan","Axel Camblan","Camblan","200043","./assoc/200043_FRA.svg","./logo/2601306.png","UEFA","FRA","2601306","FAME","Brest","","https://img.uefa.com/imgml/TP/teams/logos/70x70/2601306.png","https://img.uefa.com/imgml/TP/teams/logos/240x240/2601306.png","250000621","BRE","DOMESTIC_MEN_TEAM_A","","DOMESTIC","France","Brest","Stade Brestois 29","BRE","","","","","","","","",""
"250196581","52797","23","2002-08-15","8","Isaac","NGA","","FORWARD","MALE","","./image/250196581.jpg","Elvis Isaac","FORWARD","","Isaac","","","Nigeria","Attaquant","Elvis","Isaac","Elvis Isaac","Isaac","258836","./assoc/258836_SVK.svg","./logo/52797.png","UEFA","SVK","52797","FAME","S. Bratislava","","https://img.uefa.com/imgml/TP/teams/logos/70x70/52797.png","https://img.uefa.com/imgml/TP/teams/logos/240x240/52797.png","252797","SLB","DOMESTIC_MEN_TEAM_A","","DOMESTIC","Slovaquie","S. Bratislava","ŠK Slovan Bratislava","SLB","","","","","","","","",""
"250195173","52816","20","2005-06-11","39","COMI","ITA","","DEFENDER","MALE","","https://img.uefa.com/imgml/TP/players/1/2025/324x324/250195173.jpg","Pietro Comi","DEFENDER","","Comi","","","Italie","Défenseur","Pietro","Comi","Pietro Comi","Comi","200066","./assoc/200066_ITA.svg","./logo/52816.png","UEFA","ITA","52816","FAME","Atalanta","","https://img.uefa.com/imgml/TP/teams/logos/70x70/52816.png","https://img.uefa.com/imgml/TP/teams/logos/240x240/52816.png","252816","ATA","DOMESTIC_MEN_TEAM_A","","DOMESTIC","Italie","Atalanta","Atalanta BC","ATA","","","","","","","","",""
"250194271","50111","18","2007-01-31","43","Hödl","AUT","UNKNOWN","MIDFIELDER","MALE","","./image/250194271.jpg","Jacob Hödl","MIDFIELDER","21","Hödl","200008","","Autriche","Milieu","Jacob","Hödl","Jacob Hödl","Hödl","200008","./assoc/200008_AUT.svg","./logo/50111.png","UEFA","AUT","50111","FAME","Sturm Graz","","https://img.uefa.com/imgml/TP/teams/logos/70x70/50111.png","https://img.uefa.com/imgml/TP/teams/logos/240x240/50111.png","250111","SGR","DOMESTIC_MEN_TEAM_A","","DOMESTIC","Autriche","Sturm Graz","SK Sturm Graz","SGR","","","","","","","","",""
"250193951","52683","18","2006-12-21","52","Proctor","ENG","","GOALKEEPER","MALE","","./image/250193951.jpg","Sam Proctor","GOALKEEPER","","Proctor","","","Angleterre","Gardien","Sam","Proctor","Sam Proctor","Proctor","200039","./assoc/200039_ENG.svg","./logo/52683.png","UEFA","ENG","52683","FAME","Aston Villa","","https://img.uefa.com/imgml/TP/teams/logos/70x70/52683.png","https://img.uefa.com/imgml/TP/teams/logos/240x240/52683.png","252683","AVL","DOMESTIC_MEN_TEAM_A","","DOMESTIC","Angleterre","Aston Villa","Aston Villa FC","AVL","","","","","","","","",""
"250193618","52749","18","2007-02-02","44","VD Elshout","NED","UNKNOWN","MIDFIELDER","MALE","","./image/250193618.jpg","Tobias Van Den Elshout ","MIDFIELDER","","v.d. Elshout","","","Pays-Bas","Milieu","Tobias","Van Den Elshout","Tobias Van Den Elshout ","Van Den Elshout","200095","./assoc/200095_NED.svg","./logo/52749.png","UEFA","NED","52749","FAME","Feyenoord","","https://img.uefa.com/imgml/TP/teams/logos/70x70/52749.png","https://img.uefa.com/imgml/TP/teams/logos/240x240/52749.png","252749","FEY","DOMESTIC_MEN_TEAM_A","","DOMESTIC","Pays-Bas","Feyenoord","Feyenoord","FEY","","","","","","","","",""
"250193593","52797","21","2004-08-11","30","Mikoláš","SVK","","GOALKEEPER","MALE","","./image/250193593.jpg","Andrej Mikoláš","GOALKEEPER","","Mikoláš","","","Slovaquie","Gardien","Andrej","Mikoláš","Andrej Mikoláš","Mikoláš","258836","./assoc/258836_SVK.svg","./logo/52797.png","UEFA","SVK","52797","FAME","S. Bratislava","","https://img.uefa.com/imgml/TP/teams/logos/70x70/52797.png","https://img.uefa.com/imgml/TP/teams/logos/240x240/52797.png","252797","SLB","DOMESTIC_MEN_TEAM_A","","DOMESTIC","Slovaquie","S. Bratislava","ŠK Slovan Bratislava","SLB","","","","","","","","",""
"250193525","52683","25","2000-07-04","18","Gauci","AUS","","GOALKEEPER","MALE","","./image/250193525.jpg","Joe Gauci","GOALKEEPER","","Gauci","","","Australie","Gardien","Joe","Gauci","Joe Gauci","Gauci","200039","./assoc/200039_ENG.svg","./logo/52683.png","UEFA","ENG","52683","FAME","Aston Villa","","https://img.uefa.com/imgml/TP/teams/logos/70x70/52683.png","https://img.uefa.com/imgml/TP/teams/logos/240x240/52683.png","252683","AVL","DOMESTIC_MEN_TEAM_A","","DOMESTIC","Angleterre","Aston Villa","Aston Villa FC","AVL","","","","","","","","",""
"250193410","52816","20","2005-06-25","44","Manzoni","ITA","","MIDFIELDER","MALE","","./image/250193410.jpg","Alberto Manzoni","MIDFIELDER","","Manzoni","300066","","Italie","Milieu","Alberto","Manzoni","Alberto Manzoni","Manzoni","200066","./assoc/200066_ITA.svg","./logo/52816.png","UEFA","ITA","52816","FAME","Atalanta","","https://img.uefa.com/imgml/TP/teams/logos/70x70/52816.png","https://img.uefa.com/imgml/TP/teams/logos/240x240/52816.png","252816","ATA","DOMESTIC_MEN_TEAM_A","","DOMESTIC","Italie","Atalanta","Atalanta BC","ATA","","","","","","","","",""
"250193232","50051","18","2007-02-07","3","DIEGO AGUADO","ESP","","DEFENDER","MALE","","./image/250193232.jpg","Diego Aguado","DEFENDER","15","DIEGO A","300122","","Espagne","Défenseur","","Diego Aguado","Diego Aguado","Diego Aguado","200122","./assoc/200122_ESP.svg","./logo/50051.png","UEFA","ESP","50051","FAME","Real Madrid","","https://img.uefa.com/imgml/TP/teams/logos/70x70/50051.png","https://img.uefa.com/imgml/TP/teams/logos/240x240/50051.png","250051","RMA","DOMESTIC_MEN_TEAM_A","","DOMESTIC","Espagne","Real Madrid","Real Madrid C.F.","RMA","","","","","","","","",""
"250192943","50107","19","2006-07-03","9","Bujupi","KOS","UNKNOWN","FORWARD","MALE","","./image/250192943.jpg","Eliot Bujupi","FORWARD","11","Bujupi","2608110","","Kosovo","Attaquant","Eliot","Bujupi","Eliot Bujupi","Bujupi","200047","./assoc/200047_GER.svg","./logo/50107.png","UEFA","GER","50107","FAME","Stuttgart","","https://img.uefa.com/imgml/TP/teams/logos/70x70/50107.png","https://img.uefa.com/imgml/TP/teams/logos/240x240/50107.png","250107","STU","DOMESTIC_MEN_TEAM_A","","DOMESTIC","Allemagne","Stuttgart","VfB Stuttgart","STU","","","","","","","","",""
"250192699","50149","19","2005-11-15","78","Mauro Couto","POR","","FORWARD","MALE","","./image/250192699.jpg","Mauro Couto","FORWARD","7","Mauro Couto","300110","","Portugal","Attaquant","","Mauro Couto","Mauro Couto","Mauro Couto","200110","./assoc/200110_POR.svg","./logo/50149.png","UEFA","POR","50149","FAME","Sporting CP","","https://img.uefa.com/imgml/TP/teams/logos/70x70/50149.png","https://img.uefa.com/imgml/TP/teams/logos/240x240/50149.png","250149","SPO","DOMESTIC_MEN_TEAM_A","","DOMESTIC","Portugal","Sporting CP","Sporting Clube de Portugal","SPO","","","","","","","","",""
"250192639","50031","19","2006-01-24","5","Jetzer","SUI","","DEFENDER","MALE","","./image/250192639.jpg","Lorin Jetzer","DEFENDER","4","","300128","","Suisse","Défenseur","Lorin","Jetzer","Lorin Jetzer","Jetzer","200128","./assoc/200128_SUI.svg","./logo/50031.png","UEFA","SUI","50031","FAME","Young Boys","","https://img.uefa.com/imgml/TP/teams/logos/70x70/50031.png","https://img.uefa.com/imgml/TP/teams/logos/240x240/50031.png","250031","YB","DOMESTIC_MEN_TEAM_A","","DOMESTIC","Suisse","Young Boys","BSC Young Boys","YB","","","","","","","","",""
"250192405","50062","18","2007-04-24","46","","NED","UNKNOWN","DEFENDER","MALE","","./image/250192405.jpg","Michael Bresser","DEFENDER","13","Bresser","400095","","Pays-Bas","Défenseur","Michael","Bresser","Michael Bresser","Bresser","200095","./assoc/200095_NED.svg","./logo/50062.png","UEFA","NED","50062","FAME","PSV","","https://img.uefa.com/imgml/TP/teams/logos/70x70/50062.png","https://img.uefa.com/imgml/TP/teams/logos/240x240/50062.png","250062","PSV","DOMESTIC_MEN_TEAM_A","","DOMESTIC","Pays-Bas","PSV","PSV Eindhoven","PSV","","","","","","","","",""
"250192269","50080","17","2008-07-15","29","A.Fernandez","ESP","UNKNOWN","FORWARD","MALE","","./image/250192269.jpg","Toni Fernandez","MIDFIELDER","10","Toni","400122","","Espagne","Attaquant","","Toni Fernandez","Toni Fernandez","Toni Fernandez","200122","./assoc/200122_ESP.svg","./logo/50080.png","UEFA","ESP","50080","FAME","Barcelona","","https://img.uefa.com/imgml/TP/teams/logos/70x70/50080.png","https://img.uefa.com/imgml/TP/teams/logos/240x240/50080.png","250080","BAR","DOMESTIC_MEN_TEAM_A","","DOMESTIC","Espagne","Barcelona","FC Barcelona","BAR","","","","","","","","",""
"250191898","50080","18","2007-01-01","3","Farre Miro","ESP","","DEFENDER","MALE","","./image/250191898.jpg","Landry Farré","DEFENDER","14","LANDRY FARRE","400122","","Espagne","Défenseur","Landry","Farré","Landry Farré","Farré","200122","./assoc/200122_ESP.svg","./logo/50080.png","UEFA","ESP","50080","FAME","Barcelona","","https://img.uefa.com/imgml/TP/teams/logos/70x70/50080.png","https://img.uefa.com/imgml/TP/teams/logos/240x240/50080.png","250080","BAR","DOMESTIC_MEN_TEAM_A","","DOMESTIC","Espagne","Barcelona","FC Barcelona","BAR","","","","","","","","",""
"250190780","52280","21","2004-10-01","44","Gower","ENG","","MIDFIELDER","MALE","","./image/250190780.jpg","Jimi Gower","MIDFIELDER","","Gower","","","Angleterre","Milieu","Jimi","Gower","Jimi Gower","Gower","200039","./assoc/200039_ENG.svg","./logo/52280.png","UEFA","ENG","52280","FAME","Arsenal","","https://img.uefa.com/imgml/TP/teams/logos/70x70/52280.png","https://img.uefa.com/imgml/TP/teams/logos/240x240/52280.png","252280","ARS","DOMESTIC_MEN_TEAM_A","","DOMESTIC","Angleterre","Arsenal","Arsenal FC","ARS","","","","","","","","",""
"250190776","52280","20","2005-10-04","44","Kacurri","ALB","","DEFENDER","MALE","","https://img.uefa.com/imgml/TP/players/1/2025/324x324/250190776.jpg","Maldini Kacurri","DEFENDER","18","Kacurri","2","","Albanie","Défenseur","Maldini","Kacurri","Maldini Kacurri","Kacurri","200039","./assoc/200039_ENG.svg","./logo/52280.png","UEFA","ENG","52280","FAME","Arsenal","","https://img.uefa.com/imgml/TP/teams/logos/70x70/52280.png","https://img.uefa.com/imgml/TP/teams/logos/240x240/52280.png","252280","ARS","DOMESTIC_MEN_TEAM_A","","DOMESTIC","Angleterre","Arsenal","Arsenal FC","ARS","","","","","","","","",""
"250190774","52280","17","2008-07-15","78","Porter","ENG","","GOALKEEPER","MALE","","./image/250190774.jpg","Jack Porter","GOALKEEPER","1","Porter","400039","","Angleterre","Gardien","Jack","Porter","Jack Porter","Porter","200039","./assoc/200039_ENG.svg","./logo/52280.png","UEFA","ENG","52280","FAME","Arsenal","","https://img.uefa.com/imgml/TP/teams/logos/70x70/52280.png","https://img.uefa.com/imgml/TP/teams/logos/240x240/52280.png","252280","ARS","DOMESTIC_MEN_TEAM_A","","DOMESTIC","Angleterre","Arsenal","Arsenal FC","ARS","","","","","","","","",""
"250190621","52919","18","2007-09-20","13","Hudson","WAL","","GOALKEEPER","MALE","","https://img.uefa.com/imgml/TP/players/1/2025/324x324/250190621.jpg","Max Hudson","GOALKEEPER","12","Hudson","400144","","Pays de Galles","Gardien","Max","Hudson","Max Hudson","Hudson","200039","./assoc/200039_ENG.svg","./logo/52919.png","UEFA","ENG","52919","FAME","Man City","","https://img.uefa.com/imgml/TP/teams/logos/70x70/52919.png","https://img.uefa.com/imgml/TP/teams/logos/240x240/52919.png","252919","MCI","DOMESTIC_MEN_TEAM_A","","DOMESTIC","Angleterre","Man City","Manchester City","MCI","","","","","","","","",""
"250190375","50080","17","2008-06-18","30","Guillermo","ESP","","MIDFIELDER","MALE","","./image/250190375.jpg","Guille Fernández","MIDFIELDER","22","Guille","300122","","Espagne","Milieu","","Guille Fernández","Guille Fernández","Guille Fernández","200122","./assoc/200122_ESP.svg","./logo/50080.png","UEFA","ESP","50080","FAME","Barcelona","","https://img.uefa.com/imgml/TP/teams/logos/70x70/50080.png","https://img.uefa.com/imgml/TP/teams/logos/240x240/50080.png","250080","BAR","DOMESTIC_MEN_TEAM_A","","DOMESTIC","Espagne","Barcelona","FC Barcelona","BAR","","","","","","","","",""
"250190232","52749","19","2006-03-09","64","Ka","NED","","GOALKEEPER","MALE","","./image/250190232.jpg","Ismail Ka","GOALKEEPER","","Ka","","","Pays-Bas","Gardien","Ismail","Ka","Ismail Ka","Ka","200095","./assoc/200095_NED.svg","./logo/52749.png","UEFA","NED","52749","FAME","Feyenoord","","https://img.uefa.com/imgml/TP/teams/logos/70x70/52749.png","https://img.uefa.com/imgml/TP/teams/logos/240x240/52749.png","252749","FEY","DOMESTIC_MEN_TEAM_A","","DOMESTIC","Pays-Bas","Feyenoord","Feyenoord","FEY","","","","","","","","",""
"250190124","52747","17","2008-02-14","60","James","FRA","","GOALKEEPER","MALE","","https://img.uefa.com/imgml/TP/players/1/2025/324x324/250190124.jpg","Martin James","GOALKEEPER","","James","","","France","Gardien","Martin","James","Martin James","James","200043","./assoc/200043_FRA.svg","./logo/52747.png","UEFA","FRA","52747","FAME","Paris","","https://img.uefa.com/imgml/TP/teams/logos/70x70/52747.png","https://img.uefa.com/imgml/TP/teams/logos/240x240/52747.png","252747","PSG","DOMESTIC_MEN_TEAM_A","","DOMESTIC","France","Paris","Paris Saint-Germain","PSG","","","","","","","","",""
"250190123","52747","18","2007-08-10","16","Tape","FRA","UNKNOWN","DEFENDER","MALE","","./image/250190123.jpg","Axel Tape","MIDFIELDER","","Tape","","","France","Défenseur","Axel","Tape","Axel Tape","Tape","200043","./assoc/200043_FRA.svg","./logo/52747.png","UEFA","FRA","52747","FAME","Paris","","https://img.uefa.com/imgml/TP/teams/logos/70x70/52747.png","https://img.uefa.com/imgml/TP/teams/logos/240x240/52747.png","252747","PSG","DOMESTIC_MEN_TEAM_A","","DOMESTIC","France","Paris","Paris Saint-Germain","PSG","","","","","","","","",""
"250190117","52747","17","2008-01-24","49","Mbaye","FRA","UNKNOWN","FORWARD","MALE","","./image/250190117.jpg","Ibrahim Mbaye","FORWARD","7","Mbaye","400043","","France","Attaquant","Ibrahim","Mbaye","Ibrahim Mbaye","Mbaye","200043","./assoc/200043_FRA.svg","./logo/52747.png","UEFA","FRA","52747","FAME","Paris","","https://img.uefa.com/imgml/TP/teams/logos/70x70/52747.png","https://img.uefa.com/imgml/TP/teams/logos/240x240/52747.png","252747","PSG","DOMESTIC_MEN_TEAM_A","","DOMESTIC","France","Paris","Paris Saint-Germain","PSG","","","","","","","","",""
"250189876","52758","18","2007-04-29","47","Benkara","GER","UNKNOWN","DEFENDER","MALE","","https://img.uefa.com/imgml/TP/players/1/2025/324x324/250189876.jpg","Elias Benkara","DEFENDER","","Benkara","","","Allemagne","Défenseur","Elias","Benkara","Elias Benkara","Benkara","200047","./assoc/200047_GER.svg","./logo/52758.png","UEFA","GER","52758","FAME","B. Dortmund","","https://img.uefa.com/imgml/TP/teams/logos/70x70/52758.png","https://img.uefa.com/imgml/TP/teams/logos/240x240/52758.png","252758","BVB","DOMESTIC_MEN_TEAM_A","","DOMESTIC","Allemagne","B. Dortmund","Borussia Dortmund","BVB","","","","","","","","",""
"250189858","50051","18","2007-03-28","7","YÁÑEZ","ESP","","FORWARD","MALE","","./image/250189858.jpg","Daniel Yañez","MIDFIELDER","7","YAÑEZ","400122","","Espagne","Attaquant","","Daniel Yañez","Daniel Yañez","Daniel Yañez","200122","./assoc/200122_ESP.svg","./logo/50051.png","UEFA","ESP","50051","FAME","Real Madrid","","https://img.uefa.com/imgml/TP/teams/logos/70x70/50051.png","https://img.uefa.com/imgml/TP/teams/logos/240x240/50051.png","250051","RMA","DOMESTIC_MEN_TEAM_A","","DOMESTIC","Espagne","Real Madrid","Real Madrid C.F.","RMA","","","","","","","","",""
"250189611","2603790","18","2007-10-07","19","Voufack","GER","UNKNOWN","DEFENDER","MALE","","./image/250189611.jpg","Lionel Voufack","DEFENDER","","Voufack","","","Allemagne","Défenseur","Lionel","Voufack","Lionel Voufack","Voufack","200047","./assoc/200047_GER.svg","./logo/2603790.png","UEFA","GER","2603790","FAME","Leipzig","","https://img.uefa.com/imgml/TP/teams/logos/70x70/2603790.png","https://img.uefa.com/imgml/TP/teams/logos/240x240/2603790.png","250002563","RBL","DOMESTIC_MEN_TEAM_A","","DOMESTIC","Allemagne","Leipzig","RB Leipzig","RBL","","","","","","","","",""
"250189609","2603790","17","2008-01-14","31","Sakar","GER","","MIDFIELDER","MALE","","./image/250189609.jpg","Faik Sakar","MIDFIELDER","","Sakar","","","Allemagne","Milieu","Faik","Sakar","Faik Sakar","Sakar","200047","./assoc/200047_GER.svg","./logo/2603790.png","UEFA","GER","2603790","FAME","Leipzig","","https://img.uefa.com/imgml/TP/teams/logos/70x70/2603790.png","https://img.uefa.com/imgml/TP/teams/logos/240x240/2603790.png","250002563","RBL","DOMESTIC_MEN_TEAM_A","","DOMESTIC","Allemagne","Leipzig","RB Leipzig","RBL","","","","","","","","",""
"250189590","2603790","18","2007-10-13","33","","GER","UNKNOWN","GOALKEEPER","MALE","","./image/250189590.jpg","Fernando Dickes","GOALKEEPER","","Dickes","","","Allemagne","Gardien","Fernando","Dickes","Fernando Dickes","Dickes","200047","./assoc/200047_GER.svg","./logo/2603790.png","UEFA","GER","2603790","FAME","Leipzig","","https://img.uefa.com/imgml/TP/teams/logos/70x70/2603790.png","https://img.uefa.com/imgml/TP/teams/logos/240x240/2603790.png","250002563","RBL","DOMESTIC_MEN_TEAM_A","","DOMESTIC","Allemagne","Leipzig","RB Leipzig","RBL","","","","","","","","",""
"250189476","50138","19","2006-04-25","5","Re Cecconi","ITA","UNKNOWN","DEFENDER","MALE","","./image/250189476.jpg","Gabriele Re Cecconi","DEFENDER","","Re Cecconi","","","Italie","Défenseur","Gabriele","Re Cecconi","Gabriele Re Cecconi","Re Cecconi","200066","./assoc/200066_ITA.svg","./logo/50138.png","UEFA","ITA","50138","FAME","Inter","","https://img.uefa.com/imgml/TP/teams/logos/70x70/50138.png","https://img.uefa.com/imgml/TP/teams/logos/240x240/50138.png","250138","INT","DOMESTIC_MEN_TEAM_A","","DOMESTIC","Italie","Inter","FC Internazionale Milano","INT","","","","","","","","",""
"250189295","52280","19","2006-09-22","26","Heaven","ENG","CENTRE_BACK","DEFENDER","MALE","","./image/250189295.jpg","Ayden Heaven","DEFENDER","","Heaven","","","Angleterre","Défenseur","Ayden","Heaven","Ayden Heaven","Heaven","200039","./assoc/200039_ENG.svg","./logo/52280.png","UEFA","ENG","52280","FAME","Arsenal","","https://img.uefa.com/imgml/TP/teams/logos/70x70/52280.png","https://img.uefa.com/imgml/TP/teams/logos/240x240/52280.png","252280","ARS","DOMESTIC_MEN_TEAM_A","","DOMESTIC","Angleterre","Arsenal","Arsenal FC","ARS","","","","","","","","",""
"250189249","52280","20","2005-10-12","63","Rosiak","POL","","DEFENDER","MALE","","./image/250189249.jpg","Michal Rosiak","DEFENDER","6","Rosiak","300109","","Pologne","Défenseur","Michal","Rosiak","Michal Rosiak","Rosiak","200039","./assoc/200039_ENG.svg","./logo/52280.png","UEFA","ENG","52280","FAME","Arsenal","","https://img.uefa.com/imgml/TP/teams/logos/70x70/52280.png","https://img.uefa.com/imgml/TP/teams/logos/240x240/52280.png","252280","ARS","DOMESTIC_MEN_TEAM_A","","DOMESTIC","Angleterre","Arsenal","Arsenal FC","ARS","","","","","","","","",""
"250189243","52280","20","2005-10-12","46","Kabia","NED","","FORWARD","MALE","","./image/250189243.jpg","Ismeal Kabia","FORWARD","","Kabia","","","Pays-Bas","Attaquant","Ismeal","Kabia","Ismeal Kabia","Kabia","200039","./assoc/200039_ENG.svg","./logo/52280.png","UEFA","ENG","52280","FAME","Arsenal","","https://img.uefa.com/imgml/TP/teams/logos/70x70/52280.png","https://img.uefa.com/imgml/TP/teams/logos/240x240/52280.png","252280","ARS","DOMESTIC_MEN_TEAM_A","","DOMESTIC","Angleterre","Arsenal","Arsenal FC","ARS","","","","","","","","",""
"250189230","52280","20","2004-12-20","61","Robinson","ENG","","DEFENDER","MALE","","./image/250189230.jpg","Joshua Robinson","DEFENDER","","Robinson","","","Angleterre","Défenseur","Joshua","Robinson","Joshua Robinson","Robinson","200039","./assoc/200039_ENG.svg","./logo/52280.png","UEFA","ENG","52280","FAME","Arsenal","","https://img.uefa.com/imgml/TP/teams/logos/70x70/52280.png","https://img.uefa.com/imgml/TP/teams/logos/240x240/52280.png","252280","ARS","DOMESTIC_MEN_TEAM_A","","DOMESTIC","Angleterre","Arsenal","Arsenal FC","ARS","","","","","","","","",""
"250189189","52749","20","2005-04-02","43","Plug","NED","","DEFENDER","MALE","","./image/250189189.jpg","Jan Plug","MIDFIELDER","","Plug","","","Pays-Bas","Défenseur","Jan","Plug","Jan Plug","Plug","200095","./assoc/200095_NED.svg","./logo/52749.png","UEFA","NED","52749","FAME","Feyenoord","","https://img.uefa.com/imgml/TP/teams/logos/70x70/52749.png","https://img.uefa.com/imgml/TP/teams/logos/240x240/52749.png","252749","FEY","DOMESTIC_MEN_TEAM_A","","DOMESTIC","Pays-Bas","Feyenoord","Feyenoord","FEY","","","","","","","","",""
"250189136","50124","20","2005-02-09","36","SPINA","ARG","","DEFENDER","MALE","","./image/250189136.jpg","Gerónimo Spina","DEFENDER","","SPINA","","","Argentine","Défenseur","Gerónimo","Spina","Gerónimo Spina","Spina","200122","./assoc/200122_ESP.svg","./logo/50124.png","UEFA","ESP","50124","FAME","Atleti","","https://img.uefa.com/imgml/TP/teams/logos/70x70/50124.png","https://img.uefa.com/imgml/TP/teams/logos/240x240/50124.png","250124","ATM","DOMESTIC_MEN_TEAM_A","","DOMESTIC","Espagne","Atleti","Atlético de Madrid","ATM","","","","","","","","",""
"250189108","50111","19","2006-10-08","32","Wiener-Pucher","AUT","","GOALKEEPER","MALE","","./image/250189108.jpg","Christoph Wiener-Pucher","GOALKEEPER","","WIENER-PUCHER","","","Autriche","Gardien","Christoph","Wiener-Pucher","Christoph Wiener-Pucher","Wiener-Pucher","200008","./assoc/200008_AUT.svg","./logo/50111.png","UEFA","AUT","50111","FAME","Sturm Graz","","https://img.uefa.com/imgml/TP/teams/logos/70x70/50111.png","https://img.uefa.com/imgml/TP/teams/logos/240x240/50111.png","250111","SGR","DOMESTIC_MEN_TEAM_A","","DOMESTIC","Autriche","Sturm Graz","SK Sturm Graz","SGR","","","","","","","","",""
"250189103","50111","21","2004-01-13","49","Kiedl","AUT","","FORWARD","MALE","","./image/250189103.jpg","Peter Kiedl","FORWARD","20","Kiedl","200008","","Autriche","Attaquant","Peter","Kiedl","Peter Kiedl","Kiedl","200008","./assoc/200008_AUT.svg","./logo/50111.png","UEFA","AUT","50111","FAME","Sturm Graz","","https://img.uefa.com/imgml/TP/teams/logos/70x70/50111.png","https://img.uefa.com/imgml/TP/teams/logos/240x240/50111.png","250111","SGR","DOMESTIC_MEN_TEAM_A","","DOMESTIC","Autriche","Sturm Graz","SK Sturm Graz","SGR","","","","","","","","",""
"250188886","50138","19","2006-03-18","4","Zanchetta","ITA","","MIDFIELDER","MALE","","./image/250188886.jpg","Mattia Zanchetta","MIDFIELDER","","Zanchetta","","","Italie","Milieu","Mattia","Zanchetta","Mattia Zanchetta","Zanchetta","200066","./assoc/200066_ITA.svg","./logo/50138.png","UEFA","ITA","50138","FAME","Inter","","https://img.uefa.com/imgml/TP/teams/logos/70x70/50138.png","https://img.uefa.com/imgml/TP/teams/logos/240x240/50138.png","250138","INT","DOMESTIC_MEN_TEAM_A","","DOMESTIC","Italie","Inter","FC Internazionale Milano","INT","","","","","","","","",""
"250188470","75797","19","2006-05-25","43","BARET","FRA","","MIDFIELDER","MALE","","./image/250188470.jpg","Lilian Baret","MIDFIELDER","","BARET","","","France","Milieu","Lilian","Baret","Lilian Baret","Baret","200043","./assoc/200043_FRA.svg","./logo/75797.png","UEFA","FRA","75797","FAME","Lille","","https://img.uefa.com/imgml/TP/teams/logos/70x70/75797.png","https://img.uefa.com/imgml/TP/teams/logos/240x240/75797.png","275797","LIL","DOMESTIC_MEN_TEAM_A","","DOMESTIC","France","Lille","LOSC Lille","LIL","","","","","","","","",""
"250188445","52683","21","2004-01-06","50","Swinkels","NED","","DEFENDER","MALE","","./image/250188445.jpg","Sil Swinkels","GOALKEEPER","","Swinkels","","","Pays-Bas","Défenseur","Sil","Swinkels","Sil Swinkels","Swinkels","200039","./assoc/200039_ENG.svg","./logo/52683.png","UEFA","ENG","52683","FAME","Aston Villa","","https://img.uefa.com/imgml/TP/teams/logos/70x70/52683.png","https://img.uefa.com/imgml/TP/teams/logos/240x240/52683.png","252683","AVL","DOMESTIC_MEN_TEAM_A","","DOMESTIC","Angleterre","Aston Villa","Aston Villa FC","AVL","","","","","","","","",""
"250187771","50062","20","2005-02-23","51","Smolenaars","NED","UNKNOWN","GOALKEEPER","MALE","","./image/250187771.jpg","Tijn Smolenaars","GOALKEEPER","","Smolenaars","","","Pays-Bas","Gardien","Tijn","Smolenaars","Tijn Smolenaars","Smolenaars","200095","./assoc/200095_NED.svg","./logo/50062.png","UEFA","NED","50062","FAME","PSV","","https://img.uefa.com/imgml/TP/teams/logos/70x70/50062.png","https://img.uefa.com/imgml/TP/teams/logos/240x240/50062.png","250062","PSV","DOMESTIC_MEN_TEAM_A","","DOMESTIC","Pays-Bas","PSV","PSV Eindhoven","PSV","","","","","","","","",""
"250187770","50062","21","2004-08-09","38","Uneken","NED","UNKNOWN","FORWARD","MALE","","./image/250187770.jpg","Jesper Uneken","FORWARD","","Uneken","","","Pays-Bas","Attaquant","Jesper","Uneken","Jesper Uneken","Uneken","200095","./assoc/200095_NED.svg","./logo/50062.png","UEFA","NED","50062","FAME","PSV","","https://img.uefa.com/imgml/TP/teams/logos/70x70/50062.png","https://img.uefa.com/imgml/TP/teams/logos/240x240/50062.png","250062","PSV","DOMESTIC_MEN_TEAM_A","","DOMESTIC","Pays-Bas","PSV","PSV Eindhoven","PSV","","","","","","","","",""
"250185111","52683","19","2006-01-19","51","Young","ENG","UNKNOWN","MIDFIELDER","MALE","","./image/250185111.jpg","Kadan Young","FORWARD","15","Young","300039","","Angleterre","Milieu","Kadan","Young","Kadan Young","Young","200039","./assoc/200039_ENG.svg","./logo/52683.png","UEFA","ENG","52683","FAME","Aston Villa","","https://img.uefa.com/imgml/TP/teams/logos/70x70/52683.png","https://img.uefa.com/imgml/TP/teams/logos/240x240/52683.png","252683","AVL","DOMESTIC_MEN_TEAM_A","","DOMESTIC","Angleterre","Aston Villa","Aston Villa FC","AVL","","","","","","","","",""
"250185049","50023","18","2007-08-15","4","NIBOMBE","BEL","UNKNOWN","DEFENDER","MALE","","./image/250185049.jpg","Samuel Nibombe","DEFENDER","4","Nibombe","300013","","Belgique","Défenseur","Samuel","Nibombe","Samuel Nibombe","Nibombe","200043","./assoc/200043_FRA.svg","./logo/50023.png","UEFA","FRA","50023","FAME","Monaco","","https://img.uefa.com/imgml/TP/teams/logos/70x70/50023.png","https://img.uefa.com/imgml/TP/teams/logos/240x240/50023.png","250023","MON","DOMESTIC_MEN_TEAM_A","","DOMESTIC","France","Monaco","AS Monaco","MON","","","","","","","","",""
"250184864","50037","18","2007-07-04","41","Kusi-Asare","SWE","UNKNOWN","FORWARD","MALE","","./image/250184864.jpg","Jonah Kusi-Asare","FORWARD","9","Kusi-Asare","200127","","Suède","Attaquant","Jonah","Kusi-Asare","Jonah Kusi-Asare","Kusi-Asare","200047","./assoc/200047_GER.svg","./logo/50037.png","UEFA","GER","50037","FAME","Bayern München","","https://img.uefa.com/imgml/TP/teams/logos/70x70/50037.png","https://img.uefa.com/imgml/TP/teams/logos/240x240/50037.png","250037","BAY","DOMESTIC_MEN_TEAM_A","","DOMESTIC","Allemagne","Bayern München","FC Bayern München","BAY","","","","","","","","",""
"250184806","50023","19","2006-06-17","9","TINCRES","FRA","UNKNOWN","FORWARD","MALE","","./image/250184806.jpg","Joan Tincres","FORWARD","9","Tincres","300043","","France","Attaquant","Joan","Tincres","Joan Tincres","Tincres","200043","./assoc/200043_FRA.svg","./logo/50023.png","UEFA","FRA","50023","FAME","Monaco","","https://img.uefa.com/imgml/TP/teams/logos/70x70/50023.png","https://img.uefa.com/imgml/TP/teams/logos/240x240/50023.png","250023","MON","DOMESTIC_MEN_TEAM_A","","DOMESTIC","France","Monaco","AS Monaco","MON","","","","","","","","",""
"250184588","50164","18","2007-01-27","35","Mikić","CRO","","DEFENDER","MALE","","./image/250184588.jpg","Noa Mikić","DEFENDER","13","Mikić","356370","","Croatie","Défenseur","Noa","Mikić","Noa Mikić","Mikić","256370","./assoc/256370_CRO.svg","./logo/50164.png","UEFA","CRO","50164","FAME","GNK Dinamo","","https://img.uefa.com/imgml/TP/teams/logos/70x70/50164.png","https://img.uefa.com/imgml/TP/teams/logos/240x240/50164.png","250164","DIN","DOMESTIC_MEN_TEAM_A","","DOMESTIC","Croatie","GNK Dinamo","GNK Dinamo","DIN","","","","","","","","",""
"250184578","50164","18","2007-01-25","49","Ćutuk","CRO","UNKNOWN","FORWARD","MALE","","./image/250184578.jpg","Mislav Ćutuk","FORWARD","9","Ćutuk","456370","","Croatie","Attaquant","Mislav","Ćutuk","Mislav Ćutuk","Ćutuk","256370","./assoc/256370_CRO.svg","./logo/50164.png","UEFA","CRO","50164","FAME","GNK Dinamo","","https://img.uefa.com/imgml/TP/teams/logos/70x70/50164.png","https://img.uefa.com/imgml/TP/teams/logos/240x240/50164.png","250164","DIN","DOMESTIC_MEN_TEAM_A","","DOMESTIC","Croatie","GNK Dinamo","GNK Dinamo","DIN","","","","","","","","",""
"250184504","50111","18","2007-07-31","18","Sorg","AUT","UNKNOWN","DEFENDER","MALE","","./image/250184504.jpg","Oliver Sorg","DEFENDER","18","","300008","","Autriche","Défenseur","Oliver","Sorg","Oliver Sorg","Sorg","200008","./assoc/200008_AUT.svg","./logo/50111.png","UEFA","AUT","50111","FAME","Sturm Graz","","https://img.uefa.com/imgml/TP/teams/logos/70x70/50111.png","https://img.uefa.com/imgml/TP/teams/logos/240x240/50111.png","250111","SGR","DOMESTIC_MEN_TEAM_A","","DOMESTIC","Autriche","Sturm Graz","SK Sturm Graz","SGR","","","","","","","","",""
"250183739","50080","19","2006-09-25","19","Darvich","GER","UNKNOWN","MIDFIELDER","MALE","","./image/250183739.jpg","Noah Darvich","MIDFIELDER","10","Darvich","300047","","Allemagne","Milieu","Noah","Darvich","Noah Darvich","Darvich","200122","./assoc/200122_ESP.svg","./logo/50080.png","UEFA","ESP","50080","FAME","Barcelona","","https://img.uefa.com/imgml/TP/teams/logos/70x70/50080.png","https://img.uefa.com/imgml/TP/teams/logos/240x240/50080.png","250080","BAR","DOMESTIC_MEN_TEAM_A","","DOMESTIC","Espagne","Barcelona","FC Barcelona","BAR","","","","","","","","",""
"250183477","50147","19","2006-06-12","5","","POR","","DEFENDER","MALE","","./image/250183477.jpg","Tiago Parente","DEFENDER","5","Tiago Parente","300110","","Portugal","Défenseur","","Tiago Parente","Tiago Parente","Tiago Parente","200110","./assoc/200110_POR.svg","./logo/50147.png","UEFA","POR","50147","FAME","Benfica","","https://img.uefa.com/imgml/TP/teams/logos/70x70/50147.png","https://img.uefa.com/imgml/TP/teams/logos/240x240/50147.png","250147","BEN","DOMESTIC_MEN_TEAM_A","","DOMESTIC","Portugal","Benfica","SL Benfica","BEN","","","","","","","","",""
"250183467","50164","18","2007-01-08","42","Zebić","CRO","","DEFENDER","MALE","","./image/250183467.jpg","Marko Zebić","DEFENDER","4","Zebić","356370","","Croatie","Défenseur","Marko","Zebić","Marko Zebić","Zebić","256370","./assoc/256370_CRO.svg","./logo/50164.png","UEFA","CRO","50164","FAME","GNK Dinamo","","https://img.uefa.com/imgml/TP/teams/logos/70x70/50164.png","https://img.uefa.com/imgml/TP/teams/logos/240x240/50164.png","250164","DIN","DOMESTIC_MEN_TEAM_A","","DOMESTIC","Croatie","GNK Dinamo","GNK Dinamo","DIN","","","","","","","","",""
"250183341","50023","19","2006-06-01","10","BOUABRE","FRA","","MIDFIELDER","MALE","","./image/250183341.jpg","Saimon Bouabre","MIDFIELDER","17","BOUABRE","200043","","France","Milieu","Saimon","Bouabre","Saimon Bouabre","Bouabre","200043","./assoc/200043_FRA.svg","./logo/50023.png","UEFA","FRA","50023","FAME","Monaco","","https://img.uefa.com/imgml/TP/teams/logos/70x70/50023.png","https://img.uefa.com/imgml/TP/teams/logos/240x240/50023.png","250023","MON","DOMESTIC_MEN_TEAM_A","","DOMESTIC","France","Monaco","AS Monaco","MON","","","","","","","","",""
"250182971","52280","22","2003-08-20","56","Oulad M'Hand","NED","UNKNOWN","MIDFIELDER","MALE","","./image/250182971.jpg","Salah-Eddine Oulad M'Hand","MIDFIELDER","","Oulad M'Hand","","","Pays-Bas","Milieu","Salah-Eddine","Oulad M'Hand","Salah-Eddine Oulad M'Hand","Oulad M'Hand","200039","./assoc/200039_ENG.svg","./logo/52280.png","UEFA","ENG","52280","FAME","Arsenal","","https://img.uefa.com/imgml/TP/teams/logos/70x70/52280.png","https://img.uefa.com/imgml/TP/teams/logos/240x240/52280.png","252280","ARS","DOMESTIC_MEN_TEAM_A","","DOMESTIC","Angleterre","Arsenal","Arsenal FC","ARS","","","","","","","","",""
"250182482","52749","18","2007-05-03","47","Kraaijeveld","NED","","MIDFIELDER","MALE","","./image/250182482.jpg","Thijs Kraaijeveld","MIDFIELDER","8","Kraaijeveld","2300095","","Pays-Bas","Milieu","Thijs","Kraaijeveld","Thijs Kraaijeveld","Kraaijeveld","200095","./assoc/200095_NED.svg","./logo/52749.png","UEFA","NED","52749","FAME","Feyenoord","","https://img.uefa.com/imgml/TP/teams/logos/70x70/52749.png","https://img.uefa.com/imgml/TP/teams/logos/240x240/52749.png","252749","FEY","DOMESTIC_MEN_TEAM_A","","DOMESTIC","Pays-Bas","Feyenoord","Feyenoord","FEY","","","","","","","","",""
"250182463","50037","18","2007-03-01","48","Klanac","GER","","GOALKEEPER","MALE","","./image/250182463.jpg","Leon Klanac","GOALKEEPER","12","Klanac","300047","","Allemagne","Gardien","Leon","Klanac","Leon Klanac","Klanac","200047","./assoc/200047_GER.svg","./logo/50037.png","UEFA","GER","50037","FAME","Bayern München","","https://img.uefa.com/imgml/TP/teams/logos/70x70/50037.png","https://img.uefa.com/imgml/TP/teams/logos/240x240/50037.png","250037","BAY","DOMESTIC_MEN_TEAM_A","","DOMESTIC","Allemagne","Bayern München","FC Bayern München","BAY","","","","","","","","",""
"250182436","50149","18","2007-01-08","73","Eduardo Felicíssimo","POR","UNKNOWN","MIDFIELDER","MALE","","./image/250182436.jpg","Eduardo Felicíssimo","MIDFIELDER","16","Felicíssimo","300110","","Portugal","Milieu","","Eduardo Felicíssimo","Eduardo Felicíssimo","Eduardo Felicíssimo","200110","./assoc/200110_POR.svg","./logo/50149.png","UEFA","POR","50149","FAME","Sporting CP","","https://img.uefa.com/imgml/TP/teams/logos/70x70/50149.png","https://img.uefa.com/imgml/TP/teams/logos/240x240/50149.png","250149","SPO","DOMESTIC_MEN_TEAM_A","","DOMESTIC","Portugal","Sporting CP","Sporting Clube de Portugal","SPO","","","","","","","","",""
"250182431","50149","18","2007-02-02","71","Denilson Santos","POR","","DEFENDER","MALE","","./image/250182431.jpg","Denilson Santos","DEFENDER","5","Denilson Santos","400110","","Portugal","Défenseur","","Denilson Santos","Denilson Santos","Denilson Santos","200110","./assoc/200110_POR.svg","./logo/50149.png","UEFA","POR","50149","FAME","Sporting CP","","https://img.uefa.com/imgml/TP/teams/logos/70x70/50149.png","https://img.uefa.com/imgml/TP/teams/logos/240x240/50149.png","250149","SPO","DOMESTIC_MEN_TEAM_A","","DOMESTIC","Portugal","Sporting CP","Sporting Clube de Portugal","SPO","","","","","","","","",""
"250182403","50147","21","2004-03-03","79","Hugo Félix","POR","","MIDFIELDER","MALE","","https://img.uefa.com/imgml/TP/players/1/2025/324x324/250182403.jpg","Hugo Félix","MIDFIELDER","16","HUGO FÉLIX","200110","","Portugal","Milieu","","Hugo Félix","Hugo Félix","Hugo Félix","200110","./assoc/200110_POR.svg","./logo/50147.png","UEFA","POR","50147","FAME","Benfica","","https://img.uefa.com/imgml/TP/teams/logos/70x70/50147.png","https://img.uefa.com/imgml/TP/teams/logos/240x240/50147.png","250147","BEN","DOMESTIC_MEN_TEAM_A","","DOMESTIC","Portugal","Benfica","SL Benfica","BEN","","","","","","","","",""
"250181477","50147","19","2006-07-04","64","G. Oliveira","POR","UNKNOWN","DEFENDER","MALE","","./image/250181477.jpg","Gonçalo Oliveira","DEFENDER","5","GONÇALO OLIVEIRA","200110","","Portugal","Défenseur","","Gonçalo Oliveira","Gonçalo Oliveira","Gonçalo Oliveira","200110","./assoc/200110_POR.svg","./logo/50147.png","UEFA","POR","50147","FAME","Benfica","","https://img.uefa.com/imgml/TP/teams/logos/70x70/50147.png","https://img.uefa.com/imgml/TP/teams/logos/240x240/50147.png","250147","BEN","DOMESTIC_MEN_TEAM_A","","DOMESTIC","Portugal","Benfica","SL Benfica","BEN","","","","","","","","",""
"250180883","50164","18","2007-03-29","37","Baković","CRO","","MIDFIELDER","MALE","","./image/250180883.jpg","Tomas Baković","MIDFIELDER","8","Baković","456370","","Croatie","Milieu","Tomas","Baković","Tomas Baković","Baković","256370","./assoc/256370_CRO.svg","./logo/50164.png","UEFA","CRO","50164","FAME","GNK Dinamo","","https://img.uefa.com/imgml/TP/teams/logos/70x70/50164.png","https://img.uefa.com/imgml/TP/teams/logos/240x240/50164.png","250164","DIN","DOMESTIC_MEN_TEAM_A","","DOMESTIC","Croatie","GNK Dinamo","GNK Dinamo","DIN","","","","","","","","",""
"250179734","50149","19","2006-03-02","95","Lucas Taibo","ESP","UNKNOWN","DEFENDER","MALE","","./image/250179734.jpg","Lucas Dominguez","DEFENDER","","Lucas Taibo","","","Espagne","Défenseur","","Lucas Dominguez","Lucas Dominguez","Lucas Dominguez","200110","./assoc/200110_POR.svg","./logo/50149.png","UEFA","POR","50149","FAME","Sporting CP","","https://img.uefa.com/imgml/TP/teams/logos/70x70/50149.png","https://img.uefa.com/imgml/TP/teams/logos/240x240/50149.png","250149","SPO","DOMESTIC_MEN_TEAM_A","","DOMESTIC","Portugal","Sporting CP","Sporting Clube de Portugal","SPO","","","","","","","","",""
"250179564","50069","18","2006-11-30","45","Jovanović","SRB","UNKNOWN","MIDFIELDER","MALE","","./image/250179564.jpg","Lazar Jovanović","FORWARD","20","Jovanović","300147","","Serbie","Milieu","Lazar","Jovanović","Lazar Jovanović","Jovanović","200147","./assoc/200147_SRB.svg","./logo/50069.png","UEFA","SRB","50069","FAME","Crvena Zvezda","","https://img.uefa.com/imgml/TP/teams/logos/70x70/50069.png","https://img.uefa.com/imgml/TP/teams/logos/240x240/50069.png","250069","ZVE","DOMESTIC_MEN_TEAM_A","","DOMESTIC","Serbie","Crvena Zvezda","FK Crvena Zvezda","ZVE","","","","","","","","",""
"250179078","52758","18","2007-03-01","4","Meiser","GER","UNKNOWN","DEFENDER","MALE","","https://img.uefa.com/imgml/TP/players/1/2025/324x324/250179078.jpg","Tyler Meiser","DEFENDER","4","Meiser","400047","","Allemagne","Défenseur","Tyler","Meiser","Tyler Meiser","Meiser","200047","./assoc/200047_GER.svg","./logo/52758.png","UEFA","GER","52758","FAME","B. Dortmund","","https://img.uefa.com/imgml/TP/teams/logos/70x70/52758.png","https://img.uefa.com/imgml/TP/teams/logos/240x240/52758.png","252758","BVB","DOMESTIC_MEN_TEAM_A","","DOMESTIC","Allemagne","B. Dortmund","Borussia Dortmund","BVB","","","","","","","","",""
"250178770","52683","21","2004-06-28","48","Zych","POL","UNKNOWN","GOALKEEPER","MALE","","./image/250178770.jpg","Oliwier Zych","GOALKEEPER","1","Zych","109","","Pologne","Gardien","Oliwier","Zych","Oliwier Zych","Zych","200039","./assoc/200039_ENG.svg","./logo/52683.png","UEFA","ENG","52683","FAME","Aston Villa","","https://img.uefa.com/imgml/TP/teams/logos/70x70/52683.png","https://img.uefa.com/imgml/TP/teams/logos/240x240/52683.png","252683","AVL","DOMESTIC_MEN_TEAM_A","","DOMESTIC","Angleterre","Aston Villa","Aston Villa FC","AVL","","","","","","","","",""
"250178246","7889","18","2006-11-09","14","Morrison","NIR","UNKNOWN","FORWARD","MALE","","./image/250178246.jpg","Kieran Morrison","FORWARD","22","Morrison","200063","","Irlande du Nord","Attaquant","Kieran","Morrison","Kieran Morrison","Morrison","200039","./assoc/200039_ENG.svg","./logo/7889.png","UEFA","ENG","7889","FAME","Liverpool","","https://img.uefa.com/imgml/TP/teams/logos/70x70/7889.png","https://img.uefa.com/imgml/TP/teams/logos/240x240/7889.png","207889","LIV","DOMESTIC_MEN_TEAM_A","","DOMESTIC","Angleterre","Liverpool","Liverpool FC","LIV","","","","","","","","",""
"250178087","52749","20","2005-03-05","48","Giersthove","NED","","DEFENDER","MALE","","./image/250178087.jpg","Djomar Giersthove","DEFENDER","","Giersthove","","","Pays-Bas","Défenseur","Djomar","Giersthove","Djomar Giersthove","Giersthove","200095","./assoc/200095_NED.svg","./logo/52749.png","UEFA","NED","52749","FAME","Feyenoord","","https://img.uefa.com/imgml/TP/teams/logos/70x70/52749.png","https://img.uefa.com/imgml/TP/teams/logos/240x240/52749.png","252749","FEY","DOMESTIC_MEN_TEAM_A","","DOMESTIC","Pays-Bas","Feyenoord","Feyenoord","FEY","","","","","","","","",""
"250178085","52749","20","2004-10-15","37","Berger","NED","","GOALKEEPER","MALE","","./image/250178085.jpg","Mannou Berger","GOALKEEPER","","Berger","","","Pays-Bas","Gardien","Mannou","Berger","Mannou Berger","Berger","200095","./assoc/200095_NED.svg","./logo/52749.png","UEFA","NED","52749","FAME","Feyenoord","","https://img.uefa.com/imgml/TP/teams/logos/70x70/52749.png","https://img.uefa.com/imgml/TP/teams/logos/240x240/52749.png","252749","FEY","DOMESTIC_MEN_TEAM_A","","DOMESTIC","Pays-Bas","Feyenoord","Feyenoord","FEY","","","","","","","","",""
"250178063","50023","21","2004-08-28","37","E. DIOP","FRA","UNKNOWN","MIDFIELDER","MALE","","./image/250178063.jpg","Edan Diop","FORWARD","10","Diop","300043","","France","Milieu","Edan","Diop","Edan Diop","Diop","200043","./assoc/200043_FRA.svg","./logo/50023.png","UEFA","FRA","50023","FAME","Monaco","","https://img.uefa.com/imgml/TP/teams/logos/70x70/50023.png","https://img.uefa.com/imgml/TP/teams/logos/240x240/50023.png","250023","MON","DOMESTIC_MEN_TEAM_A","","DOMESTIC","France","Monaco","AS Monaco","MON","","","","","","","","",""
"250178062","50023","21","2004-04-21","28","COULIBALY","FRA","UNKNOWN","MIDFIELDER","MALE","","./image/250178062.jpg","Mamadou Coulibaly","MIDFIELDER","","Coulibaly","","","France","Milieu","Mamadou","Coulibaly","Mamadou Coulibaly","Coulibaly","200043","./assoc/200043_FRA.svg","./logo/50023.png","UEFA","FRA","50023","FAME","Monaco","","https://img.uefa.com/imgml/TP/teams/logos/70x70/50023.png","https://img.uefa.com/imgml/TP/teams/logos/240x240/50023.png","250023","MON","DOMESTIC_MEN_TEAM_A","","DOMESTIC","France","Monaco","AS Monaco","MON","","","","","","","","",""
"250177933","52969","21","2004-03-14","23","Bagnolini","ITA","","GOALKEEPER","MALE","","./image/250177933.jpg","Nicola Bagnolini","GOALKEEPER","12","Bagnolini","300066","","Italie","Gardien","Nicola","Bagnolini","Nicola Bagnolini","Bagnolini","200066","./assoc/200066_ITA.svg","./logo/52969.png","UEFA","ITA","52969","FAME","Bologna","","https://img.uefa.com/imgml/TP/teams/logos/70x70/52969.png","https://img.uefa.com/imgml/TP/teams/logos/240x240/52969.png","252969","BOL","DOMESTIC_MEN_TEAM_A","","DOMESTIC","Italie","Bologna","Bologna FC 1909","BOL","","","","","","","","",""
"250177819","52919","20","2005-09-21","56","Wright","ENG","","MIDFIELDER","MALE","","./image/250177819.jpg","Jacob Wright","MIDFIELDER","","Wright","","","Angleterre","Milieu","Jacob","Wright","Jacob Wright","Wright","200039","./assoc/200039_ENG.svg","./logo/52919.png","UEFA","ENG","52919","FAME","Man City","","https://img.uefa.com/imgml/TP/teams/logos/70x70/52919.png","https://img.uefa.com/imgml/TP/teams/logos/240x240/52919.png","252919","MCI","DOMESTIC_MEN_TEAM_A","","DOMESTIC","Angleterre","Man City","Manchester City","MCI","","","","","","","","",""
"250177771","50149","19","2005-12-30","66","Miguel","POR","","DEFENDER","MALE","","./image/250177771.jpg","Miguel Alves","DEFENDER","3","Miguel Alves","300110","","Portugal","Défenseur","","Miguel Alves","Miguel Alves","Miguel Alves","200110","./assoc/200110_POR.svg","./logo/50149.png","UEFA","POR","50149","FAME","Sporting CP","","https://img.uefa.com/imgml/TP/teams/logos/70x70/50149.png","https://img.uefa.com/imgml/TP/teams/logos/240x240/50149.png","250149","SPO","DOMESTIC_MEN_TEAM_A","","DOMESTIC","Portugal","Sporting CP","Sporting Clube de Portugal","SPO","","","","","","","","",""
"250177612","52747","19","2006-05-15","22","Zague","FRA","UNKNOWN","DEFENDER","MALE","","./image/250177612.jpg","Yoram Zague","DEFENDER","12","Zague","300043","","France","Défenseur","Yoram","Zague","Yoram Zague","Zague","200043","./assoc/200043_FRA.svg","./logo/52747.png","UEFA","FRA","52747","FAME","Paris","","https://img.uefa.com/imgml/TP/teams/logos/70x70/52747.png","https://img.uefa.com/imgml/TP/teams/logos/240x240/52747.png","252747","PSG","DOMESTIC_MEN_TEAM_A","","DOMESTIC","France","Paris","Paris Saint-Germain","PSG","","","","","","","","",""
"250177593","52747","18","2006-12-07","4","EL HANNACH","FRA","","DEFENDER","MALE","","./image/250177593.jpg","Naoufel El Hannach","DEFENDER","","El Hannach","","","France","Défenseur","Naoufel","El Hannach","Naoufel El Hannach","El Hannach","200043","./assoc/200043_FRA.svg","./logo/52747.png","UEFA","FRA","52747","FAME","Paris","","https://img.uefa.com/imgml/TP/teams/logos/70x70/52747.png","https://img.uefa.com/imgml/TP/teams/logos/240x240/52747.png","252747","PSG","DOMESTIC_MEN_TEAM_A","","DOMESTIC","France","Paris","Paris Saint-Germain","PSG","","","","","","","","",""
"250177515","50149","20","2005-08-20","55","José Silva","POR","","DEFENDER","MALE","","./image/250177515.jpg","José Silva","DEFENDER","","","","","Portugal","Défenseur","","José Silva","José Silva","José Silva","200110","./assoc/200110_POR.svg","./logo/50149.png","UEFA","POR","50149","FAME","Sporting CP","","https://img.uefa.com/imgml/TP/teams/logos/70x70/50149.png","https://img.uefa.com/imgml/TP/teams/logos/240x240/50149.png","250149","SPO","DOMESTIC_MEN_TEAM_A","","DOMESTIC","Portugal","Sporting CP","Sporting Clube de Portugal","SPO","","","","","","","","",""
"250177501","50149","20","2005-04-03","90","Nel","POR","","FORWARD","MALE","","./image/250177501.jpg","Rafael Nel","FORWARD","9","Rafael Nel","300110","","Portugal","Attaquant","","Rafael Nel","Rafael Nel","Rafael Nel","200110","./assoc/200110_POR.svg","./logo/50149.png","UEFA","POR","50149","FAME","Sporting CP","","https://img.uefa.com/imgml/TP/teams/logos/70x70/50149.png","https://img.uefa.com/imgml/TP/teams/logos/240x240/50149.png","250149","SPO","DOMESTIC_MEN_TEAM_A","","DOMESTIC","Portugal","Sporting CP","Sporting Clube de Portugal","SPO","","","","","","","","",""
"250177433","50030","20","2005-04-24","62","Oelz","AUT","","GOALKEEPER","MALE","","./image/250177433.jpg","Valentin Oelz","GOALKEEPER","","Oelz","","","Autriche","Gardien","Valentin","Oelz","Valentin Oelz","Oelz","200008","./assoc/200008_AUT.svg","./logo/50030.png","UEFA","AUT","50030","FAME","Salzburg","","https://img.uefa.com/imgml/TP/teams/logos/70x70/50030.png","https://img.uefa.com/imgml/TP/teams/logos/240x240/50030.png","250030","SAL","DOMESTIC_MEN_TEAM_A","","DOMESTIC","Autriche","Salzburg","FC Salzburg","SAL","","","","","","","","",""
"250177426","50030","19","2006-09-22","21","Lukic","CRO","UNKNOWN","MIDFIELDER","MALE","","./image/250177426.jpg","Oliver Lukic","FORWARD","17","Lukić","356370","","Croatie","Milieu","Oliver","Lukic","Oliver Lukic","Lukic","200008","./assoc/200008_AUT.svg","./logo/50030.png","UEFA","AUT","50030","FAME","Salzburg","","https://img.uefa.com/imgml/TP/teams/logos/70x70/50030.png","https://img.uefa.com/imgml/TP/teams/logos/240x240/50030.png","250030","SAL","DOMESTIC_MEN_TEAM_A","","DOMESTIC","Autriche","Salzburg","FC Salzburg","SAL","","","","","","","","",""
"250177259","50147","20","2005-09-28","71","Leandro","POR","UNKNOWN","DEFENDER","MALE","","./image/250177259.jpg","Leandro Santos","DEFENDER","","","","","Portugal","Défenseur","","Leandro Santos","Leandro Santos","Leandro Santos","200110","./assoc/200110_POR.svg","./logo/50147.png","UEFA","POR","50147","FAME","Benfica","","https://img.uefa.com/imgml/TP/teams/logos/70x70/50147.png","https://img.uefa.com/imgml/TP/teams/logos/240x240/50147.png","250147","BEN","DOMESTIC_MEN_TEAM_A","","DOMESTIC","Portugal","Benfica","SL Benfica","BEN","","","","","","","","",""
"250177257","50050","19","2005-11-17","48","Bonnar","SCO","UNKNOWN","FORWARD","MALE","","./image/250177257.jpg","Jude Bonnar","FORWARD","","Bonnar","","","Écosse","Attaquant","Jude","Bonnar","Jude Bonnar","Bonnar","200117","./assoc/200117_SCO.svg","./logo/50050.png","UEFA","SCO","50050","FAME","Celtic","","https://img.uefa.com/imgml/TP/teams/logos/70x70/50050.png","https://img.uefa.com/imgml/TP/teams/logos/240x240/50050.png","250050","CEL","DOMESTIC_MEN_TEAM_A","","DOMESTIC","Écosse","Celtic","Celtic FC","CEL","","","","","","","","",""
"250176534","50051","20","2005-03-18","44","DE LLANOS","ESP","","MIDFIELDER","MALE","","./image/250176534.jpg","Hugo de Llanos","MIDFIELDER","","HUGO DE LLANOS","","","Espagne","Milieu","","Hugo De Llanos","Hugo de Llanos","Hugo De Llanos","200122","./assoc/200122_ESP.svg","./logo/50051.png","UEFA","ESP","50051","FAME","Real Madrid","","https://img.uefa.com/imgml/TP/teams/logos/70x70/50051.png","https://img.uefa.com/imgml/TP/teams/logos/240x240/50051.png","250051","RMA","DOMESTIC_MEN_TEAM_A","","DOMESTIC","Espagne","Real Madrid","Real Madrid C.F.","RMA","","","","","","","","",""
"250176533","50051","20","2005-04-25","30","Chema","ESP","UNKNOWN","MIDFIELDER","MALE","","./image/250176533.jpg","Chema Andrés","MIDFIELDER","16","Chema","200122","","Espagne","Milieu","","Chema Andrés","Chema Andrés","Chema Andrés","200122","./assoc/200122_ESP.svg","./logo/50051.png","UEFA","ESP","50051","FAME","Real Madrid","","https://img.uefa.com/imgml/TP/teams/logos/70x70/50051.png","https://img.uefa.com/imgml/TP/teams/logos/240x240/50051.png","250051","RMA","DOMESTIC_MEN_TEAM_A","","DOMESTIC","Espagne","Real Madrid","Real Madrid C.F.","RMA","","","","","","","","",""
"250176532","50051","20","2005-06-24","26","FRAN GONZÁLEZ","ESP","UNKNOWN","GOALKEEPER","MALE","","./image/250176532.jpg","Fran González","GOALKEEPER","1","Fran González","200122","","Espagne","Gardien","Fran","González","Fran González","González","200122","./assoc/200122_ESP.svg","./logo/50051.png","UEFA","ESP","50051","FAME","Real Madrid","","https://img.uefa.com/imgml/TP/teams/logos/70x70/50051.png","https://img.uefa.com/imgml/TP/teams/logos/240x240/50051.png","250051","RMA","DOMESTIC_MEN_TEAM_A","","DOMESTIC","Espagne","Real Madrid","Real Madrid C.F.","RMA","","","","","","","","",""
"250176481","50109","18","2007-09-21","27","Alajbegovic","BIH","","MIDFIELDER","MALE","","./image/250176481.jpg","Kerim Alajbegović","MIDFIELDER","","Alajbegovic","","","Bosnie-Herzégovine","Milieu","Kerim","Alajbegović","Kerim Alajbegović","Alajbegović","200047","./assoc/200047_GER.svg","./logo/50109.png","UEFA","GER","50109","FAME","Leverkusen","","https://img.uefa.com/imgml/TP/teams/logos/70x70/50109.png","https://img.uefa.com/imgml/TP/teams/logos/240x240/50109.png","250109","LEV","DOMESTIC_MEN_TEAM_A","","DOMESTIC","Allemagne","Leverkusen","Bayer 04 Leverkusen","LEV","","","","","","","","",""
"250176321","52758","19","2006-02-13","1","Lisewski","GER","UNKNOWN","GOALKEEPER","MALE","","./image/250176321.jpg","Robin Lisewski","GOALKEEPER","","Lisewski","","","Allemagne","Gardien","Robin","Lisewski","Robin Lisewski","Lisewski","200047","./assoc/200047_GER.svg","./logo/52758.png","UEFA","GER","52758","FAME","B. Dortmund","","https://img.uefa.com/imgml/TP/teams/logos/70x70/52758.png","https://img.uefa.com/imgml/TP/teams/logos/240x240/52758.png","252758","BVB","DOMESTIC_MEN_TEAM_A","","DOMESTIC","Allemagne","B. Dortmund","Borussia Dortmund","BVB","","","","","","","","",""
"250176275","2603790","19","2006-03-15","11","Jatta","GER","UNKNOWN","MIDFIELDER","MALE","","./image/250176275.jpg","Nuha Jatta","FORWARD","19","Jatta","300047","","Allemagne","Milieu","Nuha","Jatta","Nuha Jatta","Jatta","200047","./assoc/200047_GER.svg","./logo/2603790.png","UEFA","GER","2603790","FAME","Leipzig","","https://img.uefa.com/imgml/TP/teams/logos/70x70/2603790.png","https://img.uefa.com/imgml/TP/teams/logos/240x240/2603790.png","250002563","RBL","DOMESTIC_MEN_TEAM_A","","DOMESTIC","Allemagne","Leipzig","RB Leipzig","RBL","","","","","","","","",""
"250176273","2603790","19","2006-09-12","3","Koß","GER","UNKNOWN","DEFENDER","MALE","","./image/250176273.jpg","Leon Koß","DEFENDER","","Koß","","","Allemagne","Défenseur","Leon","Koß","Leon Koß","Koß","200047","./assoc/200047_GER.svg","./logo/2603790.png","UEFA","GER","2603790","FAME","Leipzig","","https://img.uefa.com/imgml/TP/teams/logos/70x70/2603790.png","https://img.uefa.com/imgml/TP/teams/logos/240x240/2603790.png","250002563","RBL","DOMESTIC_MEN_TEAM_A","","DOMESTIC","Allemagne","Leipzig","RB Leipzig","RBL","","","","","","","","",""
"250176229","50037","19","2006-01-18","35","Schmitt","GER","UNKNOWN","GOALKEEPER","MALE","","./image/250176229.jpg","Max Schmitt","GOALKEEPER","23","Schmitt","300047","","Allemagne","Gardien","Max","Schmitt","Max Schmitt","Schmitt","200047","./assoc/200047_GER.svg","./logo/50037.png","UEFA","GER","50037","FAME","Bayern München","","https://img.uefa.com/imgml/TP/teams/logos/70x70/50037.png","https://img.uefa.com/imgml/TP/teams/logos/240x240/50037.png","250037","BAY","DOMESTIC_MEN_TEAM_A","","DOMESTIC","Allemagne","Bayern München","FC Bayern München","BAY","","","","","","","","",""
"250176213","50138","20","2005-05-30","50","Aidoo","ITA","","DEFENDER","MALE","","./image/250176213.jpg","Mike Aidoo","DEFENDER","","Aidoo","","","Italie","Défenseur","Mike","Aidoo","Mike Aidoo","Aidoo","200066","./assoc/200066_ITA.svg","./logo/50138.png","UEFA","ITA","50138","FAME","Inter","","https://img.uefa.com/imgml/TP/teams/logos/70x70/50138.png","https://img.uefa.com/imgml/TP/teams/logos/240x240/50138.png","250138","INT","DOMESTIC_MEN_TEAM_A","","DOMESTIC","Italie","Inter","FC Internazionale Milano","INT","","","","","","","","",""
"250176205","50138","20","2005-02-10","3","Motta","ITA","","DEFENDER","MALE","","https://img.uefa.com/imgml/TP/players/1/2025/324x324/250176205.jpg","Matteo Motta","DEFENDER","","MOTTA","","","Italie","Défenseur","Matteo","Motta","Matteo Motta","Motta","200066","./assoc/200066_ITA.svg","./logo/50138.png","UEFA","ITA","50138","FAME","Inter","","https://img.uefa.com/imgml/TP/teams/logos/70x70/50138.png","https://img.uefa.com/imgml/TP/teams/logos/240x240/50138.png","250138","INT","DOMESTIC_MEN_TEAM_A","","DOMESTIC","Italie","Inter","FC Internazionale Milano","INT","","","","","","","","",""
"250176188","50031","20","2005-08-04","55","SEILER","SUI","","DEFENDER","MALE","","./image/250176188.jpg","Mats Seiler","DEFENDER","3","","300128","","Suisse","Défenseur","Mats","Seiler","Mats Seiler","Seiler","200128","./assoc/200128_SUI.svg","./logo/50031.png","UEFA","SUI","50031","FAME","Young Boys","","https://img.uefa.com/imgml/TP/teams/logos/70x70/50031.png","https://img.uefa.com/imgml/TP/teams/logos/240x240/50031.png","250031","YB","DOMESTIC_MEN_TEAM_A","","DOMESTIC","Suisse","Young Boys","BSC Young Boys","YB","","","","","","","","",""
"250176181","50031","20","2005-08-10","60","Dema","KOS","","MIDFIELDER","MALE","","./image/250176181.jpg","Jashar Dema","MIDFIELDER","","Dema","","","Kosovo","Milieu","Jashar","Dema","Jashar Dema","Dema","200128","./assoc/200128_SUI.svg","./logo/50031.png","UEFA","SUI","50031","FAME","Young Boys","","https://img.uefa.com/imgml/TP/teams/logos/70x70/50031.png","https://img.uefa.com/imgml/TP/teams/logos/240x240/50031.png","250031","YB","DOMESTIC_MEN_TEAM_A","","DOMESTIC","Suisse","Young Boys","BSC Young Boys","YB","","","","","","","","",""
"250174995","50111","21","2004-05-06","40","Bignetti","AUT","","GOALKEEPER","MALE","","./image/250174995.jpg","Matteo Bignetti","GOALKEEPER","12","Bignetti","200008","","Autriche","Gardien","Matteo","Bignetti","Matteo Bignetti","Bignetti","200008","./assoc/200008_AUT.svg","./logo/50111.png","UEFA","AUT","50111","FAME","Sturm Graz","","https://img.uefa.com/imgml/TP/teams/logos/70x70/50111.png","https://img.uefa.com/imgml/TP/teams/logos/240x240/50111.png","250111","SGR","DOMESTIC_MEN_TEAM_A","","DOMESTIC","Autriche","Sturm Graz","SK Sturm Graz","SGR","","","","","","","","",""
"250174135","52749","20","2004-12-15","21","Andreev","BUL","","GOALKEEPER","MALE","","./image/250174135.jpg","Plamen Andreev","GOALKEEPER","1","","20","","Bulgarie","Gardien","Plamen","Andreev","Plamen Andreev","Plam. Andreev","200095","./assoc/200095_NED.svg","./logo/52749.png","UEFA","NED","52749","FAME","Feyenoord","","https://img.uefa.com/imgml/TP/teams/logos/70x70/52749.png","https://img.uefa.com/imgml/TP/teams/logos/240x240/52749.png","252749","FEY","DOMESTIC_MEN_TEAM_A","","DOMESTIC","Pays-Bas","Feyenoord","Feyenoord","FEY","","","","","","","","",""
"250173127","50138","26","1999-02-08","17","Buchanan","CAN","WINGER","FORWARD","MALE","","./image/250173127.jpg","Tajon Buchanan","MIDFIELDER","17","Buchanan","24","","Canada","Attaquant","Tajon","Buchanan","Tajon Buchanan","Buchanan","200066","./assoc/200066_ITA.svg","./logo/50138.png","UEFA","ITA","50138","FAME","Inter","","https://img.uefa.com/imgml/TP/teams/logos/70x70/50138.png","https://img.uefa.com/imgml/TP/teams/logos/240x240/50138.png","250138","INT","DOMESTIC_MEN_TEAM_A","","DOMESTIC","Italie","Inter","FC Internazionale Milano","INT","","","","","","","","",""
"250172569","52969","19","2006-02-20","13","Ravaglioli","ITA","","FORWARD","MALE","","https://img.uefa.com/imgml/TP/players/1/2025/324x324/250172569.jpg","Tommaso Ravaglioli","FORWARD","11","Ravaglioli","400066","","Italie","Attaquant","Tommaso","Ravaglioli","Tommaso Ravaglioli","Ravaglioli","200066","./assoc/200066_ITA.svg","./logo/52969.png","UEFA","ITA","52969","FAME","Bologna","","https://img.uefa.com/imgml/TP/teams/logos/70x70/52969.png","https://img.uefa.com/imgml/TP/teams/logos/240x240/52969.png","252969","BOL","DOMESTIC_MEN_TEAM_A","","DOMESTIC","Italie","Bologna","Bologna FC 1909","BOL","","","","","","","","",""
"250172540","50069","18","2007-06-28","44","Milosavljević","SRB","","MIDFIELDER","MALE","","./image/250172540.jpg","Veljko Milosavljević","MIDFIELDER","4","Milosavljević","147","","Serbie","Milieu","Veljko","Milosavljević","Veljko Milosavljević","Milosavljević","200147","./assoc/200147_SRB.svg","./logo/50069.png","UEFA","SRB","50069","FAME","Crvena Zvezda","","https://img.uefa.com/imgml/TP/teams/logos/70x70/50069.png","https://img.uefa.com/imgml/TP/teams/logos/240x240/50069.png","250069","ZVE","DOMESTIC_MEN_TEAM_A","","DOMESTIC","Serbie","Crvena Zvezda","FK Crvena Zvezda","ZVE","","","","","","","","",""
"250172534","50069","18","2007-05-11","28","Draškić","SRB","","GOALKEEPER","MALE","","./image/250172534.jpg","Vuk Draškić","GOALKEEPER","21","Draškić","147","","Serbie","Gardien","Vuk","Draškić","Vuk Draškić","Draškić","200147","./assoc/200147_SRB.svg","./logo/50069.png","UEFA","SRB","50069","FAME","Crvena Zvezda","","https://img.uefa.com/imgml/TP/teams/logos/70x70/50069.png","https://img.uefa.com/imgml/TP/teams/logos/240x240/50069.png","250069","ZVE","DOMESTIC_MEN_TEAM_A","","DOMESTIC","Serbie","Crvena Zvezda","FK Crvena Zvezda","ZVE","","","","","","","","",""
"250172342","50051","20","2005-03-11","33","POL FORTUNY","ESP","UNKNOWN","MIDFIELDER","MALE","","https://img.uefa.com/imgml/TP/players/1/2025/324x324/250172342.jpg","Pol Fortuny","FORWARD","10","POL FORTUNY","300122","","Espagne","Milieu","","Pol Fortuny","Pol Fortuny","Pol Fortuny","200122","./assoc/200122_ESP.svg","./logo/50051.png","UEFA","ESP","50051","FAME","Real Madrid","","https://img.uefa.com/imgml/TP/teams/logos/70x70/50051.png","https://img.uefa.com/imgml/TP/teams/logos/240x240/50051.png","250051","RMA","DOMESTIC_MEN_TEAM_A","","DOMESTIC","Espagne","Real Madrid","Real Madrid C.F.","RMA","","","","","","","","",""
"250171926","50138","19","2005-10-22","10","Quieto","ITA","","FORWARD","MALE","","./image/250171926.jpg","Daniele Quieto","MIDFIELDER","10","Quieto","400066","","Italie","Attaquant","Daniele","Quieto","Daniele Quieto","Quieto","200066","./assoc/200066_ITA.svg","./logo/50138.png","UEFA","ITA","50138","FAME","Inter","","https://img.uefa.com/imgml/TP/teams/logos/70x70/50138.png","https://img.uefa.com/imgml/TP/teams/logos/240x240/50138.png","250138","INT","DOMESTIC_MEN_TEAM_A","","DOMESTIC","Italie","Inter","FC Internazionale Milano","INT","","","","","","","","",""
"250171662","2602798","19","2006-02-28","30","","ESP","","MIDFIELDER","MALE","","https://img.uefa.com/imgml/TP/players/1/2025/324x324/250171662.jpg","Enric García","MIDFIELDER","20","García Hurtado","2300122","","Espagne","Milieu","","Enric García","Enric García","Enric García","200122","./assoc/200122_ESP.svg","./logo/2602798.png","UEFA","ESP","2602798","FAME","Girona","","https://img.uefa.com/imgml/TP/teams/logos/70x70/2602798.png","https://img.uefa.com/imgml/TP/teams/logos/240x240/2602798.png","250001774","GIR","DOMESTIC_MEN_TEAM_A","","DOMESTIC","Espagne","Girona","Girona FC","GIR","","","","","","","","",""
"250171004","2602798","22","2003-02-05","36","Artero","ESP","","MIDFIELDER","MALE","","./image/250171004.jpg","Ricard Artero","DEFENDER","16","Artero","300122","","Espagne","Milieu","Ricard","Artero","Ricard Artero","Artero","200122","./assoc/200122_ESP.svg","./logo/2602798.png","UEFA","ESP","2602798","FAME","Girona","","https://img.uefa.com/imgml/TP/teams/logos/70x70/2602798.png","https://img.uefa.com/imgml/TP/teams/logos/240x240/2602798.png","250001774","GIR","DOMESTIC_MEN_TEAM_A","","DOMESTIC","Espagne","Girona","Girona FC","GIR","","","","","","","","",""
"250171003","50051","20","2005-10-07","29","YOUSSEF","ESP","","DEFENDER","MALE","","./image/250171003.jpg","Youssef","DEFENDER","3","YOUSSEF","400122","","Espagne","Défenseur","","Youssef","Youssef","Youssef","200122","./assoc/200122_ESP.svg","./logo/50051.png","UEFA","ESP","50051","FAME","Real Madrid","","https://img.uefa.com/imgml/TP/teams/logos/70x70/50051.png","https://img.uefa.com/imgml/TP/teams/logos/240x240/50051.png","250051","RMA","DOMESTIC_MEN_TEAM_A","","DOMESTIC","Espagne","Real Madrid","Real Madrid C.F.","RMA","","","","","","","","",""
"250170952","50107","19","2005-12-01","41","Seimen","GER","UNKNOWN","GOALKEEPER","MALE","","./image/250170952.jpg","Dennis Seimen","GOALKEEPER","1","Seimen","200047","","Allemagne","Gardien","Dennis","Seimen","Dennis Seimen","Seimen","200047","./assoc/200047_GER.svg","./logo/50107.png","UEFA","GER","50107","FAME","Stuttgart","","https://img.uefa.com/imgml/TP/teams/logos/70x70/50107.png","https://img.uefa.com/imgml/TP/teams/logos/240x240/50107.png","250107","STU","DOMESTIC_MEN_TEAM_A","","DOMESTIC","Allemagne","Stuttgart","VfB Stuttgart","STU","","","","","","","","",""
"250170141","52758","19","2006-02-16","38","Wätjen","GER","UNKNOWN","MIDFIELDER","MALE","","./image/250170141.jpg","Kjell Wätjen","MIDFIELDER","18","Wätjen","300047","","Allemagne","Milieu","Kjell","Wätjen","Kjell Wätjen","Wätjen","200047","./assoc/200047_GER.svg","./logo/52758.png","UEFA","GER","52758","FAME","B. Dortmund","","https://img.uefa.com/imgml/TP/teams/logos/70x70/52758.png","https://img.uefa.com/imgml/TP/teams/logos/240x240/52758.png","252758","BVB","DOMESTIC_MEN_TEAM_A","","DOMESTIC","Allemagne","B. Dortmund","Borussia Dortmund","BVB","","","","","","","","",""
"250170133","52758","19","2006-06-06","42","Kabar","GER","UNKNOWN","DEFENDER","MALE","","./image/250170133.jpg","Almugera Kabar","DEFENDER","3","Kabar","300047","","Allemagne","Défenseur","Almugera","Kabar","Almugera Kabar","Kabar","200047","./assoc/200047_GER.svg","./logo/52758.png","UEFA","GER","52758","FAME","B. Dortmund","","https://img.uefa.com/imgml/TP/teams/logos/70x70/52758.png","https://img.uefa.com/imgml/TP/teams/logos/240x240/52758.png","252758","BVB","DOMESTIC_MEN_TEAM_A","","DOMESTIC","Allemagne","B. Dortmund","Borussia Dortmund","BVB","","","","","","","","",""
"250170089","50147","19","2006-08-17","8","","POR","","MIDFIELDER","MALE","","./image/250170089.jpg","Tiago Freitas","MIDFIELDER","17","Tiago Freitas","300110","","Portugal","Milieu","","Tiago Freitas","Tiago Freitas","Tiago Freitas","200110","./assoc/200110_POR.svg","./logo/50147.png","UEFA","POR","50147","FAME","Benfica","","https://img.uefa.com/imgml/TP/teams/logos/70x70/50147.png","https://img.uefa.com/imgml/TP/teams/logos/240x240/50147.png","250147","BEN","DOMESTIC_MEN_TEAM_A","","DOMESTIC","Portugal","Benfica","SL Benfica","BEN","","","","","","","","",""
"250170087","50147","19","2006-08-31","55","J. Fonseca","POR","","DEFENDER","MALE","","./image/250170087.jpg","João Fonseca","DEFENDER","3","J.Fonseca","400110","","Portugal","Défenseur","","João Fonseca","João Fonseca","João Fonseca","200110","./assoc/200110_POR.svg","./logo/50147.png","UEFA","POR","50147","FAME","Benfica","","https://img.uefa.com/imgml/TP/teams/logos/70x70/50147.png","https://img.uefa.com/imgml/TP/teams/logos/240x240/50147.png","250147","BEN","DOMESTIC_MEN_TEAM_A","","DOMESTIC","Portugal","Benfica","SL Benfica","BEN","","","","","","","","",""
"250169995","50033","19","2006-05-08","12","Heerkens","NED","UNKNOWN","GOALKEEPER","MALE","","./image/250169995.jpg","Joeri Heerkens","GOALKEEPER","1","Heerkens","300095","","Pays-Bas","Gardien","Joeri","Heerkens","Joeri Heerkens","Heerkens","258837","./assoc/258837_CZE.svg","./logo/50033.png","UEFA","CZE","50033","FAME","Sparta Praha","","https://img.uefa.com/imgml/TP/teams/logos/70x70/50033.png","https://img.uefa.com/imgml/TP/teams/logos/240x240/50033.png","250033","SPA","DOMESTIC_MEN_TEAM_A","","DOMESTIC","Tchéquie","Sparta Praha","AC Sparta Praha","SPA","","","","","","","","",""
"250169894","50149","19","2005-11-20","99","Francisco S.","POR","","GOALKEEPER","MALE","","https://img.uefa.com/imgml/TP/players/1/2025/324x324/250169894.jpg","Francisco Silva","GOALKEEPER","1","FRANCISCO SILVA","200110","","Portugal","Gardien","","Francisco Silva","Francisco Silva","Francisco Silva","200110","./assoc/200110_POR.svg","./logo/50149.png","UEFA","POR","50149","FAME","Sporting CP","","https://img.uefa.com/imgml/TP/teams/logos/70x70/50149.png","https://img.uefa.com/imgml/TP/teams/logos/240x240/50149.png","250149","SPO","DOMESTIC_MEN_TEAM_A","","DOMESTIC","Portugal","Sporting CP","Sporting Clube de Portugal","SPO","","","","","","","","",""
"250169892","50149","20","2005-03-24","88","Mendonça","POR","UNKNOWN","MIDFIELDER","MALE","","./image/250169892.jpg","Manuel Mendonça","MIDFIELDER","8","Manuel Mendonça","300110","","Portugal","Milieu","","Manuel Mendonça","Manuel Mendonça","Manuel Mendonça","200110","./assoc/200110_POR.svg","./logo/50149.png","UEFA","POR","50149","FAME","Sporting CP","","https://img.uefa.com/imgml/TP/teams/logos/70x70/50149.png","https://img.uefa.com/imgml/TP/teams/logos/240x240/50149.png","250149","SPO","DOMESTIC_MEN_TEAM_A","","DOMESTIC","Portugal","Sporting CP","Sporting Clube de Portugal","SPO","","","","","","","","",""
"250169891","50149","21","2004-04-24","80","Luís Gomes","POR","","FORWARD","MALE","","./image/250169891.jpg","Luis Gomes","FORWARD","","","","","Portugal","Attaquant","","Luis Gomes","Luis Gomes","Luis Gomes","200110","./assoc/200110_POR.svg","./logo/50149.png","UEFA","POR","50149","FAME","Sporting CP","","https://img.uefa.com/imgml/TP/teams/logos/70x70/50149.png","https://img.uefa.com/imgml/TP/teams/logos/240x240/50149.png","250149","SPO","DOMESTIC_MEN_TEAM_A","","DOMESTIC","Portugal","Sporting CP","Sporting Clube de Portugal","SPO","","","","","","","","",""
"250169577","50080","19","2006-03-06","40","Yaakobishvili","HUN","UNKNOWN","GOALKEEPER","MALE","","./image/250169577.jpg","Áron Yaakobishvili","GOALKEEPER","1","Yaakobishvili","300057","","Hongrie","Gardien","Áron","Yaakobishvili","Áron Yaakobishvili","Yaakobishvili","200122","./assoc/200122_ESP.svg","./logo/50080.png","UEFA","ESP","50080","FAME","Barcelona","","https://img.uefa.com/imgml/TP/teams/logos/70x70/50080.png","https://img.uefa.com/imgml/TP/teams/logos/240x240/50080.png","250080","BAR","DOMESTIC_MEN_TEAM_A","","DOMESTIC","Espagne","Barcelona","FC Barcelona","BAR","","","","","","","","",""
"250169576","50080","19","2006-03-19","31","Kochen","USA","UNKNOWN","GOALKEEPER","MALE","","./image/250169576.jpg","Diego Kochen","GOALKEEPER","","Kochen","","","Etats-Unis","Gardien","Diego","Kochen","Diego Kochen","Kochen","200122","./assoc/200122_ESP.svg","./logo/50080.png","UEFA","ESP","50080","FAME","Barcelona","","https://img.uefa.com/imgml/TP/teams/logos/70x70/50080.png","https://img.uefa.com/imgml/TP/teams/logos/240x240/50080.png","250080","BAR","DOMESTIC_MEN_TEAM_A","","DOMESTIC","Espagne","Barcelona","FC Barcelona","BAR","","","","","","","","",""
"250169566","52919","20","2005-07-21","68","Alleyne","ENG","UNKNOWN","DEFENDER","MALE","","./image/250169566.jpg","Max Alleyne","DEFENDER","3","Alleyne","200039","","Angleterre","Défenseur","Max","Alleyne","Max Alleyne","Alleyne","200039","./assoc/200039_ENG.svg","./logo/52919.png","UEFA","ENG","52919","FAME","Man City","","https://img.uefa.com/imgml/TP/teams/logos/70x70/52919.png","https://img.uefa.com/imgml/TP/teams/logos/240x240/52919.png","252919","MCI","DOMESTIC_MEN_TEAM_A","","DOMESTIC","Angleterre","Man City","Manchester City","MCI","","","","","","","","",""
"250169289","52280","22","2003-09-23","45","Henry-Francis","ENG","","MIDFIELDER","MALE","","./image/250169289.jpg","Jack Henry-Francis","MIDFIELDER","8","Henry-Francis","300064","","Angleterre","Milieu","Jack","Henry-Francis","Jack Henry-Francis","Henry-Francis","200039","./assoc/200039_ENG.svg","./logo/52280.png","UEFA","ENG","52280","FAME","Arsenal","","https://img.uefa.com/imgml/TP/teams/logos/70x70/52280.png","https://img.uefa.com/imgml/TP/teams/logos/240x240/52280.png","252280","ARS","DOMESTIC_MEN_TEAM_A","","DOMESTIC","Angleterre","Arsenal","Arsenal FC","ARS","","","","","","","","",""
"250169135","50062","21","2004-03-08","47","ABED","ESP","","FORWARD","MALE","","./image/250169135.jpg","Tay Abed","MIDFIELDER","15","Abed","200065","","Espagne","Attaquant","Tay","Abed","Tay Abed","Abed","200095","./assoc/200095_NED.svg","./logo/50062.png","UEFA","NED","50062","FAME","PSV","","https://img.uefa.com/imgml/TP/teams/logos/70x70/50062.png","https://img.uefa.com/imgml/TP/teams/logos/240x240/50062.png","250062","PSV","DOMESTIC_MEN_TEAM_A","","DOMESTIC","Pays-Bas","PSV","PSV Eindhoven","PSV","","","","","","","","",""
"250168729","52758","20","2005-03-08","39","Mane","ITA","UNKNOWN","DEFENDER","MALE","","./image/250168729.jpg","Filippo Mane","DEFENDER","6","Mane","200066","","Italie","Défenseur","Filippo","Mane","Filippo Mane","Mane","200047","./assoc/200047_GER.svg","./logo/52758.png","UEFA","GER","52758","FAME","B. Dortmund","","https://img.uefa.com/imgml/TP/teams/logos/70x70/52758.png","https://img.uefa.com/imgml/TP/teams/logos/240x240/52758.png","252758","BVB","DOMESTIC_MEN_TEAM_A","","DOMESTIC","Allemagne","B. Dortmund","Borussia Dortmund","BVB","","","","","","","","",""
"250168138","50037","19","2005-11-22","36","Aseko","GER","","MIDFIELDER","MALE","","./image/250168138.jpg","Noel Aseko","MIDFIELDER","8","Aseko","200047","","Allemagne","Milieu","Noel","Aseko","Noel Aseko","Aseko","200047","./assoc/200047_GER.svg","./logo/50037.png","UEFA","GER","50037","FAME","Bayern München","","https://img.uefa.com/imgml/TP/teams/logos/70x70/50037.png","https://img.uefa.com/imgml/TP/teams/logos/240x240/50037.png","250037","BAY","DOMESTIC_MEN_TEAM_A","","DOMESTIC","Allemagne","Bayern München","FC Bayern München","BAY","","","","","","","","",""
"250167834","52683","20","2005-10-06","55","Patterson","ENG","","DEFENDER","MALE","","./image/250167834.jpg","Travis Patterson","MIDFIELDER","20","Patterson","400039","","Angleterre","Défenseur","Travis","Patterson","Travis Patterson","Patterson","200039","./assoc/200039_ENG.svg","./logo/52683.png","UEFA","ENG","52683","FAME","Aston Villa","","https://img.uefa.com/imgml/TP/teams/logos/70x70/52683.png","https://img.uefa.com/imgml/TP/teams/logos/240x240/52683.png","252683","AVL","DOMESTIC_MEN_TEAM_A","","DOMESTIC","Angleterre","Aston Villa","Aston Villa FC","AVL","","","","","","","","",""
"250167154","7889","19","2006-06-30","10","Kone Doherty","IRL","","FORWARD","MALE","","./image/250167154.jpg","Trent Kone-Doherty","FORWARD","17","Kone Doherty","200064","","Eire","Attaquant","Trent","Kone-Doherty","Trent Kone-Doherty","Kone-Doherty","200039","./assoc/200039_ENG.svg","./logo/7889.png","UEFA","ENG","7889","FAME","Liverpool","","https://img.uefa.com/imgml/TP/teams/logos/70x70/7889.png","https://img.uefa.com/imgml/TP/teams/logos/240x240/7889.png","207889","LIV","DOMESTIC_MEN_TEAM_A","","DOMESTIC","Angleterre","Liverpool","Liverpool FC","LIV","","","","","","","","",""
"250167072","50033","22","2003-03-12","61","Večerka","CZE","","DEFENDER","MALE","","./image/250167072.jpg","Dalibor Večerka","DEFENDER","4","Večerka","358837","","Tchéquie","Défenseur","Dalibor","Večerka","Dalibor Večerka","Večerka","258837","./assoc/258837_CZE.svg","./logo/50033.png","UEFA","CZE","50033","FAME","Sparta Praha","","https://img.uefa.com/imgml/TP/teams/logos/70x70/50033.png","https://img.uefa.com/imgml/TP/teams/logos/240x240/50033.png","250033","SPA","DOMESTIC_MEN_TEAM_A","","DOMESTIC","Tchéquie","Sparta Praha","AC Sparta Praha","SPA","","","","","","","","",""
"250166787","52797","21","2004-01-22","5","Mišovič","SVK","","FORWARD","MALE","","./image/250166787.jpg","Martin Mišovič","FORWARD","6","Mišovič","358836","","Slovaquie","Attaquant","Martin","Mišovič","Martin Mišovič","Mišovič","258836","./assoc/258836_SVK.svg","./logo/52797.png","UEFA","SVK","52797","FAME","S. Bratislava","","https://img.uefa.com/imgml/TP/teams/logos/70x70/52797.png","https://img.uefa.com/imgml/TP/teams/logos/240x240/52797.png","252797","SLB","DOMESTIC_MEN_TEAM_A","","DOMESTIC","Slovaquie","S. Bratislava","ŠK Slovan Bratislava","SLB","","","","","","","","",""
"250165002","50147","21","2004-03-16","60","N. Félix","POR","UNKNOWN","MIDFIELDER","MALE","","./image/250165002.jpg","Nuno Félix","MIDFIELDER","6","Nuno Felix","300110","","Portugal","Milieu","","Nuno Félix","Nuno Félix","Nuno Félix","200110","./assoc/200110_POR.svg","./logo/50147.png","UEFA","POR","50147","FAME","Benfica","","https://img.uefa.com/imgml/TP/teams/logos/70x70/50147.png","https://img.uefa.com/imgml/TP/teams/logos/240x240/50147.png","250147","BEN","DOMESTIC_MEN_TEAM_A","","DOMESTIC","Portugal","Benfica","SL Benfica","BEN","","","","","","","","",""
"250164989","50147","20","2004-10-20","75","A. Gomes","POR","UNKNOWN","GOALKEEPER","MALE","","./image/250164989.jpg","André Gomes","GOALKEEPER","1","ANDRÉ GOMES","200110","","Portugal","Gardien","","André Gomes","André Gomes","André Gomes","200110","./assoc/200110_POR.svg","./logo/50147.png","UEFA","POR","50147","FAME","Benfica","","https://img.uefa.com/imgml/TP/teams/logos/70x70/50147.png","https://img.uefa.com/imgml/TP/teams/logos/240x240/50147.png","250147","BEN","DOMESTIC_MEN_TEAM_A","","DOMESTIC","Portugal","Benfica","SL Benfica","BEN","","","","","","","","",""
"250164892","50149","20","2005-06-21","81","Henrique Arreiol","POR","UNKNOWN","MIDFIELDER","MALE","","./image/250164892.jpg","Henrique Arreiol","MIDFIELDER","6","Henrique Arreiol","400110","","Portugal","Milieu","","Henrique Arreiol","Henrique Arreiol","Henrique Arreiol","200110","./assoc/200110_POR.svg","./logo/50149.png","UEFA","POR","50149","FAME","Sporting CP","","https://img.uefa.com/imgml/TP/teams/logos/70x70/50149.png","https://img.uefa.com/imgml/TP/teams/logos/240x240/50149.png","250149","SPO","DOMESTIC_MEN_TEAM_A","","DOMESTIC","Portugal","Sporting CP","Sporting Clube de Portugal","SPO","","","","","","","","",""
"250164860","50033","19","2006-02-02","38","Rus","CZE","UNKNOWN","FORWARD","MALE","","./image/250164860.jpg","Daniel Rus","FORWARD","11","Rus","358837","","Tchéquie","Attaquant","Daniel","Rus","Daniel Rus","Rus","258837","./assoc/258837_CZE.svg","./logo/50033.png","UEFA","CZE","50033","FAME","Sparta Praha","","https://img.uefa.com/imgml/TP/teams/logos/70x70/50033.png","https://img.uefa.com/imgml/TP/teams/logos/240x240/50033.png","250033","SPA","DOMESTIC_MEN_TEAM_A","","DOMESTIC","Tchéquie","Sparta Praha","AC Sparta Praha","SPA","","","","","","","","",""
"250164740","52280","19","2006-03-13","35","Setford","ENG","UNKNOWN","GOALKEEPER","MALE","","./image/250164740.jpg","Tommy Setford","GOALKEEPER","1","Setford","300039","","Angleterre","Gardien","Tommy","Setford","Tommy Setford","Setford","200039","./assoc/200039_ENG.svg","./logo/52280.png","UEFA","ENG","52280","FAME","Arsenal","","https://img.uefa.com/imgml/TP/teams/logos/70x70/52280.png","https://img.uefa.com/imgml/TP/teams/logos/240x240/52280.png","252280","ARS","DOMESTIC_MEN_TEAM_A","","DOMESTIC","Angleterre","Arsenal","Arsenal FC","ARS","","","","","","","","",""
"250164626","50080","21","2004-03-03","26","Astralaga","ESP","UNKNOWN","GOALKEEPER","MALE","","./image/250164626.jpg","Ander Astralaga","GOALKEEPER","23","Astralaga","200122","","Espagne","Gardien","Ander","Astralaga","Ander Astralaga","Astralaga","200122","./assoc/200122_ESP.svg","./logo/50080.png","UEFA","ESP","50080","FAME","Barcelona","","https://img.uefa.com/imgml/TP/teams/logos/70x70/50080.png","https://img.uefa.com/imgml/TP/teams/logos/240x240/50080.png","250080","BAR","DOMESTIC_MEN_TEAM_A","","DOMESTIC","Espagne","Barcelona","FC Barcelona","BAR","","","","","","","","",""
"250164587","50124","20","2005-02-11","29","RAYANE","ESP","UNKNOWN","DEFENDER","MALE","","./image/250164587.jpg","Rayane Belid","MIDFIELDER","20","RAYANE","300122","","Espagne","Défenseur","Rayane","Belid","Rayane Belid","Belid","200122","./assoc/200122_ESP.svg","./logo/50124.png","UEFA","ESP","50124","FAME","Atleti","","https://img.uefa.com/imgml/TP/teams/logos/70x70/50124.png","https://img.uefa.com/imgml/TP/teams/logos/240x240/50124.png","250124","ATM","DOMESTIC_MEN_TEAM_A","","DOMESTIC","Espagne","Atleti","Atlético de Madrid","ATM","","","","","","","","",""
"250164226","50051","21","2004-03-24","16","GONZALO","ESP","STRIKER","FORWARD","MALE","","./image/250164226.jpg","Gonzalo","FORWARD","7","Gonzalo","200122","","Espagne","Attaquant","","Gonzalo","Gonzalo","Gonzalo","200122","./assoc/200122_ESP.svg","./logo/50051.png","UEFA","ESP","50051","FAME","Real Madrid","","https://img.uefa.com/imgml/TP/teams/logos/70x70/50051.png","https://img.uefa.com/imgml/TP/teams/logos/240x240/50051.png","250051","RMA","DOMESTIC_MEN_TEAM_A","","DOMESTIC","Espagne","Real Madrid","Real Madrid C.F.","RMA","","","","","","","","",""
"250164169","52747","21","2004-07-21","70","MOUQUET","FRA","UNKNOWN","GOALKEEPER","MALE","","./image/250164169.jpg","Louis Mouquet","GOALKEEPER","","Mouquet","","","France","Gardien","Louis","Mouquet","Louis Mouquet","Mouquet","200043","./assoc/200043_FRA.svg","./logo/52747.png","UEFA","FRA","52747","FAME","Paris","","https://img.uefa.com/imgml/TP/teams/logos/70x70/52747.png","https://img.uefa.com/imgml/TP/teams/logos/240x240/52747.png","252747","PSG","DOMESTIC_MEN_TEAM_A","","DOMESTIC","France","Paris","Paris Saint-Germain","PSG","","","","","","","","",""
"250164068","50058","21","2004-01-22","69","NAVA","ITA","","GOALKEEPER","MALE","","./image/250164068.jpg","Lapo Nava","GOALKEEPER","22","Nava","200066","","Italie","Gardien","Lapo","Nava","Lapo Nava","Nava","200066","./assoc/200066_ITA.svg","./logo/50058.png","UEFA","ITA","50058","FAME","Milan","","https://img.uefa.com/imgml/TP/teams/logos/70x70/50058.png","https://img.uefa.com/imgml/TP/teams/logos/240x240/50058.png","250058","MIL","DOMESTIC_MEN_TEAM_A","","DOMESTIC","Italie","Milan","AC Milan","MIL","","","","","","","","",""
"250164054","50058","20","2005-01-11","18","ZEROLI","ITA","UNKNOWN","MIDFIELDER","MALE","","./image/250164054.jpg","Kevin Zeroli","MIDFIELDER","18","Zeroli","300066","","Italie","Milieu","Kevin","Zeroli","Kevin Zeroli","Zeroli","200066","./assoc/200066_ITA.svg","./logo/50058.png","UEFA","ITA","50058","FAME","Milan","","https://img.uefa.com/imgml/TP/teams/logos/70x70/50058.png","https://img.uefa.com/imgml/TP/teams/logos/240x240/50058.png","250058","MIL","DOMESTIC_MEN_TEAM_A","","DOMESTIC","Italie","Milan","AC Milan","MIL","","","","","","","","",""
"250163658","50030","19","2006-09-17","92","Hamzic","AUT","","GOALKEEPER","MALE","","./image/250163658.jpg","Salko Hamzic","GOALKEEPER","23","Hamzic","200008","","Autriche","Gardien","Salko","Hamzic","Salko Hamzic","Hamzic","200008","./assoc/200008_AUT.svg","./logo/50030.png","UEFA","AUT","50030","FAME","Salzburg","","https://img.uefa.com/imgml/TP/teams/logos/70x70/50030.png","https://img.uefa.com/imgml/TP/teams/logos/240x240/50030.png","250030","SAL","DOMESTIC_MEN_TEAM_A","","DOMESTIC","Autriche","Salzburg","FC Salzburg","SAL","","","","","","","","",""
"250163505","52816","21","2003-11-21","49","Del Lungo","ITA","","DEFENDER","MALE","","./image/250163505.jpg","Tommaso Del Lungo","DEFENDER","","Del Lungo","","","Italie","Défenseur","Tommaso","Del Lungo","Tommaso Del Lungo","Del Lungo","200066","./assoc/200066_ITA.svg","./logo/52816.png","UEFA","ITA","52816","FAME","Atalanta","","https://img.uefa.com/imgml/TP/teams/logos/70x70/52816.png","https://img.uefa.com/imgml/TP/teams/logos/240x240/52816.png","252816","ATA","DOMESTIC_MEN_TEAM_A","","DOMESTIC","Italie","Atalanta","Atalanta BC","ATA","","","","","","","","",""
"250162891","50037","19","2006-01-14","1","Asp-Jensen","DEN","UNKNOWN","MIDFIELDER","MALE","","./image/250162891.jpg","Jonathan Asp Jensen","MIDFIELDER","11","Asp-Jensen","400035","","Danemark","Milieu","Jonathan Asp","Jensen","Jonathan Asp Jensen","J.A. Jensen","200047","./assoc/200047_GER.svg","./logo/50037.png","UEFA","GER","50037","FAME","Bayern München","","https://img.uefa.com/imgml/TP/teams/logos/70x70/50037.png","https://img.uefa.com/imgml/TP/teams/logos/240x240/50037.png","250037","BAY","DOMESTIC_MEN_TEAM_A","","DOMESTIC","Allemagne","Bayern München","FC Bayern München","BAY","","","","","","","","",""
"250162627","50023","22","2003-03-16","50","LIENARD","FRA","GOALKEEPER","GOALKEEPER","MALE","","./image/250162627.jpg","Yann Lienard","GOALKEEPER","16","Lienard","300043","","France","Gardien","Yann","Lienard","Yann Lienard","Lienard","200043","./assoc/200043_FRA.svg","./logo/50023.png","UEFA","FRA","50023","FAME","Monaco","","https://img.uefa.com/imgml/TP/teams/logos/70x70/50023.png","https://img.uefa.com/imgml/TP/teams/logos/240x240/50023.png","250023","MON","DOMESTIC_MEN_TEAM_A","","DOMESTIC","France","Monaco","AS Monaco","MON","","","","","","","","",""
"250162176","52816","21","2004-03-23","48","Vlahovic","SRB","UNKNOWN","FORWARD","MALE","","./image/250162176.jpg","Vanja Vlahović","FORWARD","11","Vlahović","200147","","Serbie","Attaquant","Vanja","Vlahović","Vanja Vlahović","Vlahović","200066","./assoc/200066_ITA.svg","./logo/52816.png","UEFA","ITA","52816","FAME","Atalanta","","https://img.uefa.com/imgml/TP/teams/logos/70x70/52816.png","https://img.uefa.com/imgml/TP/teams/logos/240x240/52816.png","252816","ATA","DOMESTIC_MEN_TEAM_A","","DOMESTIC","Italie","Atalanta","Atalanta BC","ATA","","","","","","","","",""
"250160990","50149","21","2004-07-18","41","D. Callai","ITA","UNKNOWN","GOALKEEPER","MALE","","./image/250160990.jpg","Diego Callai","GOALKEEPER","","Callai","","","Italie","Gardien","","Diego Callai","Diego Callai","Diego Callai","200110","./assoc/200110_POR.svg","./logo/50149.png","UEFA","POR","50149","FAME","Sporting CP","","https://img.uefa.com/imgml/TP/teams/logos/70x70/50149.png","https://img.uefa.com/imgml/TP/teams/logos/240x240/50149.png","250149","SPO","DOMESTIC_MEN_TEAM_A","","DOMESTIC","Portugal","Sporting CP","Sporting Clube de Portugal","SPO","","","","","","","","",""
"250160835","52707","23","2002-08-07","23","Fesiun","UKR","UNKNOWN","GOALKEEPER","MALE","","./image/250160835.jpg","Kiril Fesiun","GOALKEEPER","23","Fesiun","257166","","Ukraine","Gardien","Kiril","Fesiun","Kiril Fesiun","Fesiun","257166","./assoc/257166_UKR.svg","./logo/52707.png","UEFA","UKR","52707","FAME","Shakhtar","","https://img.uefa.com/imgml/TP/teams/logos/70x70/52707.png","https://img.uefa.com/imgml/TP/teams/logos/240x240/52707.png","252707","SHK","DOMESTIC_MEN_TEAM_A","","DOMESTIC","Ukraine","Shakhtar","FC Shakhtar Donetsk","SHK","","","","","","","","",""
"250160801","52707","22","2003-06-13","48","Tvardovskyi","UKR","","GOALKEEPER","MALE","","./image/250160801.jpg","Denys Tvardovskyi","GOALKEEPER","12","Tvardovskyi","357166","","Ukraine","Gardien","Denys","Tvardovskyi","Denys Tvardovskyi","Tvardovskyi","257166","./assoc/257166_UKR.svg","./logo/52707.png","UEFA","UKR","52707","FAME","Shakhtar","","https://img.uefa.com/imgml/TP/teams/logos/70x70/52707.png","https://img.uefa.com/imgml/TP/teams/logos/240x240/52707.png","252707","SHK","DOMESTIC_MEN_TEAM_A","","DOMESTIC","Ukraine","Shakhtar","FC Shakhtar Donetsk","SHK","","","","","","","","",""
"250156652","50050","22","2003-06-09","24","Kenny","IRL","UNKNOWN","FORWARD","MALE","","./image/250156652.jpg","Johnny Kenny","FORWARD","19","Kenny","64","","Eire","Attaquant","Johnny","Kenny","Johnny Kenny","Kenny","200117","./assoc/200117_SCO.svg","./logo/50050.png","UEFA","SCO","50050","FAME","Celtic","","https://img.uefa.com/imgml/TP/teams/logos/70x70/50050.png","https://img.uefa.com/imgml/TP/teams/logos/240x240/50050.png","250050","CEL","DOMESTIC_MEN_TEAM_A","","DOMESTIC","Écosse","Celtic","Celtic FC","CEL","","","","","","","","",""
"250154425","7889","21","2004-09-22","52","Mabaya","ENG","","DEFENDER","MALE","","./image/250154425.jpg","Isaac Mabaya","DEFENDER","17","","300039","","Angleterre","Défenseur","Isaac","Mabaya","Isaac Mabaya","Mabaya","200039","./assoc/200039_ENG.svg","./logo/7889.png","UEFA","ENG","7889","FAME","Liverpool","","https://img.uefa.com/imgml/TP/teams/logos/70x70/7889.png","https://img.uefa.com/imgml/TP/teams/logos/240x240/7889.png","207889","LIV","DOMESTIC_MEN_TEAM_A","","DOMESTIC","Angleterre","Liverpool","Liverpool FC","LIV","","","","","","","","",""
"250154389","50138","20","2005-03-07","1","Calligaris","ITA","UNKNOWN","GOALKEEPER","MALE","","./image/250154389.jpg","Alessandro Calligaris","GOALKEEPER","","Calligaris","300066","","Italie","Gardien","Alessandro","Calligaris","Alessandro Calligaris","Calligaris","200066","./assoc/200066_ITA.svg","./logo/50138.png","UEFA","ITA","50138","FAME","Inter","","https://img.uefa.com/imgml/TP/teams/logos/70x70/50138.png","https://img.uefa.com/imgml/TP/teams/logos/240x240/50138.png","250138","INT","DOMESTIC_MEN_TEAM_A","","DOMESTIC","Italie","Inter","FC Internazionale Milano","INT","","","","","","","","",""
"250154361","52707","21","2004-04-20","20","Hlushchenko","UKR","","MIDFIELDER","MALE","","./image/250154361.jpg","Anton Hlushchenko","MIDFIELDER","17","Hlushchenko","257166","","Ukraine","Milieu","Anton","Hlushchenko","Anton Hlushchenko","Hlushchenko","257166","./assoc/257166_UKR.svg","./logo/52707.png","UEFA","UKR","52707","FAME","Shakhtar","","https://img.uefa.com/imgml/TP/teams/logos/70x70/52707.png","https://img.uefa.com/imgml/TP/teams/logos/240x240/52707.png","252707","SHK","DOMESTIC_MEN_TEAM_A","","DOMESTIC","Ukraine","Shakhtar","FC Shakhtar Donetsk","SHK","","","","","","","","",""
"250154360","52707","22","2003-08-28","74","Faryna","UKR","UNKNOWN","DEFENDER","MALE","","./image/250154360.jpg","Marian Faryna","DEFENDER","9","Farina","257166","","Ukraine","Défenseur","Marian","Faryna","Marian Faryna","Faryna","257166","./assoc/257166_UKR.svg","./logo/52707.png","UEFA","UKR","52707","FAME","Shakhtar","","https://img.uefa.com/imgml/TP/teams/logos/70x70/52707.png","https://img.uefa.com/imgml/TP/teams/logos/240x240/52707.png","252707","SHK","DOMESTIC_MEN_TEAM_A","","DOMESTIC","Ukraine","Shakhtar","FC Shakhtar Donetsk","SHK","","","","","","","","",""
"250154332","50139","20","2004-12-05","38","Daffara","ITA","","GOALKEEPER","MALE","","./image/250154332.jpg","Giovanni Daffara","GOALKEEPER","","Daffara","","","Italie","Gardien","Giovanni","Daffara","Giovanni Daffara","Daffara","200066","./assoc/200066_ITA.svg","./logo/50139.png","UEFA","ITA","50139","FAME","Juventus","","https://img.uefa.com/imgml/TP/teams/logos/70x70/50139.png","https://img.uefa.com/imgml/TP/teams/logos/240x240/50139.png","250139","JUV","DOMESTIC_MEN_TEAM_A","","DOMESTIC","Italie","Juventus","Juventus","JUV","","","","","","","","",""
"250154301","50051","20","2005-02-13","34","MESTRE","ESP","","GOALKEEPER","MALE","","./image/250154301.jpg","Sergio Mestre","GOALKEEPER","","Mestre Sanchez","","","Espagne","Gardien","","Sergio Mestre","Sergio Mestre","Sergio Mestre","200122","./assoc/200122_ESP.svg","./logo/50051.png","UEFA","ESP","50051","FAME","Real Madrid","","https://img.uefa.com/imgml/TP/teams/logos/70x70/50051.png","https://img.uefa.com/imgml/TP/teams/logos/240x240/50051.png","250051","RMA","DOMESTIC_MEN_TEAM_A","","DOMESTIC","Espagne","Real Madrid","Real Madrid C.F.","RMA","","","","","","","","",""
"250154150","50069","20","2005-10-14","8","Šljivić","SRB","UNKNOWN","MIDFIELDER","MALE","","./image/250154150.jpg","Jovan Šljivić","MIDFIELDER","10","Šljivić","200147","","Serbie","Milieu","Jovan","Šljivić","Jovan Šljivić","Šljivić","200147","./assoc/200147_SRB.svg","./logo/50069.png","UEFA","SRB","50069","FAME","Crvena Zvezda","","https://img.uefa.com/imgml/TP/teams/logos/70x70/50069.png","https://img.uefa.com/imgml/TP/teams/logos/240x240/50069.png","250069","ZVE","DOMESTIC_MEN_TEAM_A","","DOMESTIC","Serbie","Crvena Zvezda","FK Crvena Zvezda","ZVE","","","","","","","","",""
"250153773","50069","21","2004-01-09","25","Leković","SRB","UNKNOWN","DEFENDER","MALE","","./image/250153773.jpg","Stefan Leković","DEFENDER","13","Leković","200147","","Serbie","Défenseur","Stefan","Leković","Stefan Leković","Leković","200147","./assoc/200147_SRB.svg","./logo/50069.png","UEFA","SRB","50069","FAME","Crvena Zvezda","","https://img.uefa.com/imgml/TP/teams/logos/70x70/50069.png","https://img.uefa.com/imgml/TP/teams/logos/240x240/50069.png","250069","ZVE","DOMESTIC_MEN_TEAM_A","","DOMESTIC","Serbie","Crvena Zvezda","FK Crvena Zvezda","ZVE","","","","","","","","",""
"250153677","50043","20","2005-01-21","58","Spileers","BEL","UNKNOWN","DEFENDER","MALE","","./image/250153677.jpg","Jorne Spileers","DEFENDER","3","Spileers","13","","Belgique","Défenseur","Jorne","Spileers","Jorne Spileers","Spileers","200013","./assoc/200013_BEL.svg","./logo/50043.png","UEFA","BEL","50043","FAME","Club Brugge","","https://img.uefa.com/imgml/TP/teams/logos/70x70/50043.png","https://img.uefa.com/imgml/TP/teams/logos/240x240/50043.png","250043","BRU","DOMESTIC_MEN_TEAM_A","","DOMESTIC","Belgique","Club Brugge","Club Brugge KV","BRU","","","","","","","","",""
"250153538","50037","20","2005-02-28","28","Buchmann","GER","","DEFENDER","MALE","","./image/250153538.jpg","Tarek Buchmann","DEFENDER","4","Buchmann","400047","","Allemagne","Défenseur","Tarek","Buchmann","Tarek Buchmann","Buchmann","200047","./assoc/200047_GER.svg","./logo/50037.png","UEFA","GER","50037","FAME","Bayern München","","https://img.uefa.com/imgml/TP/teams/logos/70x70/50037.png","https://img.uefa.com/imgml/TP/teams/logos/240x240/50037.png","250037","BAY","DOMESTIC_MEN_TEAM_A","","DOMESTIC","Allemagne","Bayern München","FC Bayern München","BAY","","","","","","","","",""
"250153416","50037","21","2003-12-01","10","Vidović","CRO","UNKNOWN","MIDFIELDER","MALE","","./image/250153416.jpg","Gabriel Vidović","FORWARD","7","Vidović","256370","","Croatie","Milieu","Gabriel","Vidović","Gabriel Vidović","Vidović","200047","./assoc/200047_GER.svg","./logo/50037.png","UEFA","GER","50037","FAME","Bayern München","","https://img.uefa.com/imgml/TP/teams/logos/70x70/50037.png","https://img.uefa.com/imgml/TP/teams/logos/240x240/50037.png","250037","BAY","DOMESTIC_MEN_TEAM_A","","DOMESTIC","Allemagne","Bayern München","FC Bayern München","BAY","","","","","","","","",""
"250153412","50107","22","2003-01-14","13","Krätzig","GER","UNKNOWN","DEFENDER","MALE","","./image/250153412.jpg","Frans Krätzig","DEFENDER","13","Krätzig","200047","","Allemagne","Défenseur","Frans","Krätzig","Frans Krätzig","Krätzig","200047","./assoc/200047_GER.svg","./logo/50107.png","UEFA","GER","50107","FAME","Stuttgart","","https://img.uefa.com/imgml/TP/teams/logos/70x70/50107.png","https://img.uefa.com/imgml/TP/teams/logos/240x240/50107.png","250107","STU","DOMESTIC_MEN_TEAM_A","","DOMESTIC","Allemagne","Stuttgart","VfB Stuttgart","STU","","","","","","","","",""
"250153408","52758","21","2003-11-19","31","Ostrzinski","GER","GOALKEEPER","GOALKEEPER","MALE","","./image/250153408.jpg","Silas Ostrzinski","GOALKEEPER","","Ostrzinski","","","Allemagne","Gardien","Silas","Ostrzinski","Silas Ostrzinski","Ostrzinski","200047","./assoc/200047_GER.svg","./logo/52758.png","UEFA","GER","52758","FAME","B. Dortmund","","https://img.uefa.com/imgml/TP/teams/logos/70x70/52758.png","https://img.uefa.com/imgml/TP/teams/logos/240x240/52758.png","252758","BVB","DOMESTIC_MEN_TEAM_A","","DOMESTIC","Allemagne","B. Dortmund","Borussia Dortmund","BVB","","","","","","","","",""
"250150470","52280","21","2003-10-16","50","Monlouis","ENG","","DEFENDER","MALE","","./image/250150470.jpg","Zane Monlouis","DEFENDER","","Monlouis","","","Angleterre","Défenseur","Zane","Monlouis","Zane Monlouis","Monlouis","200039","./assoc/200039_ENG.svg","./logo/52280.png","UEFA","ENG","52280","FAME","Arsenal","","https://img.uefa.com/imgml/TP/teams/logos/70x70/52280.png","https://img.uefa.com/imgml/TP/teams/logos/240x240/52280.png","252280","ARS","DOMESTIC_MEN_TEAM_A","","DOMESTIC","Angleterre","Arsenal","Arsenal FC","ARS","","","","","","","","",""
"250148144","50062","21","2004-02-03","24","Schiks","NED","GOALKEEPER","GOALKEEPER","MALE","","./image/250148144.jpg","Niek Schiks","GOALKEEPER","23","Schiks","200095","","Pays-Bas","Gardien","Niek","Schiks","Niek Schiks","Schiks","200095","./assoc/200095_NED.svg","./logo/50062.png","UEFA","NED","50062","FAME","PSV","","https://img.uefa.com/imgml/TP/teams/logos/70x70/50062.png","https://img.uefa.com/imgml/TP/teams/logos/240x240/50062.png","250062","PSV","DOMESTIC_MEN_TEAM_A","","DOMESTIC","Pays-Bas","PSV","PSV Eindhoven","PSV","","","","","","","","",""
"250148092","50050","23","2002-07-18","37","Montgomery","SCO","","FORWARD","MALE","","./image/250148092.jpg","Adam Montgomery","FORWARD","17","Montgomery","200117","","Écosse","Attaquant","Adam","Montgomery","Adam Montgomery","Montgomery","200117","./assoc/200117_SCO.svg","./logo/50050.png","UEFA","SCO","50050","FAME","Celtic","","https://img.uefa.com/imgml/TP/teams/logos/70x70/50050.png","https://img.uefa.com/imgml/TP/teams/logos/240x240/50050.png","250050","CEL","DOMESTIC_MEN_TEAM_A","","DOMESTIC","Écosse","Celtic","Celtic FC","CEL","","","","","","","","",""
"250140925","50051","23","2002-09-19","39","LORENZO","ESP","","DEFENDER","MALE","","https://img.uefa.com/imgml/TP/players/1/2025/324x324/250140925.jpg","Lorenzo Aguado","DEFENDER","","LORENZO","","","Espagne","Défenseur","","Lorenzo Aguado","Lorenzo Aguado","Lorenzo Aguado","200122","./assoc/200122_ESP.svg","./logo/50051.png","UEFA","ESP","50051","FAME","Real Madrid","","https://img.uefa.com/imgml/TP/teams/logos/70x70/50051.png","https://img.uefa.com/imgml/TP/teams/logos/240x240/50051.png","250051","RMA","DOMESTIC_MEN_TEAM_A","","DOMESTIC","Espagne","Real Madrid","Real Madrid C.F.","RMA","","","","","","","","",""
"250138956","50147","21","2004-03-26","86","D. Prioste","POR","UNKNOWN","MIDFIELDER","MALE","","./image/250138956.jpg","Diogo Prioste","MIDFIELDER","10","D. Prioste","300110","","Portugal","Milieu","","Diogo Prioste","Diogo Prioste","Diogo Prioste","200110","./assoc/200110_POR.svg","./logo/50147.png","UEFA","POR","50147","FAME","Benfica","","https://img.uefa.com/imgml/TP/teams/logos/70x70/50147.png","https://img.uefa.com/imgml/TP/teams/logos/240x240/50147.png","250147","BEN","DOMESTIC_MEN_TEAM_A","","DOMESTIC","Portugal","Benfica","SL Benfica","BEN","","","","","","","","",""
"250138950","50149","21","2004-06-18","51","D. Pinto","POR","UNKNOWN","GOALKEEPER","MALE","","./image/250138950.jpg","Diogo Pinto","GOALKEEPER","22","DIOGO PINTO","200110","","Portugal","Gardien","","Diogo Pinto","Diogo Pinto","Diogo Pinto","200110","./assoc/200110_POR.svg","./logo/50149.png","UEFA","POR","50149","FAME","Sporting CP","","https://img.uefa.com/imgml/TP/teams/logos/70x70/50149.png","https://img.uefa.com/imgml/TP/teams/logos/240x240/50149.png","250149","SPO","DOMESTIC_MEN_TEAM_A","","DOMESTIC","Portugal","Sporting CP","Sporting Clube de Portugal","SPO","","","","","","","","",""
"250138635","50147","23","2002-04-05","81","Bajrami","ALB","UNKNOWN","DEFENDER","MALE","","./image/250138635.jpg","Adrian Bajrami","DEFENDER","5","A.Bajrami","2","","Albanie","Défenseur","Adrian","Bajrami","Adrian Bajrami","A. Bajrami","200110","./assoc/200110_POR.svg","./logo/50147.png","UEFA","POR","50147","FAME","Benfica","","https://img.uefa.com/imgml/TP/teams/logos/70x70/50147.png","https://img.uefa.com/imgml/TP/teams/logos/240x240/50147.png","250147","BEN","DOMESTIC_MEN_TEAM_A","","DOMESTIC","Portugal","Benfica","SL Benfica","BEN","","","","","","","","",""
"250138390","50107","22","2003-01-09","38","Kastanaras","GRE","","FORWARD","MALE","","./image/250138390.jpg","Thomas Kastanaras","FORWARD","10","Kastanaras","300049","","Grèce","Attaquant","Thomas","Kastanaras","Thomas Kastanaras","Kastanaras","200047","./assoc/200047_GER.svg","./logo/50107.png","UEFA","GER","50107","FAME","Stuttgart","","https://img.uefa.com/imgml/TP/teams/logos/70x70/50107.png","https://img.uefa.com/imgml/TP/teams/logos/240x240/50107.png","250107","STU","DOMESTIC_MEN_TEAM_A","","DOMESTIC","Allemagne","Stuttgart","VfB Stuttgart","STU","","","","","","","","",""
"250138286","52797","21","2004-02-12","35","Hrdina","SVK","UNKNOWN","GOALKEEPER","MALE","","./image/250138286.jpg","Adam Hrdina","GOALKEEPER","1","Hrdina","258836","","Slovaquie","Gardien","Adam","Hrdina","Adam Hrdina","Hrdina","258836","./assoc/258836_SVK.svg","./logo/52797.png","UEFA","SVK","52797","FAME","S. Bratislava","","https://img.uefa.com/imgml/TP/teams/logos/70x70/52797.png","https://img.uefa.com/imgml/TP/teams/logos/240x240/52797.png","252797","SLB","DOMESTIC_MEN_TEAM_A","","DOMESTIC","Slovaquie","S. Bratislava","ŠK Slovan Bratislava","SLB","","","","","","","","",""
"250138239","52919","22","2002-12-26","97","Wilson-Esbrand","ENG","","DEFENDER","MALE","","https://img.uefa.com/imgml/TP/players/1/2025/324x324/250138239.jpg","Joshua Wilson-Esbrand","DEFENDER","23","Wilson-Esbrand","200039","","Angleterre","Défenseur","Joshua","Wilson-Esbrand","Joshua Wilson-Esbrand","Wilson-Esbrand","200039","./assoc/200039_ENG.svg","./logo/52919.png","UEFA","ENG","52919","FAME","Man City","","https://img.uefa.com/imgml/TP/teams/logos/70x70/52919.png","https://img.uefa.com/imgml/TP/teams/logos/240x240/52919.png","252919","MCI","DOMESTIC_MEN_TEAM_A","","DOMESTIC","Angleterre","Man City","Manchester City","MCI","","","","","","","","",""
"250137521","50124","31","1994-05-06","1","J. MUSSO","ARG","UNKNOWN","GOALKEEPER","MALE","","./image/250137521.jpg","Juan Musso","GOALKEEPER","","Musso","6","","Argentine","Gardien","Juan","Musso","Juan Musso","Musso","200122","./assoc/200122_ESP.svg","./logo/50124.png","UEFA","ESP","50124","FAME","Atleti","","https://img.uefa.com/imgml/TP/teams/logos/70x70/50124.png","https://img.uefa.com/imgml/TP/teams/logos/240x240/50124.png","250124","ATM","DOMESTIC_MEN_TEAM_A","","DOMESTIC","Espagne","Atleti","Atlético de Madrid","ATM","","","","","","","","",""
"250137477","50043","22","2003-05-28","16","Van Den Heuvel","NED","UNKNOWN","GOALKEEPER","MALE","","./image/250137477.jpg","Tristan van den Heuvel","GOALKEEPER","1","Van Den Heuvel","200095","","Pays-Bas","Gardien","Tristan","van den Heuvel","Tristan van den Heuvel","van den Heuvel","200013","./assoc/200013_BEL.svg","./logo/50043.png","UEFA","BEL","50043","FAME","Club Brugge","","https://img.uefa.com/imgml/TP/teams/logos/70x70/50043.png","https://img.uefa.com/imgml/TP/teams/logos/240x240/50043.png","250043","BRU","DOMESTIC_MEN_TEAM_A","","DOMESTIC","Belgique","Club Brugge","Club Brugge KV","BRU","","","","","","","","",""
"250135608","7889","22","2003-09-03","95","Davies","ENG","UNKNOWN","GOALKEEPER","MALE","","./image/250135608.jpg","Harvey Davies","GOALKEEPER","","Davies","","","Angleterre","Gardien","Harvey","Davies","Harvey Davies","Davies","200039","./assoc/200039_ENG.svg","./logo/7889.png","UEFA","ENG","7889","FAME","Liverpool","","https://img.uefa.com/imgml/TP/teams/logos/70x70/7889.png","https://img.uefa.com/imgml/TP/teams/logos/240x240/7889.png","207889","LIV","DOMESTIC_MEN_TEAM_A","","DOMESTIC","Angleterre","Liverpool","Liverpool FC","LIV","","","","","","","","",""
"250135499","50124","22","2003-03-20","31","A.GOMIS","ESP","","GOALKEEPER","MALE","","./image/250135499.jpg","Antonio Gomis","GOALKEEPER","","GOMIS","","","Espagne","Gardien","","Antonio Gomis","Antonio Gomis","Antonio Gomis","200122","./assoc/200122_ESP.svg","./logo/50124.png","UEFA","ESP","50124","FAME","Atleti","","https://img.uefa.com/imgml/TP/teams/logos/70x70/50124.png","https://img.uefa.com/imgml/TP/teams/logos/240x240/50124.png","250124","ATM","DOMESTIC_MEN_TEAM_A","","DOMESTIC","Espagne","Atleti","Atlético de Madrid","ATM","","","","","","","","",""
"250135497","50124","21","2004-02-21","28","GISMERA","ESP","UNKNOWN","MIDFIELDER","MALE","","./image/250135497.jpg","Aitor Gismera","MIDFIELDER","18","Gismera Monge","2300122","","Espagne","Milieu","","Aitor Gismera","Aitor Gismera","Aitor Gismera","200122","./assoc/200122_ESP.svg","./logo/50124.png","UEFA","ESP","50124","FAME","Atleti","","https://img.uefa.com/imgml/TP/teams/logos/70x70/50124.png","https://img.uefa.com/imgml/TP/teams/logos/240x240/50124.png","250124","ATM","DOMESTIC_MEN_TEAM_A","","DOMESTIC","Espagne","Atleti","Atlético de Madrid","ATM","","","","","","","","",""
"250133014","52749","22","2003-05-14","25","'T Zand","NED","WINGER","MIDFIELDER","MALE","","./image/250133014.jpg","Shiloh 'T Zand","MIDFIELDER","","'t Zand","","","Pays-Bas","Milieu","Shiloh","'T Zand","Shiloh 'T Zand","'T Zand","200095","./assoc/200095_NED.svg","./logo/52749.png","UEFA","NED","52749","FAME","Feyenoord","","https://img.uefa.com/imgml/TP/teams/logos/70x70/52749.png","https://img.uefa.com/imgml/TP/teams/logos/240x240/52749.png","252749","FEY","DOMESTIC_MEN_TEAM_A","","DOMESTIC","Pays-Bas","Feyenoord","Feyenoord","FEY","","","","","","","","",""
"250129928","50030","22","2003-05-16","5","Okoh","SUI","","DEFENDER","MALE","","./image/250129928.jpg","Bryan Okoh","DEFENDER","5","Okoh","128","","Suisse","Défenseur","Bryan","Okoh","Bryan Okoh","Okoh","200008","./assoc/200008_AUT.svg","./logo/50030.png","UEFA","AUT","50030","FAME","Salzburg","","https://img.uefa.com/imgml/TP/teams/logos/70x70/50030.png","https://img.uefa.com/imgml/TP/teams/logos/240x240/50030.png","250030","SAL","DOMESTIC_MEN_TEAM_A","","DOMESTIC","Autriche","Salzburg","FC Salzburg","SAL","","","","","","","","",""
"250129831","50124","22","2003-02-27","27","KOSTIS","GRE","UNKNOWN","DEFENDER","MALE","","./image/250129831.jpg","Ilias Kostis","DEFENDER","4","Kostis","200049","","Grèce","Défenseur","Ilias","Kostis","Ilias Kostis","Kostis","200122","./assoc/200122_ESP.svg","./logo/50124.png","UEFA","ESP","50124","FAME","Atleti","","https://img.uefa.com/imgml/TP/teams/logos/70x70/50124.png","https://img.uefa.com/imgml/TP/teams/logos/240x240/50124.png","250124","ATM","DOMESTIC_MEN_TEAM_A","","DOMESTIC","Espagne","Atleti","Atlético de Madrid","ATM","","","","","","","","",""
"250127130","50033","23","2002-06-28","44","Surovčík","SVK","UNKNOWN","GOALKEEPER","MALE","","./image/250127130.jpg","Jakub Surovčík","GOALKEEPER","12","Surovčík","358836","","Slovaquie","Gardien","Jakub","Surovčík","Jakub Surovčík","Surovčík","258837","./assoc/258837_CZE.svg","./logo/50033.png","UEFA","CZE","50033","FAME","Sparta Praha","","https://img.uefa.com/imgml/TP/teams/logos/70x70/50033.png","https://img.uefa.com/imgml/TP/teams/logos/240x240/50033.png","250033","SPA","DOMESTIC_MEN_TEAM_A","","DOMESTIC","Tchéquie","Sparta Praha","AC Sparta Praha","SPA","","","","","","","","",""
"250124401","7889","22","2003-04-04","18","Norris","ENG","UNKNOWN","MIDFIELDER","MALE","","./image/250124401.jpg","James Norris","DEFENDER","15","Norris","300039","","Angleterre","Milieu","James","Norris","James Norris","Norris","200039","./assoc/200039_ENG.svg","./logo/7889.png","UEFA","ENG","7889","FAME","Liverpool","","https://img.uefa.com/imgml/TP/teams/logos/70x70/7889.png","https://img.uefa.com/imgml/TP/teams/logos/240x240/7889.png","207889","LIV","DOMESTIC_MEN_TEAM_A","","DOMESTIC","Angleterre","Liverpool","Liverpool FC","LIV","","","","","","","","",""
"250123440","52707","28","1997-07-10","29","Nazaryna","UKR","CENTRAL_MIDFIELDER","MIDFIELDER","MALE","","./image/250123440.jpg","Yehor Nazaryna","MIDFIELDER","5","Nazaryna","57166","","Ukraine","Milieu","Yehor","Nazaryna","Yehor Nazaryna","Nazaryna","257166","./assoc/257166_UKR.svg","./logo/52707.png","UEFA","UKR","52707","FAME","Shakhtar","","https://img.uefa.com/imgml/TP/teams/logos/70x70/52707.png","https://img.uefa.com/imgml/TP/teams/logos/240x240/52707.png","252707","SHK","DOMESTIC_MEN_TEAM_A","","DOMESTIC","Ukraine","Shakhtar","FC Shakhtar Donetsk","SHK","","","","","","","","",""
"250117408","50147","23","2002-06-15","24","Samuel S.","POR","GOALKEEPER","GOALKEEPER","MALE","","./image/250117408.jpg","Samuel Soares","GOALKEEPER","1","SAMUEL S.","110","","Portugal","Gardien","","Samuel Soares","Samuel Soares","Samuel Soares","200110","./assoc/200110_POR.svg","./logo/50147.png","UEFA","POR","50147","FAME","Benfica","","https://img.uefa.com/imgml/TP/teams/logos/70x70/50147.png","https://img.uefa.com/imgml/TP/teams/logos/240x240/50147.png","250147","BEN","DOMESTIC_MEN_TEAM_A","","DOMESTIC","Portugal","Benfica","SL Benfica","BEN","","","","","","","","",""
"250113263","7889","24","2001-07-23","1","Jaros","CZE","","GOALKEEPER","MALE","","./image/250113263.jpg","Vitězslav Jaroš","GOALKEEPER","23","Jaroš","58837","","Tchéquie","Gardien","Vitězslav","Jaroš","Vitězslav Jaroš","Jaroš","200039","./assoc/200039_ENG.svg","./logo/7889.png","UEFA","ENG","7889","FAME","Liverpool","","https://img.uefa.com/imgml/TP/teams/logos/70x70/7889.png","https://img.uefa.com/imgml/TP/teams/logos/240x240/7889.png","207889","LIV","DOMESTIC_MEN_TEAM_A","","DOMESTIC","Angleterre","Liverpool","Liverpool FC","LIV","","","","","","","","",""
"250112998","50062","24","2000-11-03","8","Dest","USA","FULL_BACK","DEFENDER","MALE","","./image/250112998.jpg","Sergiño Dest","DEFENDER","2","Dest","140","","Etats-Unis","Défenseur","Sergiño","Dest","Sergiño Dest","Dest","200095","./assoc/200095_NED.svg","./logo/50062.png","UEFA","NED","50062","FAME","PSV","","https://img.uefa.com/imgml/TP/teams/logos/70x70/50062.png","https://img.uefa.com/imgml/TP/teams/logos/240x240/50062.png","250062","PSV","DOMESTIC_MEN_TEAM_A","","DOMESTIC","Pays-Bas","PSV","PSV Eindhoven","PSV","","","","","","","","",""
"250109859","50149","27","1998-04-11","77","Kovačević","SRB","UNKNOWN","GOALKEEPER","MALE","","./image/250109859.jpg","Vladan Kovačević","GOALKEEPER","22","Kovačević","60094","","Serbie","Gardien","Vladan","Kovačević","Vladan Kovačević","V. Kovačević","200110","./assoc/200110_POR.svg","./logo/50149.png","UEFA","POR","50149","FAME","Sporting CP","","https://img.uefa.com/imgml/TP/teams/logos/70x70/50149.png","https://img.uefa.com/imgml/TP/teams/logos/240x240/50149.png","250149","SPO","DOMESTIC_MEN_TEAM_A","","DOMESTIC","Portugal","Sporting CP","Sporting Clube de Portugal","SPO","","","","","","","","",""
"250109381","50050","24","2001-02-07","17","Nawrocki","POL","","DEFENDER","MALE","","./image/250109381.jpg","Maik Nawrocki","DEFENDER","5","Nawrocki","200109","","Pologne","Défenseur","Maik","Nawrocki","Maik Nawrocki","Nawrocki","200117","./assoc/200117_SCO.svg","./logo/50050.png","UEFA","SCO","50050","FAME","Celtic","","https://img.uefa.com/imgml/TP/teams/logos/70x70/50050.png","https://img.uefa.com/imgml/TP/teams/logos/240x240/50050.png","250050","CEL","DOMESTIC_MEN_TEAM_A","","DOMESTIC","Écosse","Celtic","Celtic FC","CEL","","","","","","","","",""
"250109378","52758","24","2001-05-25","35","Lotka","GER","","GOALKEEPER","MALE","","./image/250109378.jpg","Marcel Lotka","GOALKEEPER","1","Lotka","200109","","Allemagne","Gardien","Marcel","Lotka","Marcel Lotka","Lotka","200047","./assoc/200047_GER.svg","./logo/52758.png","UEFA","GER","52758","FAME","B. Dortmund","","https://img.uefa.com/imgml/TP/teams/logos/70x70/52758.png","https://img.uefa.com/imgml/TP/teams/logos/240x240/52758.png","252758","BVB","DOMESTIC_MEN_TEAM_A","","DOMESTIC","Allemagne","B. Dortmund","Borussia Dortmund","BVB","","","","","","","","",""
"250106979","52747","24","2001-05-30","25","Arnau Tenas","ESP","UNKNOWN","GOALKEEPER","MALE","","./image/250106979.jpg","Arnau Tenas","GOALKEEPER","1","ARNAU TENAS","122","","Espagne","Gardien","Arnau","Tenas","Arnau Tenas","Tenas","200043","./assoc/200043_FRA.svg","./logo/52747.png","UEFA","FRA","52747","FAME","Paris","","https://img.uefa.com/imgml/TP/teams/logos/70x70/52747.png","https://img.uefa.com/imgml/TP/teams/logos/240x240/52747.png","252747","PSG","DOMESTIC_MEN_TEAM_A","","DOMESTIC","France","Paris","Paris Saint-Germain","PSG","","","","","","","","",""
"250106880","50050","24","2001-10-11","12","Sinisalo","FIN","UNKNOWN","GOALKEEPER","MALE","","./image/250106880.jpg","Viljami Sinisalo","GOALKEEPER","12","Sinisalo","42","","Finlande","Gardien","Viljami","Sinisalo","Viljami Sinisalo","Sinisalo","200117","./assoc/200117_SCO.svg","./logo/50050.png","UEFA","SCO","50050","FAME","Celtic","","https://img.uefa.com/imgml/TP/teams/logos/70x70/50050.png","https://img.uefa.com/imgml/TP/teams/logos/240x240/50050.png","250050","CEL","DOMESTIC_MEN_TEAM_A","","DOMESTIC","Écosse","Celtic","Celtic FC","CEL","","","","","","","","",""
"250103498","52797","25","2000-06-07","31","Trnovský","SVK","GOALKEEPER","GOALKEEPER","MALE","","./image/250103498.jpg","Martin Trnovský","GOALKEEPER","1","Trnovský","258836","","Slovaquie","Gardien","Martin","Trnovský","Martin Trnovský","Trnovský","258836","./assoc/258836_SVK.svg","./logo/52797.png","UEFA","SVK","52797","FAME","S. Bratislava","","https://img.uefa.com/imgml/TP/teams/logos/70x70/52797.png","https://img.uefa.com/imgml/TP/teams/logos/240x240/52797.png","252797","SLB","DOMESTIC_MEN_TEAM_A","","DOMESTIC","Slovaquie","S. Bratislava","ŠK Slovan Bratislava","SLB","","","","","","","","",""
"250101698","50050","25","2000-01-19","57","Welsh","SCO","CENTRE_BACK","DEFENDER","MALE","","./image/250101698.jpg","Stephen Welsh","DEFENDER","5","Welsh","200117","","Écosse","Défenseur","Stephen","Welsh","Stephen Welsh","Welsh","200117","./assoc/200117_SCO.svg","./logo/50050.png","UEFA","SCO","50050","FAME","Celtic","","https://img.uefa.com/imgml/TP/teams/logos/70x70/50050.png","https://img.uefa.com/imgml/TP/teams/logos/240x240/50050.png","250050","CEL","DOMESTIC_MEN_TEAM_A","","DOMESTIC","Écosse","Celtic","Celtic FC","CEL","","","","","","","","",""
"250088389","50111","28","1997-06-09","17","Karic","AUT","","MIDFIELDER","MALE","","./image/250088389.jpg","Emir Karic","DEFENDER","3","Karic","200008","","Autriche","Milieu","Emir","Karic","Emir Karic","Karic","200008","./assoc/200008_AUT.svg","./logo/50111.png","UEFA","AUT","50111","FAME","Sturm Graz","","https://img.uefa.com/imgml/TP/teams/logos/70x70/50111.png","https://img.uefa.com/imgml/TP/teams/logos/240x240/50111.png","250111","SGR","DOMESTIC_MEN_TEAM_A","","DOMESTIC","Autriche","Sturm Graz","SK Sturm Graz","SGR","","","","","","","","",""
"250082738","50058","33","1992-05-10","57","Sportiello","ITA","UNKNOWN","GOALKEEPER","MALE","","./image/250082738.jpg","Marco Sportiello","GOALKEEPER","14","Sportiello","200066","","Italie","Gardien","Marco","Sportiello","Marco Sportiello","Sportiello","200066","./assoc/200066_ITA.svg","./logo/50058.png","UEFA","ITA","50058","FAME","Milan","","https://img.uefa.com/imgml/TP/teams/logos/70x70/50058.png","https://img.uefa.com/imgml/TP/teams/logos/240x240/50058.png","250058","MIL","DOMESTIC_MEN_TEAM_A","","DOMESTIC","Italie","Milan","AC Milan","MIL","","","","","","","","",""
"250082625","52707","28","1997-07-16","9","Shved","UKR","WINGER","MIDFIELDER","MALE","","./image/250082625.jpg","Marian Shved","FORWARD","8","Shved","57166","","Ukraine","Milieu","Marian","Shved","Marian Shved","Shved","257166","./assoc/257166_UKR.svg","./logo/52707.png","UEFA","UKR","52707","FAME","Shakhtar","","https://img.uefa.com/imgml/TP/teams/logos/70x70/52707.png","https://img.uefa.com/imgml/TP/teams/logos/240x240/52707.png","252707","SHK","DOMESTIC_MEN_TEAM_A","","DOMESTIC","Ukraine","Shakhtar","FC Shakhtar Donetsk","SHK","","","","","","","","",""
"250074072","50031","29","1996-09-19","40","MARZINO","SUI","GOALKEEPER","GOALKEEPER","MALE","184","./image/250074072.jpg","Dario Marzino","GOALKEEPER","","Marzino","","","Suisse","Gardien","Dario","Marzino","Dario Marzino","Marzino","200128","./assoc/200128_SUI.svg","./logo/50031.png","UEFA","SUI","50031","FAME","Young Boys","","https://img.uefa.com/imgml/TP/teams/logos/70x70/50031.png","https://img.uefa.com/imgml/TP/teams/logos/240x240/50031.png","250031","YB","DOMESTIC_MEN_TEAM_A","","DOMESTIC","Suisse","Young Boys","BSC Young Boys","YB","","","","","","","","",""
"250067821","75797","31","1994-05-12","30","CAILLARD","FRA","UNKNOWN","GOALKEEPER","MALE","191","./image/250067821.jpg","Marc-Aurèle Caillard","GOALKEEPER","","Caillard","","","France","Gardien","Marc-Aurèle","Caillard","Marc-Aurèle Caillard","Caillard","200043","./assoc/200043_FRA.svg","./logo/75797.png","UEFA","FRA","75797","FAME","Lille","","https://img.uefa.com/imgml/TP/teams/logos/70x70/75797.png","https://img.uefa.com/imgml/TP/teams/logos/240x240/75797.png","275797","LIL","DOMESTIC_MEN_TEAM_A","","DOMESTIC","France","Lille","LOSC Lille","LIL","","","","","","","","",""
"250066521","50043","28","1997-09-05","29","Jackers","BEL","GOALKEEPER","GOALKEEPER","MALE","185","./image/250066521.jpg","Nordin Jackers","GOALKEEPER","1","Jackers","200013","72","Belgique","Gardien","Nordin","Jackers","Nordin Jackers","Jackers","200013","./assoc/200013_BEL.svg","./logo/50043.png","UEFA","BEL","50043","FAME","Club Brugge","","https://img.uefa.com/imgml/TP/teams/logos/70x70/50043.png","https://img.uefa.com/imgml/TP/teams/logos/240x240/50043.png","250043","BRU","DOMESTIC_MEN_TEAM_A","","DOMESTIC","Belgique","Club Brugge","Club Brugge KV","BRU","","","","","","","","",""
"250065307","50051","28","1997-01-05","18","VALLEJO","ESP","CENTRE_BACK","DEFENDER","MALE","183","./image/250065307.jpg","Jesús Vallejo","DEFENDER","2","Vallejo","200122","74","Espagne","Défenseur","Jesús","Vallejo","Jesús Vallejo","Vallejo","200122","./assoc/200122_ESP.svg","./logo/50051.png","UEFA","ESP","50051","FAME","Real Madrid","","https://img.uefa.com/imgml/TP/teams/logos/70x70/50051.png","https://img.uefa.com/imgml/TP/teams/logos/240x240/50051.png","250051","RMA","DOMESTIC_MEN_TEAM_A","","DOMESTIC","Espagne","Real Madrid","Real Madrid C.F.","RMA","","","","","","","","",""
"250058121","50033","29","1996-06-18","24","Vorel","CZE","UNKNOWN","GOALKEEPER","MALE","190","./image/250058121.jpg","Vojtěch Vorel","GOALKEEPER","23","Vorel","258837","","Tchéquie","Gardien","Vojtěch","Vorel","Vojtěch Vorel","Vorel","258837","./assoc/258837_CZE.svg","./logo/50033.png","UEFA","CZE","50033","FAME","Sparta Praha","","https://img.uefa.com/imgml/TP/teams/logos/70x70/50033.png","https://img.uefa.com/imgml/TP/teams/logos/240x240/50033.png","250033","SPA","DOMESTIC_MEN_TEAM_A","","DOMESTIC","Tchéquie","Sparta Praha","AC Sparta Praha","SPA","","","","","","","","",""
"250056735","50164","30","1994-11-13","44","Filipović","CRO","UNKNOWN","GOALKEEPER","MALE","","./image/250056735.jpg","Ivan Filipović","GOALKEEPER","12","Filipović","256370","","Croatie","Gardien","Ivan","Filipović","Ivan Filipović","Filipović","256370","./assoc/256370_CRO.svg","./logo/50164.png","UEFA","CRO","50164","FAME","GNK Dinamo","","https://img.uefa.com/imgml/TP/teams/logos/70x70/50164.png","https://img.uefa.com/imgml/TP/teams/logos/240x240/50164.png","250164","DIN","DOMESTIC_MEN_TEAM_A","","DOMESTIC","Croatie","GNK Dinamo","GNK Dinamo","DIN","","","","","","","","",""
"250049713","52683","35","1990-01-08","30","Olsen","SWE","GOALKEEPER","GOALKEEPER","MALE","198","./image/250049713.jpg","Robin Olsen","GOALKEEPER","1","Olsen","127","89","Suède","Gardien","Robin","Olsen","Robin Olsen","Olsen","200039","./assoc/200039_ENG.svg","./logo/52683.png","UEFA","ENG","52683","FAME","Aston Villa","","https://img.uefa.com/imgml/TP/teams/logos/70x70/52683.png","https://img.uefa.com/imgml/TP/teams/logos/240x240/52683.png","252683","AVL","DOMESTIC_MEN_TEAM_A","","DOMESTIC","Angleterre","Aston Villa","Aston Villa FC","AVL","","","","","","","","",""
"250041563","52747","30","1995-02-11","37","ŠKRINIAR","SVK","CENTRE_BACK","DEFENDER","MALE","187","./image/250041563.jpg","Milan Škriniar","DEFENDER","14","Škriniar","58836","80","Slovaquie","Défenseur","Milan","Škriniar","Milan Škriniar","Škriniar","200043","./assoc/200043_FRA.svg","./logo/52747.png","UEFA","FRA","52747","FAME","Paris","","https://img.uefa.com/imgml/TP/teams/logos/70x70/52747.png","https://img.uefa.com/imgml/TP/teams/logos/240x240/52747.png","252747","PSG","DOMESTIC_MEN_TEAM_A","","DOMESTIC","France","Paris","Paris Saint-Germain","PSG","","","","","","","","",""
"250040599","50109","32","1993-07-28","36","Lomb","GER","GOALKEEPER","GOALKEEPER","MALE","188","./image/250040599.jpg","Niklas Lomb","GOALKEEPER","","Lomb","","84","Allemagne","Gardien","Niklas","Lomb","Niklas Lomb","Lomb","200047","./assoc/200047_GER.svg","./logo/50109.png","UEFA","GER","50109","FAME","Leverkusen","","https://img.uefa.com/imgml/TP/teams/logos/70x70/50109.png","https://img.uefa.com/imgml/TP/teams/logos/240x240/50109.png","250109","LEV","DOMESTIC_MEN_TEAM_A","","DOMESTIC","Allemagne","Leverkusen","Bayer 04 Leverkusen","LEV","","","","","","","","",""
"250017814","50138","32","1993-10-03","12","Di Gennaro","ITA","GOALKEEPER","GOALKEEPER","MALE","","./image/250017814.jpg","Raffaele Di Gennaro","GOALKEEPER","","Di Gennaro","300066","","Italie","Gardien","Raffaele","Di Gennaro","Raffaele Di Gennaro","Di Gennaro","200066","./assoc/200066_ITA.svg","./logo/50138.png","UEFA","ITA","50138","FAME","Inter","","https://img.uefa.com/imgml/TP/teams/logos/70x70/50138.png","https://img.uefa.com/imgml/TP/teams/logos/240x240/50138.png","250138","INT","DOMESTIC_MEN_TEAM_A","","DOMESTIC","Italie","Inter","FC Internazionale Milano","INT","","","","","","","","",""
"250015753","52816","34","1991-04-27","31","Rossi","ITA","GOALKEEPER","GOALKEEPER","MALE","","./image/250015753.jpg","Francesco Rossi","GOALKEEPER","","Rossi","","","Italie","Gardien","Francesco","Rossi","Francesco Rossi","Rossi","200066","./assoc/200066_ITA.svg","./logo/52816.png","UEFA","ITA","52816","FAME","Atalanta","","https://img.uefa.com/imgml/TP/teams/logos/70x70/52816.png","https://img.uefa.com/imgml/TP/teams/logos/240x240/52816.png","252816","ATA","DOMESTIC_MEN_TEAM_A","","DOMESTIC","Italie","Atalanta","Atalanta BC","ATA","","","","","","","","",""
"250011071","50050","33","1991-11-22","29","Bain","SCO","GOALKEEPER","GOALKEEPER","MALE","","./image/250011071.jpg","Scott Bain","GOALKEEPER","","Bain","117","","Écosse","Gardien","Scott","Bain","Scott Bain","Bain","200117","./assoc/200117_SCO.svg","./logo/50050.png","UEFA","SCO","50050","FAME","Celtic","","https://img.uefa.com/imgml/TP/teams/logos/70x70/50050.png","https://img.uefa.com/imgml/TP/teams/logos/240x240/50050.png","250050","CEL","DOMESTIC_MEN_TEAM_A","","DOMESTIC","Écosse","Celtic","Celtic FC","CEL","","","","","","","","",""
"250000104","50139","35","1990-03-16","23","Pinsoglio","ITA","UNKNOWN","GOALKEEPER","MALE","","./image/250000104.jpg","Carlo Pinsoglio","GOALKEEPER","12","Pinsoglio","","","Italie","Gardien","Carlo","Pinsoglio","Carlo Pinsoglio","Pinsoglio","200066","./assoc/200066_ITA.svg","./logo/50139.png","UEFA","ITA","50139","FAME","Juventus","","https://img.uefa.com/imgml/TP/teams/logos/70x70/50139.png","https://img.uefa.com/imgml/TP/teams/logos/240x240/50139.png","250139","JUV","DOMESTIC_MEN_TEAM_A","","DOMESTIC","Italie","Juventus","Juventus","JUV","","","","","","","","",""
"101585","75797","37","1988-03-02","1","MANNONE","ITA","UNKNOWN","GOALKEEPER","MALE","192","./image/101585.jpg","Vito Mannone","GOALKEEPER","","Mannone","","84","Italie","Gardien","Vito","Mannone","Vito Mannone","Mannone","200043","./assoc/200043_FRA.svg","./logo/75797.png","UEFA","FRA","75797","FAME","Lille","","https://img.uefa.com/imgml/TP/teams/logos/70x70/75797.png","https://img.uefa.com/imgml/TP/teams/logos/240x240/75797.png","275797","LIL","DOMESTIC_MEN_TEAM_A","","DOMESTIC","France","Lille","LOSC Lille","LIL","","","","","","","","",""
