PlayerId,TeamId,PlayerAge,PlayerBirthDate,PlayerClubJerseyNumber,PlayerClubShirtName,PlayerCountryCode,PlayerDetailedFieldPosition,PlayerFieldPosition,PlayerGender,PlayerHeight,PlayerImageUrl,PlayerInternationalName,PlayerNationalFieldPosition,PlayerNationalJerseyNumber,PlayerNationalShirtName,PlayerNationalTeamId,PlayerWeight,PlayerCountryName,PlayerFieldPositionFR,PlayerFirstName,PlayerLastName,PlayerName,PlayerShortName,TeamAssociationId,TeamAssociationLogoUrl,TeamBigLogoUrl,TeamConfederationType,TeamCountryCode,TeamId_Full,TeamIdProvider,TeamInternationalName,TeamIsPlaceHolder,TeamLogoUrl,TeamMediumLogoUrl,TeamOrganizationId,TeamCode,TeamTypeDetail,TeamTypeIsNational,TeamType,TeamCountryName,TeamDisplayName,TeamDisplayOfficialName,TeamDisplayTeamCode,minutesplayedofficial,minutesplayedofficial_Unit,matchesappearance,goals,assists,distancecovered,distancecovered_Unit,topspeed,topspeed_Unit
"97923","50037","39","1986-03-27","1","Neuer","GER","GOALKEEPER","GOALKEEPER","MALE","193","./image/97923.jpg","Manuel Neuer","GOALKEEPER","1","Neuer","47","92","Allemagne","Gardien","Manuel","Neuer","Manuel Neuer","Neuer","200047","./assoc/200047_GER.svg","./logo/50037.png","UEFA","GER","50037","FAME","Bayern München","","https://img.uefa.com/imgml/TP/teams/logos/70x70/50037.png","https://img.uefa.com/imgml/TP/teams/logos/240x240/50037.png","250037","BAY","DOMESTIC_MEN_TEAM_A","","DOMESTIC","Allemagne","Bayern München","FC Bayern München","BAY","990","MINUTE","11","0","0","51.31","KILOMETER","25.2","KILOMETER_PER_HOUR"
"250064064","52747","31","1994-05-14","5","MARQUINHOS","BRA","CENTRE_BACK","DEFENDER","MALE","183","./image/250064064.jpg","Marquinhos","DEFENDER","4","Marquinhos","18","75","Brésil","Défenseur","","Marquinhos","Marquinhos","Marquinhos","200043","./assoc/200043_FRA.svg","./logo/52747.png","UEFA","FRA","52747","FAME","Paris","","https://img.uefa.com/imgml/TP/teams/logos/70x70/52747.png","https://img.uefa.com/imgml/TP/teams/logos/240x240/52747.png","252747","PSG","DOMESTIC_MEN_TEAM_A","","DOMESTIC","France","Paris","Paris Saint-Germain","PSG","970","MINUTE","11","2","0","114.11","KILOMETER","31","KILOMETER_PER_HOUR"
"250070417","50037","30","1995-02-08","6","Kimmich","GER","CENTRE_BACK","MIDFIELDER","MALE","176","./image/250070417.jpg","Joshua Kimmich","MIDFIELDER","6","Kimmich","47","70","Allemagne","Milieu","Joshua","Kimmich","Joshua Kimmich","Kimmich","200047","./assoc/200047_GER.svg","./logo/50037.png","UEFA","GER","50037","FAME","Bayern München","","https://img.uefa.com/imgml/TP/teams/logos/70x70/50037.png","https://img.uefa.com/imgml/TP/teams/logos/240x240/50037.png","250037","BAY","DOMESTIC_MEN_TEAM_A","","DOMESTIC","Allemagne","Bayern München","FC Bayern München","BAY","903","MINUTE","11","2","3","118.67","KILOMETER","30.8","KILOMETER_PER_HOUR"
"250064583","52747","30","1995-08-13","3","Kimpembe","FRA","UNKNOWN","DEFENDER","MALE","183","./image/250064583.jpg","Presnel Kimpembe","DEFENDER","3","Kimpembe","43","67","France","Défenseur","Presnel","Kimpembe","Presnel Kimpembe","Kimpembe","200043","./assoc/200043_FRA.svg","./logo/52747.png","UEFA","FRA","52747","FAME","Paris","","https://img.uefa.com/imgml/TP/teams/logos/70x70/52747.png","https://img.uefa.com/imgml/TP/teams/logos/240x240/52747.png","252747","PSG","DOMESTIC_MEN_TEAM_A","","DOMESTIC","France","Paris","Paris Saint-Germain","PSG","900","MINUTE","10","0","0","88.07","KILOMETER","31.5","KILOMETER_PER_HOUR"
"1901643","5312","35","1990-10-01","1","Lopes","POR","GOALKEEPER","GOALKEEPER","MALE","184","./image/1901643.jpg","Anthony Lopes","GOALKEEPER","22","Lopes","110","81","Portugal","Gardien","Anthony","Lopes","Anthony Lopes","Lopes","200043","./assoc/200043_FRA.svg","./logo/5312.png","UEFA","FRA","5312","FAME","Lyon","","https://img.uefa.com/imgml/TP/teams/logos/70x70/5312.png","https://img.uefa.com/imgml/TP/teams/logos/240x240/5312.png","205312","LYO","DOMESTIC_MEN_TEAM_A","","DOMESTIC","France","Lyon","Olympique Lyonnais","LYO","900","MINUTE","10","0","0","53.68","KILOMETER","26.6","KILOMETER_PER_HOUR"
"250002096","50037","37","1988-08-21","9","Lewandowski","POL","STRIKER","FORWARD","MALE","184","./image/250002096.jpg","Robert Lewandowski","FORWARD","9","Lewandowski","109","78","Pologne","Attaquant","Robert","Lewandowski","Robert Lewandowski","Lewandowski","200047","./assoc/200047_GER.svg","./logo/50037.png","UEFA","GER","50037","FAME","Bayern München","","https://img.uefa.com/imgml/TP/teams/logos/70x70/50037.png","https://img.uefa.com/imgml/TP/teams/logos/240x240/50037.png","250037","BAY","DOMESTIC_MEN_TEAM_A","","DOMESTIC","Allemagne","Bayern München","FC Bayern München","BAY","887","MINUTE","10","15","6","101.48","KILOMETER","31.3","KILOMETER_PER_HOUR"
"250013892","52747","32","1993-03-01","14","Juan Bernat","ESP","FULL_BACK","DEFENDER","MALE","170","./image/250013892.jpg","Juan Bernat","DEFENDER","14","Juan Bernat","122","67","Espagne","Défenseur","Juan","Bernat","Juan Bernat","Bernat","200043","./assoc/200043_FRA.svg","./logo/52747.png","UEFA","FRA","52747","FAME","Paris","","https://img.uefa.com/imgml/TP/teams/logos/70x70/52747.png","https://img.uefa.com/imgml/TP/teams/logos/240x240/52747.png","252747","PSG","DOMESTIC_MEN_TEAM_A","","DOMESTIC","France","Paris","Paris Saint-Germain","PSG","875","MINUTE","10","2","2","100","KILOMETER","30.8","KILOMETER_PER_HOUR"
"102420","2603790","35","1990-05-06","1","Gulacsi","HUN","GOALKEEPER","GOALKEEPER","MALE","190","./image/102420.jpg","Péter Gulácsi","GOALKEEPER","12","Gulacsi","57","83","Hongrie","Gardien","Péter","Gulácsi","Péter Gulácsi","Gulácsi","200047","./assoc/200047_GER.svg","./logo/2603790.png","UEFA","GER","2603790","FAME","Leipzig","","https://img.uefa.com/imgml/TP/teams/logos/70x70/2603790.png","https://img.uefa.com/imgml/TP/teams/logos/240x240/2603790.png","250002563","RBL","DOMESTIC_MEN_TEAM_A","","DOMESTIC","Allemagne","Leipzig","RB Leipzig","RBL","874","MINUTE","10","0","0","51.1","KILOMETER","22","KILOMETER_PER_HOUR"
"250017725","50124","30","1994-11-21","8","SAÚL","ESP","CENTRAL_MIDFIELDER","MIDFIELDER","MALE","180","./image/250017725.jpg","Saúl Ñíguez","MIDFIELDER","8","Saúl","122","70","Espagne","Milieu","","Saúl Ñíguez","Saúl Ñíguez","Saúl Ñíguez","200122","./assoc/200122_ESP.svg","./logo/50124.png","UEFA","ESP","50124","FAME","Atleti","","https://img.uefa.com/imgml/TP/teams/logos/70x70/50124.png","https://img.uefa.com/imgml/TP/teams/logos/240x240/50124.png","250124","ATM","DOMESTIC_MEN_TEAM_A","","DOMESTIC","Espagne","Atleti","Atlético de Madrid","ATM","840","MINUTE","9","1","0","110.1","KILOMETER","31.5","KILOMETER_PER_HOUR"
"250012069","50124","32","1993-01-07","13","OBLAK","SVN","GOALKEEPER","GOALKEEPER","MALE","186","./image/250012069.jpg","Jan Oblak","GOALKEEPER","1","Oblak","57163","87","Slovénie","Gardien","Jan","Oblak","Jan Oblak","Oblak","200122","./assoc/200122_ESP.svg","./logo/50124.png","UEFA","ESP","50124","FAME","Atleti","","https://img.uefa.com/imgml/TP/teams/logos/70x70/50124.png","https://img.uefa.com/imgml/TP/teams/logos/240x240/50124.png","250124","ATM","DOMESTIC_MEN_TEAM_A","","DOMESTIC","Espagne","Atleti","Atlético de Madrid","ATM","840","MINUTE","9","0","0","41.12","KILOMETER","27.7","KILOMETER_PER_HOUR"
"1906776","50037","34","1991-04-11","6","Thiago","ESP","CENTRAL_MIDFIELDER","MIDFIELDER","MALE","172","./image/1906776.jpg","Thiago Alcántara","MIDFIELDER","10","Thiago","122","71","Espagne","Milieu","","Thiago Alcántara","Thiago Alcántara","Thiago Alcántara","200047","./assoc/200047_GER.svg","./logo/50037.png","UEFA","GER","50037","FAME","Bayern München","","https://img.uefa.com/imgml/TP/teams/logos/70x70/50037.png","https://img.uefa.com/imgml/TP/teams/logos/240x240/50037.png","250037","BAY","DOMESTIC_MEN_TEAM_A","","DOMESTIC","Allemagne","Bayern München","FC Bayern München","BAY","823","MINUTE","10","0","2","100.56","KILOMETER","29.9","KILOMETER_PER_HOUR"
"250058260","2603790","29","1996-06-03","16","Klostermann","GER","FULL_BACK","DEFENDER","MALE","","./image/250058260.jpg","Lukas Klostermann","DEFENDER","16","Klostermann","47","","Allemagne","Défenseur","Lukas","Klostermann","Lukas Klostermann","Klostermann","200047","./assoc/200047_GER.svg","./logo/2603790.png","UEFA","GER","2603790","FAME","Leipzig","","https://img.uefa.com/imgml/TP/teams/logos/70x70/2603790.png","https://img.uefa.com/imgml/TP/teams/logos/240x240/2603790.png","250002563","RBL","DOMESTIC_MEN_TEAM_A","","DOMESTIC","Allemagne","Leipzig","RB Leipzig","RBL","810","MINUTE","10","0","1","94.91","KILOMETER","33.8","KILOMETER_PER_HOUR"
"250005335","52919","34","1990-10-24","20","GÜNDOĞAN","GER","CENTRAL_MIDFIELDER","MIDFIELDER","MALE","180","./image/250005335.jpg","İlkay Gündoğan","MIDFIELDER","21","Gündoğan","47","80","Allemagne","Milieu","İlkay","Gündoğan","İlkay Gündoğan","Gündoğan","200039","./assoc/200039_ENG.svg","./logo/52919.png","UEFA","ENG","52919","FAME","Man City","","https://img.uefa.com/imgml/TP/teams/logos/70x70/52919.png","https://img.uefa.com/imgml/TP/teams/logos/240x240/52919.png","252919","MCI","DOMESTIC_MEN_TEAM_A","","DOMESTIC","Angleterre","Man City","Manchester City","MCI","810","MINUTE","9","2","2","100.61","KILOMETER","30.8","KILOMETER_PER_HOUR"
"250011954","52747","41","1984-09-22","6","T.Silva","BRA","CENTRE_BACK","DEFENDER","MALE","183","./image/250011954.jpg","Thiago Silva","DEFENDER","3","T. Silva","18","79","Brésil","Défenseur","","Thiago Silva","Thiago Silva","Thiago Silva","200043","./assoc/200043_FRA.svg","./logo/52747.png","UEFA","FRA","52747","FAME","Paris","","https://img.uefa.com/imgml/TP/teams/logos/70x70/52747.png","https://img.uefa.com/imgml/TP/teams/logos/240x240/52747.png","252747","PSG","DOMESTIC_MEN_TEAM_A","","DOMESTIC","France","Paris","Paris Saint-Germain","PSG","810","MINUTE","9","0","0","74.97","KILOMETER","33.1","KILOMETER_PER_HOUR"
"250024349","2603790","31","1994-03-17","20","Sabitzer","AUT","ATTACKING_MIDFIELDER","MIDFIELDER","MALE","177","./image/250024349.jpg","Marcel Sabitzer","MIDFIELDER","9","Sabitzer","8","74","Autriche","Milieu","Marcel","Sabitzer","Marcel Sabitzer","Sabitzer","200047","./assoc/200047_GER.svg","./logo/2603790.png","UEFA","GER","2603790","FAME","Leipzig","","https://img.uefa.com/imgml/TP/teams/logos/70x70/2603790.png","https://img.uefa.com/imgml/TP/teams/logos/240x240/2603790.png","250002563","RBL","DOMESTIC_MEN_TEAM_A","","DOMESTIC","Allemagne","Leipzig","RB Leipzig","RBL","806","MINUTE","9","4","3","99.85","KILOMETER","30.6","KILOMETER_PER_HOUR"
"1909917","50124","33","1992-01-08","6","KOKE","ESP","CENTRAL_MIDFIELDER","MIDFIELDER","MALE","178","./image/1909917.jpg","Koke","MIDFIELDER","8","Koke","122","74","Espagne","Milieu","","Koke","Koke","Koke","200122","./assoc/200122_ESP.svg","./logo/50124.png","UEFA","ESP","50124","FAME","Atleti","","https://img.uefa.com/imgml/TP/teams/logos/70x70/50124.png","https://img.uefa.com/imgml/TP/teams/logos/240x240/50124.png","250124","ATM","DOMESTIC_MEN_TEAM_A","","DOMESTIC","Espagne","Atleti","Atlético de Madrid","ATM","799","MINUTE","9","0","1","108.28","KILOMETER","29.5","KILOMETER_PER_HOUR"
"250031037","52747","38","1986-12-15","1","K. Navas","CRC","UNKNOWN","GOALKEEPER","MALE","184","./image/250031037.jpg","Keylor Navas","GOALKEEPER","1","K. Navas","31","78","Costa Rica","Gardien","Keylor","Navas","Keylor Navas","Navas","200043","./assoc/200043_FRA.svg","./logo/52747.png","UEFA","FRA","52747","FAME","Paris","","https://img.uefa.com/imgml/TP/teams/logos/70x70/52747.png","https://img.uefa.com/imgml/TP/teams/logos/240x240/52747.png","252747","PSG","DOMESTIC_MEN_TEAM_A","","DOMESTIC","France","Paris","Paris Saint-Germain","PSG","799","MINUTE","9","0","0","29.81","KILOMETER","21.2","KILOMETER_PER_HOUR"
"250064362","5312","30","1995-06-28","5","Denayer","BEL","CENTRE_BACK","DEFENDER","MALE","184","./image/250064362.jpg","Jason Denayer","DEFENDER","18","Denayer","13","70","Belgique","Défenseur","Jason","Denayer","Jason Denayer","Denayer","200043","./assoc/200043_FRA.svg","./logo/5312.png","UEFA","FRA","5312","FAME","Lyon","","https://img.uefa.com/imgml/TP/teams/logos/70x70/5312.png","https://img.uefa.com/imgml/TP/teams/logos/240x240/5312.png","205312","LYO","DOMESTIC_MEN_TEAM_A","","DOMESTIC","France","Lyon","Olympique Lyonnais","LYO","781","MINUTE","9","0","0","87.63","KILOMETER","31.5","KILOMETER_PER_HOUR"
"250041770","50037","30","1995-07-14","7","Gnabry","GER","WINGER","FORWARD","MALE","173","./image/250041770.jpg","Serge Gnabry","MIDFIELDER","20","Gnabry","47","73","Allemagne","Attaquant","Serge","Gnabry","Serge Gnabry","Gnabry","200047","./assoc/200047_GER.svg","./logo/50037.png","UEFA","GER","50037","FAME","Bayern München","","https://img.uefa.com/imgml/TP/teams/logos/70x70/50037.png","https://img.uefa.com/imgml/TP/teams/logos/240x240/50037.png","250037","BAY","DOMESTIC_MEN_TEAM_A","","DOMESTIC","Allemagne","Bayern München","FC Bayern München","BAY","766","MINUTE","10","9","1","87.49","KILOMETER","31","KILOMETER_PER_HOUR"
"250014709","52816","34","1991-03-29","15","de Roon","NED","CENTRAL_MIDFIELDER","MIDFIELDER","MALE","185","./image/250014709.jpg","Marten de Roon","MIDFIELDER","15","de Roon","95","76","Pays-Bas","Milieu","Marten","de Roon","Marten de Roon","De Roon","200066","./assoc/200066_ITA.svg","./logo/52816.png","UEFA","ITA","52816","FAME","Atalanta","","https://img.uefa.com/imgml/TP/teams/logos/70x70/52816.png","https://img.uefa.com/imgml/TP/teams/logos/240x240/52816.png","252816","ATA","DOMESTIC_MEN_TEAM_A","","DOMESTIC","Italie","Atalanta","Atalanta BC","ATA","764","MINUTE","9","0","0","93.26","KILOMETER","31","KILOMETER_PER_HOUR"
"250131275","50124","27","1998-04-08","12","Renan Lodi","BRA","UNKNOWN","DEFENDER","MALE","","./image/250131275.jpg","Renan Lodi","DEFENDER","","Lodi dos Santos","","","Brésil","Défenseur","","Renan Lodi","Renan Lodi","Renan Lodi","200122","./assoc/200122_ESP.svg","./logo/50124.png","UEFA","ESP","50124","FAME","Atleti","","https://img.uefa.com/imgml/TP/teams/logos/70x70/50124.png","https://img.uefa.com/imgml/TP/teams/logos/240x240/50124.png","250124","ATM","DOMESTIC_MEN_TEAM_A","","DOMESTIC","Espagne","Atleti","Atlético de Madrid","ATM","762","MINUTE","9","0","1","89.64","KILOMETER","31.5","KILOMETER_PER_HOUR"
"250088023","5312","31","1994-09-14","15","DUBOIS","FRA","","DEFENDER","MALE","","./image/250088023.jpg","Léo Dubois","DEFENDER","24","Dubois","43","","France","Défenseur","Léo","Dubois","Léo Dubois","Dubois","200043","./assoc/200043_FRA.svg","./logo/5312.png","UEFA","FRA","5312","FAME","Lyon","","https://img.uefa.com/imgml/TP/teams/logos/70x70/5312.png","https://img.uefa.com/imgml/TP/teams/logos/240x240/5312.png","205312","LYO","DOMESTIC_MEN_TEAM_A","","DOMESTIC","France","Lyon","Olympique Lyonnais","LYO","758","MINUTE","9","0","2","93.15","KILOMETER","30.8","KILOMETER_PER_HOUR"
"1905153","52747","37","1988-02-14","11","Di Maria","ARG","UNKNOWN","FORWARD","MALE","180","./image/1905153.jpg","Ángel Di María","FORWARD","11","Di María","6","75","Argentine","Attaquant","Ángel","Di María","Ángel Di María","Di María","200043","./assoc/200043_FRA.svg","./logo/52747.png","UEFA","FRA","52747","FAME","Paris","","https://img.uefa.com/imgml/TP/teams/logos/70x70/52747.png","https://img.uefa.com/imgml/TP/teams/logos/240x240/52747.png","252747","PSG","DOMESTIC_MEN_TEAM_A","","DOMESTIC","France","Paris","Paris Saint-Germain","PSG","750","MINUTE","9","3","6","84.32","KILOMETER","31.3","KILOMETER_PER_HOUR"
"50327420","7889","34","1991-07-08","4","Virgil","NED","CENTRE_BACK","DEFENDER","MALE","193","https://img.uefa.com/imgml/TP/players/1/2020/324x324/50327420.jpg","Virgil van Dijk","DEFENDER","4","Virgil","95","92","Pays-Bas","Défenseur","Virgil","van Dijk","Virgil van Dijk","Van Dijk","200039","./assoc/200039_ENG.svg","./logo/7889.png","UEFA","ENG","7889","FAME","Liverpool","","https://img.uefa.com/imgml/TP/teams/logos/70x70/7889.png","https://img.uefa.com/imgml/TP/teams/logos/240x240/7889.png","207889","LIV","DOMESTIC_MEN_TEAM_A","","DOMESTIC","Angleterre","Liverpool","Liverpool FC","LIV","750","MINUTE","8","0","0","74.44","KILOMETER","31.5","KILOMETER_PER_HOUR"
"50327423","50080","28","1997-05-12","21","F. de Jong","NED","CENTRAL_MIDFIELDER","MIDFIELDER","MALE","178","https://img.uefa.com/imgml/TP/players/1/2020/324x324/50327423.jpg","Frenkie de Jong","MIDFIELDER","21","F. de Jong","95","68","Pays-Bas","Milieu","Frenkie","de Jong","Frenkie de Jong","De Jong","200122","./assoc/200122_ESP.svg","./logo/50080.png","UEFA","ESP","50080","FAME","Barcelona","","https://img.uefa.com/imgml/TP/teams/logos/70x70/50080.png","https://img.uefa.com/imgml/TP/teams/logos/240x240/50080.png","250080","BAR","DOMESTIC_MEN_TEAM_A","","DOMESTIC","Espagne","Barcelona","FC Barcelona","BAR","747","MINUTE","9","0","0","93.8","KILOMETER","29.9","KILOMETER_PER_HOUR"
"250086316","50124","32","1993-06-13","16","T. Partey","GHA","DEFENSIVE_MIDFIELDER","MIDFIELDER","MALE","185","./image/250086316.jpg","Thomas Partey","MIDFIELDER","5","Partey","48","73","Ghana","Milieu","Thomas","Partey","Thomas Partey","Partey","200122","./assoc/200122_ESP.svg","./logo/50124.png","UEFA","ESP","50124","FAME","Atleti","","https://img.uefa.com/imgml/TP/teams/logos/70x70/50124.png","https://img.uefa.com/imgml/TP/teams/logos/240x240/50124.png","250124","ATM","DOMESTIC_MEN_TEAM_A","","DOMESTIC","Espagne","Atleti","Atlético de Madrid","ATM","736","MINUTE","8","1","1","88.9","KILOMETER","32.4","KILOMETER_PER_HOUR"
"250052469","7889","33","1992-06-15","11","M.Salah","EGY","WINGER","FORWARD","MALE","175","./image/250052469.jpg","Mohamed Salah","FORWARD","","Salah","38","72","Égypte","Attaquant","Mohamed","Salah","Mohamed Salah","Salah","200039","./assoc/200039_ENG.svg","./logo/7889.png","UEFA","ENG","7889","FAME","Liverpool","","https://img.uefa.com/imgml/TP/teams/logos/70x70/7889.png","https://img.uefa.com/imgml/TP/teams/logos/240x240/7889.png","207889","LIV","DOMESTIC_MEN_TEAM_A","","DOMESTIC","Angleterre","Liverpool","Liverpool FC","LIV","731","MINUTE","8","4","2","79.38","KILOMETER","31.7","KILOMETER_PER_HOUR"
"250003757","5312","38","1987-05-20","6","MARCELO","BRA","CENTRE_BACK","DEFENDER","MALE","191","./image/250003757.jpg","Marcelo","DEFENDER","","Guedes Filho","","85","Brésil","Défenseur","","Marcelo","Marcelo","Marcelo","200043","./assoc/200043_FRA.svg","./logo/5312.png","UEFA","FRA","5312","FAME","Lyon","","https://img.uefa.com/imgml/TP/teams/logos/70x70/5312.png","https://img.uefa.com/imgml/TP/teams/logos/240x240/5312.png","205312","LYO","DOMESTIC_MEN_TEAM_A","","DOMESTIC","France","Lyon","Olympique Lyonnais","LYO","724","MINUTE","10","0","0","81.6","KILOMETER","28.4","KILOMETER_PER_HOUR"
"250042779","50080","30","1995-06-17","15","LENGLET","FRA","UNKNOWN","DEFENDER","MALE","186","./image/250042779.jpg","Clément Lenglet","DEFENDER","5","Lenglet","43","81","France","Défenseur","Clément","Lenglet","Clément Lenglet","Lenglet","200122","./assoc/200122_ESP.svg","./logo/50080.png","UEFA","ESP","50080","FAME","Barcelona","","https://img.uefa.com/imgml/TP/teams/logos/70x70/50080.png","https://img.uefa.com/imgml/TP/teams/logos/240x240/50080.png","250080","BAR","DOMESTIC_MEN_TEAM_A","","DOMESTIC","Espagne","Barcelona","FC Barcelona","BAR","721","MINUTE","9","1","0","80.08","KILOMETER","30.2","KILOMETER_PER_HOUR"
"104033","52268","36","1989-04-16","10","Parejo","ESP","CENTRAL_MIDFIELDER","MIDFIELDER","MALE","178","./image/104033.jpg","Daniel Parejo","MIDFIELDER","21","Parejo","122","73","Espagne","Milieu","Daniel","Parejo","Daniel Parejo","Parejo","200122","./assoc/200122_ESP.svg","./logo/52268.png","UEFA","ESP","52268","FAME","Valencia","","https://img.uefa.com/imgml/TP/teams/logos/70x70/52268.png","https://img.uefa.com/imgml/TP/teams/logos/240x240/52268.png","252268","VAL","DOMESTIC_MEN_TEAM_A","","DOMESTIC","Espagne","Valencia","Valencia CF","VAL","720","MINUTE","8","1","3","88.23","KILOMETER","29.2","KILOMETER_PER_HOUR"
"102869","52268","36","1989-05-31","10","Wass","DEN","ATTACKING_MIDFIELDER","MIDFIELDER","MALE","181","./image/102869.jpg","Daniel Wass","MIDFIELDER","18","Wass","35","74","Danemark","Milieu","Daniel","Wass","Daniel Wass","Wass","200122","./assoc/200122_ESP.svg","./logo/52268.png","UEFA","ESP","52268","FAME","Valencia","","https://img.uefa.com/imgml/TP/teams/logos/70x70/52268.png","https://img.uefa.com/imgml/TP/teams/logos/240x240/52268.png","252268","VAL","DOMESTIC_MEN_TEAM_A","","DOMESTIC","Espagne","Valencia","Valencia CF","VAL","720","MINUTE","8","1","0","79.78","KILOMETER","31.3","KILOMETER_PER_HOUR"
"250064229","50136","32","1993-08-04","22","Di Lorenzo","ITA","FULL_BACK","DEFENDER","MALE","","./image/250064229.jpg","Giovanni Di Lorenzo","DEFENDER","22","Di Lorenzo","66","","Italie","Défenseur","Giovanni","Di Lorenzo","Giovanni Di Lorenzo","Di Lorenzo","200066","./assoc/200066_ITA.svg","./logo/50136.png","UEFA","ITA","50136","FAME","Napoli","","https://img.uefa.com/imgml/TP/teams/logos/70x70/50136.png","https://img.uefa.com/imgml/TP/teams/logos/240x240/50136.png","250136","NAP","DOMESTIC_MEN_TEAM_A","","DOMESTIC","Italie","Napoli","SSC Napoli","NAP","720","MINUTE","8","0","2","82.63","KILOMETER","31","KILOMETER_PER_HOUR"
"250025891","50051","32","1993-04-25","19","R.Varane","FRA","CENTRE_BACK","DEFENDER","MALE","191","./image/250025891.jpg","Raphaël Varane","DEFENDER","4","Varane","43","78","France","Défenseur","Raphaël","Varane","Raphaël Varane","Varane","200122","./assoc/200122_ESP.svg","./logo/50051.png","UEFA","ESP","50051","FAME","Real Madrid","","https://img.uefa.com/imgml/TP/teams/logos/70x70/50051.png","https://img.uefa.com/imgml/TP/teams/logos/240x240/50051.png","250051","RMA","DOMESTIC_MEN_TEAM_A","","DOMESTIC","Espagne","Real Madrid","Real Madrid C.F.","RMA","720","MINUTE","8","0","0","78.59","KILOMETER","32","KILOMETER_PER_HOUR"
"106587","52758","36","1988-12-16","15","Hummels","GER","CENTRE_BACK","DEFENDER","MALE","191","./image/106587.jpg","Mats Hummels","DEFENDER","5","Hummels","47","92","Allemagne","Défenseur","Mats","Hummels","Mats Hummels","Hummels","200047","./assoc/200047_GER.svg","./logo/52758.png","UEFA","GER","52758","FAME","B. Dortmund","","https://img.uefa.com/imgml/TP/teams/logos/70x70/52758.png","https://img.uefa.com/imgml/TP/teams/logos/240x240/52758.png","252758","BVB","DOMESTIC_MEN_TEAM_A","","DOMESTIC","Allemagne","B. Dortmund","Borussia Dortmund","BVB","720","MINUTE","8","0","0","76.06","KILOMETER","29.7","KILOMETER_PER_HOUR"
"1904011","52758","34","1990-11-14","38","Bürki","SUI","GOALKEEPER","GOALKEEPER","MALE","187","./image/1904011.jpg","Roman Bürki","GOALKEEPER","21","Bürki","128","85","Suisse","Gardien","Roman","Bürki","Roman Bürki","Bürki","200047","./assoc/200047_GER.svg","./logo/52758.png","UEFA","GER","52758","FAME","B. Dortmund","","https://img.uefa.com/imgml/TP/teams/logos/70x70/52758.png","https://img.uefa.com/imgml/TP/teams/logos/240x240/52758.png","252758","BVB","DOMESTIC_MEN_TEAM_A","","DOMESTIC","Allemagne","B. Dortmund","Borussia Dortmund","BVB","720","MINUTE","8","0","0","36.57","KILOMETER","27.2","KILOMETER_PER_HOUR"
"250007631","50080","33","1992-04-30","1","Ter Stegen","GER","GOALKEEPER","GOALKEEPER","MALE","187","./image/250007631.jpg","Marc-André ter Stegen","GOALKEEPER","1","Ter Stegen","47","85","Allemagne","Gardien","Marc-André","ter Stegen","Marc-André ter Stegen","Ter Stegen","200122","./assoc/200122_ESP.svg","./logo/50080.png","UEFA","ESP","50080","FAME","Barcelona","","https://img.uefa.com/imgml/TP/teams/logos/70x70/50080.png","https://img.uefa.com/imgml/TP/teams/logos/240x240/50080.png","250080","BAR","DOMESTIC_MEN_TEAM_A","","DOMESTIC","Espagne","Barcelona","FC Barcelona","BAR","720","MINUTE","8","0","0","30.36","KILOMETER","26.3","KILOMETER_PER_HOUR"
"250065413","2603790","28","1997-05-27","27","Laimer","AUT","CENTRAL_MIDFIELDER","MIDFIELDER","MALE","179","./image/250065413.jpg","Konrad Laimer","MIDFIELDER","20","Laimer","8","","Autriche","Milieu","Konrad","Laimer","Konrad Laimer","Laimer","200047","./assoc/200047_GER.svg","./logo/2603790.png","UEFA","GER","2603790","FAME","Leipzig","","https://img.uefa.com/imgml/TP/teams/logos/70x70/2603790.png","https://img.uefa.com/imgml/TP/teams/logos/240x240/2603790.png","250002563","RBL","DOMESTIC_MEN_TEAM_A","","DOMESTIC","Allemagne","Leipzig","RB Leipzig","RBL","717","MINUTE","10","1","0","86.13","KILOMETER","33.5","KILOMETER_PER_HOUR"
"250128120","50037","24","2000-11-02","19","Davies","CAN","FULL_BACK","MIDFIELDER","MALE","","./image/250128120.jpg","Alphonso Davies","DEFENDER","19","Davies","24","","Canada","Milieu","Alphonso","Davies","Alphonso Davies","Davies","200047","./assoc/200047_GER.svg","./logo/50037.png","UEFA","GER","50037","FAME","Bayern München","","https://img.uefa.com/imgml/TP/teams/logos/70x70/50037.png","https://img.uefa.com/imgml/TP/teams/logos/240x240/50037.png","250037","BAY","DOMESTIC_MEN_TEAM_A","","DOMESTIC","Allemagne","Bayern München","FC Bayern München","BAY","714","MINUTE","8","0","4","80.05","KILOMETER","32.8","KILOMETER_PER_HOUR"
"250074007","5312","27","1998-06-30","22","Aouar","ALG","ATTACKING_MIDFIELDER","MIDFIELDER","MALE","","./image/250074007.jpg","Houssem Aouar","MIDFIELDER","13","Aouar","43","","Algérie","Milieu","Houssem","Aouar","Houssem Aouar","Aouar","200043","./assoc/200043_FRA.svg","./logo/5312.png","UEFA","FRA","5312","FAME","Lyon","","https://img.uefa.com/imgml/TP/teams/logos/70x70/5312.png","https://img.uefa.com/imgml/TP/teams/logos/240x240/5312.png","205312","LYO","DOMESTIC_MEN_TEAM_A","","DOMESTIC","France","Lyon","Olympique Lyonnais","LYO","713","MINUTE","8","1","5","84.69","KILOMETER","32","KILOMETER_PER_HOUR"
"250036022","52816","37","1988-02-15","24","Papu Gómez","ARG","ATTACKING_MIDFIELDER","FORWARD","MALE","","./image/250036022.jpg","Alejandro Gómez","MIDFIELDER","17","Gómez","6","","Argentine","Attaquant","Alejandro","Gómez","Alejandro Gómez","Gómez","200066","./assoc/200066_ITA.svg","./logo/52816.png","UEFA","ITA","52816","FAME","Atalanta","","https://img.uefa.com/imgml/TP/teams/logos/70x70/52816.png","https://img.uefa.com/imgml/TP/teams/logos/240x240/52816.png","252816","ATA","DOMESTIC_MEN_TEAM_A","","DOMESTIC","Italie","Atalanta","Atalanta BC","ATA","712","MINUTE","9","1","2","76.6","KILOMETER","31.5","KILOMETER_PER_HOUR"
"63706","50139","40","1985-02-05","7","Ronaldo","POR","STRIKER","FORWARD","MALE","185","./image/63706.jpg","Cristiano Ronaldo","FORWARD","7","RONALDO","110","80","Portugal","Attaquant","Cristiano","Ronaldo","Cristiano Ronaldo","Ronaldo","200066","./assoc/200066_ITA.svg","./logo/50139.png","UEFA","ITA","50139","FAME","Juventus","","https://img.uefa.com/imgml/TP/teams/logos/70x70/50139.png","https://img.uefa.com/imgml/TP/teams/logos/240x240/50139.png","250139","JUV","DOMESTIC_MEN_TEAM_A","","DOMESTIC","Italie","Juventus","Juventus","JUV","711","MINUTE","8","4","1","74.02","KILOMETER","31.7","KILOMETER_PER_HOUR"
"250003318","50037","36","1989-09-13","25","Müller","GER","WINGER","FORWARD","MALE","186","./image/250003318.jpg","Thomas Müller","FORWARD","13","Müller","47","74","Allemagne","Attaquant","Thomas","Müller","Thomas Müller","Müller","200047","./assoc/200047_GER.svg","./logo/50037.png","UEFA","GER","50037","FAME","Bayern München","","https://img.uefa.com/imgml/TP/teams/logos/70x70/50037.png","https://img.uefa.com/imgml/TP/teams/logos/240x240/50037.png","250037","BAY","DOMESTIC_MEN_TEAM_A","","DOMESTIC","Allemagne","Bayern München","FC Bayern München","BAY","709","MINUTE","10","4","3","91.97","KILOMETER","29.9","KILOMETER_PER_HOUR"
"250088061","52758","26","1998-11-04","2","HAKIMI","MAR","WINGER","DEFENDER","MALE","179","./image/250088061.jpg","Achraf Hakimi","MIDFIELDER","2","Hakimi","92","68","Maroc","Défenseur","Achraf","Hakimi","Achraf Hakimi","Hakimi","200047","./assoc/200047_GER.svg","./logo/52758.png","UEFA","GER","52758","FAME","B. Dortmund","","https://img.uefa.com/imgml/TP/teams/logos/70x70/52758.png","https://img.uefa.com/imgml/TP/teams/logos/240x240/52758.png","252758","BVB","DOMESTIC_MEN_TEAM_A","","DOMESTIC","Allemagne","B. Dortmund","Borussia Dortmund","BVB","709","MINUTE","8","4","0","81.04","KILOMETER","33.5","KILOMETER_PER_HOUR"
"250115436","50136","29","1996-04-03","8","FABIAN","ESP","CENTRAL_MIDFIELDER","MIDFIELDER","MALE","","./image/250115436.jpg","Fabián Ruiz","MIDFIELDER","8","FABIÁN","122","","Espagne","Milieu","","Fabián Ruiz","Fabián Ruiz","Fabián Ruiz","200066","./assoc/200066_ITA.svg","./logo/50136.png","UEFA","ITA","50136","FAME","Napoli","","https://img.uefa.com/imgml/TP/teams/logos/70x70/50136.png","https://img.uefa.com/imgml/TP/teams/logos/240x240/50136.png","250136","NAP","DOMESTIC_MEN_TEAM_A","","DOMESTIC","Italie","Napoli","SSC Napoli","NAP","709","MINUTE","8","0","0","89.91","KILOMETER","29","KILOMETER_PER_HOUR"
"250121329","2603790","27","1997-11-01","23","Mukiele","FRA","FULL_BACK","DEFENDER","MALE","","./image/250121329.jpg","Nordi Mukiele","DEFENDER","5","Mukiele","43","","France","Défenseur","Nordi","Mukiele","Nordi Mukiele","Mukiele","200047","./assoc/200047_GER.svg","./logo/2603790.png","UEFA","GER","2603790","FAME","Leipzig","","https://img.uefa.com/imgml/TP/teams/logos/70x70/2603790.png","https://img.uefa.com/imgml/TP/teams/logos/240x240/2603790.png","250002563","RBL","DOMESTIC_MEN_TEAM_A","","DOMESTIC","Allemagne","Leipzig","RB Leipzig","RBL","698","MINUTE","10","0","0","81.73","KILOMETER","31.5","KILOMETER_PER_HOUR"
"250042631","52816","30","1995-02-09","8","Pašalić","CRO","CENTRAL_MIDFIELDER","MIDFIELDER","MALE","186","./image/250042631.jpg","Mario Pašalić","MIDFIELDER","15","Pašalić","56370","78","Croatie","Milieu","Mario","Pašalić","Mario Pašalić","Pašalić","200066","./assoc/200066_ITA.svg","./logo/52816.png","UEFA","ITA","52816","FAME","Atalanta","","https://img.uefa.com/imgml/TP/teams/logos/70x70/52816.png","https://img.uefa.com/imgml/TP/teams/logos/240x240/52816.png","252816","ATA","DOMESTIC_MEN_TEAM_A","","DOMESTIC","Italie","Atalanta","Atalanta BC","ATA","692","MINUTE","9","3","2","86.67","KILOMETER","31.3","KILOMETER_PER_HOUR"
"250057680","50051","33","1992-02-23","18","Casemiro","BRA","UNKNOWN","MIDFIELDER","MALE","184","./image/250057680.jpg","Casemiro","MIDFIELDER","5","Casemiro","18","76","Brésil","Milieu","","Casemiro","Casemiro","Casemiro","200122","./assoc/200122_ESP.svg","./logo/50051.png","UEFA","ESP","50051","FAME","Real Madrid","","https://img.uefa.com/imgml/TP/teams/logos/70x70/50051.png","https://img.uefa.com/imgml/TP/teams/logos/240x240/50051.png","250051","RMA","DOMESTIC_MEN_TEAM_A","","DOMESTIC","Espagne","Real Madrid","Real Madrid C.F.","RMA","690","MINUTE","8","1","1","82.69","KILOMETER","29.5","KILOMETER_PER_HOUR"
"1906540","50037","33","1992-06-24","4","ALABA","AUT","FULL_BACK","DEFENDER","MALE","180","./image/1906540.jpg","David Alaba","DEFENDER","8","Alaba","8","75","Autriche","Défenseur","David","Alaba","David Alaba","Alaba","200047","./assoc/200047_GER.svg","./logo/50037.png","UEFA","GER","50037","FAME","Bayern München","","https://img.uefa.com/imgml/TP/teams/logos/70x70/50037.png","https://img.uefa.com/imgml/TP/teams/logos/240x240/50037.png","250037","BAY","DOMESTIC_MEN_TEAM_A","","DOMESTIC","Allemagne","Bayern München","FC Bayern München","BAY","675","MINUTE","8","0","0","71.75","KILOMETER","32.21","KILOMETER_PER_HOUR"
"250073809","52919","32","1993-08-17","31","EDERSON M.","BRA","UNKNOWN","GOALKEEPER","MALE","188","./image/250073809.jpg","Ederson","GOALKEEPER","23","EDERSON","18","81","Brésil","Gardien","","Ederson","Ederson","Ederson","200039","./assoc/200039_ENG.svg","./logo/52919.png","UEFA","ENG","52919","FAME","Man City","","https://img.uefa.com/imgml/TP/teams/logos/70x70/52919.png","https://img.uefa.com/imgml/TP/teams/logos/240x240/52919.png","252919","MCI","DOMESTIC_MEN_TEAM_A","","DOMESTIC","Angleterre","Man City","Manchester City","MCI","675","MINUTE","8","0","0","30.69","KILOMETER","22.9","KILOMETER_PER_HOUR"
"250023097","52816","33","1992-04-15","8","Freuler","SUI","CENTRAL_MIDFIELDER","MIDFIELDER","MALE","181","./image/250023097.jpg","Remo Freuler","MIDFIELDER","8","Freuler","128","77","Suisse","Milieu","Remo","Freuler","Remo Freuler","Freuler","200066","./assoc/200066_ITA.svg","./logo/52816.png","UEFA","ITA","52816","FAME","Atalanta","","https://img.uefa.com/imgml/TP/teams/logos/70x70/52816.png","https://img.uefa.com/imgml/TP/teams/logos/240x240/52816.png","252816","ATA","DOMESTIC_MEN_TEAM_A","","DOMESTIC","Italie","Atalanta","Atalanta BC","ATA","669","MINUTE","8","1","1","86.31","KILOMETER","31.7","KILOMETER_PER_HOUR"
"250081720","2603790","27","1998-05-07","20","Olmo","ESP","WINGER","FORWARD","MALE","176","./image/250081720.jpg","Dani Olmo","FORWARD","10","OLMO","122","68","Espagne","Attaquant","Dani","Olmo","Dani Olmo","Olmo","200047","./assoc/200047_GER.svg","./logo/2603790.png","UEFA","GER","2603790","FAME","Leipzig","","https://img.uefa.com/imgml/TP/teams/logos/70x70/2603790.png","https://img.uefa.com/imgml/TP/teams/logos/240x240/2603790.png","250002563","RBL","DOMESTIC_MEN_TEAM_A","","DOMESTIC","Allemagne","Leipzig","RB Leipzig","RBL","667","MINUTE","8","3","1","78.23","KILOMETER","29.7","KILOMETER_PER_HOUR"
"95803","50080","38","1987-06-24","30","Messi","ARG","UNKNOWN","FORWARD","MALE","169","./image/95803.jpg","Lionel Messi","FORWARD","10","Messi","6","72","Argentine","Attaquant","Lionel","Messi","Lionel Messi","Messi","200122","./assoc/200122_ESP.svg","./logo/50080.png","UEFA","ESP","50080","FAME","Barcelona","","https://img.uefa.com/imgml/TP/teams/logos/70x70/50080.png","https://img.uefa.com/imgml/TP/teams/logos/240x240/50080.png","250080","BAR","DOMESTIC_MEN_TEAM_A","","DOMESTIC","Espagne","Barcelona","FC Barcelona","BAR","661","MINUTE","8","3","3","55.97","KILOMETER","29.7","KILOMETER_PER_HOUR"
"250100014","50124","36","1989-05-16","18","Felipe","BRA","UNKNOWN","DEFENDER","MALE","190","./image/250100014.jpg","Felipe","DEFENDER","","Felipe","","77","Brésil","Défenseur","","Felipe","Felipe","Felipe","200122","./assoc/200122_ESP.svg","./logo/50124.png","UEFA","ESP","50124","FAME","Atleti","","https://img.uefa.com/imgml/TP/teams/logos/70x70/50124.png","https://img.uefa.com/imgml/TP/teams/logos/240x240/50124.png","250124","ATM","DOMESTIC_MEN_TEAM_A","","DOMESTIC","Espagne","Atleti","Atlético de Madrid","ATM","661","MINUTE","8","1","0","70.64","KILOMETER","32.4","KILOMETER_PER_HOUR"
"250079545","2603790","26","1998-10-27","2","Upamecano","FRA","CENTRE_BACK","DEFENDER","MALE","185","./image/250079545.jpg","Dayot Upamecano","DEFENDER","4","Upamecano","43","83","France","Défenseur","Dayot","Upamecano","Dayot Upamecano","Upamecano","200047","./assoc/200047_GER.svg","./logo/2603790.png","UEFA","GER","2603790","FAME","Leipzig","","https://img.uefa.com/imgml/TP/teams/logos/70x70/2603790.png","https://img.uefa.com/imgml/TP/teams/logos/240x240/2603790.png","250002563","RBL","DOMESTIC_MEN_TEAM_A","","DOMESTIC","Allemagne","Leipzig","RB Leipzig","RBL","661","MINUTE","8","0","0","74.16","KILOMETER","30.8","KILOMETER_PER_HOUR"
"250019498","50080","34","1991-03-21","7","GRIEZMANN","FRA","STRIKER","FORWARD","MALE","176","./image/250019498.jpg","Antoine Griezmann","FORWARD","7","Griezmann","43","67","France","Attaquant","Antoine","Griezmann","Antoine Griezmann","Griezmann","200122","./assoc/200122_ESP.svg","./logo/50080.png","UEFA","ESP","50080","FAME","Barcelona","","https://img.uefa.com/imgml/TP/teams/logos/70x70/50080.png","https://img.uefa.com/imgml/TP/teams/logos/240x240/50080.png","250080","BAR","DOMESTIC_MEN_TEAM_A","","DOMESTIC","Espagne","Barcelona","FC Barcelona","BAR","658","MINUTE","9","2","0","75.83","KILOMETER","29.9","KILOMETER_PER_HOUR"
"104071","50139","35","1990-04-02","16","Pjanić","BIH","UNKNOWN","MIDFIELDER","MALE","180","./image/104071.jpg","Miralem Pjanić","MIDFIELDER","10","Pjanić","60094","68","Bosnie-Herzégovine","Milieu","Miralem","Pjanić","Miralem Pjanić","Pjanić","200066","./assoc/200066_ITA.svg","./logo/50139.png","UEFA","ITA","50139","FAME","Juventus","","https://img.uefa.com/imgml/TP/teams/logos/70x70/50139.png","https://img.uefa.com/imgml/TP/teams/logos/240x240/50139.png","250139","JUV","DOMESTIC_MEN_TEAM_A","","DOMESTIC","Italie","Juventus","Juventus","JUV","658","MINUTE","8","0","0","88.82","KILOMETER","27.4","KILOMETER_PER_HOUR"
"250062606","52816","31","1994-07-05","21","Gosens","GER","FULL_BACK","DEFENDER","MALE","","./image/250062606.jpg","Robin Gosens","MIDFIELDER","21","Gosens","47","","Allemagne","Défenseur","Robin","Gosens","Robin Gosens","Gosens","200066","./assoc/200066_ITA.svg","./logo/52816.png","UEFA","ITA","52816","FAME","Atalanta","","https://img.uefa.com/imgml/TP/teams/logos/70x70/52816.png","https://img.uefa.com/imgml/TP/teams/logos/240x240/52816.png","252816","ATA","DOMESTIC_MEN_TEAM_A","","DOMESTIC","Italie","Atalanta","Atalanta BC","ATA","655","MINUTE","8","1","0","78.81","KILOMETER","31.3","KILOMETER_PER_HOUR"
"101299","52919","40","1985-05-04","25","Fernandinho","BRA","","MIDFIELDER","MALE","176","./image/101299.jpg","Fernandinho","MIDFIELDER","5","Fernandinho","18","67","Brésil","Milieu","","Fernandinho","Fernandinho","Fernandinho","200039","./assoc/200039_ENG.svg","./logo/52919.png","UEFA","ENG","52919","FAME","Man City","","https://img.uefa.com/imgml/TP/teams/logos/70x70/52919.png","https://img.uefa.com/imgml/TP/teams/logos/240x240/52919.png","252919","MCI","DOMESTIC_MEN_TEAM_A","","DOMESTIC","Angleterre","Man City","Manchester City","MCI","653","MINUTE","8","0","0","70.49","KILOMETER","30.4","KILOMETER_PER_HOUR"
"250076574","52747","26","1998-12-20","10","MBAPPÉ","FRA","STRIKER","FORWARD","MALE","178","./image/250076574.jpg","Kylian Mbappé","FORWARD","10","Mbappe","43","67","France","Attaquant","Kylian","Mbappé","Kylian Mbappé","Mbappé","200043","./assoc/200043_FRA.svg","./logo/52747.png","UEFA","FRA","52747","FAME","Paris","","https://img.uefa.com/imgml/TP/teams/logos/70x70/52747.png","https://img.uefa.com/imgml/TP/teams/logos/240x240/52747.png","252747","PSG","DOMESTIC_MEN_TEAM_A","","DOMESTIC","France","Paris","Paris Saint-Germain","PSG","652","MINUTE","10","5","5","62.39","KILOMETER","32.8","KILOMETER_PER_HOUR"
"250066157","7889","31","1994-03-11","26","Robertson","SCO","UNKNOWN","DEFENDER","MALE","","./image/250066157.jpg","Andy Robertson","DEFENDER","3","Robertson","117","","Écosse","Défenseur","Andy","Robertson","Andy Robertson","Robertson","200039","./assoc/200039_ENG.svg","./logo/7889.png","UEFA","ENG","7889","FAME","Liverpool","","https://img.uefa.com/imgml/TP/teams/logos/70x70/7889.png","https://img.uefa.com/imgml/TP/teams/logos/240x240/7889.png","207889","LIV","DOMESTIC_MEN_TEAM_A","","DOMESTIC","Angleterre","Liverpool","Liverpool FC","LIV","649","MINUTE","8","1","0","74.2","KILOMETER","31.5","KILOMETER_PER_HOUR"
"250102216","52758","25","2000-03-25","19","Sancho","ENG","WINGER","MIDFIELDER","MALE","","./image/250102216.jpg","Jadon Sancho","MIDFIELDER","17","Sancho","39","","Angleterre","Milieu","Jadon","Sancho","Jadon Sancho","Sancho","200047","./assoc/200047_GER.svg","./logo/52758.png","UEFA","GER","52758","FAME","B. Dortmund","","https://img.uefa.com/imgml/TP/teams/logos/70x70/52758.png","https://img.uefa.com/imgml/TP/teams/logos/240x240/52758.png","252758","BVB","DOMESTIC_MEN_TEAM_A","","DOMESTIC","Allemagne","B. Dortmund","Borussia Dortmund","BVB","647","MINUTE","8","2","2","76.84","KILOMETER","32.21","KILOMETER_PER_HOUR"
"93321","50051","37","1987-12-19","9","Benzema","FRA","STRIKER","FORWARD","MALE","187","./image/93321.jpg","Karim Benzema","FORWARD","19","Benzema","43","79","France","Attaquant","Karim","Benzema","Karim Benzema","Benzema","200122","./assoc/200122_ESP.svg","./logo/50051.png","UEFA","ESP","50051","FAME","Real Madrid","","https://img.uefa.com/imgml/TP/teams/logos/70x70/50051.png","https://img.uefa.com/imgml/TP/teams/logos/240x240/50051.png","250051","RMA","DOMESTIC_MEN_TEAM_A","","DOMESTIC","Espagne","Real Madrid","Real Madrid C.F.","RMA","643","MINUTE","8","5","2","68.44","KILOMETER","30.2","KILOMETER_PER_HOUR"
"250081921","50037","29","1996-03-28","28","Pavard","FRA","","DEFENDER","MALE","","./image/250081921.jpg","Benjamin Pavard","DEFENDER","15","Pavard","43","","France","Défenseur","Benjamin","Pavard","Benjamin Pavard","Pavard","200047","./assoc/200047_GER.svg","./logo/50037.png","UEFA","GER","50037","FAME","Bayern München","","https://img.uefa.com/imgml/TP/teams/logos/70x70/50037.png","https://img.uefa.com/imgml/TP/teams/logos/240x240/50037.png","250037","BAY","DOMESTIC_MEN_TEAM_A","","DOMESTIC","Allemagne","Bayern München","FC Bayern München","BAY","638","MINUTE","8","0","2","77.78","KILOMETER","30.8","KILOMETER_PER_HOUR"
"250061119","7889","33","1992-04-10","17","Mané","SEN","STRIKER","FORWARD","MALE","","./image/250061119.jpg","Sadio Mané","FORWARD","","Mané","118","","Sénégal","Attaquant","Sadio","Mané","Sadio Mané","Mané","200039","./assoc/200039_ENG.svg","./logo/7889.png","UEFA","ENG","7889","FAME","Liverpool","","https://img.uefa.com/imgml/TP/teams/logos/70x70/7889.png","https://img.uefa.com/imgml/TP/teams/logos/240x240/7889.png","207889","LIV","DOMESTIC_MEN_TEAM_A","","DOMESTIC","Angleterre","Liverpool","Liverpool FC","LIV","630","MINUTE","8","2","2","72","KILOMETER","32","KILOMETER_PER_HOUR"
"250086090","50080","31","1993-11-16","27","N. SEMEDO","POR","FULL_BACK","DEFENDER","MALE","177","./image/250086090.jpg","Nélson Semedo","DEFENDER","2","N. SEMEDO","110","65","Portugal","Défenseur","","Nélson Semedo","Nélson Semedo","Nélson Semedo","200122","./assoc/200122_ESP.svg","./logo/50080.png","UEFA","ESP","50080","FAME","Barcelona","","https://img.uefa.com/imgml/TP/teams/logos/70x70/50080.png","https://img.uefa.com/imgml/TP/teams/logos/240x240/50080.png","250080","BAR","DOMESTIC_MEN_TEAM_A","","DOMESTIC","Espagne","Barcelona","FC Barcelona","BAR","630","MINUTE","7","0","1","67.04","KILOMETER","32.21","KILOMETER_PER_HOUR"
"250112488","52816","35","1990-10-10","2","Tolói","ITA","CENTRE_BACK","DEFENDER","MALE","","./image/250112488.jpg","Rafael Tolói","DEFENDER","3","Tolói","66","","Italie","Défenseur","Rafael","Tolói","Rafael Tolói","Tolói","200066","./assoc/200066_ITA.svg","./logo/52816.png","UEFA","ITA","52816","FAME","Atalanta","","https://img.uefa.com/imgml/TP/teams/logos/70x70/52816.png","https://img.uefa.com/imgml/TP/teams/logos/240x240/52816.png","252816","ATA","DOMESTIC_MEN_TEAM_A","","DOMESTIC","Italie","Atalanta","Atalanta BC","ATA","630","MINUTE","7","0","0","72.75","KILOMETER","32.8","KILOMETER_PER_HOUR"
"250017925","50139","38","1987-05-01","23","BONUCCI","ITA","CENTRE_BACK","DEFENDER","MALE","190","./image/250017925.jpg","Leonardo Bonucci","DEFENDER","19","Bonucci","66","86","Italie","Défenseur","Leonardo","Bonucci","Leonardo Bonucci","Bonucci","200066","./assoc/200066_ITA.svg","./logo/50139.png","UEFA","ITA","50139","FAME","Juventus","","https://img.uefa.com/imgml/TP/teams/logos/70x70/50139.png","https://img.uefa.com/imgml/TP/teams/logos/240x240/50139.png","250139","JUV","DOMESTIC_MEN_TEAM_A","","DOMESTIC","Italie","Juventus","Juventus","JUV","630","MINUTE","7","0","0","66.16","KILOMETER","31.5","KILOMETER_PER_HOUR"
"250025886","50136","34","1991-06-20","26","Koulibaly","SEN","CENTRE_BACK","DEFENDER","MALE","195","./image/250025886.jpg","Kalidou Koulibaly","DEFENDER","3","Koulibaly","118","89","Sénégal","Défenseur","Kalidou","Koulibaly","Kalidou Koulibaly","Koulibaly","200066","./assoc/200066_ITA.svg","./logo/50136.png","UEFA","ITA","50136","FAME","Napoli","","https://img.uefa.com/imgml/TP/teams/logos/70x70/50136.png","https://img.uefa.com/imgml/TP/teams/logos/240x240/50136.png","250136","NAP","DOMESTIC_MEN_TEAM_A","","DOMESTIC","Italie","Napoli","SSC Napoli","NAP","630","MINUTE","7","0","0","63.28","KILOMETER","30.6","KILOMETER_PER_HOUR"
"108501","50139","35","1990-04-18","25","Szczęsny","POL","GOALKEEPER","GOALKEEPER","MALE","196","./image/108501.jpg","Wojciech Szczęsny","GOALKEEPER","1","Szczęsny","109","84","Pologne","Gardien","Wojciech","Szczęsny","Wojciech Szczęsny","Szczęsny","200066","./assoc/200066_ITA.svg","./logo/50139.png","UEFA","ITA","50139","FAME","Juventus","","https://img.uefa.com/imgml/TP/teams/logos/70x70/50139.png","https://img.uefa.com/imgml/TP/teams/logos/240x240/50139.png","250139","JUV","DOMESTIC_MEN_TEAM_A","","DOMESTIC","Italie","Juventus","Juventus","JUV","630","MINUTE","7","0","0","28.47","KILOMETER","25.9","KILOMETER_PER_HOUR"
"250058930","52816","30","1995-03-18","95","GOLLINI","ITA","GOALKEEPER","GOALKEEPER","MALE","","./image/250058930.jpg","Pierluigi Gollini","GOALKEEPER","14","Gollini","66","","Italie","Gardien","Pierluigi","Gollini","Pierluigi Gollini","Gollini","200066","./assoc/200066_ITA.svg","./logo/52816.png","UEFA","ITA","52816","FAME","Atalanta","","https://img.uefa.com/imgml/TP/teams/logos/70x70/52816.png","https://img.uefa.com/imgml/TP/teams/logos/240x240/52816.png","252816","ATA","DOMESTIC_MEN_TEAM_A","","DOMESTIC","Italie","Atalanta","Atalanta BC","ATA","630","MINUTE","7","0","0","25.8","KILOMETER","23","KILOMETER_PER_HOUR"
"250080619","7889","34","1991-10-02","9","Firmino","BRA","STRIKER","FORWARD","MALE","","./image/250080619.jpg","Roberto Firmino","FORWARD","","Roberto Firmino","18","","Brésil","Attaquant","Roberto","Firmino","Roberto Firmino","Firmino","200039","./assoc/200039_ENG.svg","./logo/7889.png","UEFA","ENG","7889","FAME","Liverpool","","https://img.uefa.com/imgml/TP/teams/logos/70x70/7889.png","https://img.uefa.com/imgml/TP/teams/logos/240x240/7889.png","207889","LIV","DOMESTIC_MEN_TEAM_A","","DOMESTIC","Angleterre","Liverpool","Liverpool FC","LIV","629","MINUTE","8","1","4","78.87","KILOMETER","32.4","KILOMETER_PER_HOUR"
"93148","50080","38","1987-02-02","3","Piqué","ESP","CENTRE_BACK","DEFENDER","MALE","193","./image/93148.jpg","Gerard Piqué","DEFENDER","3","Piqué","122","85","Espagne","Défenseur","Gerard","Piqué","Gerard Piqué","Piqué","200122","./assoc/200122_ESP.svg","./logo/50080.png","UEFA","ESP","50080","FAME","Barcelona","","https://img.uefa.com/imgml/TP/teams/logos/70x70/50080.png","https://img.uefa.com/imgml/TP/teams/logos/240x240/50080.png","250080","BAR","DOMESTIC_MEN_TEAM_A","","DOMESTIC","Espagne","Barcelona","FC Barcelona","BAR","629","MINUTE","7","0","0","64.9","KILOMETER","31","KILOMETER_PER_HOUR"
"250082664","52919","29","1996-06-22","16","Rodrigo","ESP","DEFENSIVE_MIDFIELDER","MIDFIELDER","MALE","","./image/250082664.jpg","Rodri","MIDFIELDER","16","RODRIGO","122","","Espagne","Milieu","","Rodri","Rodri","Rodri","200039","./assoc/200039_ENG.svg","./logo/52919.png","UEFA","ENG","52919","FAME","Man City","","https://img.uefa.com/imgml/TP/teams/logos/70x70/52919.png","https://img.uefa.com/imgml/TP/teams/logos/240x240/52919.png","252919","MCI","DOMESTIC_MEN_TEAM_A","","DOMESTIC","Angleterre","Man City","Manchester City","MCI","626","MINUTE","8","0","0","80.58","KILOMETER","30.8","KILOMETER_PER_HOUR"
"250024448","50051","33","1992-01-11","2","CARVAJAL","ESP","FULL_BACK","DEFENDER","MALE","173","./image/250024448.jpg","Dani Carvajal","DEFENDER","2","CARVAJAL","122","73","Espagne","Défenseur","Dani","Carvajal","Dani Carvajal","Carvajal","200122","./assoc/200122_ESP.svg","./logo/50051.png","UEFA","ESP","50051","FAME","Real Madrid","","https://img.uefa.com/imgml/TP/teams/logos/70x70/50051.png","https://img.uefa.com/imgml/TP/teams/logos/240x240/50051.png","250051","RMA","DOMESTIC_MEN_TEAM_A","","DOMESTIC","Espagne","Real Madrid","Real Madrid C.F.","RMA","623","MINUTE","7","0","1","69.62","KILOMETER","31","KILOMETER_PER_HOUR"
"250057929","5312","29","1996-07-12","9","DEMBELE","FRA","STRIKER","FORWARD","MALE","183","./image/250057929.jpg","Moussa Dembélé","FORWARD","9","DEMBELE","43","74","France","Attaquant","Moussa","Dembélé","Moussa Dembélé","Dembélé","200043","./assoc/200043_FRA.svg","./logo/5312.png","UEFA","FRA","5312","FAME","Lyon","","https://img.uefa.com/imgml/TP/teams/logos/70x70/5312.png","https://img.uefa.com/imgml/TP/teams/logos/240x240/5312.png","205312","LYO","DOMESTIC_MEN_TEAM_A","","DOMESTIC","France","Lyon","Olympique Lyonnais","LYO","622","MINUTE","10","2","1","68.05","KILOMETER","32.4","KILOMETER_PER_HOUR"
"103827","52914","36","1989-08-28","3","AZPILICUETA","ESP","FULL_BACK","DEFENDER","MALE","178","./image/103827.jpg","César Azpilicueta","DEFENDER","2","Azpilicueta","122","75","Espagne","Défenseur","César","Azpilicueta","César Azpilicueta","Azpilicueta","200039","./assoc/200039_ENG.svg","./logo/52914.png","UEFA","ENG","52914","FAME","Chelsea","","https://img.uefa.com/imgml/TP/teams/logos/70x70/52914.png","https://img.uefa.com/imgml/TP/teams/logos/240x240/52914.png","252914","CHE","DOMESTIC_MEN_TEAM_A","","DOMESTIC","Angleterre","Chelsea","Chelsea FC","CHE","613","MINUTE","7","2","0","70.66","KILOMETER","32","KILOMETER_PER_HOUR"
"250024983","52914","30","1994-10-27","4","Zouma","FRA","CENTRE_BACK","DEFENDER","MALE","190","./image/250024983.jpg","Kurt Zouma","DEFENDER","15","Zouma","43","92","France","Défenseur","Kurt","Zouma","Kurt Zouma","Zouma","200039","./assoc/200039_ENG.svg","./logo/52914.png","UEFA","ENG","52914","FAME","Chelsea","","https://img.uefa.com/imgml/TP/teams/logos/70x70/52914.png","https://img.uefa.com/imgml/TP/teams/logos/240x240/52914.png","252914","CHE","DOMESTIC_MEN_TEAM_A","","DOMESTIC","Angleterre","Chelsea","Chelsea FC","CHE","613","MINUTE","7","0","2","60.09","KILOMETER","30.6","KILOMETER_PER_HOUR"
"250023551","52914","31","1994-05-06","8","Kovačić","CRO","ATTACKING_MIDFIELDER","MIDFIELDER","MALE","178","./image/250023551.jpg","Mateo Kovačić","MIDFIELDER","8","Kovačić","56370","77","Croatie","Milieu","Mateo","Kovačić","Mateo Kovačić","Kovačić","200039","./assoc/200039_ENG.svg","./logo/52914.png","UEFA","ENG","52914","FAME","Chelsea","","https://img.uefa.com/imgml/TP/teams/logos/70x70/52914.png","https://img.uefa.com/imgml/TP/teams/logos/240x240/52914.png","252914","CHE","DOMESTIC_MEN_TEAM_A","","DOMESTIC","Angleterre","Chelsea","Chelsea FC","CHE","612","MINUTE","8","1","0","75.52","KILOMETER","33.3","KILOMETER_PER_HOUR"
"250067749","52914","33","1991-12-20","20","Jorginho","ITA","CENTRAL_MIDFIELDER","MIDFIELDER","MALE","180","./image/250067749.jpg","Jorginho","MIDFIELDER","8","Jorginho","66","65","Italie","Milieu","","Jorginho","Jorginho","Jorginho","200039","./assoc/200039_ENG.svg","./logo/52914.png","UEFA","ENG","52914","FAME","Chelsea","","https://img.uefa.com/imgml/TP/teams/logos/70x70/52914.png","https://img.uefa.com/imgml/TP/teams/logos/240x240/52914.png","252914","CHE","DOMESTIC_MEN_TEAM_A","","DOMESTIC","Angleterre","Chelsea","Chelsea FC","CHE","612","MINUTE","7","2","0","79.41","KILOMETER","28.4","KILOMETER_PER_HOUR"
"103335","52758","36","1989-01-12","20","WITSEL","BEL","DEFENSIVE_MIDFIELDER","MIDFIELDER","MALE","186","./image/103335.jpg","Axel Witsel","MIDFIELDER","6","Witsel","13","73","Belgique","Milieu","Axel","Witsel","Axel Witsel","Witsel","200047","./assoc/200047_GER.svg","./logo/52758.png","UEFA","GER","52758","FAME","B. Dortmund","","https://img.uefa.com/imgml/TP/teams/logos/70x70/52758.png","https://img.uefa.com/imgml/TP/teams/logos/240x240/52758.png","252758","BVB","DOMESTIC_MEN_TEAM_A","","DOMESTIC","Allemagne","B. Dortmund","Borussia Dortmund","BVB","611","MINUTE","7","0","0","73.75","KILOMETER","27.7","KILOMETER_PER_HOUR"
"250081923","5312","28","1997-04-29","29","Tousart","FRA","DEFENSIVE_MIDFIELDER","MIDFIELDER","MALE","185","./image/250081923.jpg","Lucas Tousart","MIDFIELDER","6","TOUSART","200043","83","France","Milieu","Lucas","Tousart","Lucas Tousart","Tousart","200043","./assoc/200043_FRA.svg","./logo/5312.png","UEFA","FRA","5312","FAME","Lyon","","https://img.uefa.com/imgml/TP/teams/logos/70x70/5312.png","https://img.uefa.com/imgml/TP/teams/logos/240x240/5312.png","205312","LYO","DOMESTIC_MEN_TEAM_A","","DOMESTIC","France","Lyon","Olympique Lyonnais","LYO","604","MINUTE","7","1","1","81.94","KILOMETER","32.8","KILOMETER_PER_HOUR"
"250024795","52919","30","1994-12-08","30","Sterling","ENG","WINGER","MIDFIELDER","MALE","170","./image/250024795.jpg","Raheem Sterling","FORWARD","10","Sterling","39","69","Angleterre","Milieu","Raheem","Sterling","Raheem Sterling","Sterling","200039","./assoc/200039_ENG.svg","./logo/52919.png","UEFA","ENG","52919","FAME","Man City","","https://img.uefa.com/imgml/TP/teams/logos/70x70/52919.png","https://img.uefa.com/imgml/TP/teams/logos/240x240/52919.png","252919","MCI","DOMESTIC_MEN_TEAM_A","","DOMESTIC","Angleterre","Man City","Manchester City","MCI","599","MINUTE","9","6","3","68.05","KILOMETER","33.1","KILOMETER_PER_HOUR"
"250024860","5312","31","1994-02-13","9","MEMPHIS","NED","WINGER","FORWARD","MALE","176","./image/250024860.jpg","Memphis Depay","FORWARD","10","Memphis","95","78","Pays-Bas","Attaquant","Memphis","Depay","Memphis Depay","Depay","200043","./assoc/200043_FRA.svg","./logo/5312.png","UEFA","FRA","5312","FAME","Lyon","","https://img.uefa.com/imgml/TP/teams/logos/70x70/5312.png","https://img.uefa.com/imgml/TP/teams/logos/240x240/5312.png","205312","LYO","DOMESTIC_MEN_TEAM_A","","DOMESTIC","France","Lyon","Olympique Lyonnais","LYO","594","MINUTE","8","6","0","71.07","KILOMETER","32","KILOMETER_PER_HOUR"
"250070400","52816","31","1994-01-09","33","Hateboer","NED","FULL_BACK","DEFENDER","MALE","185","./image/250070400.jpg","Hans Hateboer","DEFENDER","15","Hateboer","95","","Pays-Bas","Défenseur","Hans","Hateboer","Hans Hateboer","Hateboer","200066","./assoc/200066_ITA.svg","./logo/52816.png","UEFA","ITA","52816","FAME","Atalanta","","https://img.uefa.com/imgml/TP/teams/logos/70x70/52816.png","https://img.uefa.com/imgml/TP/teams/logos/240x240/52816.png","252816","ATA","DOMESTIC_MEN_TEAM_A","","DOMESTIC","Italie","Atalanta","Atalanta BC","ATA","592","MINUTE","9","2","1","70.52","KILOMETER","32","KILOMETER_PER_HOUR"
"250106649","52919","28","1997-04-03","9","G.JESUS","BRA","STRIKER","FORWARD","MALE","","./image/250106649.jpg","Gabriel Jesus","FORWARD","18","G. Jesus","18","","Brésil","Attaquant","Gabriel","Jesus","Gabriel Jesus","Jesus","200039","./assoc/200039_ENG.svg","./logo/52919.png","UEFA","ENG","52919","FAME","Man City","","https://img.uefa.com/imgml/TP/teams/logos/70x70/52919.png","https://img.uefa.com/imgml/TP/teams/logos/240x240/52919.png","252919","MCI","DOMESTIC_MEN_TEAM_A","","DOMESTIC","Angleterre","Man City","Manchester City","MCI","590","MINUTE","8","6","3","67.88","KILOMETER","32.6","KILOMETER_PER_HOUR"
"250006200","52747","32","1992-11-05","6","VERRATTI","ITA","CENTRAL_MIDFIELDER","MIDFIELDER","MALE","165","./image/250006200.jpg","Marco Verratti","MIDFIELDER","6","Verratti","66","60","Italie","Milieu","Marco","Verratti","Marco Verratti","Verratti","200043","./assoc/200043_FRA.svg","./logo/52747.png","UEFA","FRA","52747","FAME","Paris","","https://img.uefa.com/imgml/TP/teams/logos/70x70/52747.png","https://img.uefa.com/imgml/TP/teams/logos/240x240/52747.png","252747","PSG","DOMESTIC_MEN_TEAM_A","","DOMESTIC","France","Paris","Paris Saint-Germain","PSG","586","MINUTE","9","0","0","71.34","KILOMETER","27.7","KILOMETER_PER_HOUR"
"250019924","50136","38","1987-05-06","10","MERTENS","BEL","STRIKER","FORWARD","MALE","169","./image/250019924.jpg","Dries Mertens","FORWARD","14","Mertens","13","61","Belgique","Attaquant","Dries","Mertens","Dries Mertens","Mertens","200066","./assoc/200066_ITA.svg","./logo/50136.png","UEFA","ITA","50136","FAME","Napoli","","https://img.uefa.com/imgml/TP/teams/logos/70x70/50136.png","https://img.uefa.com/imgml/TP/teams/logos/240x240/50136.png","250136","NAP","DOMESTIC_MEN_TEAM_A","","DOMESTIC","Italie","Napoli","SSC Napoli","NAP","586","MINUTE","8","6","1","64.86","KILOMETER","29.9","KILOMETER_PER_HOUR"
"250039508","52747","33","1992-02-05","10","Da Silva Santos Junior","BRA","UNKNOWN","FORWARD","MALE","175","./image/250039508.jpg","Neymar","FORWARD","10","Neymar","18","68","Brésil","Attaquant","","Neymar","Neymar","Neymar","200043","./assoc/200043_FRA.svg","./logo/52747.png","UEFA","FRA","52747","FAME","Paris","","https://img.uefa.com/imgml/TP/teams/logos/70x70/52747.png","https://img.uefa.com/imgml/TP/teams/logos/240x240/52747.png","252747","PSG","DOMESTIC_MEN_TEAM_A","","DOMESTIC","France","Paris","Paris Saint-Germain","PSG","585","MINUTE","7","3","4","64.8","KILOMETER","31","KILOMETER_PER_HOUR"
"250011668","50051","33","1992-05-11","1","COURTOIS","BEL","GOALKEEPER","GOALKEEPER","MALE","199","./image/250011668.jpg","Thibaut Courtois","GOALKEEPER","1","Courtois","13","91","Belgique","Gardien","Thibaut","Courtois","Thibaut Courtois","Courtois","200122","./assoc/200122_ESP.svg","./logo/50051.png","UEFA","ESP","50051","FAME","Real Madrid","","https://img.uefa.com/imgml/TP/teams/logos/70x70/50051.png","https://img.uefa.com/imgml/TP/teams/logos/240x240/50051.png","250051","RMA","DOMESTIC_MEN_TEAM_A","","DOMESTIC","Espagne","Real Madrid","Real Madrid C.F.","RMA","585","MINUTE","7","0","0","26.53","KILOMETER","23.2","KILOMETER_PER_HOUR"
"98865","50037","37","1988-09-03","17","Boateng","GER","CENTRE_BACK","DEFENDER","MALE","192","./image/98865.jpg","Jérôme Boateng","DEFENDER","17","Boateng","47","90","Allemagne","Défenseur","Jérôme","Boateng","Jérôme Boateng","Boateng","200047","./assoc/200047_GER.svg","./logo/50037.png","UEFA","GER","50037","FAME","Bayern München","","https://img.uefa.com/imgml/TP/teams/logos/70x70/50037.png","https://img.uefa.com/imgml/TP/teams/logos/240x240/50037.png","250037","BAY","DOMESTIC_MEN_TEAM_A","","DOMESTIC","Allemagne","Bayern München","FC Bayern München","BAY","582","MINUTE","9","0","0","61.68","KILOMETER","31.3","KILOMETER_PER_HOUR"
"250076357","7889","27","1998-10-07","66","Alexander-Arnold","ENG","UNKNOWN","DEFENDER","MALE","","./image/250076357.jpg","Trent Alexander-Arnold","DEFENDER","2","Alexander-Arnold","39","","Angleterre","Défenseur","Trent","Alexander-Arnold","Trent Alexander-Arnold","Alexander-Arnold","200039","./assoc/200039_ENG.svg","./logo/7889.png","UEFA","ENG","7889","FAME","Liverpool","","https://img.uefa.com/imgml/TP/teams/logos/70x70/7889.png","https://img.uefa.com/imgml/TP/teams/logos/240x240/7889.png","207889","LIV","DOMESTIC_MEN_TEAM_A","","DOMESTIC","Angleterre","Liverpool","Liverpool FC","LIV","582","MINUTE","7","0","1","66.36","KILOMETER","31.3","KILOMETER_PER_HOUR"
"250049183","2603790","29","1996-03-06","16","Werner","GER","STRIKER","FORWARD","MALE","","./image/250049183.jpg","Timo Werner","FORWARD","11","Werner","47","","Allemagne","Attaquant","Timo","Werner","Timo Werner","Werner","200047","./assoc/200047_GER.svg","./logo/2603790.png","UEFA","GER","2603790","FAME","Leipzig","","https://img.uefa.com/imgml/TP/teams/logos/70x70/2603790.png","https://img.uefa.com/imgml/TP/teams/logos/240x240/2603790.png","250002563","RBL","DOMESTIC_MEN_TEAM_A","","DOMESTIC","Allemagne","Leipzig","RB Leipzig","RBL","579","MINUTE","8","4","2","68.64","KILOMETER","33.3","KILOMETER_PER_HOUR"
"250022869","2603790","31","1994-06-15","9","Poulsen","DEN","STRIKER","FORWARD","MALE","193","./image/250022869.jpg","Yussuf Poulsen","FORWARD","20","Yurary","35","78","Danemark","Attaquant","Yussuf","Poulsen","Yussuf Poulsen","Poulsen","200047","./assoc/200047_GER.svg","./logo/2603790.png","UEFA","GER","2603790","FAME","Leipzig","","https://img.uefa.com/imgml/TP/teams/logos/70x70/2603790.png","https://img.uefa.com/imgml/TP/teams/logos/240x240/2603790.png","250002563","RBL","DOMESTIC_MEN_TEAM_A","","DOMESTIC","Allemagne","Leipzig","RB Leipzig","RBL","574","MINUTE","8","0","1","71.44","KILOMETER","29.9","KILOMETER_PER_HOUR"
"250008901","52919","34","1991-06-28","11","De Bruyne","BEL","ATTACKING_MIDFIELDER","MIDFIELDER","MALE","181","./image/250008901.jpg","Kevin De Bruyne","MIDFIELDER","7","De Bruyne","13","68","Belgique","Milieu","Kevin","De Bruyne","Kevin De Bruyne","De Bruyne","200039","./assoc/200039_ENG.svg","./logo/52919.png","UEFA","ENG","52919","FAME","Man City","","https://img.uefa.com/imgml/TP/teams/logos/70x70/52919.png","https://img.uefa.com/imgml/TP/teams/logos/240x240/52919.png","252919","MCI","DOMESTIC_MEN_TEAM_A","","DOMESTIC","Angleterre","Man City","Manchester City","MCI","574","MINUTE","7","2","2","73.54","KILOMETER","30.4","KILOMETER_PER_HOUR"
"1905868","50136","38","1987-02-11","7","Callejon","ESP","STRIKER","FORWARD","MALE","178","./image/1905868.jpg","José Callejón","FORWARD","7","Callejón","122","73","Espagne","Attaquant","José","Callejón","José Callejón","Callejón","200066","./assoc/200066_ITA.svg","./logo/50136.png","UEFA","ITA","50136","FAME","Napoli","","https://img.uefa.com/imgml/TP/teams/logos/70x70/50136.png","https://img.uefa.com/imgml/TP/teams/logos/240x240/50136.png","250136","NAP","DOMESTIC_MEN_TEAM_A","","DOMESTIC","Italie","Napoli","SSC Napoli","NAP","573","MINUTE","7","0","1","63.73","KILOMETER","30.4","KILOMETER_PER_HOUR"
"250070687","52919","34","1991-02-21","26","Mahrez","ALG","WINGER","MIDFIELDER","MALE","179","./image/250070687.jpg","Riyad Mahrez","MIDFIELDER","7","Mahrez","3","62","Algérie","Milieu","Riyad","Mahrez","Riyad Mahrez","Mahrez","200039","./assoc/200039_ENG.svg","./logo/52919.png","UEFA","ENG","52919","FAME","Man City","","https://img.uefa.com/imgml/TP/teams/logos/70x70/52919.png","https://img.uefa.com/imgml/TP/teams/logos/240x240/52919.png","252919","MCI","DOMESTIC_MEN_TEAM_A","","DOMESTIC","Angleterre","Man City","Manchester City","MCI","572","MINUTE","7","1","4","71.39","KILOMETER","30.2","KILOMETER_PER_HOUR"
"250099064","52816","35","1990-01-05","6","Palomino","ARG","CENTRE_BACK","DEFENDER","MALE","190","./image/250099064.jpg","José Luis Palomino","DEFENDER","","Palomino","","78","Argentine","Défenseur","José Luis","Palomino","José Luis Palomino","Palomino","200066","./assoc/200066_ITA.svg","./logo/52816.png","UEFA","ITA","52816","FAME","Atalanta","","https://img.uefa.com/imgml/TP/teams/logos/70x70/52816.png","https://img.uefa.com/imgml/TP/teams/logos/240x240/52816.png","252816","ATA","DOMESTIC_MEN_TEAM_A","","DOMESTIC","Italie","Atalanta","Atalanta BC","ATA","570","MINUTE","7","0","0","62.8","KILOMETER","33.5","KILOMETER_PER_HOUR"
"250067629","52914","28","1997-10-02","9","Abraham","ENG","UNKNOWN","FORWARD","MALE","","./image/250067629.jpg","Tammy Abraham","FORWARD","23","Abraham","39","","Angleterre","Attaquant","Tammy","Abraham","Tammy Abraham","Abraham","200039","./assoc/200039_ENG.svg","./logo/52914.png","UEFA","ENG","52914","FAME","Chelsea","","https://img.uefa.com/imgml/TP/teams/logos/70x70/52914.png","https://img.uefa.com/imgml/TP/teams/logos/240x240/52914.png","252914","CHE","DOMESTIC_MEN_TEAM_A","","DOMESTIC","Angleterre","Chelsea","Chelsea FC","CHE","568","MINUTE","8","3","1","59.85","KILOMETER","32.21","KILOMETER_PER_HOUR"
"250024746","52919","31","1994-05-27","7","João Cancelo","POR","FULL_BACK","DEFENDER","MALE","","./image/250024746.jpg","João Cancelo","DEFENDER","20","JOÃO CANCELO","110","","Portugal","Défenseur","","João Cancelo","João Cancelo","João Cancelo","200039","./assoc/200039_ENG.svg","./logo/52919.png","UEFA","ENG","52919","FAME","Man City","","https://img.uefa.com/imgml/TP/teams/logos/70x70/52919.png","https://img.uefa.com/imgml/TP/teams/logos/240x240/52919.png","252919","MCI","DOMESTIC_MEN_TEAM_A","","DOMESTIC","Angleterre","Man City","Manchester City","MCI","568","MINUTE","8","0","0","66.86","KILOMETER","32","KILOMETER_PER_HOUR"
"250011210","52747","36","1989-09-26","27","Gueye","SEN","DEFENSIVE_MIDFIELDER","MIDFIELDER","MALE","174","./image/250011210.jpg","Idrissa Gueye","MIDFIELDER","5","Gueye","118","64","Sénégal","Milieu","Idrissa","Gueye","Idrissa Gueye","I.G. Gueye","200043","./assoc/200043_FRA.svg","./logo/52747.png","UEFA","FRA","52747","FAME","Paris","","https://img.uefa.com/imgml/TP/teams/logos/70x70/52747.png","https://img.uefa.com/imgml/TP/teams/logos/240x240/52747.png","252747","PSG","DOMESTIC_MEN_TEAM_A","","DOMESTIC","France","Paris","Paris Saint-Germain","PSG","568","MINUTE","7","0","1","68.33","KILOMETER","28.8","KILOMETER_PER_HOUR"
"106375","50080","38","1987-01-24","9","SUÁREZ","URU","UNKNOWN","FORWARD","MALE","181","./image/106375.jpg","Luis Suárez","FORWARD","9","Suárez","138","85","Uruguay","Attaquant","","Luis Suárez","Luis Suárez","Luis Suárez","200122","./assoc/200122_ESP.svg","./logo/50080.png","UEFA","ESP","50080","FAME","Barcelona","","https://img.uefa.com/imgml/TP/teams/logos/70x70/50080.png","https://img.uefa.com/imgml/TP/teams/logos/240x240/50080.png","250080","BAR","DOMESTIC_MEN_TEAM_A","","DOMESTIC","Espagne","Barcelona","FC Barcelona","BAR","565","MINUTE","7","5","3","56.63","KILOMETER","29","KILOMETER_PER_HOUR"
"250017040","52919","37","1988-02-12","30","Otamendi","ARG","UNKNOWN","DEFENDER","MALE","183","./image/250017040.jpg","Nicolás Otamendi","DEFENDER","19","Otamendi","6","78","Argentine","Défenseur","Nicolás","Otamendi","Nicolás Otamendi","Otamendi","200039","./assoc/200039_ENG.svg","./logo/52919.png","UEFA","ENG","52919","FAME","Man City","","https://img.uefa.com/imgml/TP/teams/logos/70x70/52919.png","https://img.uefa.com/imgml/TP/teams/logos/240x240/52919.png","252919","MCI","DOMESTIC_MEN_TEAM_A","","DOMESTIC","Angleterre","Man City","Manchester City","MCI","556","MINUTE","8","0","0","62.71","KILOMETER","29","KILOMETER_PER_HOUR"
"250103758","52758","25","2000-07-21","9","Haaland","NOR","UNKNOWN","FORWARD","MALE","","./image/250103758.jpg","Erling Haaland","FORWARD","9","Braut Haaland","101","","Norvège","Attaquant","Erling","Haaland","Erling Haaland","Haaland","200047","./assoc/200047_GER.svg","./logo/52758.png","UEFA","GER","52758","FAME","B. Dortmund","","https://img.uefa.com/imgml/TP/teams/logos/70x70/52758.png","https://img.uefa.com/imgml/TP/teams/logos/240x240/52758.png","252758","BVB","DOMESTIC_MEN_TEAM_A","","DOMESTIC","Allemagne","B. Dortmund","Borussia Dortmund","BVB","555","MINUTE","8","10","1","65.78","KILOMETER","32","KILOMETER_PER_HOUR"
"250054949","50037","29","1996-06-13","11","Coman","FRA","WINGER","FORWARD","MALE","178","./image/250054949.jpg","Kingsley Coman","FORWARD","7","Coman","43","71","France","Attaquant","Kingsley","Coman","Kingsley Coman","Coman","200047","./assoc/200047_GER.svg","./logo/50037.png","UEFA","GER","50037","FAME","Bayern München","","https://img.uefa.com/imgml/TP/teams/logos/70x70/50037.png","https://img.uefa.com/imgml/TP/teams/logos/240x240/50037.png","250037","BAY","DOMESTIC_MEN_TEAM_A","","DOMESTIC","Allemagne","Bayern München","FC Bayern München","BAY","551","MINUTE","9","3","1","64.03","KILOMETER","33.5","KILOMETER_PER_HOUR"
"250187661","7889","34","1990-11-11","25","WIJNALDUM","NED","","MIDFIELDER","MALE","173","https://img.uefa.com/imgml/TP/players/1/2020/324x324/250187661.jpg","Georginio Wijnaldum","MIDFIELDER","8","Wijnaldum","95","74","Pays-Bas","Milieu","Georginio","Wijnaldum","Georginio Wijnaldum","Wijnaldum","200039","./assoc/200039_ENG.svg","./logo/7889.png","UEFA","ENG","7889","FAME","Liverpool","","https://img.uefa.com/imgml/TP/teams/logos/70x70/7889.png","https://img.uefa.com/imgml/TP/teams/logos/240x240/7889.png","207889","LIV","DOMESTIC_MEN_TEAM_A","","DOMESTIC","Angleterre","Liverpool","Liverpool FC","LIV","551","MINUTE","8","2","0","69.52","KILOMETER","30.2","KILOMETER_PER_HOUR"
"250054950","5312","29","1996-09-27","17","Cornet","CIV","WINGER","FORWARD","MALE","179","./image/250054950.jpg","Maxwel Cornet","MIDFIELDER","17","Cornet","67","69","Côte d'Ivoire","Attaquant","Maxwel","Cornet","Maxwel Cornet","Cornet","200043","./assoc/200043_FRA.svg","./logo/5312.png","UEFA","FRA","5312","FAME","Lyon","","https://img.uefa.com/imgml/TP/teams/logos/70x70/5312.png","https://img.uefa.com/imgml/TP/teams/logos/240x240/5312.png","205312","LYO","DOMESTIC_MEN_TEAM_A","","DOMESTIC","France","Lyon","Olympique Lyonnais","LYO","549","MINUTE","8","1","1","65.28","KILOMETER","32.4","KILOMETER_PER_HOUR"
"250066156","52758","31","1993-12-22","22","Guerreiro","POR","FULL_BACK","DEFENDER","MALE","170","./image/250066156.jpg","Raphaël Guerreiro","DEFENDER","5","Raphael","110","67","Portugal","Défenseur","Raphaël","Guerreiro","Raphaël Guerreiro","Guerreiro","200047","./assoc/200047_GER.svg","./logo/52758.png","UEFA","GER","52758","FAME","B. Dortmund","","https://img.uefa.com/imgml/TP/teams/logos/70x70/52758.png","https://img.uefa.com/imgml/TP/teams/logos/240x240/52758.png","252758","BVB","DOMESTIC_MEN_TEAM_A","","DOMESTIC","Allemagne","B. Dortmund","Borussia Dortmund","BVB","548","MINUTE","8","0","0","65.86","KILOMETER","32.4","KILOMETER_PER_HOUR"
"250098954","50030","29","1996-01-26","11","Hwang","KOR","STRIKER","FORWARD","MALE","177","./image/250098954.jpg","Heechan Hwang","FORWARD","11","HC HWANG","74","77","République de Corée","Attaquant","Heechan","Hwang","Heechan Hwang","HC Hwang","200008","./assoc/200008_AUT.svg","./logo/50030.png","UEFA","AUT","50030","FAME","Salzburg","","https://img.uefa.com/imgml/TP/teams/logos/70x70/50030.png","https://img.uefa.com/imgml/TP/teams/logos/240x240/50030.png","250030","SAL","DOMESTIC_MEN_TEAM_A","","DOMESTIC","Autriche","Salzburg","FC Salzburg","SAL","540","MINUTE","6","3","3","61.63","KILOMETER","32.4","KILOMETER_PER_HOUR"
"97787","52826","37","1988-08-22","22","Dzyuba","RUS","STRIKER","FORWARD","MALE","196","./image/97787.jpg","Artem Dzyuba","FORWARD","22","Dzyuba","57451","91","Russie","Attaquant","Artem","Dzyuba","Artem Dzyuba","Dzyuba","257451","./assoc/257451_RUS.svg","./logo/52826.png","UEFA","RUS","52826","FAME","Zenit","","https://img.uefa.com/imgml/TP/teams/logos/70x70/52826.png","https://img.uefa.com/imgml/TP/teams/logos/240x240/52826.png","252826","ZEN","DOMESTIC_MEN_TEAM_A","","DOMESTIC","Russie","Zenit","FC Zenit","ZEN","540","MINUTE","6","2","1","59.12","KILOMETER","29.9","KILOMETER_PER_HOUR"
"250066618","52498","30","1995-02-27","28","Souček","CZE","DEFENSIVE_MIDFIELDER","MIDFIELDER","MALE","","./image/250066618.jpg","Tomáš Souček","MIDFIELDER","22","Souček","58837","","Tchéquie","Milieu","Tomáš","Souček","Tomáš Souček","Souček","258837","./assoc/258837_CZE.svg","./logo/52498.png","UEFA","CZE","52498","FAME","Slavia Praha","","https://img.uefa.com/imgml/TP/teams/logos/70x70/52498.png","https://img.uefa.com/imgml/TP/teams/logos/240x240/52498.png","252498","SLP","DOMESTIC_MEN_TEAM_A","","DOMESTIC","Tchéquie","Slavia Praha","SK Slavia Praha","SLA","540","MINUTE","6","2","0","76.09","KILOMETER","31","KILOMETER_PER_HOUR"
"250092718","2610","31","1994-04-04","35","Borges Semedo","POR","CENTRE_BACK","DEFENDER","MALE","189","./image/250092718.jpg","Rúben Semedo","DEFENDER","21","R. Semedo","110","84","Portugal","Défenseur","","Rúben Semedo","Rúben Semedo","Rúben Semedo","200049","./assoc/200049_GRE.svg","./logo/2610.png","UEFA","GRE","2610","FAME","Olympiacos","","https://img.uefa.com/imgml/TP/teams/logos/70x70/2610.png","https://img.uefa.com/imgml/TP/teams/logos/240x240/2610.png","202610","OLY","DOMESTIC_MEN_TEAM_A","","DOMESTIC","Grèce","Olympiacos","Olympiacos FC","OLY","540","MINUTE","6","2","0","52.72","KILOMETER","27.2","KILOMETER_PER_HOUR"
"103147","50051","35","1990-01-04","8","KROOS","GER","CENTRAL_MIDFIELDER","MIDFIELDER","MALE","182","./image/103147.jpg","Toni Kroos","MIDFIELDER","8","Kroos","47","78","Allemagne","Milieu","Toni","Kroos","Toni Kroos","Kroos","200122","./assoc/200122_ESP.svg","./logo/50051.png","UEFA","ESP","50051","FAME","Real Madrid","","https://img.uefa.com/imgml/TP/teams/logos/70x70/50051.png","https://img.uefa.com/imgml/TP/teams/logos/240x240/50051.png","250051","RMA","DOMESTIC_MEN_TEAM_A","","DOMESTIC","Espagne","Real Madrid","Real Madrid C.F.","RMA","540","MINUTE","6","1","1","66.41","KILOMETER","28.1","KILOMETER_PER_HOUR"
"250064188","50043","33","1992-08-24","20","Vanaken","BEL","ATTACKING_MIDFIELDER","MIDFIELDER","MALE","194","./image/250064188.jpg","Hans Vanaken","MIDFIELDER","20","Vanaken","13","77","Belgique","Milieu","Hans","Vanaken","Hans Vanaken","Vanaken","200013","./assoc/200013_BEL.svg","./logo/50043.png","UEFA","BEL","50043","FAME","Club Brugge","","https://img.uefa.com/imgml/TP/teams/logos/70x70/50043.png","https://img.uefa.com/imgml/TP/teams/logos/240x240/50043.png","250043","BRU","DOMESTIC_MEN_TEAM_A","","DOMESTIC","Belgique","Club Brugge","Club Brugge KV","BRU","540","MINUTE","6","1","0","68.78","KILOMETER","29.5","KILOMETER_PER_HOUR"
"1907136","52498","34","1991-01-11","18","Bořil","CZE","FULL_BACK","DEFENDER","MALE","","./image/1907136.jpg","Jan Bořil","DEFENDER","18","Bořil","58837","","Tchéquie","Défenseur","Jan","Bořil","Jan Bořil","Bořil","258837","./assoc/258837_CZE.svg","./logo/52498.png","UEFA","CZE","52498","FAME","Slavia Praha","","https://img.uefa.com/imgml/TP/teams/logos/70x70/52498.png","https://img.uefa.com/imgml/TP/teams/logos/240x240/52498.png","252498","SLP","DOMESTIC_MEN_TEAM_A","","DOMESTIC","Tchéquie","Slavia Praha","SK Slavia Praha","SLA","540","MINUTE","6","1","0","66.2","KILOMETER","30.6","KILOMETER_PER_HOUR"
"101177","50030","39","1985-10-30","17","Ulmer","AUT","FULL_BACK","DEFENDER","MALE","175","./image/101177.jpg","Andreas Ulmer","DEFENDER","2","Ulmer","8","69","Autriche","Défenseur","Andreas","Ulmer","Andreas Ulmer","Ulmer","200008","./assoc/200008_AUT.svg","./logo/50030.png","UEFA","AUT","50030","FAME","Salzburg","","https://img.uefa.com/imgml/TP/teams/logos/70x70/50030.png","https://img.uefa.com/imgml/TP/teams/logos/240x240/50030.png","250030","SAL","DOMESTIC_MEN_TEAM_A","","DOMESTIC","Autriche","Salzburg","FC Salzburg","SAL","540","MINUTE","6","1","0","63.14","KILOMETER","30.6","KILOMETER_PER_HOUR"
"250001842","50069","36","1989-05-31","19","Milunovic","SRB","CENTRE_BACK","DEFENDER","MALE","","./image/250001842.jpg","Nemanja Milunović","DEFENDER","19","Milunovic","147","","Serbie","Défenseur","Nemanja","Milunović","Nemanja Milunović","Milunović","200147","./assoc/200147_SRB.svg","./logo/50069.png","UEFA","SRB","50069","FAME","Crvena Zvezda","","https://img.uefa.com/imgml/TP/teams/logos/70x70/50069.png","https://img.uefa.com/imgml/TP/teams/logos/240x240/50069.png","250069","ZVE","DOMESTIC_MEN_TEAM_A","","DOMESTIC","Serbie","Crvena Zvezda","FK Crvena Zvezda","ZVE","540","MINUTE","6","1","0","60.47","KILOMETER","31.7","KILOMETER_PER_HOUR"
"250121218","61582","27","1998-06-26","26","Lucumi Bonilla","COL","CENTRE_BACK","DEFENDER","MALE","","./image/250121218.jpg","Jhon Lucumi","DEFENDER","3","Lucumi","29","","Colombie","Défenseur","Jhon","Lucumi","Jhon Lucumi","Lucumi","200013","./assoc/200013_BEL.svg","./logo/61582.png","UEFA","BEL","61582","FAME","Genk","","https://img.uefa.com/imgml/TP/teams/logos/70x70/61582.png","https://img.uefa.com/imgml/TP/teams/logos/240x240/61582.png","261582","GEN","DOMESTIC_MEN_TEAM_A","","DOMESTIC","Belgique","Genk","KRC Genk","GEN","540","MINUTE","6","1","0","54.35","KILOMETER","30.8","KILOMETER_PER_HOUR"
"1902464","50143","36","1988-11-20","10","TADIĆ","SRB","STRIKER","FORWARD","MALE","181","./image/1902464.jpg","Dušan Tadić","FORWARD","10","Tadić","147","79","Serbie","Attaquant","Dušan","Tadić","Dušan Tadić","Tadić","200095","./assoc/200095_NED.svg","./logo/50143.png","UEFA","NED","50143","FAME","Ajax","","https://img.uefa.com/imgml/TP/teams/logos/70x70/50143.png","https://img.uefa.com/imgml/TP/teams/logos/240x240/50143.png","250143","AJX","DOMESTIC_MEN_TEAM_A","","DOMESTIC","Pays-Bas","Ajax","AFC Ajax","AJX","540","MINUTE","6","0","2","69.59","KILOMETER","32.21","KILOMETER_PER_HOUR"
"250039930","50139","34","1991-01-26","12","Alex Sandro","BRA","UNKNOWN","DEFENDER","MALE","179","./image/250039930.jpg","Alex Sandro","DEFENDER","6","Lobo Silva","18","79","Brésil","Défenseur","","Alex Sandro","Alex Sandro","Alex Sandro","200066","./assoc/200066_ITA.svg","./logo/50139.png","UEFA","ITA","50139","FAME","Juventus","","https://img.uefa.com/imgml/TP/teams/logos/70x70/50139.png","https://img.uefa.com/imgml/TP/teams/logos/240x240/50139.png","250139","JUV","DOMESTIC_MEN_TEAM_A","","DOMESTIC","Italie","Juventus","Juventus","JUV","540","MINUTE","6","0","2","64.6","KILOMETER","31.3","KILOMETER_PER_HOUR"
"103149","50069","36","1989-03-13","10","Marin","GER","ATTACKING_MIDFIELDER","MIDFIELDER","MALE","170","./image/103149.jpg","Marko Marin","MIDFIELDER","21","Marin","","64","Allemagne","Milieu","Marko","Marin","Marko Marin","Marin","200147","./assoc/200147_SRB.svg","./logo/50069.png","UEFA","SRB","50069","FAME","Crvena Zvezda","","https://img.uefa.com/imgml/TP/teams/logos/70x70/50069.png","https://img.uefa.com/imgml/TP/teams/logos/240x240/50069.png","250069","ZVE","DOMESTIC_MEN_TEAM_A","","DOMESTIC","Serbie","Crvena Zvezda","FK Crvena Zvezda","ZVE","540","MINUTE","6","0","2","62.27","KILOMETER","29.2","KILOMETER_PER_HOUR"
"250042422","50147","30","1995-09-20","20","Grimaldo","ESP","FULL_BACK","DEFENDER","MALE","170","./image/250042422.jpg","Alejandro Grimaldo","DEFENDER","17","GRIMALDO","122","64","Espagne","Défenseur","Alejandro","Grimaldo","Alejandro Grimaldo","Grimaldo","200110","./assoc/200110_POR.svg","./logo/50147.png","UEFA","POR","50147","FAME","Benfica","","https://img.uefa.com/imgml/TP/teams/logos/70x70/50147.png","https://img.uefa.com/imgml/TP/teams/logos/240x240/50147.png","250147","BEN","DOMESTIC_MEN_TEAM_A","","DOMESTIC","Portugal","Benfica","SL Benfica","BEN","540","MINUTE","6","0","1","66.37","KILOMETER","31","KILOMETER_PER_HOUR"
"250000919","50124","35","1990-09-19","2","Trippier","ENG","FULL_BACK","DEFENDER","MALE","178","./image/250000919.jpg","Kieran Trippier","DEFENDER","12","Trippier","39","81","Angleterre","Défenseur","Kieran","Trippier","Kieran Trippier","Trippier","200122","./assoc/200122_ESP.svg","./logo/50124.png","UEFA","ESP","50124","FAME","Atleti","","https://img.uefa.com/imgml/TP/teams/logos/70x70/50124.png","https://img.uefa.com/imgml/TP/teams/logos/240x240/50124.png","250124","ATM","DOMESTIC_MEN_TEAM_A","","DOMESTIC","Espagne","Atleti","Atlético de Madrid","ATM","540","MINUTE","6","0","1","65.87","KILOMETER","30.8","KILOMETER_PER_HOUR"
"50327428","50138","33","1992-02-05","6","de Vrij","NED","CENTRE_BACK","DEFENDER","MALE","","https://img.uefa.com/imgml/TP/players/1/2020/324x324/50327428.jpg","Stefan de Vrij","DEFENDER","6","de Vrij","95","","Pays-Bas","Défenseur","Stefan","De Vrij","Stefan de Vrij","De Vrij","200066","./assoc/200066_ITA.svg","./logo/50138.png","UEFA","ITA","50138","FAME","Inter","","https://img.uefa.com/imgml/TP/teams/logos/70x70/50138.png","https://img.uefa.com/imgml/TP/teams/logos/240x240/50138.png","250138","INT","DOMESTIC_MEN_TEAM_A","","DOMESTIC","Italie","Inter","FC Internazionale Milano","INT","540","MINUTE","6","0","1","61.68","KILOMETER","30.6","KILOMETER_PER_HOUR"
"250047086","52268","30","1995-05-25","14","GAYA","ESP","FULL_BACK","DEFENDER","MALE","","./image/250047086.jpg","José Gayà","DEFENDER","14","Gayà","122","","Espagne","Défenseur","José","Gayà","José Gayà","Gayà","200122","./assoc/200122_ESP.svg","./logo/52268.png","UEFA","ESP","52268","FAME","Valencia","","https://img.uefa.com/imgml/TP/teams/logos/70x70/52268.png","https://img.uefa.com/imgml/TP/teams/logos/240x240/52268.png","252268","VAL","DOMESTIC_MEN_TEAM_A","","DOMESTIC","Espagne","Valencia","Valencia CF","VAL","540","MINUTE","6","0","1","61.24","KILOMETER","33.3","KILOMETER_PER_HOUR"
"250076631","2610","29","1996-05-12","12","Tsimikas","GRE","FULL_BACK","DEFENDER","MALE","178","./image/250076631.jpg","Kostas Tsimikas","DEFENDER","21","TSIMIKAS","49","77","Grèce","Défenseur","Kostas","Tsimikas","Kostas Tsimikas","Tsimikas","200049","./assoc/200049_GRE.svg","./logo/2610.png","UEFA","GRE","2610","FAME","Olympiacos","","https://img.uefa.com/imgml/TP/teams/logos/70x70/2610.png","https://img.uefa.com/imgml/TP/teams/logos/240x240/2610.png","202610","OLY","DOMESTIC_MEN_TEAM_A","","DOMESTIC","Grèce","Olympiacos","Olympiacos FC","OLY","540","MINUTE","6","0","1","58.81","KILOMETER","32.21","KILOMETER_PER_HOUR"
"250061048","52498","33","1992-08-22","5","Coufal","CZE","FULL_BACK","DEFENDER","MALE","179","./image/250061048.jpg","Vladimír Coufal","DEFENDER","5","Coufal","58837","76","Tchéquie","Défenseur","Vladimír","Coufal","Vladimír Coufal","Coufal","258837","./assoc/258837_CZE.svg","./logo/52498.png","UEFA","CZE","52498","FAME","Slavia Praha","","https://img.uefa.com/imgml/TP/teams/logos/70x70/52498.png","https://img.uefa.com/imgml/TP/teams/logos/240x240/52498.png","252498","SLP","DOMESTIC_MEN_TEAM_A","","DOMESTIC","Tchéquie","Slavia Praha","SK Slavia Praha","SLA","540","MINUTE","6","0","0","70.53","KILOMETER","30.3","KILOMETER_PER_HOUR"
"250090926","61582","27","1998-02-14","25","Berge","NOR","DEFENSIVE_MIDFIELDER","MIDFIELDER","MALE","","./image/250090926.jpg","Sander Berge","MIDFIELDER","8","Berge","101","","Norvège","Milieu","Sander","Berge","Sander Berge","Berge","200013","./assoc/200013_BEL.svg","./logo/61582.png","UEFA","BEL","61582","FAME","Genk","","https://img.uefa.com/imgml/TP/teams/logos/70x70/61582.png","https://img.uefa.com/imgml/TP/teams/logos/240x240/61582.png","261582","GEN","DOMESTIC_MEN_TEAM_A","","DOMESTIC","Belgique","Genk","KRC Genk","GEN","540","MINUTE","6","0","0","69.23","KILOMETER","31.5","KILOMETER_PER_HOUR"
"250067420","75797","28","1997-02-17","19","ÇELİK","TUR","FULL_BACK","DEFENDER","MALE","","./image/250067420.jpg","Zeki Çelik","DEFENDER","2","ZEKİ ÇELİK","135","","Turquie","Défenseur","","Zeki Çelik","Zeki Çelik","Zeki Çelik","200043","./assoc/200043_FRA.svg","./logo/75797.png","UEFA","FRA","75797","FAME","Lille","","https://img.uefa.com/imgml/TP/teams/logos/70x70/75797.png","https://img.uefa.com/imgml/TP/teams/logos/240x240/75797.png","275797","LIL","DOMESTIC_MEN_TEAM_A","","DOMESTIC","France","Lille","LOSC Lille","LIL","540","MINUTE","6","0","0","67.2","KILOMETER","29.9","KILOMETER_PER_HOUR"
"74487","52498","38","1987-03-26","15","Kúdela","CZE","CENTRE_BACK","DEFENDER","MALE","","./image/74487.jpg","Ondřej Kúdela","DEFENDER","17","Kúdela","58837","","Tchéquie","Défenseur","Ondřej","Kúdela","Ondřej Kúdela","Kúdela","258837","./assoc/258837_CZE.svg","./logo/52498.png","UEFA","CZE","52498","FAME","Slavia Praha","","https://img.uefa.com/imgml/TP/teams/logos/70x70/52498.png","https://img.uefa.com/imgml/TP/teams/logos/240x240/52498.png","252498","SLP","DOMESTIC_MEN_TEAM_A","","DOMESTIC","Tchéquie","Slavia Praha","SK Slavia Praha","SLA","540","MINUTE","6","0","0","66.6","KILOMETER","29.9","KILOMETER_PER_HOUR"
"250081192","61582","28","1997-05-20","3","Maehle","DEN","FULL_BACK","DEFENDER","MALE","","./image/250081192.jpg","Joakim Mæhle","DEFENDER","5","Mæhle","35","","Danemark","Défenseur","Joakim","Mæhle","Joakim Mæhle","Mæhle","200013","./assoc/200013_BEL.svg","./logo/61582.png","UEFA","BEL","61582","FAME","Genk","","https://img.uefa.com/imgml/TP/teams/logos/70x70/61582.png","https://img.uefa.com/imgml/TP/teams/logos/240x240/61582.png","261582","GEN","DOMESTIC_MEN_TEAM_A","","DOMESTIC","Belgique","Genk","KRC Genk","GEN","540","MINUTE","6","0","0","65.05","KILOMETER","31.5","KILOMETER_PER_HOUR"
"250118244","52826","31","1993-10-16","5","Barrios","COL","DEFENSIVE_MIDFIELDER","MIDFIELDER","MALE","","./image/250118244.jpg","Wílmar Barrios","MIDFIELDER","","Barrios","29","","Colombie","Milieu","Wílmar","Barrios","Wílmar Barrios","Barrios","257451","./assoc/257451_RUS.svg","./logo/52826.png","UEFA","RUS","52826","FAME","Zenit","","https://img.uefa.com/imgml/TP/teams/logos/70x70/52826.png","https://img.uefa.com/imgml/TP/teams/logos/240x240/52826.png","252826","ZEN","DOMESTIC_MEN_TEAM_A","","DOMESTIC","Russie","Zenit","FC Zenit","ZEN","540","MINUTE","6","0","0","64.52","KILOMETER","32.8","KILOMETER_PER_HOUR"
"107955","52707","34","1991-03-15","4","Kryvtsov","UKR","CENTRE_BACK","DEFENDER","MALE","186","./image/107955.jpg","Serhiy Kryvtsov","DEFENDER","4","Kryvtsov","57166","80","Ukraine","Défenseur","Serhiy","Kryvtsov","Serhiy Kryvtsov","Kryvtsov","257166","./assoc/257166_UKR.svg","./logo/52707.png","UEFA","UKR","52707","FAME","Shakhtar","","https://img.uefa.com/imgml/TP/teams/logos/70x70/52707.png","https://img.uefa.com/imgml/TP/teams/logos/240x240/52707.png","252707","SHK","DOMESTIC_MEN_TEAM_A","","DOMESTIC","Ukraine","Shakhtar","FC Shakhtar Donetsk","SHK","540","MINUTE","6","0","0","62.99","KILOMETER","32.4","KILOMETER_PER_HOUR"
"250041563","50138","30","1995-02-11","37","ŠKRINIAR","SVK","CENTRE_BACK","DEFENDER","MALE","187","./image/250041563.jpg","Milan Škriniar","DEFENDER","14","Škriniar","58836","80","Slovaquie","Défenseur","Milan","Škriniar","Milan Škriniar","Škriniar","200066","./assoc/200066_ITA.svg","./logo/50138.png","UEFA","ITA","50138","FAME","Inter","","https://img.uefa.com/imgml/TP/teams/logos/70x70/50138.png","https://img.uefa.com/imgml/TP/teams/logos/240x240/50138.png","250138","INT","DOMESTIC_MEN_TEAM_A","","DOMESTIC","Italie","Inter","FC Internazionale Milano","INT","540","MINUTE","6","0","0","62.79","KILOMETER","30.8","KILOMETER_PER_HOUR"
"250081701","50030","27","1998-02-04","39","Wöber","AUT","CENTRE_BACK","DEFENDER","MALE","188","./image/250081701.jpg","Maximilian Wöber","DEFENDER","2","Wöber","8","84","Autriche","Défenseur","Maximilian","Wöber","Maximilian Wöber","Wöber","200008","./assoc/200008_AUT.svg","./logo/50030.png","UEFA","AUT","50030","FAME","Salzburg","","https://img.uefa.com/imgml/TP/teams/logos/70x70/50030.png","https://img.uefa.com/imgml/TP/teams/logos/240x240/50030.png","250030","SAL","DOMESTIC_MEN_TEAM_A","","DOMESTIC","Autriche","Salzburg","FC Salzburg","SAL","540","MINUTE","6","0","0","62.57","KILOMETER","31.7","KILOMETER_PER_HOUR"
"250058220","50147","28","1997-05-14","3","Rúben","POR","CENTRE_BACK","DEFENDER","MALE","","./image/250058220.jpg","Rúben Dias","DEFENDER","3","RÚBEN DIAS","110","","Portugal","Défenseur","","Rúben Dias","Rúben Dias","Rúben Dias","200110","./assoc/200110_POR.svg","./logo/50147.png","UEFA","POR","50147","FAME","Benfica","","https://img.uefa.com/imgml/TP/teams/logos/70x70/50147.png","https://img.uefa.com/imgml/TP/teams/logos/240x240/50147.png","250147","BEN","DOMESTIC_MEN_TEAM_A","","DOMESTIC","Portugal","Benfica","SL Benfica","BEN","540","MINUTE","6","0","0","61.87","KILOMETER","29","KILOMETER_PER_HOUR"
"250053792","52707","35","1990-01-11","31","ISMAILY","BRA","FULL_BACK","DEFENDER","MALE","177","./image/250053792.jpg","Ismaily","DEFENDER","","Gonçalves Dos Santos","18","78","Brésil","Défenseur","","Ismaily","Ismaily","Ismaily","257166","./assoc/257166_UKR.svg","./logo/52707.png","UEFA","UKR","52707","FAME","Shakhtar","","https://img.uefa.com/imgml/TP/teams/logos/70x70/52707.png","https://img.uefa.com/imgml/TP/teams/logos/240x240/52707.png","252707","SHK","DOMESTIC_MEN_TEAM_A","","DOMESTIC","Ukraine","Shakhtar","FC Shakhtar Donetsk","SHK","540","MINUTE","6","0","0","61.3","KILOMETER","32.6","KILOMETER_PER_HOUR"
"250056008","50069","31","1994-04-28","32","Degenek","AUS","CENTRE_BACK","DEFENDER","MALE","","./image/250056008.jpg","Miloš Degenek","DEFENDER","2","Degenek","7","","Australie","Défenseur","Miloš","Degenek","Miloš Degenek","Degenek","200147","./assoc/200147_SRB.svg","./logo/50069.png","UEFA","SRB","50069","FAME","Crvena Zvezda","","https://img.uefa.com/imgml/TP/teams/logos/70x70/50069.png","https://img.uefa.com/imgml/TP/teams/logos/240x240/50069.png","250069","ZVE","DOMESTIC_MEN_TEAM_A","","DOMESTIC","Serbie","Crvena Zvezda","FK Crvena Zvezda","ZVE","540","MINUTE","6","0","0","60.23","KILOMETER","33.1","KILOMETER_PER_HOUR"
"50327424","50139","26","1999-08-12","4","de Ligt","NED","CENTRE_BACK","DEFENDER","MALE","","https://img.uefa.com/imgml/TP/players/1/2020/324x324/50327424.jpg","Matthijs de Ligt","DEFENDER","15","de Ligt","95","","Pays-Bas","Défenseur","Matthijs","De Ligt","Matthijs de Ligt","De Ligt","200066","./assoc/200066_ITA.svg","./logo/50139.png","UEFA","ITA","50139","FAME","Juventus","","https://img.uefa.com/imgml/TP/teams/logos/70x70/50139.png","https://img.uefa.com/imgml/TP/teams/logos/240x240/50139.png","250139","JUV","DOMESTIC_MEN_TEAM_A","","DOMESTIC","Italie","Juventus","Juventus","JUV","540","MINUTE","6","0","0","60.13","KILOMETER","30.2","KILOMETER_PER_HOUR"
"103333","1652","36","1989-03-02","23","Alderweireld","BEL","CENTRE_BACK","DEFENDER","MALE","186","./image/103333.jpg","Toby Alderweireld","DEFENDER","2","Alderweireld","13","81","Belgique","Défenseur","Toby","Alderweireld","Toby Alderweireld","Alderweireld","200039","./assoc/200039_ENG.svg","./logo/1652.png","UEFA","ENG","1652","FAME","Tottenham","","https://img.uefa.com/imgml/TP/teams/logos/70x70/1652.png","https://img.uefa.com/imgml/TP/teams/logos/240x240/1652.png","201652","TOT","DOMESTIC_MEN_TEAM_A","","DOMESTIC","Angleterre","Tottenham","Tottenham Hotspur","TOT","540","MINUTE","6","0","0","59.41","KILOMETER","29.2","KILOMETER_PER_HOUR"
"250131901","75797","27","1997-12-19","6","GABRIEL","BRA","CENTRE_BACK","DEFENDER","MALE","","./image/250131901.jpg","Gabriel","DEFENDER","","Gabriel","","","Brésil","Défenseur","","Gabriel","Gabriel","Gabriel","200043","./assoc/200043_FRA.svg","./logo/75797.png","UEFA","FRA","75797","FAME","Lille","","https://img.uefa.com/imgml/TP/teams/logos/70x70/75797.png","https://img.uefa.com/imgml/TP/teams/logos/240x240/75797.png","275797","LIL","DOMESTIC_MEN_TEAM_A","","DOMESTIC","France","Lille","LOSC Lille","LIL","540","MINUTE","6","0","0","59.15","KILOMETER","31.3","KILOMETER_PER_HOUR"
"250061958","50043","33","1991-10-27","4","Deli","CIV","CENTRE_BACK","DEFENDER","MALE","","./image/250061958.jpg","Simon Deli","DEFENDER","","Deli","67","","Côte d'Ivoire","Défenseur","Simon","Deli","Simon Deli","Deli","200013","./assoc/200013_BEL.svg","./logo/50043.png","UEFA","BEL","50043","FAME","Club Brugge","","https://img.uefa.com/imgml/TP/teams/logos/70x70/50043.png","https://img.uefa.com/imgml/TP/teams/logos/240x240/50043.png","250043","BRU","DOMESTIC_MEN_TEAM_A","","DOMESTIC","Belgique","Club Brugge","Club Brugge KV","BRU","540","MINUTE","6","0","0","59.05","KILOMETER","30.4","KILOMETER_PER_HOUR"
"250128191","50067","29","1996-06-05","23","Marcao","BRA","CENTRE_BACK","DEFENDER","MALE","","./image/250128191.jpg","Marcão","DEFENDER","","Teixeira","","","Brésil","Défenseur","","Marcão","Marcão","Marcão","200135","./assoc/200135_TUR.svg","./logo/50067.png","UEFA","TUR","50067","FAME","Galatasaray","","https://img.uefa.com/imgml/TP/teams/logos/70x70/50067.png","https://img.uefa.com/imgml/TP/teams/logos/240x240/50067.png","250067","GAL","DOMESTIC_MEN_TEAM_A","","DOMESTIC","Turquie","Galatasaray","Galatasaray A.Ş.","GAL","540","MINUTE","6","0","0","56.33","KILOMETER","31","KILOMETER_PER_HOUR"
"108131","53065","37","1988-02-29","5","Höwedes","GER","CENTRE_BACK","DEFENDER","MALE","187","./image/108131.jpg","Benedikt Höwedes","DEFENDER","4","Höwedes","47","82","Allemagne","Défenseur","Benedikt","Höwedes","Benedikt Höwedes","Höwedes","257451","./assoc/257451_RUS.svg","./logo/53065.png","UEFA","RUS","53065","FAME","Lokomotiv Moskva","","https://img.uefa.com/imgml/TP/teams/logos/70x70/53065.png","https://img.uefa.com/imgml/TP/teams/logos/240x240/53065.png","253065","LMO","DOMESTIC_MEN_TEAM_A","","DOMESTIC","Russie","Lokomotiv Moskva","FC Lokomotiv Moskva","LMO","540","MINUTE","6","0","0","55.55","KILOMETER","28.8","KILOMETER_PER_HOUR"
"250119516","2610","32","1993-07-02","20","Meriah","TUN","CENTRE_BACK","DEFENDER","MALE","","./image/250119516.jpg","Yassine Meriah","DEFENDER","4","Meriah","134","","Tunisie","Défenseur","Yassine","Meriah","Yassine Meriah","Meriah","200049","./assoc/200049_GRE.svg","./logo/2610.png","UEFA","GRE","2610","FAME","Olympiacos","","https://img.uefa.com/imgml/TP/teams/logos/70x70/2610.png","https://img.uefa.com/imgml/TP/teams/logos/240x240/2610.png","202610","OLY","DOMESTIC_MEN_TEAM_A","","DOMESTIC","Grèce","Olympiacos","Olympiacos FC","OLY","540","MINUTE","6","0","0","54.77","KILOMETER","30.4","KILOMETER_PER_HOUR"
"250074556","52268","34","1990-11-26","3","G.Paulista","BRA","CENTRE_BACK","DEFENDER","MALE","185","./image/250074556.jpg","Gabriel Paulista","DEFENDER","","Gabriel","","72","Brésil","Défenseur","Gabriel","Paulista","Gabriel Paulista","Paulista","200122","./assoc/200122_ESP.svg","./logo/52268.png","UEFA","ESP","52268","FAME","Valencia","","https://img.uefa.com/imgml/TP/teams/logos/70x70/52268.png","https://img.uefa.com/imgml/TP/teams/logos/240x240/52268.png","252268","VAL","DOMESTIC_MEN_TEAM_A","","DOMESTIC","Espagne","Valencia","Valencia CF","VAL","540","MINUTE","6","0","0","54.56","KILOMETER","32.4","KILOMETER_PER_HOUR"
"250012954","50136","34","1991-06-14","44","Manolas","GRE","CENTRE_BACK","DEFENDER","MALE","186","./image/250012954.jpg","Kostas Manolas","DEFENDER","4","Manolas","49","79","Grèce","Défenseur","Kostas","Manolas","Kostas Manolas","Manolas","200066","./assoc/200066_ITA.svg","./logo/50136.png","UEFA","ITA","50136","FAME","Napoli","","https://img.uefa.com/imgml/TP/teams/logos/70x70/50136.png","https://img.uefa.com/imgml/TP/teams/logos/240x240/50136.png","250136","NAP","DOMESTIC_MEN_TEAM_A","","DOMESTIC","Italie","Napoli","SSC Napoli","NAP","540","MINUTE","6","0","0","54.2","KILOMETER","30.6","KILOMETER_PER_HOUR"
"250011172","50164","34","1991-05-07","66","Dilaver","AUT","CENTRE_BACK","DEFENDER","MALE","183","./image/250011172.jpg","Emir Dilaver","DEFENDER","3","Dilaver","300008","","Autriche","Défenseur","Emir","Dilaver","Emir Dilaver","Dilaver","256370","./assoc/256370_CRO.svg","./logo/50164.png","UEFA","CRO","50164","FAME","GNK Dinamo","","https://img.uefa.com/imgml/TP/teams/logos/70x70/50164.png","https://img.uefa.com/imgml/TP/teams/logos/240x240/50164.png","250164","DIN","DOMESTIC_MEN_TEAM_A","","DOMESTIC","Croatie","GNK Dinamo","GNK Dinamo","DIN","540","MINUTE","6","0","0","53.1","KILOMETER","29.5","KILOMETER_PER_HOUR"
"1907188","50109","35","1989-11-24","1","HRADECKÝ","FIN","GOALKEEPER","GOALKEEPER","MALE","190","./image/1907188.jpg","Lukas Hrádecký","GOALKEEPER","1","Hradecky","42","80","Finlande","Gardien","Lukas","Hrádecký","Lukas Hrádecký","Hrádecký","200047","./assoc/200047_GER.svg","./logo/50109.png","UEFA","GER","50109","FAME","Leverkusen","","https://img.uefa.com/imgml/TP/teams/logos/70x70/50109.png","https://img.uefa.com/imgml/TP/teams/logos/240x240/50109.png","250109","LEV","DOMESTIC_MEN_TEAM_A","","DOMESTIC","Allemagne","Leverkusen","Bayer 04 Leverkusen","LEV","540","MINUTE","6","0","0","30.48","KILOMETER","22.5","KILOMETER_PER_HOUR"
"250052788","52498","30","1994-10-17","1","Kolář","CZE","GOALKEEPER","GOALKEEPER","MALE","193","./image/250052788.jpg","Ondřej Kolář","GOALKEEPER","16","Kolář","58837","","Tchéquie","Gardien","Ondřej","Kolář","Ondřej Kolář","Kolář","258837","./assoc/258837_CZE.svg","./logo/52498.png","UEFA","CZE","52498","FAME","Slavia Praha","","https://img.uefa.com/imgml/TP/teams/logos/70x70/52498.png","https://img.uefa.com/imgml/TP/teams/logos/240x240/52498.png","252498","SLP","DOMESTIC_MEN_TEAM_A","","DOMESTIC","Tchéquie","Slavia Praha","SK Slavia Praha","SLA","540","MINUTE","6","0","0","27.99","KILOMETER","25","KILOMETER_PER_HOUR"
"250039900","52914","31","1994-10-03","13","Arrizabalaga","ESP","GOALKEEPER","GOALKEEPER","MALE","186","./image/250039900.jpg","Kepa Arrizabalaga","GOALKEEPER","1","Arrizabalaga","122","85","Espagne","Gardien","Kepa","Arrizabalaga","Kepa Arrizabalaga","Arrizabalaga","200039","./assoc/200039_ENG.svg","./logo/52914.png","UEFA","ENG","52914","FAME","Chelsea","","https://img.uefa.com/imgml/TP/teams/logos/70x70/52914.png","https://img.uefa.com/imgml/TP/teams/logos/240x240/52914.png","252914","CHE","DOMESTIC_MEN_TEAM_A","","DOMESTIC","Angleterre","Chelsea","Chelsea FC","CHE","540","MINUTE","6","0","0","27.5","KILOMETER","29.9","KILOMETER_PER_HOUR"
"250004462","52268","36","1989-04-22","13","CILLESSEN","NED","UNKNOWN","GOALKEEPER","MALE","187","./image/250004462.jpg","Jasper Cillessen","GOALKEEPER","1","Cillessen","95","83","Pays-Bas","Gardien","Jasper","Cillessen","Jasper Cillessen","Cillessen","200122","./assoc/200122_ESP.svg","./logo/52268.png","UEFA","ESP","52268","FAME","Valencia","","https://img.uefa.com/imgml/TP/teams/logos/70x70/52268.png","https://img.uefa.com/imgml/TP/teams/logos/240x240/52268.png","252268","VAL","DOMESTIC_MEN_TEAM_A","","DOMESTIC","Espagne","Valencia","Valencia CF","VAL","540","MINUTE","6","0","0","27.15","KILOMETER","17.5","KILOMETER_PER_HOUR"
"250023938","50147","31","1994-04-26","99","Odysseas","GRE","GOALKEEPER","GOALKEEPER","MALE","","./image/250023938.jpg","Odysseas Vlachodimos","GOALKEEPER","1","ODYSSEAS","49","","Grèce","Gardien","Odysseas","Vlachodimos","Odysseas Vlachodimos","Vlachodimos","200110","./assoc/200110_POR.svg","./logo/50147.png","UEFA","POR","50147","FAME","Benfica","","https://img.uefa.com/imgml/TP/teams/logos/70x70/50147.png","https://img.uefa.com/imgml/TP/teams/logos/240x240/50147.png","250147","BEN","DOMESTIC_MEN_TEAM_A","","DOMESTIC","Portugal","Benfica","SL Benfica","BEN","540","MINUTE","6","0","0","26.83","KILOMETER","22.5","KILOMETER_PER_HOUR"
"98078","50043","37","1988-03-06","22","Mignolet","BEL","GOALKEEPER","GOALKEEPER","MALE","193","./image/98078.jpg","Simon Mignolet","GOALKEEPER","12","Mignolet","13","87","Belgique","Gardien","Simon","Mignolet","Simon Mignolet","Mignolet","200013","./assoc/200013_BEL.svg","./logo/50043.png","UEFA","BEL","50043","FAME","Club Brugge","","https://img.uefa.com/imgml/TP/teams/logos/70x70/50043.png","https://img.uefa.com/imgml/TP/teams/logos/240x240/50043.png","250043","BRU","DOMESTIC_MEN_TEAM_A","","DOMESTIC","Belgique","Club Brugge","Club Brugge KV","BRU","540","MINUTE","6","0","0","26.19","KILOMETER","23","KILOMETER_PER_HOUR"
"67855","52707","41","1984-06-28","30","","UKR","GOALKEEPER","","MALE","190","./image/67855.jpg","Andriy Pyatov","GOALKEEPER","12","Pyatov","57166","84","Ukraine","","Andriy","Pyatov","Andriy Pyatov","Pyatov","257166","./assoc/257166_UKR.svg","./logo/52707.png","UEFA","UKR","52707","FAME","Shakhtar","","https://img.uefa.com/imgml/TP/teams/logos/70x70/52707.png","https://img.uefa.com/imgml/TP/teams/logos/240x240/52707.png","252707","SHK","DOMESTIC_MEN_TEAM_A","","DOMESTIC","Ukraine","Shakhtar","FC Shakhtar Donetsk","SHK","540","MINUTE","6","0","0","25.09","KILOMETER","24.5","KILOMETER_PER_HOUR"
"250029885","50069","37","1987-10-23","82","Borjan","CAN","GOALKEEPER","GOALKEEPER","MALE","195","./image/250029885.jpg","Milan Borjan","GOALKEEPER","18","Borjan","24","80","Canada","Gardien","Milan","Borjan","Milan Borjan","Borjan","200147","./assoc/200147_SRB.svg","./logo/50069.png","UEFA","SRB","50069","FAME","Crvena Zvezda","","https://img.uefa.com/imgml/TP/teams/logos/70x70/50069.png","https://img.uefa.com/imgml/TP/teams/logos/240x240/50069.png","250069","ZVE","DOMESTIC_MEN_TEAM_A","","DOMESTIC","Serbie","Crvena Zvezda","FK Crvena Zvezda","ZVE","540","MINUTE","6","0","0","23.83","KILOMETER","21.2","KILOMETER_PER_HOUR"
"250066753","50136","28","1997-03-22","1","Meret","ITA","GOALKEEPER","GOALKEEPER","MALE","","./image/250066753.jpg","Alex Meret","GOALKEEPER","12","Meret","66","","Italie","Gardien","Alex","Meret","Alex Meret","Meret","200066","./assoc/200066_ITA.svg","./logo/50136.png","UEFA","ITA","50136","FAME","Napoli","","https://img.uefa.com/imgml/TP/teams/logos/70x70/50136.png","https://img.uefa.com/imgml/TP/teams/logos/240x240/50136.png","250136","NAP","DOMESTIC_MEN_TEAM_A","","DOMESTIC","Italie","Napoli","SSC Napoli","NAP","540","MINUTE","6","0","0","23.6","KILOMETER","28.1","KILOMETER_PER_HOUR"
"1905755","50067","39","1986-06-16","1","MUSLERA","URU","GOALKEEPER","GOALKEEPER","MALE","190","./image/1905755.jpg","Fernando Muslera","GOALKEEPER","1","Muslera","138","74","Uruguay","Gardien","Fernando","Muslera","Fernando Muslera","Muslera","200135","./assoc/200135_TUR.svg","./logo/50067.png","UEFA","TUR","50067","FAME","Galatasaray","","https://img.uefa.com/imgml/TP/teams/logos/70x70/50067.png","https://img.uefa.com/imgml/TP/teams/logos/240x240/50067.png","250067","GAL","DOMESTIC_MEN_TEAM_A","","DOMESTIC","Turquie","Galatasaray","Galatasaray A.Ş.","GAL","540","MINUTE","6","0","0","23.28","KILOMETER","23.8","KILOMETER_PER_HOUR"
"250076171","50143","29","1996-04-02","24","Onana","CMR","GOALKEEPER","GOALKEEPER","MALE","190","./image/250076171.jpg","André Onana","GOALKEEPER","23","Onana","23","82","Cameroun","Gardien","André","Onana","André Onana","Onana","200095","./assoc/200095_NED.svg","./logo/50143.png","UEFA","NED","50143","FAME","Ajax","","https://img.uefa.com/imgml/TP/teams/logos/70x70/50143.png","https://img.uefa.com/imgml/TP/teams/logos/240x240/50143.png","250143","AJX","DOMESTIC_MEN_TEAM_A","","DOMESTIC","Pays-Bas","Ajax","AFC Ajax","AJX","540","MINUTE","6","0","0","23.16","KILOMETER","26.6","KILOMETER_PER_HOUR"
"68842","50138","41","1984-07-14","1","Handanovic","SVN","GOALKEEPER","GOALKEEPER","MALE","193","./image/68842.jpg","Samir Handanovič","GOALKEEPER","1","Handanovic","","92","Slovénie","Gardien","Samir","Handanovič","Samir Handanovič","Handanovič","200066","./assoc/200066_ITA.svg","./logo/50138.png","UEFA","ITA","50138","FAME","Inter","","https://img.uefa.com/imgml/TP/teams/logos/70x70/50138.png","https://img.uefa.com/imgml/TP/teams/logos/240x240/50138.png","250138","INT","DOMESTIC_MEN_TEAM_A","","DOMESTIC","Italie","Inter","FC Internazionale Milano","INT","540","MINUTE","6","0","0","22.63","KILOMETER","27.2","KILOMETER_PER_HOUR"
"250064239","2610","32","1993-01-17","1","Jose Sa","POR","GOALKEEPER","GOALKEEPER","MALE","192","./image/250064239.jpg","José Sá","GOALKEEPER","12","JOSÉ SÁ","110","84","Portugal","Gardien","","José Sá","José Sá","José Sá","200049","./assoc/200049_GRE.svg","./logo/2610.png","UEFA","GRE","2610","FAME","Olympiacos","","https://img.uefa.com/imgml/TP/teams/logos/70x70/2610.png","https://img.uefa.com/imgml/TP/teams/logos/240x240/2610.png","202610","OLY","DOMESTIC_MEN_TEAM_A","","DOMESTIC","Grèce","Olympiacos","Olympiacos FC","OLY","540","MINUTE","6","0","0","22.29","KILOMETER","21.8","KILOMETER_PER_HOUR"
"250042625","50164","30","1995-01-09","40","LIVAKOVIĆ","CRO","GOALKEEPER","GOALKEEPER","MALE","186","./image/250042625.jpg","Dominik Livaković","GOALKEEPER","1","Livaković","56370","79","Croatie","Gardien","Dominik","Livaković","Dominik Livaković","Livaković","256370","./assoc/256370_CRO.svg","./logo/50164.png","UEFA","CRO","50164","FAME","GNK Dinamo","","https://img.uefa.com/imgml/TP/teams/logos/70x70/50164.png","https://img.uefa.com/imgml/TP/teams/logos/240x240/50164.png","250164","DIN","DOMESTIC_MEN_TEAM_A","","DOMESTIC","Croatie","GNK Dinamo","GNK Dinamo","DIN","540","MINUTE","6","0","0","21.08","KILOMETER","21","KILOMETER_PER_HOUR"
"250118284","50143","33","1992-08-31","3","TAGLIAFICO","ARG","FULL_BACK","DEFENDER","MALE","","./image/250118284.jpg","Nicolás Tagliafico","DEFENDER","3","Tagliafico","6","","Argentine","Défenseur","Nicolás","Tagliafico","Nicolás Tagliafico","Tagliafico","200095","./assoc/200095_NED.svg","./logo/50143.png","UEFA","NED","50143","FAME","Ajax","","https://img.uefa.com/imgml/TP/teams/logos/70x70/50143.png","https://img.uefa.com/imgml/TP/teams/logos/240x240/50143.png","250143","AJX","DOMESTIC_MEN_TEAM_A","","DOMESTIC","Pays-Bas","Ajax","AFC Ajax","AJX","539","MINUTE","6","1","1","60.44","KILOMETER","29","KILOMETER_PER_HOUR"
"103791","50109","36","1989-04-27","5","","GER","CENTRE_BACK","","MALE","185","./image/103791.jpg","Sven Bender","DEFENDER","4","Bender","","72","Allemagne","","Sven","Bender","Sven Bender","S. Bender","200047","./assoc/200047_GER.svg","./logo/50109.png","UEFA","GER","50109","FAME","Leverkusen","","https://img.uefa.com/imgml/TP/teams/logos/70x70/50109.png","https://img.uefa.com/imgml/TP/teams/logos/240x240/50109.png","250109","LEV","DOMESTIC_MEN_TEAM_A","","DOMESTIC","Allemagne","Leverkusen","Bayer 04 Leverkusen","LEV","539","MINUTE","6","1","0","65.08","KILOMETER","29","KILOMETER_PER_HOUR"
"1902685","52707","36","1989-08-08","6","Stepanenko","UKR","DEFENSIVE_MIDFIELDER","MIDFIELDER","MALE","181","./image/1902685.jpg","Taras Stepanenko","MIDFIELDER","6","Stepanenko","57166","75","Ukraine","Milieu","Taras","Stepanenko","Taras Stepanenko","Stepanenko","257166","./assoc/257166_UKR.svg","./logo/52707.png","UEFA","UKR","52707","FAME","Shakhtar","","https://img.uefa.com/imgml/TP/teams/logos/70x70/52707.png","https://img.uefa.com/imgml/TP/teams/logos/240x240/52707.png","252707","SHK","DOMESTIC_MEN_TEAM_A","","DOMESTIC","Ukraine","Shakhtar","FC Shakhtar Donetsk","SHK","539","MINUTE","6","0","0","68.66","KILOMETER","26.8","KILOMETER_PER_HOUR"
"250049643","50067","39","1986-06-23","22","Mariano","BRA","FULL_BACK","DEFENDER","MALE","177","./image/250049643.jpg","Mariano Ferreira","DEFENDER","","Ferreira Filho","","69","Brésil","Défenseur","","Mariano Ferreira","Mariano Ferreira","Mariano Ferreira","200135","./assoc/200135_TUR.svg","./logo/50067.png","UEFA","TUR","50067","FAME","Galatasaray","","https://img.uefa.com/imgml/TP/teams/logos/70x70/50067.png","https://img.uefa.com/imgml/TP/teams/logos/240x240/50067.png","250067","GAL","DOMESTIC_MEN_TEAM_A","","DOMESTIC","Turquie","Galatasaray","Galatasaray A.Ş.","GAL","539","MINUTE","6","0","0","57.85","KILOMETER","30.8","KILOMETER_PER_HOUR"
"250132803","50143","27","1998-01-18","6","Martinez","ARG","CENTRE_BACK","DEFENDER","MALE","","./image/250132803.jpg","Lisandro Martínez","DEFENDER","16","Martínez","6","","Argentine","Défenseur","Lisandro","Martínez","Lisandro Martínez","Li. Martínez","200095","./assoc/200095_NED.svg","./logo/50143.png","UEFA","NED","50143","FAME","Ajax","","https://img.uefa.com/imgml/TP/teams/logos/70x70/50143.png","https://img.uefa.com/imgml/TP/teams/logos/240x240/50143.png","250143","AJX","DOMESTIC_MEN_TEAM_A","","DOMESTIC","Pays-Bas","Ajax","AFC Ajax","AJX","538","MINUTE","6","0","0","63.2","KILOMETER","29.5","KILOMETER_PER_HOUR"
"250064444","52707","29","1996-05-02","22","Matviyenko","UKR","CENTRE_BACK","DEFENDER","MALE","181","./image/250064444.jpg","Mykola Matviyenko","DEFENDER","22","Matviyenko","57166","67","Ukraine","Défenseur","Mykola","Matviyenko","Mykola Matviyenko","Matviyenko","257166","./assoc/257166_UKR.svg","./logo/52707.png","UEFA","UKR","52707","FAME","Shakhtar","","https://img.uefa.com/imgml/TP/teams/logos/70x70/52707.png","https://img.uefa.com/imgml/TP/teams/logos/240x240/52707.png","252707","SHK","DOMESTIC_MEN_TEAM_A","","DOMESTIC","Ukraine","Shakhtar","FC Shakhtar Donetsk","SHK","536","MINUTE","6","0","0","60.9","KILOMETER","31.5","KILOMETER_PER_HOUR"
"250086263","52498","29","1995-11-16","14","Olayinka","NGA","STRIKER","FORWARD","MALE","188","./image/250086263.jpg","Peter Olayinka","FORWARD","","Olayinka","","","Nigeria","Attaquant","Peter","Olayinka","Peter Olayinka","Olayinka","258837","./assoc/258837_CZE.svg","./logo/52498.png","UEFA","CZE","52498","FAME","Slavia Praha","","https://img.uefa.com/imgml/TP/teams/logos/70x70/52498.png","https://img.uefa.com/imgml/TP/teams/logos/240x240/52498.png","252498","SLP","DOMESTIC_MEN_TEAM_A","","DOMESTIC","Tchéquie","Slavia Praha","SK Slavia Praha","SLA","535","MINUTE","6","1","0","65.89","KILOMETER","31.7","KILOMETER_PER_HOUR"
"250074850","50030","28","1997-07-11","13","Kristensen","DEN","FULL_BACK","DEFENDER","MALE","","./image/250074850.jpg","Rasmus Kristensen","DEFENDER","13","Kristensen","35","","Danemark","Défenseur","Rasmus","Kristensen","Rasmus Kristensen","Kristensen","200008","./assoc/200008_AUT.svg","./logo/50030.png","UEFA","AUT","50030","FAME","Salzburg","","https://img.uefa.com/imgml/TP/teams/logos/70x70/50030.png","https://img.uefa.com/imgml/TP/teams/logos/240x240/50030.png","250030","SAL","DOMESTIC_MEN_TEAM_A","","DOMESTIC","Autriche","Salzburg","FC Salzburg","SAL","534","MINUTE","6","0","0","62.97","KILOMETER","29","KILOMETER_PER_HOUR"
"102092","53065","35","1990-01-29","7","Krychowiak","POL","DEFENSIVE_MIDFIELDER","MIDFIELDER","MALE","186","./image/102092.jpg","Grzegorz Krychowiak","MIDFIELDER","10","Krychowiak","109","83","Pologne","Milieu","Grzegorz","Krychowiak","Grzegorz Krychowiak","Krychowiak","257451","./assoc/257451_RUS.svg","./logo/53065.png","UEFA","RUS","53065","FAME","Lokomotiv Moskva","","https://img.uefa.com/imgml/TP/teams/logos/70x70/53065.png","https://img.uefa.com/imgml/TP/teams/logos/240x240/53065.png","253065","LMO","DOMESTIC_MEN_TEAM_A","","DOMESTIC","Russie","Lokomotiv Moskva","FC Lokomotiv Moskva","LMO","533","MINUTE","6","1","0","62.14","KILOMETER","32","KILOMETER_PER_HOUR"
"1905688","52914","37","1988-08-09","18","Willian","BRA","WINGER","MIDFIELDER","MALE","173","./image/1905688.jpg","Willian","MIDFIELDER","19","Willian","18","71","Brésil","Milieu","","Willian","Willian","Willian","200039","./assoc/200039_ENG.svg","./logo/52914.png","UEFA","ENG","52914","FAME","Chelsea","","https://img.uefa.com/imgml/TP/teams/logos/70x70/52914.png","https://img.uefa.com/imgml/TP/teams/logos/240x240/52914.png","252914","CHE","DOMESTIC_MEN_TEAM_A","","DOMESTIC","Angleterre","Chelsea","Chelsea FC","CHE","530","MINUTE","7","1","1","56.37","KILOMETER","32.4","KILOMETER_PER_HOUR"
"1907928","50136","34","1991-05-27","6","Mario Rui","POR","FULL_BACK","DEFENDER","MALE","","./image/1907928.jpg","Mário Rui","DEFENDER","19","Mário Rui","110","","Portugal","Défenseur","","Mário Rui","Mário Rui","Mário Rui","200066","./assoc/200066_ITA.svg","./logo/50136.png","UEFA","ITA","50136","FAME","Napoli","","https://img.uefa.com/imgml/TP/teams/logos/70x70/50136.png","https://img.uefa.com/imgml/TP/teams/logos/240x240/50136.png","250136","NAP","DOMESTIC_MEN_TEAM_A","","DOMESTIC","Italie","Napoli","SSC Napoli","NAP","528","MINUTE","7","0","0","57.19","KILOMETER","32.21","KILOMETER_PER_HOUR"
"250014558","52268","34","1991-03-06","19","RODRIGO M.","ESP","STRIKER","FORWARD","MALE","181","./image/250014558.jpg","Rodrigo","FORWARD","19","Rodrigo M.","122","77","Espagne","Attaquant","","Rodrigo","Rodrigo","Rodrigo","200122","./assoc/200122_ESP.svg","./logo/52268.png","UEFA","ESP","52268","FAME","Valencia","","https://img.uefa.com/imgml/TP/teams/logos/70x70/52268.png","https://img.uefa.com/imgml/TP/teams/logos/240x240/52268.png","252268","VAL","DOMESTIC_MEN_TEAM_A","","DOMESTIC","Espagne","Valencia","Valencia CF","VAL","527","MINUTE","6","2","2","57.53","KILOMETER","32.4","KILOMETER_PER_HOUR"
"250087425","75797","26","1999-02-27","24","B. Soumaré","FRA","DEFENSIVE_MIDFIELDER","MIDFIELDER","MALE","","./image/250087425.jpg","Boubakary Soumaré","MIDFIELDER","20","Soumaré","200043","","France","Milieu","Boubakary","Soumaré","Boubakary Soumaré","Soumaré","200043","./assoc/200043_FRA.svg","./logo/75797.png","UEFA","FRA","75797","FAME","Lille","","https://img.uefa.com/imgml/TP/teams/logos/70x70/75797.png","https://img.uefa.com/imgml/TP/teams/logos/240x240/75797.png","275797","LIL","DOMESTIC_MEN_TEAM_A","","DOMESTIC","France","Lille","LOSC Lille","LIL","527","MINUTE","6","0","0","62.06","KILOMETER","32.8","KILOMETER_PER_HOUR"
"250036166","52707","38","1987-04-04","10","Moraes","UKR","STRIKER","FORWARD","MALE","176","./image/250036166.jpg","Júnior Moraes","FORWARD","19","Moraes","57166","70","Ukraine","Attaquant","","Júnior Moraes","Júnior Moraes","Júnior Moraes","257166","./assoc/257166_UKR.svg","./logo/52707.png","UEFA","UKR","52707","FAME","Shakhtar","","https://img.uefa.com/imgml/TP/teams/logos/70x70/52707.png","https://img.uefa.com/imgml/TP/teams/logos/240x240/52707.png","252707","SHK","DOMESTIC_MEN_TEAM_A","","DOMESTIC","Ukraine","Shakhtar","FC Shakhtar Donetsk","SHK","526","MINUTE","6","2","1","55.38","KILOMETER","31.5","KILOMETER_PER_HOUR"
"250017049","50067","39","1986-09-12","25","Nagatomo","JPN","FULL_BACK","DEFENDER","MALE","170","./image/250017049.jpg","Yuto Nagatomo","DEFENDER","5","Nagatomo","69","68","Japon","Défenseur","Yuto","Nagatomo","Yuto Nagatomo","Nagatomo","200135","./assoc/200135_TUR.svg","./logo/50067.png","UEFA","TUR","50067","FAME","Galatasaray","","https://img.uefa.com/imgml/TP/teams/logos/70x70/50067.png","https://img.uefa.com/imgml/TP/teams/logos/240x240/50067.png","250067","GAL","DOMESTIC_MEN_TEAM_A","","DOMESTIC","Turquie","Galatasaray","Galatasaray A.Ş.","GAL","525","MINUTE","6","0","0","63.07","KILOMETER","30.8","KILOMETER_PER_HOUR"
"250085369","52758","30","1995-07-19","25","Akanji","SUI","UNKNOWN","DEFENDER","MALE","187","./image/250085369.jpg","Manuel Akanji","DEFENDER","5","Akanji","128","","Suisse","Défenseur","Manuel","Akanji","Manuel Akanji","Akanji","200047","./assoc/200047_GER.svg","./logo/52758.png","UEFA","GER","52758","FAME","B. Dortmund","","https://img.uefa.com/imgml/TP/teams/logos/70x70/52758.png","https://img.uefa.com/imgml/TP/teams/logos/240x240/52758.png","252758","BVB","DOMESTIC_MEN_TEAM_A","","DOMESTIC","Allemagne","B. Dortmund","Borussia Dortmund","BVB","524","MINUTE","6","0","0","55.83","KILOMETER","30.4","KILOMETER_PER_HOUR"
"250041771","50037","30","1995-02-06","8","Goretzka","GER","CENTRAL_MIDFIELDER","MIDFIELDER","MALE","189","./image/250041771.jpg","Leon Goretzka","MIDFIELDER","8","Goretzka","47","79","Allemagne","Milieu","Leon","Goretzka","Leon Goretzka","Goretzka","200047","./assoc/200047_GER.svg","./logo/50037.png","UEFA","GER","50037","FAME","Bayern München","","https://img.uefa.com/imgml/TP/teams/logos/70x70/50037.png","https://img.uefa.com/imgml/TP/teams/logos/240x240/50037.png","250037","BAY","DOMESTIC_MEN_TEAM_A","","DOMESTIC","Allemagne","Bayern München","FC Bayern München","BAY","523","MINUTE","8","1","1","62.17","KILOMETER","31.3","KILOMETER_PER_HOUR"
"250058217","1652","29","1996-04-11","20","Dele","ENG","ATTACKING_MIDFIELDER","MIDFIELDER","MALE","188","./image/250058217.jpg","Dele Alli","MIDFIELDER","20","Dele","39","73","Angleterre","Milieu","Dele","Alli","Dele Alli","Alli","200039","./assoc/200039_ENG.svg","./logo/1652.png","UEFA","ENG","1652","FAME","Tottenham","","https://img.uefa.com/imgml/TP/teams/logos/70x70/1652.png","https://img.uefa.com/imgml/TP/teams/logos/240x240/1652.png","201652","TOT","DOMESTIC_MEN_TEAM_A","","DOMESTIC","Angleterre","Tottenham","Tottenham Hotspur","TOT","522","MINUTE","7","1","1","67.34","KILOMETER","30.6","KILOMETER_PER_HOUR"
"250042780","75797","30","1995-07-03","16","M. MAIGNAN","FRA","GOALKEEPER","GOALKEEPER","MALE","187","./image/250042780.jpg","Mike Maignan","GOALKEEPER","16","Maignan","43","80","France","Gardien","Mike","Maignan","Mike Maignan","Maignan","200043","./assoc/200043_FRA.svg","./logo/75797.png","UEFA","FRA","75797","FAME","Lille","","https://img.uefa.com/imgml/TP/teams/logos/70x70/75797.png","https://img.uefa.com/imgml/TP/teams/logos/240x240/75797.png","275797","LIL","DOMESTIC_MEN_TEAM_A","","DOMESTIC","France","Lille","LOSC Lille","LIL","522","MINUTE","6","0","0","24.04","KILOMETER","30.8","KILOMETER_PER_HOUR"
"250013469","2603790","33","1991-10-23","10","Forsberg","SWE","WINGER","FORWARD","MALE","179","./image/250013469.jpg","Emil Forsberg","MIDFIELDER","10","Forsberg","127","78","Suède","Attaquant","Emil","Forsberg","Emil Forsberg","Forsberg","200047","./assoc/200047_GER.svg","./logo/2603790.png","UEFA","GER","2603790","FAME","Leipzig","","https://img.uefa.com/imgml/TP/teams/logos/70x70/2603790.png","https://img.uefa.com/imgml/TP/teams/logos/240x240/2603790.png","250002563","RBL","DOMESTIC_MEN_TEAM_A","","DOMESTIC","Allemagne","Leipzig","RB Leipzig","RBL","521","MINUTE","9","4","1","65.35","KILOMETER","29.5","KILOMETER_PER_HOUR"
"250024370","50136","31","1994-05-20","7","Zieliński","POL","ATTACKING_MIDFIELDER","MIDFIELDER","MALE","177","./image/250024370.jpg","Piotr Zieliński","MIDFIELDER","10","Zieliński","109","64","Pologne","Milieu","Piotr","Zieliński","Piotr Zieliński","Zieliński","200066","./assoc/200066_ITA.svg","./logo/50136.png","UEFA","ITA","50136","FAME","Napoli","","https://img.uefa.com/imgml/TP/teams/logos/70x70/50136.png","https://img.uefa.com/imgml/TP/teams/logos/240x240/50136.png","250136","NAP","DOMESTIC_MEN_TEAM_A","","DOMESTIC","Italie","Napoli","SSC Napoli","NAP","521","MINUTE","7","0","1","64.38","KILOMETER","31","KILOMETER_PER_HOUR"
"250040564","50138","32","1992-11-16","77","Brozović","CRO","DEFENSIVE_MIDFIELDER","MIDFIELDER","MALE","181","./image/250040564.jpg","Marcelo Brozović","MIDFIELDER","11","Brozović","56370","68","Croatie","Milieu","Marcelo","Brozović","Marcelo Brozović","Brozović","200066","./assoc/200066_ITA.svg","./logo/50138.png","UEFA","ITA","50138","FAME","Inter","","https://img.uefa.com/imgml/TP/teams/logos/70x70/50138.png","https://img.uefa.com/imgml/TP/teams/logos/240x240/50138.png","250138","INT","DOMESTIC_MEN_TEAM_A","","DOMESTIC","Italie","Inter","FC Internazionale Milano","INT","521","MINUTE","6","0","1","74.82","KILOMETER","29.2","KILOMETER_PER_HOUR"
"250118281","50138","28","1997-08-22","10","Lautaro","ARG","STRIKER","FORWARD","MALE","","./image/250118281.jpg","Lautaro Martínez","FORWARD","22","L. Martínez","6","","Argentine","Attaquant","Lautaro","Martínez","Lautaro Martínez","L. Martínez","200066","./assoc/200066_ITA.svg","./logo/50138.png","UEFA","ITA","50138","FAME","Inter","","https://img.uefa.com/imgml/TP/teams/logos/70x70/50138.png","https://img.uefa.com/imgml/TP/teams/logos/240x240/50138.png","250138","INT","DOMESTIC_MEN_TEAM_A","","DOMESTIC","Italie","Inter","FC Internazionale Milano","INT","520","MINUTE","6","5","1","59.55","KILOMETER","32.4","KILOMETER_PER_HOUR"
"93629","52826","41","1984-02-22","6","Ivanovic","SRB","FULL_BACK","DEFENDER","MALE","188","./image/93629.jpg","Branislav Ivanović","DEFENDER","6","Ivanović","147","91","Serbie","Défenseur","Branislav","Ivanović","Branislav Ivanović","Ivanović","257451","./assoc/257451_RUS.svg","./logo/52826.png","UEFA","RUS","52826","FAME","Zenit","","https://img.uefa.com/imgml/TP/teams/logos/70x70/52826.png","https://img.uefa.com/imgml/TP/teams/logos/240x240/52826.png","252826","ZEN","DOMESTIC_MEN_TEAM_A","","DOMESTIC","Russie","Zenit","FC Zenit","ZEN","520","MINUTE","6","0","0","51.69","KILOMETER","30.4","KILOMETER_PER_HOUR"
"69622","53065","39","1986-02-05","14","Ćorluka","CRO","CENTRE_BACK","DEFENDER","MALE","192","./image/69622.jpg","Vedran Ćorluka","","5","","56370","84","Croatie","Défenseur","Vedran","Ćorluka","Vedran Ćorluka","Ćorluka","257451","./assoc/257451_RUS.svg","./logo/53065.png","UEFA","RUS","53065","FAME","Lokomotiv Moskva","","https://img.uefa.com/imgml/TP/teams/logos/70x70/53065.png","https://img.uefa.com/imgml/TP/teams/logos/240x240/53065.png","253065","LMO","DOMESTIC_MEN_TEAM_A","","DOMESTIC","Russie","Lokomotiv Moskva","FC Lokomotiv Moskva","LMO","519","MINUTE","6","0","0","52.57","KILOMETER","27.9","KILOMETER_PER_HOUR"
"250005231","50164","34","1991-05-29","5","Ademi","MKD","DEFENSIVE_MIDFIELDER","MIDFIELDER","MALE","183","./image/250005231.jpg","Arijan Ademi","MIDFIELDER","5","Ademi","59205","79","Macédoine du Nord","Milieu","Arijan","Ademi","Arijan Ademi","Ademi","256370","./assoc/256370_CRO.svg","./logo/50164.png","UEFA","CRO","50164","FAME","GNK Dinamo","","https://img.uefa.com/imgml/TP/teams/logos/70x70/50164.png","https://img.uefa.com/imgml/TP/teams/logos/240x240/50164.png","250164","DIN","DOMESTIC_MEN_TEAM_A","","DOMESTIC","Croatie","GNK Dinamo","GNK Dinamo","DIN","518","MINUTE","6","1","1","61.31","KILOMETER","29.7","KILOMETER_PER_HOUR"
"250081223","7889","30","1995-01-16","18","MINAMINO","JPN","STRIKER","MIDFIELDER","MALE","174","./image/250081223.jpg","Takumi Minamino","FORWARD","10","Minamino","69","","Japon","Milieu","Takumi","Minamino","Takumi Minamino","Minamino","200039","./assoc/200039_ENG.svg","./logo/7889.png","UEFA","ENG","7889","FAME","Liverpool","","https://img.uefa.com/imgml/TP/teams/logos/70x70/7889.png","https://img.uefa.com/imgml/TP/teams/logos/240x240/7889.png","207889","LIV","DOMESTIC_MEN_TEAM_A","","DOMESTIC","Angleterre","Liverpool","Liverpool FC","LIV","517","MINUTE","7","2","3","67.77","KILOMETER","31.3","KILOMETER_PER_HOUR"
"250020682","50037","33","1992-06-12","23","Coutinho","BRA","ATTACKING_MIDFIELDER","FORWARD","MALE","171","./image/250020682.jpg","Philippe Coutinho","MIDFIELDER","","Coutinho","18","72","Brésil","Attaquant","Philippe","Coutinho","Philippe Coutinho","Coutinho","200047","./assoc/200047_GER.svg","./logo/50037.png","UEFA","GER","50037","FAME","Bayern München","","https://img.uefa.com/imgml/TP/teams/logos/70x70/50037.png","https://img.uefa.com/imgml/TP/teams/logos/240x240/50037.png","250037","BAY","DOMESTIC_MEN_TEAM_A","","DOMESTIC","Allemagne","Bayern München","FC Bayern München","BAY","516","MINUTE","11","3","3","63.77","KILOMETER","29","KILOMETER_PER_HOUR"
"250001755","52816","37","1988-01-29","72","Iličić","SVN","ATTACKING_MIDFIELDER","MIDFIELDER","MALE","190","./image/250001755.jpg","Josip Iličić","MIDFIELDER","7","Iličić","57163","77","Slovénie","Milieu","Josip","Iličić","Josip Iličić","Iličić","200066","./assoc/200066_ITA.svg","./logo/52816.png","UEFA","ITA","52816","FAME","Atalanta","","https://img.uefa.com/imgml/TP/teams/logos/70x70/52816.png","https://img.uefa.com/imgml/TP/teams/logos/240x240/52816.png","252816","ATA","DOMESTIC_MEN_TEAM_A","","DOMESTIC","Italie","Atalanta","Atalanta BC","ATA","516","MINUTE","7","5","0","57.34","KILOMETER","31.7","KILOMETER_PER_HOUR"
"250057119","2603790","34","1991-09-27","23","Halstenberg","GER","FULL_BACK","DEFENDER","MALE","","./image/250057119.jpg","Marcel Halstenberg","DEFENDER","3","Halstenberg","47","","Allemagne","Défenseur","Marcel","Halstenberg","Marcel Halstenberg","Halstenberg","200047","./assoc/200047_GER.svg","./logo/2603790.png","UEFA","GER","2603790","FAME","Leipzig","","https://img.uefa.com/imgml/TP/teams/logos/70x70/2603790.png","https://img.uefa.com/imgml/TP/teams/logos/240x240/2603790.png","250002563","RBL","DOMESTIC_MEN_TEAM_A","","DOMESTIC","Allemagne","Leipzig","RB Leipzig","RBL","516","MINUTE","7","0","0","59.54","KILOMETER","29","KILOMETER_PER_HOUR"
"250010260","7889","35","1990-06-17","6","Henderson","ENG","CENTRAL_MIDFIELDER","MIDFIELDER","MALE","182","./image/250010260.jpg","Jordan Henderson","MIDFIELDER","8","Henderson","39","67","Angleterre","Milieu","Jordan","Henderson","Jordan Henderson","J. Henderson","200039","./assoc/200039_ENG.svg","./logo/7889.png","UEFA","ENG","7889","FAME","Liverpool","","https://img.uefa.com/imgml/TP/teams/logos/70x70/7889.png","https://img.uefa.com/imgml/TP/teams/logos/240x240/7889.png","207889","LIV","DOMESTIC_MEN_TEAM_A","","DOMESTIC","Angleterre","Liverpool","Liverpool FC","LIV","514","MINUTE","6","0","0","63.33","KILOMETER","31.3","KILOMETER_PER_HOUR"
"250076654","2603790","27","1997-11-14","18","Nkunku","FRA","UNKNOWN","MIDFIELDER","MALE","178","./image/250076654.jpg","Christopher Nkunku","FORWARD","18","Nkunku","43","68","France","Milieu","Christopher","Nkunku","Christopher Nkunku","Nkunku","200047","./assoc/200047_GER.svg","./logo/2603790.png","UEFA","GER","2603790","FAME","Leipzig","","https://img.uefa.com/imgml/TP/teams/logos/70x70/2603790.png","https://img.uefa.com/imgml/TP/teams/logos/240x240/2603790.png","250002563","RBL","DOMESTIC_MEN_TEAM_A","","DOMESTIC","Allemagne","Leipzig","RB Leipzig","RBL","513","MINUTE","9","0","0","61.1","KILOMETER","32.4","KILOMETER_PER_HOUR"
"250099055","61582","32","1992-12-23","70","Samatta","TAN","STRIKER","FORWARD","MALE","190","./image/250099055.jpg","Mbwana Ally Samatta","FORWARD","","Samatta","","81","Tanzanie","Attaquant","Mbwana Ally","Samatta","Mbwana Ally Samatta","Samatta","200013","./assoc/200013_BEL.svg","./logo/61582.png","UEFA","BEL","61582","FAME","Genk","","https://img.uefa.com/imgml/TP/teams/logos/70x70/61582.png","https://img.uefa.com/imgml/TP/teams/logos/240x240/61582.png","261582","GEN","DOMESTIC_MEN_TEAM_A","","DOMESTIC","Belgique","Genk","KRC Genk","GEN","513","MINUTE","6","3","0","56.58","KILOMETER","31.7","KILOMETER_PER_HOUR"
"250058215","7889","28","1997-05-23","2","Gomez","ENG","UNKNOWN","DEFENDER","MALE","","./image/250058215.jpg","Joe Gomez","DEFENDER","22","Gomez","39","","Angleterre","Défenseur","Joe","Gomez","Joe Gomez","Gomez","200039","./assoc/200039_ENG.svg","./logo/7889.png","UEFA","ENG","7889","FAME","Liverpool","","https://img.uefa.com/imgml/TP/teams/logos/70x70/7889.png","https://img.uefa.com/imgml/TP/teams/logos/240x240/7889.png","207889","LIV","DOMESTIC_MEN_TEAM_A","","DOMESTIC","Angleterre","Liverpool","Liverpool FC","LIV","511","MINUTE","7","0","0","57.55","KILOMETER","32","KILOMETER_PER_HOUR"
"250028715","52816","32","1993-02-19","19","Djimsiti","ALB","FULL_BACK","DEFENDER","MALE","190","./image/250028715.jpg","Berat Djimsiti","DEFENDER","6","Gjimshiti","2","83","Albanie","Défenseur","Berat","Djimsiti","Berat Djimsiti","Djimsiti","200066","./assoc/200066_ITA.svg","./logo/52816.png","UEFA","ITA","52816","FAME","Atalanta","","https://img.uefa.com/imgml/TP/teams/logos/70x70/52816.png","https://img.uefa.com/imgml/TP/teams/logos/240x240/52816.png","252816","ATA","DOMESTIC_MEN_TEAM_A","","DOMESTIC","Italie","Atalanta","Atalanta BC","ATA","510","MINUTE","6","0","0","57.53","KILOMETER","30.2","KILOMETER_PER_HOUR"
"1900739","50139","37","1987-12-10","21","Higuain","ARG","STRIKER","FORWARD","MALE","184","./image/1900739.jpg","Gonzalo Higuaín","FORWARD","9","Higuain","6","75","Argentine","Attaquant","Gonzalo","Higuaín","Gonzalo Higuaín","Higuaín","200066","./assoc/200066_ITA.svg","./logo/50139.png","UEFA","ITA","50139","FAME","Juventus","","https://img.uefa.com/imgml/TP/teams/logos/70x70/50139.png","https://img.uefa.com/imgml/TP/teams/logos/240x240/50139.png","250139","JUV","DOMESTIC_MEN_TEAM_A","","DOMESTIC","Italie","Juventus","Juventus","JUV","509","MINUTE","8","2","3","57.06","KILOMETER","29.9","KILOMETER_PER_HOUR"
"250002704","50080","37","1988-07-16","5","Sergio","ESP","DEFENSIVE_MIDFIELDER","MIDFIELDER","MALE","189","./image/250002704.jpg","Sergio Busquets","MIDFIELDER","5","Sergio","122","76","Espagne","Milieu","","Sergio Busquets","Sergio Busquets","Sergio Busquets","200122","./assoc/200122_ESP.svg","./logo/50080.png","UEFA","ESP","50080","FAME","Barcelona","","https://img.uefa.com/imgml/TP/teams/logos/70x70/50080.png","https://img.uefa.com/imgml/TP/teams/logos/240x240/50080.png","250080","BAR","DOMESTIC_MEN_TEAM_A","","DOMESTIC","Espagne","Barcelona","FC Barcelona","BAR","509","MINUTE","7","0","0","61.66","KILOMETER","28.1","KILOMETER_PER_HOUR"
"250049873","5312","36","1989-02-19","20","Marçal","BRA","FULL_BACK","DEFENDER","MALE","","./image/250049873.jpg","Fernando Marçal","DEFENDER","","Marçal","","","Brésil","Défenseur","Fernando","Marçal","Fernando Marçal","Marçal","200043","./assoc/200043_FRA.svg","./logo/5312.png","UEFA","FRA","5312","FAME","Lyon","","https://img.uefa.com/imgml/TP/teams/logos/70x70/5312.png","https://img.uefa.com/imgml/TP/teams/logos/240x240/5312.png","205312","LYO","DOMESTIC_MEN_TEAM_A","","DOMESTIC","France","Lyon","Olympique Lyonnais","LYO","509","MINUTE","7","0","0","61.33","KILOMETER","30.4","KILOMETER_PER_HOUR"
"250050098","50164","30","1995-10-07","30","Stojanović","SVN","FULL_BACK","DEFENDER","MALE","178","./image/250050098.jpg","Petar Stojanović","DEFENDER","20","Stojanović","57163","73","Slovénie","Défenseur","Petar","Stojanović","Petar Stojanović","Stojanović","256370","./assoc/256370_CRO.svg","./logo/50164.png","UEFA","CRO","50164","FAME","GNK Dinamo","","https://img.uefa.com/imgml/TP/teams/logos/70x70/50164.png","https://img.uefa.com/imgml/TP/teams/logos/240x240/50164.png","250164","DIN","DOMESTIC_MEN_TEAM_A","","DOMESTIC","Croatie","GNK Dinamo","GNK Dinamo","DIN","507","MINUTE","6","0","1","59.33","KILOMETER","29.5","KILOMETER_PER_HOUR"
"101295","50030","38","1987-09-26","16","","AUT","ATTACKING_MIDFIELDER","","MALE","172","./image/101295.jpg","Zlatko Junuzović","MIDFIELDER","10","Junuzovic","200008","69","Autriche","","Zlatko","Junuzović","Zlatko Junuzović","Junuzović","200008","./assoc/200008_AUT.svg","./logo/50030.png","UEFA","AUT","50030","FAME","Salzburg","","https://img.uefa.com/imgml/TP/teams/logos/70x70/50030.png","https://img.uefa.com/imgml/TP/teams/logos/240x240/50030.png","250030","SAL","DOMESTIC_MEN_TEAM_A","","DOMESTIC","Autriche","Salzburg","FC Salzburg","SAL","506","MINUTE","6","0","3","65.26","KILOMETER","31","KILOMETER_PER_HOUR"
"250132796","52826","31","1994-03-22","3","Douglas Santos","BRA","UNKNOWN","DEFENDER","MALE","","./image/250132796.jpg","Douglas Santos","DEFENDER","","Douglas Santos","","","Brésil","Défenseur","","Douglas Santos","Douglas Santos","Douglas Santos","257451","./assoc/257451_RUS.svg","./logo/52826.png","UEFA","RUS","52826","FAME","Zenit","","https://img.uefa.com/imgml/TP/teams/logos/70x70/52826.png","https://img.uefa.com/imgml/TP/teams/logos/240x240/52826.png","252826","ZEN","DOMESTIC_MEN_TEAM_A","","DOMESTIC","Russie","Zenit","FC Zenit","ZEN","506","MINUTE","6","0","1","59.12","KILOMETER","28.1","KILOMETER_PER_HOUR"
"250053191","50143","32","1993-03-19","22","ZIYECH","MAR","CENTRAL_MIDFIELDER","MIDFIELDER","MALE","180","./image/250053191.jpg","Hakim Ziyech","MIDFIELDER","7","Ziyech","92","70","Maroc","Milieu","Hakim","Ziyech","Hakim Ziyech","Ziyech","200095","./assoc/200095_NED.svg","./logo/50143.png","UEFA","NED","50143","FAME","Ajax","","https://img.uefa.com/imgml/TP/teams/logos/70x70/50143.png","https://img.uefa.com/imgml/TP/teams/logos/240x240/50143.png","250143","AJX","DOMESTIC_MEN_TEAM_A","","DOMESTIC","Pays-Bas","Ajax","AFC Ajax","AJX","499","MINUTE","6","2","5","56.18","KILOMETER","30.6","KILOMETER_PER_HOUR"
"250015966","50139","37","1988-05-26","7","Cuadrado","COL","UNKNOWN","MIDFIELDER","MALE","176","./image/250015966.jpg","Juan Cuadrado","MIDFIELDER","11","Cuadrado","29","66","Colombie","Milieu","Juan","Cuadrado","Juan Cuadrado","Cuadrado","200066","./assoc/200066_ITA.svg","./logo/50139.png","UEFA","ITA","50139","FAME","Juventus","","https://img.uefa.com/imgml/TP/teams/logos/70x70/50139.png","https://img.uefa.com/imgml/TP/teams/logos/240x240/50139.png","250139","JUV","DOMESTIC_MEN_TEAM_A","","DOMESTIC","Italie","Juventus","Juventus","JUV","499","MINUTE","6","1","1","58.71","KILOMETER","32.8","KILOMETER_PER_HOUR"
"250039161","52707","34","1991-05-13","21","A. Patrick","BRA","ATTACKING_MIDFIELDER","MIDFIELDER","MALE","177","./image/250039161.jpg","Alan Patrick","MIDFIELDER","","Lourenco","","","Brésil","Milieu","","Alan Patrick","Alan Patrick","Alan Patrick","257166","./assoc/257166_UKR.svg","./logo/52707.png","UEFA","UKR","52707","FAME","Shakhtar","","https://img.uefa.com/imgml/TP/teams/logos/70x70/52707.png","https://img.uefa.com/imgml/TP/teams/logos/240x240/52707.png","252707","SHK","DOMESTIC_MEN_TEAM_A","","DOMESTIC","Ukraine","Shakhtar","FC Shakhtar Donetsk","SHK","497","MINUTE","6","1","2","64.55","KILOMETER","28.6","KILOMETER_PER_HOUR"
"250106596","50069","33","1992-09-13","77","Gobeljić","SRB","FULL_BACK","DEFENDER","MALE","","./image/250106596.jpg","Marko Gobeljić","DEFENDER","2","Gobeljić","147","","Serbie","Défenseur","Marko","Gobeljić","Marko Gobeljić","Gobeljić","200147","./assoc/200147_SRB.svg","./logo/50069.png","UEFA","SRB","50069","FAME","Crvena Zvezda","","https://img.uefa.com/imgml/TP/teams/logos/70x70/50069.png","https://img.uefa.com/imgml/TP/teams/logos/240x240/50069.png","250069","ZVE","DOMESTIC_MEN_TEAM_A","","DOMESTIC","Serbie","Crvena Zvezda","FK Crvena Zvezda","ZVE","495","MINUTE","6","0","0","57.14","KILOMETER","31.7","KILOMETER_PER_HOUR"
"250109183","50136","33","1991-11-21","4","Demme","GER","DEFENSIVE_MIDFIELDER","MIDFIELDER","MALE","","./image/250109183.jpg","Diego Demme","MIDFIELDER","23","Demme","47","","Allemagne","Milieu","Diego","Demme","Diego Demme","Demme","200066","./assoc/200066_ITA.svg","./logo/50136.png","UEFA","ITA","50136","FAME","Napoli","","https://img.uefa.com/imgml/TP/teams/logos/70x70/50136.png","https://img.uefa.com/imgml/TP/teams/logos/240x240/50136.png","250136","NAP","DOMESTIC_MEN_TEAM_A","","DOMESTIC","Italie","Napoli","SSC Napoli","NAP","489","MINUTE","7","1","0","66.92","KILOMETER","29.7","KILOMETER_PER_HOUR"
"250133448","50069","29","1996-09-10","10","Mateo","ARG","UNKNOWN","MIDFIELDER","MALE","","./image/250133448.jpg","Mateo García","","","Garcia Ezequiel","","","Argentine","Milieu","Mateo","García","Mateo García","García","200147","./assoc/200147_SRB.svg","./logo/50069.png","UEFA","SRB","50069","FAME","Crvena Zvezda","","https://img.uefa.com/imgml/TP/teams/logos/70x70/50069.png","https://img.uefa.com/imgml/TP/teams/logos/240x240/50069.png","250069","ZVE","DOMESTIC_MEN_TEAM_A","","DOMESTIC","Serbie","Crvena Zvezda","FK Crvena Zvezda","ZVE","489","MINUTE","6","0","0","58.18","KILOMETER","32","KILOMETER_PER_HOUR"
"250046522","52758","29","1996-05-02","10","Brandt","GER","WINGER","MIDFIELDER","MALE","176","./image/250046522.jpg","Julian Brandt","MIDFIELDER","14","Brandt","47","82","Allemagne","Milieu","Julian","Brandt","Julian Brandt","Brandt","200047","./assoc/200047_GER.svg","./logo/52758.png","UEFA","GER","52758","FAME","B. Dortmund","","https://img.uefa.com/imgml/TP/teams/logos/70x70/52758.png","https://img.uefa.com/imgml/TP/teams/logos/240x240/52758.png","252758","BVB","DOMESTIC_MEN_TEAM_A","","DOMESTIC","Allemagne","B. Dortmund","Borussia Dortmund","BVB","488","MINUTE","7","2","2","66.66","KILOMETER","31.3","KILOMETER_PER_HOUR"
"250024456","50124","32","1992-10-23","77","MORATA","ESP","STRIKER","FORWARD","MALE","189","./image/250024456.jpg","Álvaro Morata","FORWARD","7","MORATA","122","85","Espagne","Attaquant","Álvaro","Morata","Álvaro Morata","Morata","200122","./assoc/200122_ESP.svg","./logo/50124.png","UEFA","ESP","50124","FAME","Atleti","","https://img.uefa.com/imgml/TP/teams/logos/70x70/50124.png","https://img.uefa.com/imgml/TP/teams/logos/240x240/50124.png","250124","ATM","DOMESTIC_MEN_TEAM_A","","DOMESTIC","Espagne","Atleti","Atlético de Madrid","ATM","485","MINUTE","8","3","1","56.18","KILOMETER","33.1","KILOMETER_PER_HOUR"
"250053907","7889","31","1993-10-23","3","Fabinho","BRA","UNKNOWN","MIDFIELDER","MALE","188","./image/250053907.jpg","Fabinho","MIDFIELDER","15","Tavares","18","78","Brésil","Milieu","","Fabinho","Fabinho","Fabinho","200039","./assoc/200039_ENG.svg","./logo/7889.png","UEFA","ENG","7889","FAME","Liverpool","","https://img.uefa.com/imgml/TP/teams/logos/70x70/7889.png","https://img.uefa.com/imgml/TP/teams/logos/240x240/7889.png","207889","LIV","DOMESTIC_MEN_TEAM_A","","DOMESTIC","Angleterre","Liverpool","Liverpool FC","LIV","484","MINUTE","7","0","1","60.57","KILOMETER","28.1","KILOMETER_PER_HOUR"
"250050346","2610","32","1993-04-05","5","Bouchalakis","GRE","CENTRAL_MIDFIELDER","MIDFIELDER","MALE","186","./image/250050346.jpg","Andreas Bouchalakis","MIDFIELDER","5","Bouchalakis","49","79","Grèce","Milieu","Andreas","Bouchalakis","Andreas Bouchalakis","Bouchalakis","200049","./assoc/200049_GRE.svg","./logo/2610.png","UEFA","GRE","2610","FAME","Olympiacos","","https://img.uefa.com/imgml/TP/teams/logos/70x70/2610.png","https://img.uefa.com/imgml/TP/teams/logos/240x240/2610.png","202610","OLY","DOMESTIC_MEN_TEAM_A","","DOMESTIC","Grèce","Olympiacos","Olympiacos FC","OLY","484","MINUTE","6","0","0","60.18","KILOMETER","31.7","KILOMETER_PER_HOUR"
"250074434","52747","32","1993-02-19","9","ICARDI","ARG","STRIKER","FORWARD","MALE","181","./image/250074434.jpg","Mauro Icardi","FORWARD","","Icardi","","75","Argentine","Attaquant","Mauro","Icardi","Mauro Icardi","Icardi","200043","./assoc/200043_FRA.svg","./logo/52747.png","UEFA","FRA","52747","FAME","Paris","","https://img.uefa.com/imgml/TP/teams/logos/70x70/52747.png","https://img.uefa.com/imgml/TP/teams/logos/240x240/52747.png","252747","PSG","DOMESTIC_MEN_TEAM_A","","DOMESTIC","France","Paris","Paris Saint-Germain","PSG","480","MINUTE","7","5","0","50.9","KILOMETER","31.3","KILOMETER_PER_HOUR"
"250012551","52758","32","1993-03-29","11","Hazard","BEL","ATTACKING_MIDFIELDER","MIDFIELDER","MALE","174","./image/250012551.jpg","Thorgan Hazard","MIDFIELDER","16","Hazard","13","69","Belgique","Milieu","Thorgan","Hazard","Thorgan Hazard","T. Hazard","200047","./assoc/200047_GER.svg","./logo/52758.png","UEFA","GER","52758","FAME","B. Dortmund","","https://img.uefa.com/imgml/TP/teams/logos/70x70/52758.png","https://img.uefa.com/imgml/TP/teams/logos/240x240/52758.png","252758","BVB","DOMESTIC_MEN_TEAM_A","","DOMESTIC","Allemagne","B. Dortmund","Borussia Dortmund","BVB","479","MINUTE","7","0","0","59.34","KILOMETER","32.4","KILOMETER_PER_HOUR"
"250088320","52268","25","2000-02-29","7","Ferran","ESP","WINGER","FORWARD","MALE","","./image/250088320.jpg","Ferran Torres","FORWARD","11","FERRAN","122","","Espagne","Attaquant","","Ferran Torres","Ferran Torres","Ferran Torres","200122","./assoc/200122_ESP.svg","./logo/52268.png","UEFA","ESP","52268","FAME","Valencia","","https://img.uefa.com/imgml/TP/teams/logos/70x70/52268.png","https://img.uefa.com/imgml/TP/teams/logos/240x240/52268.png","252268","VAL","DOMESTIC_MEN_TEAM_A","","DOMESTIC","Espagne","Valencia","Valencia CF","VAL","479","MINUTE","6","2","2","53.94","KILOMETER","32.6","KILOMETER_PER_HOUR"
"250064222","50067","34","1991-07-19","6","Seri","CIV","CENTRAL_MIDFIELDER","MIDFIELDER","MALE","168","./image/250064222.jpg","Jean Michaël Seri","MIDFIELDER","","Seri","67","65","Côte d'Ivoire","Milieu","Jean Michaël","Seri","Jean Michaël Seri","Seri","200135","./assoc/200135_TUR.svg","./logo/50067.png","UEFA","TUR","50067","FAME","Galatasaray","","https://img.uefa.com/imgml/TP/teams/logos/70x70/50067.png","https://img.uefa.com/imgml/TP/teams/logos/240x240/50067.png","250067","GAL","DOMESTIC_MEN_TEAM_A","","DOMESTIC","Turquie","Galatasaray","Galatasaray A.Ş.","GAL","476","MINUTE","6","0","0","58.8","KILOMETER","30.4","KILOMETER_PER_HOUR"
"250024176","50164","32","1992-12-29","17","ORSIC","CRO","WINGER","FORWARD","MALE","","./image/250024176.jpg","Mislav Oršić","FORWARD","18","Oršić","56370","","Croatie","Attaquant","Mislav","Oršić","Mislav Oršić","Oršić","256370","./assoc/256370_CRO.svg","./logo/50164.png","UEFA","CRO","50164","FAME","GNK Dinamo","","https://img.uefa.com/imgml/TP/teams/logos/70x70/50164.png","https://img.uefa.com/imgml/TP/teams/logos/240x240/50164.png","250164","DIN","DOMESTIC_MEN_TEAM_A","","DOMESTIC","Croatie","GNK Dinamo","GNK Dinamo","DIN","475","MINUTE","6","4","1","56.74","KILOMETER","31.3","KILOMETER_PER_HOUR"
"150296281","52498","32","1993-02-12","8","Masopust","CZE","CENTRAL_MIDFIELDER","MIDFIELDER","MALE","","./image/150296281.jpg","Lukáš Masopust","MIDFIELDER","12","Masopust","58837","","Tchéquie","Milieu","Lukáš","Masopust","Lukáš Masopust","Masopust","258837","./assoc/258837_CZE.svg","./logo/52498.png","UEFA","CZE","52498","FAME","Slavia Praha","","https://img.uefa.com/imgml/TP/teams/logos/70x70/52498.png","https://img.uefa.com/imgml/TP/teams/logos/240x240/52498.png","252498","SLP","DOMESTIC_MEN_TEAM_A","","DOMESTIC","Tchéquie","Slavia Praha","SK Slavia Praha","SLA","475","MINUTE","6","0","1","65.66","KILOMETER","31.7","KILOMETER_PER_HOUR"
"250039931","50139","34","1991-07-15","6","Danilo","BRA","UNKNOWN","DEFENDER","MALE","184","./image/250039931.jpg","Danilo","DEFENDER","2","Danilo","18","78","Brésil","Défenseur","","Danilo","Danilo","Danilo","200066","./assoc/200066_ITA.svg","./logo/50139.png","UEFA","ITA","50139","FAME","Juventus","","https://img.uefa.com/imgml/TP/teams/logos/70x70/50139.png","https://img.uefa.com/imgml/TP/teams/logos/240x240/50139.png","250139","JUV","DOMESTIC_MEN_TEAM_A","","DOMESTIC","Italie","Juventus","Juventus","JUV","470","MINUTE","6","0","0","51.37","KILOMETER","32.4","KILOMETER_PER_HOUR"
"250061030","52826","30","1995-01-01","17","Azmoun","IRN","STRIKER","FORWARD","MALE","186","./image/250061030.jpg","Sardar Azmoun","FORWARD","20","Azmoun","61","79","Iran","Attaquant","Sardar","Azmoun","Sardar Azmoun","Azmoun","257451","./assoc/257451_RUS.svg","./logo/52826.png","UEFA","RUS","52826","FAME","Zenit","","https://img.uefa.com/imgml/TP/teams/logos/70x70/52826.png","https://img.uefa.com/imgml/TP/teams/logos/240x240/52826.png","252826","ZEN","DOMESTIC_MEN_TEAM_A","","DOMESTIC","Russie","Zenit","FC Zenit","ZEN","465","MINUTE","6","2","0","49.92","KILOMETER","32.4","KILOMETER_PER_HOUR"
"250021669","52826","32","1992-11-05","27","Ozdoev","RUS","CENTRAL_MIDFIELDER","MIDFIELDER","MALE","181","./image/250021669.jpg","Magomed Ozdoev","MIDFIELDER","7","Ozdoev","57451","77","Russie","Milieu","Magomed","Ozdoev","Magomed Ozdoev","Ozdoev","257451","./assoc/257451_RUS.svg","./logo/52826.png","UEFA","RUS","52826","FAME","Zenit","","https://img.uefa.com/imgml/TP/teams/logos/70x70/52826.png","https://img.uefa.com/imgml/TP/teams/logos/240x240/52826.png","252826","ZEN","DOMESTIC_MEN_TEAM_A","","DOMESTIC","Russie","Zenit","FC Zenit","ZEN","464","MINUTE","6","1","2","61.18","KILOMETER","31.5","KILOMETER_PER_HOUR"
"250063394","50164","31","1994-09-16","9","Petković","CRO","STRIKER","FORWARD","MALE","","./image/250063394.jpg","Bruno Petković","FORWARD","17","Petković","56370","","Croatie","Attaquant","Bruno","Petković","Bruno Petković","Petković","256370","./assoc/256370_CRO.svg","./logo/50164.png","UEFA","CRO","50164","FAME","GNK Dinamo","","https://img.uefa.com/imgml/TP/teams/logos/70x70/50164.png","https://img.uefa.com/imgml/TP/teams/logos/240x240/50164.png","250164","DIN","DOMESTIC_MEN_TEAM_A","","DOMESTIC","Croatie","GNK Dinamo","GNK Dinamo","DIN","463","MINUTE","6","1","1","46.9","KILOMETER","32.6","KILOMETER_PER_HOUR"
"1905535","2610","33","1991-12-05","3","Elabdellaoui","NOR","FULL_BACK","DEFENDER","MALE","179","./image/1905535.jpg","Omar Elabdellaoui","DEFENDER","14","Elabdelloui","101","73","Norvège","Défenseur","Omar","Elabdellaoui","Omar Elabdellaoui","Elabdellaoui","200049","./assoc/200049_GRE.svg","./logo/2610.png","UEFA","GRE","2610","FAME","Olympiacos","","https://img.uefa.com/imgml/TP/teams/logos/70x70/2610.png","https://img.uefa.com/imgml/TP/teams/logos/240x240/2610.png","202610","OLY","DOMESTIC_MEN_TEAM_A","","DOMESTIC","Grèce","Olympiacos","Olympiacos FC","OLY","461","MINUTE","6","0","0","49.97","KILOMETER","32.8","KILOMETER_PER_HOUR"
"250131914","5312","33","1992-03-15","23","T.MENDES","BRA","UNKNOWN","MIDFIELDER","MALE","","./image/250131914.jpg","Thiago Mendes","MIDFIELDER","","Mendes Ribeiro","","","Brésil","Milieu","Thiago","Mendes","Thiago Mendes","Mendes","200043","./assoc/200043_FRA.svg","./logo/5312.png","UEFA","FRA","5312","FAME","Lyon","","https://img.uefa.com/imgml/TP/teams/logos/70x70/5312.png","https://img.uefa.com/imgml/TP/teams/logos/240x240/5312.png","205312","LYO","DOMESTIC_MEN_TEAM_A","","DOMESTIC","France","Lyon","Olympique Lyonnais","LYO","460","MINUTE","8","0","0","55.41","KILOMETER","29.9","KILOMETER_PER_HOUR"
"250035735","52498","32","1993-05-07","7","Stanciu","ROU","ATTACKING_MIDFIELDER","MIDFIELDER","MALE","170","./image/250035735.jpg","Nicolae Stanciu","MIDFIELDER","10","Stanciu","113","69","Roumanie","Milieu","Nicolae","Stanciu","Nicolae Stanciu","Stanciu","258837","./assoc/258837_CZE.svg","./logo/52498.png","UEFA","CZE","52498","FAME","Slavia Praha","","https://img.uefa.com/imgml/TP/teams/logos/70x70/52498.png","https://img.uefa.com/imgml/TP/teams/logos/240x240/52498.png","252498","SLP","DOMESTIC_MEN_TEAM_A","","DOMESTIC","Tchéquie","Slavia Praha","SK Slavia Praha","SLA","460","MINUTE","6","0","0","63.34","KILOMETER","29.2","KILOMETER_PER_HOUR"
"1900730","50124","37","1988-10-07","19","DIEGO COSTA","ESP","STRIKER","FORWARD","MALE","188","./image/1900730.jpg","Diego Costa","FORWARD","19","Diego Costa","122","85","Espagne","Attaquant","","Diego Costa","Diego Costa","Diego Costa","200122","./assoc/200122_ESP.svg","./logo/50124.png","UEFA","ESP","50124","FAME","Atleti","","https://img.uefa.com/imgml/TP/teams/logos/70x70/50124.png","https://img.uefa.com/imgml/TP/teams/logos/240x240/50124.png","250124","ATM","DOMESTIC_MEN_TEAM_A","","DOMESTIC","Espagne","Atleti","Atlético de Madrid","ATM","459","MINUTE","7","0","1","51.3","KILOMETER","32.4","KILOMETER_PER_HOUR"
"250101166","50043","27","1997-11-15","42","Dennis","NGA","STRIKER","FORWARD","MALE","174","./image/250101166.jpg","Emmanuel Dennis","FORWARD","13","Dennis","100","67","Nigeria","Attaquant","Emmanuel","Dennis","Emmanuel Dennis","Dennis","200013","./assoc/200013_BEL.svg","./logo/50043.png","UEFA","BEL","50043","FAME","Club Brugge","","https://img.uefa.com/imgml/TP/teams/logos/70x70/50043.png","https://img.uefa.com/imgml/TP/teams/logos/240x240/50043.png","250043","BRU","DOMESTIC_MEN_TEAM_A","","DOMESTIC","Belgique","Club Brugge","Club Brugge KV","BRU","458","MINUTE","6","2","1","50.68","KILOMETER","32","KILOMETER_PER_HOUR"
"250023705","50109","33","1992-07-30","10","Volland","GER","STRIKER","FORWARD","MALE","179","./image/250023705.jpg","Kevin Volland","FORWARD","9","Volland","47","82","Allemagne","Attaquant","Kevin","Volland","Kevin Volland","Volland","200047","./assoc/200047_GER.svg","./logo/50109.png","UEFA","GER","50109","FAME","Leverkusen","","https://img.uefa.com/imgml/TP/teams/logos/70x70/50109.png","https://img.uefa.com/imgml/TP/teams/logos/240x240/50109.png","250109","LEV","DOMESTIC_MEN_TEAM_A","","DOMESTIC","Allemagne","Leverkusen","Bayer 04 Leverkusen","LEV","458","MINUTE","6","1","0","57.67","KILOMETER","30.6","KILOMETER_PER_HOUR"
"1902160","50051","34","1991-01-07","7","Hazard","BEL","WINGER","FORWARD","MALE","173","./image/1902160.jpg","Eden Hazard","FORWARD","10","Hazard","13","74","Belgique","Attaquant","Eden","Hazard","Eden Hazard","E. Hazard","200122","./assoc/200122_ESP.svg","./logo/50051.png","UEFA","ESP","50051","FAME","Real Madrid","","https://img.uefa.com/imgml/TP/teams/logos/70x70/50051.png","https://img.uefa.com/imgml/TP/teams/logos/240x240/50051.png","250051","RMA","DOMESTIC_MEN_TEAM_A","","DOMESTIC","Espagne","Real Madrid","Real Madrid C.F.","RMA","458","MINUTE","6","0","1","47.52","KILOMETER","31","KILOMETER_PER_HOUR"
"250075880","2610","29","1995-10-21","56","Podence","POR","WINGER","FORWARD","MALE","165","./image/250075880.jpg","Daniel Podence","MIDFIELDER","19","Podence","110","","Portugal","Attaquant","Daniel","Podence","Daniel Podence","Podence","200049","./assoc/200049_GRE.svg","./logo/2610.png","UEFA","GRE","2610","FAME","Olympiacos","","https://img.uefa.com/imgml/TP/teams/logos/70x70/2610.png","https://img.uefa.com/imgml/TP/teams/logos/240x240/2610.png","202610","OLY","DOMESTIC_MEN_TEAM_A","","DOMESTIC","Grèce","Olympiacos","Olympiacos FC","OLY","456","MINUTE","6","1","0","52.33","KILOMETER","31.3","KILOMETER_PER_HOUR"
"250076240","52914","26","1999-01-10","7","Mount","ENG","ATTACKING_MIDFIELDER","MIDFIELDER","MALE","","./image/250076240.jpg","Mason Mount","MIDFIELDER","19","Mount","39","","Angleterre","Milieu","Mason","Mount","Mason Mount","Mount","200039","./assoc/200039_ENG.svg","./logo/52914.png","UEFA","ENG","52914","FAME","Chelsea","","https://img.uefa.com/imgml/TP/teams/logos/70x70/52914.png","https://img.uefa.com/imgml/TP/teams/logos/240x240/52914.png","252914","CHE","DOMESTIC_MEN_TEAM_A","","DOMESTIC","Angleterre","Chelsea","Chelsea FC","CHE","451","MINUTE","8","0","0","54.34","KILOMETER","30.8","KILOMETER_PER_HOUR"
"250016833","1652","32","1993-07-28","9","Kane","ENG","STRIKER","FORWARD","MALE","188","./image/250016833.jpg","Harry Kane","FORWARD","9","Kane","39","65","Angleterre","Attaquant","Harry","Kane","Harry Kane","Kane","200039","./assoc/200039_ENG.svg","./logo/1652.png","UEFA","ENG","1652","FAME","Tottenham","","https://img.uefa.com/imgml/TP/teams/logos/70x70/1652.png","https://img.uefa.com/imgml/TP/teams/logos/240x240/1652.png","201652","TOT","DOMESTIC_MEN_TEAM_A","","DOMESTIC","Angleterre","Tottenham","Tottenham Hotspur","TOT","450","MINUTE","5","6","0","51.59","KILOMETER","29","KILOMETER_PER_HOUR"
"250132987","75797","26","1998-12-29","45","OSIMHEN","NGA","STRIKER","FORWARD","MALE","","./image/250132987.jpg","Victor Osimhen","FORWARD","9","Osimhen","100","","Nigeria","Attaquant","Victor","Osimhen","Victor Osimhen","Osimhen","200043","./assoc/200043_FRA.svg","./logo/75797.png","UEFA","FRA","75797","FAME","Lille","","https://img.uefa.com/imgml/TP/teams/logos/70x70/75797.png","https://img.uefa.com/imgml/TP/teams/logos/240x240/75797.png","275797","LIL","DOMESTIC_MEN_TEAM_A","","DOMESTIC","France","Lille","LOSC Lille","LIL","450","MINUTE","5","2","0","49.93","KILOMETER","32.21","KILOMETER_PER_HOUR"
"250029318","52747","34","1991-09-12","12","MEUNIER","BEL","FULL_BACK","DEFENDER","MALE","190","./image/250029318.jpg","Thomas Meunier","DEFENDER","15","Meunier","13","78","Belgique","Défenseur","Thomas","Meunier","Thomas Meunier","Meunier","200043","./assoc/200043_FRA.svg","./logo/52747.png","UEFA","FRA","52747","FAME","Paris","","https://img.uefa.com/imgml/TP/teams/logos/70x70/52747.png","https://img.uefa.com/imgml/TP/teams/logos/240x240/52747.png","252747","PSG","DOMESTIC_MEN_TEAM_A","","DOMESTIC","France","Paris","Paris Saint-Germain","PSG","450","MINUTE","5","1","1","55.58","KILOMETER","31.5","KILOMETER_PER_HOUR"
"250122257","2610","34","1991-04-05","8","Guilherme","ITA","DEFENSIVE_MIDFIELDER","MIDFIELDER","MALE","","./image/250122257.jpg","Guilherme","MIDFIELDER","","Guilherme","","","Italie","Milieu","","Guilherme","Guilherme","Guilherme","200049","./assoc/200049_GRE.svg","./logo/2610.png","UEFA","GRE","2610","FAME","Olympiacos","","https://img.uefa.com/imgml/TP/teams/logos/70x70/2610.png","https://img.uefa.com/imgml/TP/teams/logos/240x240/2610.png","202610","OLY","DOMESTIC_MEN_TEAM_A","","DOMESTIC","Grèce","Olympiacos","Olympiacos FC","OLY","450","MINUTE","5","1","1","54.87","KILOMETER","26.5","KILOMETER_PER_HOUR"
"1905039","50164","37","1988-08-07","4","Leovac","CRO","FULL_BACK","DEFENDER","MALE","180","./image/1905039.jpg","Marin Leovac","DEFENDER","22","Leovac","56370","72","Croatie","Défenseur","Marin","Leovac","Marin Leovac","Leovac","256370","./assoc/256370_CRO.svg","./logo/50164.png","UEFA","CRO","50164","FAME","GNK Dinamo","","https://img.uefa.com/imgml/TP/teams/logos/70x70/50164.png","https://img.uefa.com/imgml/TP/teams/logos/240x240/50164.png","250164","DIN","DOMESTIC_MEN_TEAM_A","","DOMESTIC","Croatie","GNK Dinamo","GNK Dinamo","DIN","450","MINUTE","5","1","1","51.69","KILOMETER","29.7","KILOMETER_PER_HOUR"
"250058228","53065","29","1996-09-11","6","Barinov","RUS","DEFENSIVE_MIDFIELDER","MIDFIELDER","MALE","179","./image/250058228.jpg","Dmitri Barinov","MIDFIELDER","6","Barinov","57451","","Russie","Milieu","Dmitri","Barinov","Dmitri Barinov","Barinov","257451","./assoc/257451_RUS.svg","./logo/53065.png","UEFA","RUS","53065","FAME","Lokomotiv Moskva","","https://img.uefa.com/imgml/TP/teams/logos/70x70/53065.png","https://img.uefa.com/imgml/TP/teams/logos/240x240/53065.png","253065","LMO","DOMESTIC_MEN_TEAM_A","","DOMESTIC","Russie","Lokomotiv Moskva","FC Lokomotiv Moskva","LMO","450","MINUTE","5","1","0","56.2","KILOMETER","32.6","KILOMETER_PER_HOUR"
"250008930","52826","36","1989-08-03","44","RAKITSKYI","UKR","CENTRE_BACK","DEFENDER","MALE","180","./image/250008930.jpg","Yaroslav Rakitskyy","DEFENDER","20","RAKITSKYI","57166","70","Ukraine","Défenseur","Yaroslav","Rakitskyy","Yaroslav Rakitskyy","Rakitskyy","257451","./assoc/257451_RUS.svg","./logo/52826.png","UEFA","RUS","52826","FAME","Zenit","","https://img.uefa.com/imgml/TP/teams/logos/70x70/52826.png","https://img.uefa.com/imgml/TP/teams/logos/240x240/52826.png","252826","ZEN","DOMESTIC_MEN_TEAM_A","","DOMESTIC","Russie","Zenit","FC Zenit","ZEN","450","MINUTE","5","1","0","47.23","KILOMETER","28.8","KILOMETER_PER_HOUR"
"250064356","2603790","28","1997-01-04","3","ANGELINO","ESP","UNKNOWN","DEFENDER","MALE","","./image/250064356.jpg","Angeliño","DEFENDER","","Tasende","200122","","Espagne","Défenseur","","Angeliño","Angeliño","Angeliño","200047","./assoc/200047_GER.svg","./logo/2603790.png","UEFA","GER","2603790","FAME","Leipzig","","https://img.uefa.com/imgml/TP/teams/logos/70x70/2603790.png","https://img.uefa.com/imgml/TP/teams/logos/240x240/2603790.png","250002563","RBL","DOMESTIC_MEN_TEAM_A","","DOMESTIC","Allemagne","Leipzig","RB Leipzig","RBL","450","MINUTE","5","0","2","51.8","KILOMETER","29.9","KILOMETER_PER_HOUR"
"250055928","52498","31","1994-05-04","23","Ševčík","CZE","ATTACKING_MIDFIELDER","MIDFIELDER","MALE","172","./image/250055928.jpg","Petr Ševčík","MIDFIELDER","8","Ševčík","58837","65","Tchéquie","Milieu","Petr","Ševčík","Petr Ševčík","Ševčík","258837","./assoc/258837_CZE.svg","./logo/52498.png","UEFA","CZE","52498","FAME","Slavia Praha","","https://img.uefa.com/imgml/TP/teams/logos/70x70/52498.png","https://img.uefa.com/imgml/TP/teams/logos/240x240/52498.png","252498","SLP","DOMESTIC_MEN_TEAM_A","","DOMESTIC","Tchéquie","Slavia Praha","SK Slavia Praha","SLA","450","MINUTE","5","0","0","67.31","KILOMETER","32.21","KILOMETER_PER_HOUR"
"250055660","50109","29","1996-02-11","4","Tah","GER","CENTRE_BACK","DEFENDER","MALE","192","./image/250055660.jpg","Jonathan Tah","DEFENDER","4","Tah","47","92","Allemagne","Défenseur","Jonathan","Tah","Jonathan Tah","Tah","200047","./assoc/200047_GER.svg","./logo/50109.png","UEFA","GER","50109","FAME","Leverkusen","","https://img.uefa.com/imgml/TP/teams/logos/70x70/50109.png","https://img.uefa.com/imgml/TP/teams/logos/240x240/50109.png","250109","LEV","DOMESTIC_MEN_TEAM_A","","DOMESTIC","Allemagne","Leverkusen","Bayer 04 Leverkusen","LEV","450","MINUTE","5","0","0","54.75","KILOMETER","31.5","KILOMETER_PER_HOUR"
"1906224","50138","39","1986-02-16","2","Godin Leal","URU","CENTRE_BACK","DEFENDER","MALE","186","./image/1906224.jpg","Diego Godín","DEFENDER","3","Godin","138","78","Uruguay","Défenseur","Diego","Godín","Diego Godín","Godín","200066","./assoc/200066_ITA.svg","./logo/50138.png","UEFA","ITA","50138","FAME","Inter","","https://img.uefa.com/imgml/TP/teams/logos/70x70/50138.png","https://img.uefa.com/imgml/TP/teams/logos/240x240/50138.png","250138","INT","DOMESTIC_MEN_TEAM_A","","DOMESTIC","Italie","Inter","FC Internazionale Milano","INT","450","MINUTE","5","0","0","54.6","KILOMETER","28.4","KILOMETER_PER_HOUR"
"250116657","50147","24","2001-03-07","20","Tavares","POR","FULL_BACK","DEFENDER","MALE","","./image/250116657.jpg","Tomás Tavares","DEFENDER","5","T. TAVARES","200110","","Portugal","Défenseur","","Tomás Tavares","Tomás Tavares","Tomás Tavares","200110","./assoc/200110_POR.svg","./logo/50147.png","UEFA","POR","50147","FAME","Benfica","","https://img.uefa.com/imgml/TP/teams/logos/70x70/50147.png","https://img.uefa.com/imgml/TP/teams/logos/240x240/50147.png","250147","BEN","DOMESTIC_MEN_TEAM_A","","DOMESTIC","Portugal","Benfica","SL Benfica","BEN","450","MINUTE","5","0","0","54.23","KILOMETER","30.2","KILOMETER_PER_HOUR"
"103881","53065","36","1989-08-19","31","Rybus","POL","WINGER","DEFENDER","MALE","173","./image/103881.jpg","Maciej Rybus","DEFENDER","13","Rybus","109","75","Pologne","Défenseur","Maciej","Rybus","Maciej Rybus","Rybus","257451","./assoc/257451_RUS.svg","./logo/53065.png","UEFA","RUS","53065","FAME","Lokomotiv Moskva","","https://img.uefa.com/imgml/TP/teams/logos/70x70/53065.png","https://img.uefa.com/imgml/TP/teams/logos/240x240/53065.png","253065","LMO","DOMESTIC_MEN_TEAM_A","","DOMESTIC","Russie","Lokomotiv Moskva","FC Lokomotiv Moskva","LMO","450","MINUTE","5","0","0","50.96","KILOMETER","31.5","KILOMETER_PER_HOUR"
"250099374","1652","29","1996-06-12","6","SANCHEZ","COL","CENTRE_BACK","DEFENDER","MALE","187","./image/250099374.jpg","Davinson Sánchez","DEFENDER","","Sanchez","29","79","Colombie","Défenseur","Davinson","Sánchez","Davinson Sánchez","Sánchez","200039","./assoc/200039_ENG.svg","./logo/1652.png","UEFA","ENG","1652","FAME","Tottenham","","https://img.uefa.com/imgml/TP/teams/logos/70x70/1652.png","https://img.uefa.com/imgml/TP/teams/logos/240x240/1652.png","201652","TOT","DOMESTIC_MEN_TEAM_A","","DOMESTIC","Angleterre","Tottenham","Tottenham Hotspur","TOT","450","MINUTE","5","0","0","49.86","KILOMETER","31.5","KILOMETER_PER_HOUR"
"250053044","50043","32","1993-01-28","44","Mechele","BEL","CENTRE_BACK","DEFENDER","MALE","188","./image/250053044.jpg","Brandon Mechele","DEFENDER","4","Mechele","13","81","Belgique","Défenseur","Brandon","Mechele","Brandon Mechele","Mechele","200013","./assoc/200013_BEL.svg","./logo/50043.png","UEFA","BEL","50043","FAME","Club Brugge","","https://img.uefa.com/imgml/TP/teams/logos/70x70/50043.png","https://img.uefa.com/imgml/TP/teams/logos/240x240/50043.png","250043","BRU","DOMESTIC_MEN_TEAM_A","","DOMESTIC","Belgique","Club Brugge","Club Brugge KV","BRU","450","MINUTE","5","0","0","49.1","KILOMETER","32","KILOMETER_PER_HOUR"
"250056738","50164","31","1994-07-12","55","Perić","CRO","CENTRE_BACK","DEFENDER","MALE","195","./image/250056738.jpg","Dino Perić","DEFENDER","5","Perić","56370","78","Croatie","Défenseur","Dino","Perić","Dino Perić","Perić","256370","./assoc/256370_CRO.svg","./logo/50164.png","UEFA","CRO","50164","FAME","GNK Dinamo","","https://img.uefa.com/imgml/TP/teams/logos/70x70/50164.png","https://img.uefa.com/imgml/TP/teams/logos/240x240/50164.png","250164","DIN","DOMESTIC_MEN_TEAM_A","","DOMESTIC","Croatie","GNK Dinamo","GNK Dinamo","DIN","450","MINUTE","5","0","0","48.52","KILOMETER","29.9","KILOMETER_PER_HOUR"
"250022354","52707","37","1988-01-13","11","Taison","BRA","WINGER","MIDFIELDER","MALE","172","./image/250022354.jpg","Taison","MIDFIELDER","","Barcellos Freda","18","64","Brésil","Milieu","","Taison","Taison","Taison","257166","./assoc/257166_UKR.svg","./logo/52707.png","UEFA","UKR","52707","FAME","Shakhtar","","https://img.uefa.com/imgml/TP/teams/logos/70x70/52707.png","https://img.uefa.com/imgml/TP/teams/logos/240x240/52707.png","252707","SHK","DOMESTIC_MEN_TEAM_A","","DOMESTIC","Ukraine","Shakhtar","FC Shakhtar Donetsk","SHK","450","MINUTE","5","0","0","47.16","KILOMETER","31.3","KILOMETER_PER_HOUR"
"250099867","7889","33","1992-10-02","1","A.Becker","BRA","GOALKEEPER","GOALKEEPER","MALE","191","./image/250099867.jpg","Alisson Becker","GOALKEEPER","1","A. Becker","18","91","Brésil","Gardien","","Alisson Becker","Alisson Becker","Alisson Becker","200039","./assoc/200039_ENG.svg","./logo/7889.png","UEFA","ENG","7889","FAME","Liverpool","","https://img.uefa.com/imgml/TP/teams/logos/70x70/7889.png","https://img.uefa.com/imgml/TP/teams/logos/240x240/7889.png","207889","LIV","DOMESTIC_MEN_TEAM_A","","DOMESTIC","Angleterre","Liverpool","Liverpool FC","LIV","450","MINUTE","5","0","0","24.51","KILOMETER","25.9","KILOMETER_PER_HOUR"
"250081543","61582","26","1998-11-03","28","Coucke","BEL","GOALKEEPER","GOALKEEPER","MALE","","./image/250081543.jpg","Gaëtan Coucke","GOALKEEPER","12","Coucke","13","","Belgique","Gardien","Gaëtan","Coucke","Gaëtan Coucke","Coucke","200013","./assoc/200013_BEL.svg","./logo/61582.png","UEFA","BEL","61582","FAME","Genk","","https://img.uefa.com/imgml/TP/teams/logos/70x70/61582.png","https://img.uefa.com/imgml/TP/teams/logos/240x240/61582.png","261582","GEN","DOMESTIC_MEN_TEAM_A","","DOMESTIC","Belgique","Genk","KRC Genk","GEN","450","MINUTE","5","0","0","22.48","KILOMETER","25.6","KILOMETER_PER_HOUR"
"1905775","53065","39","1985-12-12","1","Guilherme","RUS","GOALKEEPER","GOALKEEPER","MALE","197","./image/1905775.jpg","Guilherme","GOALKEEPER","1","Guilherme","57451","78","Russie","Gardien","","Guilherme","Guilherme","Guilherme","257451","./assoc/257451_RUS.svg","./logo/53065.png","UEFA","RUS","53065","FAME","Lokomotiv Moskva","","https://img.uefa.com/imgml/TP/teams/logos/70x70/53065.png","https://img.uefa.com/imgml/TP/teams/logos/240x240/53065.png","253065","LMO","DOMESTIC_MEN_TEAM_A","","DOMESTIC","Russie","Lokomotiv Moskva","FC Lokomotiv Moskva","LMO","450","MINUTE","5","0","0","20.53","KILOMETER","23.9","KILOMETER_PER_HOUR"
"250025875","1652","32","1992-12-24","92","AURIER","CIV","FULL_BACK","DEFENDER","MALE","176","./image/250025875.jpg","Serge Aurier","DEFENDER","17","AURIER","67","76","Côte d'Ivoire","Défenseur","Serge","Aurier","Serge Aurier","Aurier","200039","./assoc/200039_ENG.svg","./logo/1652.png","UEFA","ENG","1652","FAME","Tottenham","","https://img.uefa.com/imgml/TP/teams/logos/70x70/1652.png","https://img.uefa.com/imgml/TP/teams/logos/240x240/1652.png","201652","TOT","DOMESTIC_MEN_TEAM_A","","DOMESTIC","Angleterre","Tottenham","Tottenham Hotspur","TOT","449","MINUTE","5","1","2","49.96","KILOMETER","31.7","KILOMETER_PER_HOUR"
"250081207","50143","28","1997-04-18","6","Van De Beek","NED","CENTRAL_MIDFIELDER","MIDFIELDER","MALE","180","./image/250081207.jpg","Donny van de Beek","MIDFIELDER","20","Van De Beek","95","","Pays-Bas","Milieu","Donny","van de Beek","Donny van de Beek","Van de Beek","200095","./assoc/200095_NED.svg","./logo/50143.png","UEFA","NED","50143","FAME","Ajax","","https://img.uefa.com/imgml/TP/teams/logos/70x70/50143.png","https://img.uefa.com/imgml/TP/teams/logos/240x240/50143.png","250143","AJX","DOMESTIC_MEN_TEAM_A","","DOMESTIC","Pays-Bas","Ajax","AFC Ajax","AJX","448","MINUTE","5","2","1","59.4","KILOMETER","30.2","KILOMETER_PER_HOUR"
"93649","50051","39","1986-03-30","4","Sergio Ramos","ESP","CENTRE_BACK","DEFENDER","MALE","183","./image/93649.jpg","Sergio Ramos","DEFENDER","15","Sergio","122","75","Espagne","Défenseur","Sergio","Ramos","Sergio Ramos","Ramos","200122","./assoc/200122_ESP.svg","./logo/50051.png","UEFA","ESP","50051","FAME","Real Madrid","","https://img.uefa.com/imgml/TP/teams/logos/70x70/50051.png","https://img.uefa.com/imgml/TP/teams/logos/240x240/50051.png","250051","RMA","DOMESTIC_MEN_TEAM_A","","DOMESTIC","Espagne","Real Madrid","Real Madrid C.F.","RMA","446","MINUTE","5","2","0","47.22","KILOMETER","32","KILOMETER_PER_HOUR"
"250086315","50124","30","1995-03-09","10","CORREA","ARG","WINGER","FORWARD","MALE","174","./image/250086315.jpg","Ángel Correa","MIDFIELDER","15","Correa","6","70","Argentine","Attaquant","Ángel","Correa","Ángel Correa","Correa","200122","./assoc/200122_ESP.svg","./logo/50124.png","UEFA","ESP","50124","FAME","Atleti","","https://img.uefa.com/imgml/TP/teams/logos/70x70/50124.png","https://img.uefa.com/imgml/TP/teams/logos/240x240/50124.png","250124","ATM","DOMESTIC_MEN_TEAM_A","","DOMESTIC","Espagne","Atleti","Atlético de Madrid","ATM","445","MINUTE","8","0","0","52.94","KILOMETER","29","KILOMETER_PER_HOUR"
"250052947","50136","34","1991-01-08","5","Allan","BRA","CENTRAL_MIDFIELDER","MIDFIELDER","MALE","175","./image/250052947.jpg","Allan","MIDFIELDER","","Allan","18","74","Brésil","Milieu","","Allan","Allan","Allan","200066","./assoc/200066_ITA.svg","./logo/50136.png","UEFA","ITA","50136","FAME","Napoli","","https://img.uefa.com/imgml/TP/teams/logos/70x70/50136.png","https://img.uefa.com/imgml/TP/teams/logos/240x240/50136.png","250136","NAP","DOMESTIC_MEN_TEAM_A","","DOMESTIC","Italie","Napoli","SSC Napoli","NAP","445","MINUTE","6","0","0","53.5","KILOMETER","28.8","KILOMETER_PER_HOUR"
"250010259","52919","35","1990-05-28","32","WALKER","ENG","FULL_BACK","DEFENDER","MALE","178","./image/250010259.jpg","Kyle Walker","DEFENDER","2","Walker","39","70","Angleterre","Défenseur","Kyle","Walker","Kyle Walker","Walker","200039","./assoc/200039_ENG.svg","./logo/52919.png","UEFA","ENG","52919","FAME","Man City","","https://img.uefa.com/imgml/TP/teams/logos/70x70/52919.png","https://img.uefa.com/imgml/TP/teams/logos/240x240/52919.png","252919","MCI","DOMESTIC_MEN_TEAM_A","","DOMESTIC","Angleterre","Man City","Manchester City","MCI","443","MINUTE","6","0","0","48.19","KILOMETER","33.5","KILOMETER_PER_HOUR"
"1906511","50069","34","1991-04-02","23","Rodić","SRB","FULL_BACK","DEFENDER","MALE","185","./image/1906511.jpg","Milan Rodić","DEFENDER","5","Rodić","147","","Serbie","Défenseur","Milan","Rodić","Milan Rodić","Rodić","200147","./assoc/200147_SRB.svg","./logo/50069.png","UEFA","SRB","50069","FAME","Crvena Zvezda","","https://img.uefa.com/imgml/TP/teams/logos/70x70/50069.png","https://img.uefa.com/imgml/TP/teams/logos/240x240/50069.png","250069","ZVE","DOMESTIC_MEN_TEAM_A","","DOMESTIC","Serbie","Crvena Zvezda","FK Crvena Zvezda","ZVE","442","MINUTE","5","0","0","50.12","KILOMETER","31.3","KILOMETER_PER_HOUR"
"250128246","61582","32","1993-03-09","10","Ito","JPN","UNKNOWN","MIDFIELDER","MALE","","./image/250128246.jpg","Junya Ito","MIDFIELDER","14","Ito","69","","Japon","Milieu","Junya","Ito","Junya Ito","J. Ito","200013","./assoc/200013_BEL.svg","./logo/61582.png","UEFA","BEL","61582","FAME","Genk","","https://img.uefa.com/imgml/TP/teams/logos/70x70/61582.png","https://img.uefa.com/imgml/TP/teams/logos/240x240/61582.png","261582","GEN","DOMESTIC_MEN_TEAM_A","","DOMESTIC","Belgique","Genk","KRC Genk","GEN","441","MINUTE","6","0","0","47.74","KILOMETER","31.1","KILOMETER_PER_HOUR"
"250122722","50147","32","1993-09-18","8","GABRIEL","POR","ATTACKING_MIDFIELDER","MIDFIELDER","MALE","","./image/250122722.jpg","Gabriel","MIDFIELDER","","Gabriel","","","Portugal","Milieu","","Gabriel","Gabriel","Gabriel","200110","./assoc/200110_POR.svg","./logo/50147.png","UEFA","POR","50147","FAME","Benfica","","https://img.uefa.com/imgml/TP/teams/logos/70x70/50147.png","https://img.uefa.com/imgml/TP/teams/logos/240x240/50147.png","250147","BEN","DOMESTIC_MEN_TEAM_A","","DOMESTIC","Portugal","Benfica","SL Benfica","BEN","441","MINUTE","5","0","0","55.81","KILOMETER","29.7","KILOMETER_PER_HOUR"
"250068846","1652","29","1996-02-02","8","Winks","ENG","CENTRAL_MIDFIELDER","MIDFIELDER","MALE","178","./image/250068846.jpg","Harry Winks","MIDFIELDER","19","Winks","39","","Angleterre","Milieu","Harry","Winks","Harry Winks","Winks","200039","./assoc/200039_ENG.svg","./logo/1652.png","UEFA","ENG","1652","FAME","Tottenham","","https://img.uefa.com/imgml/TP/teams/logos/70x70/1652.png","https://img.uefa.com/imgml/TP/teams/logos/240x240/1652.png","201652","TOT","DOMESTIC_MEN_TEAM_A","","DOMESTIC","Angleterre","Tottenham","Tottenham Hotspur","TOT","441","MINUTE","5","0","0","51.8","KILOMETER","30.6","KILOMETER_PER_HOUR"
"250008675","53065","38","1987-01-20","20","Ignatev V.","RUS","WINGER","DEFENDER","MALE","181","./image/250008675.jpg","Vladislav Ignatyev","DEFENDER","3","Ignatev","57451","73","Russie","Défenseur","Vladislav","Ignatyev","Vladislav Ignatyev","Ignatyev","257451","./assoc/257451_RUS.svg","./logo/53065.png","UEFA","RUS","53065","FAME","Lokomotiv Moskva","","https://img.uefa.com/imgml/TP/teams/logos/70x70/53065.png","https://img.uefa.com/imgml/TP/teams/logos/240x240/53065.png","253065","LMO","DOMESTIC_MEN_TEAM_A","","DOMESTIC","Russie","Lokomotiv Moskva","FC Lokomotiv Moskva","LMO","440","MINUTE","5","0","0","51.22","KILOMETER","30.6","KILOMETER_PER_HOUR"
"250024981","52919","31","1994-07-17","22","Mendy","FRA","UNKNOWN","DEFENDER","MALE","185","./image/250024981.jpg","Benjamin Mendy","DEFENDER","22","Mendy","43","85","France","Défenseur","Benjamin","Mendy","Benjamin Mendy","B. Mendy","200039","./assoc/200039_ENG.svg","./logo/52919.png","UEFA","ENG","52919","FAME","Man City","","https://img.uefa.com/imgml/TP/teams/logos/70x70/52919.png","https://img.uefa.com/imgml/TP/teams/logos/240x240/52919.png","252919","MCI","DOMESTIC_MEN_TEAM_A","","DOMESTIC","Angleterre","Man City","Manchester City","MCI","438","MINUTE","6","0","1","49.73","KILOMETER","31.3","KILOMETER_PER_HOUR"
"250121536","50043","26","1999-02-25","27","Diatta","SEN","WINGER","MIDFIELDER","MALE","","./image/250121536.jpg","Krépin Diatta","MIDFIELDER","15","Diatta","118","","Sénégal","Milieu","Krépin","Diatta","Krépin Diatta","Diatta","200013","./assoc/200013_BEL.svg","./logo/50043.png","UEFA","BEL","50043","FAME","Club Brugge","","https://img.uefa.com/imgml/TP/teams/logos/70x70/50043.png","https://img.uefa.com/imgml/TP/teams/logos/240x240/50043.png","250043","BRU","DOMESTIC_MEN_TEAM_A","","DOMESTIC","Belgique","Club Brugge","Club Brugge KV","BRU","437","MINUTE","5","1","0","46.73","KILOMETER","31.7","KILOMETER_PER_HOUR"
"250000679","50164","35","1989-10-28","28","Theophile","FRA","FULL_BACK","DEFENDER","MALE","183","./image/250000679.jpg","Kévin Théophile-Catherine","DEFENDER","","Théophile","43","85","France","Défenseur","Kévin","Théophile-Catherine","Kévin Théophile-Catherine","Théophile-Catherine","256370","./assoc/256370_CRO.svg","./logo/50164.png","UEFA","CRO","50164","FAME","GNK Dinamo","","https://img.uefa.com/imgml/TP/teams/logos/70x70/50164.png","https://img.uefa.com/imgml/TP/teams/logos/240x240/50164.png","250164","DIN","DOMESTIC_MEN_TEAM_A","","DOMESTIC","Croatie","GNK Dinamo","GNK Dinamo","DIN","436","MINUTE","5","0","2","48.5","KILOMETER","32.8","KILOMETER_PER_HOUR"
"250059115","52919","31","1994-08-10","20","Bernardo","POR","ATTACKING_MIDFIELDER","MIDFIELDER","MALE","173","./image/250059115.jpg","Bernardo Silva","MIDFIELDER","10","BERNARDO","110","64","Portugal","Milieu","","Bernardo Silva","Bernardo Silva","Bernardo Silva","200039","./assoc/200039_ENG.svg","./logo/52919.png","UEFA","ENG","52919","FAME","Man City","","https://img.uefa.com/imgml/TP/teams/logos/70x70/52919.png","https://img.uefa.com/imgml/TP/teams/logos/240x240/52919.png","252919","MCI","DOMESTIC_MEN_TEAM_A","","DOMESTIC","Angleterre","Man City","Manchester City","MCI","435","MINUTE","7","0","1","58.19","KILOMETER","30.6","KILOMETER_PER_HOUR"
"250087938","50109","26","1999-06-11","29","Havertz","GER","STRIKER","MIDFIELDER","MALE","","./image/250087938.jpg","Kai Havertz","FORWARD","7","Havertz","47","","Allemagne","Milieu","Kai","Havertz","Kai Havertz","Havertz","200047","./assoc/200047_GER.svg","./logo/50109.png","UEFA","GER","50109","FAME","Leverkusen","","https://img.uefa.com/imgml/TP/teams/logos/70x70/50109.png","https://img.uefa.com/imgml/TP/teams/logos/240x240/50109.png","250109","LEV","DOMESTIC_MEN_TEAM_A","","DOMESTIC","Allemagne","Leverkusen","Bayer 04 Leverkusen","LEV","434","MINUTE","5","0","0","56.82","KILOMETER","32.4","KILOMETER_PER_HOUR"
"1909628","52268","34","1991-05-13","19","Coquelin","FRA","DEFENSIVE_MIDFIELDER","MIDFIELDER","MALE","178","./image/1909628.jpg","Francis Coquelin","MIDFIELDER","13","Coquelin","43","74","France","Milieu","Francis","Coquelin","Francis Coquelin","Coquelin","200122","./assoc/200122_ESP.svg","./logo/52268.png","UEFA","ESP","52268","FAME","Valencia","","https://img.uefa.com/imgml/TP/teams/logos/70x70/52268.png","https://img.uefa.com/imgml/TP/teams/logos/240x240/52268.png","252268","VAL","DOMESTIC_MEN_TEAM_A","","DOMESTIC","Espagne","Valencia","Valencia CF","VAL","430","MINUTE","6","0","0","50.22","KILOMETER","27.2","KILOMETER_PER_HOUR"
"108908","50143","35","1990-03-09","17","Blind","NED","CENTRE_BACK","DEFENDER","MALE","180","./image/108908.jpg","Daley Blind","DEFENDER","17","Blind","95","72","Pays-Bas","Défenseur","Daley","Blind","Daley Blind","Blind","200095","./assoc/200095_NED.svg","./logo/50143.png","UEFA","NED","50143","FAME","Ajax","","https://img.uefa.com/imgml/TP/teams/logos/70x70/50143.png","https://img.uefa.com/imgml/TP/teams/logos/240x240/50143.png","250143","AJX","DOMESTIC_MEN_TEAM_A","","DOMESTIC","Pays-Bas","Ajax","AFC Ajax","AJX","428","MINUTE","5","0","0","46.49","KILOMETER","29.2","KILOMETER_PER_HOUR"
"250007223","50143","33","1992-01-15","34","Veltman","NED","CENTRE_BACK","DEFENDER","MALE","182","./image/250007223.jpg","Joël Veltman","DEFENDER","2","Veltman","95","73","Pays-Bas","Défenseur","Joël","Veltman","Joël Veltman","Veltman","200095","./assoc/200095_NED.svg","./logo/50143.png","UEFA","NED","50143","FAME","Ajax","","https://img.uefa.com/imgml/TP/teams/logos/70x70/50143.png","https://img.uefa.com/imgml/TP/teams/logos/240x240/50143.png","250143","AJX","DOMESTIC_MEN_TEAM_A","","DOMESTIC","Pays-Bas","Ajax","AFC Ajax","AJX","428","MINUTE","5","0","0","46.14","KILOMETER","28.4","KILOMETER_PER_HOUR"
"250101463","50124","25","1999-11-10","14","JOÃO FÈLIX","POR","STRIKER","FORWARD","MALE","","./image/250101463.jpg","João Félix","FORWARD","11","JOÃO FÉLIX","110","","Portugal","Attaquant","","João Félix","João Félix","João Félix","200122","./assoc/200122_ESP.svg","./logo/50124.png","UEFA","ESP","50124","FAME","Atleti","","https://img.uefa.com/imgml/TP/teams/logos/70x70/50124.png","https://img.uefa.com/imgml/TP/teams/logos/240x240/50124.png","250124","ATM","DOMESTIC_MEN_TEAM_A","","DOMESTIC","Espagne","Atleti","Atlético de Madrid","ATM","427","MINUTE","6","3","1","53.03","KILOMETER","30.4","KILOMETER_PER_HOUR"
"250027830","50143","33","1992-01-04","24","Promes","NED","WINGER","FORWARD","MALE","","./image/250027830.jpg","Quincy Promes","MIDFIELDER","11","Promes","95","","Pays-Bas","Attaquant","Quincy","Promes","Quincy Promes","Promes","200095","./assoc/200095_NED.svg","./logo/50143.png","UEFA","NED","50143","FAME","Ajax","","https://img.uefa.com/imgml/TP/teams/logos/70x70/50143.png","https://img.uefa.com/imgml/TP/teams/logos/240x240/50143.png","250143","AJX","DOMESTIC_MEN_TEAM_A","","DOMESTIC","Pays-Bas","Ajax","AFC Ajax","AJX","425","MINUTE","5","4","1","54.76","KILOMETER","29.9","KILOMETER_PER_HOUR"
"250088643","2610","31","1994-01-01","19","Masouras","GRE","WINGER","FORWARD","MALE","","./image/250088643.jpg","Giorgos Masouras","FORWARD","7","MASOURAS","49","","Grèce","Attaquant","Giorgos","Masouras","Giorgos Masouras","Masouras","200049","./assoc/200049_GRE.svg","./logo/2610.png","UEFA","GRE","2610","FAME","Olympiacos","","https://img.uefa.com/imgml/TP/teams/logos/70x70/2610.png","https://img.uefa.com/imgml/TP/teams/logos/240x240/2610.png","202610","OLY","DOMESTIC_MEN_TEAM_A","","DOMESTIC","Grèce","Olympiacos","Olympiacos FC","OLY","424","MINUTE","6","0","1","53.27","KILOMETER","31","KILOMETER_PER_HOUR"
"103310","50037","36","1989-02-02","5","Perišić","CRO","WINGER","FORWARD","MALE","185","./image/103310.jpg","Ivan Perišić","FORWARD","14","Perišić","56370","77","Croatie","Attaquant","Ivan","Perišić","Ivan Perišić","Perišić","200047","./assoc/200047_GER.svg","./logo/50037.png","UEFA","GER","50037","FAME","Bayern München","","https://img.uefa.com/imgml/TP/teams/logos/70x70/50037.png","https://img.uefa.com/imgml/TP/teams/logos/240x240/50037.png","250037","BAY","DOMESTIC_MEN_TEAM_A","","DOMESTIC","Allemagne","Bayern München","FC Bayern München","BAY","423","MINUTE","10","3","3","51.96","KILOMETER","32.4","KILOMETER_PER_HOUR"
"1906016","50080","38","1987-05-22","22","Vidal","CHI","UNKNOWN","MIDFIELDER","MALE","180","./image/1906016.jpg","Arturo Vidal","MIDFIELDER","8","Vidal","26","75","Chili","Milieu","Arturo","Vidal","Arturo Vidal","Vidal","200122","./assoc/200122_ESP.svg","./logo/50080.png","UEFA","ESP","50080","FAME","Barcelona","","https://img.uefa.com/imgml/TP/teams/logos/70x70/50080.png","https://img.uefa.com/imgml/TP/teams/logos/240x240/50080.png","250080","BAR","DOMESTIC_MEN_TEAM_A","","DOMESTIC","Espagne","Barcelona","FC Barcelona","BAR","420","MINUTE","7","0","1","51.62","KILOMETER","28.6","KILOMETER_PER_HOUR"
"250116836","52268","29","1996-08-14","30","Maxi G","URU","UNKNOWN","FORWARD","MALE","","./image/250116836.jpg","Maxi Gómez","FORWARD","18","Gomez","138","","Uruguay","Attaquant","","Maxi Gómez","Maxi Gómez","Maxi Gómez","200122","./assoc/200122_ESP.svg","./logo/52268.png","UEFA","ESP","52268","FAME","Valencia","","https://img.uefa.com/imgml/TP/teams/logos/70x70/52268.png","https://img.uefa.com/imgml/TP/teams/logos/240x240/52268.png","252268","VAL","DOMESTIC_MEN_TEAM_A","","DOMESTIC","Espagne","Valencia","Valencia CF","VAL","420","MINUTE","6","0","1","48.86","KILOMETER","31","KILOMETER_PER_HOUR"
"250112826","50139","28","1997-06-25","30","BENTANCUR","URU","UNKNOWN","MIDFIELDER","MALE","","./image/250112826.jpg","Rodrigo Bentancur","MIDFIELDER","6","Bentancur","138","","Uruguay","Milieu","Rodrigo","Bentancur","Rodrigo Bentancur","Bentancur","200066","./assoc/200066_ITA.svg","./logo/50139.png","UEFA","ITA","50139","FAME","Juventus","","https://img.uefa.com/imgml/TP/teams/logos/70x70/50139.png","https://img.uefa.com/imgml/TP/teams/logos/240x240/50139.png","250139","JUV","DOMESTIC_MEN_TEAM_A","","DOMESTIC","Italie","Juventus","Juventus","JUV","419","MINUTE","7","0","0","54.97","KILOMETER","29.5","KILOMETER_PER_HOUR"
"250121919","2610","28","1997-02-28","2","Mady","GUI","DEFENSIVE_MIDFIELDER","MIDFIELDER","MALE","","./image/250121919.jpg","Mady Camara","MIDFIELDER","","Mady","52","","Guinée","Milieu","Mady","Camara","Mady Camara","Camara","200049","./assoc/200049_GRE.svg","./logo/2610.png","UEFA","GRE","2610","FAME","Olympiacos","","https://img.uefa.com/imgml/TP/teams/logos/70x70/2610.png","https://img.uefa.com/imgml/TP/teams/logos/240x240/2610.png","202610","OLY","DOMESTIC_MEN_TEAM_A","","DOMESTIC","Grèce","Olympiacos","Olympiacos FC","OLY","418","MINUTE","5","0","0","49.31","KILOMETER","28.6","KILOMETER_PER_HOUR"
"103722","1652","36","1989-08-16","17","Sissoko","FRA","CENTRAL_MIDFIELDER","MIDFIELDER","MALE","187","./image/103722.jpg","Moussa Sissoko","MIDFIELDER","17","Sissoko","43","83","France","Milieu","Moussa","Sissoko","Moussa Sissoko","Sissoko","200039","./assoc/200039_ENG.svg","./logo/1652.png","UEFA","ENG","1652","FAME","Tottenham","","https://img.uefa.com/imgml/TP/teams/logos/70x70/1652.png","https://img.uefa.com/imgml/TP/teams/logos/240x240/1652.png","201652","TOT","DOMESTIC_MEN_TEAM_A","","DOMESTIC","Angleterre","Tottenham","Tottenham Hotspur","TOT","417","MINUTE","6","0","1","50.51","KILOMETER","32.8","KILOMETER_PER_HOUR"
"250079279","50164","27","1998-03-12","6","Moro","CRO","DEFENSIVE_MIDFIELDER","MIDFIELDER","MALE","182","./image/250079279.jpg","Nikola Moro","MIDFIELDER","13","Moro","56370","73","Croatie","Milieu","Nikola","Moro","Nikola Moro","Moro","256370","./assoc/256370_CRO.svg","./logo/50164.png","UEFA","CRO","50164","FAME","GNK Dinamo","","https://img.uefa.com/imgml/TP/teams/logos/70x70/50164.png","https://img.uefa.com/imgml/TP/teams/logos/240x240/50164.png","250164","DIN","DOMESTIC_MEN_TEAM_A","","DOMESTIC","Croatie","GNK Dinamo","GNK Dinamo","DIN","417","MINUTE","5","0","0","50.44","KILOMETER","28.8","KILOMETER_PER_HOUR"
"70120","7889","39","1986-01-04","6","Milner","ENG","CENTRAL_MIDFIELDER","MIDFIELDER","MALE","175","./image/70120.jpg","James Milner","MIDFIELDER","4","Milner","39","70","Angleterre","Milieu","James","Milner","James Milner","Milner","200039","./assoc/200039_ENG.svg","./logo/7889.png","UEFA","ENG","7889","FAME","Liverpool","","https://img.uefa.com/imgml/TP/teams/logos/70x70/7889.png","https://img.uefa.com/imgml/TP/teams/logos/240x240/7889.png","207889","LIV","DOMESTIC_MEN_TEAM_A","","DOMESTIC","Angleterre","Liverpool","Liverpool FC","LIV","415","MINUTE","8","0","1","59.19","KILOMETER","28.4","KILOMETER_PER_HOUR"
"250042589","52826","30","1995-05-20","15","Karavaev","RUS","FULL_BACK","DEFENDER","MALE","175","./image/250042589.jpg","Vyacheslav Karavaev","DEFENDER","4","Karavaev","57451","68","Russie","Défenseur","Vyacheslav","Karavaev","Vyacheslav Karavaev","Karavaev","257451","./assoc/257451_RUS.svg","./logo/52826.png","UEFA","RUS","52826","FAME","Zenit","","https://img.uefa.com/imgml/TP/teams/logos/70x70/52826.png","https://img.uefa.com/imgml/TP/teams/logos/240x240/52826.png","252826","ZEN","DOMESTIC_MEN_TEAM_A","","DOMESTIC","Russie","Zenit","FC Zenit","ZEN","415","MINUTE","6","0","1","50.31","KILOMETER","31.7","KILOMETER_PER_HOUR"
"250017121","50109","36","1989-04-17","20","Ch. Aránguiz","CHI","CENTRAL_MIDFIELDER","MIDFIELDER","MALE","171","./image/250017121.jpg","Charles Aránguiz","MIDFIELDER","20","Aránguiz","26","71","Chili","Milieu","Charles","Aránguiz","Charles Aránguiz","Aránguiz","200047","./assoc/200047_GER.svg","./logo/50109.png","UEFA","GER","50109","FAME","Leverkusen","","https://img.uefa.com/imgml/TP/teams/logos/70x70/50109.png","https://img.uefa.com/imgml/TP/teams/logos/240x240/50109.png","250109","LEV","DOMESTIC_MEN_TEAM_A","","DOMESTIC","Allemagne","Leverkusen","Bayer 04 Leverkusen","LEV","415","MINUTE","5","0","3","54.03","KILOMETER","28.8","KILOMETER_PER_HOUR"
"250106789","50136","30","1995-07-30","27","H. LOZANO","MEX","WINGER","FORWARD","MALE","","./image/250106789.jpg","Hirving Lozano","FORWARD","22","H. Lozano","91","","Mexique","Attaquant","Hirving","Lozano","Hirving Lozano","Lozano","200066","./assoc/200066_ITA.svg","./logo/50136.png","UEFA","ITA","50136","FAME","Napoli","","https://img.uefa.com/imgml/TP/teams/logos/70x70/50136.png","https://img.uefa.com/imgml/TP/teams/logos/240x240/50136.png","250136","NAP","DOMESTIC_MEN_TEAM_A","","DOMESTIC","Italie","Napoli","SSC Napoli","NAP","414","MINUTE","7","1","0","45.25","KILOMETER","32","KILOMETER_PER_HOUR"
"250043185","61582","33","1992-04-22","17","Hrošovský","SVK","CENTRAL_MIDFIELDER","MIDFIELDER","MALE","172","./image/250043185.jpg","Patrik Hrošovský","MIDFIELDER","13","Hrošovský","58836","68","Slovaquie","Milieu","Patrik","Hrošovský","Patrik Hrošovský","Hrošovský","200013","./assoc/200013_BEL.svg","./logo/61582.png","UEFA","BEL","61582","FAME","Genk","","https://img.uefa.com/imgml/TP/teams/logos/70x70/61582.png","https://img.uefa.com/imgml/TP/teams/logos/240x240/61582.png","261582","GEN","DOMESTIC_MEN_TEAM_A","","DOMESTIC","Belgique","Genk","KRC Genk","GEN","414","MINUTE","5","0","0","51.14","KILOMETER","30.4","KILOMETER_PER_HOUR"
"250025456","50109","35","1990-04-08","38","Bellarabi","GER","WINGER","FORWARD","MALE","183","./image/250025456.jpg","Karim Bellarabi","MIDFIELDER","20","Bellarabi","47","80","Allemagne","Attaquant","Karim","Bellarabi","Karim Bellarabi","Bellarabi","200047","./assoc/200047_GER.svg","./logo/50109.png","UEFA","GER","50109","FAME","Leverkusen","","https://img.uefa.com/imgml/TP/teams/logos/70x70/50109.png","https://img.uefa.com/imgml/TP/teams/logos/240x240/50109.png","250109","LEV","DOMESTIC_MEN_TEAM_A","","DOMESTIC","Allemagne","Leverkusen","Bayer 04 Leverkusen","LEV","413","MINUTE","5","0","1","50.09","KILOMETER","32.4","KILOMETER_PER_HOUR"
"250006092","50080","33","1992-02-07","20","S. Roberto","ESP","FULL_BACK","MIDFIELDER","MALE","177","./image/250006092.jpg","Sergi Roberto","DEFENDER","10","S. Roberto","122","71","Espagne","Milieu","","Sergi Roberto","Sergi Roberto","Sergi Roberto","200122","./assoc/200122_ESP.svg","./logo/50080.png","UEFA","ESP","50080","FAME","Barcelona","","https://img.uefa.com/imgml/TP/teams/logos/70x70/50080.png","https://img.uefa.com/imgml/TP/teams/logos/240x240/50080.png","250080","BAR","DOMESTIC_MEN_TEAM_A","","DOMESTIC","Espagne","Barcelona","FC Barcelona","BAR","410","MINUTE","6","0","0","50.27","KILOMETER","29.2","KILOMETER_PER_HOUR"
"250112803","50051","30","1995-06-08","23","F. MENDY","FRA","FULL_BACK","DEFENDER","MALE","","./image/250112803.jpg","Ferland Mendy","DEFENDER","3","Mendy","43","","France","Défenseur","Ferland","Mendy","Ferland Mendy","Mendy","200122","./assoc/200122_ESP.svg","./logo/50051.png","UEFA","ESP","50051","FAME","Real Madrid","","https://img.uefa.com/imgml/TP/teams/logos/70x70/50051.png","https://img.uefa.com/imgml/TP/teams/logos/240x240/50051.png","250051","RMA","DOMESTIC_MEN_TEAM_A","","DOMESTIC","Espagne","Real Madrid","Real Madrid C.F.","RMA","408","MINUTE","5","0","0","47.06","KILOMETER","33.1","KILOMETER_PER_HOUR"
"1909920","52747","33","1992-05-11","19","Sarabia Garcia","ESP","WINGER","FORWARD","MALE","177","./image/1909920.jpg","Pablo Sarabia","FORWARD","17","Sarabia","122","70","Espagne","Attaquant","Pablo","Sarabia","Pablo Sarabia","Sarabia","200043","./assoc/200043_FRA.svg","./logo/52747.png","UEFA","FRA","52747","FAME","Paris","","https://img.uefa.com/imgml/TP/teams/logos/70x70/52747.png","https://img.uefa.com/imgml/TP/teams/logos/240x240/52747.png","252747","PSG","DOMESTIC_MEN_TEAM_A","","DOMESTIC","France","Paris","Paris Saint-Germain","PSG","407","MINUTE","9","2","2","50.86","KILOMETER","30.4","KILOMETER_PER_HOUR"
"250025791","75797","35","1990-08-03","21","ANDRE","FRA","CENTRAL_MIDFIELDER","MIDFIELDER","MALE","","./image/250025791.jpg","Benjamin André","MIDFIELDER","","Andre","200043","","France","Milieu","Benjamin","André","Benjamin André","André","200043","./assoc/200043_FRA.svg","./logo/75797.png","UEFA","FRA","75797","FAME","Lille","","https://img.uefa.com/imgml/TP/teams/logos/70x70/75797.png","https://img.uefa.com/imgml/TP/teams/logos/240x240/75797.png","275797","LIL","DOMESTIC_MEN_TEAM_A","","DOMESTIC","France","Lille","LOSC Lille","LIL","406","MINUTE","5","0","1","50.69","KILOMETER","27.7","KILOMETER_PER_HOUR"
"250010802","50138","32","1993-05-13","90","Lukaku Bolingoli","BEL","STRIKER","FORWARD","MALE","190","./image/250010802.jpg","Romelu Lukaku","FORWARD","10","Lukaku","13","93","Belgique","Attaquant","Romelu","Lukaku","Romelu Lukaku","Lukaku","200066","./assoc/200066_ITA.svg","./logo/50138.png","UEFA","ITA","50138","FAME","Inter","","https://img.uefa.com/imgml/TP/teams/logos/70x70/50138.png","https://img.uefa.com/imgml/TP/teams/logos/240x240/50138.png","250138","INT","DOMESTIC_MEN_TEAM_A","","DOMESTIC","Italie","Inter","FC Internazionale Milano","INT","405","MINUTE","5","2","2","42.71","KILOMETER","31.7","KILOMETER_PER_HOUR"
"250014009","52268","32","1993-02-15","19","Kondogbia","CTA","DEFENSIVE_MIDFIELDER","MIDFIELDER","MALE","188","./image/250014009.jpg","Geoffrey Kondogbia","MIDFIELDER","12","Kondogbia","43","","République Centrafricaine","Milieu","Geoffrey","Kondogbia","Geoffrey Kondogbia","Kondogbia","200122","./assoc/200122_ESP.svg","./logo/52268.png","UEFA","ESP","52268","FAME","Valencia","","https://img.uefa.com/imgml/TP/teams/logos/70x70/52268.png","https://img.uefa.com/imgml/TP/teams/logos/240x240/52268.png","252268","VAL","DOMESTIC_MEN_TEAM_A","","DOMESTIC","Espagne","Valencia","Valencia CF","VAL","405","MINUTE","5","1","0","46.31","KILOMETER","28.4","KILOMETER_PER_HOUR"
"250112998","50143","24","2000-11-03","8","Dest","USA","FULL_BACK","DEFENDER","MALE","","./image/250112998.jpg","Sergiño Dest","DEFENDER","2","Dest","140","","Etats-Unis","Défenseur","Sergiño","Dest","Sergiño Dest","Dest","200095","./assoc/200095_NED.svg","./logo/50143.png","UEFA","NED","50143","FAME","Ajax","","https://img.uefa.com/imgml/TP/teams/logos/70x70/50143.png","https://img.uefa.com/imgml/TP/teams/logos/240x240/50143.png","250143","AJX","DOMESTIC_MEN_TEAM_A","","DOMESTIC","Pays-Bas","Ajax","AFC Ajax","AJX","405","MINUTE","5","0","0","51.06","KILOMETER","31.3","KILOMETER_PER_HOUR"
"250117373","50030","27","1998-01-01","45","Mwepu","ZAM","ATTACKING_MIDFIELDER","MIDFIELDER","MALE","","./image/250117373.jpg","Enock Mwepu","MIDFIELDER","","Mwepu","","","Zambie","Milieu","Enock","Mwepu","Enock Mwepu","Mwepu","200008","./assoc/200008_AUT.svg","./logo/50030.png","UEFA","AUT","50030","FAME","Salzburg","","https://img.uefa.com/imgml/TP/teams/logos/70x70/50030.png","https://img.uefa.com/imgml/TP/teams/logos/240x240/50030.png","250030","SAL","DOMESTIC_MEN_TEAM_A","","DOMESTIC","Autriche","Salzburg","FC Salzburg","SAL","404","MINUTE","5","0","3","54.86","KILOMETER","31.3","KILOMETER_PER_HOUR"
"250075765","50147","36","1989-10-06","21","PIZZI","POR","CENTRAL_MIDFIELDER","MIDFIELDER","MALE","172","./image/250075765.jpg","Pizzi","MIDFIELDER","15","Pizzi","110","66","Portugal","Milieu","","Pizzi","Pizzi","Pizzi","200110","./assoc/200110_POR.svg","./logo/50147.png","UEFA","POR","50147","FAME","Benfica","","https://img.uefa.com/imgml/TP/teams/logos/70x70/50147.png","https://img.uefa.com/imgml/TP/teams/logos/240x240/50147.png","250147","BEN","DOMESTIC_MEN_TEAM_A","","DOMESTIC","Portugal","Benfica","SL Benfica","BEN","402","MINUTE","6","3","2","46.21","KILOMETER","28.6","KILOMETER_PER_HOUR"
"250039525","1652","33","1992-08-13","27","Lucas","BRA","WINGER","FORWARD","MALE","172","./image/250039525.jpg","Lucas Moura","MIDFIELDER","","Lucas","","72","Brésil","Attaquant","Lucas","Moura","Lucas Moura","Moura","200039","./assoc/200039_ENG.svg","./logo/1652.png","UEFA","ENG","1652","FAME","Tottenham","","https://img.uefa.com/imgml/TP/teams/logos/70x70/1652.png","https://img.uefa.com/imgml/TP/teams/logos/240x240/1652.png","201652","TOT","DOMESTIC_MEN_TEAM_A","","DOMESTIC","Angleterre","Tottenham","Tottenham Hotspur","TOT","401","MINUTE","6","1","1","44.05","KILOMETER","32.6","KILOMETER_PER_HOUR"
"250008348","52914","34","1990-12-28","20","MARCOS A.","ESP","FULL_BACK","DEFENDER","MALE","188","./image/250008348.jpg","Marcos Alonso","DEFENDER","17","Marcos A.","122","","Espagne","Défenseur","Marcos","Alonso","Marcos Alonso","Alonso","200039","./assoc/200039_ENG.svg","./logo/52914.png","UEFA","ENG","52914","FAME","Chelsea","","https://img.uefa.com/imgml/TP/teams/logos/70x70/52914.png","https://img.uefa.com/imgml/TP/teams/logos/240x240/52914.png","252914","CHE","DOMESTIC_MEN_TEAM_A","","DOMESTIC","Angleterre","Chelsea","Chelsea FC","CHE","398","MINUTE","5","0","0","49.75","KILOMETER","30.2","KILOMETER_PER_HOUR"
"250101112","50147","31","1994-05-26","11","F. CERVI","ARG","STRIKER","FORWARD","MALE","170","./image/250101112.jpg","Franco Cervi","FORWARD","","F. CERVI","","69","Argentine","Attaquant","Franco","Cervi","Franco Cervi","Cervi","200110","./assoc/200110_POR.svg","./logo/50147.png","UEFA","POR","50147","FAME","Benfica","","https://img.uefa.com/imgml/TP/teams/logos/70x70/50147.png","https://img.uefa.com/imgml/TP/teams/logos/240x240/50147.png","250147","BEN","DOMESTIC_MEN_TEAM_A","","DOMESTIC","Portugal","Benfica","SL Benfica","BEN","397","MINUTE","5","1","1","49.54","KILOMETER","30.8","KILOMETER_PER_HOUR"
"250012557","50043","32","1993-07-18","23","Rits","BEL","DEFENSIVE_MIDFIELDER","MIDFIELDER","MALE","177","./image/250012557.jpg","Mats Rits","MIDFIELDER","","Rits","200013","69","Belgique","Milieu","Mats","Rits","Mats Rits","Rits","200013","./assoc/200013_BEL.svg","./logo/50043.png","UEFA","BEL","50043","FAME","Club Brugge","","https://img.uefa.com/imgml/TP/teams/logos/70x70/50043.png","https://img.uefa.com/imgml/TP/teams/logos/240x240/50043.png","250043","BRU","DOMESTIC_MEN_TEAM_A","","DOMESTIC","Belgique","Club Brugge","Club Brugge KV","BRU","397","MINUTE","5","0","0","45.91","KILOMETER","31.7","KILOMETER_PER_HOUR"
"250088328","52268","28","1997-01-02","28","C. SOLER","ESP","CENTRAL_MIDFIELDER","MIDFIELDER","MALE","","./image/250088328.jpg","Carlos Soler","MIDFIELDER","19","C. Soler","122","","Espagne","Milieu","Carlos","Soler","Carlos Soler","Soler","200122","./assoc/200122_ESP.svg","./logo/52268.png","UEFA","ESP","52268","FAME","Valencia","","https://img.uefa.com/imgml/TP/teams/logos/70x70/52268.png","https://img.uefa.com/imgml/TP/teams/logos/240x240/52268.png","252268","VAL","DOMESTIC_MEN_TEAM_A","","DOMESTIC","Espagne","Valencia","Valencia CF","VAL","393","MINUTE","5","1","0","51.1","KILOMETER","31.3","KILOMETER_PER_HOUR"
"250058949","52816","29","1995-12-05","27","Castagne","BEL","FULL_BACK","DEFENDER","MALE","","./image/250058949.jpg","Timothy Castagne","DEFENDER","21","Castagne","13","","Belgique","Défenseur","Timothy","Castagne","Timothy Castagne","Castagne","200066","./assoc/200066_ITA.svg","./logo/52816.png","UEFA","ITA","52816","FAME","Atalanta","","https://img.uefa.com/imgml/TP/teams/logos/70x70/52816.png","https://img.uefa.com/imgml/TP/teams/logos/240x240/52816.png","252816","ATA","DOMESTIC_MEN_TEAM_A","","DOMESTIC","Italie","Atalanta","Atalanta BC","ATA","392","MINUTE","6","1","0","50.37","KILOMETER","31.3","KILOMETER_PER_HOUR"
"250104066","50030","24","2000-10-25","8","Szoboszlai","HUN","CENTRAL_MIDFIELDER","MIDFIELDER","MALE","","./image/250104066.jpg","Dominik Szoboszlai","MIDFIELDER","10","Szoboszlai","57","","Hongrie","Milieu","Dominik","Szoboszlai","Dominik Szoboszlai","Szoboszlai","200008","./assoc/200008_AUT.svg","./logo/50030.png","UEFA","AUT","50030","FAME","Salzburg","","https://img.uefa.com/imgml/TP/teams/logos/70x70/50030.png","https://img.uefa.com/imgml/TP/teams/logos/240x240/50030.png","250030","SAL","DOMESTIC_MEN_TEAM_A","","DOMESTIC","Autriche","Salzburg","FC Salzburg","SAL","392","MINUTE","5","1","1","47.98","KILOMETER","31.5","KILOMETER_PER_HOUR"
"250073708","5312","30","1995-07-05","28","KONE","MLI","UNKNOWN","DEFENDER","MALE","174","./image/250073708.jpg","Youssouf Koné","MIDFIELDER","","Y.KONE","","","Mali","Défenseur","Youssouf","Koné","Youssouf Koné","Koné","200043","./assoc/200043_FRA.svg","./logo/5312.png","UEFA","FRA","5312","FAME","Lyon","","https://img.uefa.com/imgml/TP/teams/logos/70x70/5312.png","https://img.uefa.com/imgml/TP/teams/logos/240x240/5312.png","205312","LYO","DOMESTIC_MEN_TEAM_A","","DOMESTIC","France","Lyon","Olympique Lyonnais","LYO","392","MINUTE","5","0","0","41.54","KILOMETER","29.7","KILOMETER_PER_HOUR"
"250070182","5312","29","1996-05-31","3","ANDERSEN","DEN","","DEFENDER","MALE","","./image/250070182.jpg","Joachim Andersen","DEFENDER","2","Andersen","35","","Danemark","Défenseur","Joachim","Andersen","Joachim Andersen","Andersen","200043","./assoc/200043_FRA.svg","./logo/5312.png","UEFA","FRA","5312","FAME","Lyon","","https://img.uefa.com/imgml/TP/teams/logos/70x70/5312.png","https://img.uefa.com/imgml/TP/teams/logos/240x240/5312.png","205312","LYO","DOMESTIC_MEN_TEAM_A","","DOMESTIC","France","Lyon","Olympique Lyonnais","LYO","391","MINUTE","6","1","0","44.82","KILOMETER","30.2","KILOMETER_PER_HOUR"
"74699","50051","40","1985-09-09","10","MODRIĆ","CRO","CENTRAL_MIDFIELDER","MIDFIELDER","MALE","174","./image/74699.jpg","Luka Modrić","MIDFIELDER","10","Modrić","56370","65","Croatie","Milieu","Luka","Modrić","Luka Modrić","Modrić","200122","./assoc/200122_ESP.svg","./logo/50051.png","UEFA","ESP","50051","FAME","Real Madrid","","https://img.uefa.com/imgml/TP/teams/logos/70x70/50051.png","https://img.uefa.com/imgml/TP/teams/logos/240x240/50051.png","250051","RMA","DOMESTIC_MEN_TEAM_A","","DOMESTIC","Espagne","Real Madrid","Real Madrid C.F.","RMA","391","MINUTE","6","1","0","44.57","KILOMETER","28.4","KILOMETER_PER_HOUR"
"103275","50138","38","1987-02-28","87","Candreva","ITA","WINGER","MIDFIELDER","MALE","180","./image/103275.jpg","Antonio Candreva","MIDFIELDER","6","Candreva","66","70","Italie","Milieu","Antonio","Candreva","Antonio Candreva","Candreva","200066","./assoc/200066_ITA.svg","./logo/50138.png","UEFA","ITA","50138","FAME","Inter","","https://img.uefa.com/imgml/TP/teams/logos/70x70/50138.png","https://img.uefa.com/imgml/TP/teams/logos/240x240/50138.png","250138","INT","DOMESTIC_MEN_TEAM_A","","DOMESTIC","Italie","Inter","FC Internazionale Milano","INT","390","MINUTE","5","1","1","49.6","KILOMETER","32.21","KILOMETER_PER_HOUR"
"1907998","50124","34","1991-01-08","15","SAVIC","MNE","CENTRE_BACK","DEFENDER","MALE","186","./image/1907998.jpg","Stefan Savić","DEFENDER","15","Savić","92853","73","Monténégro","Défenseur","Stefan","Savić","Stefan Savić","Savić","200122","./assoc/200122_ESP.svg","./logo/50124.png","UEFA","ESP","50124","FAME","Atleti","","https://img.uefa.com/imgml/TP/teams/logos/70x70/50124.png","https://img.uefa.com/imgml/TP/teams/logos/240x240/50124.png","250124","ATM","DOMESTIC_MEN_TEAM_A","","DOMESTIC","Espagne","Atleti","Atlético de Madrid","ATM","390","MINUTE","4","1","0","41.71","KILOMETER","29.9","KILOMETER_PER_HOUR"
"250012024","50067","36","1988-12-15","15","Nzonzi","FRA","UNKNOWN","MIDFIELDER","MALE","190","./image/250012024.jpg","Steven Nzonzi","MIDFIELDER","15","Nzonzi","43","75","France","Milieu","Steven","Nzonzi","Steven Nzonzi","Nzonzi","200135","./assoc/200135_TUR.svg","./logo/50067.png","UEFA","TUR","50067","FAME","Galatasaray","","https://img.uefa.com/imgml/TP/teams/logos/70x70/50067.png","https://img.uefa.com/imgml/TP/teams/logos/240x240/50067.png","250067","GAL","DOMESTIC_MEN_TEAM_A","","DOMESTIC","Turquie","Galatasaray","Galatasaray A.Ş.","GAL","387","MINUTE","5","0","0","46.48","KILOMETER","29","KILOMETER_PER_HOUR"
"250110362","52914","25","1999-12-08","24","James","ENG","UNKNOWN","DEFENDER","MALE","","./image/250110362.jpg","Reece James","DEFENDER","24","James","39","","Angleterre","Défenseur","Reece","James","Reece James","James","200039","./assoc/200039_ENG.svg","./logo/52914.png","UEFA","ENG","52914","FAME","Chelsea","","https://img.uefa.com/imgml/TP/teams/logos/70x70/52914.png","https://img.uefa.com/imgml/TP/teams/logos/240x240/52914.png","252914","CHE","DOMESTIC_MEN_TEAM_A","","DOMESTIC","Angleterre","Chelsea","Chelsea FC","CHE","383","MINUTE","6","1","0","43.77","KILOMETER","31.5","KILOMETER_PER_HOUR"
"250090656","50143","27","1997-10-24","11","ÁLVAREZ","MEX","CENTRE_BACK","MIDFIELDER","MALE","","./image/250090656.jpg","Edson Álvarez","DEFENDER","4","Álvarez","91","","Mexique","Milieu","Edson","Álvarez","Edson Álvarez","Álvarez","200095","./assoc/200095_NED.svg","./logo/50143.png","UEFA","NED","50143","FAME","Ajax","","https://img.uefa.com/imgml/TP/teams/logos/70x70/50143.png","https://img.uefa.com/imgml/TP/teams/logos/240x240/50143.png","250143","AJX","DOMESTIC_MEN_TEAM_A","","DOMESTIC","Pays-Bas","Ajax","AFC Ajax","AJX","377","MINUTE","6","1","0","50.48","KILOMETER","29.7","KILOMETER_PER_HOUR"
"250066118","50147","28","1997-03-26","4","FERRO","POR","CENTRE_BACK","DEFENDER","MALE","","./image/250066118.jpg","Ferro","DEFENDER","2","Ferro","110","","Portugal","Défenseur","","Ferro","Ferro","Ferro","200110","./assoc/200110_POR.svg","./logo/50147.png","UEFA","POR","50147","FAME","Benfica","","https://img.uefa.com/imgml/TP/teams/logos/70x70/50147.png","https://img.uefa.com/imgml/TP/teams/logos/240x240/50147.png","250147","BEN","DOMESTIC_MEN_TEAM_A","","DOMESTIC","Portugal","Benfica","SL Benfica","BEN","376","MINUTE","5","0","0","36.94","KILOMETER","28.8","KILOMETER_PER_HOUR"
"250055663","52747","29","1996-09-21","5","KEHRER","GER","CENTRAL_MIDFIELDER","DEFENDER","MALE","186","./image/250055663.jpg","Thilo Kehrer","DEFENDER","15","Kehrer","47","72","Allemagne","Défenseur","Thilo","Kehrer","Thilo Kehrer","Kehrer","200043","./assoc/200043_FRA.svg","./logo/52747.png","UEFA","FRA","52747","FAME","Paris","","https://img.uefa.com/imgml/TP/teams/logos/70x70/52747.png","https://img.uefa.com/imgml/TP/teams/logos/240x240/52747.png","252747","PSG","DOMESTIC_MEN_TEAM_A","","DOMESTIC","France","Paris","Paris Saint-Germain","PSG","375","MINUTE","5","0","0","41.99","KILOMETER","32.6","KILOMETER_PER_HOUR"
"250082943","50109","32","1993-07-03","8","DEMİRBAY","GER","ATTACKING_MIDFIELDER","MIDFIELDER","MALE","","./image/250082943.jpg","Kerem Demirbay","MIDFIELDER","10","Demirbay","47","","Allemagne","Milieu","Kerem","Demirbay","Kerem Demirbay","Demirbay","200047","./assoc/200047_GER.svg","./logo/50109.png","UEFA","GER","50109","FAME","Leverkusen","","https://img.uefa.com/imgml/TP/teams/logos/70x70/50109.png","https://img.uefa.com/imgml/TP/teams/logos/240x240/50109.png","250109","LEV","DOMESTIC_MEN_TEAM_A","","DOMESTIC","Allemagne","Leverkusen","Bayer 04 Leverkusen","LEV","373","MINUTE","5","0","0","48.59","KILOMETER","27.2","KILOMETER_PER_HOUR"
"250097254","75797","28","1997-01-29","97","Yazici","TUR","STRIKER","MIDFIELDER","MALE","","./image/250097254.jpg","Yusuf Yazıcı","FORWARD","11","YUSUF YAZICI","135","","Turquie","Milieu","","Yusuf Yazıcı","Yusuf Yazıcı","Yusuf Yazıcı","200043","./assoc/200043_FRA.svg","./logo/75797.png","UEFA","FRA","75797","FAME","Lille","","https://img.uefa.com/imgml/TP/teams/logos/70x70/75797.png","https://img.uefa.com/imgml/TP/teams/logos/240x240/75797.png","275797","LIL","DOMESTIC_MEN_TEAM_A","","DOMESTIC","France","Lille","LOSC Lille","LIL","372","MINUTE","6","0","0","47.24","KILOMETER","29.7","KILOMETER_PER_HOUR"
"250045024","52707","37","1988-06-07","11","Marlos","UKR","ATTACKING_MIDFIELDER","MIDFIELDER","MALE","173","./image/250045024.jpg","Marlos","MIDFIELDER","11","Marlos","57166","69","Ukraine","Milieu","","Marlos","Marlos","Marlos","257166","./assoc/257166_UKR.svg","./logo/52707.png","UEFA","UKR","52707","FAME","Shakhtar","","https://img.uefa.com/imgml/TP/teams/logos/70x70/52707.png","https://img.uefa.com/imgml/TP/teams/logos/240x240/52707.png","252707","SHK","DOMESTIC_MEN_TEAM_A","","DOMESTIC","Ukraine","Shakhtar","FC Shakhtar Donetsk","SHK","370","MINUTE","5","0","1","44.06","KILOMETER","29.9","KILOMETER_PER_HOUR"
"250075844","52747","31","1994-06-29","16","Paredes","ARG","DEFENSIVE_MIDFIELDER","MIDFIELDER","MALE","180","./image/250075844.jpg","Leandro Paredes","MIDFIELDER","5","Paredes","6","75","Argentine","Milieu","Leandro","Paredes","Leandro Paredes","Paredes","200043","./assoc/200043_FRA.svg","./logo/52747.png","UEFA","FRA","52747","FAME","Paris","","https://img.uefa.com/imgml/TP/teams/logos/70x70/52747.png","https://img.uefa.com/imgml/TP/teams/logos/240x240/52747.png","252747","PSG","DOMESTIC_MEN_TEAM_A","","DOMESTIC","France","Paris","Paris Saint-Germain","PSG","369","MINUTE","6","0","0","40.33","KILOMETER","29","KILOMETER_PER_HOUR"
"250131389","53065","28","1997-03-27","27","Murilo","BRA","UNKNOWN","DEFENDER","MALE","","./image/250131389.jpg","Murilo","DEFENDER","3","Murilo","18","","Brésil","Défenseur","","Murilo","Murilo","Murilo","257451","./assoc/257451_RUS.svg","./logo/53065.png","UEFA","RUS","53065","FAME","Lokomotiv Moskva","","https://img.uefa.com/imgml/TP/teams/logos/70x70/53065.png","https://img.uefa.com/imgml/TP/teams/logos/240x240/53065.png","253065","LMO","DOMESTIC_MEN_TEAM_A","","DOMESTIC","Russie","Lokomotiv Moskva","FC Lokomotiv Moskva","LMO","369","MINUTE","5","0","0","41.8","KILOMETER","31","KILOMETER_PER_HOUR"
"250053905","50139","30","1995-04-03","25","Rabiot","FRA","CENTRAL_MIDFIELDER","MIDFIELDER","MALE","188","./image/250053905.jpg","Adrien Rabiot","MIDFIELDER","14","Rabiot","43","71","France","Milieu","Adrien","Rabiot","Adrien Rabiot","Rabiot","200066","./assoc/200066_ITA.svg","./logo/50139.png","UEFA","ITA","50139","FAME","Juventus","","https://img.uefa.com/imgml/TP/teams/logos/70x70/50139.png","https://img.uefa.com/imgml/TP/teams/logos/240x240/50139.png","250139","JUV","DOMESTIC_MEN_TEAM_A","","DOMESTIC","Italie","Juventus","Juventus","JUV","368","MINUTE","5","0","0","44.53","KILOMETER","32.21","KILOMETER_PER_HOUR"
"250043463","1652","33","1992-07-08","7","Son","KOR","WINGER","MIDFIELDER","MALE","183","./image/250043463.jpg","Heung-Min Son","FORWARD","7","HM SON","74","77","République de Corée","Milieu","Heung-Min","Son","Heung-Min Son","Son","200039","./assoc/200039_ENG.svg","./logo/1652.png","UEFA","ENG","1652","FAME","Tottenham","","https://img.uefa.com/imgml/TP/teams/logos/70x70/1652.png","https://img.uefa.com/imgml/TP/teams/logos/240x240/1652.png","201652","TOT","DOMESTIC_MEN_TEAM_A","","DOMESTIC","Angleterre","Tottenham","Tottenham Hotspur","TOT","365","MINUTE","6","5","2","40.47","KILOMETER","32.8","KILOMETER_PER_HOUR"
"250111091","52826","29","1996-02-09","11","Driussi","ARG","WINGER","FORWARD","MALE","","./image/250111091.jpg","Sebastian Driussi","MIDFIELDER","","Driussi","","","Argentine","Attaquant","Sebastian","Driussi","Sebastian Driussi","Driussi","257451","./assoc/257451_RUS.svg","./logo/52826.png","UEFA","RUS","52826","FAME","Zenit","","https://img.uefa.com/imgml/TP/teams/logos/70x70/52826.png","https://img.uefa.com/imgml/TP/teams/logos/240x240/52826.png","252826","ZEN","DOMESTIC_MEN_TEAM_A","","DOMESTIC","Russie","Zenit","FC Zenit","ZEN","363","MINUTE","5","0","0","44.35","KILOMETER","29.5","KILOMETER_PER_HOUR"
"250038975","52268","39","1986-10-10","24","GARAY","ARG","CENTRE_BACK","DEFENDER","MALE","192","./image/250038975.jpg","Ezequiel Garay","DEFENDER","2","Garay","","85","Argentine","Défenseur","Ezequiel","Garay","Ezequiel Garay","Garay","200122","./assoc/200122_ESP.svg","./logo/52268.png","UEFA","ESP","52268","FAME","Valencia","","https://img.uefa.com/imgml/TP/teams/logos/70x70/52268.png","https://img.uefa.com/imgml/TP/teams/logos/240x240/52268.png","252268","VAL","DOMESTIC_MEN_TEAM_A","","DOMESTIC","Espagne","Valencia","Valencia CF","VAL","363","MINUTE","5","0","0","37.94","KILOMETER","30.6","KILOMETER_PER_HOUR"
"74029","52758","40","1985-06-03","26","","POL","FULL_BACK","","MALE","184","./image/74029.jpg","Łukasz Piszczek","DEFENDER","20","Piszczek","109","79","Pologne","","Łukasz","Piszczek","Łukasz Piszczek","Piszczek","200047","./assoc/200047_GER.svg","./logo/52758.png","UEFA","GER","52758","FAME","B. Dortmund","","https://img.uefa.com/imgml/TP/teams/logos/70x70/52758.png","https://img.uefa.com/imgml/TP/teams/logos/240x240/52758.png","252758","BVB","DOMESTIC_MEN_TEAM_A","","DOMESTIC","Allemagne","B. Dortmund","Borussia Dortmund","BVB","361","MINUTE","6","0","0","43.04","KILOMETER","29.9","KILOMETER_PER_HOUR"
"106776","50067","39","1986-03-30","15","DONK","NED","DEFENSIVE_MIDFIELDER","DEFENDER","MALE","192","./image/106776.jpg","Ryan Donk","MIDFIELDER","18","Donk","","80","Pays-Bas","Défenseur","Ryan","Donk","Ryan Donk","Donk","200135","./assoc/200135_TUR.svg","./logo/50067.png","UEFA","TUR","50067","FAME","Galatasaray","","https://img.uefa.com/imgml/TP/teams/logos/70x70/50067.png","https://img.uefa.com/imgml/TP/teams/logos/240x240/50067.png","250067","GAL","DOMESTIC_MEN_TEAM_A","","DOMESTIC","Turquie","Galatasaray","Galatasaray A.Ş.","GAL","361","MINUTE","6","0","0","36.24","KILOMETER","31","KILOMETER_PER_HOUR"
"250083244","53065","29","1995-10-17","59","Miranchuk","RUS","ATTACKING_MIDFIELDER","FORWARD","MALE","182","./image/250083244.jpg","Aleksei Miranchuk","FORWARD","11","Miranchuk","57451","74","Russie","Attaquant","Aleksei","Miranchuk","Aleksei Miranchuk","Al. Miranchuk","257451","./assoc/257451_RUS.svg","./logo/53065.png","UEFA","RUS","53065","FAME","Lokomotiv Moskva","","https://img.uefa.com/imgml/TP/teams/logos/70x70/53065.png","https://img.uefa.com/imgml/TP/teams/logos/240x240/53065.png","253065","LMO","DOMESTIC_MEN_TEAM_A","","DOMESTIC","Russie","Lokomotiv Moskva","FC Lokomotiv Moskva","LMO","360","MINUTE","4","2","0","45.21","KILOMETER","29.5","KILOMETER_PER_HOUR"
"250011791","52758","36","1989-05-31","11","Reus","GER","ATTACKING_MIDFIELDER","MIDFIELDER","MALE","180","./image/250011791.jpg","Marco Reus","MIDFIELDER","11","Reus","47","75","Allemagne","Milieu","Marco","Reus","Marco Reus","Reus","200047","./assoc/200047_GER.svg","./logo/52758.png","UEFA","GER","52758","FAME","B. Dortmund","","https://img.uefa.com/imgml/TP/teams/logos/70x70/52758.png","https://img.uefa.com/imgml/TP/teams/logos/240x240/52758.png","252758","BVB","DOMESTIC_MEN_TEAM_A","","DOMESTIC","Allemagne","B. Dortmund","Borussia Dortmund","BVB","360","MINUTE","4","0","1","46.39","KILOMETER","30.2","KILOMETER_PER_HOUR"
"103893","50147","36","1989-05-24","49","TAARABT","MAR","WINGER","MIDFIELDER","MALE","180","./image/103893.jpg","Adel Taarabt","MIDFIELDER","","Taarabt","200043","69","Maroc","Milieu","Adel","Taarabt","Adel Taarabt","Taarabt","200110","./assoc/200110_POR.svg","./logo/50147.png","UEFA","POR","50147","FAME","Benfica","","https://img.uefa.com/imgml/TP/teams/logos/70x70/50147.png","https://img.uefa.com/imgml/TP/teams/logos/240x240/50147.png","250147","BEN","DOMESTIC_MEN_TEAM_A","","DOMESTIC","Portugal","Benfica","SL Benfica","BEN","360","MINUTE","4","0","1","44.79","KILOMETER","28.4","KILOMETER_PER_HOUR"
"108212","1652","35","1990-07-02","3","Rose","ENG","FULL_BACK","DEFENDER","MALE","173","./image/108212.jpg","Danny Rose","DEFENDER","3","Rose","39","72","Angleterre","Défenseur","Danny","Rose","Danny Rose","Rose","200039","./assoc/200039_ENG.svg","./logo/1652.png","UEFA","ENG","1652","FAME","Tottenham","","https://img.uefa.com/imgml/TP/teams/logos/70x70/1652.png","https://img.uefa.com/imgml/TP/teams/logos/240x240/1652.png","201652","TOT","DOMESTIC_MEN_TEAM_A","","DOMESTIC","Angleterre","Tottenham","Tottenham Hotspur","TOT","360","MINUTE","4","0","1","39.23","KILOMETER","30.6","KILOMETER_PER_HOUR"
"250067630","52914","27","1997-12-19","23","TOMORI","ENG","CENTRE_BACK","DEFENDER","MALE","","./image/250067630.jpg","Fikayo Tomori","DEFENDER","5","Tomori","39","","Angleterre","Défenseur","Fikayo","Tomori","Fikayo Tomori","Tomori","200039","./assoc/200039_ENG.svg","./logo/52914.png","UEFA","ENG","52914","FAME","Chelsea","","https://img.uefa.com/imgml/TP/teams/logos/70x70/52914.png","https://img.uefa.com/imgml/TP/teams/logos/240x240/52914.png","252914","CHE","DOMESTIC_MEN_TEAM_A","","DOMESTIC","Angleterre","Chelsea","Chelsea FC","CHE","360","MINUTE","4","0","1","36.57","KILOMETER","31.7","KILOMETER_PER_HOUR"
"250121534","50043","32","1992-11-06","","","ANG","FULL_BACK","DEFENDER","","","./image/250121534.jpg","Clinton Mata","","","","","","Angola","Défenseur","Clinton","Mata","Clinton Mata","Mata","200013","./assoc/200013_BEL.svg","./logo/50043.png","UEFA","BEL","50043","FAME","Club Brugge","","https://img.uefa.com/imgml/TP/teams/logos/70x70/50043.png","https://img.uefa.com/imgml/TP/teams/logos/240x240/50043.png","250043","BRU","DOMESTIC_MEN_TEAM_A","","DOMESTIC","Belgique","Club Brugge","Club Brugge KV","BRU","360","MINUTE","4","0","1","35.88","KILOMETER","33.3","KILOMETER_PER_HOUR"
"250097248","52914","34","1991-03-29","7","Kanté","FRA","DEFENSIVE_MIDFIELDER","MIDFIELDER","MALE","169","./image/250097248.jpg","N'Golo Kanté","MIDFIELDER","13","Kanté","43","68","France","Milieu","N'Golo","Kanté","N'Golo Kanté","Kanté","200039","./assoc/200039_ENG.svg","./logo/52914.png","UEFA","ENG","52914","FAME","Chelsea","","https://img.uefa.com/imgml/TP/teams/logos/70x70/52914.png","https://img.uefa.com/imgml/TP/teams/logos/240x240/52914.png","252914","CHE","DOMESTIC_MEN_TEAM_A","","DOMESTIC","Angleterre","Chelsea","Chelsea FC","CHE","360","MINUTE","4","0","0","45.69","KILOMETER","31.3","KILOMETER_PER_HOUR"
"250090714","50030","27","1997-12-22","68","Onguene","CMR","CENTRE_BACK","DEFENDER","MALE","","./image/250090714.jpg","Jérôme Onguéné","DEFENDER","4","Onguene","23","","Cameroun","Défenseur","Jérôme","Onguéné","Jérôme Onguéné","Onguéné","200008","./assoc/200008_AUT.svg","./logo/50030.png","UEFA","AUT","50030","FAME","Salzburg","","https://img.uefa.com/imgml/TP/teams/logos/70x70/50030.png","https://img.uefa.com/imgml/TP/teams/logos/240x240/50030.png","250030","SAL","DOMESTIC_MEN_TEAM_A","","DOMESTIC","Autriche","Salzburg","FC Salzburg","SAL","360","MINUTE","4","0","0","40.36","KILOMETER","31.3","KILOMETER_PER_HOUR"
"250132790","61582","26","1999-03-09","26","C.CUESTA","COL","UNKNOWN","DEFENDER","MALE","","./image/250132790.jpg","Carlos Cuesta","DEFENDER","2","Cuesta","29","","Colombie","Défenseur","Carlos","Cuesta","Carlos Cuesta","Cuesta","200013","./assoc/200013_BEL.svg","./logo/61582.png","UEFA","BEL","61582","FAME","Genk","","https://img.uefa.com/imgml/TP/teams/logos/70x70/61582.png","https://img.uefa.com/imgml/TP/teams/logos/240x240/61582.png","261582","GEN","DOMESTIC_MEN_TEAM_A","","DOMESTIC","Belgique","Genk","KRC Genk","GEN","360","MINUTE","4","0","0","40","KILOMETER","29.9","KILOMETER_PER_HOUR"
"101788","75797","41","1983-12-22","6","FONTE","POR","CENTRE_BACK","DEFENDER","MALE","187","./image/101788.jpg","José Fonte","DEFENDER","6","Fonte","110","81","Portugal","Défenseur","José","Fonte","José Fonte","Fonte","200043","./assoc/200043_FRA.svg","./logo/75797.png","UEFA","FRA","75797","FAME","Lille","","https://img.uefa.com/imgml/TP/teams/logos/70x70/75797.png","https://img.uefa.com/imgml/TP/teams/logos/240x240/75797.png","275797","LIL","DOMESTIC_MEN_TEAM_A","","DOMESTIC","France","Lille","LOSC Lille","LIL","360","MINUTE","4","0","0","38.81","KILOMETER","29","KILOMETER_PER_HOUR"
"1907952","61582","34","1991-05-27","6","Dewaest","BEL","CENTRE_BACK","DEFENDER","MALE","179","./image/1907952.jpg","Sebastien Dewaest","DEFENDER","3","Dewaest","200013","73","Belgique","Défenseur","Sebastien","Dewaest","Sebastien Dewaest","Dewaest","200013","./assoc/200013_BEL.svg","./logo/61582.png","UEFA","BEL","61582","FAME","Genk","","https://img.uefa.com/imgml/TP/teams/logos/70x70/61582.png","https://img.uefa.com/imgml/TP/teams/logos/240x240/61582.png","261582","GEN","DOMESTIC_MEN_TEAM_A","","DOMESTIC","Belgique","Genk","KRC Genk","GEN","360","MINUTE","4","0","0","38","KILOMETER","31.3","KILOMETER_PER_HOUR"
"250041718","52914","29","1996-04-10","15","Christensen","DEN","CENTRE_BACK","DEFENDER","MALE","188","./image/250041718.jpg","Andreas  Christensen","DEFENDER","6","Christensen","35","74","Danemark","Défenseur","Andreas","Christensen","Andreas  Christensen","Christensen","200039","./assoc/200039_ENG.svg","./logo/52914.png","UEFA","ENG","52914","FAME","Chelsea","","https://img.uefa.com/imgml/TP/teams/logos/70x70/52914.png","https://img.uefa.com/imgml/TP/teams/logos/240x240/52914.png","252914","CHE","DOMESTIC_MEN_TEAM_A","","DOMESTIC","Angleterre","Chelsea","Chelsea FC","CHE","360","MINUTE","4","0","0","37.72","KILOMETER","31.7","KILOMETER_PER_HOUR"
"250121856","50067","31","1994-01-08","27","Luyindama","COD","CENTRE_BACK","DEFENDER","MALE","","./image/250121856.jpg","Christian Luyindama","DEFENDER","","Luyindama","","","RD Congo","Défenseur","Christian","Luyindama","Christian Luyindama","Luyindama","200135","./assoc/200135_TUR.svg","./logo/50067.png","UEFA","TUR","50067","FAME","Galatasaray","","https://img.uefa.com/imgml/TP/teams/logos/70x70/50067.png","https://img.uefa.com/imgml/TP/teams/logos/240x240/50067.png","250067","GAL","DOMESTIC_MEN_TEAM_A","","DOMESTIC","Turquie","Galatasaray","Galatasaray A.Ş.","GAL","360","MINUTE","4","0","0","37.03","KILOMETER","30.2","KILOMETER_PER_HOUR"
"72819","52826","38","1987-01-28","41","Kerzhakov","RUS","GOALKEEPER","GOALKEEPER","MALE","189","./image/72819.jpg","Mikhail Kerzhakov","GOALKEEPER","","M. Kerzhakov","","84","Russie","Gardien","Mikhail","Kerzhakov","Mikhail Kerzhakov","M. Kerzhakov","257451","./assoc/257451_RUS.svg","./logo/52826.png","UEFA","RUS","52826","FAME","Zenit","","https://img.uefa.com/imgml/TP/teams/logos/70x70/52826.png","https://img.uefa.com/imgml/TP/teams/logos/240x240/52826.png","252826","ZEN","DOMESTIC_MEN_TEAM_A","","DOMESTIC","Russie","Zenit","FC Zenit","ZEN","360","MINUTE","4","0","0","19.03","KILOMETER","22.9","KILOMETER_PER_HOUR"
"93846","1652","38","1986-12-26","1","Lloris","FRA","GOALKEEPER","GOALKEEPER","MALE","188","./image/93846.jpg","Hugo Lloris","GOALKEEPER","1","Lloris","43","73","France","Gardien","Hugo","Lloris","Hugo Lloris","Lloris","200039","./assoc/200039_ENG.svg","./logo/1652.png","UEFA","ENG","1652","FAME","Tottenham","","https://img.uefa.com/imgml/TP/teams/logos/70x70/1652.png","https://img.uefa.com/imgml/TP/teams/logos/240x240/1652.png","201652","TOT","DOMESTIC_MEN_TEAM_A","","DOMESTIC","Angleterre","Tottenham","Tottenham Hotspur","TOT","360","MINUTE","4","0","0","16.68","KILOMETER","22.7","KILOMETER_PER_HOUR"
"250085475","1652","33","1992-01-02","13","Gazzaniga","ARG","UNKNOWN","GOALKEEPER","MALE","","./image/250085475.jpg","Paulo Gazzaniga","GOALKEEPER","","Gazzaniga","","","Argentine","Gardien","Paulo","Gazzaniga","Paulo Gazzaniga","Gazzaniga","200039","./assoc/200039_ENG.svg","./logo/1652.png","UEFA","ENG","1652","FAME","Tottenham","","https://img.uefa.com/imgml/TP/teams/logos/70x70/1652.png","https://img.uefa.com/imgml/TP/teams/logos/240x240/1652.png","201652","TOT","DOMESTIC_MEN_TEAM_A","","DOMESTIC","Angleterre","Tottenham","Tottenham Hotspur","TOT","360","MINUTE","4","0","0","16.43","KILOMETER","19","KILOMETER_PER_HOUR"
"250058763","53065","29","1996-09-20","17","Zhemaletdinov","RUS","UNKNOWN","MIDFIELDER","MALE","184","./image/250058763.jpg","Rifat Zhemaletdinov","MIDFIELDER","19","Zhemaletdinov","57451","","Russie","Milieu","Rifat","Zhemaletdinov","Rifat Zhemaletdinov","Zhemaletdinov","257451","./assoc/257451_RUS.svg","./logo/53065.png","UEFA","RUS","53065","FAME","Lokomotiv Moskva","","https://img.uefa.com/imgml/TP/teams/logos/70x70/53065.png","https://img.uefa.com/imgml/TP/teams/logos/240x240/53065.png","253065","LMO","DOMESTIC_MEN_TEAM_A","","DOMESTIC","Russie","Lokomotiv Moskva","FC Lokomotiv Moskva","LMO","359","MINUTE","5","0","0","42.77","KILOMETER","29.5","KILOMETER_PER_HOUR"
"250000036","50080","36","1989-03-21","18","Jordi Alba","ESP","FULL_BACK","DEFENDER","MALE","170","./image/250000036.jpg","Jordi Alba","DEFENDER","18","Jordi Alba","122","68","Espagne","Défenseur","Jordi","Alba","Jordi Alba","Jordi Alba","200122","./assoc/200122_ESP.svg","./logo/50080.png","UEFA","ESP","50080","FAME","Barcelona","","https://img.uefa.com/imgml/TP/teams/logos/70x70/50080.png","https://img.uefa.com/imgml/TP/teams/logos/240x240/50080.png","250080","BAR","DOMESTIC_MEN_TEAM_A","","DOMESTIC","Espagne","Barcelona","FC Barcelona","BAR","355","MINUTE","5","0","2","41.06","KILOMETER","30.6","KILOMETER_PER_HOUR"
"1908227","50069","34","1991-06-04","91","van La Parra","NED","UNKNOWN","MIDFIELDER","MALE","","./image/1908227.jpg","Rajiv van la Parra","FORWARD","7","Van La Parra","200095","","Pays-Bas","Milieu","Rajiv","van la Parra","Rajiv van la Parra","Van la Parra","200147","./assoc/200147_SRB.svg","./logo/50069.png","UEFA","SRB","50069","FAME","Crvena Zvezda","","https://img.uefa.com/imgml/TP/teams/logos/70x70/50069.png","https://img.uefa.com/imgml/TP/teams/logos/240x240/50069.png","250069","ZVE","DOMESTIC_MEN_TEAM_A","","DOMESTIC","Serbie","Crvena Zvezda","FK Crvena Zvezda","ZVE","355","MINUTE","5","0","0","44.44","KILOMETER","31.3","KILOMETER_PER_HOUR"
"250014109","53065","32","1993-01-19","18","J.Mario","POR","UNKNOWN","MIDFIELDER","MALE","179","./image/250014109.jpg","João Mário","MIDFIELDER","17","J. Mário","110","73","Portugal","Milieu","João","Mário","João Mário","João Mário","257451","./assoc/257451_RUS.svg","./logo/53065.png","UEFA","RUS","53065","FAME","Lokomotiv Moskva","","https://img.uefa.com/imgml/TP/teams/logos/70x70/53065.png","https://img.uefa.com/imgml/TP/teams/logos/240x240/53065.png","253065","LMO","DOMESTIC_MEN_TEAM_A","","DOMESTIC","Russie","Lokomotiv Moskva","FC Lokomotiv Moskva","LMO","354","MINUTE","4","0","2","41.44","KILOMETER","29.7","KILOMETER_PER_HOUR"
"250063940","50124","30","1995-06-18","22","Hermoso","ESP","UNKNOWN","DEFENDER","MALE","","./image/250063940.jpg","Mario Hermoso","DEFENDER","4","Hermoso","122","","Espagne","Défenseur","Mario","Hermoso","Mario Hermoso","Hermoso","200122","./assoc/200122_ESP.svg","./logo/50124.png","UEFA","ESP","50124","FAME","Atleti","","https://img.uefa.com/imgml/TP/teams/logos/70x70/50124.png","https://img.uefa.com/imgml/TP/teams/logos/240x240/50124.png","250124","ATM","DOMESTIC_MEN_TEAM_A","","DOMESTIC","Espagne","Atleti","Atlético de Madrid","ATM","351","MINUTE","5","0","0","38.1","KILOMETER","29.7","KILOMETER_PER_HOUR"
"250074376","50109","32","1993-07-20","18","Wendell","BRA","FULL_BACK","DEFENDER","MALE","176","./image/250074376.jpg","Wendell","DEFENDER","6","Wendell","18","71","Brésil","Défenseur","","Wendell","Wendell","Wendell","200047","./assoc/200047_GER.svg","./logo/50109.png","UEFA","GER","50109","FAME","Leverkusen","","https://img.uefa.com/imgml/TP/teams/logos/70x70/50109.png","https://img.uefa.com/imgml/TP/teams/logos/240x240/50109.png","250109","LEV","DOMESTIC_MEN_TEAM_A","","DOMESTIC","Allemagne","Leverkusen","Bayer 04 Leverkusen","LEV","351","MINUTE","4","0","0","40.85","KILOMETER","29.9","KILOMETER_PER_HOUR"
"250026037","50136","34","1991-06-04","24","INSIGNE","ITA","STRIKER","FORWARD","MALE","163","./image/250026037.jpg","Lorenzo Insigne","FORWARD","10","Insigne","66","59","Italie","Attaquant","Lorenzo","Insigne","Lorenzo Insigne","Insigne","200066","./assoc/200066_ITA.svg","./logo/50136.png","UEFA","ITA","50136","FAME","Napoli","","https://img.uefa.com/imgml/TP/teams/logos/70x70/50136.png","https://img.uefa.com/imgml/TP/teams/logos/240x240/50136.png","250136","NAP","DOMESTIC_MEN_TEAM_A","","DOMESTIC","Italie","Napoli","SSC Napoli","NAP","350","MINUTE","5","2","1","42.56","KILOMETER","31.3","KILOMETER_PER_HOUR"
"250101284","50051","27","1998-07-22","8","VALVERDE","URU","UNKNOWN","MIDFIELDER","MALE","","./image/250101284.jpg","Federico Valverde","MIDFIELDER","15","Valverde","138","","Uruguay","Milieu","Federico","Valverde","Federico Valverde","Valverde","200122","./assoc/200122_ESP.svg","./logo/50051.png","UEFA","ESP","50051","FAME","Real Madrid","","https://img.uefa.com/imgml/TP/teams/logos/70x70/50051.png","https://img.uefa.com/imgml/TP/teams/logos/240x240/50051.png","250051","RMA","DOMESTIC_MEN_TEAM_A","","DOMESTIC","Espagne","Real Madrid","Real Madrid C.F.","RMA","348","MINUTE","6","0","0","41.91","KILOMETER","31","KILOMETER_PER_HOUR"
"98843","50109","37","1988-01-02","15","Baumgartlinger","AUT","DEFENSIVE_MIDFIELDER","MIDFIELDER","MALE","183","./image/98843.jpg","Julian Baumgartlinger","MIDFIELDER","14","Baumgartlinger","8","82","Autriche","Milieu","Julian","Baumgartlinger","Julian Baumgartlinger","Baumgartlinger","200047","./assoc/200047_GER.svg","./logo/50109.png","UEFA","GER","50109","FAME","Leverkusen","","https://img.uefa.com/imgml/TP/teams/logos/70x70/50109.png","https://img.uefa.com/imgml/TP/teams/logos/240x240/50109.png","250109","LEV","DOMESTIC_MEN_TEAM_A","","DOMESTIC","Allemagne","Leverkusen","Bayer 04 Leverkusen","LEV","346","MINUTE","6","0","0","47.45","KILOMETER","30.8","KILOMETER_PER_HOUR"
"97744","50080","37","1988-03-10","11","I. RAKITIĆ","CRO","CENTRAL_MIDFIELDER","MIDFIELDER","MALE","184","./image/97744.jpg","Ivan Rakitić","MIDFIELDER","7","I. Rakitić","56370","78","Croatie","Milieu","Ivan","Rakitić","Ivan Rakitić","Rakitić","200122","./assoc/200122_ESP.svg","./logo/50080.png","UEFA","ESP","50080","FAME","Barcelona","","https://img.uefa.com/imgml/TP/teams/logos/70x70/50080.png","https://img.uefa.com/imgml/TP/teams/logos/240x240/50080.png","250080","BAR","DOMESTIC_MEN_TEAM_A","","DOMESTIC","Espagne","Barcelona","FC Barcelona","BAR","345","MINUTE","7","0","1","43.87","KILOMETER","27","KILOMETER_PER_HOUR"
"250003440","50067","35","1989-12-26","89","Feghouli","ALG","WINGER","MIDFIELDER","MALE","178","./image/250003440.jpg","Sofiane Feghouli","MIDFIELDER","10","Feghouli","3","71","Algérie","Milieu","Sofiane","Feghouli","Sofiane Feghouli","Feghouli","200135","./assoc/200135_TUR.svg","./logo/50067.png","UEFA","TUR","50067","FAME","Galatasaray","","https://img.uefa.com/imgml/TP/teams/logos/70x70/50067.png","https://img.uefa.com/imgml/TP/teams/logos/240x240/50067.png","250067","GAL","DOMESTIC_MEN_TEAM_A","","DOMESTIC","Turquie","Galatasaray","Galatasaray A.Ş.","GAL","343","MINUTE","5","0","0","38.99","KILOMETER","32.21","KILOMETER_PER_HOUR"
"98953","50037","37","1988-09-02","8","Martinez","ESP","CENTRE_BACK","MIDFIELDER","MALE","190","./image/98953.jpg","Javi Martínez","DEFENDER","4","Javi Martínez","122","86","Espagne","Milieu","","Javi Martínez","Javi Martínez","Javi Martínez","200047","./assoc/200047_GER.svg","./logo/50037.png","UEFA","GER","50037","FAME","Bayern München","","https://img.uefa.com/imgml/TP/teams/logos/70x70/50037.png","https://img.uefa.com/imgml/TP/teams/logos/240x240/50037.png","250037","BAY","DOMESTIC_MEN_TEAM_A","","DOMESTIC","Allemagne","Bayern München","FC Bayern München","BAY","342","MINUTE","7","0","0","38.88","KILOMETER","29","KILOMETER_PER_HOUR"
"250035096","53065","37","1987-12-22","19","Eder","POR","STRIKER","FORWARD","MALE","188","./image/250035096.jpg","Éder","FORWARD","9","Eder","110","81","Portugal","Attaquant","","Éder","Éder","Éder","257451","./assoc/257451_RUS.svg","./logo/53065.png","UEFA","RUS","53065","FAME","Lokomotiv Moskva","","https://img.uefa.com/imgml/TP/teams/logos/70x70/53065.png","https://img.uefa.com/imgml/TP/teams/logos/240x240/53065.png","253065","LMO","DOMESTIC_MEN_TEAM_A","","DOMESTIC","Russie","Lokomotiv Moskva","FC Lokomotiv Moskva","LMO","342","MINUTE","5","0","0","37.24","KILOMETER","29","KILOMETER_PER_HOUR"
"250070415","52758","30","1995-09-08","28","J. WEIGL","GER","DEFENSIVE_MIDFIELDER","MIDFIELDER","MALE","186","./image/250070415.jpg","Julian Weigl","MIDFIELDER","15","Weigl","47","71","Allemagne","Milieu","Julian","Weigl","Julian Weigl","Weigl","200047","./assoc/200047_GER.svg","./logo/52758.png","UEFA","GER","52758","FAME","B. Dortmund","","https://img.uefa.com/imgml/TP/teams/logos/70x70/52758.png","https://img.uefa.com/imgml/TP/teams/logos/240x240/52758.png","252758","BVB","DOMESTIC_MEN_TEAM_A","","DOMESTIC","Allemagne","B. Dortmund","Borussia Dortmund","BVB","342","MINUTE","4","0","0","43.84","KILOMETER","29.9","KILOMETER_PER_HOUR"
"250054829","50037","31","1994-08-03","8","Tolisso","FRA","CENTRAL_MIDFIELDER","MIDFIELDER","MALE","181","./image/250054829.jpg","Corentin Tolisso","MIDFIELDER","12","Tolisso","43","78","France","Milieu","Corentin","Tolisso","Corentin Tolisso","Tolisso","200047","./assoc/200047_GER.svg","./logo/50037.png","UEFA","GER","50037","FAME","Bayern München","","https://img.uefa.com/imgml/TP/teams/logos/70x70/50037.png","https://img.uefa.com/imgml/TP/teams/logos/240x240/50037.png","250037","BAY","DOMESTIC_MEN_TEAM_A","","DOMESTIC","Allemagne","Bayern München","FC Bayern München","BAY","341","MINUTE","10","3","4","46.78","KILOMETER","31.3","KILOMETER_PER_HOUR"
"103546","50139","38","1987-04-09","14","Matuidi","FRA","DEFENSIVE_MIDFIELDER","MIDFIELDER","MALE","175","./image/103546.jpg","Blaise Matuidi","MIDFIELDER","14","Matuidi","43","70","France","Milieu","Blaise","Matuidi","Blaise Matuidi","Matuidi","200066","./assoc/200066_ITA.svg","./logo/50139.png","UEFA","ITA","50139","FAME","Juventus","","https://img.uefa.com/imgml/TP/teams/logos/70x70/50139.png","https://img.uefa.com/imgml/TP/teams/logos/240x240/50139.png","250139","JUV","DOMESTIC_MEN_TEAM_A","","DOMESTIC","Italie","Juventus","Juventus","JUV","340","MINUTE","5","1","0","44.04","KILOMETER","28.6","KILOMETER_PER_HOUR"
"250112778","1652","28","1996-12-28","22","Ndombele Alvaro","FRA","CENTRAL_MIDFIELDER","MIDFIELDER","MALE","","./image/250112778.jpg","Tanguy Ndombélé","MIDFIELDER","13","Ndombele","43","","France","Milieu","Tanguy","Ndombélé","Tanguy Ndombélé","Ndombélé","200039","./assoc/200039_ENG.svg","./logo/1652.png","UEFA","ENG","1652","FAME","Tottenham","","https://img.uefa.com/imgml/TP/teams/logos/70x70/1652.png","https://img.uefa.com/imgml/TP/teams/logos/240x240/1652.png","201652","TOT","DOMESTIC_MEN_TEAM_A","","DOMESTIC","Angleterre","Tottenham","Tottenham Hotspur","TOT","339","MINUTE","6","0","2","40.02","KILOMETER","29.7","KILOMETER_PER_HOUR"
"250056865","52707","29","1996-02-14","20","Kovalenko","UKR","ATTACKING_MIDFIELDER","MIDFIELDER","MALE","182","./image/250056865.jpg","Viktor Kovalenko","MIDFIELDER","19","Kovalenko","57166","75","Ukraine","Milieu","Viktor","Kovalenko","Viktor Kovalenko","Kovalenko","257166","./assoc/257166_UKR.svg","./logo/52707.png","UEFA","UKR","52707","FAME","Shakhtar","","https://img.uefa.com/imgml/TP/teams/logos/70x70/52707.png","https://img.uefa.com/imgml/TP/teams/logos/240x240/52707.png","252707","SHK","DOMESTIC_MEN_TEAM_A","","DOMESTIC","Ukraine","Shakhtar","FC Shakhtar Donetsk","SHK","338","MINUTE","5","0","1","43.97","KILOMETER","30.6","KILOMETER_PER_HOUR"
"68721","50067","38","1986-12-19","8","R.Babel","NED","STRIKER","FORWARD","MALE","185","./image/68721.jpg","Ryan Babel","FORWARD","9","Babel","95","79","Pays-Bas","Attaquant","Ryan","Babel","Ryan Babel","Babel","200135","./assoc/200135_TUR.svg","./logo/50067.png","UEFA","TUR","50067","FAME","Galatasaray","","https://img.uefa.com/imgml/TP/teams/logos/70x70/50067.png","https://img.uefa.com/imgml/TP/teams/logos/240x240/50067.png","250067","GAL","DOMESTIC_MEN_TEAM_A","","DOMESTIC","Turquie","Galatasaray","Galatasaray A.Ş.","GAL","334","MINUTE","4","0","0","33","KILOMETER","30.2","KILOMETER_PER_HOUR"
"250100013","1652","29","1996-04-09","20","LO CELSO","ARG","CENTRAL_MIDFIELDER","MIDFIELDER","MALE","","./image/250100013.jpg","Giovani Lo Celso","MIDFIELDER","20","Lo Celso","6","","Argentine","Milieu","Giovani","Lo Celso","Giovani Lo Celso","Lo Celso","200039","./assoc/200039_ENG.svg","./logo/1652.png","UEFA","ENG","1652","FAME","Tottenham","","https://img.uefa.com/imgml/TP/teams/logos/70x70/1652.png","https://img.uefa.com/imgml/TP/teams/logos/240x240/1652.png","201652","TOT","DOMESTIC_MEN_TEAM_A","","DOMESTIC","Angleterre","Tottenham","Tottenham Hotspur","TOT","332","MINUTE","5","1","0","40.78","KILOMETER","30.4","KILOMETER_PER_HOUR"
"250041781","50037","30","1995-09-03","25","Süle","GER","UNKNOWN","DEFENDER","MALE","","./image/250041781.jpg","Niklas Süle","DEFENDER","15","Süle","47","","Allemagne","Défenseur","Niklas","Süle","Niklas Süle","Süle","200047","./assoc/200047_GER.svg","./logo/50037.png","UEFA","GER","50037","FAME","Bayern München","","https://img.uefa.com/imgml/TP/teams/logos/70x70/50037.png","https://img.uefa.com/imgml/TP/teams/logos/240x240/50037.png","250037","BAY","DOMESTIC_MEN_TEAM_A","","DOMESTIC","Allemagne","Bayern München","FC Bayern München","BAY","331","MINUTE","6","0","0","35.69","KILOMETER","30.2","KILOMETER_PER_HOUR"
"250132829","50051","24","2001-01-09","11","RODRYGO","BRA","WINGER","FORWARD","MALE","","./image/250132829.jpg","Rodrygo","MIDFIELDER","10","Rodrygo","18","","Brésil","Attaquant","","Rodrygo","Rodrygo","Rodrygo","200122","./assoc/200122_ESP.svg","./logo/50051.png","UEFA","ESP","50051","FAME","Real Madrid","","https://img.uefa.com/imgml/TP/teams/logos/70x70/50051.png","https://img.uefa.com/imgml/TP/teams/logos/240x240/50051.png","250051","RMA","DOMESTIC_MEN_TEAM_A","","DOMESTIC","Espagne","Real Madrid","Real Madrid C.F.","RMA","331","MINUTE","5","4","2","39.54","KILOMETER","31","KILOMETER_PER_HOUR"
"250134357","50067","32","1993-09-01","99","MARIO JR.","GAB","UNKNOWN","MIDFIELDER","MALE","182","./image/250134357.jpg","Mario Lemina","MIDFIELDER","","Lemina","44","83","Gabon","Milieu","Mario","Lemina","Mario Lemina","Lemina","200135","./assoc/200135_TUR.svg","./logo/50067.png","UEFA","TUR","50067","FAME","Galatasaray","","https://img.uefa.com/imgml/TP/teams/logos/70x70/50067.png","https://img.uefa.com/imgml/TP/teams/logos/240x240/50067.png","250067","GAL","DOMESTIC_MEN_TEAM_A","","DOMESTIC","Turquie","Galatasaray","Galatasaray A.Ş.","GAL","330","MINUTE","4","0","0","37.47","KILOMETER","29.5","KILOMETER_PER_HOUR"
"250079419","5312","27","1998-01-17","22","Reine-Adelaide","FRA","CENTRAL_MIDFIELDER","FORWARD","MALE","184","./image/250079419.jpg","Jeff Reine-Adélaïde","FORWARD","17","Reine-Adelaide","200043","75","France","Attaquant","Jeff","Reine-Adélaïde","Jeff Reine-Adélaïde","Reine-Adélaïde","200043","./assoc/200043_FRA.svg","./logo/5312.png","UEFA","FRA","5312","FAME","Lyon","","https://img.uefa.com/imgml/TP/teams/logos/70x70/5312.png","https://img.uefa.com/imgml/TP/teams/logos/240x240/5312.png","205312","LYO","DOMESTIC_MEN_TEAM_A","","DOMESTIC","France","Lyon","Olympique Lyonnais","LYO","327","MINUTE","8","0","0","43.73","KILOMETER","29.7","KILOMETER_PER_HOUR"
"250014680","52747","36","1989-08-14","21","Ander Herrera","ESP","CENTRAL_MIDFIELDER","MIDFIELDER","MALE","182","./image/250014680.jpg","Ander Herrera","MIDFIELDER","12","Ander Herrera","122","70","Espagne","Milieu","Ander","Herrera","Ander Herrera","Herrera","200043","./assoc/200043_FRA.svg","./logo/52747.png","UEFA","FRA","52747","FAME","Paris","","https://img.uefa.com/imgml/TP/teams/logos/70x70/52747.png","https://img.uefa.com/imgml/TP/teams/logos/240x240/52747.png","252747","PSG","DOMESTIC_MEN_TEAM_A","","DOMESTIC","France","Paris","Paris Saint-Germain","PSG","326","MINUTE","6","0","0","40.43","KILOMETER","27.7","KILOMETER_PER_HOUR"
"250064087","52816","34","1991-04-01","91","Duvan","COL","UNKNOWN","FORWARD","MALE","186","./image/250064087.jpg","Duván Zapata","FORWARD","","Duván","29","","Colombie","Attaquant","Duván","Zapata","Duván Zapata","Zapata","200066","./assoc/200066_ITA.svg","./logo/52816.png","UEFA","ITA","52816","FAME","Atalanta","","https://img.uefa.com/imgml/TP/teams/logos/70x70/52816.png","https://img.uefa.com/imgml/TP/teams/logos/240x240/52816.png","252816","ATA","DOMESTIC_MEN_TEAM_A","","DOMESTIC","Italie","Atalanta","Atalanta BC","ATA","323","MINUTE","5","1","2","34.1","KILOMETER","33.3","KILOMETER_PER_HOUR"
"250121548","50147","30","1995-03-25","95","VINICIUS","BRA","STRIKER","FORWARD","MALE","","./image/250121548.jpg","Carlos Vinícius","FORWARD","","Vinicius","","","Brésil","Attaquant","","Carlos Vinícius","Carlos Vinícius","Carlos Vinícius","200110","./assoc/200110_POR.svg","./logo/50147.png","UEFA","POR","50147","FAME","Benfica","","https://img.uefa.com/imgml/TP/teams/logos/70x70/50147.png","https://img.uefa.com/imgml/TP/teams/logos/240x240/50147.png","250147","BEN","DOMESTIC_MEN_TEAM_A","","DOMESTIC","Portugal","Benfica","SL Benfica","BEN","322","MINUTE","5","1","0","35.39","KILOMETER","29.9","KILOMETER_PER_HOUR"
"250117439","52826","31","1994-05-10","4","Osorio","VEN","UNKNOWN","DEFENDER","MALE","","./image/250117439.jpg","Yordan Osorio","DEFENDER","3","Osorio","142","","Vénézuéla","Défenseur","Yordan","Osorio","Yordan Osorio","Osorio","257451","./assoc/257451_RUS.svg","./logo/52826.png","UEFA","RUS","52826","FAME","Zenit","","https://img.uefa.com/imgml/TP/teams/logos/70x70/52826.png","https://img.uefa.com/imgml/TP/teams/logos/240x240/52826.png","252826","ZEN","DOMESTIC_MEN_TEAM_A","","DOMESTIC","Russie","Zenit","FC Zenit","ZEN","322","MINUTE","5","0","0","36.91","KILOMETER","29.7","KILOMETER_PER_HOUR"
"101528","52268","38","1987-05-09","9","GAMEIRO","FRA","STRIKER","FORWARD","MALE","172","./image/101528.jpg","Kevin Gameiro","FORWARD","10","Gameiro","43","69","France","Attaquant","Kevin","Gameiro","Kevin Gameiro","Gameiro","200122","./assoc/200122_ESP.svg","./logo/52268.png","UEFA","ESP","52268","FAME","Valencia","","https://img.uefa.com/imgml/TP/teams/logos/70x70/52268.png","https://img.uefa.com/imgml/TP/teams/logos/240x240/52268.png","252268","VAL","DOMESTIC_MEN_TEAM_A","","DOMESTIC","Espagne","Valencia","Valencia CF","VAL","320","MINUTE","7","2","1","36.35","KILOMETER","31.5","KILOMETER_PER_HOUR"
"250086728","2610","35","1990-07-12","9","Guerrero","ESP","STRIKER","FORWARD","MALE","180","./image/250086728.jpg","Miguel Ángel Guerrero","MIDFIELDER","","Guerrero","","79","Espagne","Attaquant","Miguel Ángel","Guerrero","Miguel Ángel Guerrero","Guerrero","200049","./assoc/200049_GRE.svg","./logo/2610.png","UEFA","GRE","2610","FAME","Olympiacos","","https://img.uefa.com/imgml/TP/teams/logos/70x70/2610.png","https://img.uefa.com/imgml/TP/teams/logos/240x240/2610.png","202610","OLY","DOMESTIC_MEN_TEAM_A","","DOMESTIC","Grèce","Olympiacos","Olympiacos FC","OLY","315","MINUTE","6","0","0","37.6","KILOMETER","29.5","KILOMETER_PER_HOUR"
"250062400","50069","38","1987-05-27","87","J.A. Cañas","ESP","CENTRAL_MIDFIELDER","MIDFIELDER","MALE","177","./image/250062400.jpg","José Cañas","MIDFIELDER","","Canas","","71","Espagne","Milieu","José","Cañas","José Cañas","Cañas","200147","./assoc/200147_SRB.svg","./logo/50069.png","UEFA","SRB","50069","FAME","Crvena Zvezda","","https://img.uefa.com/imgml/TP/teams/logos/70x70/50069.png","https://img.uefa.com/imgml/TP/teams/logos/240x240/50069.png","250069","ZVE","DOMESTIC_MEN_TEAM_A","","DOMESTIC","Serbie","Crvena Zvezda","FK Crvena Zvezda","ZVE","314","MINUTE","5","0","0","38.43","KILOMETER","29.2","KILOMETER_PER_HOUR"
"250086333","50139","31","1993-11-15","21","DYBALA","ARG","STRIKER","FORWARD","MALE","177","./image/250086333.jpg","Paulo Dybala","FORWARD","21","Dybala","6","79","Argentine","Attaquant","Paulo","Dybala","Paulo Dybala","Dybala","200066","./assoc/200066_ITA.svg","./logo/50139.png","UEFA","ITA","50139","FAME","Juventus","","https://img.uefa.com/imgml/TP/teams/logos/70x70/50139.png","https://img.uefa.com/imgml/TP/teams/logos/240x240/50139.png","250139","JUV","DOMESTIC_MEN_TEAM_A","","DOMESTIC","Italie","Juventus","Juventus","JUV","312","MINUTE","8","3","3","39.47","KILOMETER","32","KILOMETER_PER_HOUR"
"250050416","1652","31","1994-01-15","3","DIER","ENG","DEFENSIVE_MIDFIELDER","DEFENDER","MALE","188","./image/250050416.jpg","Eric Dier","DEFENDER","15","Dier","39","88","Angleterre","Défenseur","Eric","Dier","Eric Dier","Dier","200039","./assoc/200039_ENG.svg","./logo/1652.png","UEFA","ENG","1652","FAME","Tottenham","","https://img.uefa.com/imgml/TP/teams/logos/70x70/1652.png","https://img.uefa.com/imgml/TP/teams/logos/240x240/1652.png","201652","TOT","DOMESTIC_MEN_TEAM_A","","DOMESTIC","Angleterre","Tottenham","Tottenham Hotspur","TOT","312","MINUTE","5","0","0","35.29","KILOMETER","30.8","KILOMETER_PER_HOUR"
"250073903","52268","28","1996-12-19","12","DIAKHABY","FRA","CENTRE_BACK","DEFENDER","MALE","185","./image/250073903.jpg","Mouctar Diakhaby","DEFENDER","5","Diakhaby","200043","75","France","Défenseur","Mouctar","Diakhaby","Mouctar Diakhaby","Diakhaby","200122","./assoc/200122_ESP.svg","./logo/52268.png","UEFA","ESP","52268","FAME","Valencia","","https://img.uefa.com/imgml/TP/teams/logos/70x70/52268.png","https://img.uefa.com/imgml/TP/teams/logos/240x240/52268.png","252268","VAL","DOMESTIC_MEN_TEAM_A","","DOMESTIC","Espagne","Valencia","Valencia CF","VAL","310","MINUTE","5","0","0","31.7","KILOMETER","31.3","KILOMETER_PER_HOUR"
"250020844","50067","35","1990-02-25","10","BELHANDA","MAR","ATTACKING_MIDFIELDER","MIDFIELDER","MALE","174","./image/250020844.jpg","Younès Belhanda","MIDFIELDER","","Belhanda","92","75","Maroc","Milieu","Younès","Belhanda","Younès Belhanda","Belhanda","200135","./assoc/200135_TUR.svg","./logo/50067.png","UEFA","TUR","50067","FAME","Galatasaray","","https://img.uefa.com/imgml/TP/teams/logos/70x70/50067.png","https://img.uefa.com/imgml/TP/teams/logos/240x240/50067.png","250067","GAL","DOMESTIC_MEN_TEAM_A","","DOMESTIC","Turquie","Galatasaray","Galatasaray A.Ş.","GAL","306","MINUTE","4","0","0","34.2","KILOMETER","30.2","KILOMETER_PER_HOUR"
"250063396","50030","32","1992-11-04","1","Stankovic","AUT","GOALKEEPER","GOALKEEPER","MALE","187","./image/250063396.jpg","Cican Stankovic","GOALKEEPER","13","Stankovic","8","80","Autriche","Gardien","Cican","Stankovic","Cican Stankovic","Stankovic","200008","./assoc/200008_AUT.svg","./logo/50030.png","UEFA","AUT","50030","FAME","Salzburg","","https://img.uefa.com/imgml/TP/teams/logos/70x70/50030.png","https://img.uefa.com/imgml/TP/teams/logos/240x240/50030.png","250030","SAL","DOMESTIC_MEN_TEAM_A","","DOMESTIC","Autriche","Salzburg","FC Salzburg","SAL","303","MINUTE","4","0","0","14.11","KILOMETER","22.7","KILOMETER_PER_HOUR"
"250088654","50069","26","1999-07-18","18","PETROVIĆ","SRB","DEFENSIVE_MIDFIELDER","MIDFIELDER","MALE","","./image/250088654.jpg","Njegoš Petrović","MIDFIELDER","8","Petrović","200147","","Serbie","Milieu","Njegoš","Petrović","Njegoš Petrović","N. Petrović","200147","./assoc/200147_SRB.svg","./logo/50069.png","UEFA","SRB","50069","FAME","Crvena Zvezda","","https://img.uefa.com/imgml/TP/teams/logos/70x70/50069.png","https://img.uefa.com/imgml/TP/teams/logos/240x240/50069.png","250069","ZVE","DOMESTIC_MEN_TEAM_A","","DOMESTIC","Serbie","Crvena Zvezda","FK Crvena Zvezda","ZVE","301","MINUTE","5","0","0","38.97","KILOMETER","33.8","KILOMETER_PER_HOUR"
"250063505","50124","30","1995-01-20","2","J. M. GIMÉNEZ","URU","CENTRE_BACK","DEFENDER","MALE","185","./image/250063505.jpg","José María Giménez","DEFENDER","2","Giménez","138","76","Uruguay","Défenseur","José María","Giménez","José María Giménez","Giménez","200122","./assoc/200122_ESP.svg","./logo/50124.png","UEFA","ESP","50124","FAME","Atleti","","https://img.uefa.com/imgml/TP/teams/logos/70x70/50124.png","https://img.uefa.com/imgml/TP/teams/logos/240x240/50124.png","250124","ATM","DOMESTIC_MEN_TEAM_A","","DOMESTIC","Espagne","Atleti","Atlético de Madrid","ATM","300","MINUTE","5","0","1","31.08","KILOMETER","31","KILOMETER_PER_HOUR"
"250083695","7889","38","1987-01-03","13","ADRIÁN","ESP","UNKNOWN","GOALKEEPER","MALE","","./image/250083695.jpg","Adrián","GOALKEEPER","12","Adrián","122","","Espagne","Gardien","","Adrián","Adrián","Adrián","200039","./assoc/200039_ENG.svg","./logo/7889.png","UEFA","ENG","7889","FAME","Liverpool","","https://img.uefa.com/imgml/TP/teams/logos/70x70/7889.png","https://img.uefa.com/imgml/TP/teams/logos/240x240/7889.png","207889","LIV","DOMESTIC_MEN_TEAM_A","","DOMESTIC","Angleterre","Liverpool","Liverpool FC","LIV","300","MINUTE","3","0","0","13.66","KILOMETER","20.3","KILOMETER_PER_HOUR"
"250121747","50080","29","1996-08-12","18","Ramos De Oliveira Melo","BRA","UNKNOWN","MIDFIELDER","MALE","","./image/250121747.jpg","Arthur","MIDFIELDER","","Ramos de Oliveira Melo","18","","Brésil","Milieu","","Arthur","Arthur","Arthur","200122","./assoc/200122_ESP.svg","./logo/50080.png","UEFA","ESP","50080","FAME","Barcelona","","https://img.uefa.com/imgml/TP/teams/logos/70x70/50080.png","https://img.uefa.com/imgml/TP/teams/logos/240x240/50080.png","250080","BAR","DOMESTIC_MEN_TEAM_A","","DOMESTIC","Espagne","Barcelona","FC Barcelona","BAR","298","MINUTE","4","0","1","36.17","KILOMETER","29.7","KILOMETER_PER_HOUR"
"1905884","1652","33","1992-02-14","14","Eriksen","DEN","ATTACKING_MIDFIELDER","MIDFIELDER","MALE","175","./image/1905884.jpg","Christian Eriksen","MIDFIELDER","10","Eriksen","35","65","Danemark","Milieu","Christian","Eriksen","Christian Eriksen","Eriksen","200039","./assoc/200039_ENG.svg","./logo/1652.png","UEFA","ENG","1652","FAME","Tottenham","","https://img.uefa.com/imgml/TP/teams/logos/70x70/1652.png","https://img.uefa.com/imgml/TP/teams/logos/240x240/1652.png","201652","TOT","DOMESTIC_MEN_TEAM_A","","DOMESTIC","Angleterre","Tottenham","Tottenham Hotspur","TOT","295","MINUTE","5","1","1","41.32","KILOMETER","29.5","KILOMETER_PER_HOUR"
"250066739","50138","28","1997-02-07","23","Barella","ITA","CENTRAL_MIDFIELDER","MIDFIELDER","MALE","","./image/250066739.jpg","Nicolò Barella","MIDFIELDER","18","Barella","66","","Italie","Milieu","Nicolò","Barella","Nicolò Barella","Barella","200066","./assoc/200066_ITA.svg","./logo/50138.png","UEFA","ITA","50138","FAME","Inter","","https://img.uefa.com/imgml/TP/teams/logos/70x70/50138.png","https://img.uefa.com/imgml/TP/teams/logos/240x240/50138.png","250138","INT","DOMESTIC_MEN_TEAM_A","","DOMESTIC","Italie","Inter","FC Internazionale Milano","INT","289","MINUTE","4","1","0","42.31","KILOMETER","30.4","KILOMETER_PER_HOUR"
"250014636","2603790","35","1990-10-09","44","Kampl","SVN","CENTRAL_MIDFIELDER","MIDFIELDER","MALE","180","./image/250014636.jpg","Kevin Kampl","MIDFIELDER","10","Kampl","57163","67","Slovénie","Milieu","Kevin","Kampl","Kevin Kampl","Kampl","200047","./assoc/200047_GER.svg","./logo/2603790.png","UEFA","GER","2603790","FAME","Leipzig","","https://img.uefa.com/imgml/TP/teams/logos/70x70/2603790.png","https://img.uefa.com/imgml/TP/teams/logos/240x240/2603790.png","250002563","RBL","DOMESTIC_MEN_TEAM_A","","DOMESTIC","Allemagne","Leipzig","RB Leipzig","RBL","289","MINUTE","4","0","0","37.18","KILOMETER","30.4","KILOMETER_PER_HOUR"
"250097814","5312","33","1992-09-14","17","Toko Ekambi","FRA","UNKNOWN","FORWARD","MALE","","./image/250097814.jpg","Karl Toko Ekambi","FORWARD","12","Toko Ekambi","23","","France","Attaquant","Karl","Toko Ekambi","Karl Toko Ekambi","Toko Ekambi","200043","./assoc/200043_FRA.svg","./logo/5312.png","UEFA","FRA","5312","FAME","Lyon","","https://img.uefa.com/imgml/TP/teams/logos/70x70/5312.png","https://img.uefa.com/imgml/TP/teams/logos/240x240/5312.png","205312","LYO","DOMESTIC_MEN_TEAM_A","","DOMESTIC","France","Lyon","Olympique Lyonnais","LYO","286","MINUTE","4","0","0","32.35","KILOMETER","32.21","KILOMETER_PER_HOUR"
"250087431","52758","26","1999-06-03","23","Zagadou","FRA","FULL_BACK","DEFENDER","MALE","","./image/250087431.jpg","Dan-Axel Zagadou","DEFENDER","3","Zagadou","200043","","France","Défenseur","Dan-Axel","Zagadou","Dan-Axel Zagadou","Zagadou","200047","./assoc/200047_GER.svg","./logo/52758.png","UEFA","GER","52758","FAME","B. Dortmund","","https://img.uefa.com/imgml/TP/teams/logos/70x70/52758.png","https://img.uefa.com/imgml/TP/teams/logos/240x240/52758.png","252758","BVB","DOMESTIC_MEN_TEAM_A","","DOMESTIC","Allemagne","B. Dortmund","Borussia Dortmund","BVB","285","MINUTE","5","0","0","34.21","KILOMETER","27.2","KILOMETER_PER_HOUR"
"250067467","50043","32","1993-02-28","39","Balanta","COL","DEFENSIVE_MIDFIELDER","DEFENDER","MALE","181","./image/250067467.jpg","Éder Balanta","MIDFIELDER","16","Alvarez","29","84","Colombie","Défenseur","Éder","Balanta","Éder Balanta","Balanta","200013","./assoc/200013_BEL.svg","./logo/50043.png","UEFA","BEL","50043","FAME","Club Brugge","","https://img.uefa.com/imgml/TP/teams/logos/70x70/50043.png","https://img.uefa.com/imgml/TP/teams/logos/240x240/50043.png","250043","BRU","DOMESTIC_MEN_TEAM_A","","DOMESTIC","Belgique","Club Brugge","Club Brugge KV","BRU","284","MINUTE","5","0","0","37.19","KILOMETER","32.21","KILOMETER_PER_HOUR"
"250117429","52707","26","1998-11-17","2","Dodo","BRA","FULL_BACK","DEFENDER","MALE","","./image/250117429.jpg","Dodô","DEFENDER","","Dodo","","","Brésil","Défenseur","","Dodô","Dodô","Dodô","257166","./assoc/257166_UKR.svg","./logo/52707.png","UEFA","UKR","52707","FAME","Shakhtar","","https://img.uefa.com/imgml/TP/teams/logos/70x70/52707.png","https://img.uefa.com/imgml/TP/teams/logos/240x240/52707.png","252707","SHK","DOMESTIC_MEN_TEAM_A","","DOMESTIC","Ukraine","Shakhtar","FC Shakhtar Donetsk","SHK","282","MINUTE","5","1","2","33.48","KILOMETER","33.1","KILOMETER_PER_HOUR"
"250021048","7889","32","1993-08-15","15","CHAMBERLAIN","ENG","WINGER","MIDFIELDER","MALE","180","./image/250021048.jpg","Alex Oxlade-Chamberlain","MIDFIELDER","15","Chamberlain","39","70","Angleterre","Milieu","Alex","Oxlade-Chamberlain","Alex Oxlade-Chamberlain","Oxlade-Chamberlain","200039","./assoc/200039_ENG.svg","./logo/7889.png","UEFA","ENG","7889","FAME","Liverpool","","https://img.uefa.com/imgml/TP/teams/logos/70x70/7889.png","https://img.uefa.com/imgml/TP/teams/logos/240x240/7889.png","207889","LIV","DOMESTIC_MEN_TEAM_A","","DOMESTIC","Angleterre","Liverpool","Liverpool FC","LIV","281","MINUTE","5","3","1","35.1","KILOMETER","30.6","KILOMETER_PER_HOUR"
"250062420","75797","29","1996-03-26","7","BAMBA","FRA","WINGER","FORWARD","MALE","173","./image/250062420.jpg","Jonathan Bamba","FORWARD","14","Bamba","43","","France","Attaquant","Jonathan","Bamba","Jonathan Bamba","Bamba","200043","./assoc/200043_FRA.svg","./logo/75797.png","UEFA","FRA","75797","FAME","Lille","","https://img.uefa.com/imgml/TP/teams/logos/70x70/75797.png","https://img.uefa.com/imgml/TP/teams/logos/240x240/75797.png","275797","LIL","DOMESTIC_MEN_TEAM_A","","DOMESTIC","France","Lille","LOSC Lille","LIL","280","MINUTE","6","0","2","35.88","KILOMETER","31","KILOMETER_PER_HOUR"
"1909087","2610","38","1987-02-03","9","EL ARABI","MAR","STRIKER","FORWARD","MALE","","./image/1909087.jpg","Youssef El-Arabi","FORWARD","11","El Arabi","92","","Maroc","Attaquant","Youssef","El-Arabi","Youssef El-Arabi","El-Arabi","200049","./assoc/200049_GRE.svg","./logo/2610.png","UEFA","GRE","2610","FAME","Olympiacos","","https://img.uefa.com/imgml/TP/teams/logos/70x70/2610.png","https://img.uefa.com/imgml/TP/teams/logos/240x240/2610.png","202610","OLY","DOMESTIC_MEN_TEAM_A","","DOMESTIC","Grèce","Olympiacos","Olympiacos FC","OLY","277","MINUTE","6","3","0","31.98","KILOMETER","28.1","KILOMETER_PER_HOUR"
"250131905","75797","29","1996-06-02","11","L.ARAUJO","BRA","WINGER","MIDFIELDER","MALE","","./image/250131905.jpg","Luiz Araújo","MIDFIELDER","","de Araujo Guimarães Neto","","","Brésil","Milieu","Luiz","Araújo","Luiz Araújo","Araújo","200043","./assoc/200043_FRA.svg","./logo/75797.png","UEFA","FRA","75797","FAME","Lille","","https://img.uefa.com/imgml/TP/teams/logos/70x70/75797.png","https://img.uefa.com/imgml/TP/teams/logos/240x240/75797.png","275797","LIL","DOMESTIC_MEN_TEAM_A","","DOMESTIC","France","Lille","LOSC Lille","LIL","277","MINUTE","6","0","0","35.46","KILOMETER","30.8","KILOMETER_PER_HOUR"
"250051754","2603790","32","1992-11-03","4","Orbán","HUN","CENTRE_BACK","DEFENDER","MALE","","./image/250051754.jpg","Willi Orbán","DEFENDER","6","Orbán","57","","Hongrie","Défenseur","Willi","Orbán","Willi Orbán","Orbán","200047","./assoc/200047_GER.svg","./logo/2603790.png","UEFA","GER","2603790","FAME","Leipzig","","https://img.uefa.com/imgml/TP/teams/logos/70x70/2603790.png","https://img.uefa.com/imgml/TP/teams/logos/240x240/2603790.png","250002563","RBL","DOMESTIC_MEN_TEAM_A","","DOMESTIC","Allemagne","Leipzig","RB Leipzig","RBL","277","MINUTE","4","0","0","31.11","KILOMETER","31.7","KILOMETER_PER_HOUR"
"250024454","50051","33","1992-04-21","22","Isco","ESP","ATTACKING_MIDFIELDER","MIDFIELDER","MALE","176","./image/250024454.jpg","Isco","MIDFIELDER","10","Isco","122","74","Espagne","Milieu","","Isco","Isco","Isco","200122","./assoc/200122_ESP.svg","./logo/50051.png","UEFA","ESP","50051","FAME","Real Madrid","","https://img.uefa.com/imgml/TP/teams/logos/70x70/50051.png","https://img.uefa.com/imgml/TP/teams/logos/240x240/50051.png","250051","RMA","DOMESTIC_MEN_TEAM_A","","DOMESTIC","Espagne","Real Madrid","Real Madrid C.F.","RMA","272","MINUTE","4","1","1","34.03","KILOMETER","27","KILOMETER_PER_HOUR"
"103790","50109","36","1989-04-27","8","L. Bender","GER","DEFENSIVE_MIDFIELDER","MIDFIELDER","MALE","184","./image/103790.jpg","Lars Bender","MIDFIELDER","5","Bender","","81","Allemagne","Milieu","Lars","Bender","Lars Bender","L. Bender","200047","./assoc/200047_GER.svg","./logo/50109.png","UEFA","GER","50109","FAME","Leverkusen","","https://img.uefa.com/imgml/TP/teams/logos/70x70/50109.png","https://img.uefa.com/imgml/TP/teams/logos/240x240/50109.png","250109","LEV","DOMESTIC_MEN_TEAM_A","","DOMESTIC","Allemagne","Leverkusen","Bayer 04 Leverkusen","LEV","271","MINUTE","4","0","0","35.31","KILOMETER","29","KILOMETER_PER_HOUR"
"250122839","50080","29","1996-05-10","23","J. FIRPO","DOM","FULL_BACK","DEFENDER","MALE","","./image/250122839.jpg","Junior Firpo","DEFENDER","20","JUNIOR","200122","","République Dominicaine","Défenseur","","Junior Firpo","Junior Firpo","Junior Firpo","200122","./assoc/200122_ESP.svg","./logo/50080.png","UEFA","ESP","50080","FAME","Barcelona","","https://img.uefa.com/imgml/TP/teams/logos/70x70/50080.png","https://img.uefa.com/imgml/TP/teams/logos/240x240/50080.png","250080","BAR","DOMESTIC_MEN_TEAM_A","","DOMESTIC","Espagne","Barcelona","FC Barcelona","BAR","271","MINUTE","4","0","0","30.8","KILOMETER","31.3","KILOMETER_PER_HOUR"
"250012942","1652","32","1993-04-24","33","DAVIES","WAL","FULL_BACK","DEFENDER","MALE","181","./image/250012942.jpg","Ben Davies","DEFENDER","4","B. Davies","144","76","Pays de Galles","Défenseur","Ben","Davies","Ben Davies","B. Davies","200039","./assoc/200039_ENG.svg","./logo/1652.png","UEFA","ENG","1652","FAME","Tottenham","","https://img.uefa.com/imgml/TP/teams/logos/70x70/1652.png","https://img.uefa.com/imgml/TP/teams/logos/240x240/1652.png","201652","TOT","DOMESTIC_MEN_TEAM_A","","DOMESTIC","Angleterre","Tottenham","Tottenham Hotspur","TOT","270","MINUTE","3","0","1","30.69","KILOMETER","29.2","KILOMETER_PER_HOUR"
"250101128","5312","25","2000-02-15","6","Caqueret","FRA","CENTRAL_MIDFIELDER","MIDFIELDER","MALE","","./image/250101128.jpg","Maxence Caqueret","MIDFIELDER","8","CAQUERET","200043","","France","Milieu","Maxence","Caqueret","Maxence Caqueret","Caqueret","200043","./assoc/200043_FRA.svg","./logo/5312.png","UEFA","FRA","5312","FAME","Lyon","","https://img.uefa.com/imgml/TP/teams/logos/70x70/5312.png","https://img.uefa.com/imgml/TP/teams/logos/240x240/5312.png","205312","LYO","DOMESTIC_MEN_TEAM_A","","DOMESTIC","France","Lyon","Olympique Lyonnais","LYO","270","MINUTE","3","0","0","34.43","KILOMETER","29","KILOMETER_PER_HOUR"
"250131924","50147","30","1995-07-19","22","Chiquinho","POR","ATTACKING_MIDFIELDER","FORWARD","MALE","","./image/250131924.jpg","Chiquinho","MIDFIELDER","","Lima Silva Machado","","","Portugal","Attaquant","","Chiquinho","Chiquinho","Chiquinho","200110","./assoc/200110_POR.svg","./logo/50147.png","UEFA","POR","50147","FAME","Benfica","","https://img.uefa.com/imgml/TP/teams/logos/70x70/50147.png","https://img.uefa.com/imgml/TP/teams/logos/240x240/50147.png","250147","BEN","DOMESTIC_MEN_TEAM_A","","DOMESTIC","Portugal","Benfica","SL Benfica","BEN","270","MINUTE","3","0","0","34.17","KILOMETER","30.6","KILOMETER_PER_HOUR"
"250133258","50043","30","1994-12-01","18","F. Ricca","URU","FULL_BACK","DEFENDER","MALE","","./image/250133258.jpg","Federico Ricca","DEFENDER","","F. Ricca","","","Uruguay","Défenseur","Federico","Ricca","Federico Ricca","Ricca","200013","./assoc/200013_BEL.svg","./logo/50043.png","UEFA","BEL","50043","FAME","Club Brugge","","https://img.uefa.com/imgml/TP/teams/logos/70x70/50043.png","https://img.uefa.com/imgml/TP/teams/logos/240x240/50043.png","250043","BRU","DOMESTIC_MEN_TEAM_A","","DOMESTIC","Belgique","Club Brugge","Club Brugge KV","BRU","270","MINUTE","3","0","0","33.96","KILOMETER","27.7","KILOMETER_PER_HOUR"
"250116707","75797","25","1999-12-10","29","Bradarić","CRO","FULL_BACK","DEFENDER","MALE","","./image/250116707.jpg","Domagoj Bradarić","DEFENDER","6","Bradarić","56370","","Croatie","Défenseur","Domagoj","Bradarić","Domagoj Bradarić","Bradarić","200043","./assoc/200043_FRA.svg","./logo/75797.png","UEFA","FRA","75797","FAME","Lille","","https://img.uefa.com/imgml/TP/teams/logos/70x70/75797.png","https://img.uefa.com/imgml/TP/teams/logos/240x240/75797.png","275797","LIL","DOMESTIC_MEN_TEAM_A","","DOMESTIC","France","Lille","LOSC Lille","LIL","270","MINUTE","3","0","0","33.21","KILOMETER","31","KILOMETER_PER_HOUR"
"250057735","52498","32","1993-08-07","2","Hovorka","CZE","CENTRE_BACK","DEFENDER","MALE","179","./image/250057735.jpg","David Hovorka","DEFENDER","2","Hovorka","58837","73","Tchéquie","Défenseur","David","Hovorka","David Hovorka","Hovorka","258837","./assoc/258837_CZE.svg","./logo/52498.png","UEFA","CZE","52498","FAME","Slavia Praha","","https://img.uefa.com/imgml/TP/teams/logos/70x70/52498.png","https://img.uefa.com/imgml/TP/teams/logos/240x240/52498.png","252498","SLP","DOMESTIC_MEN_TEAM_A","","DOMESTIC","Tchéquie","Slavia Praha","SK Slavia Praha","SLA","270","MINUTE","3","0","0","32.74","KILOMETER","27.9","KILOMETER_PER_HOUR"
"250023992","50109","31","1994-04-21","23","Weiser","GER","FULL_BACK","DEFENDER","MALE","176","./image/250023992.jpg","Mitchell Weiser","DEFENDER","17","Weiser","200047","70","Allemagne","Défenseur","Mitchell","Weiser","Mitchell Weiser","Weiser","200047","./assoc/200047_GER.svg","./logo/50109.png","UEFA","GER","50109","FAME","Leverkusen","","https://img.uefa.com/imgml/TP/teams/logos/70x70/50109.png","https://img.uefa.com/imgml/TP/teams/logos/240x240/50109.png","250109","LEV","DOMESTIC_MEN_TEAM_A","","DOMESTIC","Allemagne","Leverkusen","Bayer 04 Leverkusen","LEV","270","MINUTE","3","0","0","32.58","KILOMETER","29.2","KILOMETER_PER_HOUR"
"250008167","50136","33","1991-11-25","19","Maksimovic","SRB","CENTRE_BACK","DEFENDER","MALE","193","./image/250008167.jpg","Nikola Maksimović","DEFENDER","19","Maksimovic","147","82","Serbie","Défenseur","Nikola","Maksimović","Nikola Maksimović","Nik. Maksimović","200066","./assoc/200066_ITA.svg","./logo/50136.png","UEFA","ITA","50136","FAME","Napoli","","https://img.uefa.com/imgml/TP/teams/logos/70x70/50136.png","https://img.uefa.com/imgml/TP/teams/logos/240x240/50136.png","250136","NAP","DOMESTIC_MEN_TEAM_A","","DOMESTIC","Italie","Napoli","SSC Napoli","NAP","270","MINUTE","3","0","0","31.14","KILOMETER","28.8","KILOMETER_PER_HOUR"
"250019145","61582","31","1994-07-13","22","Uronen","FIN","FULL_BACK","DEFENDER","MALE","177","./image/250019145.jpg","Jere Uronen","DEFENDER","18","Uronen","42","69","Finlande","Défenseur","Jere","Uronen","Jere Uronen","Uronen","200013","./assoc/200013_BEL.svg","./logo/61582.png","UEFA","BEL","61582","FAME","Genk","","https://img.uefa.com/imgml/TP/teams/logos/70x70/61582.png","https://img.uefa.com/imgml/TP/teams/logos/240x240/61582.png","261582","GEN","DOMESTIC_MEN_TEAM_A","","DOMESTIC","Belgique","Genk","KRC Genk","GEN","270","MINUTE","3","0","0","30.92","KILOMETER","29.7","KILOMETER_PER_HOUR"
"250014003","50080","31","1993-11-14","14","UMTITI","FRA","CENTRE_BACK","DEFENDER","MALE","180","./image/250014003.jpg","Samuel Umtiti","DEFENDER","5","Umtiti","43","75","France","Défenseur","Samuel","Umtiti","Samuel Umtiti","Umtiti","200122","./assoc/200122_ESP.svg","./logo/50080.png","UEFA","ESP","50080","FAME","Barcelona","","https://img.uefa.com/imgml/TP/teams/logos/70x70/50080.png","https://img.uefa.com/imgml/TP/teams/logos/240x240/50080.png","250080","BAR","DOMESTIC_MEN_TEAM_A","","DOMESTIC","Espagne","Barcelona","FC Barcelona","BAR","270","MINUTE","3","0","0","28.89","KILOMETER","28.8","KILOMETER_PER_HOUR"
"250121965","50051","27","1998-01-18","3","E. MILITÃO","BRA","FULL_BACK","DEFENDER","MALE","","./image/250121965.jpg","Éder Militão","DEFENDER","14","E. Militão","18","","Brésil","Défenseur","","Éder Militão","Éder Militão","Éder Militão","200122","./assoc/200122_ESP.svg","./logo/50051.png","UEFA","ESP","50051","FAME","Real Madrid","","https://img.uefa.com/imgml/TP/teams/logos/70x70/50051.png","https://img.uefa.com/imgml/TP/teams/logos/240x240/50051.png","250051","RMA","DOMESTIC_MEN_TEAM_A","","DOMESTIC","Espagne","Real Madrid","Real Madrid C.F.","RMA","270","MINUTE","3","0","0","27.83","KILOMETER","32.4","KILOMETER_PER_HOUR"
"250102866","2603790","27","1998-01-31","8","Haidara","MLI","CENTRAL_MIDFIELDER","MIDFIELDER","MALE","","./image/250102866.jpg","Amadou Haidara","MIDFIELDER","","Haidara","","","Mali","Milieu","Amadou","Haidara","Amadou Haidara","Haidara","200047","./assoc/200047_GER.svg","./logo/2603790.png","UEFA","GER","2603790","FAME","Leipzig","","https://img.uefa.com/imgml/TP/teams/logos/70x70/2603790.png","https://img.uefa.com/imgml/TP/teams/logos/240x240/2603790.png","250002563","RBL","DOMESTIC_MEN_TEAM_A","","DOMESTIC","Allemagne","Leipzig","RB Leipzig","RBL","267","MINUTE","7","0","0","38.05","KILOMETER","29.9","KILOMETER_PER_HOUR"
"250096698","52914","27","1998-09-18","11","PULISIC","USA","UNKNOWN","FORWARD","MALE","172","./image/250096698.jpg","Christian Pulišić","MIDFIELDER","10","Pulisic","140","69","Etats-Unis","Attaquant","Christian","Pulišić","Christian Pulišić","Pulišić","200039","./assoc/200039_ENG.svg","./logo/52914.png","UEFA","ENG","52914","FAME","Chelsea","","https://img.uefa.com/imgml/TP/teams/logos/70x70/52914.png","https://img.uefa.com/imgml/TP/teams/logos/240x240/52914.png","252914","CHE","DOMESTIC_MEN_TEAM_A","","DOMESTIC","Angleterre","Chelsea","Chelsea FC","CHE","267","MINUTE","4","1","1","34.03","KILOMETER","32.21","KILOMETER_PER_HOUR"
"1900737","50051","37","1988-05-12","12","Marcelo","ESP","UNKNOWN","DEFENDER","MALE","174","./image/1900737.jpg","Marcelo","DEFENDER","6","Marcelo","18","73","Espagne","Défenseur","","Marcelo","Marcelo","Marcelo","200122","./assoc/200122_ESP.svg","./logo/50051.png","UEFA","ESP","50051","FAME","Real Madrid","","https://img.uefa.com/imgml/TP/teams/logos/70x70/50051.png","https://img.uefa.com/imgml/TP/teams/logos/240x240/50051.png","250051","RMA","DOMESTIC_MEN_TEAM_A","","DOMESTIC","Espagne","Real Madrid","Real Madrid C.F.","RMA","267","MINUTE","4","0","3","28.35","KILOMETER","26.6","KILOMETER_PER_HOUR"
"250102315","75797","25","2000-04-09","3","Embalo Djalo","POR","CENTRE_BACK","DEFENDER","MALE","","./image/250102315.jpg","Tiago Djaló","DEFENDER","14","Tiago Djalo","110","","Portugal","Défenseur","","Tiago Djaló","Tiago Djaló","Tiago Djaló","200043","./assoc/200043_FRA.svg","./logo/75797.png","UEFA","FRA","75797","FAME","Lille","","https://img.uefa.com/imgml/TP/teams/logos/70x70/75797.png","https://img.uefa.com/imgml/TP/teams/logos/240x240/75797.png","275797","LIL","DOMESTIC_MEN_TEAM_A","","DOMESTIC","France","Lille","LOSC Lille","LIL","267","MINUTE","3","0","0","28.4","KILOMETER","32.21","KILOMETER_PER_HOUR"
"250099244","61582","28","1997-02-06","8","Heynen","BEL","DEFENSIVE_MIDFIELDER","MIDFIELDER","MALE","","./image/250099244.jpg","Bryan Heynen","MIDFIELDER","19","Heynen","13","","Belgique","Milieu","Bryan","Heynen","Bryan Heynen","Heynen","200013","./assoc/200013_BEL.svg","./logo/61582.png","UEFA","BEL","61582","FAME","Genk","","https://img.uefa.com/imgml/TP/teams/logos/70x70/61582.png","https://img.uefa.com/imgml/TP/teams/logos/240x240/61582.png","261582","GEN","DOMESTIC_MEN_TEAM_A","","DOMESTIC","Belgique","Genk","KRC Genk","GEN","266","MINUTE","4","0","1","33.08","KILOMETER","28.4","KILOMETER_PER_HOUR"
"74327","50139","38","1987-04-04","6","Khedira","GER","DEFENSIVE_MIDFIELDER","MIDFIELDER","MALE","189","./image/74327.jpg","Sami Khedira","MIDFIELDER","6","Khedira","47","90","Allemagne","Milieu","Sami","Khedira","Sami Khedira","Khedira","200066","./assoc/200066_ITA.svg","./logo/50139.png","UEFA","ITA","50139","FAME","Juventus","","https://img.uefa.com/imgml/TP/teams/logos/70x70/50139.png","https://img.uefa.com/imgml/TP/teams/logos/240x240/50139.png","250139","JUV","DOMESTIC_MEN_TEAM_A","","DOMESTIC","Italie","Juventus","Juventus","JUV","265","MINUTE","5","0","0","34.16","KILOMETER","30.4","KILOMETER_PER_HOUR"
"250060117","50124","35","1990-04-19","16","H.HERRERA","MEX","UNKNOWN","MIDFIELDER","MALE","183","./image/250060117.jpg","Héctor Herrera","MIDFIELDER","16","H. Herrera","91","74","Mexique","Milieu","Héctor","Herrera","Héctor Herrera","Herrera","200122","./assoc/200122_ESP.svg","./logo/50124.png","UEFA","ESP","50124","FAME","Atleti","","https://img.uefa.com/imgml/TP/teams/logos/70x70/50124.png","https://img.uefa.com/imgml/TP/teams/logos/240x240/50124.png","250124","ATM","DOMESTIC_MEN_TEAM_A","","DOMESTIC","Espagne","Atleti","Atlético de Madrid","ATM","264","MINUTE","6","1","0","37.11","KILOMETER","29","KILOMETER_PER_HOUR"
"97811","50043","37","1988-05-11","25","Vormer","NED","CENTRAL_MIDFIELDER","MIDFIELDER","MALE","178","./image/97811.jpg","Ruud Vormer","MIDFIELDER","","Vormer","95","80","Pays-Bas","Milieu","Ruud","Vormer","Ruud Vormer","Vormer","200013","./assoc/200013_BEL.svg","./logo/50043.png","UEFA","BEL","50043","FAME","Club Brugge","","https://img.uefa.com/imgml/TP/teams/logos/70x70/50043.png","https://img.uefa.com/imgml/TP/teams/logos/240x240/50043.png","250043","BRU","DOMESTIC_MEN_TEAM_A","","DOMESTIC","Belgique","Club Brugge","Club Brugge KV","BRU","264","MINUTE","3","0","0","32.56","KILOMETER","31.5","KILOMETER_PER_HOUR"
"250039177","52268","34","1990-12-26","11","CHERYCHEV","RUS","WINGER","MIDFIELDER","MALE","179","./image/250039177.jpg","Denis Cheryshev","MIDFIELDER","6","Cheryshev","57451","74","Russie","Milieu","Denis","Cheryshev","Denis Cheryshev","Cheryshev","200122","./assoc/200122_ESP.svg","./logo/52268.png","UEFA","ESP","52268","FAME","Valencia","","https://img.uefa.com/imgml/TP/teams/logos/70x70/52268.png","https://img.uefa.com/imgml/TP/teams/logos/240x240/52268.png","252268","VAL","DOMESTIC_MEN_TEAM_A","","DOMESTIC","Espagne","Valencia","Valencia CF","VAL","262","MINUTE","6","2","0","32.77","KILOMETER","30.6","KILOMETER_PER_HOUR"
"250061597","50139","31","1994-02-16","10","Bernardeschi","ITA","WINGER","MIDFIELDER","MALE","183","./image/250061597.jpg","Federico Bernardeschi","MIDFIELDER","10","Bernardeschi","66","75","Italie","Milieu","Federico","Bernardeschi","Federico Bernardeschi","Bernardeschi","200066","./assoc/200066_ITA.svg","./logo/50139.png","UEFA","ITA","50139","FAME","Juventus","","https://img.uefa.com/imgml/TP/teams/logos/70x70/50139.png","https://img.uefa.com/imgml/TP/teams/logos/240x240/50139.png","250139","JUV","DOMESTIC_MEN_TEAM_A","","DOMESTIC","Italie","Juventus","Juventus","JUV","262","MINUTE","6","1","0","34.71","KILOMETER","29.9","KILOMETER_PER_HOUR"
"250104090","52914","24","2000-11-07","7","Hudson-Odoi","ENG","UNKNOWN","FORWARD","MALE","","./image/250104090.jpg","Callum Hudson-Odoi","MIDFIELDER","10","Hudson-Odoi","39","","Angleterre","Attaquant","Callum","Hudson-Odoi","Callum Hudson-Odoi","Hudson-Odoi","200039","./assoc/200039_ENG.svg","./logo/52914.png","UEFA","ENG","52914","FAME","Chelsea","","https://img.uefa.com/imgml/TP/teams/logos/70x70/52914.png","https://img.uefa.com/imgml/TP/teams/logos/240x240/52914.png","252914","CHE","DOMESTIC_MEN_TEAM_A","","DOMESTIC","Angleterre","Chelsea","Chelsea FC","CHE","260","MINUTE","5","0","1","28.65","KILOMETER","31.3","KILOMETER_PER_HOUR"
"250042644","50043","30","1995-04-20","77","SOBOL","UKR","FULL_BACK","DEFENDER","MALE","186","./image/250042644.jpg","Eduard Sobol","DEFENDER","2","Sobol","57166","77","Ukraine","Défenseur","Eduard","Sobol","Eduard Sobol","Sobol","200013","./assoc/200013_BEL.svg","./logo/50043.png","UEFA","BEL","50043","FAME","Club Brugge","","https://img.uefa.com/imgml/TP/teams/logos/70x70/50043.png","https://img.uefa.com/imgml/TP/teams/logos/240x240/50043.png","250043","BRU","DOMESTIC_MEN_TEAM_A","","DOMESTIC","Belgique","Club Brugge","Club Brugge KV","BRU","260","MINUTE","3","0","0","29.11","KILOMETER","30.4","KILOMETER_PER_HOUR"
"250006748","50138","36","1988-12-09","18","Asamoah","GHA","WINGER","MIDFIELDER","MALE","175","./image/250006748.jpg","Kwadwo Asamoah","MIDFIELDER","20","Asamoah","48","76","Ghana","Milieu","Kwadwo","Asamoah","Kwadwo Asamoah","Asamoah","200066","./assoc/200066_ITA.svg","./logo/50138.png","UEFA","ITA","50138","FAME","Inter","","https://img.uefa.com/imgml/TP/teams/logos/70x70/50138.png","https://img.uefa.com/imgml/TP/teams/logos/240x240/50138.png","250138","INT","DOMESTIC_MEN_TEAM_A","","DOMESTIC","Italie","Inter","FC Internazionale Milano","INT","260","MINUTE","3","0","0","27.59","KILOMETER","29","KILOMETER_PER_HOUR"
"250064058","61582","29","1995-11-20","10","Bongonda","BEL","WINGER","MIDFIELDER","MALE","","./image/250064058.jpg","Théo Bongonda","FORWARD","16","Bongonda","200013","","Belgique","Milieu","Théo","Bongonda","Théo Bongonda","Bongonda","200013","./assoc/200013_BEL.svg","./logo/61582.png","UEFA","BEL","61582","FAME","Genk","","https://img.uefa.com/imgml/TP/teams/logos/70x70/61582.png","https://img.uefa.com/imgml/TP/teams/logos/240x240/61582.png","261582","GEN","DOMESTIC_MEN_TEAM_A","","DOMESTIC","Belgique","Genk","KRC Genk","GEN","258","MINUTE","6","0","1","29.96","KILOMETER","28.6","KILOMETER_PER_HOUR"
"250066524","61582","28","1997-02-07","2","De Norre","BEL","CENTRAL_MIDFIELDER","MIDFIELDER","MALE","","./image/250066524.jpg","Casper De Norre","DEFENDER","5","De Norre","200013","","Belgique","Milieu","Casper","De Norre","Casper De Norre","De Norre","200013","./assoc/200013_BEL.svg","./logo/61582.png","UEFA","BEL","61582","FAME","Genk","","https://img.uefa.com/imgml/TP/teams/logos/70x70/61582.png","https://img.uefa.com/imgml/TP/teams/logos/240x240/61582.png","261582","GEN","DOMESTIC_MEN_TEAM_A","","DOMESTIC","Belgique","Genk","KRC Genk","GEN","257","MINUTE","3","0","0","30.34","KILOMETER","31.3","KILOMETER_PER_HOUR"
"250043090","52816","32","1993-05-04","18","Malinovskyi","UKR","ATTACKING_MIDFIELDER","MIDFIELDER","MALE","181","./image/250043090.jpg","Ruslan Malinovskyi","MIDFIELDER","8","Malinovskyi","57166","79","Ukraine","Milieu","Ruslan","Malinovskyi","Ruslan Malinovskyi","Malinovskyi","200066","./assoc/200066_ITA.svg","./logo/52816.png","UEFA","ITA","52816","FAME","Atalanta","","https://img.uefa.com/imgml/TP/teams/logos/70x70/52816.png","https://img.uefa.com/imgml/TP/teams/logos/240x240/52816.png","252816","ATA","DOMESTIC_MEN_TEAM_A","","DOMESTIC","Italie","Atalanta","Atalanta BC","ATA","255","MINUTE","9","1","1","35.72","KILOMETER","30.6","KILOMETER_PER_HOUR"
"250090800","52816","31","1994-05-05","30","Caldara","ITA","CENTRE_BACK","DEFENDER","MALE","","./image/250090800.jpg","Mattia Caldara","DEFENDER","13","Caldara","66","","Italie","Défenseur","Mattia","Caldara","Mattia Caldara","Caldara","200066","./assoc/200066_ITA.svg","./logo/52816.png","UEFA","ITA","52816","FAME","Atalanta","","https://img.uefa.com/imgml/TP/teams/logos/70x70/52816.png","https://img.uefa.com/imgml/TP/teams/logos/240x240/52816.png","252816","ATA","DOMESTIC_MEN_TEAM_A","","DOMESTIC","Italie","Atalanta","Atalanta BC","ATA","255","MINUTE","3","0","0","27.59","KILOMETER","29.5","KILOMETER_PER_HOUR"
"250101534","52919","25","2000-05-28","47","Foden","ENG","UNKNOWN","MIDFIELDER","MALE","","./image/250101534.jpg","Phil Foden","MIDFIELDER","10","Foden","39","","Angleterre","Milieu","Phil","Foden","Phil Foden","Foden","200039","./assoc/200039_ENG.svg","./logo/52919.png","UEFA","ENG","52919","FAME","Man City","","https://img.uefa.com/imgml/TP/teams/logos/70x70/52919.png","https://img.uefa.com/imgml/TP/teams/logos/240x240/52919.png","252919","MCI","DOMESTIC_MEN_TEAM_A","","DOMESTIC","Angleterre","Man City","Manchester City","MCI","254","MINUTE","5","2","2","35.89","KILOMETER","30.8","KILOMETER_PER_HOUR"
"103704","1652","38","1987-04-24","14","Vertonghen","BEL","CENTRE_BACK","DEFENDER","MALE","189","./image/103704.jpg","Jan Vertonghen","DEFENDER","5","Vertonghen","13","79","Belgique","Défenseur","Jan","Vertonghen","Jan Vertonghen","Vertonghen","200039","./assoc/200039_ENG.svg","./logo/1652.png","UEFA","ENG","1652","FAME","Tottenham","","https://img.uefa.com/imgml/TP/teams/logos/70x70/1652.png","https://img.uefa.com/imgml/TP/teams/logos/240x240/1652.png","201652","TOT","DOMESTIC_MEN_TEAM_A","","DOMESTIC","Angleterre","Tottenham","Tottenham Hotspur","TOT","253","MINUTE","3","0","0","26.92","KILOMETER","29.5","KILOMETER_PER_HOUR"
"250073741","7889","30","1995-02-10","5","Keita","GUI","CENTRAL_MIDFIELDER","MIDFIELDER","MALE","172","./image/250073741.jpg","Naby Keïta","MIDFIELDER","","Keita","","","Guinée","Milieu","Naby","Keïta","Naby Keïta","Keïta","200039","./assoc/200039_ENG.svg","./logo/7889.png","UEFA","ENG","7889","FAME","Liverpool","","https://img.uefa.com/imgml/TP/teams/logos/70x70/7889.png","https://img.uefa.com/imgml/TP/teams/logos/240x240/7889.png","207889","LIV","DOMESTIC_MEN_TEAM_A","","DOMESTIC","Angleterre","Liverpool","Liverpool FC","LIV","252","MINUTE","4","1","0","31.39","KILOMETER","29.9","KILOMETER_PER_HOUR"
"250010557","50067","34","1991-07-27","19","Ömer Bayram","TUR","FULL_BACK","DEFENDER","MALE","","./image/250010557.jpg","Ömer Bayram","DEFENDER","16","Bayram","135","","Turquie","Défenseur","","Ömer Bayram","Ömer Bayram","Ömer Bayram","200135","./assoc/200135_TUR.svg","./logo/50067.png","UEFA","TUR","50067","FAME","Galatasaray","","https://img.uefa.com/imgml/TP/teams/logos/70x70/50067.png","https://img.uefa.com/imgml/TP/teams/logos/240x240/50067.png","250067","GAL","DOMESTIC_MEN_TEAM_A","","DOMESTIC","Turquie","Galatasaray","Galatasaray A.Ş.","GAL","251","MINUTE","5","0","1","30.22","KILOMETER","30.2","KILOMETER_PER_HOUR"
"98948","52268","37","1988-03-18","21","J. Costa","ESP","FULL_BACK","DEFENDER","MALE","171","./image/98948.jpg","Jaume Costa","DEFENDER","","J. Costa","","62","Espagne","Défenseur","","Jaume Costa","Jaume Costa","Jaume Costa","200122","./assoc/200122_ESP.svg","./logo/52268.png","UEFA","ESP","52268","FAME","Valencia","","https://img.uefa.com/imgml/TP/teams/logos/70x70/52268.png","https://img.uefa.com/imgml/TP/teams/logos/240x240/52268.png","252268","VAL","DOMESTIC_MEN_TEAM_A","","DOMESTIC","Espagne","Valencia","Valencia CF","VAL","247","MINUTE","3","0","0","27.24","KILOMETER","30.2","KILOMETER_PER_HOUR"
"250010472","52758","34","1991-09-03","27","Delaney","DEN","CENTRAL_MIDFIELDER","MIDFIELDER","MALE","182","./image/250010472.jpg","Thomas Delaney","MIDFIELDER","8","Delaney","35","71","Danemark","Milieu","Thomas","Delaney","Thomas Delaney","Delaney","200047","./assoc/200047_GER.svg","./logo/52758.png","UEFA","GER","52758","FAME","B. Dortmund","","https://img.uefa.com/imgml/TP/teams/logos/70x70/52758.png","https://img.uefa.com/imgml/TP/teams/logos/240x240/52758.png","252758","BVB","DOMESTIC_MEN_TEAM_A","","DOMESTIC","Allemagne","B. Dortmund","Borussia Dortmund","BVB","245","MINUTE","3","0","0","32.86","KILOMETER","28.8","KILOMETER_PER_HOUR"
"250064687","52707","32","1993-06-13","50","Bolbat","UKR","WINGER","MIDFIELDER","MALE","175","./image/250064687.jpg","Serhiy Bolbat","MIDFIELDER","19","Bolbat","57166","","Ukraine","Milieu","Serhiy","Bolbat","Serhiy Bolbat","Bolbat","257166","./assoc/257166_UKR.svg","./logo/52707.png","UEFA","UKR","52707","FAME","Shakhtar","","https://img.uefa.com/imgml/TP/teams/logos/70x70/52707.png","https://img.uefa.com/imgml/TP/teams/logos/240x240/52707.png","252707","SHK","DOMESTIC_MEN_TEAM_A","","DOMESTIC","Ukraine","Shakhtar","FC Shakhtar Donetsk","SHK","245","MINUTE","3","0","0","29.97","KILOMETER","30.2","KILOMETER_PER_HOUR"
"250106611","50030","27","1998-10-09","29","Daka","ZAM","STRIKER","FORWARD","MALE","","./image/250106611.jpg","Patson Daka","FORWARD","20","Patson","149","","Zambie","Attaquant","Patson","Daka","Patson Daka","Daka","200008","./assoc/200008_AUT.svg","./logo/50030.png","UEFA","AUT","50030","FAME","Salzburg","","https://img.uefa.com/imgml/TP/teams/logos/70x70/50030.png","https://img.uefa.com/imgml/TP/teams/logos/240x240/50030.png","250030","SAL","DOMESTIC_MEN_TEAM_A","","DOMESTIC","Autriche","Salzburg","FC Salzburg","SAL","240","MINUTE","6","1","0","29.16","KILOMETER","32.6","KILOMETER_PER_HOUR"
"250099459","5312","28","1997-03-04","11","Terrier","FRA","WINGER","FORWARD","MALE","","./image/250099459.jpg","Martin Terrier","MIDFIELDER","20","TERRIER","200043","","France","Attaquant","Martin","Terrier","Martin Terrier","Terrier","200043","./assoc/200043_FRA.svg","./logo/5312.png","UEFA","FRA","5312","FAME","Lyon","","https://img.uefa.com/imgml/TP/teams/logos/70x70/5312.png","https://img.uefa.com/imgml/TP/teams/logos/240x240/5312.png","205312","LYO","DOMESTIC_MEN_TEAM_A","","DOMESTIC","France","Lyon","Olympique Lyonnais","LYO","240","MINUTE","5","1","0","28.84","KILOMETER","33.5","KILOMETER_PER_HOUR"
"250076648","75797","27","1998-05-02","11","J. Ikonè","FRA","ATTACKING_MIDFIELDER","FORWARD","MALE","175","./image/250076648.jpg","Jonathan Ikoné","MIDFIELDER","8","Ikone","43","70","France","Attaquant","Jonathan","Ikoné","Jonathan Ikoné","Ikoné","200043","./assoc/200043_FRA.svg","./logo/75797.png","UEFA","FRA","75797","FAME","Lille","","https://img.uefa.com/imgml/TP/teams/logos/70x70/75797.png","https://img.uefa.com/imgml/TP/teams/logos/240x240/75797.png","275797","LIL","DOMESTIC_MEN_TEAM_A","","DOMESTIC","France","Lille","LOSC Lille","LIL","240","MINUTE","4","1","0","28.72","KILOMETER","32.6","KILOMETER_PER_HOUR"
"250055110","2603790","29","1996-01-24","14","Schick","CZE","STRIKER","FORWARD","MALE","186","./image/250055110.jpg","Patrik Schick","FORWARD","10","Schick","58837","73","Tchéquie","Attaquant","Patrik","Schick","Patrik Schick","Schick","200047","./assoc/200047_GER.svg","./logo/2603790.png","UEFA","GER","2603790","FAME","Leipzig","","https://img.uefa.com/imgml/TP/teams/logos/70x70/2603790.png","https://img.uefa.com/imgml/TP/teams/logos/240x240/2603790.png","250002563","RBL","DOMESTIC_MEN_TEAM_A","","DOMESTIC","Allemagne","Leipzig","RB Leipzig","RBL","239","MINUTE","5","0","0","29.17","KILOMETER","31.5","KILOMETER_PER_HOUR"
"250078643","50109","28","1996-10-27","10","Amiri","GER","ATTACKING_MIDFIELDER","MIDFIELDER","MALE","","./image/250078643.jpg","Nadiem Amiri","MIDFIELDER","10","Amiri","47","","Allemagne","Milieu","Nadiem","Amiri","Nadiem Amiri","Amiri","200047","./assoc/200047_GER.svg","./logo/50109.png","UEFA","GER","50109","FAME","Leverkusen","","https://img.uefa.com/imgml/TP/teams/logos/70x70/50109.png","https://img.uefa.com/imgml/TP/teams/logos/240x240/50109.png","250109","LEV","DOMESTIC_MEN_TEAM_A","","DOMESTIC","Allemagne","Leverkusen","Bayer 04 Leverkusen","LEV","238","MINUTE","4","0","0","30.58","KILOMETER","30.4","KILOMETER_PER_HOUR"
"250121604","53065","33","1992-05-18","3","Idowu","NGA","UNKNOWN","DEFENDER","MALE","","./image/250121604.jpg","Bryan Idowu","DEFENDER","","Idowu","100","","Nigeria","Défenseur","Bryan","Idowu","Bryan Idowu","Idowu","257451","./assoc/257451_RUS.svg","./logo/53065.png","UEFA","RUS","53065","FAME","Lokomotiv Moskva","","https://img.uefa.com/imgml/TP/teams/logos/70x70/53065.png","https://img.uefa.com/imgml/TP/teams/logos/240x240/53065.png","253065","LMO","DOMESTIC_MEN_TEAM_A","","DOMESTIC","Russie","Lokomotiv Moskva","FC Lokomotiv Moskva","LMO","238","MINUTE","4","0","0","26.32","KILOMETER","29.7","KILOMETER_PER_HOUR"
"250086300","50138","34","1991-08-24","5","Vecino","URU","CENTRAL_MIDFIELDER","MIDFIELDER","MALE","187","./image/250086300.jpg","Matías Vecino","MIDFIELDER","5","Vecino","138","81","Uruguay","Milieu","Matías","Vecino","Matías Vecino","Vecino","200066","./assoc/200066_ITA.svg","./logo/50138.png","UEFA","ITA","50138","FAME","Inter","","https://img.uefa.com/imgml/TP/teams/logos/70x70/50138.png","https://img.uefa.com/imgml/TP/teams/logos/240x240/50138.png","250138","INT","DOMESTIC_MEN_TEAM_A","","DOMESTIC","Italie","Inter","FC Internazionale Milano","INT","238","MINUTE","3","1","0","33.31","KILOMETER","27.9","KILOMETER_PER_HOUR"
"250132815","50043","31","1994-05-13","35","Tau","RSA","STRIKER","FORWARD","MALE","","./image/250132815.jpg","Percy Tau","FORWARD","","Tau","","","Afrique du Sud","Attaquant","Percy","Tau","Percy Tau","Tau","200013","./assoc/200013_BEL.svg","./logo/50043.png","UEFA","BEL","50043","FAME","Club Brugge","","https://img.uefa.com/imgml/TP/teams/logos/70x70/50043.png","https://img.uefa.com/imgml/TP/teams/logos/240x240/50043.png","250043","BRU","DOMESTIC_MEN_TEAM_A","","DOMESTIC","Belgique","Club Brugge","Club Brugge KV","BRU","238","MINUTE","3","0","1","27.9","KILOMETER","29","KILOMETER_PER_HOUR"
"250110406","50030","28","1996-12-29","31","Coronel","BRA","GOALKEEPER","GOALKEEPER","MALE","","./image/250110406.jpg","Carlos Miguel Coronel","GOALKEEPER","","Coronel","","","Brésil","Gardien","Carlos Miguel","Coronel","Carlos Miguel Coronel","Coronel","200008","./assoc/200008_AUT.svg","./logo/50030.png","UEFA","AUT","50030","FAME","Salzburg","","https://img.uefa.com/imgml/TP/teams/logos/70x70/50030.png","https://img.uefa.com/imgml/TP/teams/logos/240x240/50030.png","250030","SAL","DOMESTIC_MEN_TEAM_A","","DOMESTIC","Autriche","Salzburg","FC Salzburg","SAL","237","MINUTE","3","0","0","11.56","KILOMETER","15.6","KILOMETER_PER_HOUR"
"250008904","52826","35","1990-07-29","8","Shatov","RUS","CENTRAL_MIDFIELDER","MIDFIELDER","MALE","173","./image/250008904.jpg","Oleg Shatov","MIDFIELDER","17","Shatov","57451","73","Russie","Milieu","Oleg","Shatov","Oleg Shatov","Shatov","257451","./assoc/257451_RUS.svg","./logo/52826.png","UEFA","RUS","52826","FAME","Zenit","","https://img.uefa.com/imgml/TP/teams/logos/70x70/52826.png","https://img.uefa.com/imgml/TP/teams/logos/240x240/52826.png","252826","ZEN","DOMESTIC_MEN_TEAM_A","","DOMESTIC","Russie","Zenit","FC Zenit","ZEN","234","MINUTE","4","0","0","32.21","KILOMETER","27.4","KILOMETER_PER_HOUR"
"97219","7889","36","1989-07-05","6","Lovren","CRO","CENTRE_BACK","DEFENDER","MALE","188","./image/97219.jpg","Dejan Lovren","DEFENDER","6","Lovren","56370","84","Croatie","Défenseur","Dejan","Lovren","Dejan Lovren","Lovren","200039","./assoc/200039_ENG.svg","./logo/7889.png","UEFA","ENG","7889","FAME","Liverpool","","https://img.uefa.com/imgml/TP/teams/logos/70x70/7889.png","https://img.uefa.com/imgml/TP/teams/logos/240x240/7889.png","207889","LIV","DOMESTIC_MEN_TEAM_A","","DOMESTIC","Angleterre","Liverpool","Liverpool FC","LIV","233","MINUTE","3","1","0","25.47","KILOMETER","30.4","KILOMETER_PER_HOUR"
"250038224","1652","33","1992-03-04","9","Lamela","ARG","STRIKER","FORWARD","MALE","183","./image/250038224.jpg","Erik Lamela","FORWARD","","Lamela","6","79","Argentine","Attaquant","Erik","Lamela","Erik Lamela","Lamela","200039","./assoc/200039_ENG.svg","./logo/1652.png","UEFA","ENG","1652","FAME","Tottenham","","https://img.uefa.com/imgml/TP/teams/logos/70x70/1652.png","https://img.uefa.com/imgml/TP/teams/logos/240x240/1652.png","201652","TOT","DOMESTIC_MEN_TEAM_A","","DOMESTIC","Angleterre","Tottenham","Tottenham Hotspur","TOT","229","MINUTE","5","1","2","29.47","KILOMETER","32.21","KILOMETER_PER_HOUR"
"250062165","5312","30","1995-09-06","20","Traore","BFA","UNKNOWN","FORWARD","MALE","177","./image/250062165.jpg","Bertrand Traoré","FORWARD","10","Traore","139","72","Burkina Faso","Attaquant","Bertrand","Traoré","Bertrand Traoré","Traoré","200043","./assoc/200043_FRA.svg","./logo/5312.png","UEFA","FRA","5312","FAME","Lyon","","https://img.uefa.com/imgml/TP/teams/logos/70x70/5312.png","https://img.uefa.com/imgml/TP/teams/logos/240x240/5312.png","205312","LYO","DOMESTIC_MEN_TEAM_A","","DOMESTIC","France","Lyon","Olympique Lyonnais","LYO","229","MINUTE","5","1","0","26.03","KILOMETER","29.9","KILOMETER_PER_HOUR"
"250042778","50124","29","1995-11-12","11","LEMAR","FRA","UNKNOWN","MIDFIELDER","MALE","170","./image/250042778.jpg","Thomas Lemar","MIDFIELDER","8","Lemar","43","58","France","Milieu","Thomas","Lemar","Thomas Lemar","Lemar","200122","./assoc/200122_ESP.svg","./logo/50124.png","UEFA","ESP","50124","FAME","Atleti","","https://img.uefa.com/imgml/TP/teams/logos/70x70/50124.png","https://img.uefa.com/imgml/TP/teams/logos/240x240/50124.png","250124","ATM","DOMESTIC_MEN_TEAM_A","","DOMESTIC","Espagne","Atleti","Atlético de Madrid","ATM","227","MINUTE","7","0","0","31.19","KILOMETER","31.3","KILOMETER_PER_HOUR"
"250075995","50143","27","1997-11-14","3","Mazraoui","NED","FULL_BACK","DEFENDER","MALE","","./image/250075995.jpg","Noussair Mazraoui","DEFENDER","3","Mazraoui","92","","Pays-Bas","Défenseur","Noussair","Mazraoui","Noussair Mazraoui","Mazraoui","200095","./assoc/200095_NED.svg","./logo/50143.png","UEFA","NED","50143","FAME","Ajax","","https://img.uefa.com/imgml/TP/teams/logos/70x70/50143.png","https://img.uefa.com/imgml/TP/teams/logos/240x240/50143.png","250143","AJX","DOMESTIC_MEN_TEAM_A","","DOMESTIC","Pays-Bas","Ajax","AFC Ajax","AJX","225","MINUTE","3","0","0","27.66","KILOMETER","31.3","KILOMETER_PER_HOUR"
"250014332","52758","32","1993-04-01","14","Schulz","GER","FULL_BACK","DEFENDER","MALE","180","./image/250014332.jpg","Nico Schulz","DEFENDER","14","Schulz","47","78","Allemagne","Défenseur","Nico","Schulz","Nico Schulz","Schulz","200047","./assoc/200047_GER.svg","./logo/52758.png","UEFA","GER","52758","FAME","B. Dortmund","","https://img.uefa.com/imgml/TP/teams/logos/70x70/52758.png","https://img.uefa.com/imgml/TP/teams/logos/240x240/52758.png","252758","BVB","DOMESTIC_MEN_TEAM_A","","DOMESTIC","Allemagne","B. Dortmund","Borussia Dortmund","BVB","225","MINUTE","3","0","0","27.26","KILOMETER","29.7","KILOMETER_PER_HOUR"
"250017815","50138","33","1992-09-01","3","Biraghi","ITA","FULL_BACK","DEFENDER","MALE","","./image/250017815.jpg","Cristiano Biraghi","DEFENDER","5","Biraghi","66","","Italie","Défenseur","Cristiano","Biraghi","Cristiano Biraghi","Biraghi","200066","./assoc/200066_ITA.svg","./logo/50138.png","UEFA","ITA","50138","FAME","Inter","","https://img.uefa.com/imgml/TP/teams/logos/70x70/50138.png","https://img.uefa.com/imgml/TP/teams/logos/240x240/50138.png","250138","INT","DOMESTIC_MEN_TEAM_A","","DOMESTIC","Italie","Inter","FC Internazionale Milano","INT","221","MINUTE","4","0","0","28.91","KILOMETER","29.2","KILOMETER_PER_HOUR"
"250052948","52816","34","1991-04-16","9","L. Muriel","COL","STRIKER","FORWARD","MALE","178","./image/250052948.jpg","Luis Muriel","FORWARD","","L. MURIEL","29","75","Colombie","Attaquant","Luis","Muriel","Luis Muriel","Muriel","200066","./assoc/200066_ITA.svg","./logo/52816.png","UEFA","ITA","52816","FAME","Atalanta","","https://img.uefa.com/imgml/TP/teams/logos/70x70/52816.png","https://img.uefa.com/imgml/TP/teams/logos/240x240/52816.png","252816","ATA","DOMESTIC_MEN_TEAM_A","","DOMESTIC","Italie","Atalanta","Atalanta BC","ATA","220","MINUTE","6","1","0","24.71","KILOMETER","30.6","KILOMETER_PER_HOUR"
"93519","52816","39","1986-02-05","5","Masiello","ITA","CENTRE_BACK","DEFENDER","MALE","","./image/93519.jpg","Andrea Masiello","DEFENDER","","Masiello","","","Italie","Défenseur","Andrea","Masiello","Andrea Masiello","Masiello","200066","./assoc/200066_ITA.svg","./logo/52816.png","UEFA","ITA","52816","FAME","Atalanta","","https://img.uefa.com/imgml/TP/teams/logos/70x70/52816.png","https://img.uefa.com/imgml/TP/teams/logos/240x240/52816.png","252816","ATA","DOMESTIC_MEN_TEAM_A","","DOMESTIC","Italie","Atalanta","Atalanta BC","ATA","219","MINUTE","4","0","0","24.26","KILOMETER","26.5","KILOMETER_PER_HOUR"
"250105920","50138","31","1994-04-07","5","Gagliardini","ITA","CENTRAL_MIDFIELDER","MIDFIELDER","MALE","188","./image/250105920.jpg","Roberto Gagliardini","MIDFIELDER","5","Gagliardini","66","77","Italie","Milieu","Roberto","Gagliardini","Roberto Gagliardini","Gagliardini","200066","./assoc/200066_ITA.svg","./logo/50138.png","UEFA","ITA","50138","FAME","Inter","","https://img.uefa.com/imgml/TP/teams/logos/70x70/50138.png","https://img.uefa.com/imgml/TP/teams/logos/240x240/50138.png","250138","INT","DOMESTIC_MEN_TEAM_A","","DOMESTIC","Italie","Inter","FC Internazionale Milano","INT","218","MINUTE","4","0","0","29.3","KILOMETER","28.6","KILOMETER_PER_HOUR"
"250043124","50136","31","1994-02-28","14","Milik","POL","STRIKER","FORWARD","MALE","186","./image/250043124.jpg","Arkadiusz Milik","FORWARD","7","Milik","109","78","Pologne","Attaquant","Arkadiusz","Milik","Arkadiusz Milik","Milik","200066","./assoc/200066_ITA.svg","./logo/50136.png","UEFA","ITA","50136","FAME","Napoli","","https://img.uefa.com/imgml/TP/teams/logos/70x70/50136.png","https://img.uefa.com/imgml/TP/teams/logos/240x240/50136.png","250136","NAP","DOMESTIC_MEN_TEAM_A","","DOMESTIC","Italie","Napoli","SSC Napoli","NAP","214","MINUTE","5","3","0","25.56","KILOMETER","28.1","KILOMETER_PER_HOUR"
"250122711","50109","33","1992-10-08","21","Alario","ARG","STRIKER","FORWARD","MALE","","./image/250122711.jpg","Lucas Alario","FORWARD","","Alario","6","","Argentine","Attaquant","Lucas","Alario","Lucas Alario","Alario","200047","./assoc/200047_GER.svg","./logo/50109.png","UEFA","GER","50109","FAME","Leverkusen","","https://img.uefa.com/imgml/TP/teams/logos/70x70/50109.png","https://img.uefa.com/imgml/TP/teams/logos/240x240/50109.png","250109","LEV","DOMESTIC_MEN_TEAM_A","","DOMESTIC","Allemagne","Leverkusen","Bayer 04 Leverkusen","LEV","214","MINUTE","5","0","0","24.9","KILOMETER","26.6","KILOMETER_PER_HOUR"
"250027046","52919","31","1994-05-27","14","Laporte","ESP","CENTRE_BACK","DEFENDER","MALE","189","./image/250027046.jpg","Aymeric Laporte","DEFENDER","10","LAPORTE","122","85","Espagne","Défenseur","Aymeric","Laporte","Aymeric Laporte","Laporte","200039","./assoc/200039_ENG.svg","./logo/52919.png","UEFA","ENG","52919","FAME","Man City","","https://img.uefa.com/imgml/TP/teams/logos/70x70/52919.png","https://img.uefa.com/imgml/TP/teams/logos/240x240/52919.png","252919","MCI","DOMESTIC_MEN_TEAM_A","","DOMESTIC","Angleterre","Man City","Manchester City","MCI","213","MINUTE","3","0","0","23.65","KILOMETER","31","KILOMETER_PER_HOUR"
"250074854","61582","31","1994-05-28","18","Onuachu","NGA","UNKNOWN","FORWARD","MALE","200","./image/250074854.jpg","Paul Onuachu","FORWARD","19","Onuachu","100","","Nigeria","Attaquant","Paul","Onuachu","Paul Onuachu","Onuachu","200013","./assoc/200013_BEL.svg","./logo/61582.png","UEFA","BEL","61582","FAME","Genk","","https://img.uefa.com/imgml/TP/teams/logos/70x70/61582.png","https://img.uefa.com/imgml/TP/teams/logos/240x240/61582.png","261582","GEN","DOMESTIC_MEN_TEAM_A","","DOMESTIC","Belgique","Genk","KRC Genk","GEN","212","MINUTE","5","0","1","23.54","KILOMETER","27.4","KILOMETER_PER_HOUR"
"250030920","50069","32","1992-10-23","21","TOMANE","POR","UNKNOWN","FORWARD","MALE","","./image/250030920.jpg","Tomané","FORWARD","17","Tomané","200110","","Portugal","Attaquant","","Tomané","Tomané","Tomané","200147","./assoc/200147_SRB.svg","./logo/50069.png","UEFA","SRB","50069","FAME","Crvena Zvezda","","https://img.uefa.com/imgml/TP/teams/logos/70x70/50069.png","https://img.uefa.com/imgml/TP/teams/logos/240x240/50069.png","250069","ZVE","DOMESTIC_MEN_TEAM_A","","DOMESTIC","Serbie","Crvena Zvezda","FK Crvena Zvezda","ZVE","210","MINUTE","3","0","0","24.41","KILOMETER","29.7","KILOMETER_PER_HOUR"
"250077642","1652","26","1999-01-09","83","Gedson","POR","CENTRAL_MIDFIELDER","MIDFIELDER","MALE","","./image/250077642.jpg","Gedson Fernandes","MIDFIELDER","8","GEDSON","110","","Portugal","Milieu","Gedson","Fernandes","Gedson Fernandes","Fernandes","200039","./assoc/200039_ENG.svg","./logo/1652.png","UEFA","ENG","1652","FAME","Tottenham","","https://img.uefa.com/imgml/TP/teams/logos/70x70/1652.png","https://img.uefa.com/imgml/TP/teams/logos/240x240/1652.png","201652","TOT","DOMESTIC_MEN_TEAM_A","","DOMESTIC","Angleterre","Tottenham","Tottenham Hotspur","TOT","209","MINUTE","4","0","0","27.61","KILOMETER","29.9","KILOMETER_PER_HOUR"
"250006510","52498","35","1990-03-16","25","Husbauer","CZE","CENTRAL_MIDFIELDER","MIDFIELDER","MALE","183","./image/250006510.jpg","Josef Hušbauer","MIDFIELDER","10","Husbauer","58837","75","Tchéquie","Milieu","Josef","Hušbauer","Josef Hušbauer","Hušbauer","258837","./assoc/258837_CZE.svg","./logo/52498.png","UEFA","CZE","52498","FAME","Slavia Praha","","https://img.uefa.com/imgml/TP/teams/logos/70x70/52498.png","https://img.uefa.com/imgml/TP/teams/logos/240x240/52498.png","252498","SLP","DOMESTIC_MEN_TEAM_A","","DOMESTIC","Tchéquie","Slavia Praha","SK Slavia Praha","SLA","208","MINUTE","5","0","0","27.62","KILOMETER","27.2","KILOMETER_PER_HOUR"
"250079670","50124","30","1995-01-30","14","M. LLORENTE","ESP","UNKNOWN","MIDFIELDER","MALE","182","./image/250079670.jpg","Marcos Llorente","MIDFIELDER","14","M. LLORENTE","122","71","Espagne","Milieu","Marcos","Llorente","Marcos Llorente","Llorente","200122","./assoc/200122_ESP.svg","./logo/50124.png","UEFA","ESP","50124","FAME","Atleti","","https://img.uefa.com/imgml/TP/teams/logos/70x70/50124.png","https://img.uefa.com/imgml/TP/teams/logos/240x240/50124.png","250124","ATM","DOMESTIC_MEN_TEAM_A","","DOMESTIC","Espagne","Atleti","Atlético de Madrid","ATM","208","MINUTE","4","2","1","27.14","KILOMETER","31","KILOMETER_PER_HOUR"
"250011928","50067","39","1986-02-10","9","Falcao","COL","UNKNOWN","FORWARD","MALE","177","./image/250011928.jpg","Radamel Falcao","FORWARD","","Falcao","29","73","Colombie","Attaquant","Radamel","Falcao","Radamel Falcao","Falcao","200135","./assoc/200135_TUR.svg","./logo/50067.png","UEFA","TUR","50067","FAME","Galatasaray","","https://img.uefa.com/imgml/TP/teams/logos/70x70/50067.png","https://img.uefa.com/imgml/TP/teams/logos/240x240/50067.png","250067","GAL","DOMESTIC_MEN_TEAM_A","","DOMESTIC","Turquie","Galatasaray","Galatasaray A.Ş.","GAL","208","MINUTE","3","0","0","23.36","KILOMETER","26.5","KILOMETER_PER_HOUR"
"250002548","50147","33","1992-02-22","14","SEFEROVIC","SUI","STRIKER","FORWARD","MALE","185","./image/250002548.jpg","Haris Seferović","FORWARD","9","Seferovic","128","85","Suisse","Attaquant","Haris","Seferović","Haris Seferović","Seferović","200110","./assoc/200110_POR.svg","./logo/50147.png","UEFA","POR","50147","FAME","Benfica","","https://img.uefa.com/imgml/TP/teams/logos/70x70/50147.png","https://img.uefa.com/imgml/TP/teams/logos/240x240/50147.png","250147","BEN","DOMESTIC_MEN_TEAM_A","","DOMESTIC","Portugal","Benfica","SL Benfica","BEN","207","MINUTE","5","2","0","23.72","KILOMETER","32","KILOMETER_PER_HOUR"
"106631","75797","38","1987-01-02","9","REMY","FRA","UNKNOWN","FORWARD","MALE","184","./image/106631.jpg","Loïc Rémy","FORWARD","20","Remy","","75","France","Attaquant","Loïc","Rémy","Loïc Rémy","Rémy","200043","./assoc/200043_FRA.svg","./logo/75797.png","UEFA","FRA","75797","FAME","Lille","","https://img.uefa.com/imgml/TP/teams/logos/70x70/75797.png","https://img.uefa.com/imgml/TP/teams/logos/240x240/75797.png","275797","LIL","DOMESTIC_MEN_TEAM_A","","DOMESTIC","France","Lille","LOSC Lille","LIL","207","MINUTE","4","1","0","25.12","KILOMETER","28.6","KILOMETER_PER_HOUR"
"250138893","5312","27","1997-11-16","39","Bruno G.","BRA","UNKNOWN","MIDFIELDER","MALE","","./image/250138893.jpg","Bruno Guimarães","MIDFIELDER","5","Bruno G","18","","Brésil","Milieu","","Bruno Guimarães","Bruno Guimarães","Bruno Guimarães","200043","./assoc/200043_FRA.svg","./logo/5312.png","UEFA","FRA","5312","FAME","Lyon","","https://img.uefa.com/imgml/TP/teams/logos/70x70/5312.png","https://img.uefa.com/imgml/TP/teams/logos/240x240/5312.png","205312","LYO","DOMESTIC_MEN_TEAM_A","","DOMESTIC","France","Lyon","Olympique Lyonnais","LYO","205","MINUTE","3","0","0","27.21","KILOMETER","27.4","KILOMETER_PER_HOUR"
"108421","53065","35","1990-02-09","9","Smolov","RUS","STRIKER","FORWARD","MALE","187","./image/108421.jpg","Fedor Smolov","FORWARD","9","Smolov","57451","80","Russie","Attaquant","Fedor","Smolov","Fedor Smolov","Smolov","257451","./assoc/257451_RUS.svg","./logo/53065.png","UEFA","RUS","53065","FAME","Lokomotiv Moskva","","https://img.uefa.com/imgml/TP/teams/logos/70x70/53065.png","https://img.uefa.com/imgml/TP/teams/logos/240x240/53065.png","253065","LMO","DOMESTIC_MEN_TEAM_A","","DOMESTIC","Russie","Lokomotiv Moskva","FC Lokomotiv Moskva","LMO","202","MINUTE","4","0","0","24.1","KILOMETER","29.5","KILOMETER_PER_HOUR"
"103769","50139","34","1990-12-26","16","Ramsey","WAL","CENTRAL_MIDFIELDER","MIDFIELDER","MALE","178","./image/103769.jpg","Aaron Ramsey","MIDFIELDER","10","Ramsey","144","76","Pays de Galles","Milieu","Aaron","Ramsey","Aaron Ramsey","Ramsey","200066","./assoc/200066_ITA.svg","./logo/50139.png","UEFA","ITA","50139","FAME","Juventus","","https://img.uefa.com/imgml/TP/teams/logos/70x70/50139.png","https://img.uefa.com/imgml/TP/teams/logos/240x240/50139.png","250139","JUV","DOMESTIC_MEN_TEAM_A","","DOMESTIC","Italie","Juventus","Juventus","JUV","201","MINUTE","6","1","0","28.25","KILOMETER","30.4","KILOMETER_PER_HOUR"
"250024288","52747","33","1992-09-04","20","KURZAWA","FRA","","DEFENDER","MALE","182","./image/250024288.jpg","Layvin Kurzawa","DEFENDER","22","Kurzawa","43","74","France","Défenseur","Layvin","Kurzawa","Layvin Kurzawa","Kurzawa","200043","./assoc/200043_FRA.svg","./logo/52747.png","UEFA","FRA","52747","FAME","Paris","","https://img.uefa.com/imgml/TP/teams/logos/70x70/52747.png","https://img.uefa.com/imgml/TP/teams/logos/240x240/52747.png","252747","PSG","DOMESTIC_MEN_TEAM_A","","DOMESTIC","France","Paris","Paris Saint-Germain","PSG","201","MINUTE","4","0","0","24.21","KILOMETER","31.3","KILOMETER_PER_HOUR"
"250054760","52268","28","1996-11-29","17","Guedes","POR","WINGER","FORWARD","MALE","179","./image/250054760.jpg","Gonçalo Guedes","MIDFIELDER","17","Guedes","110","73","Portugal","Attaquant","","Gonçalo Guedes","Gonçalo Guedes","Gonçalo Guedes","200122","./assoc/200122_ESP.svg","./logo/52268.png","UEFA","ESP","52268","FAME","Valencia","","https://img.uefa.com/imgml/TP/teams/logos/70x70/52268.png","https://img.uefa.com/imgml/TP/teams/logos/240x240/52268.png","252268","VAL","DOMESTIC_MEN_TEAM_A","","DOMESTIC","Espagne","Valencia","Valencia CF","VAL","199","MINUTE","3","0","0","23.4","KILOMETER","30.8","KILOMETER_PER_HOUR"
"250100056","52914","31","1994-08-03","33","Emerson","ITA","FULL_BACK","DEFENDER","MALE","176","./image/250100056.jpg","Emerson","DEFENDER","13","Emerson","66","63","Italie","Défenseur","","Emerson","Emerson","Emerson","200039","./assoc/200039_ENG.svg","./logo/52914.png","UEFA","ENG","52914","FAME","Chelsea","","https://img.uefa.com/imgml/TP/teams/logos/70x70/52914.png","https://img.uefa.com/imgml/TP/teams/logos/240x240/52914.png","252914","CHE","DOMESTIC_MEN_TEAM_A","","DOMESTIC","Angleterre","Chelsea","Chelsea FC","CHE","198","MINUTE","3","0","1","23.33","KILOMETER","30.2","KILOMETER_PER_HOUR"
"250112836","1652","27","1998-01-11","","","ARG","UNKNOWN","DEFENDER","","","./image/250112836.jpg","Juan Foyth","","","","","","Argentine","Défenseur","Juan","Foyth","Juan Foyth","Foyth","200039","./assoc/200039_ENG.svg","./logo/1652.png","UEFA","ENG","1652","FAME","Tottenham","","https://img.uefa.com/imgml/TP/teams/logos/70x70/1652.png","https://img.uefa.com/imgml/TP/teams/logos/240x240/1652.png","201652","TOT","DOMESTIC_MEN_TEAM_A","","DOMESTIC","Angleterre","Tottenham","Tottenham Hotspur","TOT","197","MINUTE","3","0","0","21.83","KILOMETER","31.3","KILOMETER_PER_HOUR"
"1903543","52919","37","1988-06-02","19","Kun Agüero","ARG","UNKNOWN","FORWARD","MALE","172","./image/1903543.jpg","Sergio Agüero","FORWARD","20","Agüero","6","74","Argentine","Attaquant","Sergio","Agüero","Sergio Agüero","Agüero","200039","./assoc/200039_ENG.svg","./logo/52919.png","UEFA","ENG","52919","FAME","Man City","","https://img.uefa.com/imgml/TP/teams/logos/70x70/52919.png","https://img.uefa.com/imgml/TP/teams/logos/240x240/52919.png","252919","MCI","DOMESTIC_MEN_TEAM_A","","DOMESTIC","Angleterre","Man City","Manchester City","MCI","196","MINUTE","3","2","0","20.53","KILOMETER","28.4","KILOMETER_PER_HOUR"
"250097165","1652","25","2000-05-18","19","Sessegnon","ENG","FULL_BACK","DEFENDER","MALE","","./image/250097165.jpg","Ryan Sessegnon","DEFENDER","11","Sessegnon","39","","Angleterre","Défenseur","Ryan","Sessegnon","Ryan Sessegnon","R. Sessegnon","200039","./assoc/200039_ENG.svg","./logo/1652.png","UEFA","ENG","1652","FAME","Tottenham","","https://img.uefa.com/imgml/TP/teams/logos/70x70/1652.png","https://img.uefa.com/imgml/TP/teams/logos/240x240/1652.png","201652","TOT","DOMESTIC_MEN_TEAM_A","","DOMESTIC","Angleterre","Tottenham","Tottenham Hotspur","TOT","195","MINUTE","3","1","1","23.34","KILOMETER","31.5","KILOMETER_PER_HOUR"
"250121533","50051","25","2000-07-12","7","VINI JR.","BRA","UNKNOWN","FORWARD","MALE","","./image/250121533.jpg","Vinícius Júnior","FORWARD","7","Vini Jr.","18","","Brésil","Attaquant","","Vinícius Júnior","Vinícius Júnior","Vinícius Júnior","200122","./assoc/200122_ESP.svg","./logo/50051.png","UEFA","ESP","50051","FAME","Real Madrid","","https://img.uefa.com/imgml/TP/teams/logos/70x70/50051.png","https://img.uefa.com/imgml/TP/teams/logos/240x240/50051.png","250051","RMA","DOMESTIC_MEN_TEAM_A","","DOMESTIC","Espagne","Real Madrid","Real Madrid C.F.","RMA","193","MINUTE","5","1","1","21.23","KILOMETER","32.6","KILOMETER_PER_HOUR"
"250099650","50138","30","1995-08-05","12","Sensi","ITA","CENTRAL_MIDFIELDER","MIDFIELDER","MALE","","./image/250099650.jpg","Stefano Sensi","MIDFIELDER","12","Sensi","66","","Italie","Milieu","Stefano","Sensi","Stefano Sensi","Sensi","200066","./assoc/200066_ITA.svg","./logo/50138.png","UEFA","ITA","50138","FAME","Inter","","https://img.uefa.com/imgml/TP/teams/logos/70x70/50138.png","https://img.uefa.com/imgml/TP/teams/logos/240x240/50138.png","250138","INT","DOMESTIC_MEN_TEAM_A","","DOMESTIC","Italie","Inter","FC Internazionale Milano","INT","191","MINUTE","3","0","1","25.47","KILOMETER","27.2","KILOMETER_PER_HOUR"
"250062440","52747","32","1993-09-01","16","Rico","ESP","GOALKEEPER","GOALKEEPER","MALE","195","./image/250062440.jpg","Sergio Rico","GOALKEEPER","13","Sergio Rico","122","90","Espagne","Gardien","Sergio","Rico","Sergio Rico","Rico","200043","./assoc/200043_FRA.svg","./logo/52747.png","UEFA","FRA","52747","FAME","Paris","","https://img.uefa.com/imgml/TP/teams/logos/70x70/52747.png","https://img.uefa.com/imgml/TP/teams/logos/240x240/52747.png","252747","PSG","DOMESTIC_MEN_TEAM_A","","DOMESTIC","France","Paris","Paris Saint-Germain","PSG","191","MINUTE","3","0","0","9.06","KILOMETER","21","KILOMETER_PER_HOUR"
"250042610","7889","30","1995-04-18","27","Origi","BEL","STRIKER","FORWARD","MALE","185","./image/250042610.jpg","Divock Origi","FORWARD","17","Origi","13","75","Belgique","Attaquant","Divock","Origi","Divock Origi","Origi","200039","./assoc/200039_ENG.svg","./logo/7889.png","UEFA","ENG","7889","FAME","Liverpool","","https://img.uefa.com/imgml/TP/teams/logos/70x70/7889.png","https://img.uefa.com/imgml/TP/teams/logos/240x240/7889.png","207889","LIV","DOMESTIC_MEN_TEAM_A","","DOMESTIC","Angleterre","Liverpool","Liverpool FC","LIV","188","MINUTE","6","0","0","23.57","KILOMETER","32.6","KILOMETER_PER_HOUR"
"250077264","50069","31","1994-02-09","9","Pavkov","SRB","STRIKER","FORWARD","MALE","","./image/250077264.jpg","Milan Pavkov","FORWARD","8","Pavkov","147","","Serbie","Attaquant","Milan","Pavkov","Milan Pavkov","Pavkov","200147","./assoc/200147_SRB.svg","./logo/50069.png","UEFA","SRB","50069","FAME","Crvena Zvezda","","https://img.uefa.com/imgml/TP/teams/logos/70x70/50069.png","https://img.uefa.com/imgml/TP/teams/logos/240x240/50069.png","250069","ZVE","DOMESTIC_MEN_TEAM_A","","DOMESTIC","Serbie","Crvena Zvezda","FK Crvena Zvezda","ZVE","188","MINUTE","3","0","0","18.36","KILOMETER","28.8","KILOMETER_PER_HOUR"
"250109838","50069","32","1993-01-28","14","Boakye","GHA","STRIKER","FORWARD","MALE","","./image/250109838.jpg","Richmond Boakye","FORWARD","","Boakye","","","Ghana","Attaquant","Richmond","Boakye","Richmond Boakye","Boakye","200147","./assoc/200147_SRB.svg","./logo/50069.png","UEFA","SRB","50069","FAME","Crvena Zvezda","","https://img.uefa.com/imgml/TP/teams/logos/70x70/50069.png","https://img.uefa.com/imgml/TP/teams/logos/240x240/50069.png","250069","ZVE","DOMESTIC_MEN_TEAM_A","","DOMESTIC","Serbie","Crvena Zvezda","FK Crvena Zvezda","ZVE","187","MINUTE","5","1","0","20.14","KILOMETER","31.7","KILOMETER_PER_HOUR"
"1905811","50138","37","1988-09-09","33","D'Ambrosio","ITA","FULL_BACK","DEFENDER","MALE","180","./image/1905811.jpg","Danilo D'Ambrosio","DEFENDER","2","D'Ambrosio","66","75","Italie","Défenseur","Danilo","D'Ambrosio","Danilo D'Ambrosio","D'Ambrosio","200066","./assoc/200066_ITA.svg","./logo/50138.png","UEFA","ITA","50138","FAME","Inter","","https://img.uefa.com/imgml/TP/teams/logos/70x70/50138.png","https://img.uefa.com/imgml/TP/teams/logos/240x240/50138.png","250138","INT","DOMESTIC_MEN_TEAM_A","","DOMESTIC","Italie","Inter","FC Internazionale Milano","INT","184","MINUTE","3","0","0","23","KILOMETER","29.7","KILOMETER_PER_HOUR"
"250131444","50069","29","1996-08-19","37","Vulić","SRB","UNKNOWN","MIDFIELDER","MALE","","./image/250131444.jpg","Miloš Vulić","MIDFIELDER","20","Vulić","147","","Serbie","Milieu","Miloš","Vulić","Miloš Vulić","Vulić","200147","./assoc/200147_SRB.svg","./logo/50069.png","UEFA","SRB","50069","FAME","Crvena Zvezda","","https://img.uefa.com/imgml/TP/teams/logos/70x70/50069.png","https://img.uefa.com/imgml/TP/teams/logos/240x240/50069.png","250069","ZVE","DOMESTIC_MEN_TEAM_A","","DOMESTIC","Serbie","Crvena Zvezda","FK Crvena Zvezda","ZVE","182","MINUTE","4","1","0","25.03","KILOMETER","29.5","KILOMETER_PER_HOUR"
"250097090","2603790","25","2000-09-14","18","Ampadu","WAL","UNKNOWN","DEFENDER","MALE","","./image/250097090.jpg","Ethan Ampadu","DEFENDER","5","Ampadu","144","","Pays de Galles","Défenseur","Ethan","Ampadu","Ethan Ampadu","Ampadu","200047","./assoc/200047_GER.svg","./logo/2603790.png","UEFA","GER","2603790","FAME","Leipzig","","https://img.uefa.com/imgml/TP/teams/logos/70x70/2603790.png","https://img.uefa.com/imgml/TP/teams/logos/240x240/2603790.png","250002563","RBL","DOMESTIC_MEN_TEAM_A","","DOMESTIC","Allemagne","Leipzig","RB Leipzig","RBL","181","MINUTE","3","0","0","20.39","KILOMETER","27.9","KILOMETER_PER_HOUR"
"1905873","52707","36","1989-09-29","70","Konoplyanka","UKR","WINGER","MIDFIELDER","MALE","176","./image/1905873.jpg","Yevhen Konoplyanka","MIDFIELDER","10","Konoplyanka","57166","69","Ukraine","Milieu","Yevhen","Konoplyanka","Yevhen Konoplyanka","Konoplyanka","257166","./assoc/257166_UKR.svg","./logo/52707.png","UEFA","UKR","52707","FAME","Shakhtar","","https://img.uefa.com/imgml/TP/teams/logos/70x70/52707.png","https://img.uefa.com/imgml/TP/teams/logos/240x240/52707.png","252707","SHK","DOMESTIC_MEN_TEAM_A","","DOMESTIC","Ukraine","Shakhtar","FC Shakhtar Donetsk","SHK","180","MINUTE","4","1","0","21.7","KILOMETER","29.5","KILOMETER_PER_HOUR"
"250106648","50143","28","1997-03-03","7","Neres","BRA","STRIKER","FORWARD","MALE","","./image/250106648.jpg","David Neres","FORWARD","","Neres","18","","Brésil","Attaquant","David","Neres","David Neres","Neres","200095","./assoc/200095_NED.svg","./logo/50143.png","UEFA","NED","50143","FAME","Ajax","","https://img.uefa.com/imgml/TP/teams/logos/70x70/50143.png","https://img.uefa.com/imgml/TP/teams/logos/240x240/50143.png","250143","AJX","DOMESTIC_MEN_TEAM_A","","DOMESTIC","Pays-Bas","Ajax","AFC Ajax","AJX","180","MINUTE","4","0","1","20.6","KILOMETER","29.7","KILOMETER_PER_HOUR"
"250089225","50147","26","1999-08-19","61","Florentino","POR","DEFENSIVE_MIDFIELDER","MIDFIELDER","MALE","","./image/250089225.jpg","Florentino","MIDFIELDER","6","FLORENTINO","110","","Portugal","Milieu","","Florentino","Florentino","Florentino","200110","./assoc/200110_POR.svg","./logo/50147.png","UEFA","POR","50147","FAME","Benfica","","https://img.uefa.com/imgml/TP/teams/logos/70x70/50147.png","https://img.uefa.com/imgml/TP/teams/logos/240x240/50147.png","250147","BEN","DOMESTIC_MEN_TEAM_A","","DOMESTIC","Portugal","Benfica","SL Benfica","BEN","180","MINUTE","2","0","0","24.68","KILOMETER","27.2","KILOMETER_PER_HOUR"
"250087432","50109","26","1999-07-07","19","Diaby","FRA","STRIKER","FORWARD","MALE","","./image/250087432.jpg","Moussa Diaby","FORWARD","19","Diaby","43","","France","Attaquant","Moussa","Diaby","Moussa Diaby","Diaby","200047","./assoc/200047_GER.svg","./logo/50109.png","UEFA","GER","50109","FAME","Leverkusen","","https://img.uefa.com/imgml/TP/teams/logos/70x70/50109.png","https://img.uefa.com/imgml/TP/teams/logos/240x240/50109.png","250109","LEV","DOMESTIC_MEN_TEAM_A","","DOMESTIC","Allemagne","Leverkusen","Bayer 04 Leverkusen","LEV","180","MINUTE","2","0","0","21.26","KILOMETER","29.9","KILOMETER_PER_HOUR"
"250030823","50030","33","1992-02-16","5","Ramalho Silva","BRA","CENTRAL_MIDFIELDER","DEFENDER","MALE","182","./image/250030823.jpg","André Ramalho","MIDFIELDER","","Ramalho","","78","Brésil","Défenseur","André","Ramalho","André Ramalho","Ramalho","200008","./assoc/200008_AUT.svg","./logo/50030.png","UEFA","AUT","50030","FAME","Salzburg","","https://img.uefa.com/imgml/TP/teams/logos/70x70/50030.png","https://img.uefa.com/imgml/TP/teams/logos/240x240/50030.png","250030","SAL","DOMESTIC_MEN_TEAM_A","","DOMESTIC","Autriche","Salzburg","FC Salzburg","SAL","180","MINUTE","2","0","0","21.06","KILOMETER","28.8","KILOMETER_PER_HOUR"
"250024963","50139","31","1994-07-29","24","Rugani","ITA","CENTRE_BACK","DEFENDER","MALE","190","./image/250024963.jpg","Daniele Rugani","DEFENDER","15","Rugani","66","82","Italie","Défenseur","Daniele","Rugani","Daniele Rugani","Rugani","200066","./assoc/200066_ITA.svg","./logo/50139.png","UEFA","ITA","50139","FAME","Juventus","","https://img.uefa.com/imgml/TP/teams/logos/70x70/50139.png","https://img.uefa.com/imgml/TP/teams/logos/240x240/50139.png","250139","JUV","DOMESTIC_MEN_TEAM_A","","DOMESTIC","Italie","Juventus","Juventus","JUV","180","MINUTE","2","0","0","20.68","KILOMETER","27.7","KILOMETER_PER_HOUR"
"250103561","52919","24","2001-01-09","24","Eric","ESP","CENTRE_BACK","DEFENDER","MALE","","./image/250103561.jpg","Eric García","DEFENDER","3","García Martret","122","","Espagne","Défenseur","","Eric García","Eric García","Eric García","200039","./assoc/200039_ENG.svg","./logo/52919.png","UEFA","ENG","52919","FAME","Man City","","https://img.uefa.com/imgml/TP/teams/logos/70x70/52919.png","https://img.uefa.com/imgml/TP/teams/logos/240x240/52919.png","252919","MCI","DOMESTIC_MEN_TEAM_A","","DOMESTIC","Angleterre","Man City","Manchester City","MCI","180","MINUTE","2","0","0","20.67","KILOMETER","29.9","KILOMETER_PER_HOUR"
"250024083","50139","32","1992-10-20","2","De Sciglio","ITA","FULL_BACK","DEFENDER","MALE","183","./image/250024083.jpg","Mattia De Sciglio","DEFENDER","2","De Sciglio","66","74","Italie","Défenseur","Mattia","De Sciglio","Mattia De Sciglio","De Sciglio","200066","./assoc/200066_ITA.svg","./logo/50139.png","UEFA","ITA","50139","FAME","Juventus","","https://img.uefa.com/imgml/TP/teams/logos/70x70/50139.png","https://img.uefa.com/imgml/TP/teams/logos/240x240/50139.png","250139","JUV","DOMESTIC_MEN_TEAM_A","","DOMESTIC","Italie","Juventus","Juventus","JUV","180","MINUTE","2","0","0","20.57","KILOMETER","28.6","KILOMETER_PER_HOUR"
"250132831","75797","31","1994-01-21","23","REINILDO","MOZ","FULL_BACK","DEFENDER","MALE","","./image/250132831.jpg","Reinildo","DEFENDER","","Reinildo","","","Mozambique","Défenseur","","Reinildo","Reinildo","Reinildo","200043","./assoc/200043_FRA.svg","./logo/75797.png","UEFA","FRA","75797","FAME","Lille","","https://img.uefa.com/imgml/TP/teams/logos/70x70/75797.png","https://img.uefa.com/imgml/TP/teams/logos/240x240/75797.png","275797","LIL","DOMESTIC_MEN_TEAM_A","","DOMESTIC","France","Lille","LOSC Lille","LIL","180","MINUTE","2","0","0","20.43","KILOMETER","32.21","KILOMETER_PER_HOUR"
"250040545","50124","33","1992-01-13","2","Arias","COL","FULL_BACK","DEFENDER","MALE","175","./image/250040545.jpg","Santiago Arias","DEFENDER","4","Arias","29","72","Colombie","Défenseur","Santiago","Arias","Santiago Arias","Arias","200122","./assoc/200122_ESP.svg","./logo/50124.png","UEFA","ESP","50124","FAME","Atleti","","https://img.uefa.com/imgml/TP/teams/logos/70x70/50124.png","https://img.uefa.com/imgml/TP/teams/logos/240x240/50124.png","250124","ATM","DOMESTIC_MEN_TEAM_A","","DOMESTIC","Espagne","Atleti","Atlético de Madrid","ATM","180","MINUTE","2","0","0","20.43","KILOMETER","32","KILOMETER_PER_HOUR"
"250132810","50043","24","2001-01-04","3","Kossounou","CIV","CENTRE_BACK","DEFENDER","MALE","","./image/250132810.jpg","Odilon Kossounou","DEFENDER","","Kossounou","67","","Côte d'Ivoire","Défenseur","Odilon","Kossounou","Odilon Kossounou","Kossounou","200013","./assoc/200013_BEL.svg","./logo/50043.png","UEFA","BEL","50043","FAME","Club Brugge","","https://img.uefa.com/imgml/TP/teams/logos/70x70/50043.png","https://img.uefa.com/imgml/TP/teams/logos/240x240/50043.png","250043","BRU","DOMESTIC_MEN_TEAM_A","","DOMESTIC","Belgique","Club Brugge","Club Brugge KV","BRU","180","MINUTE","2","0","0","20.14","KILOMETER","30.8","KILOMETER_PER_HOUR"
"250028211","52914","32","1993-03-03","22","RÜDIGER","GER","CENTRE_BACK","DEFENDER","MALE","190","./image/250028211.jpg","Antonio Rüdiger","DEFENDER","2","Rüdiger","47","85","Allemagne","Défenseur","Antonio","Rüdiger","Antonio Rüdiger","Rüdiger","200039","./assoc/200039_ENG.svg","./logo/52914.png","UEFA","ENG","52914","FAME","Chelsea","","https://img.uefa.com/imgml/TP/teams/logos/70x70/52914.png","https://img.uefa.com/imgml/TP/teams/logos/240x240/52914.png","252914","CHE","DOMESTIC_MEN_TEAM_A","","DOMESTIC","Angleterre","Chelsea","Chelsea FC","CHE","180","MINUTE","2","0","0","19.29","KILOMETER","32","KILOMETER_PER_HOUR"
"250075757","52914","44","1981-09-28","13","","ESP","GOALKEEPER","","MALE","186","./image/250075757.jpg","Willy Caballero","GOALKEEPER","","Caballero","","80","Espagne","","Willy","Caballero","Willy Caballero","Caballero","200039","./assoc/200039_ENG.svg","./logo/52914.png","UEFA","ENG","52914","FAME","Chelsea","","https://img.uefa.com/imgml/TP/teams/logos/70x70/52914.png","https://img.uefa.com/imgml/TP/teams/logos/240x240/52914.png","252914","CHE","DOMESTIC_MEN_TEAM_A","","DOMESTIC","Angleterre","Chelsea","Chelsea FC","CHE","180","MINUTE","2","0","0","8.76","KILOMETER","21.3","KILOMETER_PER_HOUR"
"250082738","52816","33","1992-05-10","57","Sportiello","ITA","UNKNOWN","GOALKEEPER","MALE","","./image/250082738.jpg","Marco Sportiello","GOALKEEPER","14","Sportiello","200066","","Italie","Gardien","Marco","Sportiello","Marco Sportiello","Sportiello","200066","./assoc/200066_ITA.svg","./logo/52816.png","UEFA","ITA","52816","FAME","Atalanta","","https://img.uefa.com/imgml/TP/teams/logos/70x70/52816.png","https://img.uefa.com/imgml/TP/teams/logos/240x240/52816.png","252816","ATA","DOMESTIC_MEN_TEAM_A","","DOMESTIC","Italie","Atalanta","Atalanta BC","ATA","180","MINUTE","2","0","0","8.49","KILOMETER","16.8","KILOMETER_PER_HOUR"
"250111089","52826","33","1991-11-13","99","Lunev","RUS","GOALKEEPER","GOALKEEPER","MALE","","./image/250111089.jpg","Andrey Lunev","GOALKEEPER","16","Lunev","57451","","Russie","Gardien","Andrey","Lunev","Andrey Lunev","Lunev","257451","./assoc/257451_RUS.svg","./logo/52826.png","UEFA","RUS","52826","FAME","Zenit","","https://img.uefa.com/imgml/TP/teams/logos/70x70/52826.png","https://img.uefa.com/imgml/TP/teams/logos/240x240/52826.png","252826","ZEN","DOMESTIC_MEN_TEAM_A","","DOMESTIC","Russie","Zenit","FC Zenit","ZEN","180","MINUTE","2","0","0","8.22","KILOMETER","15.4","KILOMETER_PER_HOUR"
"250064017","52268","34","1990-11-05","1","DOMENECH","ESP","GOALKEEPER","GOALKEEPER","MALE","","./image/250064017.jpg","Jaume Doménech","GOALKEEPER","","Doménech Sánchez","","","Espagne","Gardien","Jaume","Doménech","Jaume Doménech","Doménech","200122","./assoc/200122_ESP.svg","./logo/52268.png","UEFA","ESP","52268","FAME","Valencia","","https://img.uefa.com/imgml/TP/teams/logos/70x70/52268.png","https://img.uefa.com/imgml/TP/teams/logos/240x240/52268.png","252268","VAL","DOMESTIC_MEN_TEAM_A","","DOMESTIC","Espagne","Valencia","Valencia CF","VAL","180","MINUTE","2","0","0","7.27","KILOMETER","15","KILOMETER_PER_HOUR"
"250122327","50136","37","1988-08-31","25","OSPINA","COL","GOALKEEPER","GOALKEEPER","MALE","183","./image/250122327.jpg","David Ospina","GOALKEEPER","1","Ospina","29","80","Colombie","Gardien","David","Ospina","David Ospina","Ospina","200066","./assoc/200066_ITA.svg","./logo/50136.png","UEFA","ITA","50136","FAME","Napoli","","https://img.uefa.com/imgml/TP/teams/logos/70x70/50136.png","https://img.uefa.com/imgml/TP/teams/logos/240x240/50136.png","250136","NAP","DOMESTIC_MEN_TEAM_A","","DOMESTIC","Italie","Napoli","SSC Napoli","NAP","180","MINUTE","2","0","0","7.08","KILOMETER","17.5","KILOMETER_PER_HOUR"
"250028807","50069","34","1990-10-19","29","Jovancic","SRB","UNKNOWN","MIDFIELDER","MALE","","./image/250028807.jpg","Dušan Jovančić","MIDFIELDER","","Jovančić","","","Serbie","Milieu","Dušan","Jovančić","Dušan Jovančić","Jovančić","200147","./assoc/200147_SRB.svg","./logo/50069.png","UEFA","SRB","50069","FAME","Crvena Zvezda","","https://img.uefa.com/imgml/TP/teams/logos/70x70/50069.png","https://img.uefa.com/imgml/TP/teams/logos/240x240/50069.png","250069","ZVE","DOMESTIC_MEN_TEAM_A","","DOMESTIC","Serbie","Crvena Zvezda","FK Crvena Zvezda","ZVE","179","MINUTE","3","0","0","23.94","KILOMETER","29.2","KILOMETER_PER_HOUR"
"250017824","52758","31","1994-01-12","23","Emre Can","GER","DEFENSIVE_MIDFIELDER","DEFENDER","MALE","184","./image/250017824.jpg","Emre Can","MIDFIELDER","23","Can","47","82","Allemagne","Défenseur","Emre","Can","Emre Can","Can","200047","./assoc/200047_GER.svg","./logo/52758.png","UEFA","GER","52758","FAME","B. Dortmund","","https://img.uefa.com/imgml/TP/teams/logos/70x70/52758.png","https://img.uefa.com/imgml/TP/teams/logos/240x240/52758.png","252758","BVB","DOMESTIC_MEN_TEAM_A","","DOMESTIC","Allemagne","B. Dortmund","Borussia Dortmund","BVB","179","MINUTE","2","0","0","19.93","KILOMETER","32","KILOMETER_PER_HOUR"
"250020085","52498","35","1990-02-27","17","Frydrych","CZE","FULL_BACK","DEFENDER","MALE","","./image/250020085.jpg","Michal Frydrych","DEFENDER","21","Frydrych","58837","","Tchéquie","Défenseur","Michal","Frydrych","Michal Frydrych","Frydrych","258837","./assoc/258837_CZE.svg","./logo/52498.png","UEFA","CZE","52498","FAME","Slavia Praha","","https://img.uefa.com/imgml/TP/teams/logos/70x70/52498.png","https://img.uefa.com/imgml/TP/teams/logos/240x240/52498.png","252498","SLP","DOMESTIC_MEN_TEAM_A","","DOMESTIC","Tchéquie","Slavia Praha","SK Slavia Praha","SLA","173","MINUTE","2","0","0","19.57","KILOMETER","27.9","KILOMETER_PER_HOUR"
"250132813","50043","28","1997-08-29","21","D. Okereke","NGA","STRIKER","FORWARD","MALE","","./image/250132813.jpg","David Okereke","FORWARD","","Okereke","","","Nigeria","Attaquant","David","Okereke","David Okereke","Okereke","200013","./assoc/200013_BEL.svg","./logo/50043.png","UEFA","BEL","50043","FAME","Club Brugge","","https://img.uefa.com/imgml/TP/teams/logos/70x70/50043.png","https://img.uefa.com/imgml/TP/teams/logos/240x240/50043.png","250043","BRU","DOMESTIC_MEN_TEAM_A","","DOMESTIC","Belgique","Club Brugge","Club Brugge KV","BRU","172","MINUTE","4","0","0","21.4","KILOMETER","31","KILOMETER_PER_HOUR"
"250066067","50164","28","1997-02-13","14","Gojak","BIH","ATTACKING_MIDFIELDER","FORWARD","MALE","184","./image/250066067.jpg","Amer Gojak","FORWARD","10","Gojak","60094","75","Bosnie-Herzégovine","Attaquant","Amer","Gojak","Amer Gojak","Gojak","256370","./assoc/256370_CRO.svg","./logo/50164.png","UEFA","CRO","50164","FAME","GNK Dinamo","","https://img.uefa.com/imgml/TP/teams/logos/70x70/50164.png","https://img.uefa.com/imgml/TP/teams/logos/240x240/50164.png","250164","DIN","DOMESTIC_MEN_TEAM_A","","DOMESTIC","Croatie","GNK Dinamo","GNK Dinamo","DIN","171","MINUTE","5","0","0","24.44","KILOMETER","29.7","KILOMETER_PER_HOUR"
"250131443","50069","33","1992-06-18","9","VUKANOVIĆ","SRB","WINGER","FORWARD","MALE","","./image/250131443.jpg","Aleksa Vukanović","MIDFIELDER","","Vukanović","","","Serbie","Attaquant","Aleksa","Vukanović","Aleksa Vukanović","Vukanović","200147","./assoc/200147_SRB.svg","./logo/50069.png","UEFA","SRB","50069","FAME","Crvena Zvezda","","https://img.uefa.com/imgml/TP/teams/logos/70x70/50069.png","https://img.uefa.com/imgml/TP/teams/logos/240x240/50069.png","250069","ZVE","DOMESTIC_MEN_TEAM_A","","DOMESTIC","Serbie","Crvena Zvezda","FK Crvena Zvezda","ZVE","170","MINUTE","4","0","0","22.01","KILOMETER","31.5","KILOMETER_PER_HOUR"
"250112762","52498","37","1988-09-16","12","Traore","CIV","ATTACKING_MIDFIELDER","MIDFIELDER","MALE","","./image/250112762.jpg","Ibrahim Traoré","MIDFIELDER","","Traore","67","","Côte d'Ivoire","Milieu","Ibrahim","Traoré","Ibrahim Traoré","Traoré","258837","./assoc/258837_CZE.svg","./logo/52498.png","UEFA","CZE","52498","FAME","Slavia Praha","","https://img.uefa.com/imgml/TP/teams/logos/70x70/52498.png","https://img.uefa.com/imgml/TP/teams/logos/240x240/52498.png","252498","SLP","DOMESTIC_MEN_TEAM_A","","DOMESTIC","Tchéquie","Slavia Praha","SK Slavia Praha","SLA","167","MINUTE","4","0","0","22.37","KILOMETER","29.7","KILOMETER_PER_HOUR"
"250001662","52826","36","1989-10-13","21","Erokhin","RUS","ATTACKING_MIDFIELDER","MIDFIELDER","MALE","195","./image/250001662.jpg","Aleksandr Erokhin","MIDFIELDER","21","Erokhin","57451","79","Russie","Milieu","Aleksandr","Erokhin","Aleksandr Erokhin","Erokhin","257451","./assoc/257451_RUS.svg","./logo/52826.png","UEFA","RUS","52826","FAME","Zenit","","https://img.uefa.com/imgml/TP/teams/logos/70x70/52826.png","https://img.uefa.com/imgml/TP/teams/logos/240x240/52826.png","252826","ZEN","DOMESTIC_MEN_TEAM_A","","DOMESTIC","Russie","Zenit","FC Zenit","ZEN","166","MINUTE","4","0","0","22.09","KILOMETER","29.5","KILOMETER_PER_HOUR"
"250026741","50147","39","1986-03-29","33","Jardel","BRA","CENTRE_BACK","DEFENDER","MALE","192","./image/250026741.jpg","Jardel","DEFENDER","","Nivaldo Vieira","","86","Brésil","Défenseur","","Jardel","Jardel","Jardel","200110","./assoc/200110_POR.svg","./logo/50147.png","UEFA","POR","50147","FAME","Benfica","","https://img.uefa.com/imgml/TP/teams/logos/70x70/50147.png","https://img.uefa.com/imgml/TP/teams/logos/240x240/50147.png","250147","BEN","DOMESTIC_MEN_TEAM_A","","DOMESTIC","Portugal","Benfica","SL Benfica","BEN","164","MINUTE","2","0","0","19.07","KILOMETER","30.4","KILOMETER_PER_HOUR"
"250007655","52914","31","1993-12-05","6","Barkley","ENG","ATTACKING_MIDFIELDER","MIDFIELDER","MALE","189","./image/250007655.jpg","Ross Barkley","MIDFIELDER","18","Barkley","39","76","Angleterre","Milieu","Ross","Barkley","Ross Barkley","Barkley","200039","./assoc/200039_ENG.svg","./logo/52914.png","UEFA","ENG","52914","FAME","Chelsea","","https://img.uefa.com/imgml/TP/teams/logos/70x70/52914.png","https://img.uefa.com/imgml/TP/teams/logos/240x240/52914.png","252914","CHE","DOMESTIC_MEN_TEAM_A","","DOMESTIC","Angleterre","Chelsea","Chelsea FC","CHE","161","MINUTE","3","0","0","20.37","KILOMETER","28.8","KILOMETER_PER_HOUR"
"250050387","50067","32","1993-04-11","23","Andone","ROU","STRIKER","FORWARD","MALE","182","./image/250050387.jpg","Florin Andone","FORWARD","23","Andone","113","78","Roumanie","Attaquant","Florin","Andone","Florin Andone","Andone","200135","./assoc/200135_TUR.svg","./logo/50067.png","UEFA","TUR","50067","FAME","Galatasaray","","https://img.uefa.com/imgml/TP/teams/logos/70x70/50067.png","https://img.uefa.com/imgml/TP/teams/logos/240x240/50067.png","250067","GAL","DOMESTIC_MEN_TEAM_A","","DOMESTIC","Turquie","Galatasaray","Galatasaray A.Ş.","GAL","161","MINUTE","3","0","0","19.47","KILOMETER","29","KILOMETER_PER_HOUR"
"250121331","2603790","27","1998-04-23","36","M. Saracchi","URU","FULL_BACK","DEFENDER","MALE","","./image/250121331.jpg","Marcelo Saracchi","DEFENDER","","Saracchi","138","","Uruguay","Défenseur","Marcelo","Saracchi","Marcelo Saracchi","Saracchi","200047","./assoc/200047_GER.svg","./logo/2603790.png","UEFA","GER","2603790","FAME","Leipzig","","https://img.uefa.com/imgml/TP/teams/logos/70x70/2603790.png","https://img.uefa.com/imgml/TP/teams/logos/240x240/2603790.png","250002563","RBL","DOMESTIC_MEN_TEAM_A","","DOMESTIC","Allemagne","Leipzig","RB Leipzig","RBL","160","MINUTE","2","0","0","17.93","KILOMETER","31.7","KILOMETER_PER_HOUR"
"250063803","50037","29","1996-02-14","21","L.HERNANDEZ","FRA","CENTRE_BACK","DEFENDER","MALE","180","./image/250063803.jpg","Lucas Hernández","DEFENDER","21","L. Hernandez","43","76","France","Défenseur","Lucas","Hernández","Lucas Hernández","L. Hernández","200047","./assoc/200047_GER.svg","./logo/50037.png","UEFA","GER","50037","FAME","Bayern München","","https://img.uefa.com/imgml/TP/teams/logos/70x70/50037.png","https://img.uefa.com/imgml/TP/teams/logos/240x240/50037.png","250037","BAY","DOMESTIC_MEN_TEAM_A","","DOMESTIC","Allemagne","Bayern München","FC Bayern München","BAY","156","MINUTE","3","0","1","18.18","KILOMETER","29.5","KILOMETER_PER_HOUR"
"250121219","61582","27","1998-02-01","28","Paintsil","GHA","WINGER","FORWARD","MALE","","./image/250121219.jpg","Joseph Paintsil","MIDFIELDER","","Paintsil","","","Ghana","Attaquant","Joseph","Paintsil","Joseph Paintsil","Paintsil","200013","./assoc/200013_BEL.svg","./logo/61582.png","UEFA","BEL","61582","FAME","Genk","","https://img.uefa.com/imgml/TP/teams/logos/70x70/61582.png","https://img.uefa.com/imgml/TP/teams/logos/240x240/61582.png","261582","GEN","DOMESTIC_MEN_TEAM_A","","DOMESTIC","Belgique","Genk","KRC Genk","GEN","156","MINUTE","3","0","0","17.12","KILOMETER","29.9","KILOMETER_PER_HOUR"
"250132526","52707","25","2000-02-15","10","TETE","BRA","WINGER","FORWARD","MALE","","./image/250132526.jpg","Tetê","MIDFIELDER","","Cardoso Lemos Martins","","","Brésil","Attaquant","","Tetê","Tetê","Tetê","257166","./assoc/257166_UKR.svg","./logo/52707.png","UEFA","UKR","52707","FAME","Shakhtar","","https://img.uefa.com/imgml/TP/teams/logos/70x70/52707.png","https://img.uefa.com/imgml/TP/teams/logos/240x240/52707.png","252707","SHK","DOMESTIC_MEN_TEAM_A","","DOMESTIC","Ukraine","Shakhtar","FC Shakhtar Donetsk","SHK","155","MINUTE","3","1","0","18.52","KILOMETER","31","KILOMETER_PER_HOUR"
"63946","50138","40","1985-01-12","20","B. Valero","ESP","CENTRAL_MIDFIELDER","MIDFIELDER","MALE","175","./image/63946.jpg","Borja Valero","MIDFIELDER","","B. Valero","","73","Espagne","Milieu","Borja","Valero","Borja Valero","Valero","200066","./assoc/200066_ITA.svg","./logo/50138.png","UEFA","ITA","50138","FAME","Inter","","https://img.uefa.com/imgml/TP/teams/logos/70x70/50138.png","https://img.uefa.com/imgml/TP/teams/logos/240x240/50138.png","250138","INT","DOMESTIC_MEN_TEAM_A","","DOMESTIC","Italie","Inter","FC Internazionale Milano","INT","154","MINUTE","3","0","0","21.27","KILOMETER","28.1","KILOMETER_PER_HOUR"
"105823","50147","37","1988-08-14","15","Fejsa","SRB","DEFENSIVE_MIDFIELDER","MIDFIELDER","MALE","185","./image/105823.jpg","Ljubomir Fejsa","MIDFIELDER","16","Fejsa","147","80","Serbie","Milieu","Ljubomir","Fejsa","Ljubomir Fejsa","Fejsa","200110","./assoc/200110_POR.svg","./logo/50147.png","UEFA","POR","50147","FAME","Benfica","","https://img.uefa.com/imgml/TP/teams/logos/70x70/50147.png","https://img.uefa.com/imgml/TP/teams/logos/240x240/50147.png","250147","BEN","DOMESTIC_MEN_TEAM_A","","DOMESTIC","Portugal","Benfica","SL Benfica","BEN","150","MINUTE","2","0","0","18.08","KILOMETER","26.6","KILOMETER_PER_HOUR"
"250025880","50136","34","1991-07-31","2","MALCUIT","FRA","FULL_BACK","DEFENDER","MALE","179","./image/250025880.jpg","Kevin Malcuit","DEFENDER","","Malcuit","43","75","France","Défenseur","Kevin","Malcuit","Kevin Malcuit","Malcuit","200066","./assoc/200066_ITA.svg","./logo/50136.png","UEFA","ITA","50136","FAME","Napoli","","https://img.uefa.com/imgml/TP/teams/logos/70x70/50136.png","https://img.uefa.com/imgml/TP/teams/logos/240x240/50136.png","250136","NAP","DOMESTIC_MEN_TEAM_A","","DOMESTIC","Italie","Napoli","SSC Napoli","NAP","147","MINUTE","2","0","1","17.03","KILOMETER","31.7","KILOMETER_PER_HOUR"
"250110501","50069","37","1988-07-08","18","Jander","BRA","FULL_BACK","DEFENDER","MALE","","./image/250110501.jpg","Jander","DEFENDER","","JANDER","","","Brésil","Défenseur","","Jander","Jander","Jander","200147","./assoc/200147_SRB.svg","./logo/50069.png","UEFA","SRB","50069","FAME","Crvena Zvezda","","https://img.uefa.com/imgml/TP/teams/logos/70x70/50069.png","https://img.uefa.com/imgml/TP/teams/logos/240x240/50069.png","250069","ZVE","DOMESTIC_MEN_TEAM_A","","DOMESTIC","Serbie","Crvena Zvezda","FK Crvena Zvezda","ZVE","143","MINUTE","3","0","0","16.75","KILOMETER","30.6","KILOMETER_PER_HOUR"
"250042717","5312","30","1995-10-09","23","Tete","NED","FULL_BACK","DEFENDER","MALE","173","./image/250042717.jpg","Kenny Tete","DEFENDER","2","Tete","95","","Pays-Bas","Défenseur","Kenny","Tete","Kenny Tete","Tete","200043","./assoc/200043_FRA.svg","./logo/5312.png","UEFA","FRA","5312","FAME","Lyon","","https://img.uefa.com/imgml/TP/teams/logos/70x70/5312.png","https://img.uefa.com/imgml/TP/teams/logos/240x240/5312.png","205312","LYO","DOMESTIC_MEN_TEAM_A","","DOMESTIC","France","Lyon","Olympique Lyonnais","LYO","142","MINUTE","5","0","0","18.46","KILOMETER","32","KILOMETER_PER_HOUR"
"250078025","61582","26","1998-10-22","30","Hagi","ROU","ATTACKING_MIDFIELDER","MIDFIELDER","MALE","","./image/250078025.jpg","Ianis Hagi","MIDFIELDER","10","Hagi","113","","Roumanie","Milieu","Ianis","Hagi","Ianis Hagi","Hagi","200013","./assoc/200013_BEL.svg","./logo/61582.png","UEFA","BEL","61582","FAME","Genk","","https://img.uefa.com/imgml/TP/teams/logos/70x70/61582.png","https://img.uefa.com/imgml/TP/teams/logos/240x240/61582.png","261582","GEN","DOMESTIC_MEN_TEAM_A","","DOMESTIC","Belgique","Genk","KRC Genk","GEN","139","MINUTE","5","0","0","18.57","KILOMETER","26.6","KILOMETER_PER_HOUR"
"108017","52826","37","1988-08-08","28","Smolnikov","RUS","FULL_BACK","DEFENDER","MALE","178","./image/108017.jpg","Igor Smolnikov","DEFENDER","19","Smolnikov","57451","70","Russie","Défenseur","Igor","Smolnikov","Igor Smolnikov","Smolnikov","257451","./assoc/257451_RUS.svg","./logo/52826.png","UEFA","RUS","52826","FAME","Zenit","","https://img.uefa.com/imgml/TP/teams/logos/70x70/52826.png","https://img.uefa.com/imgml/TP/teams/logos/240x240/52826.png","252826","ZEN","DOMESTIC_MEN_TEAM_A","","DOMESTIC","Russie","Zenit","FC Zenit","ZEN","138","MINUTE","3","0","0","16.22","KILOMETER","30.8","KILOMETER_PER_HOUR"
"250096954","50043","25","2000-02-16","20","Openda","BEL","STRIKER","FORWARD","MALE","","./image/250096954.jpg","Loïs Openda","FORWARD","9","Openda","13","","Belgique","Attaquant","Loïs","Openda","Loïs Openda","Openda","200013","./assoc/200013_BEL.svg","./logo/50043.png","UEFA","BEL","50043","FAME","Club Brugge","","https://img.uefa.com/imgml/TP/teams/logos/70x70/50043.png","https://img.uefa.com/imgml/TP/teams/logos/240x240/50043.png","250043","BRU","DOMESTIC_MEN_TEAM_A","","DOMESTIC","Belgique","Club Brugge","Club Brugge KV","BRU","137","MINUTE","4","0","0","15.08","KILOMETER","31","KILOMETER_PER_HOUR"
"250008489","52498","35","1990-09-01","11","Tecl","CZE","STRIKER","FORWARD","MALE","180","./image/250008489.jpg","Stanislav Tecl","FORWARD","18","Tecl","58837","","Tchéquie","Attaquant","Stanislav","Tecl","Stanislav Tecl","Tecl","258837","./assoc/258837_CZE.svg","./logo/52498.png","UEFA","CZE","52498","FAME","Slavia Praha","","https://img.uefa.com/imgml/TP/teams/logos/70x70/52498.png","https://img.uefa.com/imgml/TP/teams/logos/240x240/52498.png","252498","SLP","DOMESTIC_MEN_TEAM_A","","DOMESTIC","Tchéquie","Slavia Praha","SK Slavia Praha","SLA","137","MINUTE","3","0","0","18.94","KILOMETER","27","KILOMETER_PER_HOUR"
"250066886","50080","28","1997-05-15","10","O.DEMBÉLÉ","FRA","UNKNOWN","FORWARD","MALE","178","./image/250066886.jpg","Ousmane Dembélé","FORWARD","7","Dembele","43","67","France","Attaquant","Ousmane","Dembélé","Ousmane Dembélé","Dembélé","200122","./assoc/200122_ESP.svg","./logo/50080.png","UEFA","ESP","50080","FAME","Barcelona","","https://img.uefa.com/imgml/TP/teams/logos/70x70/50080.png","https://img.uefa.com/imgml/TP/teams/logos/240x240/50080.png","250080","BAR","DOMESTIC_MEN_TEAM_A","","DOMESTIC","Espagne","Barcelona","FC Barcelona","BAR","136","MINUTE","4","0","0","16.25","KILOMETER","32.4","KILOMETER_PER_HOUR"
"250091808","52707","26","1999-07-24","6","Solomon","ISR","WINGER","MIDFIELDER","MALE","","./image/250091808.jpg","Manor Solomon","MIDFIELDER","10","Solomon","65","","Israël","Milieu","Manor","Solomon","Manor Solomon","Solomon","257166","./assoc/257166_UKR.svg","./logo/52707.png","UEFA","UKR","52707","FAME","Shakhtar","","https://img.uefa.com/imgml/TP/teams/logos/70x70/52707.png","https://img.uefa.com/imgml/TP/teams/logos/240x240/52707.png","252707","SHK","DOMESTIC_MEN_TEAM_A","","DOMESTIC","Ukraine","Shakhtar","FC Shakhtar Donetsk","SHK","135","MINUTE","5","2","0","17.61","KILOMETER","28.6","KILOMETER_PER_HOUR"
"250111090","52826","32","1993-01-15","14","Kuzyaev","RUS","DEFENSIVE_MIDFIELDER","MIDFIELDER","MALE","","./image/250111090.jpg","Daler Kuzyaev","MIDFIELDER","23","Kuzyaev","57451","","Russie","Milieu","Daler","Kuzyaev","Daler Kuzyaev","Kuzyaev","257451","./assoc/257451_RUS.svg","./logo/52826.png","UEFA","RUS","52826","FAME","Zenit","","https://img.uefa.com/imgml/TP/teams/logos/70x70/52826.png","https://img.uefa.com/imgml/TP/teams/logos/240x240/52826.png","252826","ZEN","DOMESTIC_MEN_TEAM_A","","DOMESTIC","Russie","Zenit","FC Zenit","ZEN","135","MINUTE","4","0","0","19.25","KILOMETER","29.7","KILOMETER_PER_HOUR"
"250064380","50136","29","1996-09-06","13","Luperto","ITA","CENTRE_BACK","DEFENDER","MALE","191","./image/250064380.jpg","Sebastiano Luperto","DEFENDER","","Luperto","","","Italie","Défenseur","Sebastiano","Luperto","Sebastiano Luperto","Luperto","200066","./assoc/200066_ITA.svg","./logo/50136.png","UEFA","ITA","50136","FAME","Napoli","","https://img.uefa.com/imgml/TP/teams/logos/70x70/50136.png","https://img.uefa.com/imgml/TP/teams/logos/240x240/50136.png","250136","NAP","DOMESTIC_MEN_TEAM_A","","DOMESTIC","Italie","Napoli","SSC Napoli","NAP","135","MINUTE","2","0","0","14.38","KILOMETER","30.2","KILOMETER_PER_HOUR"
"250013997","50051","32","1993-02-27","23","Areola","FRA","GOALKEEPER","GOALKEEPER","MALE","191","./image/250013997.jpg","Alphonse Areola","GOALKEEPER","23","Areola","43","91","France","Gardien","Alphonse","Areola","Alphonse Areola","Areola","200122","./assoc/200122_ESP.svg","./logo/50051.png","UEFA","ESP","50051","FAME","Real Madrid","","https://img.uefa.com/imgml/TP/teams/logos/70x70/50051.png","https://img.uefa.com/imgml/TP/teams/logos/240x240/50051.png","250051","RMA","DOMESTIC_MEN_TEAM_A","","DOMESTIC","Espagne","Real Madrid","Real Madrid C.F.","RMA","135","MINUTE","2","0","0","8.2","KILOMETER","18.8","KILOMETER_PER_HOUR"
"1905813","52747","38","1987-02-14","21","Cavani","URU","STRIKER","FORWARD","MALE","184","./image/1905813.jpg","Edinson Cavani","FORWARD","21","Cavani","138","74","Uruguay","Attaquant","Edinson","Cavani","Edinson Cavani","Cavani","200043","./assoc/200043_FRA.svg","./logo/52747.png","UEFA","FRA","52747","FAME","Paris","","https://img.uefa.com/imgml/TP/teams/logos/70x70/52747.png","https://img.uefa.com/imgml/TP/teams/logos/240x240/52747.png","252747","PSG","DOMESTIC_MEN_TEAM_A","","DOMESTIC","France","Paris","Paris Saint-Germain","PSG","130","MINUTE","3","1","0","17.43","KILOMETER","30.4","KILOMETER_PER_HOUR"
"250091165","50143","26","1999-06-17","70","Lang","NED","WINGER","FORWARD","MALE","","./image/250091165.jpg","Noa Lang","FORWARD","17","Lang","95","","Pays-Bas","Attaquant","Noa","Lang","Noa Lang","Lang","200095","./assoc/200095_NED.svg","./logo/50143.png","UEFA","NED","50143","FAME","Ajax","","https://img.uefa.com/imgml/TP/teams/logos/70x70/50143.png","https://img.uefa.com/imgml/TP/teams/logos/240x240/50143.png","250143","AJX","DOMESTIC_MEN_TEAM_A","","DOMESTIC","Pays-Bas","Ajax","AFC Ajax","AJX","129","MINUTE","3","0","0","17.46","KILOMETER","30.2","KILOMETER_PER_HOUR"
"1904338","52747","36","1989-03-23","13","Choupo-Moting","CMR","UNKNOWN","MIDFIELDER","MALE","191","./image/1904338.jpg","Eric Maxim Choupo-Moting","FORWARD","13","Choupo-Moting","23","91","Cameroun","Milieu","Eric Maxim","Choupo-Moting","Eric Maxim Choupo-Moting","Choupo-Moting","200043","./assoc/200043_FRA.svg","./logo/52747.png","UEFA","FRA","52747","FAME","Paris","","https://img.uefa.com/imgml/TP/teams/logos/70x70/52747.png","https://img.uefa.com/imgml/TP/teams/logos/240x240/52747.png","252747","PSG","DOMESTIC_MEN_TEAM_A","","DOMESTIC","France","Paris","Paris Saint-Germain","PSG","126","MINUTE","6","1","0","14.73","KILOMETER","29.2","KILOMETER_PER_HOUR"
"250117705","50043","24","2001-03-10","17","De Ketelaere","BEL","CENTRAL_MIDFIELDER","FORWARD","MALE","","./image/250117705.jpg","Charles De Ketelaere","FORWARD","17","De Ketelaere","13","","Belgique","Attaquant","Charles","De Ketelaere","Charles De Ketelaere","De Ketelaere","200013","./assoc/200013_BEL.svg","./logo/50043.png","UEFA","BEL","50043","FAME","Club Brugge","","https://img.uefa.com/imgml/TP/teams/logos/70x70/50043.png","https://img.uefa.com/imgml/TP/teams/logos/240x240/50043.png","250043","BRU","DOMESTIC_MEN_TEAM_A","","DOMESTIC","Belgique","Club Brugge","Club Brugge KV","BRU","126","MINUTE","4","0","0","17.01","KILOMETER","29.5","KILOMETER_PER_HOUR"
"250075672","52919","42","1983-04-13","1","C. BRAVO","CHI","GOALKEEPER","GOALKEEPER","MALE","184","./image/250075672.jpg","Claudio Bravo","GOALKEEPER","1","C. Bravo","26","80","Chili","Gardien","Claudio","Bravo","Claudio Bravo","Bravo","200039","./assoc/200039_ENG.svg","./logo/52919.png","UEFA","ENG","52919","FAME","Man City","","https://img.uefa.com/imgml/TP/teams/logos/70x70/52919.png","https://img.uefa.com/imgml/TP/teams/logos/240x240/52919.png","252919","MCI","DOMESTIC_MEN_TEAM_A","","DOMESTIC","Angleterre","Man City","Manchester City","MCI","126","MINUTE","2","0","0","6.64","KILOMETER","15.3","KILOMETER_PER_HOUR"
"250121584","52268","24","2001-02-19","19","KANG IN","KOR","STRIKER","MIDFIELDER","MALE","","./image/250121584.jpg","Kang-in Lee","MIDFIELDER","18","KANG IN","74","","République de Corée","Milieu","Kang-in","Lee","Kang-in Lee","Lee","200122","./assoc/200122_ESP.svg","./logo/52268.png","UEFA","ESP","52268","FAME","Valencia","","https://img.uefa.com/imgml/TP/teams/logos/70x70/52268.png","https://img.uefa.com/imgml/TP/teams/logos/240x240/52268.png","252268","VAL","DOMESTIC_MEN_TEAM_A","","DOMESTIC","Espagne","Valencia","Valencia CF","VAL","125","MINUTE","5","0","0","16.75","KILOMETER","28.8","KILOMETER_PER_HOUR"
"64257","52919","39","1986-01-08","21","Silva","ESP","ATTACKING_MIDFIELDER","MIDFIELDER","MALE","173","./image/64257.jpg","David Silva","MIDFIELDER","21","Silva","122","67","Espagne","Milieu","","David Silva","David Silva","David Silva","200039","./assoc/200039_ENG.svg","./logo/52919.png","UEFA","ENG","52919","FAME","Man City","","https://img.uefa.com/imgml/TP/teams/logos/70x70/52919.png","https://img.uefa.com/imgml/TP/teams/logos/240x240/52919.png","252919","MCI","DOMESTIC_MEN_TEAM_A","","DOMESTIC","Angleterre","Man City","Manchester City","MCI","124","MINUTE","4","0","0","16.25","KILOMETER","27.9","KILOMETER_PER_HOUR"
"250063447","50147","32","1993-05-17","27","Rafa","POR","STRIKER","MIDFIELDER","MALE","170","./image/250063447.jpg","Rafa Silva","FORWARD","15","Rafa","110","63","Portugal","Milieu","","Rafa Silva","Rafa Silva","Rafa Silva","200110","./assoc/200110_POR.svg","./logo/50147.png","UEFA","POR","50147","FAME","Benfica","","https://img.uefa.com/imgml/TP/teams/logos/70x70/50147.png","https://img.uefa.com/imgml/TP/teams/logos/240x240/50147.png","250147","BEN","DOMESTIC_MEN_TEAM_A","","DOMESTIC","Portugal","Benfica","SL Benfica","BEN","124","MINUTE","3","1","1","15.2","KILOMETER","32.21","KILOMETER_PER_HOUR"
"250058218","75797","28","1997-08-18","8","R. SANCHES","POR","CENTRAL_MIDFIELDER","MIDFIELDER","MALE","176","./image/250058218.jpg","Renato Sanches","MIDFIELDER","16","R. Sanches","110","70","Portugal","Milieu","","Renato Sanches","Renato Sanches","Renato Sanches","200043","./assoc/200043_FRA.svg","./logo/75797.png","UEFA","FRA","75797","FAME","Lille","","https://img.uefa.com/imgml/TP/teams/logos/70x70/75797.png","https://img.uefa.com/imgml/TP/teams/logos/240x240/75797.png","275797","LIL","DOMESTIC_MEN_TEAM_A","","DOMESTIC","France","Lille","LOSC Lille","LIL","121","MINUTE","5","0","0","17.04","KILOMETER","29.2","KILOMETER_PER_HOUR"
"250024397","50147","30","1994-10-17","11","R. De Tomás","ESP","STRIKER","FORWARD","MALE","179","./image/250024397.jpg","Raúl de Tomás","FORWARD","12","Raúl de Tomás","122","","Espagne","Attaquant","Raúl","De Tomás","Raúl de Tomás","De Tomás","200110","./assoc/200110_POR.svg","./logo/50147.png","UEFA","POR","50147","FAME","Benfica","","https://img.uefa.com/imgml/TP/teams/logos/70x70/50147.png","https://img.uefa.com/imgml/TP/teams/logos/240x240/50147.png","250147","BEN","DOMESTIC_MEN_TEAM_A","","DOMESTIC","Portugal","Benfica","SL Benfica","BEN","120","MINUTE","4","1","0","14.7","KILOMETER","27.2","KILOMETER_PER_HOUR"
"1906421","50124","33","1992-01-10","2","Vrsaljko","CRO","FULL_BACK","DEFENDER","MALE","183","./image/1906421.jpg","Šime Vrsaljko","DEFENDER","2","Vrsaljko","56370","75","Croatie","Défenseur","Šime","Vrsaljko","Šime Vrsaljko","Vrsaljko","200122","./assoc/200122_ESP.svg","./logo/50124.png","UEFA","ESP","50124","FAME","Atleti","","https://img.uefa.com/imgml/TP/teams/logos/70x70/50124.png","https://img.uefa.com/imgml/TP/teams/logos/240x240/50124.png","250124","ATM","DOMESTIC_MEN_TEAM_A","","DOMESTIC","Espagne","Atleti","Atlético de Madrid","ATM","120","MINUTE","2","0","0","13.99","KILOMETER","29.2","KILOMETER_PER_HOUR"
"250058244","50051","27","1997-12-23","9","JOVIC","SRB","STRIKER","FORWARD","MALE","","./image/250058244.jpg","Luka Jović","FORWARD","8","Jović","147","","Serbie","Attaquant","Luka","Jović","Luka Jović","Jović","200122","./assoc/200122_ESP.svg","./logo/50051.png","UEFA","ESP","50051","FAME","Real Madrid","","https://img.uefa.com/imgml/TP/teams/logos/70x70/50051.png","https://img.uefa.com/imgml/TP/teams/logos/240x240/50051.png","250051","RMA","DOMESTIC_MEN_TEAM_A","","DOMESTIC","Espagne","Real Madrid","Real Madrid C.F.","RMA","118","MINUTE","5","0","0","15.7","KILOMETER","29.5","KILOMETER_PER_HOUR"
"1907958","61582","34","1991-06-14","77","NDONGALA","COD","WINGER","FORWARD","MALE","170","./image/1907958.jpg","Dieumerci Ndongala","FORWARD","","Ndongala","200013","60","RD Congo","Attaquant","Dieumerci","Ndongala","Dieumerci Ndongala","Ndongala","200013","./assoc/200013_BEL.svg","./logo/61582.png","UEFA","BEL","61582","FAME","Genk","","https://img.uefa.com/imgml/TP/teams/logos/70x70/61582.png","https://img.uefa.com/imgml/TP/teams/logos/240x240/61582.png","261582","GEN","DOMESTIC_MEN_TEAM_A","","DOMESTIC","Belgique","Genk","KRC Genk","GEN","118","MINUTE","3","0","1","14","KILOMETER","28.8","KILOMETER_PER_HOUR"
"250131915","75797","30","1994-11-10","8","XEKA","POR","CENTRAL_MIDFIELDER","MIDFIELDER","MALE","","./image/250131915.jpg","Xeka","MIDFIELDER","","da Silva Rocha","","","Portugal","Milieu","","Xeka","Xeka","Xeka","200043","./assoc/200043_FRA.svg","./logo/75797.png","UEFA","FRA","75797","FAME","Lille","","https://img.uefa.com/imgml/TP/teams/logos/70x70/75797.png","https://img.uefa.com/imgml/TP/teams/logos/240x240/75797.png","275797","LIL","DOMESTIC_MEN_TEAM_A","","DOMESTIC","France","Lille","LOSC Lille","LIL","118","MINUTE","3","0","0","16.14","KILOMETER","29","KILOMETER_PER_HOUR"
"250062154","50124","35","1989-11-02","20","VITOLO","ESP","WINGER","MIDFIELDER","MALE","183","./image/250062154.jpg","Vitolo","MIDFIELDER","11","Vitolo","122","79","Espagne","Milieu","","Vitolo","Vitolo","Vitolo","200122","./assoc/200122_ESP.svg","./logo/50124.png","UEFA","ESP","50124","FAME","Atleti","","https://img.uefa.com/imgml/TP/teams/logos/70x70/50124.png","https://img.uefa.com/imgml/TP/teams/logos/240x240/50124.png","250124","ATM","DOMESTIC_MEN_TEAM_A","","DOMESTIC","Espagne","Atleti","Atlético de Madrid","ATM","117","MINUTE","4","0","0","16.72","KILOMETER","29.7","KILOMETER_PER_HOUR"
"102225","50051","36","1989-07-16","18","BALE","WAL","STRIKER","FORWARD","MALE","183","./image/102225.jpg","Gareth Bale","FORWARD","11","Bale","144","74","Pays de Galles","Attaquant","Gareth","Bale","Gareth Bale","Bale","200122","./assoc/200122_ESP.svg","./logo/50051.png","UEFA","ESP","50051","FAME","Real Madrid","","https://img.uefa.com/imgml/TP/teams/logos/70x70/50051.png","https://img.uefa.com/imgml/TP/teams/logos/240x240/50051.png","250051","RMA","DOMESTIC_MEN_TEAM_A","","DOMESTIC","Espagne","Real Madrid","Real Madrid C.F.","RMA","116","MINUTE","3","0","0","13.01","KILOMETER","32.21","KILOMETER_PER_HOUR"
"250099054","50109","28","1997-08-09","31","BAILEY","JAM","WINGER","FORWARD","MALE","165","./image/250099054.jpg","Leon Bailey","MIDFIELDER","","Bailey","","63","Jamaïque","Attaquant","Leon","Bailey","Leon Bailey","Bailey","200047","./assoc/200047_GER.svg","./logo/50109.png","UEFA","GER","50109","FAME","Leverkusen","","https://img.uefa.com/imgml/TP/teams/logos/70x70/50109.png","https://img.uefa.com/imgml/TP/teams/logos/240x240/50109.png","250109","LEV","DOMESTIC_MEN_TEAM_A","","DOMESTIC","Allemagne","Leverkusen","Bayer 04 Leverkusen","LEV","114","MINUTE","3","0","0","13.77","KILOMETER","29.5","KILOMETER_PER_HOUR"
"250056861","52919","28","1996-12-15","35","Zinchenko","UKR","FULL_BACK","DEFENDER","MALE","175","./image/250056861.jpg","Oleksandr Zinchenko","DEFENDER","17","Zinchenko","57166","61","Ukraine","Défenseur","Oleksandr","Zinchenko","Oleksandr Zinchenko","Zinchenko","200039","./assoc/200039_ENG.svg","./logo/52919.png","UEFA","ENG","52919","FAME","Man City","","https://img.uefa.com/imgml/TP/teams/logos/70x70/52919.png","https://img.uefa.com/imgml/TP/teams/logos/240x240/52919.png","252919","MCI","DOMESTIC_MEN_TEAM_A","","DOMESTIC","Angleterre","Man City","Manchester City","MCI","114","MINUTE","2","0","0","15.06","KILOMETER","28.4","KILOMETER_PER_HOUR"
"250007584","52758","32","1993-08-30","9","Paco Alcácer","ESP","STRIKER","FORWARD","MALE","176","./image/250007584.jpg","Paco Alcácer","FORWARD","9","Paco Alcácer","122","71","Espagne","Attaquant","Paco","Alcácer","Paco Alcácer","Alcácer","200047","./assoc/200047_GER.svg","./logo/52758.png","UEFA","GER","52758","FAME","B. Dortmund","","https://img.uefa.com/imgml/TP/teams/logos/70x70/52758.png","https://img.uefa.com/imgml/TP/teams/logos/240x240/52758.png","252758","BVB","DOMESTIC_MEN_TEAM_A","","DOMESTIC","Allemagne","B. Dortmund","Borussia Dortmund","BVB","113","MINUTE","2","0","1","12.08","KILOMETER","30.8","KILOMETER_PER_HOUR"
"250091013","2603790","26","1999-05-25","5","Konaté","FRA","CENTRE_BACK","DEFENDER","MALE","","./image/250091013.jpg","Ibrahima Konaté","DEFENDER","15","Konate","43","","France","Défenseur","Ibrahima","Konaté","Ibrahima Konaté","Konaté","200047","./assoc/200047_GER.svg","./logo/2603790.png","UEFA","GER","2603790","FAME","Leipzig","","https://img.uefa.com/imgml/TP/teams/logos/70x70/2603790.png","https://img.uefa.com/imgml/TP/teams/logos/240x240/2603790.png","250002563","RBL","DOMESTIC_MEN_TEAM_A","","DOMESTIC","Allemagne","Leipzig","RB Leipzig","RBL","113","MINUTE","2","0","0","11.68","KILOMETER","27","KILOMETER_PER_HOUR"
"250117471","50080","22","2002-10-31","31","ANSU FATI","ESP","UNKNOWN","FORWARD","MALE","","./image/250117471.jpg","Ansu Fati","FORWARD","17","Ansu Fati","122","","Espagne","Attaquant","Ansu","Fati","Ansu Fati","Fati","200122","./assoc/200122_ESP.svg","./logo/50080.png","UEFA","ESP","50080","FAME","Barcelona","","https://img.uefa.com/imgml/TP/teams/logos/70x70/50080.png","https://img.uefa.com/imgml/TP/teams/logos/240x240/50080.png","250080","BAR","DOMESTIC_MEN_TEAM_A","","DOMESTIC","Espagne","Barcelona","FC Barcelona","BAR","112","MINUTE","5","1","0","15.33","KILOMETER","29.5","KILOMETER_PER_HOUR"
"250026229","52498","33","1992-08-20","30","Zelený","CZE","FULL_BACK","DEFENDER","MALE","","./image/250026229.jpg","Jaroslav Zelený","DEFENDER","20","Zelený","58837","","Tchéquie","Défenseur","Jaroslav","Zelený","Jaroslav Zelený","Zelený","258837","./assoc/258837_CZE.svg","./logo/52498.png","UEFA","CZE","52498","FAME","Slavia Praha","","https://img.uefa.com/imgml/TP/teams/logos/70x70/52498.png","https://img.uefa.com/imgml/TP/teams/logos/240x240/52498.png","252498","SLP","DOMESTIC_MEN_TEAM_A","","DOMESTIC","Tchéquie","Slavia Praha","SK Slavia Praha","SLA","109","MINUTE","4","0","1","17.57","KILOMETER","29.7","KILOMETER_PER_HOUR"
"250065455","50067","28","1997-07-24","99","EMRE","TUR","STRIKER","MIDFIELDER","MALE","168","./image/250065455.jpg","Emre Mor","FORWARD","21","EMRE","135","63","Turquie","Milieu","","Emre Mor","Emre Mor","Emre Mor","200135","./assoc/200135_TUR.svg","./logo/50067.png","UEFA","TUR","50067","FAME","Galatasaray","","https://img.uefa.com/imgml/TP/teams/logos/70x70/50067.png","https://img.uefa.com/imgml/TP/teams/logos/240x240/50067.png","250067","GAL","DOMESTIC_MEN_TEAM_A","","DOMESTIC","Turquie","Galatasaray","Galatasaray A.Ş.","GAL","109","MINUTE","4","0","0","13.33","KILOMETER","32","KILOMETER_PER_HOUR"
"250054952","52747","29","1996-05-04","37","Diallo","SEN","UNKNOWN","DEFENDER","MALE","183","./image/250054952.jpg","Abdou Diallo","DEFENDER","22","Diallo","118","72","Sénégal","Défenseur","Abdou","Diallo","Abdou Diallo","Diallo","200043","./assoc/200043_FRA.svg","./logo/52747.png","UEFA","FRA","52747","FAME","Paris","","https://img.uefa.com/imgml/TP/teams/logos/70x70/52747.png","https://img.uefa.com/imgml/TP/teams/logos/240x240/52747.png","252747","PSG","DOMESTIC_MEN_TEAM_A","","DOMESTIC","France","Paris","Paris Saint-Germain","PSG","109","MINUTE","3","0","0","11.74","KILOMETER","30.8","KILOMETER_PER_HOUR"
"250064469","50037","29","1995-12-14","2","Odriozola","ESP","FULL_BACK","DEFENDER","MALE","","./image/250064469.jpg","Álvaro Odriozola","DEFENDER","21","Odriozola","122","","Espagne","Défenseur","Álvaro","Odriozola","Álvaro Odriozola","Odriozola","200047","./assoc/200047_GER.svg","./logo/50037.png","UEFA","GER","50037","FAME","Bayern München","","https://img.uefa.com/imgml/TP/teams/logos/70x70/50037.png","https://img.uefa.com/imgml/TP/teams/logos/240x240/50037.png","250037","BAY","DOMESTIC_MEN_TEAM_A","","DOMESTIC","Allemagne","Bayern München","FC Bayern München","BAY","109","MINUTE","2","0","2","14.12","KILOMETER","30.6","KILOMETER_PER_HOUR"
"250112380","50143","25","1999-11-26","3","Schuurs","NED","CENTRE_BACK","DEFENDER","MALE","","./image/250112380.jpg","Perr Schuurs","DEFENDER","14","Schuurs","95","","Pays-Bas","Défenseur","Perr","Schuurs","Perr Schuurs","Schuurs","200095","./assoc/200095_NED.svg","./logo/50143.png","UEFA","NED","50143","FAME","Ajax","","https://img.uefa.com/imgml/TP/teams/logos/70x70/50143.png","https://img.uefa.com/imgml/TP/teams/logos/240x240/50143.png","250143","AJX","DOMESTIC_MEN_TEAM_A","","DOMESTIC","Pays-Bas","Ajax","AFC Ajax","AJX","108","MINUTE","2","0","0","12.75","KILOMETER","30.4","KILOMETER_PER_HOUR"
"105575","2610","41","1984-09-28","28","Valbuena","FRA","WINGER","MIDFIELDER","MALE","167","./image/105575.jpg","Mathieu Valbuena","MIDFIELDER","8","Valbuena","43","58","France","Milieu","Mathieu","Valbuena","Mathieu Valbuena","Valbuena","200049","./assoc/200049_GRE.svg","./logo/2610.png","UEFA","GRE","2610","FAME","Olympiacos","","https://img.uefa.com/imgml/TP/teams/logos/70x70/2610.png","https://img.uefa.com/imgml/TP/teams/logos/240x240/2610.png","202610","OLY","DOMESTIC_MEN_TEAM_A","","DOMESTIC","Grèce","Olympiacos","Olympiacos FC","OLY","104","MINUTE","3","1","1","13.08","KILOMETER","26.8","KILOMETER_PER_HOUR"
"250052849","50069","32","1993-09-13","4","Ivanić","MNE","ATTACKING_MIDFIELDER","MIDFIELDER","MALE","","./image/250052849.jpg","Mirko Ivanić","MIDFIELDER","20","Ivanić","92853","","Monténégro","Milieu","Mirko","Ivanić","Mirko Ivanić","Ivanić","200147","./assoc/200147_SRB.svg","./logo/50069.png","UEFA","SRB","50069","FAME","Crvena Zvezda","","https://img.uefa.com/imgml/TP/teams/logos/70x70/50069.png","https://img.uefa.com/imgml/TP/teams/logos/240x240/50069.png","250069","ZVE","DOMESTIC_MEN_TEAM_A","","DOMESTIC","Serbie","Crvena Zvezda","FK Crvena Zvezda","ZVE","104","MINUTE","2","0","0","12.35","KILOMETER","29.2","KILOMETER_PER_HOUR"
"250091841","50136","26","1999-09-24","20","Elmas","MKD","CENTRAL_MIDFIELDER","MIDFIELDER","MALE","","./image/250091841.jpg","Eljif Elmas","MIDFIELDER","7","Elmas","59205","","Macédoine du Nord","Milieu","Eljif","Elmas","Eljif Elmas","Elmas","200066","./assoc/200066_ITA.svg","./logo/50136.png","UEFA","ITA","50136","FAME","Napoli","","https://img.uefa.com/imgml/TP/teams/logos/70x70/50136.png","https://img.uefa.com/imgml/TP/teams/logos/240x240/50136.png","250136","NAP","DOMESTIC_MEN_TEAM_A","","DOMESTIC","Italie","Napoli","SSC Napoli","NAP","103","MINUTE","5","0","0","15.45","KILOMETER","30.6","KILOMETER_PER_HOUR"
"250134369","2610","26","1999-09-03","22","Lovera","ARG","ATTACKING_MIDFIELDER","MIDFIELDER","MALE","","./image/250134369.jpg","Maximiliano Lovera","MIDFIELDER","","Lovera","","","Argentine","Milieu","Maximiliano","Lovera","Maximiliano Lovera","Lovera","200049","./assoc/200049_GRE.svg","./logo/2610.png","UEFA","GRE","2610","FAME","Olympiacos","","https://img.uefa.com/imgml/TP/teams/logos/70x70/2610.png","https://img.uefa.com/imgml/TP/teams/logos/240x240/2610.png","202610","OLY","DOMESTIC_MEN_TEAM_A","","DOMESTIC","Grèce","Olympiacos","Olympiacos FC","OLY","102","MINUTE","3","0","1","13.03","KILOMETER","27.4","KILOMETER_PER_HOUR"
"250098468","50164","26","1998-11-26","18","Ivanušec","CRO","ATTACKING_MIDFIELDER","FORWARD","MALE","","./image/250098468.jpg","Luka Ivanušec","FORWARD","18","Ivanušec","56370","","Croatie","Attaquant","Luka","Ivanušec","Luka Ivanušec","Ivanušec","256370","./assoc/256370_CRO.svg","./logo/50164.png","UEFA","CRO","50164","FAME","GNK Dinamo","","https://img.uefa.com/imgml/TP/teams/logos/70x70/50164.png","https://img.uefa.com/imgml/TP/teams/logos/240x240/50164.png","250164","DIN","DOMESTIC_MEN_TEAM_A","","DOMESTIC","Croatie","GNK Dinamo","GNK Dinamo","DIN","100","MINUTE","4","1","0","13.87","KILOMETER","28.4","KILOMETER_PER_HOUR"
"250052757","50138","29","1996-03-24","22","Lazaro","AUT","WINGER","MIDFIELDER","MALE","180","./image/250052757.jpg","Valentino Lázaro","MIDFIELDER","22","Lázaro","8","73","Autriche","Milieu","Valentino","Lázaro","Valentino Lázaro","Lázaro","200066","./assoc/200066_ITA.svg","./logo/50138.png","UEFA","ITA","50138","FAME","Inter","","https://img.uefa.com/imgml/TP/teams/logos/70x70/50138.png","https://img.uefa.com/imgml/TP/teams/logos/240x240/50138.png","250138","INT","DOMESTIC_MEN_TEAM_A","","DOMESTIC","Italie","Inter","FC Internazionale Milano","INT","100","MINUTE","4","0","1","13.66","KILOMETER","30.4","KILOMETER_PER_HOUR"
"250040521","50051","34","1991-07-01","21","Lucas V.","ESP","STRIKER","DEFENDER","MALE","173","./image/250040521.jpg","Lucas Vázquez","MIDFIELDER","19","Lucas V.","122","70","Espagne","Défenseur","","Lucas Vázquez","Lucas Vázquez","Lucas Vázquez","200122","./assoc/200122_ESP.svg","./logo/50051.png","UEFA","ESP","50051","FAME","Real Madrid","","https://img.uefa.com/imgml/TP/teams/logos/70x70/50051.png","https://img.uefa.com/imgml/TP/teams/logos/240x240/50051.png","250051","RMA","DOMESTIC_MEN_TEAM_A","","DOMESTIC","Espagne","Real Madrid","Real Madrid C.F.","RMA","100","MINUTE","4","0","0","14.07","KILOMETER","27.9","KILOMETER_PER_HOUR"
"250075703","50109","30","1995-07-04","22","Sinkgraven","NED","FULL_BACK","DEFENDER","MALE","179","./image/250075703.jpg","Daley Sinkgraven","DEFENDER","","Sinkgraven","200095","64","Pays-Bas","Défenseur","Daley","Sinkgraven","Daley Sinkgraven","Sinkgraven","200047","./assoc/200047_GER.svg","./logo/50109.png","UEFA","GER","50109","FAME","Leverkusen","","https://img.uefa.com/imgml/TP/teams/logos/70x70/50109.png","https://img.uefa.com/imgml/TP/teams/logos/240x240/50109.png","250109","LEV","DOMESTIC_MEN_TEAM_A","","DOMESTIC","Allemagne","Leverkusen","Bayer 04 Leverkusen","LEV","100","MINUTE","2","0","0","12.07","KILOMETER","29.7","KILOMETER_PER_HOUR"
"250076626","50109","27","1998-08-09","45","Retsos","GRE","CENTRE_BACK","DEFENDER","MALE","","./image/250076626.jpg","Panagiotis Retsos","DEFENDER","5","Retsos","49","","Grèce","Défenseur","Panagiotis","Retsos","Panagiotis Retsos","Retsos","200047","./assoc/200047_GER.svg","./logo/50109.png","UEFA","GER","50109","FAME","Leverkusen","","https://img.uefa.com/imgml/TP/teams/logos/70x70/50109.png","https://img.uefa.com/imgml/TP/teams/logos/240x240/50109.png","250109","LEV","DOMESTIC_MEN_TEAM_A","","DOMESTIC","Allemagne","Leverkusen","Bayer 04 Leverkusen","LEV","99","MINUTE","2","0","0","13.09","KILOMETER","28.1","KILOMETER_PER_HOUR"
"250050381","50136","32","1993-08-03","21","Politano","ITA","WINGER","FORWARD","MALE","171","./image/250050381.jpg","Matteo Politano","FORWARD","7","Politano","66","65","Italie","Attaquant","Matteo","Politano","Matteo Politano","Politano","200066","./assoc/200066_ITA.svg","./logo/50136.png","UEFA","ITA","50136","FAME","Napoli","","https://img.uefa.com/imgml/TP/teams/logos/70x70/50136.png","https://img.uefa.com/imgml/TP/teams/logos/240x240/50136.png","250136","NAP","DOMESTIC_MEN_TEAM_A","","DOMESTIC","Italie","Napoli","SSC Napoli","NAP","98","MINUTE","6","0","0","15.56","KILOMETER","29.7","KILOMETER_PER_HOUR"
"250002701","52914","38","1987-07-28","9","Pedro","ESP","WINGER","FORWARD","MALE","167","./image/250002701.jpg","Pedro Rodríguez","MIDFIELDER","11","Pedro","122","62","Espagne","Attaquant","","Pedro Rodríguez","Pedro Rodríguez","Pedro Rodríguez","200039","./assoc/200039_ENG.svg","./logo/52914.png","UEFA","ENG","52914","FAME","Chelsea","","https://img.uefa.com/imgml/TP/teams/logos/70x70/52914.png","https://img.uefa.com/imgml/TP/teams/logos/240x240/52914.png","252914","CHE","DOMESTIC_MEN_TEAM_A","","DOMESTIC","Angleterre","Chelsea","Chelsea FC","CHE","96","MINUTE","3","0","0","12.93","KILOMETER","29.9","KILOMETER_PER_HOUR"
"1909713","50109","34","1991-03-06","15","Dragović","AUT","CENTRE_BACK","DEFENDER","MALE","184","./image/1909713.jpg","Aleksandar Dragović","DEFENDER","3","Dragović","8","76","Autriche","Défenseur","Aleksandar","Dragović","Aleksandar Dragović","Dragović","200047","./assoc/200047_GER.svg","./logo/50109.png","UEFA","GER","50109","FAME","Leverkusen","","https://img.uefa.com/imgml/TP/teams/logos/70x70/50109.png","https://img.uefa.com/imgml/TP/teams/logos/240x240/50109.png","250109","LEV","DOMESTIC_MEN_TEAM_A","","DOMESTIC","Allemagne","Leverkusen","Bayer 04 Leverkusen","LEV","93","MINUTE","3","0","0","11.62","KILOMETER","28.4","KILOMETER_PER_HOUR"
"98512","50067","38","1987-08-30","7","Adem Büyük","TUR","STRIKER","FORWARD","MALE","177","./image/98512.jpg","Adem Büyük","FORWARD","13","ADEM","","78","Turquie","Attaquant","","Adem Büyük","Adem Büyük","Adem Büyük","200135","./assoc/200135_TUR.svg","./logo/50067.png","UEFA","TUR","50067","FAME","Galatasaray","","https://img.uefa.com/imgml/TP/teams/logos/70x70/50067.png","https://img.uefa.com/imgml/TP/teams/logos/240x240/50067.png","250067","GAL","DOMESTIC_MEN_TEAM_A","","DOMESTIC","Turquie","Galatasaray","Galatasaray A.Ş.","GAL","92","MINUTE","2","1","0","10.64","KILOMETER","26.3","KILOMETER_PER_HOUR"
"250118430","50080","27","1998-10-04","18","Wague","SEN","FULL_BACK","DEFENDER","MALE","","./image/250118430.jpg","Moussa Wagué","DEFENDER","","Wagué","118","","Sénégal","Défenseur","Moussa","Wagué","Moussa Wagué","Wagué","200122","./assoc/200122_ESP.svg","./logo/50080.png","UEFA","ESP","50080","FAME","Barcelona","","https://img.uefa.com/imgml/TP/teams/logos/70x70/50080.png","https://img.uefa.com/imgml/TP/teams/logos/240x240/50080.png","250080","BAR","DOMESTIC_MEN_TEAM_A","","DOMESTIC","Espagne","Barcelona","FC Barcelona","BAR","91","MINUTE","2","0","0","11.36","KILOMETER","29.2","KILOMETER_PER_HOUR"
"250003745","52268","34","1991-02-13","4","MANGALA","FRA","CENTRE_BACK","DEFENDER","MALE","188","./image/250003745.jpg","Eliaquim Mangala","DEFENDER","22","Mangala","43","84","France","Défenseur","Eliaquim","Mangala","Eliaquim Mangala","Mangala","200122","./assoc/200122_ESP.svg","./logo/52268.png","UEFA","ESP","52268","FAME","Valencia","","https://img.uefa.com/imgml/TP/teams/logos/70x70/52268.png","https://img.uefa.com/imgml/TP/teams/logos/240x240/52268.png","252268","VAL","DOMESTIC_MEN_TEAM_A","","DOMESTIC","Espagne","Valencia","Valencia CF","VAL","91","MINUTE","2","0","0","10.35","KILOMETER","30.6","KILOMETER_PER_HOUR"
"250078657","52498","29","1996-07-15","24","Takács","CZE","UNKNOWN","DEFENDER","MALE","","./image/250078657.jpg","Ladislav Takács","DEFENDER","11","Takács","58837","","Tchéquie","Défenseur","Ladislav","Takács","Ladislav Takács","Takács","258837","./assoc/258837_CZE.svg","./logo/52498.png","UEFA","CZE","52498","FAME","Slavia Praha","","https://img.uefa.com/imgml/TP/teams/logos/70x70/52498.png","https://img.uefa.com/imgml/TP/teams/logos/240x240/52498.png","252498","SLP","DOMESTIC_MEN_TEAM_A","","DOMESTIC","Tchéquie","Slavia Praha","SK Slavia Praha","SLA","90","MINUTE","2","0","0","11.37","KILOMETER","27","KILOMETER_PER_HOUR"
"250101476","52747","27","1998-09-09","17","DAGBA","FRA","UNKNOWN","","MALE","","./image/250101476.jpg","Colin Dagba","DEFENDER","13","Dagba","200043","","France","","Colin","Dagba","Colin Dagba","Dagba","200043","./assoc/200043_FRA.svg","./logo/52747.png","UEFA","FRA","52747","FAME","Paris","","https://img.uefa.com/imgml/TP/teams/logos/70x70/52747.png","https://img.uefa.com/imgml/TP/teams/logos/240x240/52747.png","252747","PSG","DOMESTIC_MEN_TEAM_A","","DOMESTIC","France","Paris","Paris Saint-Germain","PSG","90","MINUTE","1","0","1","10.62","KILOMETER","30.4","KILOMETER_PER_HOUR"
"250138946","5312","27","1997-11-15","","","ESP","","MIDFIELDER","","","./image/250138946.jpg","Bruno Guimarães","","","","","","Espagne","Milieu","","Bruno Guimarães","Bruno Guimarães","Bruno Guimarães","200043","./assoc/200043_FRA.svg","./logo/5312.png","UEFA","FRA","5312","FAME","Lyon","","https://img.uefa.com/imgml/TP/teams/logos/70x70/5312.png","https://img.uefa.com/imgml/TP/teams/logos/240x240/5312.png","205312","LYO","DOMESTIC_MEN_TEAM_A","","DOMESTIC","France","Lyon","Olympique Lyonnais","LYO","90","MINUTE","1","0","0","12.71","KILOMETER","26.1","KILOMETER_PER_HOUR"
"250040959","50124","32","1993-09-04","21","CARRASCO","BEL","WINGER","FORWARD","MALE","180","./image/250040959.jpg","Yannick Carrasco","FORWARD","11","Carrasco","13","67","Belgique","Attaquant","Yannick","Carrasco","Yannick Carrasco","Carrasco","200122","./assoc/200122_ESP.svg","./logo/50124.png","UEFA","ESP","50124","FAME","Atleti","","https://img.uefa.com/imgml/TP/teams/logos/70x70/50124.png","https://img.uefa.com/imgml/TP/teams/logos/240x240/50124.png","250124","ATM","DOMESTIC_MEN_TEAM_A","","DOMESTIC","Espagne","Atleti","Atlético de Madrid","ATM","90","MINUTE","1","0","0","12.63","KILOMETER","29.2","KILOMETER_PER_HOUR"
"250087430","50030","26","1999-05-26","10","Bernede","FRA","CENTRAL_MIDFIELDER","MIDFIELDER","MALE","","./image/250087430.jpg","Antoine Bernède","MIDFIELDER","11","Bernede","300043","","France","Milieu","Antoine","Bernède","Antoine Bernède","Bernède","200008","./assoc/200008_AUT.svg","./logo/50030.png","UEFA","AUT","50030","FAME","Salzburg","","https://img.uefa.com/imgml/TP/teams/logos/70x70/50030.png","https://img.uefa.com/imgml/TP/teams/logos/240x240/50030.png","250030","SAL","DOMESTIC_MEN_TEAM_A","","DOMESTIC","Autriche","Salzburg","FC Salzburg","SAL","90","MINUTE","1","0","0","11.96","KILOMETER","25.4","KILOMETER_PER_HOUR"
"250065302","50080","27","1998-01-05","6","Aleña","ESP","UNKNOWN","MIDFIELDER","MALE","180","./image/250065302.jpg","Carles Aleñá","MIDFIELDER","6","Aleñà Castillo","200122","74","Espagne","Milieu","Carles","Aleñá","Carles Aleñá","Aleñá","200122","./assoc/200122_ESP.svg","./logo/50080.png","UEFA","ESP","50080","FAME","Barcelona","","https://img.uefa.com/imgml/TP/teams/logos/70x70/50080.png","https://img.uefa.com/imgml/TP/teams/logos/240x240/50080.png","250080","BAR","DOMESTIC_MEN_TEAM_A","","DOMESTIC","Espagne","Barcelona","FC Barcelona","BAR","90","MINUTE","1","0","0","11.02","KILOMETER","26.3","KILOMETER_PER_HOUR"
"250005487","50147","35","1990-09-10","34","A. ALMEIDA","POR","FULL_BACK","DEFENDER","MALE","186","./image/250005487.jpg","André Almeida","DEFENDER","2","A.Almeida","110","75","Portugal","Défenseur","","André Almeida","André Almeida","André Almeida","200110","./assoc/200110_POR.svg","./logo/50147.png","UEFA","POR","50147","FAME","Benfica","","https://img.uefa.com/imgml/TP/teams/logos/70x70/50147.png","https://img.uefa.com/imgml/TP/teams/logos/240x240/50147.png","250147","BEN","DOMESTIC_MEN_TEAM_A","","DOMESTIC","Portugal","Benfica","SL Benfica","BEN","90","MINUTE","1","0","0","11.01","KILOMETER","29.9","KILOMETER_PER_HOUR"
"250090737","1652","28","1997-04-13","16","Walker-Peters","ENG","FULL_BACK","DEFENDER","MALE","","./image/250090737.jpg","Kyle Walker-Peters","DEFENDER","18","Walker-Peters","39","","Angleterre","Défenseur","Kyle","Walker-Peters","Kyle Walker-Peters","Walker-Peters","200039","./assoc/200039_ENG.svg","./logo/1652.png","UEFA","ENG","1652","FAME","Tottenham","","https://img.uefa.com/imgml/TP/teams/logos/70x70/1652.png","https://img.uefa.com/imgml/TP/teams/logos/240x240/1652.png","201652","TOT","DOMESTIC_MEN_TEAM_A","","DOMESTIC","Angleterre","Tottenham","Tottenham Hotspur","TOT","90","MINUTE","1","0","0","10.93","KILOMETER","29","KILOMETER_PER_HOUR"
"250066551","1652","28","1997-10-08","7","Bergwijn","NED","UNKNOWN","FORWARD","MALE","171","./image/250066551.jpg","Steven Bergwijn","FORWARD","25","Bergwijn","95","74","Pays-Bas","Attaquant","Steven","Bergwijn","Steven Bergwijn","Bergwijn","200039","./assoc/200039_ENG.svg","./logo/1652.png","UEFA","ENG","1652","FAME","Tottenham","","https://img.uefa.com/imgml/TP/teams/logos/70x70/1652.png","https://img.uefa.com/imgml/TP/teams/logos/240x240/1652.png","201652","TOT","DOMESTIC_MEN_TEAM_A","","DOMESTIC","Angleterre","Tottenham","Tottenham Hotspur","TOT","90","MINUTE","1","0","0","10.67","KILOMETER","28.8","KILOMETER_PER_HOUR"
"250128268","50080","25","1999-12-30","25","TODIBO","FRA","CENTRE_BACK","DEFENDER","MALE","","./image/250128268.jpg","Jean-Clair Todibo","DEFENDER","13","Todibo","43","","France","Défenseur","Jean-Clair","Todibo","Jean-Clair Todibo","Todibo","200122","./assoc/200122_ESP.svg","./logo/50080.png","UEFA","ESP","50080","FAME","Barcelona","","https://img.uefa.com/imgml/TP/teams/logos/70x70/50080.png","https://img.uefa.com/imgml/TP/teams/logos/240x240/50080.png","250080","BAR","DOMESTIC_MEN_TEAM_A","","DOMESTIC","Espagne","Barcelona","FC Barcelona","BAR","90","MINUTE","1","0","0","10.5","KILOMETER","29","KILOMETER_PER_HOUR"
"250077686","50139","27","1998-03-05","28","Demiral","TUR","UNKNOWN","DEFENDER","MALE","","./image/250077686.jpg","Merih Demiral","DEFENDER","3","DEMİRAL","135","","Turquie","Défenseur","","Merih Demiral","Merih Demiral","Merih Demiral","200066","./assoc/200066_ITA.svg","./logo/50139.png","UEFA","ITA","50139","FAME","Juventus","","https://img.uefa.com/imgml/TP/teams/logos/70x70/50139.png","https://img.uefa.com/imgml/TP/teams/logos/240x240/50139.png","250139","JUV","DOMESTIC_MEN_TEAM_A","","DOMESTIC","Italie","Juventus","Juventus","JUV","90","MINUTE","1","0","0","10.39","KILOMETER","29.5","KILOMETER_PER_HOUR"
"103733","75797","36","1989-02-23","26","PIED","FRA","FULL_BACK","DEFENDER","MALE","170","./image/103733.jpg","Jérémy Pied","DEFENDER","17","PIED","200043","65","France","Défenseur","Jérémy","Pied","Jérémy Pied","Pied","200043","./assoc/200043_FRA.svg","./logo/75797.png","UEFA","FRA","75797","FAME","Lille","","https://img.uefa.com/imgml/TP/teams/logos/70x70/75797.png","https://img.uefa.com/imgml/TP/teams/logos/240x240/75797.png","275797","LIL","DOMESTIC_MEN_TEAM_A","","DOMESTIC","France","Lille","LOSC Lille","LIL","90","MINUTE","1","0","0","10.18","KILOMETER","29.7","KILOMETER_PER_HOUR"
"250040432","50164","35","1990-06-21","29","Moubandje","SUI","FULL_BACK","DEFENDER","MALE","180","./image/250040432.jpg","Francois Moubandje","DEFENDER","3","Moubandje","128","74","Suisse","Défenseur","Francois","Moubandje","Francois Moubandje","Moubandje","256370","./assoc/256370_CRO.svg","./logo/50164.png","UEFA","CRO","50164","FAME","GNK Dinamo","","https://img.uefa.com/imgml/TP/teams/logos/70x70/50164.png","https://img.uefa.com/imgml/TP/teams/logos/240x240/50164.png","250164","DIN","DOMESTIC_MEN_TEAM_A","","DOMESTIC","Croatie","GNK Dinamo","GNK Dinamo","DIN","90","MINUTE","1","0","0","10.16","KILOMETER","30.8","KILOMETER_PER_HOUR"
"250066369","53065","29","1995-10-17","11","Miranchuk","RUS","CENTRAL_MIDFIELDER","MIDFIELDER","MALE","183","./image/250066369.jpg","Anton Miranchuk","MIDFIELDER","19","Miranchuk","57451","","Russie","Milieu","Anton","Miranchuk","Anton Miranchuk","An. Miranchuk","257451","./assoc/257451_RUS.svg","./logo/53065.png","UEFA","RUS","53065","FAME","Lokomotiv Moskva","","https://img.uefa.com/imgml/TP/teams/logos/70x70/53065.png","https://img.uefa.com/imgml/TP/teams/logos/240x240/53065.png","253065","LMO","DOMESTIC_MEN_TEAM_A","","DOMESTIC","Russie","Lokomotiv Moskva","FC Lokomotiv Moskva","LMO","90","MINUTE","1","0","0","9.95","KILOMETER","28.4","KILOMETER_PER_HOUR"
"250089312","1652","26","1999-03-31","25","Tanganga","ENG","CENTRE_BACK","DEFENDER","MALE","","./image/250089312.jpg","Japhet Tanganga","DEFENDER","15","Tanganga","200039","","Angleterre","Défenseur","Japhet","Tanganga","Japhet Tanganga","Tanganga","200039","./assoc/200039_ENG.svg","./logo/1652.png","UEFA","ENG","1652","FAME","Tottenham","","https://img.uefa.com/imgml/TP/teams/logos/70x70/1652.png","https://img.uefa.com/imgml/TP/teams/logos/240x240/1652.png","201652","TOT","DOMESTIC_MEN_TEAM_A","","DOMESTIC","Angleterre","Tottenham","Tottenham Hotspur","TOT","90","MINUTE","1","0","0","9.56","KILOMETER","29.5","KILOMETER_PER_HOUR"
"72623","2610","40","1985-06-10","35","","GRE","FULL_BACK","","MALE","185","./image/72623.jpg","Vasilis Torosidis","","15","","49","80","Grèce","","Vasilis","Torosidis","Vasilis Torosidis","Torosidis","200049","./assoc/200049_GRE.svg","./logo/2610.png","UEFA","GRE","2610","FAME","Olympiacos","","https://img.uefa.com/imgml/TP/teams/logos/70x70/2610.png","https://img.uefa.com/imgml/TP/teams/logos/240x240/2610.png","202610","OLY","DOMESTIC_MEN_TEAM_A","","DOMESTIC","Grèce","Olympiacos","Olympiacos FC","OLY","90","MINUTE","1","0","0","9.39","KILOMETER","30.2","KILOMETER_PER_HOUR"
"108509","52816","36","1989-03-26","24","Kjær","DEN","CENTRE_BACK","DEFENDER","MALE","189","./image/108509.jpg","Simon Kjær","DEFENDER","4","Kjær","35","82","Danemark","Défenseur","Simon","Kjær","Simon Kjær","Kjær","200066","./assoc/200066_ITA.svg","./logo/52816.png","UEFA","ITA","52816","FAME","Atalanta","","https://img.uefa.com/imgml/TP/teams/logos/70x70/52816.png","https://img.uefa.com/imgml/TP/teams/logos/240x240/52816.png","252816","ATA","DOMESTIC_MEN_TEAM_A","","DOMESTIC","Italie","Atalanta","Atalanta BC","ATA","90","MINUTE","1","0","0","9.25","KILOMETER","32","KILOMETER_PER_HOUR"
"250050429","50043","31","1993-11-10","6","Mitrovic","CRO","CENTRE_BACK","DEFENDER","MALE","187","./image/250050429.jpg","Matej Mitrović","DEFENDER","5","Mitrovic","56370","85","Croatie","Défenseur","Matej","Mitrović","Matej Mitrović","Mitrović","200013","./assoc/200013_BEL.svg","./logo/50043.png","UEFA","BEL","50043","FAME","Club Brugge","","https://img.uefa.com/imgml/TP/teams/logos/70x70/50043.png","https://img.uefa.com/imgml/TP/teams/logos/240x240/50043.png","250043","BRU","DOMESTIC_MEN_TEAM_A","","DOMESTIC","Belgique","Club Brugge","Club Brugge KV","BRU","90","MINUTE","1","0","0","9.24","KILOMETER","24.8","KILOMETER_PER_HOUR"
"250013316","53065","33","1992-02-06","4","კვერკველია","GEO","CENTRE_BACK","DEFENDER","MALE","190","./image/250013316.jpg","Solomon Kverkvelia","DEFENDER","5","Kverkvelia","57157","75","Géorgie","Défenseur","Solomon","Kverkvelia","Solomon Kverkvelia","Kverkvelia","257451","./assoc/257451_RUS.svg","./logo/53065.png","UEFA","RUS","53065","FAME","Lokomotiv Moskva","","https://img.uefa.com/imgml/TP/teams/logos/70x70/53065.png","https://img.uefa.com/imgml/TP/teams/logos/240x240/53065.png","253065","LMO","DOMESTIC_MEN_TEAM_A","","DOMESTIC","Russie","Lokomotiv Moskva","FC Lokomotiv Moskva","LMO","90","MINUTE","1","0","0","8.74","KILOMETER","26.1","KILOMETER_PER_HOUR"
"250018116","7889","34","1991-08-08","32","Matip","CMR","UNKNOWN","DEFENDER","MALE","192","./image/250018116.jpg","Joël Matip","DEFENDER","21","Matip","","","Cameroun","Défenseur","Joël","Matip","Joël Matip","Matip","200039","./assoc/200039_ENG.svg","./logo/7889.png","UEFA","ENG","7889","FAME","Liverpool","","https://img.uefa.com/imgml/TP/teams/logos/70x70/7889.png","https://img.uefa.com/imgml/TP/teams/logos/240x240/7889.png","207889","LIV","DOMESTIC_MEN_TEAM_A","","DOMESTIC","Angleterre","Liverpool","Liverpool FC","LIV","90","MINUTE","1","0","0","8.69","KILOMETER","26.5","KILOMETER_PER_HOUR"
"21307","50139","47","1978-01-28","77","Buffon","ITA","GOALKEEPER","GOALKEEPER","MALE","192","./image/21307.jpg","Gianluigi Buffon","","1","","66","91","Italie","Gardien","Gianluigi","Buffon","Gianluigi Buffon","Buffon","200066","./assoc/200066_ITA.svg","./logo/50139.png","UEFA","ITA","50139","FAME","Juventus","","https://img.uefa.com/imgml/TP/teams/logos/70x70/50139.png","https://img.uefa.com/imgml/TP/teams/logos/240x240/50139.png","250139","JUV","DOMESTIC_MEN_TEAM_A","","DOMESTIC","Italie","Juventus","Juventus","JUV","90","MINUTE","1","0","0","4.41","KILOMETER","14.6","KILOMETER_PER_HOUR"
"250118787","61582","23","2002-02-26","26","Vandevoordt","BEL","GOALKEEPER","GOALKEEPER","MALE","","./image/250118787.jpg","Maarten Vandevoordt","GOALKEEPER","12","Vandevoordt","13","","Belgique","Gardien","Maarten","Vandevoordt","Maarten Vandevoordt","Vandevoordt","200013","./assoc/200013_BEL.svg","./logo/61582.png","UEFA","BEL","61582","FAME","Genk","","https://img.uefa.com/imgml/TP/teams/logos/70x70/61582.png","https://img.uefa.com/imgml/TP/teams/logos/240x240/61582.png","261582","GEN","DOMESTIC_MEN_TEAM_A","","DOMESTIC","Belgique","Genk","KRC Genk","GEN","90","MINUTE","1","0","0","4.34","KILOMETER","17.11","KILOMETER_PER_HOUR"
"1905781","53065","38","1987-04-02","77","Kochenkov","RUS","GOALKEEPER","GOALKEEPER","MALE","","./image/1905781.jpg","Anton Kochenkov","GOALKEEPER","","Kochenkov","","","Russie","Gardien","Anton","Kochenkov","Anton Kochenkov","Kochenkov","257451","./assoc/257451_RUS.svg","./logo/53065.png","UEFA","RUS","53065","FAME","Lokomotiv Moskva","","https://img.uefa.com/imgml/TP/teams/logos/70x70/53065.png","https://img.uefa.com/imgml/TP/teams/logos/240x240/53065.png","253065","LMO","DOMESTIC_MEN_TEAM_A","","DOMESTIC","Russie","Lokomotiv Moskva","FC Lokomotiv Moskva","LMO","90","MINUTE","1","0","0","3.28","KILOMETER","12.8","KILOMETER_PER_HOUR"
"250061507","50080","36","1989-07-19","32","Neto","BRA","GOALKEEPER","GOALKEEPER","MALE","191","./image/250061507.jpg","Neto","GOALKEEPER","","Murara Neto","18","83","Brésil","Gardien","","Neto","Neto","Neto","200122","./assoc/200122_ESP.svg","./logo/50080.png","UEFA","ESP","50080","FAME","Barcelona","","https://img.uefa.com/imgml/TP/teams/logos/70x70/50080.png","https://img.uefa.com/imgml/TP/teams/logos/240x240/50080.png","250080","BAR","DOMESTIC_MEN_TEAM_A","","DOMESTIC","Espagne","Barcelona","FC Barcelona","BAR","90","MINUTE","1","0","0","3.27","KILOMETER","14.8","KILOMETER_PER_HOUR"
"250039503","75797","33","1992-06-18","25","Soumaoro","FRA","CENTRE_BACK","DEFENDER","MALE","186","./image/250039503.jpg","Adama Soumaoro","DEFENDER","","Soumaoro","","93","France","Défenseur","Adama","Soumaoro","Adama Soumaoro","Soumaoro","200043","./assoc/200043_FRA.svg","./logo/75797.png","UEFA","FRA","75797","FAME","Lille","","https://img.uefa.com/imgml/TP/teams/logos/70x70/75797.png","https://img.uefa.com/imgml/TP/teams/logos/240x240/75797.png","275797","LIL","DOMESTIC_MEN_TEAM_A","","DOMESTIC","France","Lille","LOSC Lille","LIL","89","MINUTE","1","0","0","9.17","KILOMETER","27","KILOMETER_PER_HOUR"
"250020851","52914","39","1986-09-30","9","GIROUD","FRA","STRIKER","FORWARD","MALE","192","./image/250020851.jpg","Olivier Giroud","FORWARD","9","Giroud","43","88","France","Attaquant","Olivier","Giroud","Olivier Giroud","Giroud","200039","./assoc/200039_ENG.svg","./logo/52914.png","UEFA","ENG","52914","FAME","Chelsea","","https://img.uefa.com/imgml/TP/teams/logos/70x70/52914.png","https://img.uefa.com/imgml/TP/teams/logos/240x240/52914.png","252914","CHE","DOMESTIC_MEN_TEAM_A","","DOMESTIC","Angleterre","Chelsea","Chelsea FC","CHE","88","MINUTE","3","0","0","10.23","KILOMETER","29.2","KILOMETER_PER_HOUR"
"250121321","2610","28","1997-08-05","97","Randjelovic","SRB","WINGER","FORWARD","MALE","","./image/250121321.jpg","Lazar Randjelović","MIDFIELDER","19","Ranđelović","147","","Serbie","Attaquant","Lazar","Randjelović","Lazar Randjelović","Randjelović","200049","./assoc/200049_GRE.svg","./logo/2610.png","UEFA","GRE","2610","FAME","Olympiacos","","https://img.uefa.com/imgml/TP/teams/logos/70x70/2610.png","https://img.uefa.com/imgml/TP/teams/logos/240x240/2610.png","202610","OLY","DOMESTIC_MEN_TEAM_A","","DOMESTIC","Grèce","Olympiacos","Olympiacos FC","OLY","87","MINUTE","4","0","0","12.7","KILOMETER","32","KILOMETER_PER_HOUR"
"69176","50136","40","1985-02-26","9","LLORENTE","ESP","","FORWARD","MALE","195","./image/69176.jpg","Fernando Llorente","FORWARD","19","LLORENTE","","90","Espagne","Attaquant","Fernando","Llorente","Fernando Llorente","Llorente","200066","./assoc/200066_ITA.svg","./logo/50136.png","UEFA","ITA","50136","FAME","Napoli","","https://img.uefa.com/imgml/TP/teams/logos/70x70/50136.png","https://img.uefa.com/imgml/TP/teams/logos/240x240/50136.png","250136","NAP","DOMESTIC_MEN_TEAM_A","","DOMESTIC","Italie","Napoli","SSC Napoli","NAP","86","MINUTE","6","1","0","12.88","KILOMETER","27.7","KILOMETER_PER_HOUR"
"250038932","52914","32","1993-10-02","30","BATSHUAYI","BEL","STRIKER","FORWARD","MALE","185","./image/250038932.jpg","Michy Batshuayi","FORWARD","23","Batshuayi","13","78","Belgique","Attaquant","Michy","Batshuayi","Michy Batshuayi","Batshuayi","200039","./assoc/200039_ENG.svg","./logo/52914.png","UEFA","ENG","52914","FAME","Chelsea","","https://img.uefa.com/imgml/TP/teams/logos/70x70/52914.png","https://img.uefa.com/imgml/TP/teams/logos/240x240/52914.png","252914","CHE","DOMESTIC_MEN_TEAM_A","","DOMESTIC","Angleterre","Chelsea","Chelsea FC","CHE","85","MINUTE","4","1","0","11.13","KILOMETER","30.4","KILOMETER_PER_HOUR"
"250076175","50080","27","1998-02-16","7","C.PEREZ","ESP","STRIKER","FORWARD","MALE","","./image/250076175.jpg","Carles Pérez","FORWARD","11","Pérez Sayol","200122","","Espagne","Attaquant","","Carles Pérez","Carles Pérez","Carles Pérez","200122","./assoc/200122_ESP.svg","./logo/50080.png","UEFA","ESP","50080","FAME","Barcelona","","https://img.uefa.com/imgml/TP/teams/logos/70x70/50080.png","https://img.uefa.com/imgml/TP/teams/logos/240x240/50080.png","250080","BAR","DOMESTIC_MEN_TEAM_A","","DOMESTIC","Espagne","Barcelona","FC Barcelona","BAR","85","MINUTE","1","1","0","9.59","KILOMETER","31.7","KILOMETER_PER_HOUR"
"102130","50164","35","1989-11-24","11","Gavranović","SUI","STRIKER","FORWARD","MALE","175","./image/102130.jpg","Mario Gavranović","FORWARD","19","Gavranović","128","","Suisse","Attaquant","Mario","Gavranović","Mario Gavranović","Gavranović","256370","./assoc/256370_CRO.svg","./logo/50164.png","UEFA","CRO","50164","FAME","GNK Dinamo","","https://img.uefa.com/imgml/TP/teams/logos/70x70/50164.png","https://img.uefa.com/imgml/TP/teams/logos/240x240/50164.png","250164","DIN","DOMESTIC_MEN_TEAM_A","","DOMESTIC","Croatie","GNK Dinamo","GNK Dinamo","DIN","83","MINUTE","3","0","0","10.3","KILOMETER","27","KILOMETER_PER_HOUR"
"250021636","50051","34","1991-07-12","16","JAMES","COL","UNKNOWN","MIDFIELDER","MALE","180","./image/250021636.jpg","James Rodríguez","MIDFIELDER","10","James","29","75","Colombie","Milieu","","James Rodríguez","James Rodríguez","James Rodríguez","200122","./assoc/200122_ESP.svg","./logo/50051.png","UEFA","ESP","50051","FAME","Real Madrid","","https://img.uefa.com/imgml/TP/teams/logos/70x70/50051.png","https://img.uefa.com/imgml/TP/teams/logos/240x240/50051.png","250051","RMA","DOMESTIC_MEN_TEAM_A","","DOMESTIC","Espagne","Real Madrid","Real Madrid C.F.","RMA","81","MINUTE","2","0","0","10.43","KILOMETER","26.1","KILOMETER_PER_HOUR"
"250040601","2610","31","1994-09-08","7","Benzia","ALG","ATTACKING_MIDFIELDER","MIDFIELDER","MALE","178","./image/250040601.jpg","Yassine Benzia","FORWARD","12","Benzia","3","71","Algérie","Milieu","Yassine","Benzia","Yassine Benzia","Benzia","200049","./assoc/200049_GRE.svg","./logo/2610.png","UEFA","GRE","2610","FAME","Olympiacos","","https://img.uefa.com/imgml/TP/teams/logos/70x70/2610.png","https://img.uefa.com/imgml/TP/teams/logos/240x240/2610.png","202610","OLY","DOMESTIC_MEN_TEAM_A","","DOMESTIC","Grèce","Olympiacos","Olympiacos FC","OLY","80","MINUTE","3","0","0","10.44","KILOMETER","30.4","KILOMETER_PER_HOUR"
"250110943","2603790","26","1999-05-27","9","Cunha","BRA","STRIKER","FORWARD","MALE","","./image/250110943.jpg","Matheus Cunha","FORWARD","","Cunha","","","Brésil","Attaquant","","Matheus Cunha","Matheus Cunha","Matheus Cunha","200047","./assoc/200047_GER.svg","./logo/2603790.png","UEFA","GER","2603790","FAME","Leipzig","","https://img.uefa.com/imgml/TP/teams/logos/70x70/2603790.png","https://img.uefa.com/imgml/TP/teams/logos/240x240/2603790.png","250002563","RBL","DOMESTIC_MEN_TEAM_A","","DOMESTIC","Allemagne","Leipzig","RB Leipzig","RBL","80","MINUTE","2","0","0","10.22","KILOMETER","29.7","KILOMETER_PER_HOUR"
"250116903","2603790","26","1999-02-14","14","Adams","USA","UNKNOWN","MIDFIELDER","MALE","","./image/250116903.jpg","Tyler Adams","MIDFIELDER","4","Adams","140","","Etats-Unis","Milieu","Tyler","Adams","Tyler Adams","Adams","200047","./assoc/200047_GER.svg","./logo/2603790.png","UEFA","GER","2603790","FAME","Leipzig","","https://img.uefa.com/imgml/TP/teams/logos/70x70/2603790.png","https://img.uefa.com/imgml/TP/teams/logos/240x240/2603790.png","250002563","RBL","DOMESTIC_MEN_TEAM_A","","DOMESTIC","Allemagne","Leipzig","RB Leipzig","RBL","79","MINUTE","3","1","0","11.96","KILOMETER","31.7","KILOMETER_PER_HOUR"
"250042616","50043","29","1996-07-18","16","Schrijvers","BEL","ATTACKING_MIDFIELDER","MIDFIELDER","MALE","","./image/250042616.jpg","Siebe Schrijvers","MIDFIELDER","10","Schrijvers","200013","","Belgique","Milieu","Siebe","Schrijvers","Siebe Schrijvers","Schrijvers","200013","./assoc/200013_BEL.svg","./logo/50043.png","UEFA","BEL","50043","FAME","Club Brugge","","https://img.uefa.com/imgml/TP/teams/logos/70x70/50043.png","https://img.uefa.com/imgml/TP/teams/logos/240x240/50043.png","250043","BRU","DOMESTIC_MEN_TEAM_A","","DOMESTIC","Belgique","Club Brugge","Club Brugge KV","BRU","77","MINUTE","4","0","0","11.37","KILOMETER","30.4","KILOMETER_PER_HOUR"
"250118959","52747","23","2002-06-07","14","Nianzou","FRA","UNKNOWN","DEFENDER","MALE","","./image/250118959.jpg","Tanguy Nianzou","DEFENDER","22","KOUASSI","200043","","France","Défenseur","Tanguy","Nianzou","Tanguy Nianzou","Nianzou","200043","./assoc/200043_FRA.svg","./logo/52747.png","UEFA","FRA","52747","FAME","Paris","","https://img.uefa.com/imgml/TP/teams/logos/70x70/52747.png","https://img.uefa.com/imgml/TP/teams/logos/240x240/52747.png","252747","PSG","DOMESTIC_MEN_TEAM_A","","DOMESTIC","France","Paris","Paris Saint-Germain","PSG","76","MINUTE","2","0","0","9.39","KILOMETER","28.6","KILOMETER_PER_HOUR"
"250007605","52758","33","1992-06-03","27","M. GÖTZE","GER","STRIKER","MIDFIELDER","MALE","176","./image/250007605.jpg","Mario Götze","MIDFIELDER","19","Götze","47","64","Allemagne","Milieu","Mario","Götze","Mario Götze","Götze","200047","./assoc/200047_GER.svg","./logo/52758.png","UEFA","GER","52758","FAME","B. Dortmund","","https://img.uefa.com/imgml/TP/teams/logos/70x70/52758.png","https://img.uefa.com/imgml/TP/teams/logos/240x240/52758.png","252758","BVB","DOMESTIC_MEN_TEAM_A","","DOMESTIC","Allemagne","B. Dortmund","Borussia Dortmund","BVB","73","MINUTE","4","0","1","10.74","KILOMETER","27.4","KILOMETER_PER_HOUR"
"94880","52826","42","1983-08-20","18","Zhirkov","RUS","FULL_BACK","MIDFIELDER","MALE","180","./image/94880.jpg","Yuri Zhirkov","MIDFIELDER","18","Zhirkov","57451","75","Russie","Milieu","Yuri","Zhirkov","Yuri Zhirkov","Zhirkov","257451","./assoc/257451_RUS.svg","./logo/52826.png","UEFA","RUS","52826","FAME","Zenit","","https://img.uefa.com/imgml/TP/teams/logos/70x70/52826.png","https://img.uefa.com/imgml/TP/teams/logos/240x240/52826.png","252826","ZEN","DOMESTIC_MEN_TEAM_A","","DOMESTIC","Russie","Zenit","FC Zenit","ZEN","73","MINUTE","2","0","1","9.79","KILOMETER","25","KILOMETER_PER_HOUR"
"250002767","5312","35","1990-07-09","4","Rafael","BRA","FULL_BACK","DEFENDER","MALE","172","./image/250002767.jpg","Rafael","DEFENDER","","Pereira Da Silva","","71","Brésil","Défenseur","","Rafael","Rafael","Rafael","200043","./assoc/200043_FRA.svg","./logo/5312.png","UEFA","FRA","5312","FAME","Lyon","","https://img.uefa.com/imgml/TP/teams/logos/70x70/5312.png","https://img.uefa.com/imgml/TP/teams/logos/240x240/5312.png","205312","LYO","DOMESTIC_MEN_TEAM_A","","DOMESTIC","France","Lyon","Olympique Lyonnais","LYO","73","MINUTE","1","0","0","8.01","KILOMETER","29.2","KILOMETER_PER_HOUR"
"250122208","50030","29","1996-04-14","37","Okugawa","JPN","ATTACKING_MIDFIELDER","MIDFIELDER","MALE","","./image/250122208.jpg","Masaya Okugawa","MIDFIELDER","","Okugawa","","","Japon","Milieu","Masaya","Okugawa","Masaya Okugawa","Okugawa","200008","./assoc/200008_AUT.svg","./logo/50030.png","UEFA","AUT","50030","FAME","Salzburg","","https://img.uefa.com/imgml/TP/teams/logos/70x70/50030.png","https://img.uefa.com/imgml/TP/teams/logos/240x240/50030.png","250030","SAL","DOMESTIC_MEN_TEAM_A","","DOMESTIC","Autriche","Salzburg","FC Salzburg","SAL","72","MINUTE","4","0","0","11.35","KILOMETER","28.1","KILOMETER_PER_HOUR"
"1908451","52498","39","1986-01-16","21","Škoda","CZE","STRIKER","FORWARD","MALE","190","./image/1908451.jpg","Milan Škoda","FORWARD","21","Škoda","58837","86","Tchéquie","Attaquant","Milan","Škoda","Milan Škoda","Škoda","258837","./assoc/258837_CZE.svg","./logo/52498.png","UEFA","CZE","52498","FAME","Slavia Praha","","https://img.uefa.com/imgml/TP/teams/logos/70x70/52498.png","https://img.uefa.com/imgml/TP/teams/logos/240x240/52498.png","252498","SLP","DOMESTIC_MEN_TEAM_A","","DOMESTIC","Tchéquie","Slavia Praha","SK Slavia Praha","SLA","72","MINUTE","2","0","1","10.04","KILOMETER","27.4","KILOMETER_PER_HOUR"
"150562664","52268","28","1997-02-14","15","MANU VALLEJO","ESP","UNKNOWN","MIDFIELDER","MALE","","./image/150562664.jpg","Manu Vallejo","MIDFIELDER","12","MANU VALLEJO","200122","","Espagne","Milieu","","Manu Vallejo","Manu Vallejo","Manu Vallejo","200122","./assoc/200122_ESP.svg","./logo/52268.png","UEFA","ESP","52268","FAME","Valencia","","https://img.uefa.com/imgml/TP/teams/logos/70x70/52268.png","https://img.uefa.com/imgml/TP/teams/logos/240x240/52268.png","252268","VAL","DOMESTIC_MEN_TEAM_A","","DOMESTIC","Espagne","Valencia","Valencia CF","VAL","72","MINUTE","2","0","0","9.58","KILOMETER","27.9","KILOMETER_PER_HOUR"
"250066514","50043","28","1997-08-19","19","Vlietinck","BEL","STRIKER","FORWARD","MALE","178","./image/250066514.jpg","Thibault Vlietinck","FORWARD","7","Vlietinck","300013","","Belgique","Attaquant","Thibault","Vlietinck","Thibault Vlietinck","Vlietinck","200013","./assoc/200013_BEL.svg","./logo/50043.png","UEFA","BEL","50043","FAME","Club Brugge","","https://img.uefa.com/imgml/TP/teams/logos/70x70/50043.png","https://img.uefa.com/imgml/TP/teams/logos/240x240/50043.png","250043","BRU","DOMESTIC_MEN_TEAM_A","","DOMESTIC","Belgique","Club Brugge","Club Brugge KV","BRU","70","MINUTE","1","0","0","8.68","KILOMETER","29.5","KILOMETER_PER_HOUR"
"250099258","2603790","27","1997-10-20","11","Lookman","NGA","WINGER","FORWARD","MALE","","./image/250099258.jpg","Ademola Lookman","MIDFIELDER","7","Lookman","100","","Nigeria","Attaquant","Ademola","Lookman","Ademola Lookman","Lookman","200047","./assoc/200047_GER.svg","./logo/2603790.png","UEFA","GER","2603790","FAME","Leipzig","","https://img.uefa.com/imgml/TP/teams/logos/70x70/2603790.png","https://img.uefa.com/imgml/TP/teams/logos/240x240/2603790.png","250002563","RBL","DOMESTIC_MEN_TEAM_A","","DOMESTIC","Allemagne","Leipzig","RB Leipzig","RBL","69","MINUTE","1","0","0","7.98","KILOMETER","29","KILOMETER_PER_HOUR"
"250087566","50147","26","1999-03-30","7","Jota","POR","STRIKER","FORWARD","MALE","","./image/250087566.jpg","Jota","FORWARD","20","JOTA","200110","","Portugal","Attaquant","","Jota","Jota","Jota","200110","./assoc/200110_POR.svg","./logo/50147.png","UEFA","POR","50147","FAME","Benfica","","https://img.uefa.com/imgml/TP/teams/logos/70x70/50147.png","https://img.uefa.com/imgml/TP/teams/logos/240x240/50147.png","250147","BEN","DOMESTIC_MEN_TEAM_A","","DOMESTIC","Portugal","Benfica","SL Benfica","BEN","68","MINUTE","2","0","0","8.82","KILOMETER","28.6","KILOMETER_PER_HOUR"
"250003528","50138","36","1988-12-19","70","Alexis","CHI","STRIKER","FORWARD","MALE","168","./image/250003528.jpg","Alexis Sánchez","FORWARD","10","Alexis","26","62","Chili","Attaquant","","Alexis Sánchez","Alexis Sánchez","Alexis Sánchez","200066","./assoc/200066_ITA.svg","./logo/50138.png","UEFA","ITA","50138","FAME","Inter","","https://img.uefa.com/imgml/TP/teams/logos/70x70/50138.png","https://img.uefa.com/imgml/TP/teams/logos/240x240/50138.png","250138","INT","DOMESTIC_MEN_TEAM_A","","DOMESTIC","Italie","Inter","FC Internazionale Milano","INT","66","MINUTE","1","0","1","7.11","KILOMETER","29.7","KILOMETER_PER_HOUR"
"250131911","75797","28","1997-03-13","20","T.MAIA","BRA","UNKNOWN","MIDFIELDER","MALE","","./image/250131911.jpg","Thiago Maia","MIDFIELDER","","Maia","","","Brésil","Milieu","Thiago","Maia","Thiago Maia","Maia","200043","./assoc/200043_FRA.svg","./logo/75797.png","UEFA","FRA","75797","FAME","Lille","","https://img.uefa.com/imgml/TP/teams/logos/70x70/75797.png","https://img.uefa.com/imgml/TP/teams/logos/240x240/75797.png","275797","LIL","DOMESTIC_MEN_TEAM_A","","DOMESTIC","France","Lille","LOSC Lille","LIL","66","MINUTE","1","0","0","8.12","KILOMETER","28.4","KILOMETER_PER_HOUR"
"250026763","52747","32","1993-09-20","93","DRAXLER","GER","ATTACKING_MIDFIELDER","","MALE","187","./image/250026763.jpg","Julian Draxler","FORWARD","7","Draxler","47","72","Allemagne","","Julian","Draxler","Julian Draxler","Draxler","200043","./assoc/200043_FRA.svg","./logo/52747.png","UEFA","FRA","52747","FAME","Paris","","https://img.uefa.com/imgml/TP/teams/logos/70x70/52747.png","https://img.uefa.com/imgml/TP/teams/logos/240x240/52747.png","252747","PSG","DOMESTIC_MEN_TEAM_A","","DOMESTIC","France","Paris","Paris Saint-Germain","PSG","65","MINUTE","5","0","0","10.47","KILOMETER","28.8","KILOMETER_PER_HOUR"
"250121361","50030","28","1997-10-10","18","Ashimeru","GHA","CENTRAL_MIDFIELDER","MIDFIELDER","MALE","","./image/250121361.jpg","Majeed Ashimeru","MIDFIELDER","","Ashimeru","","","Ghana","Milieu","Majeed","Ashimeru","Majeed Ashimeru","Ashimeru","200008","./assoc/200008_AUT.svg","./logo/50030.png","UEFA","AUT","50030","FAME","Salzburg","","https://img.uefa.com/imgml/TP/teams/logos/70x70/50030.png","https://img.uefa.com/imgml/TP/teams/logos/240x240/50030.png","250030","SAL","DOMESTIC_MEN_TEAM_A","","DOMESTIC","Autriche","Salzburg","FC Salzburg","SAL","64","MINUTE","4","0","0","9.18","KILOMETER","29.7","KILOMETER_PER_HOUR"
"250049835","50164","33","1992-06-16","92","Kadzior","POL","WINGER","FORWARD","MALE","","./image/250049835.jpg","Damian Kądzior","FORWARD","17","Kadzior","109","","Pologne","Attaquant","Damian","Kądzior","Damian Kądzior","Kądzior","256370","./assoc/256370_CRO.svg","./logo/50164.png","UEFA","CRO","50164","FAME","GNK Dinamo","","https://img.uefa.com/imgml/TP/teams/logos/70x70/50164.png","https://img.uefa.com/imgml/TP/teams/logos/240x240/50164.png","250164","DIN","DOMESTIC_MEN_TEAM_A","","DOMESTIC","Croatie","GNK Dinamo","GNK Dinamo","DIN","60","MINUTE","2","0","1","9.05","KILOMETER","24.8","KILOMETER_PER_HOUR"
"250081638","50164","26","1999-05-05","36","Đira","CRO","UNKNOWN","MIDFIELDER","MALE","","./image/250081638.jpg","Marko Đira","MIDFIELDER","15","Đira","256370","","Croatie","Milieu","Marko","Đira","Marko Đira","Đira","256370","./assoc/256370_CRO.svg","./logo/50164.png","UEFA","CRO","50164","FAME","GNK Dinamo","","https://img.uefa.com/imgml/TP/teams/logos/70x70/50164.png","https://img.uefa.com/imgml/TP/teams/logos/240x240/50164.png","250164","DIN","DOMESTIC_MEN_TEAM_A","","DOMESTIC","Croatie","GNK Dinamo","GNK Dinamo","DIN","59","MINUTE","3","0","0","9.23","KILOMETER","29","KILOMETER_PER_HOUR"
"62307","50067","40","1985-02-10","8","","TUR","CENTRAL_MIDFIELDER","","MALE","182","./image/62307.jpg","Selçuk İnan","MIDFIELDER","8","Selçuk İnan","135","74","Turquie","","","Selçuk İnan","Selçuk İnan","Selçuk İnan","200135","./assoc/200135_TUR.svg","./logo/50067.png","UEFA","TUR","50067","FAME","Galatasaray","","https://img.uefa.com/imgml/TP/teams/logos/70x70/50067.png","https://img.uefa.com/imgml/TP/teams/logos/240x240/50067.png","250067","GAL","DOMESTIC_MEN_TEAM_A","","DOMESTIC","Turquie","Galatasaray","Galatasaray A.Ş.","GAL","59","MINUTE","2","0","0","7.56","KILOMETER","24.5","KILOMETER_PER_HOUR"
"250123989","50138","23","2002-07-02","70","Esposito S.","ITA","UNKNOWN","FORWARD","MALE","","./image/250123989.jpg","Sebastiano Esposito","FORWARD","19","Esposito Se.","200066","","Italie","Attaquant","Sebastiano","Esposito","Sebastiano Esposito","S. Esposito","200066","./assoc/200066_ITA.svg","./logo/50138.png","UEFA","ITA","50138","FAME","Inter","","https://img.uefa.com/imgml/TP/teams/logos/70x70/50138.png","https://img.uefa.com/imgml/TP/teams/logos/240x240/50138.png","250138","INT","DOMESTIC_MEN_TEAM_A","","DOMESTIC","Italie","Inter","FC Internazionale Milano","INT","51","MINUTE","3","0","0","8.39","KILOMETER","29.2","KILOMETER_PER_HOUR"
"250064233","52919","31","1994-05-28","5","Stones","ENG","CENTRE_BACK","DEFENDER","MALE","188","./image/250064233.jpg","John Stones","DEFENDER","5","Stones","39","70","Angleterre","Défenseur","John","Stones","John Stones","Stones","200039","./assoc/200039_ENG.svg","./logo/52919.png","UEFA","ENG","52919","FAME","Man City","","https://img.uefa.com/imgml/TP/teams/logos/70x70/52919.png","https://img.uefa.com/imgml/TP/teams/logos/240x240/52919.png","252919","MCI","DOMESTIC_MEN_TEAM_A","","DOMESTIC","Angleterre","Man City","Manchester City","MCI","49","MINUTE","1","0","0","6.02","KILOMETER","29.2","KILOMETER_PER_HOUR"
"250063488","52498","33","1992-08-24","14","Van Buren","NED","STRIKER","FORWARD","MALE","","./image/250063488.jpg","Mick van Buren","FORWARD","","Van Buren","","","Pays-Bas","Attaquant","Mick","van Buren","Mick van Buren","Van Buren","258837","./assoc/258837_CZE.svg","./logo/52498.png","UEFA","CZE","52498","FAME","Slavia Praha","","https://img.uefa.com/imgml/TP/teams/logos/70x70/52498.png","https://img.uefa.com/imgml/TP/teams/logos/240x240/52498.png","252498","SLP","DOMESTIC_MEN_TEAM_A","","DOMESTIC","Tchéquie","Slavia Praha","SK Slavia Praha","SLA","45","MINUTE","2","0","0","7.24","KILOMETER","27.9","KILOMETER_PER_HOUR"
"250055982","50136","30","1994-11-25","68","Lobotka","SVK","DEFENSIVE_MIDFIELDER","MIDFIELDER","MALE","170","./image/250055982.jpg","Stanislav Lobotka","MIDFIELDER","22","Lobotka","58836","68","Slovaquie","Milieu","Stanislav","Lobotka","Stanislav Lobotka","Lobotka","200066","./assoc/200066_ITA.svg","./logo/50136.png","UEFA","ITA","50136","FAME","Napoli","","https://img.uefa.com/imgml/TP/teams/logos/70x70/50136.png","https://img.uefa.com/imgml/TP/teams/logos/240x240/50136.png","250136","NAP","DOMESTIC_MEN_TEAM_A","","DOMESTIC","Italie","Napoli","SSC Napoli","NAP","45","MINUTE","1","0","0","6.28","KILOMETER","27.2","KILOMETER_PER_HOUR"
"250110407","50030","28","1997-09-11","5","Pongracic","CRO","CENTRE_BACK","DEFENDER","MALE","","./image/250110407.jpg","Marin Pongračić","DEFENDER","3","Pongračić","56370","","Croatie","Défenseur","Marin","Pongračić","Marin Pongračić","Pongračić","200008","./assoc/200008_AUT.svg","./logo/50030.png","UEFA","AUT","50030","FAME","Salzburg","","https://img.uefa.com/imgml/TP/teams/logos/70x70/50030.png","https://img.uefa.com/imgml/TP/teams/logos/240x240/50030.png","250030","SAL","DOMESTIC_MEN_TEAM_A","","DOMESTIC","Autriche","Salzburg","FC Salzburg","SAL","45","MINUTE","1","0","0","5.02","KILOMETER","30.8","KILOMETER_PER_HOUR"
"1900122","50051","35","1990-01-18","6","NACHO","ESP","CENTRE_BACK","DEFENDER","MALE","179","./image/1900122.jpg","Nacho","DEFENDER","4","Nacho","122","75","Espagne","Défenseur","","Nacho","Nacho","Nacho","200122","./assoc/200122_ESP.svg","./logo/50051.png","UEFA","ESP","50051","FAME","Real Madrid","","https://img.uefa.com/imgml/TP/teams/logos/70x70/50051.png","https://img.uefa.com/imgml/TP/teams/logos/240x240/50051.png","250051","RMA","DOMESTIC_MEN_TEAM_A","","DOMESTIC","Espagne","Real Madrid","Real Madrid C.F.","RMA","45","MINUTE","1","0","0","4.91","KILOMETER","29.5","KILOMETER_PER_HOUR"
"250011204","50143","32","1993-03-09","19","Labyad","MAR","ATTACKING_MIDFIELDER","MIDFIELDER","MALE","170","./image/250011204.jpg","Zakaria Labyad","","","Labyad","92","65","Maroc","Milieu","Zakaria","Labyad","Zakaria Labyad","Labyad","200095","./assoc/200095_NED.svg","./logo/50143.png","UEFA","NED","50143","FAME","Ajax","","https://img.uefa.com/imgml/TP/teams/logos/70x70/50143.png","https://img.uefa.com/imgml/TP/teams/logos/240x240/50143.png","250143","AJX","DOMESTIC_MEN_TEAM_A","","DOMESTIC","Pays-Bas","Ajax","AFC Ajax","AJX","44","MINUTE","1","0","0","4.99","KILOMETER","30.4","KILOMETER_PER_HOUR"
"250134661","52758","22","2002-11-13","7","Reyna","USA","UNKNOWN","MIDFIELDER","MALE","","./image/250134661.jpg","Giovanni Reyna","MIDFIELDER","7","","140","","Etats-Unis","Milieu","Giovanni","Reyna","Giovanni Reyna","Reyna","200047","./assoc/200047_GER.svg","./logo/52758.png","UEFA","GER","52758","FAME","B. Dortmund","","https://img.uefa.com/imgml/TP/teams/logos/70x70/52758.png","https://img.uefa.com/imgml/TP/teams/logos/240x240/52758.png","252758","BVB","DOMESTIC_MEN_TEAM_A","","DOMESTIC","Allemagne","B. Dortmund","Borussia Dortmund","BVB","42","MINUTE","2","0","1","6.07","KILOMETER","27","KILOMETER_PER_HOUR"
"250128212","50043","33","1991-10-28","90","M. JR. Diagne","SEN","STRIKER","FORWARD","MALE","","./image/250128212.jpg","Mbaye Diagne","FORWARD","","Diagne","","","Sénégal","Attaquant","Mbaye","Diagne","Mbaye Diagne","Diagne","200013","./assoc/200013_BEL.svg","./logo/50043.png","UEFA","BEL","50043","FAME","Club Brugge","","https://img.uefa.com/imgml/TP/teams/logos/70x70/50043.png","https://img.uefa.com/imgml/TP/teams/logos/240x240/50043.png","250043","BRU","DOMESTIC_MEN_TEAM_A","","DOMESTIC","Belgique","Club Brugge","Club Brugge KV","BRU","41","MINUTE","2","0","0","4.74","KILOMETER","28.4","KILOMETER_PER_HOUR"
"250133224","52498","32","1993-06-12","21","Yusuf","BHR","STRIKER","FORWARD","MALE","","./image/250133224.jpg","Abdulla Yusuf Helal","FORWARD","9","Yusuf","10","","Bahreïn","Attaquant","Abdulla","Yusuf Helal","Abdulla Yusuf Helal","Yusuf Helal","258837","./assoc/258837_CZE.svg","./logo/52498.png","UEFA","CZE","52498","FAME","Slavia Praha","","https://img.uefa.com/imgml/TP/teams/logos/70x70/52498.png","https://img.uefa.com/imgml/TP/teams/logos/240x240/52498.png","252498","SLP","DOMESTIC_MEN_TEAM_A","","DOMESTIC","Tchéquie","Slavia Praha","SK Slavia Praha","SLA","36","MINUTE","2","0","0","5.63","KILOMETER","27.7","KILOMETER_PER_HOUR"
"250122712","50109","25","2000-07-15","7","Paulinho","BRA","WINGER","FORWARD","MALE","","./image/250122712.jpg","Paulinho","MIDFIELDER","","Paulinho","","","Brésil","Attaquant","","Paulinho","Paulinho","Paulinho","200047","./assoc/200047_GER.svg","./logo/50109.png","UEFA","GER","50109","FAME","Leverkusen","","https://img.uefa.com/imgml/TP/teams/logos/70x70/50109.png","https://img.uefa.com/imgml/TP/teams/logos/240x240/50109.png","250109","LEV","DOMESTIC_MEN_TEAM_A","","DOMESTIC","Allemagne","Leverkusen","Bayer 04 Leverkusen","LEV","36","MINUTE","2","0","0","5.39","KILOMETER","32","KILOMETER_PER_HOUR"
"53931","50143","42","1983-08-12","9","Huntelaar","NED","STRIKER","FORWARD","MALE","186","./image/53931.jpg","Klaas Jan Huntelaar","FORWARD","19","Huntelaar","95","80","Pays-Bas","Attaquant","Klaas Jan","Huntelaar","Klaas Jan Huntelaar","Huntelaar","200095","./assoc/200095_NED.svg","./logo/50143.png","UEFA","NED","50143","FAME","Ajax","","https://img.uefa.com/imgml/TP/teams/logos/70x70/50143.png","https://img.uefa.com/imgml/TP/teams/logos/240x240/50143.png","250143","AJX","DOMESTIC_MEN_TEAM_A","","DOMESTIC","Pays-Bas","Ajax","AFC Ajax","AJX","33","MINUTE","4","0","0","5.31","KILOMETER","27.7","KILOMETER_PER_HOUR"
"250124063","5312","22","2003-08-17","10","Cherki","FRA","UNKNOWN","MIDFIELDER","MALE","","./image/250124063.jpg","Rayan Cherki","MIDFIELDER","19","Cherki","43","","France","Milieu","Rayan","Cherki","Rayan Cherki","Cherki","200043","./assoc/200043_FRA.svg","./logo/5312.png","UEFA","FRA","5312","FAME","Lyon","","https://img.uefa.com/imgml/TP/teams/logos/70x70/5312.png","https://img.uefa.com/imgml/TP/teams/logos/240x240/5312.png","205312","LYO","DOMESTIC_MEN_TEAM_A","","DOMESTIC","France","Lyon","Olympique Lyonnais","LYO","33","MINUTE","2","0","0","5.22","KILOMETER","24.7","KILOMETER_PER_HOUR"
"250131923","50147","31","1994-04-19","7","Caio","BRA","UNKNOWN","FORWARD","MALE","","./image/250131923.jpg","Caio","MIDFIELDER","","Lucas Fernandes","","","Brésil","Attaquant","","Caio","Caio","Caio","200110","./assoc/200110_POR.svg","./logo/50147.png","UEFA","POR","50147","FAME","Benfica","","https://img.uefa.com/imgml/TP/teams/logos/70x70/50147.png","https://img.uefa.com/imgml/TP/teams/logos/240x240/50147.png","250147","BEN","DOMESTIC_MEN_TEAM_A","","DOMESTIC","Portugal","Benfica","SL Benfica","BEN","32","MINUTE","3","0","0","5.64","KILOMETER","29.5","KILOMETER_PER_HOUR"
"250102485","1652","25","2000-09-16","4","Skipp","ENG","UNKNOWN","MIDFIELDER","MALE","","./image/250102485.jpg","Oliver Skipp","MIDFIELDER","6","Skipp","39","","Angleterre","Milieu","Oliver","Skipp","Oliver Skipp","Skipp","200039","./assoc/200039_ENG.svg","./logo/1652.png","UEFA","ENG","1652","FAME","Tottenham","","https://img.uefa.com/imgml/TP/teams/logos/70x70/1652.png","https://img.uefa.com/imgml/TP/teams/logos/240x240/1652.png","201652","TOT","DOMESTIC_MEN_TEAM_A","","DOMESTIC","Angleterre","Tottenham","Tottenham Hotspur","TOT","29","MINUTE","2","0","0","4.56","KILOMETER","24.7","KILOMETER_PER_HOUR"
"250080570","50051","29","1996-01-21","21","M.ASENSIO","ESP","ATTACKING_MIDFIELDER","FORWARD","MALE","178","./image/250080570.jpg","Marco Asensio","FORWARD","10","M. Asensio","122","70","Espagne","Attaquant","Marco","Asensio","Marco Asensio","Asensio","200122","./assoc/200122_ESP.svg","./logo/50051.png","UEFA","ESP","50051","FAME","Real Madrid","","https://img.uefa.com/imgml/TP/teams/logos/70x70/50051.png","https://img.uefa.com/imgml/TP/teams/logos/240x240/50051.png","250051","RMA","DOMESTIC_MEN_TEAM_A","","DOMESTIC","Espagne","Real Madrid","Real Madrid C.F.","RMA","29","MINUTE","1","0","0","3.96","KILOMETER","27.9","KILOMETER_PER_HOUR"
"250074777","52758","29","1996-01-01","18","Dahoud","GER","CENTRAL_MIDFIELDER","MIDFIELDER","MALE","176","./image/250074777.jpg","Mahmoud Dahoud","MIDFIELDER","18","Dahoud","47","67","Allemagne","Milieu","Mahmoud","Dahoud","Mahmoud Dahoud","Dahoud","200047","./assoc/200047_GER.svg","./logo/52758.png","UEFA","GER","52758","FAME","B. Dortmund","","https://img.uefa.com/imgml/TP/teams/logos/70x70/52758.png","https://img.uefa.com/imgml/TP/teams/logos/240x240/52758.png","252758","BVB","DOMESTIC_MEN_TEAM_A","","DOMESTIC","Allemagne","B. Dortmund","Borussia Dortmund","BVB","28","MINUTE","2","0","0","4.53","KILOMETER","24.5","KILOMETER_PER_HOUR"
"250132527","52707","25","2000-06-13","8","marcos a.","BRA","CENTRAL_MIDFIELDER","MIDFIELDER","MALE","","./image/250132527.jpg","Marcos Antônio","MIDFIELDER","","Marcos A.","","","Brésil","Milieu","","Marcos Antônio","Marcos Antônio","Marcos Antônio","257166","./assoc/257166_UKR.svg","./logo/52707.png","UEFA","UKR","52707","FAME","Shakhtar","","https://img.uefa.com/imgml/TP/teams/logos/70x70/52707.png","https://img.uefa.com/imgml/TP/teams/logos/240x240/52707.png","252707","SHK","DOMESTIC_MEN_TEAM_A","","DOMESTIC","Ukraine","Shakhtar","FC Shakhtar Donetsk","SHK","26","MINUTE","3","0","0","5.16","KILOMETER","24.1","KILOMETER_PER_HOUR"
"250132797","52826","31","1994-01-10","19","Sutormin","RUS","UNKNOWN","MIDFIELDER","MALE","","./image/250132797.jpg","Aleksei Sutormin","MIDFIELDER","18","Sutormin","57451","","Russie","Milieu","Aleksei","Sutormin","Aleksei Sutormin","Sutormin","257451","./assoc/257451_RUS.svg","./logo/52826.png","UEFA","RUS","52826","FAME","Zenit","","https://img.uefa.com/imgml/TP/teams/logos/70x70/52826.png","https://img.uefa.com/imgml/TP/teams/logos/240x240/52826.png","252826","ZEN","DOMESTIC_MEN_TEAM_A","","DOMESTIC","Russie","Zenit","FC Zenit","ZEN","26","MINUTE","2","0","0","4","KILOMETER","26.5","KILOMETER_PER_HOUR"
"250026983","2603790","31","1994-06-06","38","Mvogo","SUI","GOALKEEPER","GOALKEEPER","MALE","188","./image/250026983.jpg","Yvon Mvogo","GOALKEEPER","12","Mvogo Nganoma","128","88","Suisse","Gardien","Yvon","Mvogo","Yvon Mvogo","Mvogo","200047","./assoc/200047_GER.svg","./logo/2603790.png","UEFA","GER","2603790","FAME","Leipzig","","https://img.uefa.com/imgml/TP/teams/logos/70x70/2603790.png","https://img.uefa.com/imgml/TP/teams/logos/240x240/2603790.png","250002563","RBL","DOMESTIC_MEN_TEAM_A","","DOMESTIC","Allemagne","Leipzig","RB Leipzig","RBL","26","MINUTE","1","0","0","2.31","KILOMETER","14.8","KILOMETER_PER_HOUR"
"250112530","53065","27","1998-06-24","25","Kulikov","RUS","CENTRAL_MIDFIELDER","MIDFIELDER","MALE","","./image/250112530.jpg","Daniil Kulikov","MIDFIELDER","15","Kulikov","257451","","Russie","Milieu","Daniil","Kulikov","Daniil Kulikov","Kulikov","257451","./assoc/257451_RUS.svg","./logo/53065.png","UEFA","RUS","53065","FAME","Lokomotiv Moskva","","https://img.uefa.com/imgml/TP/teams/logos/70x70/53065.png","https://img.uefa.com/imgml/TP/teams/logos/240x240/53065.png","253065","LMO","DOMESTIC_MEN_TEAM_A","","DOMESTIC","Russie","Lokomotiv Moskva","FC Lokomotiv Moskva","LMO","25","MINUTE","1","0","0","3.8","KILOMETER","24.7","KILOMETER_PER_HOUR"
"250101464","50147","26","1999-03-18","43","D. Tavares","POR","ATTACKING_MIDFIELDER","MIDFIELDER","MALE","","./image/250101464.jpg","David Tavares","MIDFIELDER","","D. Tavares","","","Portugal","Milieu","","David Tavares","David Tavares","David Tavares","200110","./assoc/200110_POR.svg","./logo/50147.png","UEFA","POR","50147","FAME","Benfica","","https://img.uefa.com/imgml/TP/teams/logos/70x70/50147.png","https://img.uefa.com/imgml/TP/teams/logos/240x240/50147.png","250147","BEN","DOMESTIC_MEN_TEAM_A","","DOMESTIC","Portugal","Benfica","SL Benfica","BEN","23","MINUTE","1","0","0","2.99","KILOMETER","25","KILOMETER_PER_HOUR"
"250124257","53065","26","1999-03-27","4","Magkeev","RUS","DEFENSIVE_MIDFIELDER","MIDFIELDER","MALE","","./image/250124257.jpg","Stanislav Magkeev","DEFENDER","14","Magkeev","57451","","Russie","Milieu","Stanislav","Magkeev","Stanislav Magkeev","Magkeev","257451","./assoc/257451_RUS.svg","./logo/53065.png","UEFA","RUS","53065","FAME","Lokomotiv Moskva","","https://img.uefa.com/imgml/TP/teams/logos/70x70/53065.png","https://img.uefa.com/imgml/TP/teams/logos/240x240/53065.png","253065","LMO","DOMESTIC_MEN_TEAM_A","","DOMESTIC","Russie","Lokomotiv Moskva","FC Lokomotiv Moskva","LMO","21","MINUTE","1","0","0","2.72","KILOMETER","27.9","KILOMETER_PER_HOUR"
"250070312","50069","30","1995-08-05","12","Pankov","SRB","CENTRE_BACK","DEFENDER","MALE","","./image/250070312.jpg","Radovan Pankov","DEFENDER","6","Pankov","200147","","Serbie","Défenseur","Radovan","Pankov","Radovan Pankov","Pankov","200147","./assoc/200147_SRB.svg","./logo/50069.png","UEFA","SRB","50069","FAME","Crvena Zvezda","","https://img.uefa.com/imgml/TP/teams/logos/70x70/50069.png","https://img.uefa.com/imgml/TP/teams/logos/240x240/50069.png","250069","ZVE","DOMESTIC_MEN_TEAM_A","","DOMESTIC","Serbie","Crvena Zvezda","FK Crvena Zvezda","ZVE","21","MINUTE","1","0","0","2.66","KILOMETER","29.7","KILOMETER_PER_HOUR"
"250016027","50139","35","1990-09-14","11","Costa","BRA","WINGER","MIDFIELDER","MALE","170","./image/250016027.jpg","Douglas Costa","MIDFIELDER","","Costa de Souza ","18","65","Brésil","Milieu","","Douglas Costa","Douglas Costa","Douglas Costa","200066","./assoc/200066_ITA.svg","./logo/50139.png","UEFA","ITA","50139","FAME","Juventus","","https://img.uefa.com/imgml/TP/teams/logos/70x70/50139.png","https://img.uefa.com/imgml/TP/teams/logos/240x240/50139.png","250139","JUV","DOMESTIC_MEN_TEAM_A","","DOMESTIC","Italie","Juventus","Juventus","JUV","20","MINUTE","1","1","0","2.94","KILOMETER","26.5","KILOMETER_PER_HOUR"
"250090266","52268","26","1999-03-09","2","THIERRY R.","POR","FULL_BACK","DEFENDER","MALE","","./image/250090266.jpg","Thierry Correia","DEFENDER","2","THIERRY R.","200110","","Portugal","Défenseur","","Thierry Correia","Thierry Correia","Thierry Correia","200122","./assoc/200122_ESP.svg","./logo/52268.png","UEFA","ESP","52268","FAME","Valencia","","https://img.uefa.com/imgml/TP/teams/logos/70x70/52268.png","https://img.uefa.com/imgml/TP/teams/logos/240x240/52268.png","252268","VAL","DOMESTIC_MEN_TEAM_A","","DOMESTIC","Espagne","Valencia","Valencia CF","VAL","20","MINUTE","1","0","0","2.72","KILOMETER","27.9","KILOMETER_PER_HOUR"
"250086714","53065","36","1989-02-21","18","Kolomeitcev","RUS","ATTACKING_MIDFIELDER","MIDFIELDER","MALE","183","./image/250086714.jpg","Aleksandr Kolomeytsev","MIDFIELDER","","Kolomeitcev","","","Russie","Milieu","Aleksandr","Kolomeytsev","Aleksandr Kolomeytsev","Kolomeytsev","257451","./assoc/257451_RUS.svg","./logo/53065.png","UEFA","RUS","53065","FAME","Lokomotiv Moskva","","https://img.uefa.com/imgml/TP/teams/logos/70x70/53065.png","https://img.uefa.com/imgml/TP/teams/logos/240x240/53065.png","253065","LMO","DOMESTIC_MEN_TEAM_A","","DOMESTIC","Russie","Lokomotiv Moskva","FC Lokomotiv Moskva","LMO","19","MINUTE","3","0","0","3.77","KILOMETER","27.7","KILOMETER_PER_HOUR"
"250077958","52758","27","1998-09-19","29","Bruun Larsen","DEN","WINGER","FORWARD","MALE","","./image/250077958.jpg","Jacob Bruun Larsen","FORWARD","18","Bruun Larsen","35","","Danemark","Attaquant","Jacob","Bruun Larsen","Jacob Bruun Larsen","Bruun Larsen","200047","./assoc/200047_GER.svg","./logo/52758.png","UEFA","GER","52758","FAME","B. Dortmund","","https://img.uefa.com/imgml/TP/teams/logos/70x70/52758.png","https://img.uefa.com/imgml/TP/teams/logos/240x240/52758.png","252758","BVB","DOMESTIC_MEN_TEAM_A","","DOMESTIC","Allemagne","B. Dortmund","Borussia Dortmund","BVB","19","MINUTE","2","0","0","3.03","KILOMETER","30.6","KILOMETER_PER_HOUR"
"250061150","50067","35","1990-01-23","2","ŞENER","TUR","FULL_BACK","DEFENDER","MALE","171","./image/250061150.jpg","Şener Özbayraklı","DEFENDER","2","ŞENER","135","71","Turquie","Défenseur","","Şener Özbayraklı","Şener Özbayraklı","Şener Özbayraklı","200135","./assoc/200135_TUR.svg","./logo/50067.png","UEFA","TUR","50067","FAME","Galatasaray","","https://img.uefa.com/imgml/TP/teams/logos/70x70/50067.png","https://img.uefa.com/imgml/TP/teams/logos/240x240/50067.png","250067","GAL","DOMESTIC_MEN_TEAM_A","","DOMESTIC","Turquie","Galatasaray","Galatasaray A.Ş.","GAL","19","MINUTE","2","0","0","2.52","KILOMETER","21.4","KILOMETER_PER_HOUR"
"250131714","52816","26","1998-11-23","3","Ibañez","BRA","CENTRE_BACK","DEFENDER","MALE","","./image/250131714.jpg","Roger Ibañez","DEFENDER","","Ibañez","","","Brésil","Défenseur","Roger","Ibañez","Roger Ibañez","Ibañez","200066","./assoc/200066_ITA.svg","./logo/52816.png","UEFA","ITA","52816","FAME","Atalanta","","https://img.uefa.com/imgml/TP/teams/logos/70x70/52816.png","https://img.uefa.com/imgml/TP/teams/logos/240x240/52816.png","252816","ATA","DOMESTIC_MEN_TEAM_A","","DOMESTIC","Italie","Atalanta","Atalanta BC","ATA","19","MINUTE","1","0","0","2.61","KILOMETER","21.9","KILOMETER_PER_HOUR"
"250101412","50136","25","2000-05-05","70","Gaetano","ITA","","FORWARD","MALE","","./image/250101412.jpg","Gianluca Gaetano","MIDFIELDER","14","Gaetano","200066","","Italie","Attaquant","Gianluca","Gaetano","Gianluca Gaetano","Gaetano","200066","./assoc/200066_ITA.svg","./logo/50136.png","UEFA","ITA","50136","FAME","Napoli","","https://img.uefa.com/imgml/TP/teams/logos/70x70/50136.png","https://img.uefa.com/imgml/TP/teams/logos/240x240/50136.png","250136","NAP","DOMESTIC_MEN_TEAM_A","","DOMESTIC","Italie","Napoli","SSC Napoli","NAP","18","MINUTE","1","0","0","2.26","KILOMETER","28.1","KILOMETER_PER_HOUR"
"250121328","75797","30","1995-03-20","30","LEO JARDIM","ITA","UNKNOWN","GOALKEEPER","MALE","","./image/250121328.jpg","Leo Jardim","GOALKEEPER","23","Leo Jardim","18","","Italie","Gardien","","Leo Jardim","Leo Jardim","Leo Jardim","200043","./assoc/200043_FRA.svg","./logo/75797.png","UEFA","FRA","75797","FAME","Lille","","https://img.uefa.com/imgml/TP/teams/logos/70x70/75797.png","https://img.uefa.com/imgml/TP/teams/logos/240x240/75797.png","275797","LIL","DOMESTIC_MEN_TEAM_A","","DOMESTIC","France","Lille","LOSC Lille","LIL","18","MINUTE","1","0","0","1.2","KILOMETER","20.6","KILOMETER_PER_HOUR"
"250040615","52707","36","1989-01-19","9","Dentinho","BRA","ATTACKING_MIDFIELDER","MIDFIELDER","MALE","177","./image/250040615.jpg","Dentinho","MIDFIELDER","","Ferreiro Bonfim","","73","Brésil","Milieu","","Dentinho","Dentinho","Dentinho","257166","./assoc/257166_UKR.svg","./logo/52707.png","UEFA","UKR","52707","FAME","Shakhtar","","https://img.uefa.com/imgml/TP/teams/logos/70x70/52707.png","https://img.uefa.com/imgml/TP/teams/logos/240x240/52707.png","252707","SHK","DOMESTIC_MEN_TEAM_A","","DOMESTIC","Ukraine","Shakhtar","FC Shakhtar Donetsk","SHK","17","MINUTE","2","0","0","3.24","KILOMETER","28.6","KILOMETER_PER_HOUR"
"250088039","50051","26","1999-08-03","21","BRAHIM","MAR","ATTACKING_MIDFIELDER","FORWARD","MALE","","./image/250088039.jpg","Brahim Díaz","MIDFIELDER","7","Brahim","122","","Maroc","Attaquant","","Brahim Díaz","Brahim Díaz","Brahim Díaz","200122","./assoc/200122_ESP.svg","./logo/50051.png","UEFA","ESP","50051","FAME","Real Madrid","","https://img.uefa.com/imgml/TP/teams/logos/70x70/50051.png","https://img.uefa.com/imgml/TP/teams/logos/240x240/50051.png","250051","RMA","DOMESTIC_MEN_TEAM_A","","DOMESTIC","Espagne","Real Madrid","Real Madrid C.F.","RMA","17","MINUTE","1","0","0","2.4","KILOMETER","25.2","KILOMETER_PER_HOUR"
"250064811","52498","28","1996-10-23","17","Provod","CZE","WINGER","MIDFIELDER","MALE","","./image/250064811.jpg","Lukáš Provod","MIDFIELDER","14","Provod","58837","","Tchéquie","Milieu","Lukáš","Provod","Lukáš Provod","Provod","258837","./assoc/258837_CZE.svg","./logo/52498.png","UEFA","CZE","52498","FAME","Slavia Praha","","https://img.uefa.com/imgml/TP/teams/logos/70x70/52498.png","https://img.uefa.com/imgml/TP/teams/logos/240x240/52498.png","252498","SLP","DOMESTIC_MEN_TEAM_A","","DOMESTIC","Tchéquie","Slavia Praha","SK Slavia Praha","SLA","13","MINUTE","2","0","0","3.38","KILOMETER","29","KILOMETER_PER_HOUR"
"250026962","52268","34","1991-03-11","24","FLORENZI","ITA","CENTRAL_MIDFIELDER","DEFENDER","MALE","173","./image/250026962.jpg","Alessandro Florenzi","DEFENDER","7","Florenzi","66","67","Italie","Défenseur","Alessandro","Florenzi","Alessandro Florenzi","Florenzi","200122","./assoc/200122_ESP.svg","./logo/52268.png","UEFA","ESP","52268","FAME","Valencia","","https://img.uefa.com/imgml/TP/teams/logos/70x70/52268.png","https://img.uefa.com/imgml/TP/teams/logos/240x240/52268.png","252268","VAL","DOMESTIC_MEN_TEAM_A","","DOMESTIC","Espagne","Valencia","Valencia CF","VAL","11","MINUTE","1","0","0","1.73","KILOMETER","31.3","KILOMETER_PER_HOUR"
"1902446","50143","36","1989-01-28","15","De Jong","NED","STRIKER","FORWARD","MALE","185","./image/1902446.jpg","Siem de Jong","FORWARD","","De Jong","95","76","Pays-Bas","Attaquant","Siem","de Jong","Siem de Jong","S. De Jong","200095","./assoc/200095_NED.svg","./logo/50143.png","UEFA","NED","50143","FAME","Ajax","","https://img.uefa.com/imgml/TP/teams/logos/70x70/50143.png","https://img.uefa.com/imgml/TP/teams/logos/240x240/50143.png","250143","AJX","DOMESTIC_MEN_TEAM_A","","DOMESTIC","Pays-Bas","Ajax","AFC Ajax","AJX","9","MINUTE","4","0","0","3.09","KILOMETER","25.2","KILOMETER_PER_HOUR"
"107044","52826","34","1991-03-08","21","Mak","SVK","WINGER","FORWARD","MALE","179","./image/107044.jpg","Róbert Mak","FORWARD","20","Mak","58836","78","Slovaquie","Attaquant","Róbert","Mak","Róbert Mak","Mak","257451","./assoc/257451_RUS.svg","./logo/52826.png","UEFA","RUS","52826","FAME","Zenit","","https://img.uefa.com/imgml/TP/teams/logos/70x70/52826.png","https://img.uefa.com/imgml/TP/teams/logos/240x240/52826.png","252826","ZEN","DOMESTIC_MEN_TEAM_A","","DOMESTIC","Russie","Zenit","FC Zenit","ZEN","9","MINUTE","2","0","0","1.9","KILOMETER","26.6","KILOMETER_PER_HOUR"
"250122750","61582","27","1998-01-15","90","Odey","NGA","STRIKER","FORWARD","MALE","","./image/250122750.jpg","Stephen Odey","FORWARD","","Odey","","","Nigeria","Attaquant","Stephen","Odey","Stephen Odey","Odey","200013","./assoc/200013_BEL.svg","./logo/61582.png","UEFA","BEL","61582","FAME","Genk","","https://img.uefa.com/imgml/TP/teams/logos/70x70/61582.png","https://img.uefa.com/imgml/TP/teams/logos/240x240/61582.png","261582","GEN","DOMESTIC_MEN_TEAM_A","","DOMESTIC","Belgique","Genk","KRC Genk","GEN","9","MINUTE","1","1","0","1.59","KILOMETER","26.3","KILOMETER_PER_HOUR"
"250098470","50164","27","1998-01-17","21","Majer","CRO","ATTACKING_MIDFIELDER","MIDFIELDER","MALE","","./image/250098470.jpg","Lovro Majer","MIDFIELDER","7","Majer","56370","","Croatie","Milieu","Lovro","Majer","Lovro Majer","Majer","256370","./assoc/256370_CRO.svg","./logo/50164.png","UEFA","CRO","50164","FAME","GNK Dinamo","","https://img.uefa.com/imgml/TP/teams/logos/70x70/50164.png","https://img.uefa.com/imgml/TP/teams/logos/240x240/50164.png","250164","DIN","DOMESTIC_MEN_TEAM_A","","DOMESTIC","Croatie","GNK Dinamo","GNK Dinamo","DIN","9","MINUTE","1","0","0","1.89","KILOMETER","25.2","KILOMETER_PER_HOUR"
"250023866","1652","34","1991-06-25","12","Wanyama","KEN","DEFENSIVE_MIDFIELDER","MIDFIELDER","MALE","188","./image/250023866.jpg","Victor Wanyama","MIDFIELDER","","Wanyama","","76","Kenya","Milieu","Victor","Wanyama","Victor Wanyama","Wanyama","200039","./assoc/200039_ENG.svg","./logo/1652.png","UEFA","ENG","1652","FAME","Tottenham","","https://img.uefa.com/imgml/TP/teams/logos/70x70/1652.png","https://img.uefa.com/imgml/TP/teams/logos/240x240/1652.png","201652","TOT","DOMESTIC_MEN_TEAM_A","","DOMESTIC","Angleterre","Tottenham","Tottenham Hotspur","TOT","9","MINUTE","1","0","0","1.71","KILOMETER","29.2","KILOMETER_PER_HOUR"
"250010962","50164","34","1991-08-04","20","Hajrovic","SUI","WINGER","MIDFIELDER","MALE","177","./image/250010962.jpg","Izet Hajrovic","FORWARD","20","Hajrovic","60094","71","Suisse","Milieu","Izet","Hajrovic","Izet Hajrovic","Hajrovic","256370","./assoc/256370_CRO.svg","./logo/50164.png","UEFA","CRO","50164","FAME","GNK Dinamo","","https://img.uefa.com/imgml/TP/teams/logos/70x70/50164.png","https://img.uefa.com/imgml/TP/teams/logos/240x240/50164.png","250164","DIN","DOMESTIC_MEN_TEAM_A","","DOMESTIC","Croatie","GNK Dinamo","GNK Dinamo","DIN","9","MINUTE","1","0","0","1.7","KILOMETER","26.1","KILOMETER_PER_HOUR"
"1907791","50147","36","1989-06-13","22","SAMARIS","GRE","DEFENSIVE_MIDFIELDER","MIDFIELDER","MALE","189","./image/1907791.jpg","Andreas Samaris","MIDFIELDER","22","Samaris","49","80","Grèce","Milieu","Andreas","Samaris","Andreas Samaris","Samaris","200110","./assoc/200110_POR.svg","./logo/50147.png","UEFA","POR","50147","FAME","Benfica","","https://img.uefa.com/imgml/TP/teams/logos/70x70/50147.png","https://img.uefa.com/imgml/TP/teams/logos/240x240/50147.png","250147","BEN","DOMESTIC_MEN_TEAM_A","","DOMESTIC","Portugal","Benfica","SL Benfica","BEN","9","MINUTE","1","0","0","1.51","KILOMETER","19.5","KILOMETER_PER_HOUR"
"250024989","52816","31","1994-02-04","5","TAMEZE","FRA","DEFENSIVE_MIDFIELDER","MIDFIELDER","MALE","","./image/250024989.jpg","Adrien Tameze","MIDFIELDER","6","Tameze","400043","","France","Milieu","Adrien","Tameze","Adrien Tameze","Tameze","200066","./assoc/200066_ITA.svg","./logo/52816.png","UEFA","ITA","52816","FAME","Atalanta","","https://img.uefa.com/imgml/TP/teams/logos/70x70/52816.png","https://img.uefa.com/imgml/TP/teams/logos/240x240/52816.png","252816","ATA","DOMESTIC_MEN_TEAM_A","","DOMESTIC","Italie","Atalanta","Atalanta BC","ATA","8","MINUTE","2","0","0","1.59","KILOMETER","28.1","KILOMETER_PER_HOUR"
"250135470","52816","24","2000-10-27","20","Da Riva","ITA","","MIDFIELDER","MALE","","./image/250135470.jpg","Jacopo Da Riva","MIDFIELDER","","Da Riva","200066","","Italie","Milieu","Jacopo","Da Riva","Jacopo Da Riva","Da Riva","200066","./assoc/200066_ITA.svg","./logo/52816.png","UEFA","ITA","52816","FAME","Atalanta","","https://img.uefa.com/imgml/TP/teams/logos/70x70/52816.png","https://img.uefa.com/imgml/TP/teams/logos/240x240/52816.png","252816","ATA","DOMESTIC_MEN_TEAM_A","","DOMESTIC","Italie","Atalanta","Atalanta BC","ATA","8","MINUTE","1","0","0","1.78","KILOMETER","24.1","KILOMETER_PER_HOUR"
"250117505","52919","23","2002-01-30","6","Harwood-Bellis","ENG","UNKNOWN","DEFENDER","MALE","","./image/250117505.jpg","Taylor Harwood-Bellis","DEFENDER","16","Harwood-Bellis","39","","Angleterre","Défenseur","Taylor","Harwood-Bellis","Taylor Harwood-Bellis","Harwood-Bellis","200039","./assoc/200039_ENG.svg","./logo/52919.png","UEFA","ENG","52919","FAME","Man City","","https://img.uefa.com/imgml/TP/teams/logos/70x70/52919.png","https://img.uefa.com/imgml/TP/teams/logos/240x240/52919.png","252919","MCI","DOMESTIC_MEN_TEAM_A","","DOMESTIC","Angleterre","Man City","Manchester City","MCI","8","MINUTE","1","0","0","1.43","KILOMETER","24.3","KILOMETER_PER_HOUR"
"250128245","61582","29","1996-09-13","5","Borges","BRA","UNKNOWN","DEFENDER","MALE","","./image/250128245.jpg","Neto Borges","DEFENDER","","Borges","","","Brésil","Défenseur","","Neto Borges","Neto Borges","Neto Borges","200013","./assoc/200013_BEL.svg","./logo/61582.png","UEFA","BEL","61582","FAME","Genk","","https://img.uefa.com/imgml/TP/teams/logos/70x70/61582.png","https://img.uefa.com/imgml/TP/teams/logos/240x240/61582.png","261582","GEN","DOMESTIC_MEN_TEAM_A","","DOMESTIC","Belgique","Genk","KRC Genk","GEN","8","MINUTE","1","0","0","1.1","KILOMETER","24.3","KILOMETER_PER_HOUR"
"250101129","5312","25","2000-02-16","9","Gouiri","ALG","STRIKER","FORWARD","MALE","","./image/250101129.jpg","Amine Gouiri","FORWARD","11","GOUIRI","3","","Algérie","Attaquant","Amine","Gouiri","Amine Gouiri","Gouiri","200043","./assoc/200043_FRA.svg","./logo/5312.png","UEFA","FRA","5312","FAME","Lyon","","https://img.uefa.com/imgml/TP/teams/logos/70x70/5312.png","https://img.uefa.com/imgml/TP/teams/logos/240x240/5312.png","205312","LYO","DOMESTIC_MEN_TEAM_A","","DOMESTIC","France","Lyon","Olympique Lyonnais","LYO","7","MINUTE","1","0","0","1.51","KILOMETER","25.2","KILOMETER_PER_HOUR"
"250128213","50164","29","1996-01-24","80","Atiemwen","NGA","WINGER","FORWARD","MALE","","./image/250128213.jpg","Iyayi Atiemwen","MIDFIELDER","","Atiemwen","","","Nigeria","Attaquant","Iyayi","Atiemwen","Iyayi Atiemwen","Atiemwen","256370","./assoc/256370_CRO.svg","./logo/50164.png","UEFA","CRO","50164","FAME","GNK Dinamo","","https://img.uefa.com/imgml/TP/teams/logos/70x70/50164.png","https://img.uefa.com/imgml/TP/teams/logos/240x240/50164.png","250164","DIN","DOMESTIC_MEN_TEAM_A","","DOMESTIC","Croatie","GNK Dinamo","GNK Dinamo","DIN","7","MINUTE","1","0","0","1.49","KILOMETER","27.9","KILOMETER_PER_HOUR"
"250128118","52758","26","1999-01-26","5","Balerdi","ARG","UNKNOWN","DEFENDER","MALE","","./image/250128118.jpg","Leonardo Balerdi","DEFENDER","","Balerdi","6","","Argentine","Défenseur","Leonardo","Balerdi","Leonardo Balerdi","Balerdi","200047","./assoc/200047_GER.svg","./logo/52758.png","UEFA","GER","52758","FAME","B. Dortmund","","https://img.uefa.com/imgml/TP/teams/logos/70x70/52758.png","https://img.uefa.com/imgml/TP/teams/logos/240x240/52758.png","252758","BVB","DOMESTIC_MEN_TEAM_A","","DOMESTIC","Allemagne","B. Dortmund","Borussia Dortmund","BVB","7","MINUTE","1","0","0","1.42","KILOMETER","28.1","KILOMETER_PER_HOUR"
"250087541","50080","26","1999-09-13","8","MONCHU","ESP","","MIDFIELDER","MALE","","./image/250087541.jpg","Monchu","MIDFIELDER","","","","","Espagne","Milieu","","Monchu","Monchu","Monchu","200122","./assoc/200122_ESP.svg","./logo/50080.png","UEFA","ESP","50080","FAME","Barcelona","","https://img.uefa.com/imgml/TP/teams/logos/70x70/50080.png","https://img.uefa.com/imgml/TP/teams/logos/240x240/50080.png","250080","BAR","DOMESTIC_MEN_TEAM_A","","DOMESTIC","Espagne","Barcelona","FC Barcelona","BAR","6","MINUTE","1","0","0","1.54","KILOMETER","27","KILOMETER_PER_HOUR"
"250091206","50139","26","1999-06-30","35","Olivieri","ITA","UNKNOWN","FORWARD","MALE","","./image/250091206.jpg","Marco Olivieri","FORWARD","9","Olivieri","300066","","Italie","Attaquant","Marco","Olivieri","Marco Olivieri","Olivieri","200066","./assoc/200066_ITA.svg","./logo/50139.png","UEFA","ITA","50139","FAME","Juventus","","https://img.uefa.com/imgml/TP/teams/logos/70x70/50139.png","https://img.uefa.com/imgml/TP/teams/logos/240x240/50139.png","250139","JUV","DOMESTIC_MEN_TEAM_A","","DOMESTIC","Italie","Juventus","Juventus","JUV","6","MINUTE","1","0","0","1.46","KILOMETER","28.4","KILOMETER_PER_HOUR"
"250003957","50030","33","1992-09-09","29","Farkas","AUT","FULL_BACK","MIDFIELDER","MALE","","./image/250003957.jpg","Patrick Farkas","DEFENDER","14","Farkas","200008","","Autriche","Milieu","Patrick","Farkas","Patrick Farkas","Farkas","200008","./assoc/200008_AUT.svg","./logo/50030.png","UEFA","AUT","50030","FAME","Salzburg","","https://img.uefa.com/imgml/TP/teams/logos/70x70/50030.png","https://img.uefa.com/imgml/TP/teams/logos/240x240/50030.png","250030","SAL","DOMESTIC_MEN_TEAM_A","","DOMESTIC","Autriche","Salzburg","FC Salzburg","SAL","6","MINUTE","1","0","0","1.42","KILOMETER","28.4","KILOMETER_PER_HOUR"
"250014343","50136","32","1993-08-06","34","Amin","GER","WINGER","FORWARD","MALE","168","./image/250014343.jpg","Amin Younes","FORWARD","11","Younes","47","70","Allemagne","Attaquant","Amin","Younes","Amin Younes","Younes","200066","./assoc/200066_ITA.svg","./logo/50136.png","UEFA","ITA","50136","FAME","Napoli","","https://img.uefa.com/imgml/TP/teams/logos/70x70/50136.png","https://img.uefa.com/imgml/TP/teams/logos/240x240/50136.png","250136","NAP","DOMESTIC_MEN_TEAM_A","","DOMESTIC","Italie","Napoli","SSC Napoli","NAP","5","MINUTE","1","0","0","1.37","KILOMETER","22.7","KILOMETER_PER_HOUR"
"250106762","50037","24","2001-05-22","11","Zirkzee","NED","UNKNOWN","FORWARD","MALE","","./image/250106762.jpg","Joshua Zirkzee","FORWARD","21","Zirkzee","95","","Pays-Bas","Attaquant","Joshua","Zirkzee","Joshua Zirkzee","Zirkzee","200047","./assoc/200047_GER.svg","./logo/50037.png","UEFA","GER","50037","FAME","Bayern München","","https://img.uefa.com/imgml/TP/teams/logos/70x70/50037.png","https://img.uefa.com/imgml/TP/teams/logos/240x240/50037.png","250037","BAY","DOMESTIC_MEN_TEAM_A","","DOMESTIC","Allemagne","Bayern München","FC Bayern München","BAY","4","MINUTE","1","0","0","0.9","KILOMETER","20.11","KILOMETER_PER_HOUR"
"250078693","50043","29","1996-06-04","2","Cools","MAS","FULL_BACK","DEFENDER","MALE","184","./image/250078693.jpg","Dion Cools","DEFENDER","2","Cools","200013","77","Malaisie","Défenseur","Dion","Cools","Dion Cools","Cools","200013","./assoc/200013_BEL.svg","./logo/50043.png","UEFA","BEL","50043","FAME","Club Brugge","","https://img.uefa.com/imgml/TP/teams/logos/70x70/50043.png","https://img.uefa.com/imgml/TP/teams/logos/240x240/50043.png","250043","BRU","DOMESTIC_MEN_TEAM_A","","DOMESTIC","Belgique","Club Brugge","Club Brugge KV","BRU","3","MINUTE","1","0","0","1.13","KILOMETER","23.4","KILOMETER_PER_HOUR"
"250131393","5312","27","1998-06-22","11","Jean Lucas","BRA","UNKNOWN","MIDFIELDER","MALE","","./image/250131393.jpg","Jean Lucas","MIDFIELDER","","Jean Lucas","","","Brésil","Milieu","","Jean Lucas","Jean Lucas","Jean Lucas","200043","./assoc/200043_FRA.svg","./logo/5312.png","UEFA","FRA","5312","FAME","Lyon","","https://img.uefa.com/imgml/TP/teams/logos/70x70/5312.png","https://img.uefa.com/imgml/TP/teams/logos/240x240/5312.png","205312","LYO","DOMESTIC_MEN_TEAM_A","","DOMESTIC","France","Lyon","Olympique Lyonnais","LYO","3","MINUTE","1","0","0","0.98","KILOMETER","31","KILOMETER_PER_HOUR"
"1905360","7889","34","1991-10-10","10","SHAQIRI","SUI","WINGER","MIDFIELDER","MALE","169","./image/1905360.jpg","Xherdan Shaqiri","MIDFIELDER","23","Shaqiri","128","72","Suisse","Milieu","Xherdan","Shaqiri","Xherdan Shaqiri","Shaqiri","200039","./assoc/200039_ENG.svg","./logo/7889.png","UEFA","ENG","7889","FAME","Liverpool","","https://img.uefa.com/imgml/TP/teams/logos/70x70/7889.png","https://img.uefa.com/imgml/TP/teams/logos/240x240/7889.png","207889","LIV","DOMESTIC_MEN_TEAM_A","","DOMESTIC","Angleterre","Liverpool","Liverpool FC","LIV","3","MINUTE","1","0","0","0.96","KILOMETER","22","KILOMETER_PER_HOUR"
"250101721","50143","25","2000-04-05","24","Ekkelenkamp","NED","ATTACKING_MIDFIELDER","MIDFIELDER","MALE","","./image/250101721.jpg","Jurgen Ekkelenkamp","MIDFIELDER","11","Ekkelenkamp","200095","","Pays-Bas","Milieu","Jurgen","Ekkelenkamp","Jurgen Ekkelenkamp","Ekkelenkamp","200095","./assoc/200095_NED.svg","./logo/50143.png","UEFA","NED","50143","FAME","Ajax","","https://img.uefa.com/imgml/TP/teams/logos/70x70/50143.png","https://img.uefa.com/imgml/TP/teams/logos/240x240/50143.png","250143","AJX","DOMESTIC_MEN_TEAM_A","","DOMESTIC","Pays-Bas","Ajax","AFC Ajax","AJX","2","MINUTE","1","0","0","0.96","KILOMETER","24.8","KILOMETER_PER_HOUR"
"250117437","52816","26","1998-11-14","99","Barrow","GAM","STRIKER","FORWARD","MALE","","./image/250117437.jpg","Musa Barrow","FORWARD","","Barrow","","","Gambie","Attaquant","Musa","Barrow","Musa Barrow","Barrow","200066","./assoc/200066_ITA.svg","./logo/52816.png","UEFA","ITA","52816","FAME","Atalanta","","https://img.uefa.com/imgml/TP/teams/logos/70x70/52816.png","https://img.uefa.com/imgml/TP/teams/logos/240x240/52816.png","252816","ATA","DOMESTIC_MEN_TEAM_A","","DOMESTIC","Italie","Atalanta","Atalanta BC","ATA","2","MINUTE","1","0","0","0.82","KILOMETER","28.4","KILOMETER_PER_HOUR"
"250117516","1652","23","2002-03-11","46","Fagan-Walcott","ENG","","DEFENDER","MALE","","./image/250117516.jpg","Malachi Fagan-Walcott","DEFENDER","18","Fagan-Walcott","400039","","Angleterre","Défenseur","Malachi","Fagan-Walcott","Malachi Fagan-Walcott","Fagan-Walcott","200039","./assoc/200039_ENG.svg","./logo/1652.png","UEFA","ENG","1652","FAME","Tottenham","","https://img.uefa.com/imgml/TP/teams/logos/70x70/1652.png","https://img.uefa.com/imgml/TP/teams/logos/240x240/1652.png","201652","TOT","DOMESTIC_MEN_TEAM_A","","DOMESTIC","Angleterre","Tottenham","Tottenham Hotspur","TOT","1","MINUTE","1","0","0","0.81","KILOMETER","24.8","KILOMETER_PER_HOUR"
"250117359","50030","25","1999-11-28","20","Koita","MLI","STRIKER","FORWARD","MALE","","./image/250117359.jpg","Sékou Koita","FORWARD","","Koita","","","Mali","Attaquant","Sékou","Koita","Sékou Koita","Koita","200008","./assoc/200008_AUT.svg","./logo/50030.png","UEFA","AUT","50030","FAME","Salzburg","","https://img.uefa.com/imgml/TP/teams/logos/70x70/50030.png","https://img.uefa.com/imgml/TP/teams/logos/240x240/50030.png","250030","SAL","DOMESTIC_MEN_TEAM_A","","DOMESTIC","Autriche","Salzburg","FC Salzburg","SAL","1","MINUTE","1","0","0","0.65","KILOMETER","26.6","KILOMETER_PER_HOUR"
"250123910","50067","23","2002-02-04","9","Yardımcı","TUR","UNKNOWN","FORWARD","MALE","","./image/250123910.jpg","Erencan Yardımcı","FORWARD","11","","200135","","Turquie","Attaquant","","Erencan Yardımcı","Erencan Yardımcı","Erencan Yardımcı","200135","./assoc/200135_TUR.svg","./logo/50067.png","UEFA","TUR","50067","FAME","Galatasaray","","https://img.uefa.com/imgml/TP/teams/logos/70x70/50067.png","https://img.uefa.com/imgml/TP/teams/logos/240x240/50067.png","250067","GAL","DOMESTIC_MEN_TEAM_A","","DOMESTIC","Turquie","Galatasaray","Galatasaray A.Ş.","GAL","1","MINUTE","1","0","0","0.57","KILOMETER","25","KILOMETER_PER_HOUR"
"250115487","52707","24","2001-04-16","14","Sikan","UKR","STRIKER","FORWARD","MALE","","./image/250115487.jpg","Danylo Sikan","FORWARD","14","Sikan","57166","","Ukraine","Attaquant","Danylo","Sikan","Danylo Sikan","Sikan","257166","./assoc/257166_UKR.svg","./logo/52707.png","UEFA","UKR","52707","FAME","Shakhtar","","https://img.uefa.com/imgml/TP/teams/logos/70x70/52707.png","https://img.uefa.com/imgml/TP/teams/logos/240x240/52707.png","252707","SHK","DOMESTIC_MEN_TEAM_A","","DOMESTIC","Ukraine","Shakhtar","FC Shakhtar Donetsk","SHK","1","MINUTE","1","0","0","0.54","KILOMETER","27.9","KILOMETER_PER_HOUR"
"250128211","50030","30","1995-07-02","20","Vallci","AUT","CENTRE_BACK","DEFENDER","MALE","","./image/250128211.jpg","Albert Vallci","DEFENDER","4","Vallci","8","","Autriche","Défenseur","Albert","Vallci","Albert Vallci","Vallci","200008","./assoc/200008_AUT.svg","./logo/50030.png","UEFA","AUT","50030","FAME","Salzburg","","https://img.uefa.com/imgml/TP/teams/logos/70x70/50030.png","https://img.uefa.com/imgml/TP/teams/logos/240x240/50030.png","250030","SAL","DOMESTIC_MEN_TEAM_A","","DOMESTIC","Autriche","Salzburg","FC Salzburg","SAL","1","MINUTE","1","0","0","0.42","KILOMETER","16.11","KILOMETER_PER_HOUR"
"250003420","52758","37","1988-01-22","29","Schmelzer","GER","FULL_BACK","DEFENDER","MALE","181","./image/250003420.jpg","Marcel Schmelzer","DEFENDER","3","Schmelzer","","74","Allemagne","Défenseur","Marcel","Schmelzer","Marcel Schmelzer","Schmelzer","200047","./assoc/200047_GER.svg","./logo/52758.png","UEFA","GER","52758","FAME","B. Dortmund","","https://img.uefa.com/imgml/TP/teams/logos/70x70/52758.png","https://img.uefa.com/imgml/TP/teams/logos/240x240/52758.png","252758","BVB","DOMESTIC_MEN_TEAM_A","","DOMESTIC","Allemagne","B. Dortmund","Borussia Dortmund","BVB","1","MINUTE","1","0","0","0.32","KILOMETER","20.8","KILOMETER_PER_HOUR"
"250026109","50164","33","1992-04-04","16","Šitum","CRO","WINGER","FORWARD","MALE","177","./image/250026109.jpg","Mario Šitum","MIDFIELDER","7","Šitum","256370","73","Croatie","Attaquant","Mario","Šitum","Mario Šitum","Šitum","256370","./assoc/256370_CRO.svg","./logo/50164.png","UEFA","CRO","50164","FAME","GNK Dinamo","","https://img.uefa.com/imgml/TP/teams/logos/70x70/50164.png","https://img.uefa.com/imgml/TP/teams/logos/240x240/50164.png","250164","DIN","DOMESTIC_MEN_TEAM_A","","DOMESTIC","Croatie","GNK Dinamo","GNK Dinamo","DIN","1","MINUTE","1","0","0","0.18","KILOMETER","23.9","KILOMETER_PER_HOUR"
"250076314","50139","27","1998-05-30","38","Muratore","ITA","UNKNOWN","MIDFIELDER","MALE","","./image/250076314.jpg","Simone Muratore","MIDFIELDER","11","Muratore","200066","","Italie","Milieu","Simone","Muratore","Simone Muratore","Muratore","200066","./assoc/200066_ITA.svg","./logo/50139.png","UEFA","ITA","50139","FAME","Juventus","","https://img.uefa.com/imgml/TP/teams/logos/70x70/50139.png","https://img.uefa.com/imgml/TP/teams/logos/240x240/50139.png","250139","JUV","DOMESTIC_MEN_TEAM_A","","DOMESTIC","Italie","Juventus","Juventus","JUV","1","MINUTE","1","0","0","0.17","KILOMETER","20.6","KILOMETER_PER_HOUR"
"99208","7889","37","1988-05-10","14","Lallana","ENG","ATTACKING_MIDFIELDER","MIDFIELDER","MALE","172","./image/99208.jpg","Adam Lallana","MIDFIELDER","8","Lallana","39","73","Angleterre","Milieu","Adam","Lallana","Adam Lallana","Lallana","200039","./assoc/200039_ENG.svg","./logo/7889.png","UEFA","ENG","7889","FAME","Liverpool","","https://img.uefa.com/imgml/TP/teams/logos/70x70/7889.png","https://img.uefa.com/imgml/TP/teams/logos/240x240/7889.png","207889","LIV","DOMESTIC_MEN_TEAM_A","","DOMESTIC","Angleterre","Liverpool","Liverpool FC","LIV","0","MINUTE","","","","","","",""
"95569","50109","41","1984-06-28","28","","AUT","GOALKEEPER","","MALE","187","./image/95569.jpg","Ramazan Özcan","GOALKEEPER","1","Özcan","200008","84","Autriche","","Ramazan","Özcan","Ramazan Özcan","Özcan","200047","./assoc/200047_GER.svg","./logo/50109.png","UEFA","GER","50109","FAME","Leverkusen","","https://img.uefa.com/imgml/TP/teams/logos/70x70/50109.png","https://img.uefa.com/imgml/TP/teams/logos/240x240/50109.png","250109","LEV","DOMESTIC_MEN_TEAM_A","","DOMESTIC","Allemagne","Leverkusen","Bayer 04 Leverkusen","LEV","0","MINUTE","","","","","","",""
"94102","2603790","39","1985-11-03","13","Tschauner","GER","UNKNOWN","GOALKEEPER","MALE","","./image/94102.jpg","Philipp Tschauner","GOALKEEPER","","Tschauner","","","Allemagne","Gardien","Philipp","Tschauner","Philipp Tschauner","Tschauner","200047","./assoc/200047_GER.svg","./logo/2603790.png","UEFA","GER","2603790","FAME","Leipzig","","https://img.uefa.com/imgml/TP/teams/logos/70x70/2603790.png","https://img.uefa.com/imgml/TP/teams/logos/240x240/2603790.png","250002563","RBL","DOMESTIC_MEN_TEAM_A","","DOMESTIC","Allemagne","Leipzig","RB Leipzig","RBL","0","MINUTE","","","","","","",""
"72323","2610","40","1984-12-03","34","","GRE","CENTRE_BACK","","MALE","186","./image/72323.jpg","Avraam Papadopoulos","DEFENDER","21","Papadopoulos","49","79","Grèce","","Avraam","Papadopoulos","Avraam Papadopoulos","Papadopoulos","200049","./assoc/200049_GRE.svg","./logo/2610.png","UEFA","GRE","2610","FAME","Olympiacos","","https://img.uefa.com/imgml/TP/teams/logos/70x70/2610.png","https://img.uefa.com/imgml/TP/teams/logos/240x240/2610.png","202610","OLY","DOMESTIC_MEN_TEAM_A","","DOMESTIC","Grèce","Olympiacos","Olympiacos FC","OLY","0","MINUTE","","","","","","",""
"69543","50124","38","1987-05-13","1","Adán","ESP","UNKNOWN","GOALKEEPER","MALE","190","./image/69543.jpg","Antonio Adán","GOALKEEPER","23","Adán","200122","88","Espagne","Gardien","Antonio","Adán","Antonio Adán","Adán","200122","./assoc/200122_ESP.svg","./logo/50124.png","UEFA","ESP","50124","FAME","Atleti","","https://img.uefa.com/imgml/TP/teams/logos/70x70/50124.png","https://img.uefa.com/imgml/TP/teams/logos/240x240/50124.png","250124","ATM","DOMESTIC_MEN_TEAM_A","","DOMESTIC","Espagne","Atleti","Atlético de Madrid","ATM","0","MINUTE","","","","","","",""
"69178","52919","40","1985-09-03","33","Carson","ENG","UNKNOWN","GOALKEEPER","MALE","190","./image/69178.jpg","Scott Carson","GOALKEEPER","1","Carson","","86","Angleterre","Gardien","Scott","Carson","Scott Carson","Carson","200039","./assoc/200039_ENG.svg","./logo/52919.png","UEFA","ENG","52919","FAME","Man City","","https://img.uefa.com/imgml/TP/teams/logos/70x70/52919.png","https://img.uefa.com/imgml/TP/teams/logos/240x240/52919.png","252919","MCI","DOMESTIC_MEN_TEAM_A","","DOMESTIC","Angleterre","Man City","Manchester City","MCI","0","MINUTE","","","","","","",""
"63005","50136","40","1985-07-11","1","KARNEZIS","GRE","GOALKEEPER","GOALKEEPER","MALE","189","./image/63005.jpg","Orestis Karnezis","GOALKEEPER","1","Karnezis","49","79","Grèce","Gardien","Orestis","Karnezis","Orestis Karnezis","Karnezis","200066","./assoc/200066_ITA.svg","./logo/50136.png","UEFA","ITA","50136","FAME","Napoli","","https://img.uefa.com/imgml/TP/teams/logos/70x70/50136.png","https://img.uefa.com/imgml/TP/teams/logos/240x240/50136.png","250136","NAP","DOMESTIC_MEN_TEAM_A","","DOMESTIC","Italie","Napoli","SSC Napoli","NAP","0","MINUTE","","","","","","",""
"61728","1652","41","1983-10-20","13","Vorm","NED","GOALKEEPER","GOALKEEPER","MALE","183","./image/61728.jpg","Michel Vorm","GOALKEEPER","22","Vorm","95","84","Pays-Bas","Gardien","Michel","Vorm","Michel Vorm","Vorm","200039","./assoc/200039_ENG.svg","./logo/1652.png","UEFA","ENG","1652","FAME","Tottenham","","https://img.uefa.com/imgml/TP/teams/logos/70x70/1652.png","https://img.uefa.com/imgml/TP/teams/logos/240x240/1652.png","201652","TOT","DOMESTIC_MEN_TEAM_A","","DOMESTIC","Angleterre","Tottenham","Tottenham Hotspur","TOT","0","MINUTE","","","","","","",""
"59142","50139","41","1984-08-14","3","Chiellini","ITA","CENTRE_BACK","DEFENDER","MALE","187","./image/59142.jpg","Giorgio Chiellini","DEFENDER","3","Chiellini","66","86","Italie","Défenseur","Giorgio","Chiellini","Giorgio Chiellini","Chiellini","200066","./assoc/200066_ITA.svg","./logo/50139.png","UEFA","ITA","50139","FAME","Juventus","","https://img.uefa.com/imgml/TP/teams/logos/70x70/50139.png","https://img.uefa.com/imgml/TP/teams/logos/240x240/50139.png","250139","JUV","DOMESTIC_MEN_TEAM_A","","DOMESTIC","Italie","Juventus","Juventus","JUV","0","MINUTE","","","","","","",""
"53703","7889","41","1983-10-19","22","Lonergan","ENG","","GOALKEEPER","MALE","","./image/53703.jpg","Andy Lonergan","GOALKEEPER","","Lonergan","","","Angleterre","Gardien","Andy","Lonergan","Andy Lonergan","Lonergan","200039","./assoc/200039_ENG.svg","./logo/7889.png","UEFA","ENG","7889","FAME","Liverpool","","https://img.uefa.com/imgml/TP/teams/logos/70x70/7889.png","https://img.uefa.com/imgml/TP/teams/logos/240x240/7889.png","207889","LIV","DOMESTIC_MEN_TEAM_A","","DOMESTIC","Angleterre","Liverpool","Liverpool FC","LIV","0","MINUTE","","","","","","",""
"250138925","50080","27","1997-12-16","39","Akieme","ESP","UNKNOWN","DEFENDER","MALE","","./image/250138925.jpg","Sergio Akieme","DEFENDER","","Akieme","","","Espagne","Défenseur","Sergio","Akieme","Sergio Akieme","Akieme","200122","./assoc/200122_ESP.svg","./logo/50080.png","UEFA","ESP","50080","FAME","Barcelona","","https://img.uefa.com/imgml/TP/teams/logos/70x70/50080.png","https://img.uefa.com/imgml/TP/teams/logos/240x240/50080.png","250080","BAR","DOMESTIC_MEN_TEAM_A","","DOMESTIC","Espagne","Barcelona","FC Barcelona","BAR","0","MINUTE","","","","","","",""
"250134679","2603790","23","2002-07-20","47","Wosz","GER","UNKNOWN","MIDFIELDER","MALE","","./image/250134679.jpg","Joscha Wosz","MIDFIELDER","","Wosz","","","Allemagne","Milieu","Joscha","Wosz","Joscha Wosz","Wosz","200047","./assoc/200047_GER.svg","./logo/2603790.png","UEFA","GER","2603790","FAME","Leipzig","","https://img.uefa.com/imgml/TP/teams/logos/70x70/2603790.png","https://img.uefa.com/imgml/TP/teams/logos/240x240/2603790.png","250002563","RBL","DOMESTIC_MEN_TEAM_A","","DOMESTIC","Allemagne","Leipzig","RB Leipzig","RBL","0","MINUTE","","","","","","",""
"250134170","50080","26","1999-03-07","4","R.Araujo","URU","UNKNOWN","DEFENDER","MALE","","./image/250134170.jpg","Ronald Araújo","DEFENDER","4","R.Araujo","138","","Uruguay","Défenseur","","Ronald Araújo","Ronald Araújo","Ronald Araújo","200122","./assoc/200122_ESP.svg","./logo/50080.png","UEFA","ESP","50080","FAME","Barcelona","","https://img.uefa.com/imgml/TP/teams/logos/70x70/50080.png","https://img.uefa.com/imgml/TP/teams/logos/240x240/50080.png","250080","BAR","DOMESTIC_MEN_TEAM_A","","DOMESTIC","Espagne","Barcelona","FC Barcelona","BAR","0","MINUTE","","","","","","",""
"250134143","5312","24","2001-04-09","1","Diomande","CIV","UNKNOWN","DEFENDER","MALE","","./image/250134143.jpg","Sinaly Diomande","DEFENDER","","DIOMANDE","67","","Côte d'Ivoire","Défenseur","Sinaly","Diomande","Sinaly Diomande","Diomande","200043","./assoc/200043_FRA.svg","./logo/5312.png","UEFA","FRA","5312","FAME","Lyon","","https://img.uefa.com/imgml/TP/teams/logos/70x70/5312.png","https://img.uefa.com/imgml/TP/teams/logos/240x240/5312.png","205312","LYO","DOMESTIC_MEN_TEAM_A","","DOMESTIC","France","Lyon","Olympique Lyonnais","LYO","0","MINUTE","","","","","","",""
"250132855","2610","33","1991-11-28","16","Allain","FRA","GOALKEEPER","GOALKEEPER","MALE","","./image/250132855.jpg","Bobby Allain","GOALKEEPER","","Allain","","","France","Gardien","Bobby","Allain","Bobby Allain","Allain","200049","./assoc/200049_GRE.svg","./logo/2610.png","UEFA","GRE","2610","FAME","Olympiacos","","https://img.uefa.com/imgml/TP/teams/logos/70x70/2610.png","https://img.uefa.com/imgml/TP/teams/logos/240x240/2610.png","202610","OLY","DOMESTIC_MEN_TEAM_A","","DOMESTIC","Grèce","Olympiacos","Olympiacos FC","OLY","0","MINUTE","","","","","","",""
"250132828","50037","26","1999-02-20","28","Singh","NZL","","MIDFIELDER","MALE","","./image/250132828.jpg","Sarpreet Singh","MIDFIELDER","10","Singh","97","","Nouvelle-Zélande","Milieu","Sarpreet","Singh","Sarpreet Singh","Singh","200047","./assoc/200047_GER.svg","./logo/50037.png","UEFA","GER","50037","FAME","Bayern München","","https://img.uefa.com/imgml/TP/teams/logos/70x70/50037.png","https://img.uefa.com/imgml/TP/teams/logos/240x240/50037.png","250037","BAY","DOMESTIC_MEN_TEAM_A","","DOMESTIC","Allemagne","Bayern München","FC Bayern München","BAY","0","MINUTE","","","","","","",""
"250132730","52816","25","2000-02-01","11","COLLEY","GAM","WINGER","FORWARD","MALE","","./image/250132730.jpg","Ebrima Colley","MIDFIELDER","","Colley","45","","Gambie","Attaquant","Ebrima","Colley","Ebrima Colley","Colley","200066","./assoc/200066_ITA.svg","./logo/52816.png","UEFA","ITA","52816","FAME","Atalanta","","https://img.uefa.com/imgml/TP/teams/logos/70x70/52816.png","https://img.uefa.com/imgml/TP/teams/logos/240x240/52816.png","252816","ATA","DOMESTIC_MEN_TEAM_A","","DOMESTIC","Italie","Atalanta","Atalanta BC","ATA","0","MINUTE","","","","","","",""
"250129973","2603790","22","2003-01-24","90","Novoa","ESP","UNKNOWN","MIDFIELDER","MALE","","./image/250129973.jpg","Hugo Novoa","MIDFIELDER","2","NOVOA","200122","","Espagne","Milieu","Hugo","Novoa","Hugo Novoa","Novoa","200047","./assoc/200047_GER.svg","./logo/2603790.png","UEFA","GER","2603790","FAME","Leipzig","","https://img.uefa.com/imgml/TP/teams/logos/70x70/2603790.png","https://img.uefa.com/imgml/TP/teams/logos/240x240/2603790.png","250002563","RBL","DOMESTIC_MEN_TEAM_A","","DOMESTIC","Allemagne","Leipzig","RB Leipzig","RBL","0","MINUTE","","","","","","",""
"250129569","50067","22","2003-04-02","40","EMİN BAYRAM","TUR","UNKNOWN","DEFENDER","MALE","","./image/250129569.jpg","Emin Bayram","DEFENDER","15","","200135","","Turquie","Défenseur","","Emin Bayram","Emin Bayram","Emin Bayram","200135","./assoc/200135_TUR.svg","./logo/50067.png","UEFA","TUR","50067","FAME","Galatasaray","","https://img.uefa.com/imgml/TP/teams/logos/70x70/50067.png","https://img.uefa.com/imgml/TP/teams/logos/240x240/50067.png","250067","GAL","DOMESTIC_MEN_TEAM_A","","DOMESTIC","Turquie","Galatasaray","Galatasaray A.Ş.","GAL","0","MINUTE","","","","","","",""
"250128222","50143","24","2001-01-12","2","L.Traore","BFA","STRIKER","FORWARD","MALE","","./image/250128222.jpg","Lassina Traoré","FORWARD","","Traoré","","","Burkina Faso","Attaquant","Lassina","Traoré","Lassina Traoré","Traoré","200095","./assoc/200095_NED.svg","./logo/50143.png","UEFA","NED","50143","FAME","Ajax","","https://img.uefa.com/imgml/TP/teams/logos/70x70/50143.png","https://img.uefa.com/imgml/TP/teams/logos/240x240/50143.png","250143","AJX","DOMESTIC_MEN_TEAM_A","","DOMESTIC","Pays-Bas","Ajax","AFC Ajax","AJX","0","MINUTE","","","","","","",""
"250128149","50037","22","2003-03-26","26","Arrey-Mbi","GER","UNKNOWN","DEFENDER","MALE","","./image/250128149.jpg","Bright Arrey-Mbi","DEFENDER","4","Arrey Mbi","200047","","Allemagne","Défenseur","Bright","Arrey-Mbi","Bright Arrey-Mbi","Arrey-Mbi","200047","./assoc/200047_GER.svg","./logo/50037.png","UEFA","GER","50037","FAME","Bayern München","","https://img.uefa.com/imgml/TP/teams/logos/70x70/50037.png","https://img.uefa.com/imgml/TP/teams/logos/240x240/50037.png","250037","BAY","DOMESTIC_MEN_TEAM_A","","DOMESTIC","Allemagne","Bayern München","FC Bayern München","BAY","0","MINUTE","","","","","","",""
"250126495","50080","25","2000-06-01","6","Reis","NED","UNKNOWN","MIDFIELDER","MALE","","./image/250126495.jpg","Ludovit Reis","MIDFIELDER","14","Reis","200095","","Pays-Bas","Milieu","Ludovit","Reis","Ludovit Reis","Reis","200122","./assoc/200122_ESP.svg","./logo/50080.png","UEFA","ESP","50080","FAME","Barcelona","","https://img.uefa.com/imgml/TP/teams/logos/70x70/50080.png","https://img.uefa.com/imgml/TP/teams/logos/240x240/50080.png","250080","BAR","DOMESTIC_MEN_TEAM_A","","DOMESTIC","Espagne","Barcelona","FC Barcelona","BAR","0","MINUTE","","","","","","",""
"250124430","50037","22","2003-02-26","10","Musiala","GER","UNKNOWN","MIDFIELDER","MALE","","./image/250124430.jpg","Jamal Musiala","MIDFIELDER","10","Musiala","47","","Allemagne","Milieu","Jamal","Musiala","Jamal Musiala","Musiala","200047","./assoc/200047_GER.svg","./logo/50037.png","UEFA","GER","50037","FAME","Bayern München","","https://img.uefa.com/imgml/TP/teams/logos/70x70/50037.png","https://img.uefa.com/imgml/TP/teams/logos/240x240/50037.png","250037","BAY","DOMESTIC_MEN_TEAM_A","","DOMESTIC","Allemagne","Bayern München","FC Bayern München","BAY","0","MINUTE","","","","","","",""
"250124427","52914","22","2002-10-29","6","Bate","ENG","","MIDFIELDER","MALE","","./image/250124427.jpg","Lewis Bate","MIDFIELDER","20","Bate","400039","","Angleterre","Milieu","Lewis","Bate","Lewis Bate","Bate","200039","./assoc/200039_ENG.svg","./logo/52914.png","UEFA","ENG","52914","FAME","Chelsea","","https://img.uefa.com/imgml/TP/teams/logos/70x70/52914.png","https://img.uefa.com/imgml/TP/teams/logos/240x240/52914.png","252914","CHE","DOMESTIC_MEN_TEAM_A","","DOMESTIC","Angleterre","Chelsea","Chelsea FC","CHE","0","MINUTE","","","","","","",""
"250124347","52268","25","2000-05-03","37","G.MOLINA","ESP","","DEFENDER","MALE","","./image/250124347.jpg","Guillem Gutierrez","DEFENDER","","GUILLEM","","","Espagne","Défenseur","Guillem","Gutierrez","Guillem Gutierrez","Gutierrez","200122","./assoc/200122_ESP.svg","./logo/52268.png","UEFA","ESP","52268","FAME","Valencia","","https://img.uefa.com/imgml/TP/teams/logos/70x70/52268.png","https://img.uefa.com/imgml/TP/teams/logos/240x240/52268.png","252268","VAL","DOMESTIC_MEN_TEAM_A","","DOMESTIC","Espagne","Valencia","Valencia CF","VAL","0","MINUTE","","","","","","",""
"250124293","52268","24","2001-04-30","38","PABLO G.","ESP","UNKNOWN","FORWARD","MALE","","./image/250124293.jpg","Pablo Gozálbez","FORWARD","","GOZALBEZ","","","Espagne","Attaquant","","Pablo Gozálbez","Pablo Gozálbez","Pablo Gozálbez","200122","./assoc/200122_ESP.svg","./logo/52268.png","UEFA","ESP","52268","FAME","Valencia","","https://img.uefa.com/imgml/TP/teams/logos/70x70/52268.png","https://img.uefa.com/imgml/TP/teams/logos/240x240/52268.png","252268","VAL","DOMESTIC_MEN_TEAM_A","","DOMESTIC","Espagne","Valencia","Valencia CF","VAL","0","MINUTE","","","","","","",""
"250124282","52919","23","2002-05-06","10","Palmer","ENG","UNKNOWN","MIDFIELDER","MALE","","./image/250124282.jpg","Cole Palmer","MIDFIELDER","20","Palmer","39","","Angleterre","Milieu","Cole","Palmer","Cole Palmer","Palmer","200039","./assoc/200039_ENG.svg","./logo/52919.png","UEFA","ENG","52919","FAME","Man City","","https://img.uefa.com/imgml/TP/teams/logos/70x70/52919.png","https://img.uefa.com/imgml/TP/teams/logos/240x240/52919.png","252919","MCI","DOMESTIC_MEN_TEAM_A","","DOMESTIC","Angleterre","Man City","Manchester City","MCI","0","MINUTE","","","","","","",""
"250124027","52747","23","2002-08-26","36","Ruiz","FRA","UNKNOWN","MIDFIELDER","MALE","","./image/250124027.jpg","Kays Ruiz-Atil","MIDFIELDER","","RUIZ ATIL","","","France","Milieu","Kays","Ruiz-Atil","Kays Ruiz-Atil","Ruiz-Atil","200043","./assoc/200043_FRA.svg","./logo/52747.png","UEFA","FRA","52747","FAME","Paris","","https://img.uefa.com/imgml/TP/teams/logos/70x70/52747.png","https://img.uefa.com/imgml/TP/teams/logos/240x240/52747.png","252747","PSG","DOMESTIC_MEN_TEAM_A","","DOMESTIC","France","Paris","Paris Saint-Germain","PSG","0","MINUTE","","","","","","",""
"250123708","50124","25","2000-08-24","3","M. Sánchez","ESP","","DEFENDER","MALE","","./image/250123708.jpg","Manu Sánchez","DEFENDER","20","MANU SÁNCHEZ","200122","","Espagne","Défenseur","","Manu Sánchez","Manu Sánchez","Manu Sánchez","200122","./assoc/200122_ESP.svg","./logo/50124.png","UEFA","ESP","50124","FAME","Atleti","","https://img.uefa.com/imgml/TP/teams/logos/70x70/50124.png","https://img.uefa.com/imgml/TP/teams/logos/240x240/50124.png","250124","ATM","DOMESTIC_MEN_TEAM_A","","DOMESTIC","Espagne","Atleti","Atlético de Madrid","ATM","0","MINUTE","","","","","","",""
"250123677","50037","23","2002-05-28","10","Tillman","USA","UNKNOWN","MIDFIELDER","MALE","","./image/250123677.jpg","Malik Tillman","MIDFIELDER","10","Tillman","200047","","Etats-Unis","Milieu","Malik","Tillman","Malik Tillman","Tillman","200047","./assoc/200047_GER.svg","./logo/50037.png","UEFA","GER","50037","FAME","Bayern München","","https://img.uefa.com/imgml/TP/teams/logos/70x70/50037.png","https://img.uefa.com/imgml/TP/teams/logos/240x240/50037.png","250037","BAY","DOMESTIC_MEN_TEAM_A","","DOMESTIC","Allemagne","Bayern München","FC Bayern München","BAY","0","MINUTE","","","","","","",""
"250122991","5312","24","2000-11-06","26","BARD","FRA","UNKNOWN","DEFENDER","MALE","","./image/250122991.jpg","Melvin Bard","DEFENDER","14","Bard","200043","","France","Défenseur","Melvin","Bard","Melvin Bard","Bard","200043","./assoc/200043_FRA.svg","./logo/5312.png","UEFA","FRA","5312","FAME","Lyon","","https://img.uefa.com/imgml/TP/teams/logos/70x70/5312.png","https://img.uefa.com/imgml/TP/teams/logos/240x240/5312.png","205312","LYO","DOMESTIC_MEN_TEAM_A","","DOMESTIC","France","Lyon","Olympique Lyonnais","LYO","0","MINUTE","","","","","","",""
"250122010","52826","26","1999-07-11","84","Vorobyov","RUS","WINGER","FORWARD","MALE","","./image/250122010.jpg","Ilya Vorobyov","MIDFIELDER","","Vorobyov","","","Russie","Attaquant","Ilya","Vorobyov","Ilya Vorobyov","Vorobyov","257451","./assoc/257451_RUS.svg","./logo/52826.png","UEFA","RUS","52826","FAME","Zenit","","https://img.uefa.com/imgml/TP/teams/logos/70x70/52826.png","https://img.uefa.com/imgml/TP/teams/logos/240x240/52826.png","252826","ZEN","DOMESTIC_MEN_TEAM_A","","DOMESTIC","Russie","Zenit","FC Zenit","ZEN","0","MINUTE","","","","","","",""
"250121494","52758","30","1995-09-20","40","Oelschlägel","GER","UNKNOWN","GOALKEEPER","MALE","","./image/250121494.jpg","Eric Oelschlägel","GOALKEEPER","","Oelschlägel","","","Allemagne","Gardien","Eric","Oelschlägel","Eric Oelschlägel","Oelschlägel","200047","./assoc/200047_GER.svg","./logo/52758.png","UEFA","GER","52758","FAME","B. Dortmund","","https://img.uefa.com/imgml/TP/teams/logos/70x70/52758.png","https://img.uefa.com/imgml/TP/teams/logos/240x240/52758.png","252758","BVB","DOMESTIC_MEN_TEAM_A","","DOMESTIC","Allemagne","B. Dortmund","Borussia Dortmund","BVB","0","MINUTE","","","","","","",""
"250121493","52707","26","1999-02-09","6","M. CIPRIANO","BRA","WINGER","DEFENDER","MALE","","./image/250121493.jpg","Marquinhos","MIDFIELDER","","Cipriano","","","Brésil","Défenseur","","Marquinhos","Marquinhos","Marquinhos","257166","./assoc/257166_UKR.svg","./logo/52707.png","UEFA","UKR","52707","FAME","Shakhtar","","https://img.uefa.com/imgml/TP/teams/logos/70x70/52707.png","https://img.uefa.com/imgml/TP/teams/logos/240x240/52707.png","252707","SHK","DOMESTIC_MEN_TEAM_A","","DOMESTIC","Ukraine","Shakhtar","FC Shakhtar Donetsk","SHK","0","MINUTE","","","","","","",""
"250121405","52816","23","2002-07-11","16","Amad","CIV","WINGER","FORWARD","MALE","","./image/250121405.jpg","Amad Diallo","MIDFIELDER","","TRAORE","","","Côte d'Ivoire","Attaquant","Amad","Diallo","Amad Diallo","Diallo","200066","./assoc/200066_ITA.svg","./logo/52816.png","UEFA","ITA","52816","FAME","Atalanta","","https://img.uefa.com/imgml/TP/teams/logos/70x70/52816.png","https://img.uefa.com/imgml/TP/teams/logos/240x240/52816.png","252816","ATA","DOMESTIC_MEN_TEAM_A","","DOMESTIC","Italie","Atalanta","Atalanta BC","ATA","0","MINUTE","","","","","","",""
"250118958","52747","23","2002-01-20","15","Kalimuendo","FRA","STRIKER","FORWARD","MALE","","./image/250118958.jpg","Arnaud Kalimuendo","FORWARD","9","KALIMUENDO","200043","","France","Attaquant","Arnaud","Kalimuendo","Arnaud Kalimuendo","Kalimuendo","200043","./assoc/200043_FRA.svg","./logo/52747.png","UEFA","FRA","52747","FAME","Paris","","https://img.uefa.com/imgml/TP/teams/logos/70x70/52747.png","https://img.uefa.com/imgml/TP/teams/logos/240x240/52747.png","252747","PSG","DOMESTIC_MEN_TEAM_A","","DOMESTIC","France","Paris","Paris Saint-Germain","PSG","0","MINUTE","","","","","","",""
"250117581","52914","23","2002-03-10","22","Maatsen","NED","","DEFENDER","MALE","","./image/250117581.jpg","Ian Maatsen","DEFENDER","5","Maatsen","95","","Pays-Bas","Défenseur","Ian","Maatsen","Ian Maatsen","Maatsen","200039","./assoc/200039_ENG.svg","./logo/52914.png","UEFA","ENG","52914","FAME","Chelsea","","https://img.uefa.com/imgml/TP/teams/logos/70x70/52914.png","https://img.uefa.com/imgml/TP/teams/logos/240x240/52914.png","252914","CHE","DOMESTIC_MEN_TEAM_A","","DOMESTIC","Angleterre","Chelsea","Chelsea FC","CHE","0","MINUTE","","","","","","",""
"250117470","50080","24","2001-07-16","23","Konrad","USA","UNKNOWN","FORWARD","MALE","","./image/250117470.jpg","Konrad De La Fuente","FORWARD","","","140","","Etats-Unis","Attaquant","Konrad","De La Fuente","Konrad De La Fuente","De La Fuente","200122","./assoc/200122_ESP.svg","./logo/50080.png","UEFA","ESP","50080","FAME","Barcelona","","https://img.uefa.com/imgml/TP/teams/logos/70x70/50080.png","https://img.uefa.com/imgml/TP/teams/logos/240x240/50080.png","250080","BAR","DOMESTIC_MEN_TEAM_A","","DOMESTIC","Espagne","Barcelona","FC Barcelona","BAR","0","MINUTE","","","","","","",""
"250117428","52816","28","1997-04-14","13","G. Arana","BRA","UNKNOWN","DEFENDER","MALE","","./image/250117428.jpg","Guilherme Arana","DEFENDER","","Arana","","","Brésil","Défenseur","Guilherme","Arana","Guilherme Arana","Arana","200066","./assoc/200066_ITA.svg","./logo/52816.png","UEFA","ITA","52816","FAME","Atalanta","","https://img.uefa.com/imgml/TP/teams/logos/70x70/52816.png","https://img.uefa.com/imgml/TP/teams/logos/240x240/52816.png","252816","ATA","DOMESTIC_MEN_TEAM_A","","DOMESTIC","Italie","Atalanta","Atalanta BC","ATA","0","MINUTE","","","","","","",""
"250116627","50067","26","1999-05-19","46","Gökay","TUR","CENTRE_BACK","DEFENDER","MALE","","./image/250116627.jpg","Gökay Güney","DEFENDER","4","GÖKAY","300135","","Turquie","Défenseur","","Güney","Gökay Güney","Güney","200135","./assoc/200135_TUR.svg","./logo/50067.png","UEFA","TUR","50067","FAME","Galatasaray","","https://img.uefa.com/imgml/TP/teams/logos/70x70/50067.png","https://img.uefa.com/imgml/TP/teams/logos/240x240/50067.png","250067","GAL","DOMESTIC_MEN_TEAM_A","","DOMESTIC","Turquie","Galatasaray","Galatasaray A.Ş.","GAL","0","MINUTE","","","","","","",""
"250116330","50051","25","2000-02-22","26","ALTUBE","ESP","UNKNOWN","GOALKEEPER","MALE","","./image/250116330.jpg","Diego Altube","GOALKEEPER","","ALTUBE","","","Espagne","Gardien","Diego","Altube","Diego Altube","Altube","200122","./assoc/200122_ESP.svg","./logo/50051.png","UEFA","ESP","50051","FAME","Real Madrid","","https://img.uefa.com/imgml/TP/teams/logos/70x70/50051.png","https://img.uefa.com/imgml/TP/teams/logos/240x240/50051.png","250051","RMA","DOMESTIC_MEN_TEAM_A","","DOMESTIC","Espagne","Real Madrid","Real Madrid C.F.","RMA","0","MINUTE","","","","","","",""
"250116227","52816","24","2001-05-02","25","Gelmi","ITA","","GOALKEEPER","MALE","","./image/250116227.jpg","Ludovico Gelmi","GOALKEEPER","12","Gelmi","400066","","Italie","Gardien","Ludovico","Gelmi","Ludovico Gelmi","Gelmi","200066","./assoc/200066_ITA.svg","./logo/52816.png","UEFA","ITA","52816","FAME","Atalanta","","https://img.uefa.com/imgml/TP/teams/logos/70x70/52816.png","https://img.uefa.com/imgml/TP/teams/logos/240x240/52816.png","252816","ATA","DOMESTIC_MEN_TEAM_A","","DOMESTIC","Italie","Atalanta","Atalanta BC","ATA","0","MINUTE","","","","","","",""
"250115748","52498","24","2001-07-13","35","Markovič","CZE","UNKNOWN","GOALKEEPER","MALE","","./image/250115748.jpg","Jakub Markovič","GOALKEEPER","23","Markovič","58837","","Tchéquie","Gardien","Jakub","Markovič","Jakub Markovič","Markovič","258837","./assoc/258837_CZE.svg","./logo/52498.png","UEFA","CZE","52498","FAME","Slavia Praha","","https://img.uefa.com/imgml/TP/teams/logos/70x70/52498.png","https://img.uefa.com/imgml/TP/teams/logos/240x240/52498.png","252498","SLP","DOMESTIC_MEN_TEAM_A","","DOMESTIC","Tchéquie","Slavia Praha","SK Slavia Praha","SLA","0","MINUTE","","","","","","",""
"250113188","50147","25","2000-01-26","30","Nuno","POR","FULL_BACK","DEFENDER","MALE","","./image/250113188.jpg","Nuno Tavares","DEFENDER","14","NUNO","110","","Portugal","Défenseur","","Nuno Tavares","Nuno Tavares","Nuno Tavares","200110","./assoc/200110_POR.svg","./logo/50147.png","UEFA","POR","50147","FAME","Benfica","","https://img.uefa.com/imgml/TP/teams/logos/70x70/50147.png","https://img.uefa.com/imgml/TP/teams/logos/240x240/50147.png","250147","BEN","DOMESTIC_MEN_TEAM_A","","DOMESTIC","Portugal","Benfica","SL Benfica","BEN","0","MINUTE","","","","","","",""
"250113152","52919","24","2001-05-26","82","Bernabe","ESP","","MIDFIELDER","MALE","","./image/250113152.jpg","Adrián Bernabé","MIDFIELDER","22","A. BERNABÉ","200122","","Espagne","Milieu","Adrián","Bernabé","Adrián Bernabé","Bernabé","200039","./assoc/200039_ENG.svg","./logo/52919.png","UEFA","ENG","52919","FAME","Man City","","https://img.uefa.com/imgml/TP/teams/logos/70x70/52919.png","https://img.uefa.com/imgml/TP/teams/logos/240x240/52919.png","252919","MCI","DOMESTIC_MEN_TEAM_A","","DOMESTIC","Angleterre","Man City","Manchester City","MCI","0","MINUTE","","","","","","",""
"250113116","52914","23","2002-03-13","66","Simeu","ENG","","DEFENDER","MALE","","./image/250113116.jpg","Dynel Simeu","DEFENDER","17","Simeu","400039","","Angleterre","Défenseur","Dynel","Simeu","Dynel Simeu","Simeu","200039","./assoc/200039_ENG.svg","./logo/52914.png","UEFA","ENG","52914","FAME","Chelsea","","https://img.uefa.com/imgml/TP/teams/logos/70x70/52914.png","https://img.uefa.com/imgml/TP/teams/logos/240x240/52914.png","252914","CHE","DOMESTIC_MEN_TEAM_A","","DOMESTIC","Angleterre","Chelsea","Chelsea FC","CHE","0","MINUTE","","","","","","",""
"250113110","52914","24","2001-09-21","47","Lawrence","ENG","UNKNOWN","MIDFIELDER","MALE","","./image/250113110.jpg","Henry Lawrence","MIDFIELDER","","Lawrence","300039","","Angleterre","Milieu","Henry","Lawrence","Henry Lawrence","Lawrence","200039","./assoc/200039_ENG.svg","./logo/52914.png","UEFA","ENG","52914","FAME","Chelsea","","https://img.uefa.com/imgml/TP/teams/logos/70x70/52914.png","https://img.uefa.com/imgml/TP/teams/logos/240x240/52914.png","252914","CHE","DOMESTIC_MEN_TEAM_A","","DOMESTIC","Angleterre","Chelsea","Chelsea FC","CHE","0","MINUTE","","","","","","",""
"250113109","52914","24","2001-09-10","18","Broja","ALB","","FORWARD","MALE","","./image/250113109.jpg","Armando Broja","FORWARD","22","Broja","2","","Albanie","Attaquant","Armando","Broja","Armando Broja","Broja","200039","./assoc/200039_ENG.svg","./logo/52914.png","UEFA","ENG","52914","FAME","Chelsea","","https://img.uefa.com/imgml/TP/teams/logos/70x70/52914.png","https://img.uefa.com/imgml/TP/teams/logos/240x240/52914.png","252914","CHE","DOMESTIC_MEN_TEAM_A","","DOMESTIC","Angleterre","Chelsea","Chelsea FC","CHE","0","MINUTE","","","","","","",""
"250113102","52747","26","1999-10-04","1","BULKA","POL","UNKNOWN","GOALKEEPER","MALE","","./image/250113102.jpg","Marcin Bułka","GOALKEEPER","12","Bułka","109","","Pologne","Gardien","Marcin","Bułka","Marcin Bułka","Bułka","200043","./assoc/200043_FRA.svg","./logo/52747.png","UEFA","FRA","52747","FAME","Paris","","https://img.uefa.com/imgml/TP/teams/logos/70x70/52747.png","https://img.uefa.com/imgml/TP/teams/logos/240x240/52747.png","252747","PSG","DOMESTIC_MEN_TEAM_A","","DOMESTIC","France","Paris","Paris Saint-Germain","PSG","0","MINUTE","","","","","","",""
"250112557","2603790","23","2002-01-26","41","Borkowski","GER","UNKNOWN","FORWARD","MALE","","./image/250112557.jpg","Dennis Borkowski","FORWARD","","","","","Allemagne","Attaquant","Dennis","Borkowski","Dennis Borkowski","Borkowski","200047","./assoc/200047_GER.svg","./logo/2603790.png","UEFA","GER","2603790","FAME","Leipzig","","https://img.uefa.com/imgml/TP/teams/logos/70x70/2603790.png","https://img.uefa.com/imgml/TP/teams/logos/240x240/2603790.png","250002563","RBL","DOMESTIC_MEN_TEAM_A","","DOMESTIC","Allemagne","Leipzig","RB Leipzig","RBL","0","MINUTE","","","","","","",""
"250112531","53065","27","1998-07-22","67","Tugarev","RUS","WINGER","MIDFIELDER","MALE","","./image/250112531.jpg","Roman Tugarev","MIDFIELDER","19","Tugarev","257451","","Russie","Milieu","Roman","Tugarev","Roman Tugarev","Tugarev","257451","./assoc/257451_RUS.svg","./logo/53065.png","UEFA","RUS","53065","FAME","Lokomotiv Moskva","","https://img.uefa.com/imgml/TP/teams/logos/70x70/53065.png","https://img.uefa.com/imgml/TP/teams/logos/240x240/53065.png","253065","LMO","DOMESTIC_MEN_TEAM_A","","DOMESTIC","Russie","Lokomotiv Moskva","FC Lokomotiv Moskva","LMO","0","MINUTE","","","","","","",""
"250112234","52758","25","1999-12-01","20","Hupe","GER","","GOALKEEPER","MALE","","./image/250112234.jpg","Jonas Hupe","GOALKEEPER","","","","","Allemagne","Gardien","Jonas","Hupe","Jonas Hupe","Hupe","200047","./assoc/200047_GER.svg","./logo/52758.png","UEFA","GER","52758","FAME","B. Dortmund","","https://img.uefa.com/imgml/TP/teams/logos/70x70/52758.png","https://img.uefa.com/imgml/TP/teams/logos/240x240/52758.png","252758","BVB","DOMESTIC_MEN_TEAM_A","","DOMESTIC","Allemagne","B. Dortmund","Borussia Dortmund","BVB","0","MINUTE","","","","","","",""
"250109003","1652","23","2002-02-04","9","Parrott","IRL","UNKNOWN","FORWARD","MALE","","./image/250109003.jpg","Troy Parrott","FORWARD","7","Parrott","64","","Eire","Attaquant","Troy","Parrott","Troy Parrott","Parrott","200039","./assoc/200039_ENG.svg","./logo/1652.png","UEFA","ENG","1652","FAME","Tottenham","","https://img.uefa.com/imgml/TP/teams/logos/70x70/1652.png","https://img.uefa.com/imgml/TP/teams/logos/240x240/1652.png","201652","TOT","DOMESTIC_MEN_TEAM_A","","DOMESTIC","Angleterre","Tottenham","Tottenham Hotspur","TOT","0","MINUTE","","","","","","",""
"250108716","50067","24","2001-01-28","24","IŞIK KAAN","TUR","","DEFENDER","MALE","","./image/250108716.jpg","Işık Kaan Arslan","DEFENDER","4","Arslan","200135","","Turquie","Défenseur","","Kaan Arslan","Işık Kaan Arslan","Kaan Arslan","200135","./assoc/200135_TUR.svg","./logo/50067.png","UEFA","TUR","50067","FAME","Galatasaray","","https://img.uefa.com/imgml/TP/teams/logos/70x70/50067.png","https://img.uefa.com/imgml/TP/teams/logos/240x240/50067.png","250067","GAL","DOMESTIC_MEN_TEAM_A","","DOMESTIC","Turquie","Galatasaray","Galatasaray A.Ş.","GAL","0","MINUTE","","","","","","",""
"250107691","52816","24","2001-01-27","91","Piccoli","ITA","","FORWARD","MALE","","./image/250107691.jpg","Roberto Piccoli","FORWARD","11","Piccoli","66","","Italie","Attaquant","Roberto","Piccoli","Roberto Piccoli","Piccoli","200066","./assoc/200066_ITA.svg","./logo/52816.png","UEFA","ITA","52816","FAME","Atalanta","","https://img.uefa.com/imgml/TP/teams/logos/70x70/52816.png","https://img.uefa.com/imgml/TP/teams/logos/240x240/52816.png","252816","ATA","DOMESTIC_MEN_TEAM_A","","DOMESTIC","Italie","Atalanta","Atalanta BC","ATA","0","MINUTE","","","","","","",""
"250107211","50139","25","2000-06-02","39","Portanova","ITA","UNKNOWN","MIDFIELDER","MALE","","./image/250107211.jpg","Manolo Portanova","MIDFIELDER","17","Portanova","200066","","Italie","Milieu","Manolo","Portanova","Manolo Portanova","Portanova","200066","./assoc/200066_ITA.svg","./logo/50139.png","UEFA","ITA","50139","FAME","Juventus","","https://img.uefa.com/imgml/TP/teams/logos/70x70/50139.png","https://img.uefa.com/imgml/TP/teams/logos/240x240/50139.png","250139","JUV","DOMESTIC_MEN_TEAM_A","","DOMESTIC","Italie","Juventus","Juventus","JUV","0","MINUTE","","","","","","",""
"250107117","52914","24","2001-06-11","6","Gilmour","SCO","","MIDFIELDER","MALE","","./image/250107117.jpg","Billy Gilmour","MIDFIELDER","8","Gilmour","117","","Écosse","Milieu","Billy","Gilmour","Billy Gilmour","Gilmour","200039","./assoc/200039_ENG.svg","./logo/52914.png","UEFA","ENG","52914","FAME","Chelsea","","https://img.uefa.com/imgml/TP/teams/logos/70x70/52914.png","https://img.uefa.com/imgml/TP/teams/logos/240x240/52914.png","252914","CHE","DOMESTIC_MEN_TEAM_A","","DOMESTIC","Angleterre","Chelsea","Chelsea FC","CHE","0","MINUTE","","","","","","",""
"250106935","7889","24","2001-01-30","17","Jones","ENG","UNKNOWN","MIDFIELDER","MALE","","./image/250106935.jpg","Curtis Jones","MIDFIELDER","17","Jones","39","","Angleterre","Milieu","Curtis","Jones","Curtis Jones","Jones","200039","./assoc/200039_ENG.svg","./logo/7889.png","UEFA","ENG","7889","FAME","Liverpool","","https://img.uefa.com/imgml/TP/teams/logos/70x70/7889.png","https://img.uefa.com/imgml/TP/teams/logos/240x240/7889.png","207889","LIV","DOMESTIC_MEN_TEAM_A","","DOMESTIC","Angleterre","Liverpool","Liverpool FC","LIV","0","MINUTE","","","","","","",""
"250106932","52919","23","2001-10-17","69","Doyle","ENG","UNKNOWN","MIDFIELDER","MALE","","./image/250106932.jpg","Thomas Doyle","MIDFIELDER","18","Doyle","200039","","Angleterre","Milieu","Thomas","Doyle","Thomas Doyle","Doyle","200039","./assoc/200039_ENG.svg","./logo/52919.png","UEFA","ENG","52919","FAME","Man City","","https://img.uefa.com/imgml/TP/teams/logos/70x70/52919.png","https://img.uefa.com/imgml/TP/teams/logos/240x240/52919.png","252919","MCI","DOMESTIC_MEN_TEAM_A","","DOMESTIC","Angleterre","Man City","Manchester City","MCI","0","MINUTE","","","","","","",""
"250106734","2603790","24","2001-06-22","14","Krauß","GER","DEFENSIVE_MIDFIELDER","MIDFIELDER","MALE","","./image/250106734.jpg","Tom Krauß","MIDFIELDER","6","Krauß","200047","","Allemagne","Milieu","Tom","Krauß","Tom Krauß","Krauß","200047","./assoc/200047_GER.svg","./logo/2603790.png","UEFA","GER","2603790","FAME","Leipzig","","https://img.uefa.com/imgml/TP/teams/logos/70x70/2603790.png","https://img.uefa.com/imgml/TP/teams/logos/240x240/2603790.png","250002563","RBL","DOMESTIC_MEN_TEAM_A","","DOMESTIC","Allemagne","Leipzig","RB Leipzig","RBL","0","MINUTE","","","","","","",""
"250106063","52747","24","2001-06-13","36","Mbe Soh","FRA","","DEFENDER","MALE","","./image/250106063.jpg","Loïc Mbe Soh","DEFENDER","4","Mbe Soh","400043","","France","Défenseur","Loïc","Mbe Soh","Loïc Mbe Soh","Mbe Soh","200043","./assoc/200043_FRA.svg","./logo/52747.png","UEFA","FRA","52747","FAME","Paris","","https://img.uefa.com/imgml/TP/teams/logos/70x70/52747.png","https://img.uefa.com/imgml/TP/teams/logos/240x240/52747.png","252747","PSG","DOMESTIC_MEN_TEAM_A","","DOMESTIC","France","Paris","Paris Saint-Germain","PSG","0","MINUTE","","","","","","",""
"250104084","7889","25","2000-04-01","24","Brewster","ENG","UNKNOWN","FORWARD","MALE","","./image/250104084.jpg","Rhian Brewster","FORWARD","7","Brewster","39","","Angleterre","Attaquant","Rhian","Brewster","Rhian Brewster","Brewster","200039","./assoc/200039_ENG.svg","./logo/7889.png","UEFA","ENG","7889","FAME","Liverpool","","https://img.uefa.com/imgml/TP/teams/logos/70x70/7889.png","https://img.uefa.com/imgml/TP/teams/logos/240x240/7889.png","207889","LIV","DOMESTIC_MEN_TEAM_A","","DOMESTIC","Angleterre","Liverpool","Liverpool FC","LIV","0","MINUTE","","","","","","",""
"250104079","50143","25","2000-07-20","39","Pierie","NED","CENTRE_BACK","DEFENDER","MALE","","./image/250104079.jpg","Kik Pierie","DEFENDER","14","Pierie","200095","","Pays-Bas","Défenseur","Kik","Pierie","Kik Pierie","Pierie","200095","./assoc/200095_NED.svg","./logo/50143.png","UEFA","NED","50143","FAME","Ajax","","https://img.uefa.com/imgml/TP/teams/logos/70x70/50143.png","https://img.uefa.com/imgml/TP/teams/logos/240x240/50143.png","250143","AJX","DOMESTIC_MEN_TEAM_A","","DOMESTIC","Pays-Bas","Ajax","AFC Ajax","AJX","0","MINUTE","","","","","","",""
"250103764","50067","25","2000-07-07","11","YUNUS","TUR","CENTRAL_MIDFIELDER","FORWARD","MALE","","./image/250103764.jpg","Yunus Akgün","FORWARD","21","YUNUS","135","","Turquie","Attaquant","","Yunus Akgün","Yunus Akgün","Yunus Akgün","200135","./assoc/200135_TUR.svg","./logo/50067.png","UEFA","TUR","50067","FAME","Galatasaray","","https://img.uefa.com/imgml/TP/teams/logos/70x70/50067.png","https://img.uefa.com/imgml/TP/teams/logos/240x240/50067.png","250067","GAL","DOMESTIC_MEN_TEAM_A","","DOMESTIC","Turquie","Galatasaray","Galatasaray A.Ş.","GAL","0","MINUTE","","","","","","",""
"250103570","52268","25","2000-01-31","33","HUGO G.","ESP","","DEFENDER","MALE","","./image/250103570.jpg","Hugo Guillamón","DEFENDER","12","HUGO G.","122","","Espagne","Défenseur","","Hugo Guillamón","Hugo Guillamón","Hugo Guillamón","200122","./assoc/200122_ESP.svg","./logo/52268.png","UEFA","ESP","52268","FAME","Valencia","","https://img.uefa.com/imgml/TP/teams/logos/70x70/52268.png","https://img.uefa.com/imgml/TP/teams/logos/240x240/52268.png","252268","VAL","DOMESTIC_MEN_TEAM_A","","DOMESTIC","Espagne","Valencia","Valencia CF","VAL","0","MINUTE","","","","","","",""
"250102468","1652","26","1999-01-08","40","AUSTIN","ENG","GOALKEEPER","GOALKEEPER","MALE","","./image/250102468.jpg","Brandon Austin","GOALKEEPER","13","Austin","200039","","Angleterre","Gardien","Brandon","Austin","Brandon Austin","Austin","200039","./assoc/200039_ENG.svg","./logo/1652.png","UEFA","ENG","1652","FAME","Tottenham","","https://img.uefa.com/imgml/TP/teams/logos/70x70/1652.png","https://img.uefa.com/imgml/TP/teams/logos/240x240/1652.png","201652","TOT","DOMESTIC_MEN_TEAM_A","","DOMESTIC","Angleterre","Tottenham","Tottenham Hotspur","TOT","0","MINUTE","","","","","","",""
"250101728","50143","24","2001-06-17","12","J.Timber","NED","FULL_BACK","DEFENDER","MALE","","./image/250101728.jpg","Jurriën Timber","DEFENDER","3","J.Timber","95","","Pays-Bas","Défenseur","Jurriën","Timber","Jurriën Timber","Timber","200095","./assoc/200095_NED.svg","./logo/50143.png","UEFA","NED","50143","FAME","Ajax","","https://img.uefa.com/imgml/TP/teams/logos/70x70/50143.png","https://img.uefa.com/imgml/TP/teams/logos/240x240/50143.png","250143","AJX","DOMESTIC_MEN_TEAM_A","","DOMESTIC","Pays-Bas","Ajax","AFC Ajax","AJX","0","MINUTE","","","","","","",""
"250101723","52747","25","2000-06-20","20","BAKKER","NED","UNKNOWN","DEFENDER","MALE","","./image/250101723.jpg","Mitchel Bakker","DEFENDER","5","Bakker","200095","","Pays-Bas","Défenseur","Mitchel","Bakker","Mitchel Bakker","Bakker","200043","./assoc/200043_FRA.svg","./logo/52747.png","UEFA","FRA","52747","FAME","Paris","","https://img.uefa.com/imgml/TP/teams/logos/70x70/52747.png","https://img.uefa.com/imgml/TP/teams/logos/240x240/52747.png","252747","PSG","DOMESTIC_MEN_TEAM_A","","DOMESTIC","France","Paris","Paris Saint-Germain","PSG","0","MINUTE","","","","","","",""
"250101479","52747","25","2000-04-16","40","Innocent","HAI","UNKNOWN","GOALKEEPER","MALE","","./image/250101479.jpg","Garissone Innocent","GOALKEEPER","12","INNOCENT","54","","Haïti","Gardien","Garissone","Innocent","Garissone Innocent","Innocent","200043","./assoc/200043_FRA.svg","./logo/52747.png","UEFA","FRA","52747","FAME","Paris","","https://img.uefa.com/imgml/TP/teams/logos/70x70/52747.png","https://img.uefa.com/imgml/TP/teams/logos/240x240/52747.png","252747","PSG","DOMESTIC_MEN_TEAM_A","","DOMESTIC","France","Paris","Paris Saint-Germain","PSG","0","MINUTE","","","","","","",""
"250101301","50051","27","1998-05-02","39","Hernandez Carrera","ESP","UNKNOWN","DEFENDER","MALE","","./image/250101301.jpg","Javi","MIDFIELDER","","JAVI","","","Espagne","Défenseur","","Javi","Javi","Javi","200122","./assoc/200122_ESP.svg","./logo/50051.png","UEFA","ESP","50051","FAME","Real Madrid","","https://img.uefa.com/imgml/TP/teams/logos/70x70/50051.png","https://img.uefa.com/imgml/TP/teams/logos/240x240/50051.png","250051","RMA","DOMESTIC_MEN_TEAM_A","","DOMESTIC","Espagne","Real Madrid","Real Madrid C.F.","RMA","0","MINUTE","","","","","","",""
"250101288","50051","26","1999-02-26","37","Dela","ESP","","DEFENDER","MALE","","./image/250101288.jpg","Dela","DEFENDER","15","De La Fuente Barquilla","300122","","Espagne","Défenseur","","Dela","Dela","Dela","200122","./assoc/200122_ESP.svg","./logo/50051.png","UEFA","ESP","50051","FAME","Real Madrid","","https://img.uefa.com/imgml/TP/teams/logos/70x70/50051.png","https://img.uefa.com/imgml/TP/teams/logos/240x240/50051.png","250051","RMA","DOMESTIC_MEN_TEAM_A","","DOMESTIC","Espagne","Real Madrid","Real Madrid C.F.","RMA","0","MINUTE","","","","","","",""
"250101278","50080","25","2000-08-07","43","JANDRO","ESP","","MIDFIELDER","MALE","","./image/250101278.jpg","Jandro Orellana","MIDFIELDER","16","JANDRO","300122","","Espagne","Milieu","Jandro","Orellana","Jandro Orellana","Orellana","200122","./assoc/200122_ESP.svg","./logo/50080.png","UEFA","ESP","50080","FAME","Barcelona","","https://img.uefa.com/imgml/TP/teams/logos/70x70/50080.png","https://img.uefa.com/imgml/TP/teams/logos/240x240/50080.png","250080","BAR","DOMESTIC_MEN_TEAM_A","","DOMESTIC","Espagne","Barcelona","FC Barcelona","BAR","0","MINUTE","","","","","","",""
"250101255","50037","25","2000-03-31","17","Mai","GER","","DEFENDER","MALE","","./image/250101255.jpg","Lukas Mai","DEFENDER","4","Mai","200047","","Allemagne","Défenseur","Lukas","Mai","Lukas Mai","Mai","200047","./assoc/200047_GER.svg","./logo/50037.png","UEFA","GER","50037","FAME","Bayern München","","https://img.uefa.com/imgml/TP/teams/logos/70x70/50037.png","https://img.uefa.com/imgml/TP/teams/logos/240x240/50037.png","250037","BAY","DOMESTIC_MEN_TEAM_A","","DOMESTIC","Allemagne","Bayern München","FC Bayern München","BAY","0","MINUTE","","","","","","",""
"250101248","50037","24","2001-02-16","34","Batista Meier","GER","UNKNOWN","MIDFIELDER","MALE","","./image/250101248.jpg","Oliver Batista Meier","FORWARD","10","Batista Meier","300047","","Allemagne","Milieu","Oliver","Batista Meier","Oliver Batista Meier","Batista Meier","200047","./assoc/200047_GER.svg","./logo/50037.png","UEFA","GER","50037","FAME","Bayern München","","https://img.uefa.com/imgml/TP/teams/logos/70x70/50037.png","https://img.uefa.com/imgml/TP/teams/logos/240x240/50037.png","250037","BAY","DOMESTIC_MEN_TEAM_A","","DOMESTIC","Allemagne","Bayern München","FC Bayern München","BAY","","","","","","","","",""
"250100913","52816","25","2000-01-01","4","B. Šutalo","CRO","UNKNOWN","DEFENDER","MALE","","./image/250100913.jpg","Boško Šutalo","DEFENDER","4","Sutalo","256370","","Croatie","Défenseur","Boško","Šutalo","Boško Šutalo","Šutalo","200066","./assoc/200066_ITA.svg","./logo/52816.png","UEFA","ITA","52816","FAME","Atalanta","","https://img.uefa.com/imgml/TP/teams/logos/70x70/52816.png","https://img.uefa.com/imgml/TP/teams/logos/240x240/52816.png","252816","ATA","DOMESTIC_MEN_TEAM_A","","DOMESTIC","Italie","Atalanta","Atalanta BC","ATA","0","MINUTE","","","","","","",""
"250097388","53065","30","1994-12-17","1","Medvedev","RUS","GOALKEEPER","GOALKEEPER","MALE","192","./image/250097388.jpg","Nikita Medvedev","GOALKEEPER","12","Medvedev","257451","80","Russie","Gardien","Nikita","Medvedev","Nikita Medvedev","Medvedev","257451","./assoc/257451_RUS.svg","./logo/53065.png","UEFA","RUS","53065","FAME","Lokomotiv Moskva","","https://img.uefa.com/imgml/TP/teams/logos/70x70/53065.png","https://img.uefa.com/imgml/TP/teams/logos/240x240/53065.png","253065","LMO","DOMESTIC_MEN_TEAM_A","","DOMESTIC","Russie","Lokomotiv Moskva","FC Lokomotiv Moskva","LMO","0","MINUTE","","","","","","",""
"250097293","61582","28","1997-10-04","6","PIOTROWSKI","POL","CENTRAL_MIDFIELDER","MIDFIELDER","MALE","","./image/250097293.jpg","Jakub Piotrowski","MIDFIELDER","6","Piotrowski","109","","Pologne","Milieu","Jakub","Piotrowski","Jakub Piotrowski","Piotrowski","200013","./assoc/200013_BEL.svg","./logo/61582.png","UEFA","BEL","61582","FAME","Genk","","https://img.uefa.com/imgml/TP/teams/logos/70x70/61582.png","https://img.uefa.com/imgml/TP/teams/logos/240x240/61582.png","261582","GEN","DOMESTIC_MEN_TEAM_A","","DOMESTIC","Belgique","Genk","KRC Genk","GEN","0","MINUTE","","","","","","",""
"250096705","52826","32","1993-05-21","32","Kranevitter","ARG","DEFENSIVE_MIDFIELDER","MIDFIELDER","MALE","179","./image/250096705.jpg","Matías Kranevitter","MIDFIELDER","","KRANEVITTER","","76","Argentine","Milieu","Matías","Kranevitter","Matías Kranevitter","Kranevitter","257451","./assoc/257451_RUS.svg","./logo/52826.png","UEFA","RUS","52826","FAME","Zenit","","https://img.uefa.com/imgml/TP/teams/logos/70x70/52826.png","https://img.uefa.com/imgml/TP/teams/logos/240x240/52826.png","252826","ZEN","DOMESTIC_MEN_TEAM_A","","DOMESTIC","Russie","Zenit","FC Zenit","ZEN","0","MINUTE","","","","","","",""
"250096354","1652","27","1998-10-02","41","Whiteman","ENG","GOALKEEPER","GOALKEEPER","MALE","189","./image/250096354.jpg","Alfie Whiteman","GOALKEEPER","13","Whiteman","300039","","Angleterre","Gardien","Alfie","Whiteman","Alfie Whiteman","Whiteman","200039","./assoc/200039_ENG.svg","./logo/1652.png","UEFA","ENG","1652","FAME","Tottenham","","https://img.uefa.com/imgml/TP/teams/logos/70x70/1652.png","https://img.uefa.com/imgml/TP/teams/logos/240x240/1652.png","201652","TOT","DOMESTIC_MEN_TEAM_A","","DOMESTIC","Angleterre","Tottenham","Tottenham Hotspur","TOT","0","MINUTE","","","","","","",""
"250091828","52816","25","2000-05-17","16","Bellanova","ITA","FULL_BACK","DEFENDER","MALE","","./image/250091828.jpg","Raoul Bellanova","DEFENDER","2","Bellanova","66","","Italie","Défenseur","Raoul","Bellanova","Raoul Bellanova","Bellanova","200066","./assoc/200066_ITA.svg","./logo/52816.png","UEFA","ITA","52816","FAME","Atalanta","","https://img.uefa.com/imgml/TP/teams/logos/70x70/52816.png","https://img.uefa.com/imgml/TP/teams/logos/240x240/52816.png","252816","ATA","DOMESTIC_MEN_TEAM_A","","DOMESTIC","Italie","Atalanta","Atalanta BC","ATA","0","MINUTE","","","","","","",""
"250091199","50138","26","1999-04-13","95","Bastoni","ITA","CENTRE_BACK","DEFENDER","MALE","","./image/250091199.jpg","Alessandro Bastoni","DEFENDER","21","Bastoni","66","","Italie","Défenseur","Alessandro","Bastoni","Alessandro Bastoni","Bastoni","200066","./assoc/200066_ITA.svg","./logo/50138.png","UEFA","ITA","50138","FAME","Inter","","https://img.uefa.com/imgml/TP/teams/logos/70x70/50138.png","https://img.uefa.com/imgml/TP/teams/logos/240x240/50138.png","250138","INT","DOMESTIC_MEN_TEAM_A","","DOMESTIC","Italie","Inter","FC Internazionale Milano","INT","0","MINUTE","","","","","","",""
"250091018","50037","26","1999-08-16","17","Cuisance","FRA","UNKNOWN","MIDFIELDER","MALE","","./image/250091018.jpg","Mickaël Cuisance","MIDFIELDER","8","Cuisance","300043","","France","Milieu","Mickaël","Cuisance","Mickaël Cuisance","Cuisance","200047","./assoc/200047_GER.svg","./logo/50037.png","UEFA","GER","50037","FAME","Bayern München","","https://img.uefa.com/imgml/TP/teams/logos/70x70/50037.png","https://img.uefa.com/imgml/TP/teams/logos/240x240/50037.png","250037","BAY","DOMESTIC_MEN_TEAM_A","","DOMESTIC","Allemagne","Bayern München","FC Bayern München","BAY","0","MINUTE","","","","","","",""
"250090955","50030","27","1998-04-02","16","KÖHN","SUI","GOALKEEPER","GOALKEEPER","MALE","","./image/250090955.jpg","Philipp Köhn","GOALKEEPER","21","Köhn","128","","Suisse","Gardien","Philipp","Köhn","Philipp Köhn","Köhn","200008","./assoc/200008_AUT.svg","./logo/50030.png","UEFA","AUT","50030","FAME","Salzburg","","https://img.uefa.com/imgml/TP/teams/logos/70x70/50030.png","https://img.uefa.com/imgml/TP/teams/logos/240x240/50030.png","250030","SAL","DOMESTIC_MEN_TEAM_A","","DOMESTIC","Autriche","Salzburg","FC Salzburg","SAL","0","MINUTE","","","","","","",""
"250090480","52826","26","1999-01-25","38","Musaev","RUS","DEFENSIVE_MIDFIELDER","MIDFIELDER","MALE","","./image/250090480.jpg","Leon Musaev","MIDFIELDER","14","Musaev","257451","","Russie","Milieu","Leon","Musaev","Leon Musaev","Musaev","257451","./assoc/257451_RUS.svg","./logo/52826.png","UEFA","RUS","52826","FAME","Zenit","","https://img.uefa.com/imgml/TP/teams/logos/70x70/52826.png","https://img.uefa.com/imgml/TP/teams/logos/240x240/52826.png","252826","ZEN","DOMESTIC_MEN_TEAM_A","","DOMESTIC","Russie","Zenit","FC Zenit","ZEN","0","MINUTE","","","","","","",""
"250088378","2603790","26","1999-04-16","11","Wolf","AUT","ATTACKING_MIDFIELDER","FORWARD","MALE","","./image/250088378.jpg","Hannes Wolf","FORWARD","17","Wolf","8","","Autriche","Attaquant","Hannes","Wolf","Hannes Wolf","Wolf","200047","./assoc/200047_GER.svg","./logo/2603790.png","UEFA","GER","2603790","FAME","Leipzig","","https://img.uefa.com/imgml/TP/teams/logos/70x70/2603790.png","https://img.uefa.com/imgml/TP/teams/logos/240x240/2603790.png","250002563","RBL","DOMESTIC_MEN_TEAM_A","","DOMESTIC","Allemagne","Leipzig","RB Leipzig","RBL","0","MINUTE","","","","","","",""
"250088366","52816","26","1999-05-03","7","Czyborra","GER","UNKNOWN","DEFENDER","MALE","","./image/250088366.jpg","Lennart Czyborra","DEFENDER","","","","","Allemagne","Défenseur","Lennart","Czyborra","Lennart Czyborra","Czyborra","200066","./assoc/200066_ITA.svg","./logo/52816.png","UEFA","ITA","52816","FAME","Atalanta","","https://img.uefa.com/imgml/TP/teams/logos/70x70/52816.png","https://img.uefa.com/imgml/TP/teams/logos/240x240/52816.png","252816","ATA","DOMESTIC_MEN_TEAM_A","","DOMESTIC","Italie","Atalanta","Atalanta BC","ATA","0","MINUTE","","","","","","",""
"250088347","52268","27","1998-03-21","28","C.RIVERO","ESP","GOALKEEPER","GOALKEEPER","MALE","","./image/250088347.jpg","Cristian Rivero","GOALKEEPER","","CRISTIAN","","","Espagne","Gardien","Cristian","Rivero","Cristian Rivero","Rivero","200122","./assoc/200122_ESP.svg","./logo/52268.png","UEFA","ESP","52268","FAME","Valencia","","https://img.uefa.com/imgml/TP/teams/logos/70x70/52268.png","https://img.uefa.com/imgml/TP/teams/logos/240x240/52268.png","252268","VAL","DOMESTIC_MEN_TEAM_A","","DOMESTIC","Espagne","Valencia","Valencia CF","VAL","0","MINUTE","","","","","","",""
"250088312","52268","26","1999-01-02","34","ESQUERDO","ESP","","MIDFIELDER","MALE","","./image/250088312.jpg","Vicente Esquerdo","MIDFIELDER","","","","","Espagne","Milieu","Vicente","Esquerdo","Vicente Esquerdo","Esquerdo","200122","./assoc/200122_ESP.svg","./logo/52268.png","UEFA","ESP","52268","FAME","Valencia","","https://img.uefa.com/imgml/TP/teams/logos/70x70/52268.png","https://img.uefa.com/imgml/TP/teams/logos/240x240/52268.png","252268","VAL","DOMESTIC_MEN_TEAM_A","","DOMESTIC","Espagne","Valencia","Valencia CF","VAL","0","MINUTE","","","","","","",""
"250088089","2610","26","1999-09-04","57","Xenitidis","GRE","CENTRAL_MIDFIELDER","MIDFIELDER","MALE","","./image/250088089.jpg","Giorgos Xenitidis","MIDFIELDER","18","Xenitidis","200049","","Grèce","Milieu","Giorgos","Xenitidis","Giorgos Xenitidis","Xenitidis","200049","./assoc/200049_GRE.svg","./logo/2610.png","UEFA","GRE","2610","FAME","Olympiacos","","https://img.uefa.com/imgml/TP/teams/logos/70x70/2610.png","https://img.uefa.com/imgml/TP/teams/logos/240x240/2610.png","202610","OLY","DOMESTIC_MEN_TEAM_A","","DOMESTIC","Grèce","Olympiacos","Olympiacos FC","OLY","0","MINUTE","","","","","","",""
"250087540","50080","26","1999-08-13","6","RIQUI PUIG","ESP","UNKNOWN","MIDFIELDER","MALE","","./image/250087540.jpg","Ricard Puig","MIDFIELDER","20","Riqui Puig","200122","","Espagne","Milieu","","Ricard Puig","Ricard Puig","Ricard Puig","200122","./assoc/200122_ESP.svg","./logo/50080.png","UEFA","ESP","50080","FAME","Barcelona","","https://img.uefa.com/imgml/TP/teams/logos/70x70/50080.png","https://img.uefa.com/imgml/TP/teams/logos/240x240/50080.png","250080","BAR","DOMESTIC_MEN_TEAM_A","","DOMESTIC","Espagne","Barcelona","FC Barcelona","BAR","0","MINUTE","","","","","","",""
"250087538","50080","26","1999-05-13","3","O. MINGUEZA","ESP","UNKNOWN","DEFENDER","MALE","","./image/250087538.jpg","Oscar Mingueza","DEFENDER","14","O. MINGUEZA","122","","Espagne","Défenseur","Oscar","Mingueza","Oscar Mingueza","Mingueza","200122","./assoc/200122_ESP.svg","./logo/50080.png","UEFA","ESP","50080","FAME","Barcelona","","https://img.uefa.com/imgml/TP/teams/logos/70x70/50080.png","https://img.uefa.com/imgml/TP/teams/logos/240x240/50080.png","250080","BAR","DOMESTIC_MEN_TEAM_A","","DOMESTIC","Espagne","Barcelona","FC Barcelona","BAR","0","MINUTE","","","","","","",""
"250087252","50037","25","2000-01-28","1","Fruechtl","GER","","GOALKEEPER","MALE","","./image/250087252.jpg","Christian Früchtl","GOALKEEPER","23","Früchtl","200047","","Allemagne","Gardien","Christian","Früchtl","Christian Früchtl","Früchtl","200047","./assoc/200047_GER.svg","./logo/50037.png","UEFA","GER","50037","FAME","Bayern München","","https://img.uefa.com/imgml/TP/teams/logos/70x70/50037.png","https://img.uefa.com/imgml/TP/teams/logos/240x240/50037.png","250037","BAY","DOMESTIC_MEN_TEAM_A","","DOMESTIC","Allemagne","Bayern München","FC Bayern München","BAY","","","","","","","","",""
"250087250","50037","26","1999-04-04","39","Hoffmann","GER","UNKNOWN","GOALKEEPER","MALE","","./image/250087250.jpg","Ron-Torben Hoffmann","GOALKEEPER","","Hoffmann","","","Allemagne","Gardien","Ron-Torben","Hoffmann","Ron-Torben Hoffmann","Hoffmann","200047","./assoc/200047_GER.svg","./logo/50037.png","UEFA","GER","50037","FAME","Bayern München","","https://img.uefa.com/imgml/TP/teams/logos/70x70/50037.png","https://img.uefa.com/imgml/TP/teams/logos/240x240/50037.png","250037","BAY","DOMESTIC_MEN_TEAM_A","","DOMESTIC","Allemagne","Bayern München","FC Bayern München","BAY","0","MINUTE","","","","","","",""
"250087118","52707","26","1999-02-27","5","Bondar","UKR","CENTRE_BACK","DEFENDER","MALE","","./image/250087118.jpg","Valeriy Bondar","DEFENDER","5","Bondar","57166","","Ukraine","Défenseur","Valeriy","Bondar","Valeriy Bondar","Bondar","257166","./assoc/257166_UKR.svg","./logo/52707.png","UEFA","UKR","52707","FAME","Shakhtar","","https://img.uefa.com/imgml/TP/teams/logos/70x70/52707.png","https://img.uefa.com/imgml/TP/teams/logos/240x240/52707.png","252707","SHK","DOMESTIC_MEN_TEAM_A","","DOMESTIC","Ukraine","Shakhtar","FC Shakhtar Donetsk","SHK","0","MINUTE","","","","","","",""
"250086928","52914","25","2000-07-13","6","Guéhi","ENG","UNKNOWN","DEFENDER","MALE","","./image/250086928.jpg","Marc Guéhi","DEFENDER","6","Guehi","39","","Angleterre","Défenseur","Marc","Guéhi","Marc Guéhi","Guéhi","200039","./assoc/200039_ENG.svg","./logo/52914.png","UEFA","ENG","52914","FAME","Chelsea","","https://img.uefa.com/imgml/TP/teams/logos/70x70/52914.png","https://img.uefa.com/imgml/TP/teams/logos/240x240/52914.png","252914","CHE","DOMESTIC_MEN_TEAM_A","","DOMESTIC","Angleterre","Chelsea","Chelsea FC","CHE","0","MINUTE","","","","","","",""
"250086924","52914","26","1999-09-04","31","Cumming","ENG","UNKNOWN","GOALKEEPER","MALE","","./image/250086924.jpg","Jamie Cumming","GOALKEEPER","13","Cumming","300039","","Angleterre","Gardien","Jamie","Cumming","Jamie Cumming","Cumming","200039","./assoc/200039_ENG.svg","./logo/52914.png","UEFA","ENG","52914","FAME","Chelsea","","https://img.uefa.com/imgml/TP/teams/logos/70x70/52914.png","https://img.uefa.com/imgml/TP/teams/logos/240x240/52914.png","252914","CHE","DOMESTIC_MEN_TEAM_A","","DOMESTIC","Angleterre","Chelsea","Chelsea FC","CHE","0","MINUTE","","","","","","",""
"250085405","50030","30","1995-05-10","11","Prevljak","BIH","STRIKER","FORWARD","MALE","186","./image/250085405.jpg","Smail Prevljak","FORWARD","9","Prevljak","60094","76","Bosnie-Herzégovine","Attaquant","Smail","Prevljak","Smail Prevljak","Prevljak","200008","./assoc/200008_AUT.svg","./logo/50030.png","UEFA","AUT","50030","FAME","Salzburg","","https://img.uefa.com/imgml/TP/teams/logos/70x70/50030.png","https://img.uefa.com/imgml/TP/teams/logos/240x240/50030.png","250030","SAL","DOMESTIC_MEN_TEAM_A","","DOMESTIC","Autriche","Salzburg","FC Salzburg","SAL","0","MINUTE","","","","","","",""
"250081721","50080","26","1999-03-02","13","Peña Sotorres","ESP","UNKNOWN","GOALKEEPER","MALE","","./image/250081721.jpg","Iñaki Peña","GOALKEEPER","23","Iñaki Peña","122","","Espagne","Gardien","","Iñaki Peña","Iñaki Peña","Iñaki Peña","200122","./assoc/200122_ESP.svg","./logo/50080.png","UEFA","ESP","50080","FAME","Barcelona","","https://img.uefa.com/imgml/TP/teams/logos/70x70/50080.png","https://img.uefa.com/imgml/TP/teams/logos/240x240/50080.png","250080","BAR","DOMESTIC_MEN_TEAM_A","","DOMESTIC","Espagne","Barcelona","FC Barcelona","BAR","0","MINUTE","","","","","","",""
"250081719","50124","27","1998-03-20","34","TONI MOYA","ESP","UNKNOWN","MIDFIELDER","MALE","","./image/250081719.jpg","Toni Moya","MIDFIELDER","15","TONI MOYA","400122","","Espagne","Milieu","","Toni Moya","Toni Moya","Toni Moya","200122","./assoc/200122_ESP.svg","./logo/50124.png","UEFA","ESP","50124","FAME","Atleti","","https://img.uefa.com/imgml/TP/teams/logos/70x70/50124.png","https://img.uefa.com/imgml/TP/teams/logos/240x240/50124.png","250124","ATM","DOMESTIC_MEN_TEAM_A","","DOMESTIC","Espagne","Atleti","Atlético de Madrid","ATM","0","MINUTE","","","","","","",""
"250077750","7889","26","1998-11-23","62","Kelleher","IRL","","GOALKEEPER","MALE","","./image/250077750.jpg","Caoimhin Kelleher","GOALKEEPER","1","Kelleher","64","","Eire","Gardien","Caoimhin","Kelleher","Caoimhin Kelleher","Kelleher","200039","./assoc/200039_ENG.svg","./logo/7889.png","UEFA","ENG","7889","FAME","Liverpool","","https://img.uefa.com/imgml/TP/teams/logos/70x70/7889.png","https://img.uefa.com/imgml/TP/teams/logos/240x240/7889.png","207889","LIV","DOMESTIC_MEN_TEAM_A","","DOMESTIC","Angleterre","Liverpool","Liverpool FC","LIV","0","MINUTE","","","","","","",""
"250076169","50080","27","1998-02-05","35","Morer","ESP","UNKNOWN","DEFENDER","MALE","","./image/250076169.jpg","Dani Morer","DEFENDER","16","MORER","400122","","Espagne","Défenseur","","Dani Morer","Dani Morer","Dani Morer","200122","./assoc/200122_ESP.svg","./logo/50080.png","UEFA","ESP","50080","FAME","Barcelona","","https://img.uefa.com/imgml/TP/teams/logos/70x70/50080.png","https://img.uefa.com/imgml/TP/teams/logos/240x240/50080.png","250080","BAR","DOMESTIC_MEN_TEAM_A","","DOMESTIC","Espagne","Barcelona","FC Barcelona","BAR","0","MINUTE","","","","","","",""
"250070838","52826","29","1996-02-10","24","Mammanaa","ARG","CENTRE_BACK","DEFENDER","MALE","183","./image/250070838.jpg","Emanuel Mammana","DEFENDER","","Mammana","","70","Argentine","Défenseur","Emanuel","Mammana","Emanuel Mammana","Mammana","257451","./assoc/257451_RUS.svg","./logo/52826.png","UEFA","RUS","52826","FAME","Zenit","","https://img.uefa.com/imgml/TP/teams/logos/70x70/52826.png","https://img.uefa.com/imgml/TP/teams/logos/240x240/52826.png","252826","ZEN","DOMESTIC_MEN_TEAM_A","","DOMESTIC","Russie","Zenit","FC Zenit","ZEN","0","MINUTE","","","","","","",""
"250068873","61582","28","1997-01-28","4","Wouters","BEL","CENTRE_BACK","DEFENDER","MALE","","./image/250068873.jpg","Dries Wouters","DEFENDER","20","Wouters","200013","","Belgique","Défenseur","Dries","Wouters","Dries Wouters","Wouters","200013","./assoc/200013_BEL.svg","./logo/61582.png","UEFA","BEL","61582","FAME","Genk","","https://img.uefa.com/imgml/TP/teams/logos/70x70/61582.png","https://img.uefa.com/imgml/TP/teams/logos/240x240/61582.png","261582","GEN","DOMESTIC_MEN_TEAM_A","","DOMESTIC","Belgique","Genk","KRC Genk","GEN","0","MINUTE","","","","","","",""
"250065779","50124","28","1997-08-02","9","Šaponjić","SRB","STRIKER","FORWARD","MALE","188","./image/250065779.jpg","Ivan Šaponjić","FORWARD","11","Šaponjić","200147","","Serbie","Attaquant","Ivan","Šaponjić","Ivan Šaponjić","Šaponjić","200122","./assoc/200122_ESP.svg","./logo/50124.png","UEFA","ESP","50124","FAME","Atleti","","https://img.uefa.com/imgml/TP/teams/logos/70x70/50124.png","https://img.uefa.com/imgml/TP/teams/logos/240x240/50124.png","250124","ATM","DOMESTIC_MEN_TEAM_A","","DOMESTIC","Espagne","Atleti","Atlético de Madrid","ATM","0","MINUTE","","","","","","",""
"250064970","50147","28","1997-03-07","72","Zlobin","RUS","GOALKEEPER","GOALKEEPER","MALE","","./image/250064970.jpg","Ivan Zlobin","GOALKEEPER","1","Zlobin","457451","","Russie","Gardien","Ivan","Zlobin","Ivan Zlobin","Zlobin","200110","./assoc/200110_POR.svg","./logo/50147.png","UEFA","POR","50147","FAME","Benfica","","https://img.uefa.com/imgml/TP/teams/logos/70x70/50147.png","https://img.uefa.com/imgml/TP/teams/logos/240x240/50147.png","250147","BEN","DOMESTIC_MEN_TEAM_A","","DOMESTIC","Portugal","Benfica","SL Benfica","BEN","0","MINUTE","","","","","","",""
"250062632","50069","37","1988-05-28","1","Popović","SRB","GOALKEEPER","GOALKEEPER","MALE","","./image/250062632.jpg","Zoran Popović","GOALKEEPER","","Popović","","","Serbie","Gardien","Zoran","Popović","Zoran Popović","Popović","200147","./assoc/200147_SRB.svg","./logo/50069.png","UEFA","SRB","50069","FAME","Crvena Zvezda","","https://img.uefa.com/imgml/TP/teams/logos/70x70/50069.png","https://img.uefa.com/imgml/TP/teams/logos/240x240/50069.png","250069","ZVE","DOMESTIC_MEN_TEAM_A","","DOMESTIC","Serbie","Crvena Zvezda","FK Crvena Zvezda","ZVE","0","MINUTE","","","","","","",""
"250061827","50043","30","1995-06-09","22","Horvath","USA","GOALKEEPER","GOALKEEPER","MALE","","./image/250061827.jpg","Ethan Horvath","GOALKEEPER","12","Horvath","140","","Etats-Unis","Gardien","Ethan","Horvath","Ethan Horvath","Horvath","200013","./assoc/200013_BEL.svg","./logo/50043.png","UEFA","BEL","50043","FAME","Club Brugge","","https://img.uefa.com/imgml/TP/teams/logos/70x70/50043.png","https://img.uefa.com/imgml/TP/teams/logos/240x240/50043.png","250043","BRU","DOMESTIC_MEN_TEAM_A","","DOMESTIC","Belgique","Club Brugge","Club Brugge KV","BRU","0","MINUTE","","","","","","",""
"250061214","52498","40","1985-10-14","31","Kovář","CZE","GOALKEEPER","GOALKEEPER","MALE","","./image/250061214.jpg","Přemysl Kovář","GOALKEEPER","","Kovar","","","Tchéquie","Gardien","Přemysl","Kovář","Přemysl Kovář","Kovář","258837","./assoc/258837_CZE.svg","./logo/52498.png","UEFA","CZE","52498","FAME","Slavia Praha","","https://img.uefa.com/imgml/TP/teams/logos/70x70/52498.png","https://img.uefa.com/imgml/TP/teams/logos/240x240/52498.png","252498","SLP","DOMESTIC_MEN_TEAM_A","","DOMESTIC","Tchéquie","Slavia Praha","SK Slavia Praha","SLA","0","MINUTE","","","","","","",""
"250056189","50138","27","1997-11-10","32","Dimarco","ITA","UNKNOWN","DEFENDER","MALE","174","./image/250056189.jpg","Federico Dimarco","DEFENDER","3","Dimarco","66","","Italie","Défenseur","Federico","Dimarco","Federico Dimarco","Dimarco","200066","./assoc/200066_ITA.svg","./logo/50138.png","UEFA","ITA","50138","FAME","Inter","","https://img.uefa.com/imgml/TP/teams/logos/70x70/50138.png","https://img.uefa.com/imgml/TP/teams/logos/240x240/50138.png","250138","INT","DOMESTIC_MEN_TEAM_A","","DOMESTIC","Italie","Inter","FC Internazionale Milano","INT","0","MINUTE","","","","","","",""
"250055932","53065","31","1994-05-29","2","Zhivoglyadov","RUS","UNKNOWN","DEFENDER","MALE","178","./image/250055932.jpg","Dmitri Zhivoglyadov","DEFENDER","2","Zhivoglyadov","57451","","Russie","Défenseur","Dmitri","Zhivoglyadov","Dmitri Zhivoglyadov","Zhivoglyadov","257451","./assoc/257451_RUS.svg","./logo/53065.png","UEFA","RUS","53065","FAME","Lokomotiv Moskva","","https://img.uefa.com/imgml/TP/teams/logos/70x70/53065.png","https://img.uefa.com/imgml/TP/teams/logos/240x240/53065.png","253065","LMO","DOMESTIC_MEN_TEAM_A","","DOMESTIC","Russie","Lokomotiv Moskva","FC Lokomotiv Moskva","LMO","0","MINUTE","","","","","","",""
"250055294","50143","29","1996-05-23","18","Marin","ROU","CENTRAL_MIDFIELDER","MIDFIELDER","MALE","177","./image/250055294.jpg","Răzvan Marin","MIDFIELDER","18","R. Marin","113","70","Roumanie","Milieu","Răzvan","Marin","Răzvan Marin","R. Marin","200095","./assoc/200095_NED.svg","./logo/50143.png","UEFA","NED","50143","FAME","Ajax","","https://img.uefa.com/imgml/TP/teams/logos/70x70/50143.png","https://img.uefa.com/imgml/TP/teams/logos/240x240/50143.png","250143","AJX","DOMESTIC_MEN_TEAM_A","","DOMESTIC","Pays-Bas","Ajax","AFC Ajax","AJX","0","MINUTE","","","","","","",""
"250055201","50069","29","1996-04-22","3","Babić","SRB","CENTRE_BACK","DEFENDER","MALE","","./image/250055201.jpg","Srđan Babić","DEFENDER","15","Babić","147","","Serbie","Défenseur","Srđan","Babić","Srđan Babić","Babić","200147","./assoc/200147_SRB.svg","./logo/50069.png","UEFA","SRB","50069","FAME","Crvena Zvezda","","https://img.uefa.com/imgml/TP/teams/logos/70x70/50069.png","https://img.uefa.com/imgml/TP/teams/logos/240x240/50069.png","250069","ZVE","DOMESTIC_MEN_TEAM_A","","DOMESTIC","Serbie","Crvena Zvezda","FK Crvena Zvezda","ZVE","0","MINUTE","","","","","","",""
"250054481","52498","32","1993-03-31","3","Holeš","CZE","FULL_BACK","MIDFIELDER","MALE","","./image/250054481.jpg","Tomáš Holeš","MIDFIELDER","3","Holeš","58837","","Tchéquie","Milieu","Tomáš","Holeš","Tomáš Holeš","Holeš","258837","./assoc/258837_CZE.svg","./logo/52498.png","UEFA","CZE","52498","FAME","Slavia Praha","","https://img.uefa.com/imgml/TP/teams/logos/70x70/52498.png","https://img.uefa.com/imgml/TP/teams/logos/240x240/52498.png","252498","SLP","DOMESTIC_MEN_TEAM_A","","DOMESTIC","Tchéquie","Slavia Praha","SK Slavia Praha","SLA","0","MINUTE","","","","","","",""
"250054476","52707","33","1992-02-24","1","Shevchenko","UKR","GOALKEEPER","GOALKEEPER","MALE","188","./image/250054476.jpg","Oleksiy Shevchenko","GOALKEEPER","","Shevchenko","57166","81","Ukraine","Gardien","Oleksiy","Shevchenko","Oleksiy Shevchenko","Shevchenko","257166","./assoc/257166_UKR.svg","./logo/52707.png","UEFA","UKR","52707","FAME","Shakhtar","","https://img.uefa.com/imgml/TP/teams/logos/70x70/52707.png","https://img.uefa.com/imgml/TP/teams/logos/240x240/52707.png","252707","SHK","DOMESTIC_MEN_TEAM_A","","DOMESTIC","Ukraine","Shakhtar","FC Shakhtar Donetsk","SHK","0","MINUTE","","","","","","",""
"250054427","2610","32","1993-04-21","76","B. Gaspar","POR","FULL_BACK","DEFENDER","MALE","","./image/250054427.jpg","Bruno Gaspar","DEFENDER","","Gaspar","","","Portugal","Défenseur","Bruno","Gaspar","Bruno Gaspar","Gaspar","200049","./assoc/200049_GRE.svg","./logo/2610.png","UEFA","GRE","2610","FAME","Olympiacos","","https://img.uefa.com/imgml/TP/teams/logos/70x70/2610.png","https://img.uefa.com/imgml/TP/teams/logos/240x240/2610.png","202610","OLY","DOMESTIC_MEN_TEAM_A","","DOMESTIC","Grèce","Olympiacos","Olympiacos FC","OLY","0","MINUTE","","","","","","",""
"250046941","52826","30","1995-03-04","15","Vasyutin","RUS","GOALKEEPER","GOALKEEPER","MALE","190","./image/250046941.jpg","Aleksandr Vasyutin","GOALKEEPER","12","Vasyutin","357451","80","Russie","Gardien","Aleksandr","Vasyutin","Aleksandr Vasyutin","Vasyutin","257451","./assoc/257451_RUS.svg","./logo/52826.png","UEFA","RUS","52826","FAME","Zenit","","https://img.uefa.com/imgml/TP/teams/logos/70x70/52826.png","https://img.uefa.com/imgml/TP/teams/logos/240x240/52826.png","252826","ZEN","DOMESTIC_MEN_TEAM_A","","DOMESTIC","Russie","Zenit","FC Zenit","ZEN","0","MINUTE","","","","","","",""
"250042577","50067","30","1995-07-27","1","Okan Kocuk","TUR","UNKNOWN","GOALKEEPER","MALE","","./image/250042577.jpg","Okan Kocuk","GOALKEEPER","12","OKAN","135","","Turquie","Gardien","","Okan Kocuk","Okan Kocuk","Okan Kocuk","200135","./assoc/200135_TUR.svg","./logo/50067.png","UEFA","TUR","50067","FAME","Galatasaray","","https://img.uefa.com/imgml/TP/teams/logos/70x70/50067.png","https://img.uefa.com/imgml/TP/teams/logos/240x240/50067.png","250067","GAL","DOMESTIC_MEN_TEAM_A","","DOMESTIC","Turquie","Galatasaray","Galatasaray A.Ş.","GAL","0","MINUTE","","","","","","",""
"250042209","50069","30","1995-02-17","21","V. SIMIĆ","SRB","WINGER","FORWARD","MALE","","./image/250042209.jpg","Veljko Simić","MIDFIELDER","7","Simic","300147","","Serbie","Attaquant","Veljko","Simić","Veljko Simić","Simić","200147","./assoc/200147_SRB.svg","./logo/50069.png","UEFA","SRB","50069","FAME","Crvena Zvezda","","https://img.uefa.com/imgml/TP/teams/logos/70x70/50069.png","https://img.uefa.com/imgml/TP/teams/logos/240x240/50069.png","250069","ZVE","DOMESTIC_MEN_TEAM_A","","DOMESTIC","Serbie","Crvena Zvezda","FK Crvena Zvezda","ZVE","0","MINUTE","","","","","","",""
"250040599","50109","32","1993-07-28","36","Lomb","GER","GOALKEEPER","GOALKEEPER","MALE","188","./image/250040599.jpg","Niklas Lomb","GOALKEEPER","","Lomb","","84","Allemagne","Gardien","Niklas","Lomb","Niklas Lomb","Lomb","200047","./assoc/200047_GER.svg","./logo/50109.png","UEFA","GER","50109","FAME","Leverkusen","","https://img.uefa.com/imgml/TP/teams/logos/70x70/50109.png","https://img.uefa.com/imgml/TP/teams/logos/240x240/50109.png","250109","LEV","DOMESTIC_MEN_TEAM_A","","DOMESTIC","Allemagne","Leverkusen","Bayer 04 Leverkusen","LEV","0","MINUTE","","","","","","",""
"250029377","50164","38","1987-02-07","1","Zagorac","CRO","GOALKEEPER","GOALKEEPER","MALE","","./image/250029377.jpg","Danijel Zagorac","GOALKEEPER","","Zagaroac","","","Croatie","Gardien","Danijel","Zagorac","Danijel Zagorac","Zagorac","256370","./assoc/256370_CRO.svg","./logo/50164.png","UEFA","CRO","50164","FAME","GNK Dinamo","","https://img.uefa.com/imgml/TP/teams/logos/70x70/50164.png","https://img.uefa.com/imgml/TP/teams/logos/240x240/50164.png","250164","DIN","DOMESTIC_MEN_TEAM_A","","DOMESTIC","Croatie","GNK Dinamo","GNK Dinamo","DIN","0","MINUTE","","","","","","",""
"250028112","53065","31","1994-07-09","18","Djordjevic","MNE","STRIKER","FORWARD","MALE","184","./image/250028112.jpg","Luka Djordjević","FORWARD","14","Djordjevic","92853","70","Monténégro","Attaquant","Luka","Djordjević","Luka Djordjević","Djordjević","257451","./assoc/257451_RUS.svg","./logo/53065.png","UEFA","RUS","53065","FAME","Lokomotiv Moskva","","https://img.uefa.com/imgml/TP/teams/logos/70x70/53065.png","https://img.uefa.com/imgml/TP/teams/logos/240x240/53065.png","253065","LMO","DOMESTIC_MEN_TEAM_A","","DOMESTIC","Russie","Lokomotiv Moskva","FC Lokomotiv Moskva","LMO","0","MINUTE","","","","","","",""
"250025961","50136","34","1991-02-01","31","Ghoulam","FRA","FULL_BACK","DEFENDER","MALE","188","./image/250025961.jpg","Faouzi Ghoulam","DEFENDER","3","Ghoulam","3","80","France","Défenseur","Faouzi","Ghoulam","Faouzi Ghoulam","Ghoulam","200066","./assoc/200066_ITA.svg","./logo/50136.png","UEFA","ITA","50136","FAME","Napoli","","https://img.uefa.com/imgml/TP/teams/logos/70x70/50136.png","https://img.uefa.com/imgml/TP/teams/logos/240x240/50136.png","250136","NAP","DOMESTIC_MEN_TEAM_A","","DOMESTIC","Italie","Napoli","SSC Napoli","NAP","0","MINUTE","","","","","","",""
"250024742","50143","30","1994-11-04","14","B. Varela","POR","GOALKEEPER","GOALKEEPER","MALE","191","./image/250024742.jpg","Bruno Varela","GOALKEEPER","22","Varela","110","","Portugal","Gardien","","Bruno Varela","Bruno Varela","Bruno Varela","200095","./assoc/200095_NED.svg","./logo/50143.png","UEFA","NED","50143","FAME","Ajax","","https://img.uefa.com/imgml/TP/teams/logos/70x70/50143.png","https://img.uefa.com/imgml/TP/teams/logos/240x240/50143.png","250143","AJX","DOMESTIC_MEN_TEAM_A","","DOMESTIC","Pays-Bas","Ajax","AFC Ajax","AJX","0","MINUTE","","","","","","",""
"250024153","50109","31","1994-09-13","17","Pohjanpalo","FIN","STRIKER","FORWARD","MALE","185","./image/250024153.jpg","Joel Pohjanpalo","FORWARD","20","Pohjanpalo","42","83","Finlande","Attaquant","Joel","Pohjanpalo","Joel Pohjanpalo","Pohjanpalo","200047","./assoc/200047_GER.svg","./logo/50109.png","UEFA","GER","50109","FAME","Leverkusen","","https://img.uefa.com/imgml/TP/teams/logos/70x70/50109.png","https://img.uefa.com/imgml/TP/teams/logos/240x240/50109.png","250109","LEV","DOMESTIC_MEN_TEAM_A","","DOMESTIC","Allemagne","Leverkusen","Bayer 04 Leverkusen","LEV","0","MINUTE","","","","","","",""
"250023520","50136","31","1994-02-02","23","Hysaj","ALB","FULL_BACK","DEFENDER","MALE","182","./image/250023520.jpg","Elseid Hysaj","DEFENDER","4","Hysaj","2","70","Albanie","Défenseur","Elseid","Hysaj","Elseid Hysaj","Hysaj","200066","./assoc/200066_ITA.svg","./logo/50136.png","UEFA","ITA","50136","FAME","Napoli","","https://img.uefa.com/imgml/TP/teams/logos/70x70/50136.png","https://img.uefa.com/imgml/TP/teams/logos/240x240/50136.png","250136","NAP","DOMESTIC_MEN_TEAM_A","","DOMESTIC","Italie","Napoli","SSC Napoli","NAP","0","MINUTE","","","","","","",""
"250016304","52758","38","1987-09-18","1","HITZ","SUI","GOALKEEPER","GOALKEEPER","MALE","193","./image/250016304.jpg","Marwin Hitz","GOALKEEPER","12","Hitz","128","86","Suisse","Gardien","Marwin","Hitz","Marwin Hitz","Hitz","200047","./assoc/200047_GER.svg","./logo/52758.png","UEFA","GER","52758","FAME","B. Dortmund","","https://img.uefa.com/imgml/TP/teams/logos/70x70/52758.png","https://img.uefa.com/imgml/TP/teams/logos/240x240/52758.png","252758","BVB","DOMESTIC_MEN_TEAM_A","","DOMESTIC","Allemagne","B. Dortmund","Borussia Dortmund","BVB","0","MINUTE","","","","","","",""
"250015753","52816","34","1991-04-27","31","Rossi","ITA","GOALKEEPER","GOALKEEPER","MALE","","./image/250015753.jpg","Francesco Rossi","GOALKEEPER","","Rossi","","","Italie","Gardien","Francesco","Rossi","Francesco Rossi","Rossi","200066","./assoc/200066_ITA.svg","./logo/52816.png","UEFA","ITA","52816","FAME","Atalanta","","https://img.uefa.com/imgml/TP/teams/logos/70x70/52816.png","https://img.uefa.com/imgml/TP/teams/logos/240x240/52816.png","252816","ATA","DOMESTIC_MEN_TEAM_A","","DOMESTIC","Italie","Atalanta","Atalanta BC","ATA","0","MINUTE","","","","","","",""
"250006098","52268","33","1992-06-01","23","R.SOBRINO","ESP","UNKNOWN","FORWARD","MALE","","./image/250006098.jpg","Rubén Sobrino","FORWARD","18","Rubén Sobrino","300122","","Espagne","Attaquant","","Rubén Sobrino","Rubén Sobrino","Rubén Sobrino","200122","./assoc/200122_ESP.svg","./logo/52268.png","UEFA","ESP","52268","FAME","Valencia","","https://img.uefa.com/imgml/TP/teams/logos/70x70/52268.png","https://img.uefa.com/imgml/TP/teams/logos/240x240/52268.png","252268","VAL","DOMESTIC_MEN_TEAM_A","","DOMESTIC","Espagne","Valencia","Valencia CF","VAL","0","MINUTE","","","","","","",""
"250004261","52707","32","1993-02-08","5","Khocholava","GEO","CENTRE_BACK","DEFENDER","MALE","192","./image/250004261.jpg","David Khocholava","DEFENDER","3","Khocholava","57157","80","Géorgie","Défenseur","David","Khocholava","David Khocholava","Khocholava","257166","./assoc/257166_UKR.svg","./logo/52707.png","UEFA","UKR","52707","FAME","Shakhtar","","https://img.uefa.com/imgml/TP/teams/logos/70x70/52707.png","https://img.uefa.com/imgml/TP/teams/logos/240x240/52707.png","252707","SHK","DOMESTIC_MEN_TEAM_A","","DOMESTIC","Ukraine","Shakhtar","FC Shakhtar Donetsk","SHK","0","MINUTE","","","","","","",""
"250000104","50139","35","1990-03-16","23","Pinsoglio","ITA","UNKNOWN","GOALKEEPER","MALE","","./image/250000104.jpg","Carlo Pinsoglio","GOALKEEPER","12","Pinsoglio","","","Italie","Gardien","Carlo","Pinsoglio","Carlo Pinsoglio","Pinsoglio","200066","./assoc/200066_ITA.svg","./logo/50139.png","UEFA","ITA","50139","FAME","Juventus","","https://img.uefa.com/imgml/TP/teams/logos/70x70/50139.png","https://img.uefa.com/imgml/TP/teams/logos/240x240/50139.png","250139","JUV","DOMESTIC_MEN_TEAM_A","","DOMESTIC","Italie","Juventus","Juventus","JUV","0","MINUTE","","","","","","",""
"1906029","52707","34","1991-01-13","2","Butko","UKR","CENTRE_BACK","DEFENDER","MALE","180","./image/1906029.jpg","Bohdan Butko","DEFENDER","2","Butko","57166","68","Ukraine","Défenseur","Bohdan","Butko","Bohdan Butko","Butko","257166","./assoc/257166_UKR.svg","./logo/52707.png","UEFA","UKR","52707","FAME","Shakhtar","","https://img.uefa.com/imgml/TP/teams/logos/70x70/52707.png","https://img.uefa.com/imgml/TP/teams/logos/240x240/52707.png","252707","SHK","DOMESTIC_MEN_TEAM_A","","DOMESTIC","Ukraine","Shakhtar","FC Shakhtar Donetsk","SHK","0","MINUTE","","","","","","",""
"1902645","5312","39","1986-02-09","1","TĂTĂRUŞANU","ROU","GOALKEEPER","GOALKEEPER","MALE","195","./image/1902645.jpg","Ciprian Tătăruşanu","GOALKEEPER","12","Tatarusanu","113","88","Roumanie","Gardien","Ciprian","Tătăruşanu","Ciprian Tătăruşanu","Tătăruşanu","200043","./assoc/200043_FRA.svg","./logo/5312.png","UEFA","FRA","5312","FAME","Lyon","","https://img.uefa.com/imgml/TP/teams/logos/70x70/5312.png","https://img.uefa.com/imgml/TP/teams/logos/240x240/5312.png","205312","LYO","DOMESTIC_MEN_TEAM_A","","DOMESTIC","France","Lyon","Olympique Lyonnais","LYO","0","MINUTE","","","","","","",""
"1902445","50037","37","1988-08-03","26","Ulreich","GER","UNKNOWN","GOALKEEPER","MALE","192","./image/1902445.jpg","Sven Ulreich","GOALKEEPER","22","Ulreich","47","84","Allemagne","Gardien","Sven","Ulreich","Sven Ulreich","Ulreich","200047","./assoc/200047_GER.svg","./logo/50037.png","UEFA","GER","50037","FAME","Bayern München","","https://img.uefa.com/imgml/TP/teams/logos/70x70/50037.png","https://img.uefa.com/imgml/TP/teams/logos/240x240/50037.png","250037","BAY","DOMESTIC_MEN_TEAM_A","","DOMESTIC","Allemagne","Bayern München","FC Bayern München","BAY","0","MINUTE","","","","","","",""
"1901644","50164","35","1990-01-07","25","Ivo Pinto","POR","FULL_BACK","DEFENDER","MALE","184","./image/1901644.jpg","Ivo Pinto","DEFENDER","14","IVO PINTO","","73","Portugal","Défenseur","","Ivo Pinto","Ivo Pinto","Ivo Pinto","256370","./assoc/256370_CRO.svg","./logo/50164.png","UEFA","CRO","50164","FAME","GNK Dinamo","","https://img.uefa.com/imgml/TP/teams/logos/70x70/50164.png","https://img.uefa.com/imgml/TP/teams/logos/240x240/50164.png","250164","DIN","DOMESTIC_MEN_TEAM_A","","DOMESTIC","Croatie","GNK Dinamo","GNK Dinamo","DIN","0","MINUTE","","","","","","",""
"1900735","50138","39","1985-10-25","27","Padelli","ITA","GOALKEEPER","GOALKEEPER","MALE","191","./image/1900735.jpg","Daniele Padelli","GOALKEEPER","13","Padelli","","82","Italie","Gardien","Daniele","Padelli","Daniele Padelli","Padelli","200066","./assoc/200066_ITA.svg","./logo/50138.png","UEFA","ITA","50138","FAME","Inter","","https://img.uefa.com/imgml/TP/teams/logos/70x70/50138.png","https://img.uefa.com/imgml/TP/teams/logos/240x240/50138.png","250138","INT","DOMESTIC_MEN_TEAM_A","","DOMESTIC","Italie","Inter","FC Internazionale Milano","INT","0","MINUTE","","","","","","",""
"101213","50043","36","1989-03-22","9","Vossen","BEL","STRIKER","FORWARD","MALE","180","./image/101213.jpg","Jelle Vossen","FORWARD","17","Vossen","200013","77","Belgique","Attaquant","Jelle","Vossen","Jelle Vossen","Vossen","200013","./assoc/200013_BEL.svg","./logo/50043.png","UEFA","BEL","50043","FAME","Club Brugge","","https://img.uefa.com/imgml/TP/teams/logos/70x70/50043.png","https://img.uefa.com/imgml/TP/teams/logos/240x240/50043.png","250043","BRU","DOMESTIC_MEN_TEAM_A","","DOMESTIC","Belgique","Club Brugge","Club Brugge KV","BRU","0","MINUTE","","","","","","",""
