PlayerId,TeamId,PlayerAge,PlayerBirthDate,PlayerClubJerseyNumber,PlayerClubShirtName,PlayerCountryCode,PlayerDetailedFieldPosition,PlayerFieldPosition,PlayerGender,PlayerHeight,PlayerImageUrl,PlayerInternationalName,PlayerNationalFieldPosition,PlayerNationalJerseyNumber,PlayerNationalShirtName,PlayerNationalTeamId,PlayerWeight,PlayerCountryName,PlayerFieldPositionFR,PlayerFirstName,PlayerLastName,PlayerName,PlayerShortName,TeamAssociationId,TeamAssociationLogoUrl,TeamBigLogoUrl,TeamConfederationType,TeamCountryCode,TeamId_Full,TeamIdProvider,TeamInternationalName,TeamIsPlaceHolder,TeamLogoUrl,TeamMediumLogoUrl,TeamOrganizationId,TeamCode,TeamTypeDetail,TeamTypeIsNational,TeamType,TeamCountryName,TeamDisplayName,TeamDisplayOfficialName,TeamDisplayTeamCode,minutesplayedofficial,minutesplayedofficial_Unit,matchesappearance,goals,assists,distancecovered,distancecovered_Unit,topspeed,topspeed_Unit
"250134380","52914","33","1992-03-01","16","Mendy","SEN","GOALKEEPER","GOALKEEPER","MALE","","./image/250134380.jpg","Edouard Mendy","GOALKEEPER","16","Mendy","118","","Sénégal","Gardien","Edouard","Mendy","Edouard Mendy","E. Mendy","200039","./assoc/200039_ENG.svg","./logo/52914.png","UEFA","ENG","52914","FAME","Chelsea","","https://img.uefa.com/imgml/TP/teams/logos/70x70/52914.png","https://img.uefa.com/imgml/TP/teams/logos/240x240/52914.png","252914","CHE","DOMESTIC_MEN_TEAM_A","","DOMESTIC","Angleterre","Chelsea","Chelsea FC","CHE","1080","MINUTE","12","0","0","61.88","KILOMETER","23.6","KILOMETER_PER_HOUR"
"250011668","50051","33","1992-05-11","1","COURTOIS","BEL","GOALKEEPER","GOALKEEPER","MALE","199","./image/250011668.jpg","Thibaut Courtois","GOALKEEPER","1","Courtois","13","91","Belgique","Gardien","Thibaut","Courtois","Thibaut Courtois","Courtois","200122","./assoc/200122_ESP.svg","./logo/50051.png","UEFA","ESP","50051","FAME","Real Madrid","","https://img.uefa.com/imgml/TP/teams/logos/70x70/50051.png","https://img.uefa.com/imgml/TP/teams/logos/240x240/50051.png","250051","RMA","DOMESTIC_MEN_TEAM_A","","DOMESTIC","Espagne","Real Madrid","Real Madrid C.F.","RMA","1080","MINUTE","12","0","0","49.99","KILOMETER","22.9","KILOMETER_PER_HOUR"
"250073809","52919","32","1993-08-17","31","EDERSON M.","BRA","UNKNOWN","GOALKEEPER","MALE","188","./image/250073809.jpg","Ederson","GOALKEEPER","23","EDERSON","18","81","Brésil","Gardien","","Ederson","Ederson","Ederson","200039","./assoc/200039_ENG.svg","./logo/52919.png","UEFA","ENG","52919","FAME","Man City","","https://img.uefa.com/imgml/TP/teams/logos/70x70/52919.png","https://img.uefa.com/imgml/TP/teams/logos/240x240/52919.png","252919","MCI","DOMESTIC_MEN_TEAM_A","","DOMESTIC","Angleterre","Man City","Manchester City","MCI","1080","MINUTE","12","0","0","48.06","KILOMETER","22.3","KILOMETER_PER_HOUR"
"250031037","52747","38","1986-12-15","1","K. Navas","CRC","UNKNOWN","GOALKEEPER","MALE","184","./image/250031037.jpg","Keylor Navas","GOALKEEPER","1","K. Navas","31","78","Costa Rica","Gardien","Keylor","Navas","Keylor Navas","Navas","200043","./assoc/200043_FRA.svg","./logo/52747.png","UEFA","FRA","52747","FAME","Paris","","https://img.uefa.com/imgml/TP/teams/logos/70x70/52747.png","https://img.uefa.com/imgml/TP/teams/logos/240x240/52747.png","252747","PSG","DOMESTIC_MEN_TEAM_A","","DOMESTIC","France","Paris","Paris Saint-Germain","PSG","1080","MINUTE","12","0","0","39.54","KILOMETER","27.4","KILOMETER_PER_HOUR"
"250101534","52919","25","2000-05-28","47","Foden","ENG","UNKNOWN","MIDFIELDER","MALE","","./image/250101534.jpg","Phil Foden","MIDFIELDER","10","Foden","39","","Angleterre","Milieu","Phil","Foden","Phil Foden","Foden","200039","./assoc/200039_ENG.svg","./logo/52919.png","UEFA","ENG","52919","FAME","Man City","","https://img.uefa.com/imgml/TP/teams/logos/70x70/52919.png","https://img.uefa.com/imgml/TP/teams/logos/240x240/52919.png","252919","MCI","DOMESTIC_MEN_TEAM_A","","DOMESTIC","Angleterre","Man City","Manchester City","MCI","1066","MINUTE","13","3","3","134.09","KILOMETER","33.3","KILOMETER_PER_HOUR"
"250067749","52914","33","1991-12-20","20","Jorginho","ITA","CENTRAL_MIDFIELDER","MIDFIELDER","MALE","180","./image/250067749.jpg","Jorginho","MIDFIELDER","8","Jorginho","66","65","Italie","Milieu","","Jorginho","Jorginho","Jorginho","200039","./assoc/200039_ENG.svg","./logo/52914.png","UEFA","ENG","52914","FAME","Chelsea","","https://img.uefa.com/imgml/TP/teams/logos/70x70/52914.png","https://img.uefa.com/imgml/TP/teams/logos/240x240/52914.png","252914","CHE","DOMESTIC_MEN_TEAM_A","","DOMESTIC","Angleterre","Chelsea","Chelsea FC","CHE","1031","MINUTE","12","1","1","126.48","KILOMETER","27.4","KILOMETER_PER_HOUR"
"250010259","52919","35","1990-05-28","32","WALKER","ENG","FULL_BACK","DEFENDER","MALE","178","./image/250010259.jpg","Kyle Walker","DEFENDER","2","Walker","39","70","Angleterre","Défenseur","Kyle","Walker","Kyle Walker","Walker","200039","./assoc/200039_ENG.svg","./logo/52919.png","UEFA","ENG","52919","FAME","Man City","","https://img.uefa.com/imgml/TP/teams/logos/70x70/52919.png","https://img.uefa.com/imgml/TP/teams/logos/240x240/52919.png","252919","MCI","DOMESTIC_MEN_TEAM_A","","DOMESTIC","Angleterre","Man City","Manchester City","MCI","982","MINUTE","11","0","0","101.33","KILOMETER","34","KILOMETER_PER_HOUR"
"250064583","52747","30","1995-08-13","3","Kimpembe","FRA","UNKNOWN","DEFENDER","MALE","183","./image/250064583.jpg","Presnel Kimpembe","DEFENDER","3","Kimpembe","43","67","France","Défenseur","Presnel","Kimpembe","Presnel Kimpembe","Kimpembe","200043","./assoc/200043_FRA.svg","./logo/52747.png","UEFA","FRA","52747","FAME","Paris","","https://img.uefa.com/imgml/TP/teams/logos/70x70/52747.png","https://img.uefa.com/imgml/TP/teams/logos/240x240/52747.png","252747","PSG","DOMESTIC_MEN_TEAM_A","","DOMESTIC","France","Paris","Paris Saint-Germain","PSG","980","MINUTE","11","0","0","99.41","KILOMETER","32.21","KILOMETER_PER_HOUR"
"250005335","52919","34","1990-10-24","20","GÜNDOĞAN","GER","CENTRAL_MIDFIELDER","MIDFIELDER","MALE","180","./image/250005335.jpg","İlkay Gündoğan","MIDFIELDER","21","Gündoğan","47","80","Allemagne","Milieu","İlkay","Gündoğan","İlkay Gündoğan","Gündoğan","200039","./assoc/200039_ENG.svg","./logo/52919.png","UEFA","ENG","52919","FAME","Man City","","https://img.uefa.com/imgml/TP/teams/logos/70x70/52919.png","https://img.uefa.com/imgml/TP/teams/logos/240x240/52919.png","252919","MCI","DOMESTIC_MEN_TEAM_A","","DOMESTIC","Angleterre","Man City","Manchester City","MCI","977","MINUTE","12","3","1","117.93","KILOMETER","28.6","KILOMETER_PER_HOUR"
"250058220","52919","28","1997-05-14","3","Rúben","POR","CENTRE_BACK","DEFENDER","MALE","","./image/250058220.jpg","Rúben Dias","DEFENDER","3","RÚBEN DIAS","110","","Portugal","Défenseur","","Rúben Dias","Rúben Dias","Rúben Dias","200039","./assoc/200039_ENG.svg","./logo/52919.png","UEFA","ENG","52919","FAME","Man City","","https://img.uefa.com/imgml/TP/teams/logos/70x70/52919.png","https://img.uefa.com/imgml/TP/teams/logos/240x240/52919.png","252919","MCI","DOMESTIC_MEN_TEAM_A","","DOMESTIC","Angleterre","Man City","Manchester City","MCI","970","MINUTE","11","0","0","111.84","KILOMETER","30.2","KILOMETER_PER_HOUR"
"103827","52914","36","1989-08-28","3","AZPILICUETA","ESP","FULL_BACK","DEFENDER","MALE","178","./image/103827.jpg","César Azpilicueta","DEFENDER","2","Azpilicueta","122","75","Espagne","Défenseur","César","Azpilicueta","César Azpilicueta","Azpilicueta","200039","./assoc/200039_ENG.svg","./logo/52914.png","UEFA","ENG","52914","FAME","Chelsea","","https://img.uefa.com/imgml/TP/teams/logos/70x70/52914.png","https://img.uefa.com/imgml/TP/teams/logos/240x240/52914.png","252914","CHE","DOMESTIC_MEN_TEAM_A","","DOMESTIC","Angleterre","Chelsea","Chelsea FC","CHE","964","MINUTE","11","0","0","105.98","KILOMETER","31.5","KILOMETER_PER_HOUR"
"250112803","50051","30","1995-06-08","23","F. MENDY","FRA","FULL_BACK","DEFENDER","MALE","","./image/250112803.jpg","Ferland Mendy","DEFENDER","3","Mendy","43","","France","Défenseur","Ferland","Mendy","Ferland Mendy","Mendy","200122","./assoc/200122_ESP.svg","./logo/50051.png","UEFA","ESP","50051","FAME","Real Madrid","","https://img.uefa.com/imgml/TP/teams/logos/70x70/50051.png","https://img.uefa.com/imgml/TP/teams/logos/240x240/50051.png","250051","RMA","DOMESTIC_MEN_TEAM_A","","DOMESTIC","Espagne","Real Madrid","Real Madrid C.F.","RMA","963","MINUTE","11","1","0","109.14","KILOMETER","32.8","KILOMETER_PER_HOUR"
"103147","50051","35","1990-01-04","8","KROOS","GER","CENTRAL_MIDFIELDER","MIDFIELDER","MALE","182","./image/103147.jpg","Toni Kroos","MIDFIELDER","8","Kroos","47","78","Allemagne","Milieu","Toni","Kroos","Toni Kroos","Kroos","200122","./assoc/200122_ESP.svg","./logo/50051.png","UEFA","ESP","50051","FAME","Real Madrid","","https://img.uefa.com/imgml/TP/teams/logos/70x70/50051.png","https://img.uefa.com/imgml/TP/teams/logos/240x240/50051.png","250051","RMA","DOMESTIC_MEN_TEAM_A","","DOMESTIC","Espagne","Real Madrid","Real Madrid C.F.","RMA","961","MINUTE","12","0","2","119.64","KILOMETER","28.1","KILOMETER_PER_HOUR"
"250059115","52919","31","1994-08-10","20","Bernardo","POR","ATTACKING_MIDFIELDER","MIDFIELDER","MALE","173","./image/250059115.jpg","Bernardo Silva","MIDFIELDER","10","BERNARDO","110","64","Portugal","Milieu","","Bernardo Silva","Bernardo Silva","Bernardo Silva","200039","./assoc/200039_ENG.svg","./logo/52919.png","UEFA","ENG","52919","FAME","Man City","","https://img.uefa.com/imgml/TP/teams/logos/70x70/52919.png","https://img.uefa.com/imgml/TP/teams/logos/240x240/52919.png","252919","MCI","DOMESTIC_MEN_TEAM_A","","DOMESTIC","Angleterre","Man City","Manchester City","MCI","930","MINUTE","13","1","2","122.54","KILOMETER","29","KILOMETER_PER_HOUR"
"250063997","50064","31","1994-08-08","18","C.MBEMBA","COD","CENTRE_BACK","DEFENDER","MALE","182","./image/250063997.jpg","Chancel Mbemba","DEFENDER","","Mbemba","148","","RD Congo","Défenseur","Chancel","Mbemba","Chancel Mbemba","Mbemba","200110","./assoc/200110_POR.svg","./logo/50064.png","UEFA","POR","50064","FAME","Porto","","https://img.uefa.com/imgml/TP/teams/logos/70x70/50064.png","https://img.uefa.com/imgml/TP/teams/logos/240x240/50064.png","250064","POR","DOMESTIC_MEN_TEAM_A","","DOMESTIC","Portugal","Porto","FC Porto","POR","930","MINUTE","10","0","0","93.56","KILOMETER","30.6","KILOMETER_PER_HOUR"
"250028211","52914","32","1993-03-03","22","RÜDIGER","GER","CENTRE_BACK","DEFENDER","MALE","190","./image/250028211.jpg","Antonio Rüdiger","DEFENDER","2","Rüdiger","47","85","Allemagne","Défenseur","Antonio","Rüdiger","Antonio Rüdiger","Rüdiger","200039","./assoc/200039_ENG.svg","./logo/52914.png","UEFA","ENG","52914","FAME","Chelsea","","https://img.uefa.com/imgml/TP/teams/logos/70x70/52914.png","https://img.uefa.com/imgml/TP/teams/logos/240x240/52914.png","252914","CHE","DOMESTIC_MEN_TEAM_A","","DOMESTIC","Angleterre","Chelsea","Chelsea FC","CHE","922","MINUTE","11","0","1","92.69","KILOMETER","33.3","KILOMETER_PER_HOUR"
"74699","50051","40","1985-09-09","10","MODRIĆ","CRO","CENTRAL_MIDFIELDER","MIDFIELDER","MALE","174","./image/74699.jpg","Luka Modrić","MIDFIELDER","10","Modrić","56370","65","Croatie","Milieu","Luka","Modrić","Luka Modrić","Modrić","200122","./assoc/200122_ESP.svg","./logo/50051.png","UEFA","ESP","50051","FAME","Real Madrid","","https://img.uefa.com/imgml/TP/teams/logos/70x70/50051.png","https://img.uefa.com/imgml/TP/teams/logos/240x240/50051.png","250051","RMA","DOMESTIC_MEN_TEAM_A","","DOMESTIC","Espagne","Real Madrid","Real Madrid C.F.","RMA","911","MINUTE","12","1","3","104.91","KILOMETER","31.3","KILOMETER_PER_HOUR"
"250076574","52747","26","1998-12-20","10","MBAPPÉ","FRA","STRIKER","FORWARD","MALE","178","./image/250076574.jpg","Kylian Mbappé","FORWARD","10","Mbappe","43","67","France","Attaquant","Kylian","Mbappé","Kylian Mbappé","Mbappé","200043","./assoc/200043_FRA.svg","./logo/52747.png","UEFA","FRA","52747","FAME","Paris","","https://img.uefa.com/imgml/TP/teams/logos/70x70/52747.png","https://img.uefa.com/imgml/TP/teams/logos/240x240/52747.png","252747","PSG","DOMESTIC_MEN_TEAM_A","","DOMESTIC","France","Paris","Paris Saint-Germain","PSG","899","MINUTE","10","8","3","86.48","KILOMETER","33.1","KILOMETER_PER_HOUR"
"250144327","50064","28","1997-06-13","12","Zaidu M.","NGA","UNKNOWN","DEFENDER","MALE","","./image/250144327.jpg","Zaidu","DEFENDER","","Zaidu","","","Nigeria","Défenseur","","Zaidu","Zaidu","Zaidu","200110","./assoc/200110_POR.svg","./logo/50064.png","UEFA","POR","50064","FAME","Porto","","https://img.uefa.com/imgml/TP/teams/logos/70x70/50064.png","https://img.uefa.com/imgml/TP/teams/logos/240x240/50064.png","250064","POR","DOMESTIC_MEN_TEAM_A","","DOMESTIC","Portugal","Porto","FC Porto","POR","868","MINUTE","10","1","0","98.16","KILOMETER","34.5","KILOMETER_PER_HOUR"
"93321","50051","37","1987-12-19","9","Benzema","FRA","STRIKER","FORWARD","MALE","187","./image/93321.jpg","Karim Benzema","FORWARD","19","Benzema","43","79","France","Attaquant","Karim","Benzema","Karim Benzema","Benzema","200122","./assoc/200122_ESP.svg","./logo/50051.png","UEFA","ESP","50051","FAME","Real Madrid","","https://img.uefa.com/imgml/TP/teams/logos/70x70/50051.png","https://img.uefa.com/imgml/TP/teams/logos/240x240/50051.png","250051","RMA","DOMESTIC_MEN_TEAM_A","","DOMESTIC","Espagne","Real Madrid","Real Madrid C.F.","RMA","841","MINUTE","10","6","0","92.75","KILOMETER","30.8","KILOMETER_PER_HOUR"
"250132973","50064","37","1988-03-16","1","Marchesín","ARG","GOALKEEPER","GOALKEEPER","MALE","","./image/250132973.jpg","Agustín Marchesín","GOALKEEPER","","Marche","6","","Argentine","Gardien","Agustín","Marchesín","Agustín Marchesín","Marchesín","200110","./assoc/200110_POR.svg","./logo/50064.png","UEFA","POR","50064","FAME","Porto","","https://img.uefa.com/imgml/TP/teams/logos/70x70/50064.png","https://img.uefa.com/imgml/TP/teams/logos/240x240/50064.png","250064","POR","DOMESTIC_MEN_TEAM_A","","DOMESTIC","Portugal","Porto","FC Porto","POR","840","MINUTE","9","0","0","30.99","KILOMETER","22.1","KILOMETER_PER_HOUR"
"250057680","50051","33","1992-02-23","18","Casemiro","BRA","UNKNOWN","MIDFIELDER","MALE","184","./image/250057680.jpg","Casemiro","MIDFIELDER","5","Casemiro","18","76","Brésil","Milieu","","Casemiro","Casemiro","Casemiro","200122","./assoc/200122_ESP.svg","./logo/50051.png","UEFA","ESP","50051","FAME","Real Madrid","","https://img.uefa.com/imgml/TP/teams/logos/70x70/50051.png","https://img.uefa.com/imgml/TP/teams/logos/240x240/50051.png","250051","RMA","DOMESTIC_MEN_TEAM_A","","DOMESTIC","Espagne","Real Madrid","Real Madrid C.F.","RMA","828","MINUTE","10","1","1","97.72","KILOMETER","30.6","KILOMETER_PER_HOUR"
"250064064","52747","31","1994-05-14","5","MARQUINHOS","BRA","CENTRE_BACK","DEFENDER","MALE","183","./image/250064064.jpg","Marquinhos","DEFENDER","4","Marquinhos","18","75","Brésil","Défenseur","","Marquinhos","Marquinhos","Marquinhos","200043","./assoc/200043_FRA.svg","./logo/52747.png","UEFA","FRA","52747","FAME","Paris","","https://img.uefa.com/imgml/TP/teams/logos/70x70/52747.png","https://img.uefa.com/imgml/TP/teams/logos/240x240/52747.png","252747","PSG","DOMESTIC_MEN_TEAM_A","","DOMESTIC","France","Paris","Paris Saint-Germain","PSG","817","MINUTE","10","3","0","90.58","KILOMETER","32.21","KILOMETER_PER_HOUR"
"250049183","52914","29","1996-03-06","16","Werner","GER","STRIKER","FORWARD","MALE","","./image/250049183.jpg","Timo Werner","FORWARD","11","Werner","47","","Allemagne","Attaquant","Timo","Werner","Timo Werner","Werner","200039","./assoc/200039_ENG.svg","./logo/52914.png","UEFA","ENG","52914","FAME","Chelsea","","https://img.uefa.com/imgml/TP/teams/logos/70x70/52914.png","https://img.uefa.com/imgml/TP/teams/logos/240x240/52914.png","252914","CHE","DOMESTIC_MEN_TEAM_A","","DOMESTIC","Angleterre","Chelsea","Chelsea FC","CHE","814","MINUTE","12","4","2","95.91","KILOMETER","32.8","KILOMETER_PER_HOUR"
"250026962","52747","34","1991-03-11","24","FLORENZI","ITA","CENTRAL_MIDFIELDER","DEFENDER","MALE","173","./image/250026962.jpg","Alessandro Florenzi","DEFENDER","7","Florenzi","66","67","Italie","Défenseur","Alessandro","Florenzi","Alessandro Florenzi","Florenzi","200043","./assoc/200043_FRA.svg","./logo/52747.png","UEFA","FRA","52747","FAME","Paris","","https://img.uefa.com/imgml/TP/teams/logos/70x70/52747.png","https://img.uefa.com/imgml/TP/teams/logos/240x240/52747.png","252747","PSG","DOMESTIC_MEN_TEAM_A","","DOMESTIC","France","Paris","Paris Saint-Germain","PSG","814","MINUTE","10","0","0","88.2","KILOMETER","30.2","KILOMETER_PER_HOUR"
"250070687","52919","34","1991-02-21","26","Mahrez","ALG","WINGER","MIDFIELDER","MALE","179","./image/250070687.jpg","Riyad Mahrez","MIDFIELDER","7","Mahrez","3","62","Algérie","Milieu","Riyad","Mahrez","Riyad Mahrez","Mahrez","200039","./assoc/200039_ENG.svg","./logo/52919.png","UEFA","ENG","52919","FAME","Man City","","https://img.uefa.com/imgml/TP/teams/logos/70x70/52919.png","https://img.uefa.com/imgml/TP/teams/logos/240x240/52919.png","252919","MCI","DOMESTIC_MEN_TEAM_A","","DOMESTIC","Angleterre","Man City","Manchester City","MCI","812","MINUTE","12","4","2","93.48","KILOMETER","30.6","KILOMETER_PER_HOUR"
"1906540","50037","33","1992-06-24","4","ALABA","AUT","FULL_BACK","DEFENDER","MALE","180","./image/1906540.jpg","David Alaba","DEFENDER","8","Alaba","8","75","Autriche","Défenseur","David","Alaba","David Alaba","Alaba","200047","./assoc/200047_GER.svg","./logo/50037.png","UEFA","GER","50037","FAME","Bayern München","","https://img.uefa.com/imgml/TP/teams/logos/70x70/50037.png","https://img.uefa.com/imgml/TP/teams/logos/240x240/50037.png","250037","BAY","DOMESTIC_MEN_TEAM_A","","DOMESTIC","Allemagne","Bayern München","FC Bayern München","BAY","810","MINUTE","9","0","2","90.66","KILOMETER","30.8","KILOMETER_PER_HOUR"
"250025891","50051","32","1993-04-25","19","R.Varane","FRA","CENTRE_BACK","DEFENDER","MALE","191","./image/250025891.jpg","Raphaël Varane","DEFENDER","4","Varane","43","78","France","Défenseur","Raphaël","Varane","Raphaël Varane","Varane","200122","./assoc/200122_ESP.svg","./logo/50051.png","UEFA","ESP","50051","FAME","Real Madrid","","https://img.uefa.com/imgml/TP/teams/logos/70x70/50051.png","https://img.uefa.com/imgml/TP/teams/logos/240x240/50051.png","250051","RMA","DOMESTIC_MEN_TEAM_A","","DOMESTIC","Espagne","Real Madrid","Real Madrid C.F.","RMA","810","MINUTE","9","0","0","90.28","KILOMETER","33.3","KILOMETER_PER_HOUR"
"250064233","52919","31","1994-05-28","5","Stones","ENG","CENTRE_BACK","DEFENDER","MALE","188","./image/250064233.jpg","John Stones","DEFENDER","5","Stones","39","70","Angleterre","Défenseur","John","Stones","John Stones","Stones","200039","./assoc/200039_ENG.svg","./logo/52919.png","UEFA","ENG","52919","FAME","Man City","","https://img.uefa.com/imgml/TP/teams/logos/70x70/52919.png","https://img.uefa.com/imgml/TP/teams/logos/240x240/52919.png","252919","MCI","DOMESTIC_MEN_TEAM_A","","DOMESTIC","Angleterre","Man City","Manchester City","MCI","796","MINUTE","11","0","0","86.57","KILOMETER","30.8","KILOMETER_PER_HOUR"
"106587","52758","36","1988-12-16","15","Hummels","GER","CENTRE_BACK","DEFENDER","MALE","191","./image/106587.jpg","Mats Hummels","DEFENDER","5","Hummels","47","92","Allemagne","Défenseur","Mats","Hummels","Mats Hummels","Hummels","200047","./assoc/200047_GER.svg","./logo/52758.png","UEFA","GER","52758","FAME","B. Dortmund","","https://img.uefa.com/imgml/TP/teams/logos/70x70/52758.png","https://img.uefa.com/imgml/TP/teams/logos/240x240/52758.png","252758","BVB","DOMESTIC_MEN_TEAM_A","","DOMESTIC","Allemagne","B. Dortmund","Borussia Dortmund","BVB","792","MINUTE","9","0","1","85.59","KILOMETER","31.7","KILOMETER_PER_HOUR"
"250082664","52919","29","1996-06-22","16","Rodrigo","ESP","DEFENSIVE_MIDFIELDER","MIDFIELDER","MALE","","./image/250082664.jpg","Rodri","MIDFIELDER","16","RODRIGO","122","","Espagne","Milieu","","Rodri","Rodri","Rodri","200039","./assoc/200039_ENG.svg","./logo/52919.png","UEFA","ENG","52919","FAME","Man City","","https://img.uefa.com/imgml/TP/teams/logos/70x70/52919.png","https://img.uefa.com/imgml/TP/teams/logos/240x240/52919.png","252919","MCI","DOMESTIC_MEN_TEAM_A","","DOMESTIC","Angleterre","Man City","Manchester City","MCI","785","MINUTE","10","0","0","102.45","KILOMETER","29.7","KILOMETER_PER_HOUR"
"250087938","52914","26","1999-06-11","29","Havertz","GER","STRIKER","MIDFIELDER","MALE","","./image/250087938.jpg","Kai Havertz","FORWARD","7","Havertz","47","","Allemagne","Milieu","Kai","Havertz","Kai Havertz","Havertz","200039","./assoc/200039_ENG.svg","./logo/52914.png","UEFA","ENG","52914","FAME","Chelsea","","https://img.uefa.com/imgml/TP/teams/logos/70x70/52914.png","https://img.uefa.com/imgml/TP/teams/logos/240x240/52914.png","252914","CHE","DOMESTIC_MEN_TEAM_A","","DOMESTIC","Angleterre","Chelsea","Chelsea FC","CHE","784","MINUTE","12","1","3","102.67","KILOMETER","33.3","KILOMETER_PER_HOUR"
"250014528","52747","34","1991-09-09","15","DANILO","POR","DEFENSIVE_MIDFIELDER","MIDFIELDER","MALE","188","./image/250014528.jpg","Danilo","MIDFIELDER","13","Danilo","110","83","Portugal","Milieu","","Danilo","Danilo","Danilo","200043","./assoc/200043_FRA.svg","./logo/52747.png","UEFA","FRA","52747","FAME","Paris","","https://img.uefa.com/imgml/TP/teams/logos/70x70/52747.png","https://img.uefa.com/imgml/TP/teams/logos/240x240/52747.png","252747","PSG","DOMESTIC_MEN_TEAM_A","","DOMESTIC","France","Paris","Paris Saint-Germain","PSG","781","MINUTE","12","0","0","86.29","KILOMETER","31.3","KILOMETER_PER_HOUR"
"250052469","7889","33","1992-06-15","11","M.Salah","EGY","WINGER","FORWARD","MALE","175","./image/250052469.jpg","Mohamed Salah","FORWARD","","Salah","38","72","Égypte","Attaquant","Mohamed","Salah","Mohamed Salah","Salah","200039","./assoc/200039_ENG.svg","./logo/7889.png","UEFA","ENG","7889","FAME","Liverpool","","https://img.uefa.com/imgml/TP/teams/logos/70x70/7889.png","https://img.uefa.com/imgml/TP/teams/logos/240x240/7889.png","207889","LIV","DOMESTIC_MEN_TEAM_A","","DOMESTIC","Angleterre","Liverpool","Liverpool FC","LIV","779","MINUTE","10","6","1","90.83","KILOMETER","33.3","KILOMETER_PER_HOUR"
"250078763","52914","28","1996-12-21","3","CHILWELL","ENG","UNKNOWN","DEFENDER","MALE","178","./image/250078763.jpg","Ben Chilwell","DEFENDER","21","Chilwell","39","71","Angleterre","Défenseur","Ben","Chilwell","Ben Chilwell","Chilwell","200039","./assoc/200039_ENG.svg","./logo/52914.png","UEFA","ENG","52914","FAME","Chelsea","","https://img.uefa.com/imgml/TP/teams/logos/70x70/52914.png","https://img.uefa.com/imgml/TP/teams/logos/240x240/52914.png","252914","CHE","DOMESTIC_MEN_TEAM_A","","DOMESTIC","Angleterre","Chelsea","Chelsea FC","CHE","774","MINUTE","10","1","0","89.27","KILOMETER","33.1","KILOMETER_PER_HOUR"
"250074281","50064","32","1993-01-06","11","Tecatito","POR","WINGER","FORWARD","MALE","173","./image/250074281.jpg","Jesús Corona","MIDFIELDER","17","Jesus C.","91","62","Portugal","Attaquant","Jesús","Corona","Jesús Corona","Corona","200110","./assoc/200110_POR.svg","./logo/50064.png","UEFA","POR","50064","FAME","Porto","","https://img.uefa.com/imgml/TP/teams/logos/70x70/50064.png","https://img.uefa.com/imgml/TP/teams/logos/240x240/50064.png","250064","POR","DOMESTIC_MEN_TEAM_A","","DOMESTIC","Portugal","Porto","FC Porto","POR","762","MINUTE","10","0","2","91.82","KILOMETER","31.3","KILOMETER_PER_HOUR"
"250076240","52914","26","1999-01-10","7","Mount","ENG","ATTACKING_MIDFIELDER","MIDFIELDER","MALE","","./image/250076240.jpg","Mason Mount","MIDFIELDER","19","Mount","39","","Angleterre","Milieu","Mason","Mount","Mason Mount","Mount","200039","./assoc/200039_ENG.svg","./logo/52914.png","UEFA","ENG","52914","FAME","Chelsea","","https://img.uefa.com/imgml/TP/teams/logos/70x70/52914.png","https://img.uefa.com/imgml/TP/teams/logos/240x240/52914.png","252914","CHE","DOMESTIC_MEN_TEAM_A","","DOMESTIC","Angleterre","Chelsea","Chelsea FC","CHE","760","MINUTE","11","2","2","85.89","KILOMETER","34.4","KILOMETER_PER_HOUR"
"250066157","7889","31","1994-03-11","26","Robertson","SCO","UNKNOWN","DEFENDER","MALE","","./image/250066157.jpg","Andy Robertson","DEFENDER","3","Robertson","117","","Écosse","Défenseur","Andy","Robertson","Andy Robertson","Robertson","200039","./assoc/200039_ENG.svg","./logo/7889.png","UEFA","ENG","7889","FAME","Liverpool","","https://img.uefa.com/imgml/TP/teams/logos/70x70/7889.png","https://img.uefa.com/imgml/TP/teams/logos/240x240/7889.png","207889","LIV","DOMESTIC_MEN_TEAM_A","","DOMESTIC","Angleterre","Liverpool","Liverpool FC","LIV","753","MINUTE","10","0","0","88.62","KILOMETER","32","KILOMETER_PER_HOUR"
"250086907","50064","34","1991-04-14","11","Marega","MLI","STRIKER","FORWARD","MALE","","./image/250086907.jpg","Moussa Marega","FORWARD","","Marega","","","Mali","Attaquant","Moussa","Marega","Moussa Marega","Marega","200110","./assoc/200110_POR.svg","./logo/50064.png","UEFA","POR","50064","FAME","Porto","","https://img.uefa.com/imgml/TP/teams/logos/70x70/50064.png","https://img.uefa.com/imgml/TP/teams/logos/240x240/50064.png","250064","POR","DOMESTIC_MEN_TEAM_A","","DOMESTIC","Portugal","Porto","FC Porto","POR","749","MINUTE","9","2","1","89","KILOMETER","31.3","KILOMETER_PER_HOUR"
"250118245","50064","34","1991-03-21","8","Uribe","COL","CENTRAL_MIDFIELDER","MIDFIELDER","MALE","","./image/250118245.jpg","Matheus Uribe","MIDFIELDER","","Matheus","29","","Colombie","Milieu","Matheus","Uribe","Matheus Uribe","Uribe","200110","./assoc/200110_POR.svg","./logo/50064.png","UEFA","POR","50064","FAME","Porto","","https://img.uefa.com/imgml/TP/teams/logos/70x70/50064.png","https://img.uefa.com/imgml/TP/teams/logos/240x240/50064.png","250064","POR","DOMESTIC_MEN_TEAM_A","","DOMESTIC","Portugal","Porto","FC Porto","POR","745","MINUTE","9","1","0","96.99","KILOMETER","31","KILOMETER_PER_HOUR"
"250075886","50064","31","1994-07-23","18","Jancó","POR","FULL_BACK","DEFENDER","MALE","175","./image/250075886.jpg","Wilson Manafá","DEFENDER","","W. Manafa","","","Portugal","Défenseur","Wilson","Manafá","Wilson Manafá","Manafá","200110","./assoc/200110_POR.svg","./logo/50064.png","UEFA","POR","50064","FAME","Porto","","https://img.uefa.com/imgml/TP/teams/logos/70x70/50064.png","https://img.uefa.com/imgml/TP/teams/logos/240x240/50064.png","250064","POR","DOMESTIC_MEN_TEAM_A","","DOMESTIC","Portugal","Porto","FC Porto","POR","745","MINUTE","9","0","1","83.03","KILOMETER","33.1","KILOMETER_PER_HOUR"
"250039508","52747","33","1992-02-05","10","Da Silva Santos Junior","BRA","UNKNOWN","FORWARD","MALE","175","./image/250039508.jpg","Neymar","FORWARD","10","Neymar","18","68","Brésil","Attaquant","","Neymar","Neymar","Neymar","200043","./assoc/200043_FRA.svg","./logo/52747.png","UEFA","FRA","52747","FAME","Paris","","https://img.uefa.com/imgml/TP/teams/logos/70x70/52747.png","https://img.uefa.com/imgml/TP/teams/logos/240x240/52747.png","252747","PSG","DOMESTIC_MEN_TEAM_A","","DOMESTIC","France","Paris","Paris Saint-Germain","PSG","744","MINUTE","9","6","3","81.69","KILOMETER","32","KILOMETER_PER_HOUR"
"250003853","50064","33","1992-06-02","27","Sérgio","POR","CENTRAL_MIDFIELDER","MIDFIELDER","MALE","181","./image/250003853.jpg","Sérgio Oliveira","MIDFIELDER","24","Sérgio","110","72","Portugal","Milieu","","Sérgio Oliveira","Sérgio Oliveira","Sérgio Oliveira","200110","./assoc/200110_POR.svg","./logo/50064.png","UEFA","POR","50064","FAME","Porto","","https://img.uefa.com/imgml/TP/teams/logos/70x70/50064.png","https://img.uefa.com/imgml/TP/teams/logos/240x240/50064.png","250064","POR","DOMESTIC_MEN_TEAM_A","","DOMESTIC","Portugal","Porto","FC Porto","POR","738","MINUTE","8","5","0","86.91","KILOMETER","31","KILOMETER_PER_HOUR"
"250187661","7889","34","1990-11-11","25","WIJNALDUM","NED","","MIDFIELDER","MALE","173","https://img.uefa.com/imgml/TP/players/1/2021/324x324/250187661.jpg","Georginio Wijnaldum","MIDFIELDER","8","Wijnaldum","95","74","Pays-Bas","Milieu","Georginio","Wijnaldum","Georginio Wijnaldum","Wijnaldum","200039","./assoc/200039_ENG.svg","./logo/7889.png","UEFA","ENG","7889","FAME","Liverpool","","https://img.uefa.com/imgml/TP/teams/logos/70x70/7889.png","https://img.uefa.com/imgml/TP/teams/logos/240x240/7889.png","207889","LIV","DOMESTIC_MEN_TEAM_A","","DOMESTIC","Angleterre","Liverpool","Liverpool FC","LIV","720","MINUTE","9","0","0","89.8","KILOMETER","29.9","KILOMETER_PER_HOUR"
"250040521","50051","34","1991-07-01","21","Lucas V.","ESP","STRIKER","DEFENDER","MALE","173","./image/250040521.jpg","Lucas Vázquez","MIDFIELDER","19","Lucas V.","122","70","Espagne","Défenseur","","Lucas Vázquez","Lucas Vázquez","Lucas Vázquez","200122","./assoc/200122_ESP.svg","./logo/50051.png","UEFA","ESP","50051","FAME","Real Madrid","","https://img.uefa.com/imgml/TP/teams/logos/70x70/50051.png","https://img.uefa.com/imgml/TP/teams/logos/240x240/50051.png","250051","RMA","DOMESTIC_MEN_TEAM_A","","DOMESTIC","Espagne","Real Madrid","Real Madrid C.F.","RMA","720","MINUTE","8","0","2","91.79","KILOMETER","31.3","KILOMETER_PER_HOUR"
"250052957","52973","37","1988-02-10","15","Acerbi","ITA","CENTRE_BACK","DEFENDER","MALE","193","./image/250052957.jpg","Francesco Acerbi","DEFENDER","15","Acerbi","66","87","Italie","Défenseur","Francesco","Acerbi","Francesco Acerbi","Acerbi","200066","./assoc/200066_ITA.svg","./logo/52973.png","UEFA","ITA","52973","FAME","Lazio","","https://img.uefa.com/imgml/TP/teams/logos/70x70/52973.png","https://img.uefa.com/imgml/TP/teams/logos/240x240/52973.png","252973","LAZ","DOMESTIC_MEN_TEAM_A","","DOMESTIC","Italie","Lazio","S.S. Lazio","LAZ","720","MINUTE","8","0","1","87.97","KILOMETER","31.3","KILOMETER_PER_HOUR"
"250081989","52973","32","1992-10-17","77","Marušić","MNE","FULL_BACK","MIDFIELDER","MALE","177","./image/250081989.jpg","Adam Marušić","MIDFIELDER","23","Marušić","92853","81","Monténégro","Milieu","Adam","Marušić","Adam Marušić","Marušić","200066","./assoc/200066_ITA.svg","./logo/52973.png","UEFA","ITA","52973","FAME","Lazio","","https://img.uefa.com/imgml/TP/teams/logos/70x70/52973.png","https://img.uefa.com/imgml/TP/teams/logos/240x240/52973.png","252973","LAZ","DOMESTIC_MEN_TEAM_A","","DOMESTIC","Italie","Lazio","S.S. Lazio","LAZ","720","MINUTE","8","0","1","85","KILOMETER","32.6","KILOMETER_PER_HOUR"
"250028715","52816","32","1993-02-19","19","Djimsiti","ALB","FULL_BACK","DEFENDER","MALE","190","./image/250028715.jpg","Berat Djimsiti","DEFENDER","6","Gjimshiti","2","83","Albanie","Défenseur","Berat","Djimsiti","Berat Djimsiti","Djimsiti","200066","./assoc/200066_ITA.svg","./logo/52816.png","UEFA","ITA","52816","FAME","Atalanta","","https://img.uefa.com/imgml/TP/teams/logos/70x70/52816.png","https://img.uefa.com/imgml/TP/teams/logos/240x240/52816.png","252816","ATA","DOMESTIC_MEN_TEAM_A","","DOMESTIC","Italie","Atalanta","Atalanta BC","ATA","720","MINUTE","8","0","0","82.36","KILOMETER","29.9","KILOMETER_PER_HOUR"
"250055962","52757","31","1994-01-19","28","Ginter","GER","FULL_BACK","DEFENDER","MALE","190","./image/250055962.jpg","Matthias Ginter","DEFENDER","4","Ginter","47","88","Allemagne","Défenseur","Matthias","Ginter","Matthias Ginter","Ginter","200047","./assoc/200047_GER.svg","./logo/52757.png","UEFA","GER","52757","FAME","Mönchengladbach","","https://img.uefa.com/imgml/TP/teams/logos/70x70/52757.png","https://img.uefa.com/imgml/TP/teams/logos/240x240/52757.png","252757","MON","DOMESTIC_MEN_TEAM_A","","DOMESTIC","Allemagne","Mönchengladbach","Borussia Mönchengladbach","MON","720","MINUTE","8","0","0","80.77","KILOMETER","29","KILOMETER_PER_HOUR"
"1900122","50051","35","1990-01-18","6","NACHO","ESP","CENTRE_BACK","DEFENDER","MALE","179","./image/1900122.jpg","Nacho","DEFENDER","4","Nacho","122","75","Espagne","Défenseur","","Nacho","Nacho","Nacho","200122","./assoc/200122_ESP.svg","./logo/50051.png","UEFA","ESP","50051","FAME","Real Madrid","","https://img.uefa.com/imgml/TP/teams/logos/70x70/50051.png","https://img.uefa.com/imgml/TP/teams/logos/240x240/50051.png","250051","RMA","DOMESTIC_MEN_TEAM_A","","DOMESTIC","Espagne","Real Madrid","Real Madrid C.F.","RMA","720","MINUTE","8","0","0","78.71","KILOMETER","31.7","KILOMETER_PER_HOUR"
"250086136","52714","32","1993-03-15","3","DIEGO CARLOS","BRA","UNKNOWN","DEFENDER","MALE","","./image/250086136.jpg","Diego Carlos","DEFENDER","","Diego Carlos","","","Brésil","Défenseur","","Diego Carlos","Diego Carlos","Diego Carlos","200122","./assoc/200122_ESP.svg","./logo/52714.png","UEFA","ESP","52714","FAME","Sevilla","","https://img.uefa.com/imgml/TP/teams/logos/70x70/52714.png","https://img.uefa.com/imgml/TP/teams/logos/240x240/52714.png","252714","SEV","DOMESTIC_MEN_TEAM_A","","DOMESTIC","Espagne","Sevilla","Sevilla FC","SEV","720","MINUTE","8","0","0","73.96","KILOMETER","29.5","KILOMETER_PER_HOUR"
"102420","2603790","35","1990-05-06","1","Gulacsi","HUN","GOALKEEPER","GOALKEEPER","MALE","190","./image/102420.jpg","Péter Gulácsi","GOALKEEPER","12","Gulacsi","57","83","Hongrie","Gardien","Péter","Gulácsi","Péter Gulácsi","Gulácsi","200047","./assoc/200047_GER.svg","./logo/2603790.png","UEFA","GER","2603790","FAME","Leipzig","","https://img.uefa.com/imgml/TP/teams/logos/70x70/2603790.png","https://img.uefa.com/imgml/TP/teams/logos/240x240/2603790.png","250002563","RBL","DOMESTIC_MEN_TEAM_A","","DOMESTIC","Allemagne","Leipzig","RB Leipzig","RBL","720","MINUTE","8","0","0","40.94","KILOMETER","22.9","KILOMETER_PER_HOUR"
"97923","50037","39","1986-03-27","1","Neuer","GER","GOALKEEPER","GOALKEEPER","MALE","193","./image/97923.jpg","Manuel Neuer","GOALKEEPER","1","Neuer","47","92","Allemagne","Gardien","Manuel","Neuer","Manuel Neuer","Neuer","200047","./assoc/200047_GER.svg","./logo/50037.png","UEFA","GER","50037","FAME","Bayern München","","https://img.uefa.com/imgml/TP/teams/logos/70x70/50037.png","https://img.uefa.com/imgml/TP/teams/logos/240x240/50037.png","250037","BAY","DOMESTIC_MEN_TEAM_A","","DOMESTIC","Allemagne","Bayern München","FC Bayern München","BAY","720","MINUTE","8","0","0","39.47","KILOMETER","22.7","KILOMETER_PER_HOUR"
"97746","52757","36","1988-12-17","1","Sommer","SUI","GOALKEEPER","GOALKEEPER","MALE","183","./image/97746.jpg","Yann Sommer","GOALKEEPER","1","Sommer","128","79","Suisse","Gardien","Yann","Sommer","Yann Sommer","Sommer","200047","./assoc/200047_GER.svg","./logo/52757.png","UEFA","GER","52757","FAME","Mönchengladbach","","https://img.uefa.com/imgml/TP/teams/logos/70x70/52757.png","https://img.uefa.com/imgml/TP/teams/logos/240x240/52757.png","252757","MON","DOMESTIC_MEN_TEAM_A","","DOMESTIC","Allemagne","Mönchengladbach","Borussia Mönchengladbach","MON","720","MINUTE","8","0","0","35.88","KILOMETER","21","KILOMETER_PER_HOUR"
"250012069","50124","32","1993-01-07","13","OBLAK","SVN","GOALKEEPER","GOALKEEPER","MALE","186","./image/250012069.jpg","Jan Oblak","GOALKEEPER","1","Oblak","57163","87","Slovénie","Gardien","Jan","Oblak","Jan Oblak","Oblak","200122","./assoc/200122_ESP.svg","./logo/50124.png","UEFA","ESP","50124","FAME","Atleti","","https://img.uefa.com/imgml/TP/teams/logos/70x70/50124.png","https://img.uefa.com/imgml/TP/teams/logos/240x240/50124.png","250124","ATM","DOMESTIC_MEN_TEAM_A","","DOMESTIC","Espagne","Atleti","Atlético de Madrid","ATM","720","MINUTE","8","0","0","32.58","KILOMETER","22.5","KILOMETER_PER_HOUR"
"250061119","7889","33","1992-04-10","17","Mané","SEN","STRIKER","FORWARD","MALE","","./image/250061119.jpg","Sadio Mané","FORWARD","","Mané","118","","Sénégal","Attaquant","Sadio","Mané","Sadio Mané","Mané","200039","./assoc/200039_ENG.svg","./logo/7889.png","UEFA","ENG","7889","FAME","Liverpool","","https://img.uefa.com/imgml/TP/teams/logos/70x70/7889.png","https://img.uefa.com/imgml/TP/teams/logos/240x240/7889.png","207889","LIV","DOMESTIC_MEN_TEAM_A","","DOMESTIC","Angleterre","Liverpool","Liverpool FC","LIV","714","MINUTE","10","3","2","84.51","KILOMETER","31","KILOMETER_PER_HOUR"
"250076357","7889","27","1998-10-07","66","Alexander-Arnold","ENG","UNKNOWN","DEFENDER","MALE","","./image/250076357.jpg","Trent Alexander-Arnold","DEFENDER","2","Alexander-Arnold","39","","Angleterre","Défenseur","Trent","Alexander-Arnold","Trent Alexander-Arnold","Alexander-Arnold","200039","./assoc/200039_ENG.svg","./logo/7889.png","UEFA","ENG","7889","FAME","Liverpool","","https://img.uefa.com/imgml/TP/teams/logos/70x70/7889.png","https://img.uefa.com/imgml/TP/teams/logos/240x240/7889.png","207889","LIV","DOMESTIC_MEN_TEAM_A","","DOMESTIC","Angleterre","Liverpool","Liverpool FC","LIV","712","MINUTE","8","0","2","80.53","KILOMETER","32.21","KILOMETER_PER_HOUR"
"1907998","50124","34","1991-01-08","15","SAVIC","MNE","CENTRE_BACK","DEFENDER","MALE","186","./image/1907998.jpg","Stefan Savić","DEFENDER","15","Savić","92853","73","Monténégro","Défenseur","Stefan","Savić","Stefan Savić","Savić","200122","./assoc/200122_ESP.svg","./logo/50124.png","UEFA","ESP","50124","FAME","Atleti","","https://img.uefa.com/imgml/TP/teams/logos/70x70/50124.png","https://img.uefa.com/imgml/TP/teams/logos/240x240/50124.png","250124","ATM","DOMESTIC_MEN_TEAM_A","","DOMESTIC","Espagne","Atleti","Atlético de Madrid","ATM","711","MINUTE","8","0","0","75.02","KILOMETER","30.8","KILOMETER_PER_HOUR"
"250097248","52914","34","1991-03-29","7","Kanté","FRA","DEFENSIVE_MIDFIELDER","MIDFIELDER","MALE","169","./image/250097248.jpg","N'Golo Kanté","MIDFIELDER","13","Kanté","43","68","France","Milieu","N'Golo","Kanté","N'Golo Kanté","Kanté","200039","./assoc/200039_ENG.svg","./logo/52914.png","UEFA","ENG","52914","FAME","Chelsea","","https://img.uefa.com/imgml/TP/teams/logos/70x70/52914.png","https://img.uefa.com/imgml/TP/teams/logos/240x240/52914.png","252914","CHE","DOMESTIC_MEN_TEAM_A","","DOMESTIC","Angleterre","Chelsea","Chelsea FC","CHE","710","MINUTE","13","0","1","93.5","KILOMETER","33.1","KILOMETER_PER_HOUR"
"250101463","50124","25","1999-11-10","14","JOÃO FÈLIX","POR","STRIKER","FORWARD","MALE","","./image/250101463.jpg","João Félix","FORWARD","11","JOÃO FÉLIX","110","","Portugal","Attaquant","","João Félix","João Félix","João Félix","200122","./assoc/200122_ESP.svg","./logo/50124.png","UEFA","ESP","50124","FAME","Atleti","","https://img.uefa.com/imgml/TP/teams/logos/70x70/50124.png","https://img.uefa.com/imgml/TP/teams/logos/240x240/50124.png","250124","ATM","DOMESTIC_MEN_TEAM_A","","DOMESTIC","Espagne","Atleti","Atlético de Madrid","ATM","708","MINUTE","8","3","0","82","KILOMETER","32.6","KILOMETER_PER_HOUR"
"250085693","50064","30","1995-02-09","25","Da Silva Monteiro","POR","CENTRAL_MIDFIELDER","MIDFIELDER","MALE","","./image/250085693.jpg","Otávio","MIDFIELDER","25","OTÁVIO","110","","Portugal","Milieu","","Otávio","Otávio","Otávio","200110","./assoc/200110_POR.svg","./logo/50064.png","UEFA","POR","50064","FAME","Porto","","https://img.uefa.com/imgml/TP/teams/logos/70x70/50064.png","https://img.uefa.com/imgml/TP/teams/logos/240x240/50064.png","250064","POR","DOMESTIC_MEN_TEAM_A","","DOMESTIC","Portugal","Porto","FC Porto","POR","707","MINUTE","9","1","0","81.3","KILOMETER","31","KILOMETER_PER_HOUR"
"250103758","52758","25","2000-07-21","9","Haaland","NOR","UNKNOWN","FORWARD","MALE","","./image/250103758.jpg","Erling Haaland","FORWARD","9","Braut Haaland","101","","Norvège","Attaquant","Erling","Haaland","Erling Haaland","Haaland","200047","./assoc/200047_GER.svg","./logo/52758.png","UEFA","GER","52758","FAME","B. Dortmund","","https://img.uefa.com/imgml/TP/teams/logos/70x70/52758.png","https://img.uefa.com/imgml/TP/teams/logos/240x240/52758.png","252758","BVB","DOMESTIC_MEN_TEAM_A","","DOMESTIC","Allemagne","B. Dortmund","Borussia Dortmund","BVB","705","MINUTE","8","10","2","78.94","KILOMETER","31","KILOMETER_PER_HOUR"
"250112854","52757","28","1997-03-16","32","Neuhaus","GER","CENTRAL_MIDFIELDER","MIDFIELDER","MALE","","./image/250112854.jpg","Florian Neuhaus","MIDFIELDER","17","Neuhaus","47","","Allemagne","Milieu","Florian","Neuhaus","Florian Neuhaus","Neuhaus","200047","./assoc/200047_GER.svg","./logo/52757.png","UEFA","GER","52757","FAME","Mönchengladbach","","https://img.uefa.com/imgml/TP/teams/logos/70x70/52757.png","https://img.uefa.com/imgml/TP/teams/logos/240x240/52757.png","252757","MON","DOMESTIC_MEN_TEAM_A","","DOMESTIC","Allemagne","Mönchengladbach","Borussia Mönchengladbach","MON","699","MINUTE","8","0","1","90.52","KILOMETER","28.1","KILOMETER_PER_HOUR"
"1905153","52747","37","1988-02-14","11","Di Maria","ARG","UNKNOWN","FORWARD","MALE","180","./image/1905153.jpg","Ángel Di María","FORWARD","11","Di María","6","75","Argentine","Attaquant","Ángel","Di María","Ángel Di María","Di María","200043","./assoc/200043_FRA.svg","./logo/52747.png","UEFA","FRA","52747","FAME","Paris","","https://img.uefa.com/imgml/TP/teams/logos/70x70/52747.png","https://img.uefa.com/imgml/TP/teams/logos/240x240/52747.png","252747","PSG","DOMESTIC_MEN_TEAM_A","","DOMESTIC","France","Paris","Paris Saint-Germain","PSG","697","MINUTE","10","1","4","80.23","KILOMETER","32.21","KILOMETER_PER_HOUR"
"250011791","52758","36","1989-05-31","11","Reus","GER","ATTACKING_MIDFIELDER","MIDFIELDER","MALE","180","./image/250011791.jpg","Marco Reus","MIDFIELDER","11","Reus","47","75","Allemagne","Milieu","Marco","Reus","Marco Reus","Reus","200047","./assoc/200047_GER.svg","./logo/52758.png","UEFA","GER","52758","FAME","B. Dortmund","","https://img.uefa.com/imgml/TP/teams/logos/70x70/52758.png","https://img.uefa.com/imgml/TP/teams/logos/240x240/52758.png","252758","BVB","DOMESTIC_MEN_TEAM_A","","DOMESTIC","Allemagne","B. Dortmund","Borussia Dortmund","BVB","695","MINUTE","10","1","2","84.89","KILOMETER","29.7","KILOMETER_PER_HOUR"
"250063803","50037","29","1996-02-14","21","L.HERNANDEZ","FRA","CENTRE_BACK","DEFENDER","MALE","180","./image/250063803.jpg","Lucas Hernández","DEFENDER","21","L. Hernandez","43","76","France","Défenseur","Lucas","Hernández","Lucas Hernández","L. Hernández","200047","./assoc/200047_GER.svg","./logo/50037.png","UEFA","GER","50037","FAME","Bayern München","","https://img.uefa.com/imgml/TP/teams/logos/70x70/50037.png","https://img.uefa.com/imgml/TP/teams/logos/240x240/50037.png","250037","BAY","DOMESTIC_MEN_TEAM_A","","DOMESTIC","Allemagne","Bayern München","FC Bayern München","BAY","693","MINUTE","10","1","0","79.28","KILOMETER","31.3","KILOMETER_PER_HOUR"
"250128377","52758","22","2003-06-29","5","BELLINGHAM","ENG","UNKNOWN","MIDFIELDER","MALE","","./image/250128377.jpg","Jude Bellingham","MIDFIELDER","10","Bellingham","39","","Angleterre","Milieu","Jude","Bellingham","Jude Bellingham","Bellingham","200047","./assoc/200047_GER.svg","./logo/52758.png","UEFA","GER","52758","FAME","B. Dortmund","","https://img.uefa.com/imgml/TP/teams/logos/70x70/52758.png","https://img.uefa.com/imgml/TP/teams/logos/240x240/52758.png","252758","BVB","DOMESTIC_MEN_TEAM_A","","DOMESTIC","Allemagne","B. Dortmund","Borussia Dortmund","BVB","687","MINUTE","10","1","1","87.51","KILOMETER","31","KILOMETER_PER_HOUR"
"250003976","52757","33","1992-08-27","22","Lainer","AUT","FULL_BACK","DEFENDER","MALE","175","./image/250003976.jpg","Stefan Lainer","DEFENDER","19","Lainer","8","71","Autriche","Défenseur","Stefan","Lainer","Stefan Lainer","Lainer","200047","./assoc/200047_GER.svg","./logo/52757.png","UEFA","GER","52757","FAME","Mönchengladbach","","https://img.uefa.com/imgml/TP/teams/logos/70x70/52757.png","https://img.uefa.com/imgml/TP/teams/logos/240x240/52757.png","252757","MON","DOMESTIC_MEN_TEAM_A","","DOMESTIC","Allemagne","Mönchengladbach","Borussia Mönchengladbach","MON","685","MINUTE","8","0","1","80.39","KILOMETER","31.5","KILOMETER_PER_HOUR"
"250075844","52747","31","1994-06-29","16","Paredes","ARG","DEFENSIVE_MIDFIELDER","MIDFIELDER","MALE","180","./image/250075844.jpg","Leandro Paredes","MIDFIELDER","5","Paredes","6","75","Argentine","Milieu","Leandro","Paredes","Leandro Paredes","Paredes","200043","./assoc/200043_FRA.svg","./logo/52747.png","UEFA","FRA","52747","FAME","Paris","","https://img.uefa.com/imgml/TP/teams/logos/70x70/52747.png","https://img.uefa.com/imgml/TP/teams/logos/240x240/52747.png","252747","PSG","DOMESTIC_MEN_TEAM_A","","DOMESTIC","France","Paris","Paris Saint-Germain","PSG","673","MINUTE","8","0","1","76.03","KILOMETER","29.7","KILOMETER_PER_HOUR"
"250008901","52919","34","1991-06-28","11","De Bruyne","BEL","ATTACKING_MIDFIELDER","MIDFIELDER","MALE","181","./image/250008901.jpg","Kevin De Bruyne","MIDFIELDER","7","De Bruyne","13","68","Belgique","Milieu","Kevin","De Bruyne","Kevin De Bruyne","De Bruyne","200039","./assoc/200039_ENG.svg","./logo/52919.png","UEFA","ENG","52919","FAME","Man City","","https://img.uefa.com/imgml/TP/teams/logos/70x70/52919.png","https://img.uefa.com/imgml/TP/teams/logos/240x240/52919.png","252919","MCI","DOMESTIC_MEN_TEAM_A","","DOMESTIC","Angleterre","Man City","Manchester City","MCI","669","MINUTE","8","3","4","83.36","KILOMETER","32.8","KILOMETER_PER_HOUR"
"250085466","52973","31","1994-08-13","20","Correa","ARG","WINGER","FORWARD","MALE","188","./image/250085466.jpg","Joaquín Correa","MIDFIELDER","","J. Correa","6","81","Argentine","Attaquant","Joaquín","Correa","Joaquín Correa","Correa","200066","./assoc/200066_ITA.svg","./logo/52973.png","UEFA","ITA","52973","FAME","Lazio","","https://img.uefa.com/imgml/TP/teams/logos/70x70/52973.png","https://img.uefa.com/imgml/TP/teams/logos/240x240/52973.png","252973","LAZ","DOMESTIC_MEN_TEAM_A","","DOMESTIC","Italie","Lazio","S.S. Lazio","LAZ","668","MINUTE","8","3","2","78.97","KILOMETER","31","KILOMETER_PER_HOUR"
"250066156","52758","31","1993-12-22","22","Guerreiro","POR","FULL_BACK","DEFENDER","MALE","170","./image/250066156.jpg","Raphaël Guerreiro","DEFENDER","5","Raphael","110","67","Portugal","Défenseur","Raphaël","Guerreiro","Raphaël Guerreiro","Guerreiro","200047","./assoc/200047_GER.svg","./logo/52758.png","UEFA","GER","52758","FAME","B. Dortmund","","https://img.uefa.com/imgml/TP/teams/logos/70x70/52758.png","https://img.uefa.com/imgml/TP/teams/logos/240x240/52758.png","252758","BVB","DOMESTIC_MEN_TEAM_A","","DOMESTIC","Allemagne","B. Dortmund","Borussia Dortmund","BVB","668","MINUTE","8","1","0","80.22","KILOMETER","31.7","KILOMETER_PER_HOUR"
"1909917","50124","33","1992-01-08","6","KOKE","ESP","CENTRAL_MIDFIELDER","MIDFIELDER","MALE","178","./image/1909917.jpg","Koke","MIDFIELDER","8","Koke","122","74","Espagne","Milieu","","Koke","Koke","Koke","200122","./assoc/200122_ESP.svg","./logo/50124.png","UEFA","ESP","50124","FAME","Atleti","","https://img.uefa.com/imgml/TP/teams/logos/70x70/50124.png","https://img.uefa.com/imgml/TP/teams/logos/240x240/50124.png","250124","ATM","DOMESTIC_MEN_TEAM_A","","DOMESTIC","Espagne","Atleti","Atlético de Madrid","ATM","664","MINUTE","8","0","0","88.65","KILOMETER","27.2","KILOMETER_PER_HOUR"
"108501","50139","35","1990-04-18","25","Szczęsny","POL","GOALKEEPER","GOALKEEPER","MALE","196","./image/108501.jpg","Wojciech Szczęsny","GOALKEEPER","1","Szczęsny","109","84","Pologne","Gardien","Wojciech","Szczęsny","Wojciech Szczęsny","Szczęsny","200066","./assoc/200066_ITA.svg","./logo/50139.png","UEFA","ITA","50139","FAME","Juventus","","https://img.uefa.com/imgml/TP/teams/logos/70x70/50139.png","https://img.uefa.com/imgml/TP/teams/logos/240x240/50139.png","250139","JUV","DOMESTIC_MEN_TEAM_A","","DOMESTIC","Italie","Juventus","Juventus","JUV","660","MINUTE","7","0","0","28.62","KILOMETER","22.9","KILOMETER_PER_HOUR"
"250079670","50124","30","1995-01-30","14","M. LLORENTE","ESP","UNKNOWN","MIDFIELDER","MALE","182","./image/250079670.jpg","Marcos Llorente","MIDFIELDER","14","M. LLORENTE","122","71","Espagne","Milieu","Marcos","Llorente","Marcos Llorente","Llorente","200122","./assoc/200122_ESP.svg","./logo/50124.png","UEFA","ESP","50124","FAME","Atleti","","https://img.uefa.com/imgml/TP/teams/logos/70x70/50124.png","https://img.uefa.com/imgml/TP/teams/logos/240x240/50124.png","250124","ATM","DOMESTIC_MEN_TEAM_A","","DOMESTIC","Espagne","Atleti","Atlético de Madrid","ATM","657","MINUTE","8","1","1","76.3","KILOMETER","32","KILOMETER_PER_HOUR"
"250024795","52919","30","1994-12-08","30","Sterling","ENG","WINGER","MIDFIELDER","MALE","170","./image/250024795.jpg","Raheem Sterling","FORWARD","10","Sterling","39","69","Angleterre","Milieu","Raheem","Sterling","Raheem Sterling","Sterling","200039","./assoc/200039_ENG.svg","./logo/52919.png","UEFA","ENG","52919","FAME","Man City","","https://img.uefa.com/imgml/TP/teams/logos/70x70/52919.png","https://img.uefa.com/imgml/TP/teams/logos/240x240/52919.png","252919","MCI","DOMESTIC_MEN_TEAM_A","","DOMESTIC","Angleterre","Man City","Manchester City","MCI","648","MINUTE","11","1","2","72.22","KILOMETER","32.8","KILOMETER_PER_HOUR"
"250121533","50051","25","2000-07-12","7","VINI JR.","BRA","UNKNOWN","FORWARD","MALE","","./image/250121533.jpg","Vinícius Júnior","FORWARD","7","Vini Jr.","18","","Brésil","Attaquant","","Vinícius Júnior","Vinícius Júnior","Vinícius Júnior","200122","./assoc/200122_ESP.svg","./logo/50051.png","UEFA","ESP","50051","FAME","Real Madrid","","https://img.uefa.com/imgml/TP/teams/logos/70x70/50051.png","https://img.uefa.com/imgml/TP/teams/logos/240x240/50051.png","250051","RMA","DOMESTIC_MEN_TEAM_A","","DOMESTIC","Espagne","Real Madrid","Real Madrid C.F.","RMA","638","MINUTE","12","3","1","72.32","KILOMETER","33.1","KILOMETER_PER_HOUR"
"250003318","50037","36","1989-09-13","25","Müller","GER","WINGER","FORWARD","MALE","186","./image/250003318.jpg","Thomas Müller","FORWARD","13","Müller","47","74","Allemagne","Attaquant","Thomas","Müller","Thomas Müller","Müller","200047","./assoc/200047_GER.svg","./logo/50037.png","UEFA","GER","50037","FAME","Bayern München","","https://img.uefa.com/imgml/TP/teams/logos/70x70/50037.png","https://img.uefa.com/imgml/TP/teams/logos/240x240/50037.png","250037","BAY","DOMESTIC_MEN_TEAM_A","","DOMESTIC","Allemagne","Bayern München","FC Bayern München","BAY","631","MINUTE","9","2","3","78.52","KILOMETER","29.7","KILOMETER_PER_HOUR"
"250085369","52758","30","1995-07-19","25","Akanji","SUI","UNKNOWN","DEFENDER","MALE","187","./image/250085369.jpg","Manuel Akanji","DEFENDER","5","Akanji","128","","Suisse","Défenseur","Manuel","Akanji","Manuel Akanji","Akanji","200047","./assoc/200047_GER.svg","./logo/52758.png","UEFA","GER","52758","FAME","B. Dortmund","","https://img.uefa.com/imgml/TP/teams/logos/70x70/52758.png","https://img.uefa.com/imgml/TP/teams/logos/240x240/52758.png","252758","BVB","DOMESTIC_MEN_TEAM_A","","DOMESTIC","Allemagne","B. Dortmund","Borussia Dortmund","BVB","630","MINUTE","7","0","0","67.56","KILOMETER","34.21","KILOMETER_PER_HOUR"
"250099867","7889","33","1992-10-02","1","A.Becker","BRA","GOALKEEPER","GOALKEEPER","MALE","191","./image/250099867.jpg","Alisson Becker","GOALKEEPER","1","A. Becker","18","91","Brésil","Gardien","","Alisson Becker","Alisson Becker","Alisson Becker","200039","./assoc/200039_ENG.svg","./logo/7889.png","UEFA","ENG","7889","FAME","Liverpool","","https://img.uefa.com/imgml/TP/teams/logos/70x70/7889.png","https://img.uefa.com/imgml/TP/teams/logos/240x240/7889.png","207889","LIV","DOMESTIC_MEN_TEAM_A","","DOMESTIC","Angleterre","Liverpool","Liverpool FC","LIV","630","MINUTE","7","0","0","34.29","KILOMETER","23","KILOMETER_PER_HOUR"
"48716","52973","43","1982-08-31","1","","ESP","GOALKEEPER","","MALE","188","./image/48716.jpg","Pepe Reina","GOALKEEPER","23","Reina","122","86","Espagne","","Pepe","Reina","Pepe Reina","Reina","200066","./assoc/200066_ITA.svg","./logo/52973.png","UEFA","ITA","52973","FAME","Lazio","","https://img.uefa.com/imgml/TP/teams/logos/70x70/52973.png","https://img.uefa.com/imgml/TP/teams/logos/240x240/52973.png","252973","LAZ","DOMESTIC_MEN_TEAM_A","","DOMESTIC","Italie","Lazio","S.S. Lazio","LAZ","630","MINUTE","7","0","0","29.86","KILOMETER","22.7","KILOMETER_PER_HOUR"
"250064356","2603790","28","1997-01-04","3","ANGELINO","ESP","UNKNOWN","DEFENDER","MALE","","./image/250064356.jpg","Angeliño","DEFENDER","","Tasende","200122","","Espagne","Défenseur","","Angeliño","Angeliño","Angeliño","200047","./assoc/200047_GER.svg","./logo/2603790.png","UEFA","GER","2603790","FAME","Leipzig","","https://img.uefa.com/imgml/TP/teams/logos/70x70/2603790.png","https://img.uefa.com/imgml/TP/teams/logos/240x240/2603790.png","250002563","RBL","DOMESTIC_MEN_TEAM_A","","DOMESTIC","Allemagne","Leipzig","RB Leipzig","RBL","627","MINUTE","7","3","3","73.82","KILOMETER","30.6","KILOMETER_PER_HOUR"
"250144325","52816","27","1998-04-27","17","ROMERO","ARG","UNKNOWN","DEFENDER","MALE","","./image/250144325.jpg","Cristian Romero","DEFENDER","13","Romero","6","","Argentine","Défenseur","Cristian","Romero","Cristian Romero","Romero","200066","./assoc/200066_ITA.svg","./logo/52816.png","UEFA","ITA","52816","FAME","Atalanta","","https://img.uefa.com/imgml/TP/teams/logos/70x70/52816.png","https://img.uefa.com/imgml/TP/teams/logos/240x240/52816.png","252816","ATA","DOMESTIC_MEN_TEAM_A","","DOMESTIC","Italie","Atalanta","Atalanta BC","ATA","626","MINUTE","7","1","1","64.09","KILOMETER","31","KILOMETER_PER_HOUR"
"250021626","52757","34","1991-02-19","6","Kramer","GER","DEFENSIVE_MIDFIELDER","MIDFIELDER","MALE","179","./image/250021626.jpg","Christoph Kramer","MIDFIELDER","20","Kramer","47","67","Allemagne","Milieu","Christoph","Kramer","Christoph Kramer","Kramer","200047","./assoc/200047_GER.svg","./logo/52757.png","UEFA","GER","52757","FAME","Mönchengladbach","","https://img.uefa.com/imgml/TP/teams/logos/70x70/52757.png","https://img.uefa.com/imgml/TP/teams/logos/240x240/52757.png","252757","MON","DOMESTIC_MEN_TEAM_A","","DOMESTIC","Allemagne","Mönchengladbach","Borussia Mönchengladbach","MON","625","MINUTE","7","0","1","85.4","KILOMETER","29.2","KILOMETER_PER_HOUR"
"250112488","52816","35","1990-10-10","2","Tolói","ITA","CENTRE_BACK","DEFENDER","MALE","","./image/250112488.jpg","Rafael Tolói","DEFENDER","3","Tolói","66","","Italie","Défenseur","Rafael","Tolói","Rafael Tolói","Tolói","200066","./assoc/200066_ITA.svg","./logo/52816.png","UEFA","ITA","52816","FAME","Atalanta","","https://img.uefa.com/imgml/TP/teams/logos/70x70/52816.png","https://img.uefa.com/imgml/TP/teams/logos/240x240/52816.png","252816","ATA","DOMESTIC_MEN_TEAM_A","","DOMESTIC","Italie","Atalanta","Atalanta BC","ATA","623","MINUTE","8","0","0","72.94","KILOMETER","31.5","KILOMETER_PER_HOUR"
"250080570","50051","29","1996-01-21","21","M.ASENSIO","ESP","ATTACKING_MIDFIELDER","FORWARD","MALE","178","./image/250080570.jpg","Marco Asensio","FORWARD","10","M. Asensio","122","70","Espagne","Attaquant","Marco","Asensio","Marco Asensio","Asensio","200122","./assoc/200122_ESP.svg","./logo/50051.png","UEFA","ESP","50051","FAME","Real Madrid","","https://img.uefa.com/imgml/TP/teams/logos/70x70/50051.png","https://img.uefa.com/imgml/TP/teams/logos/240x240/50051.png","250051","RMA","DOMESTIC_MEN_TEAM_A","","DOMESTIC","Espagne","Real Madrid","Real Madrid C.F.","RMA","620","MINUTE","11","2","0","79.33","KILOMETER","32.4","KILOMETER_PER_HOUR"
"250055734","52757","29","1996-09-30","30","Elvedi","SUI","CENTRE_BACK","DEFENDER","MALE","188","./image/250055734.jpg","Nico Elvedi","DEFENDER","4","Elvedi","128","83","Suisse","Défenseur","Nico","Elvedi","Nico Elvedi","Elvedi","200047","./assoc/200047_GER.svg","./logo/52757.png","UEFA","GER","52757","FAME","Mönchengladbach","","https://img.uefa.com/imgml/TP/teams/logos/70x70/52757.png","https://img.uefa.com/imgml/TP/teams/logos/240x240/52757.png","252757","MON","DOMESTIC_MEN_TEAM_A","","DOMESTIC","Allemagne","Mönchengladbach","Borussia Mönchengladbach","MON","620","MINUTE","7","1","0","68.17","KILOMETER","29","KILOMETER_PER_HOUR"
"250070417","50037","30","1995-02-08","6","Kimmich","GER","CENTRE_BACK","MIDFIELDER","MALE","176","./image/250070417.jpg","Joshua Kimmich","MIDFIELDER","6","Kimmich","47","70","Allemagne","Milieu","Joshua","Kimmich","Joshua Kimmich","Kimmich","200047","./assoc/200047_GER.svg","./logo/50037.png","UEFA","GER","50037","FAME","Bayern München","","https://img.uefa.com/imgml/TP/teams/logos/70x70/50037.png","https://img.uefa.com/imgml/TP/teams/logos/240x240/50037.png","250037","BAY","DOMESTIC_MEN_TEAM_A","","DOMESTIC","Allemagne","Bayern München","FC Bayern München","BAY","617","MINUTE","7","1","4","81.92","KILOMETER","29.9","KILOMETER_PER_HOUR"
"250000919","50124","35","1990-09-19","2","Trippier","ENG","FULL_BACK","DEFENDER","MALE","178","./image/250000919.jpg","Kieran Trippier","DEFENDER","12","Trippier","39","81","Angleterre","Défenseur","Kieran","Trippier","Kieran Trippier","Trippier","200122","./assoc/200122_ESP.svg","./logo/50124.png","UEFA","ESP","50124","FAME","Atleti","","https://img.uefa.com/imgml/TP/teams/logos/70x70/50124.png","https://img.uefa.com/imgml/TP/teams/logos/240x240/50124.png","250124","ATM","DOMESTIC_MEN_TEAM_A","","DOMESTIC","Espagne","Atleti","Atlético de Madrid","ATM","609","MINUTE","7","0","0","70.53","KILOMETER","30.4","KILOMETER_PER_HOUR"
"250024746","52919","31","1994-05-27","7","João Cancelo","POR","FULL_BACK","DEFENDER","MALE","","./image/250024746.jpg","João Cancelo","DEFENDER","20","JOÃO CANCELO","110","","Portugal","Défenseur","","João Cancelo","João Cancelo","João Cancelo","200039","./assoc/200039_ENG.svg","./logo/52919.png","UEFA","ENG","52919","FAME","Man City","","https://img.uefa.com/imgml/TP/teams/logos/70x70/52919.png","https://img.uefa.com/imgml/TP/teams/logos/240x240/52919.png","252919","MCI","DOMESTIC_MEN_TEAM_A","","DOMESTIC","Angleterre","Man City","Manchester City","MCI","605","MINUTE","9","1","1","69.52","KILOMETER","31.5","KILOMETER_PER_HOUR"
"250079545","2603790","26","1998-10-27","2","Upamecano","FRA","CENTRE_BACK","DEFENDER","MALE","185","./image/250079545.jpg","Dayot Upamecano","DEFENDER","4","Upamecano","43","83","France","Défenseur","Dayot","Upamecano","Dayot Upamecano","Upamecano","200047","./assoc/200047_GER.svg","./logo/2603790.png","UEFA","GER","2603790","FAME","Leipzig","","https://img.uefa.com/imgml/TP/teams/logos/70x70/2603790.png","https://img.uefa.com/imgml/TP/teams/logos/240x240/2603790.png","250002563","RBL","DOMESTIC_MEN_TEAM_A","","DOMESTIC","Allemagne","Leipzig","RB Leipzig","RBL","605","MINUTE","7","0","0","68.64","KILOMETER","32.4","KILOMETER_PER_HOUR"
"250023551","52914","31","1994-05-06","8","Kovačić","CRO","ATTACKING_MIDFIELDER","MIDFIELDER","MALE","178","./image/250023551.jpg","Mateo Kovačić","MIDFIELDER","8","Kovačić","56370","77","Croatie","Milieu","Mateo","Kovačić","Mateo Kovačić","Kovačić","200039","./assoc/200039_ENG.svg","./logo/52914.png","UEFA","ENG","52914","FAME","Chelsea","","https://img.uefa.com/imgml/TP/teams/logos/70x70/52914.png","https://img.uefa.com/imgml/TP/teams/logos/240x240/52914.png","252914","CHE","DOMESTIC_MEN_TEAM_A","","DOMESTIC","Angleterre","Chelsea","Chelsea FC","CHE","603","MINUTE","10","0","1","73.38","KILOMETER","28.6","KILOMETER_PER_HOUR"
"250068805","52757","28","1997-08-06","9","Thuram","FRA","WINGER","FORWARD","MALE","","./image/250068805.jpg","Marcus Thuram","FORWARD","9","M. Thuram","43","","France","Attaquant","Marcus","Thuram","Marcus Thuram","M. Thuram","200047","./assoc/200047_GER.svg","./logo/52757.png","UEFA","GER","52757","FAME","Mönchengladbach","","https://img.uefa.com/imgml/TP/teams/logos/70x70/52757.png","https://img.uefa.com/imgml/TP/teams/logos/240x240/52757.png","252757","MON","DOMESTIC_MEN_TEAM_A","","DOMESTIC","Allemagne","Mönchengladbach","Borussia Mönchengladbach","MON","601","MINUTE","8","2","2","69.61","KILOMETER","32.21","KILOMETER_PER_HOUR"
"250024456","50139","32","1992-10-23","77","MORATA","ESP","STRIKER","FORWARD","MALE","189","./image/250024456.jpg","Álvaro Morata","FORWARD","7","MORATA","122","85","Espagne","Attaquant","Álvaro","Morata","Álvaro Morata","Morata","200066","./assoc/200066_ITA.svg","./logo/50139.png","UEFA","ITA","50139","FAME","Juventus","","https://img.uefa.com/imgml/TP/teams/logos/70x70/50139.png","https://img.uefa.com/imgml/TP/teams/logos/240x240/50139.png","250139","JUV","DOMESTIC_MEN_TEAM_A","","DOMESTIC","Italie","Juventus","Juventus","JUV","597","MINUTE","8","6","1","74.86","KILOMETER","32.8","KILOMETER_PER_HOUR"
"250041718","52914","29","1996-04-10","15","Christensen","DEN","CENTRE_BACK","DEFENDER","MALE","188","./image/250041718.jpg","Andreas  Christensen","DEFENDER","6","Christensen","35","74","Danemark","Défenseur","Andreas","Christensen","Andreas  Christensen","Christensen","200039","./assoc/200039_ENG.svg","./logo/52914.png","UEFA","ENG","52914","FAME","Chelsea","","https://img.uefa.com/imgml/TP/teams/logos/70x70/52914.png","https://img.uefa.com/imgml/TP/teams/logos/240x240/52914.png","252914","CHE","DOMESTIC_MEN_TEAM_A","","DOMESTIC","Angleterre","Chelsea","Chelsea FC","CHE","591","MINUTE","7","0","0","60.77","KILOMETER","30.6","KILOMETER_PER_HOUR"
"250081720","2603790","27","1998-05-07","20","Olmo","ESP","WINGER","FORWARD","MALE","176","./image/250081720.jpg","Dani Olmo","FORWARD","10","OLMO","122","68","Espagne","Attaquant","Dani","Olmo","Dani Olmo","Olmo","200047","./assoc/200047_GER.svg","./logo/2603790.png","UEFA","GER","2603790","FAME","Leipzig","","https://img.uefa.com/imgml/TP/teams/logos/70x70/2603790.png","https://img.uefa.com/imgml/TP/teams/logos/240x240/2603790.png","250002563","RBL","DOMESTIC_MEN_TEAM_A","","DOMESTIC","Allemagne","Leipzig","RB Leipzig","RBL","588","MINUTE","8","1","0","69.35","KILOMETER","30.2","KILOMETER_PER_HOUR"
"250059163","52973","30","1995-02-27","21","Sergej","SRB","CENTRAL_MIDFIELDER","MIDFIELDER","MALE","","./image/250059163.jpg","Sergej Milinković-Savić","MIDFIELDER","20","Sergej","147","","Serbie","Milieu","Sergej","Milinković-Savić","Sergej Milinković-Savić","S. Milinković-Savić","200066","./assoc/200066_ITA.svg","./logo/52973.png","UEFA","ITA","52973","FAME","Lazio","","https://img.uefa.com/imgml/TP/teams/logos/70x70/52973.png","https://img.uefa.com/imgml/TP/teams/logos/240x240/52973.png","252973","LAZ","DOMESTIC_MEN_TEAM_A","","DOMESTIC","Italie","Lazio","S.S. Lazio","LAZ","588","MINUTE","7","0","0","77.39","KILOMETER","28.6","KILOMETER_PER_HOUR"
"250112998","50080","24","2000-11-03","8","Dest","USA","FULL_BACK","DEFENDER","MALE","","./image/250112998.jpg","Sergiño Dest","DEFENDER","2","Dest","140","","Etats-Unis","Défenseur","Sergiño","Dest","Sergiño Dest","Dest","200122","./assoc/200122_ESP.svg","./logo/50080.png","UEFA","ESP","50080","FAME","Barcelona","","https://img.uefa.com/imgml/TP/teams/logos/70x70/50080.png","https://img.uefa.com/imgml/TP/teams/logos/240x240/50080.png","250080","BAR","DOMESTIC_MEN_TEAM_A","","DOMESTIC","Espagne","Barcelona","FC Barcelona","BAR","587","MINUTE","7","1","0","70.37","KILOMETER","31.7","KILOMETER_PER_HOUR"
"250056861","52919","28","1996-12-15","35","Zinchenko","UKR","FULL_BACK","DEFENDER","MALE","175","./image/250056861.jpg","Oleksandr Zinchenko","DEFENDER","17","Zinchenko","57166","61","Ukraine","Défenseur","Oleksandr","Zinchenko","Oleksandr Zinchenko","Zinchenko","200039","./assoc/200039_ENG.svg","./logo/52919.png","UEFA","ENG","52919","FAME","Man City","","https://img.uefa.com/imgml/TP/teams/logos/70x70/52919.png","https://img.uefa.com/imgml/TP/teams/logos/240x240/52919.png","252919","MCI","DOMESTIC_MEN_TEAM_A","","DOMESTIC","Angleterre","Man City","Manchester City","MCI","586","MINUTE","9","0","1","69.77","KILOMETER","31.3","KILOMETER_PER_HOUR"
"250076654","2603790","27","1997-11-14","18","Nkunku","FRA","UNKNOWN","MIDFIELDER","MALE","178","./image/250076654.jpg","Christopher Nkunku","FORWARD","18","Nkunku","43","68","France","Milieu","Christopher","Nkunku","Christopher Nkunku","Nkunku","200047","./assoc/200047_GER.svg","./logo/2603790.png","UEFA","GER","2603790","FAME","Leipzig","","https://img.uefa.com/imgml/TP/teams/logos/70x70/2603790.png","https://img.uefa.com/imgml/TP/teams/logos/240x240/2603790.png","250002563","RBL","DOMESTIC_MEN_TEAM_A","","DOMESTIC","Allemagne","Leipzig","RB Leipzig","RBL","585","MINUTE","7","1","1","68","KILOMETER","31.7","KILOMETER_PER_HOUR"
"50327423","50080","28","1997-05-12","21","F. de Jong","NED","CENTRAL_MIDFIELDER","MIDFIELDER","MALE","178","https://img.uefa.com/imgml/TP/players/1/2021/324x324/50327423.jpg","Frenkie de Jong","MIDFIELDER","21","F. de Jong","95","68","Pays-Bas","Milieu","Frenkie","de Jong","Frenkie de Jong","De Jong","200122","./assoc/200122_ESP.svg","./logo/50080.png","UEFA","ESP","50080","FAME","Barcelona","","https://img.uefa.com/imgml/TP/teams/logos/70x70/50080.png","https://img.uefa.com/imgml/TP/teams/logos/240x240/50080.png","250080","BAR","DOMESTIC_MEN_TEAM_A","","DOMESTIC","Espagne","Barcelona","FC Barcelona","BAR","585","MINUTE","7","0","1","70.98","KILOMETER","30.8","KILOMETER_PER_HOUR"
"250063984","50037","29","1996-01-11","10","SANÉ","GER","WINGER","MIDFIELDER","MALE","183","./image/250063984.jpg","Leroy Sané","MIDFIELDER","19","Sané","47","75","Allemagne","Milieu","Leroy","Sané","Leroy Sané","Sané","200047","./assoc/200047_GER.svg","./logo/50037.png","UEFA","GER","50037","FAME","Bayern München","","https://img.uefa.com/imgml/TP/teams/logos/70x70/50037.png","https://img.uefa.com/imgml/TP/teams/logos/240x240/50037.png","250037","BAY","DOMESTIC_MEN_TEAM_A","","DOMESTIC","Allemagne","Bayern München","FC Bayern München","BAY","577","MINUTE","8","3","1","63.88","KILOMETER","33.9","KILOMETER_PER_HOUR"
"95417","50064","42","1983-02-26","3","De Lima Ferreira","POR","CENTRE_BACK","DEFENDER","MALE","188","./image/95417.jpg","Pepe","DEFENDER","3","Pepe","110","81","Portugal","Défenseur","","Pepe","Pepe","Pepe","200110","./assoc/200110_POR.svg","./logo/50064.png","UEFA","POR","50064","FAME","Porto","","https://img.uefa.com/imgml/TP/teams/logos/70x70/50064.png","https://img.uefa.com/imgml/TP/teams/logos/240x240/50064.png","250064","POR","DOMESTIC_MEN_TEAM_A","","DOMESTIC","Portugal","Porto","FC Porto","POR","570","MINUTE","6","0","0","62.65","KILOMETER","31.7","KILOMETER_PER_HOUR"
"250081921","50037","29","1996-03-28","28","Pavard","FRA","","DEFENDER","MALE","","./image/250081921.jpg","Benjamin Pavard","DEFENDER","15","Pavard","43","","France","Défenseur","Benjamin","Pavard","Benjamin Pavard","Pavard","200047","./assoc/200047_GER.svg","./logo/50037.png","UEFA","GER","50037","FAME","Bayern München","","https://img.uefa.com/imgml/TP/teams/logos/70x70/50037.png","https://img.uefa.com/imgml/TP/teams/logos/240x240/50037.png","250037","BAY","DOMESTIC_MEN_TEAM_A","","DOMESTIC","Allemagne","Bayern München","FC Bayern München","BAY","569","MINUTE","7","0","2","68.83","KILOMETER","30.6","KILOMETER_PER_HOUR"
"63706","50139","40","1985-02-05","7","Ronaldo","POR","STRIKER","FORWARD","MALE","185","./image/63706.jpg","Cristiano Ronaldo","FORWARD","7","RONALDO","110","80","Portugal","Attaquant","Cristiano","Ronaldo","Cristiano Ronaldo","Ronaldo","200066","./assoc/200066_ITA.svg","./logo/50139.png","UEFA","ITA","50139","FAME","Juventus","","https://img.uefa.com/imgml/TP/teams/logos/70x70/50139.png","https://img.uefa.com/imgml/TP/teams/logos/240x240/50139.png","250139","JUV","DOMESTIC_MEN_TEAM_A","","DOMESTIC","Italie","Juventus","Juventus","JUV","569","MINUTE","6","4","2","60.11","KILOMETER","31.3","KILOMETER_PER_HOUR"
"250039931","50139","34","1991-07-15","6","Danilo","BRA","UNKNOWN","DEFENDER","MALE","184","./image/250039931.jpg","Danilo","DEFENDER","2","Danilo","18","78","Brésil","Défenseur","","Danilo","Danilo","Danilo","200066","./assoc/200066_ITA.svg","./logo/50139.png","UEFA","ITA","50139","FAME","Juventus","","https://img.uefa.com/imgml/TP/teams/logos/70x70/50139.png","https://img.uefa.com/imgml/TP/teams/logos/240x240/50139.png","250139","JUV","DOMESTIC_MEN_TEAM_A","","DOMESTIC","Italie","Juventus","Juventus","JUV","568","MINUTE","7","0","0","61.81","KILOMETER","29.7","KILOMETER_PER_HOUR"
"250110362","52914","25","1999-12-08","24","James","ENG","UNKNOWN","DEFENDER","MALE","","./image/250110362.jpg","Reece James","DEFENDER","24","James","39","","Angleterre","Défenseur","Reece","James","Reece James","James","200039","./assoc/200039_ENG.svg","./logo/52914.png","UEFA","ENG","52914","FAME","Chelsea","","https://img.uefa.com/imgml/TP/teams/logos/70x70/52914.png","https://img.uefa.com/imgml/TP/teams/logos/240x240/52914.png","252914","CHE","DOMESTIC_MEN_TEAM_A","","DOMESTIC","Angleterre","Chelsea","Chelsea FC","CHE","567","MINUTE","10","0","1","64.72","KILOMETER","31.7","KILOMETER_PER_HOUR"
"250011954","52914","41","1984-09-22","6","T.Silva","BRA","CENTRE_BACK","DEFENDER","MALE","183","./image/250011954.jpg","Thiago Silva","DEFENDER","3","T. Silva","18","79","Brésil","Défenseur","","Thiago Silva","Thiago Silva","Thiago Silva","200039","./assoc/200039_ENG.svg","./logo/52914.png","UEFA","ENG","52914","FAME","Chelsea","","https://img.uefa.com/imgml/TP/teams/logos/70x70/52914.png","https://img.uefa.com/imgml/TP/teams/logos/240x240/52914.png","252914","CHE","DOMESTIC_MEN_TEAM_A","","DOMESTIC","Angleterre","Chelsea","Chelsea FC","CHE","567","MINUTE","8","0","0","52.58","KILOMETER","31","KILOMETER_PER_HOUR"
"250062606","52816","31","1994-07-05","21","Gosens","GER","FULL_BACK","DEFENDER","MALE","","./image/250062606.jpg","Robin Gosens","MIDFIELDER","21","Gosens","47","","Allemagne","Défenseur","Robin","Gosens","Robin Gosens","Gosens","200066","./assoc/200066_ITA.svg","./logo/52816.png","UEFA","ITA","52816","FAME","Atalanta","","https://img.uefa.com/imgml/TP/teams/logos/70x70/52816.png","https://img.uefa.com/imgml/TP/teams/logos/240x240/52816.png","252816","ATA","DOMESTIC_MEN_TEAM_A","","DOMESTIC","Italie","Atalanta","Atalanta BC","ATA","567","MINUTE","7","1","0","68.02","KILOMETER","32","KILOMETER_PER_HOUR"
"250024349","2603790","31","1994-03-17","20","Sabitzer","AUT","ATTACKING_MIDFIELDER","MIDFIELDER","MALE","177","./image/250024349.jpg","Marcel Sabitzer","MIDFIELDER","9","Sabitzer","8","74","Autriche","Milieu","Marcel","Sabitzer","Marcel Sabitzer","Sabitzer","200047","./assoc/200047_GER.svg","./logo/2603790.png","UEFA","GER","2603790","FAME","Leipzig","","https://img.uefa.com/imgml/TP/teams/logos/70x70/2603790.png","https://img.uefa.com/imgml/TP/teams/logos/240x240/2603790.png","250002563","RBL","DOMESTIC_MEN_TEAM_A","","DOMESTIC","Allemagne","Leipzig","RB Leipzig","RBL","566","MINUTE","7","0","2","72.39","KILOMETER","31.3","KILOMETER_PER_HOUR"
"250042779","50080","30","1995-06-17","15","LENGLET","FRA","UNKNOWN","DEFENDER","MALE","186","./image/250042779.jpg","Clément Lenglet","DEFENDER","5","Lenglet","43","81","France","Défenseur","Clément","Lenglet","Clément Lenglet","Lenglet","200122","./assoc/200122_ESP.svg","./logo/50080.png","UEFA","ESP","50080","FAME","Barcelona","","https://img.uefa.com/imgml/TP/teams/logos/70x70/50080.png","https://img.uefa.com/imgml/TP/teams/logos/240x240/50080.png","250080","BAR","DOMESTIC_MEN_TEAM_A","","DOMESTIC","Espagne","Barcelona","FC Barcelona","BAR","561","MINUTE","8","0","0","60.21","KILOMETER","30.8","KILOMETER_PER_HOUR"
"250053907","7889","31","1993-10-23","3","Fabinho","BRA","UNKNOWN","MIDFIELDER","MALE","188","./image/250053907.jpg","Fabinho","MIDFIELDER","15","Tavares","18","78","Brésil","Milieu","","Fabinho","Fabinho","Fabinho","200039","./assoc/200039_ENG.svg","./logo/7889.png","UEFA","ENG","7889","FAME","Liverpool","","https://img.uefa.com/imgml/TP/teams/logos/70x70/7889.png","https://img.uefa.com/imgml/TP/teams/logos/240x240/7889.png","207889","LIV","DOMESTIC_MEN_TEAM_A","","DOMESTIC","Angleterre","Liverpool","Liverpool FC","LIV","554","MINUTE","8","0","0","63.7","KILOMETER","30.4","KILOMETER_PER_HOUR"
"250090398","50139","27","1997-10-25","14","Chiesa","ITA","ATTACKING_MIDFIELDER","FORWARD","MALE","","./image/250090398.jpg","Federico Chiesa","FORWARD","14","Chiesa","66","","Italie","Attaquant","Federico","Chiesa","Federico Chiesa","Chiesa","200066","./assoc/200066_ITA.svg","./logo/50139.png","UEFA","ITA","50139","FAME","Juventus","","https://img.uefa.com/imgml/TP/teams/logos/70x70/50139.png","https://img.uefa.com/imgml/TP/teams/logos/240x240/50139.png","250139","JUV","DOMESTIC_MEN_TEAM_A","","DOMESTIC","Italie","Juventus","Juventus","JUV","553","MINUTE","8","4","1","67.16","KILOMETER","32.4","KILOMETER_PER_HOUR"
"250121329","2603790","27","1997-11-01","23","Mukiele","FRA","FULL_BACK","DEFENDER","MALE","","./image/250121329.jpg","Nordi Mukiele","DEFENDER","5","Mukiele","43","","France","Défenseur","Nordi","Mukiele","Nordi Mukiele","Mukiele","200047","./assoc/200047_GER.svg","./logo/2603790.png","UEFA","GER","2603790","FAME","Leipzig","","https://img.uefa.com/imgml/TP/teams/logos/70x70/2603790.png","https://img.uefa.com/imgml/TP/teams/logos/240x240/2603790.png","250002563","RBL","DOMESTIC_MEN_TEAM_A","","DOMESTIC","Allemagne","Leipzig","RB Leipzig","RBL","551","MINUTE","7","1","0","60.9","KILOMETER","32","KILOMETER_PER_HOUR"
"250015966","50139","37","1988-05-26","7","Cuadrado","COL","UNKNOWN","MIDFIELDER","MALE","176","./image/250015966.jpg","Juan Cuadrado","MIDFIELDER","11","Cuadrado","29","66","Colombie","Milieu","Juan","Cuadrado","Juan Cuadrado","Cuadrado","200066","./assoc/200066_ITA.svg","./logo/50139.png","UEFA","ITA","50139","FAME","Juventus","","https://img.uefa.com/imgml/TP/teams/logos/70x70/50139.png","https://img.uefa.com/imgml/TP/teams/logos/240x240/50139.png","250139","JUV","DOMESTIC_MEN_TEAM_A","","DOMESTIC","Italie","Juventus","Juventus","JUV","551","MINUTE","6","0","6","63.94","KILOMETER","32","KILOMETER_PER_HOUR"
"250054949","50037","29","1996-06-13","11","Coman","FRA","WINGER","FORWARD","MALE","178","./image/250054949.jpg","Kingsley Coman","FORWARD","7","Coman","43","71","France","Attaquant","Kingsley","Coman","Kingsley Coman","Coman","200047","./assoc/200047_GER.svg","./logo/50037.png","UEFA","GER","50037","FAME","Bayern München","","https://img.uefa.com/imgml/TP/teams/logos/70x70/50037.png","https://img.uefa.com/imgml/TP/teams/logos/240x240/50037.png","250037","BAY","DOMESTIC_MEN_TEAM_A","","DOMESTIC","Allemagne","Bayern München","FC Bayern München","BAY","549","MINUTE","7","3","3","62.85","KILOMETER","31.7","KILOMETER_PER_HOUR"
"250080471","7889","28","1996-12-04","20","Diogo J","POR","STRIKER","FORWARD","MALE","178","./image/250080471.jpg","Diogo Jota","FORWARD","21","DIOGO J.","110","70","Portugal","Attaquant","","Diogo Jota","Diogo Jota","Diogo Jota","200039","./assoc/200039_ENG.svg","./logo/7889.png","UEFA","ENG","7889","FAME","Liverpool","","https://img.uefa.com/imgml/TP/teams/logos/70x70/7889.png","https://img.uefa.com/imgml/TP/teams/logos/240x240/7889.png","207889","LIV","DOMESTIC_MEN_TEAM_A","","DOMESTIC","Angleterre","Liverpool","Liverpool FC","LIV","542","MINUTE","9","4","1","66.89","KILOMETER","32","KILOMETER_PER_HOUR"
"250036022","52714","37","1988-02-15","24","Papu Gómez","ARG","ATTACKING_MIDFIELDER","FORWARD","MALE","","./image/250036022.jpg","Alejandro Gómez","MIDFIELDER","17","Gómez","6","","Argentine","Attaquant","Alejandro","Gómez","Alejandro Gómez","Gómez","200122","./assoc/200122_ESP.svg","./logo/52714.png","UEFA","ESP","52714","FAME","Sevilla","","https://img.uefa.com/imgml/TP/teams/logos/70x70/52714.png","https://img.uefa.com/imgml/TP/teams/logos/240x240/52714.png","252714","SEV","DOMESTIC_MEN_TEAM_A","","DOMESTIC","Espagne","Sevilla","Sevilla FC","SEV","542","MINUTE","8","1","2","57.1","KILOMETER","30.6","KILOMETER_PER_HOUR"
"95803","50080","38","1987-06-24","30","Messi","ARG","UNKNOWN","FORWARD","MALE","169","./image/95803.jpg","Lionel Messi","FORWARD","10","Messi","6","72","Argentine","Attaquant","Lionel","Messi","Lionel Messi","Messi","200122","./assoc/200122_ESP.svg","./logo/50080.png","UEFA","ESP","50080","FAME","Barcelona","","https://img.uefa.com/imgml/TP/teams/logos/70x70/50080.png","https://img.uefa.com/imgml/TP/teams/logos/240x240/50080.png","250080","BAR","DOMESTIC_MEN_TEAM_A","","DOMESTIC","Espagne","Barcelona","FC Barcelona","BAR","540","MINUTE","6","5","1","46.66","KILOMETER","28.6","KILOMETER_PER_HOUR"
"1902464","50143","36","1988-11-20","10","TADIĆ","SRB","STRIKER","FORWARD","MALE","181","./image/1902464.jpg","Dušan Tadić","FORWARD","10","Tadić","147","79","Serbie","Attaquant","Dušan","Tadić","Dušan Tadić","Tadić","200095","./assoc/200095_NED.svg","./logo/50143.png","UEFA","NED","50143","FAME","Ajax","","https://img.uefa.com/imgml/TP/teams/logos/70x70/50143.png","https://img.uefa.com/imgml/TP/teams/logos/240x240/50143.png","250143","AJX","DOMESTIC_MEN_TEAM_A","","DOMESTIC","Pays-Bas","Ajax","AFC Ajax","AJX","540","MINUTE","6","2","3","68.88","KILOMETER","29.2","KILOMETER_PER_HOUR"
"250023710","75795","32","1992-10-24","14","Scholz","DEN","CENTRE_BACK","DEFENDER","MALE","189","./image/250023710.jpg","Alexander Scholz","DEFENDER","2","Scholz","35","84","Danemark","Défenseur","Alexander","Scholz","Alexander Scholz","Scholz","200035","./assoc/200035_DEN.svg","./logo/75795.png","UEFA","DEN","75795","FAME","Midtjylland","","https://img.uefa.com/imgml/TP/teams/logos/70x70/75795.png","https://img.uefa.com/imgml/TP/teams/logos/240x240/75795.png","275795","MID","DOMESTIC_MEN_TEAM_A","","DOMESTIC","Danemark","Midtjylland","FC Midtjylland","MID","540","MINUTE","6","2","0","59.38","KILOMETER","28.6","KILOMETER_PER_HOUR"
"250030823","50030","33","1992-02-16","5","Ramalho Silva","BRA","CENTRAL_MIDFIELDER","DEFENDER","MALE","182","./image/250030823.jpg","André Ramalho","MIDFIELDER","","Ramalho","","78","Brésil","Défenseur","André","Ramalho","André Ramalho","Ramalho","200008","./assoc/200008_AUT.svg","./logo/50030.png","UEFA","AUT","50030","FAME","Salzburg","","https://img.uefa.com/imgml/TP/teams/logos/70x70/50030.png","https://img.uefa.com/imgml/TP/teams/logos/240x240/50030.png","250030","SAL","DOMESTIC_MEN_TEAM_A","","DOMESTIC","Autriche","Salzburg","FC Salzburg","SAL","540","MINUTE","6","0","1","61.02","KILOMETER","32.8","KILOMETER_PER_HOUR"
"250024359","52723","31","1994-06-11","16","Kędziora","POL","FULL_BACK","DEFENDER","MALE","183","./image/250024359.jpg","Tomasz Kędziora","DEFENDER","4","Kedziora","109","78","Pologne","Défenseur","Tomasz","Kędziora","Tomasz Kędziora","Kędziora","257166","./assoc/257166_UKR.svg","./logo/52723.png","UEFA","UKR","52723","FAME","Dynamo Kyiv","","https://img.uefa.com/imgml/TP/teams/logos/70x70/52723.png","https://img.uefa.com/imgml/TP/teams/logos/240x240/52723.png","252723","DKY","DOMESTIC_MEN_TEAM_A","","DOMESTIC","Ukraine","Dynamo Kyiv","FC Dynamo Kyiv","DKY","540","MINUTE","6","0","1","59.67","KILOMETER","30.6","KILOMETER_PER_HOUR"
"250014059","52298","32","1993-05-08","23","Blažič","SVN","CENTRE_BACK","DEFENDER","MALE","","./image/250014059.jpg","Miha Blažič","DEFENDER","4","Blažič","57163","","Slovénie","Défenseur","Miha","Blažič","Miha Blažič","Blažič","200057","./assoc/200057_HUN.svg","./logo/52298.png","UEFA","HUN","52298","FAME","Ferencváros","","https://img.uefa.com/imgml/TP/teams/logos/70x70/52298.png","https://img.uefa.com/imgml/TP/teams/logos/240x240/52298.png","252298","FER","DOMESTIC_MEN_TEAM_A","","DOMESTIC","Hongrie","Ferencváros","Ferencvárosi TC","FER","540","MINUTE","6","0","0","61.6","KILOMETER","29","KILOMETER_PER_HOUR"
"50327428","50138","33","1992-02-05","6","de Vrij","NED","CENTRE_BACK","DEFENDER","MALE","","https://img.uefa.com/imgml/TP/players/1/2021/324x324/50327428.jpg","Stefan de Vrij","DEFENDER","6","de Vrij","95","","Pays-Bas","Défenseur","Stefan","De Vrij","Stefan de Vrij","De Vrij","200066","./assoc/200066_ITA.svg","./logo/50138.png","UEFA","ITA","50138","FAME","Inter","","https://img.uefa.com/imgml/TP/teams/logos/70x70/50138.png","https://img.uefa.com/imgml/TP/teams/logos/240x240/50138.png","250138","INT","DOMESTIC_MEN_TEAM_A","","DOMESTIC","Italie","Inter","FC Internazionale Milano","INT","540","MINUTE","6","0","0","61.41","KILOMETER","29.5","KILOMETER_PER_HOUR"
"101177","50030","39","1985-10-30","17","Ulmer","AUT","FULL_BACK","DEFENDER","MALE","175","./image/101177.jpg","Andreas Ulmer","DEFENDER","2","Ulmer","8","69","Autriche","Défenseur","Andreas","Ulmer","Andreas Ulmer","Ulmer","200008","./assoc/200008_AUT.svg","./logo/50030.png","UEFA","AUT","50030","FAME","Salzburg","","https://img.uefa.com/imgml/TP/teams/logos/70x70/50030.png","https://img.uefa.com/imgml/TP/teams/logos/240x240/50030.png","250030","SAL","DOMESTIC_MEN_TEAM_A","","DOMESTIC","Autriche","Salzburg","FC Salzburg","SAL","540","MINUTE","6","0","0","61.36","KILOMETER","32.6","KILOMETER_PER_HOUR"
"250119185","52723","23","2002-09-01","6","ZABARNYI","UKR","CENTRE_BACK","DEFENDER","MALE","","./image/250119185.jpg","Illia Zabarnyi","DEFENDER","13","Zabarnyi","57166","","Ukraine","Défenseur","Illia","Zabarnyi","Illia Zabarnyi","Zabarnyi","257166","./assoc/257166_UKR.svg","./logo/52723.png","UEFA","UKR","52723","FAME","Dynamo Kyiv","","https://img.uefa.com/imgml/TP/teams/logos/70x70/52723.png","https://img.uefa.com/imgml/TP/teams/logos/240x240/52723.png","252723","DKY","DOMESTIC_MEN_TEAM_A","","DOMESTIC","Ukraine","Dynamo Kyiv","FC Dynamo Kyiv","DKY","540","MINUTE","6","0","0","60.85","KILOMETER","27.7","KILOMETER_PER_HOUR"
"250117429","52707","26","1998-11-17","2","Dodo","BRA","FULL_BACK","DEFENDER","MALE","","./image/250117429.jpg","Dodô","DEFENDER","","Dodo","","","Brésil","Défenseur","","Dodô","Dodô","Dodô","257166","./assoc/257166_UKR.svg","./logo/52707.png","UEFA","UKR","52707","FAME","Shakhtar","","https://img.uefa.com/imgml/TP/teams/logos/70x70/52707.png","https://img.uefa.com/imgml/TP/teams/logos/240x240/52707.png","252707","SHK","DOMESTIC_MEN_TEAM_A","","DOMESTIC","Ukraine","Shakhtar","FC Shakhtar Donetsk","SHK","540","MINUTE","6","0","0","60.5","KILOMETER","31.3","KILOMETER_PER_HOUR"
"103881","53065","36","1989-08-19","31","Rybus","POL","WINGER","DEFENDER","MALE","173","./image/103881.jpg","Maciej Rybus","DEFENDER","13","Rybus","109","75","Pologne","Défenseur","Maciej","Rybus","Maciej Rybus","Rybus","257451","./assoc/257451_RUS.svg","./logo/53065.png","UEFA","RUS","53065","FAME","Lokomotiv Moskva","","https://img.uefa.com/imgml/TP/teams/logos/70x70/53065.png","https://img.uefa.com/imgml/TP/teams/logos/240x240/53065.png","253065","LMO","DOMESTIC_MEN_TEAM_A","","DOMESTIC","Russie","Lokomotiv Moskva","FC Lokomotiv Moskva","LMO","540","MINUTE","6","0","0","59.26","KILOMETER","32","KILOMETER_PER_HOUR"
"250050441","52748","35","1990-04-12","2","Sakai","JPN","FULL_BACK","DEFENDER","MALE","183","./image/250050441.jpg","Hiroki Sakai","DEFENDER","19","Sakai","69","","Japon","Défenseur","Hiroki","Sakai","Hiroki Sakai","Sakai","200043","./assoc/200043_FRA.svg","./logo/52748.png","UEFA","FRA","52748","FAME","Marseille","","https://img.uefa.com/imgml/TP/teams/logos/70x70/52748.png","https://img.uefa.com/imgml/TP/teams/logos/240x240/52748.png","252748","MAR","DOMESTIC_MEN_TEAM_A","","DOMESTIC","France","Marseille","Olympique de Marseille","MAR","540","MINUTE","6","0","0","58.93","KILOMETER","33.1","KILOMETER_PER_HOUR"
"250087118","52707","26","1999-02-27","5","Bondar","UKR","CENTRE_BACK","DEFENDER","MALE","","./image/250087118.jpg","Valeriy Bondar","DEFENDER","5","Bondar","57166","","Ukraine","Défenseur","Valeriy","Bondar","Valeriy Bondar","Bondar","257166","./assoc/257166_UKR.svg","./logo/52707.png","UEFA","UKR","52707","FAME","Shakhtar","","https://img.uefa.com/imgml/TP/teams/logos/70x70/52707.png","https://img.uefa.com/imgml/TP/teams/logos/240x240/52707.png","252707","SHK","DOMESTIC_MEN_TEAM_A","","DOMESTIC","Ukraine","Shakhtar","FC Shakhtar Donetsk","SHK","540","MINUTE","6","0","0","57.96","KILOMETER","29.5","KILOMETER_PER_HOUR"
"101594","2610","40","1985-09-07","13","Rafinha","BRA","","DEFENDER","MALE","172","./image/101594.jpg","Rafinha","DEFENDER","","Rafinha","","68","Brésil","Défenseur","","Rafinha","Rafinha","Rafinha","200049","./assoc/200049_GRE.svg","./logo/2610.png","UEFA","GRE","2610","FAME","Olympiacos","","https://img.uefa.com/imgml/TP/teams/logos/70x70/2610.png","https://img.uefa.com/imgml/TP/teams/logos/240x240/2610.png","202610","OLY","DOMESTIC_MEN_TEAM_A","","DOMESTIC","Grèce","Olympiacos","Olympiacos FC","OLY","540","MINUTE","6","0","0","57.75","KILOMETER","29.7","KILOMETER_PER_HOUR"
"250123016","55031","33","1992-01-27","18","H.Traoré","MLI","FULL_BACK","DEFENDER","MALE","","./image/250123016.jpg","Hamari Traoré","DEFENDER","","H.Traoré","","","Mali","Défenseur","Hamari","Traoré","Hamari Traoré","Traoré","200043","./assoc/200043_FRA.svg","./logo/55031.png","UEFA","FRA","55031","FAME","Rennes","","https://img.uefa.com/imgml/TP/teams/logos/70x70/55031.png","https://img.uefa.com/imgml/TP/teams/logos/240x240/55031.png","255031","REN","DOMESTIC_MEN_TEAM_A","","DOMESTIC","France","Rennes","Stade Rennais FC","REN","540","MINUTE","6","0","0","57.42","KILOMETER","32.21","KILOMETER_PER_HOUR"
"250041624","52748","35","1990-01-08","3","Alvaro","ESP","CENTRE_BACK","DEFENDER","MALE","","./image/250041624.jpg","Álvaro","DEFENDER","16","Alvaro","200122","","Espagne","Défenseur","","Álvaro","Álvaro","Álvaro","200043","./assoc/200043_FRA.svg","./logo/52748.png","UEFA","FRA","52748","FAME","Marseille","","https://img.uefa.com/imgml/TP/teams/logos/70x70/52748.png","https://img.uefa.com/imgml/TP/teams/logos/240x240/52748.png","252748","MAR","DOMESTIC_MEN_TEAM_A","","DOMESTIC","France","Marseille","Olympique de Marseille","MAR","540","MINUTE","6","0","0","53.44","KILOMETER","30.6","KILOMETER_PER_HOUR"
"250040465","52298","34","1990-11-16","90","Dibusz","HUN","GOALKEEPER","GOALKEEPER","MALE","188","./image/250040465.jpg","Dénes Dibusz","GOALKEEPER","1","Dibusz","57","81","Hongrie","Gardien","Dénes","Dibusz","Dénes Dibusz","Dibusz","200057","./assoc/200057_HUN.svg","./logo/52298.png","UEFA","HUN","52298","FAME","Ferencváros","","https://img.uefa.com/imgml/TP/teams/logos/70x70/52298.png","https://img.uefa.com/imgml/TP/teams/logos/240x240/52298.png","252298","FER","DOMESTIC_MEN_TEAM_A","","DOMESTIC","Hongrie","Ferencváros","Ferencvárosi TC","FER","540","MINUTE","6","0","0","32.03","KILOMETER","19.7","KILOMETER_PER_HOUR"
"72819","52826","38","1987-01-28","41","Kerzhakov","RUS","GOALKEEPER","GOALKEEPER","MALE","189","./image/72819.jpg","Mikhail Kerzhakov","GOALKEEPER","","M. Kerzhakov","","84","Russie","Gardien","Mikhail","Kerzhakov","Mikhail Kerzhakov","M. Kerzhakov","257451","./assoc/257451_RUS.svg","./logo/52826.png","UEFA","RUS","52826","FAME","Zenit","","https://img.uefa.com/imgml/TP/teams/logos/70x70/52826.png","https://img.uefa.com/imgml/TP/teams/logos/240x240/52826.png","252826","ZEN","DOMESTIC_MEN_TEAM_A","","DOMESTIC","Russie","Zenit","FC Zenit","ZEN","540","MINUTE","6","0","0","29.65","KILOMETER","20.6","KILOMETER_PER_HOUR"
"250016304","52758","38","1987-09-18","1","HITZ","SUI","GOALKEEPER","GOALKEEPER","MALE","193","./image/250016304.jpg","Marwin Hitz","GOALKEEPER","12","Hitz","128","86","Suisse","Gardien","Marwin","Hitz","Marwin Hitz","Hitz","200047","./assoc/200047_GER.svg","./logo/52758.png","UEFA","GER","52758","FAME","B. Dortmund","","https://img.uefa.com/imgml/TP/teams/logos/70x70/52758.png","https://img.uefa.com/imgml/TP/teams/logos/240x240/52758.png","252758","BVB","DOMESTIC_MEN_TEAM_A","","DOMESTIC","Allemagne","B. Dortmund","Borussia Dortmund","BVB","540","MINUTE","6","0","0","27.06","KILOMETER","20.7","KILOMETER_PER_HOUR"
"1905775","53065","39","1985-12-12","1","Guilherme","RUS","GOALKEEPER","GOALKEEPER","MALE","197","./image/1905775.jpg","Guilherme","GOALKEEPER","1","Guilherme","57451","78","Russie","Gardien","","Guilherme","Guilherme","Guilherme","257451","./assoc/257451_RUS.svg","./logo/53065.png","UEFA","RUS","53065","FAME","Lokomotiv Moskva","","https://img.uefa.com/imgml/TP/teams/logos/70x70/53065.png","https://img.uefa.com/imgml/TP/teams/logos/240x240/53065.png","253065","LMO","DOMESTIC_MEN_TEAM_A","","DOMESTIC","Russie","Lokomotiv Moskva","FC Lokomotiv Moskva","LMO","540","MINUTE","6","0","0","26.78","KILOMETER","23","KILOMETER_PER_HOUR"
"68842","50138","41","1984-07-14","1","Handanovic","SVN","GOALKEEPER","GOALKEEPER","MALE","193","./image/68842.jpg","Samir Handanovič","GOALKEEPER","1","Handanovic","","92","Slovénie","Gardien","Samir","Handanovič","Samir Handanovič","Handanovič","200066","./assoc/200066_ITA.svg","./logo/50138.png","UEFA","ITA","50138","FAME","Inter","","https://img.uefa.com/imgml/TP/teams/logos/70x70/50138.png","https://img.uefa.com/imgml/TP/teams/logos/240x240/50138.png","250138","INT","DOMESTIC_MEN_TEAM_A","","DOMESTIC","Italie","Inter","FC Internazionale Milano","INT","540","MINUTE","6","0","0","23.49","KILOMETER","22.9","KILOMETER_PER_HOUR"
"250064239","2610","32","1993-01-17","1","Jose Sa","POR","GOALKEEPER","GOALKEEPER","MALE","192","./image/250064239.jpg","José Sá","GOALKEEPER","12","JOSÉ SÁ","110","84","Portugal","Gardien","","José Sá","José Sá","José Sá","200049","./assoc/200049_GRE.svg","./logo/2610.png","UEFA","GRE","2610","FAME","Olympiacos","","https://img.uefa.com/imgml/TP/teams/logos/70x70/2610.png","https://img.uefa.com/imgml/TP/teams/logos/240x240/2610.png","202610","OLY","DOMESTIC_MEN_TEAM_A","","DOMESTIC","Grèce","Olympiacos","Olympiacos FC","OLY","540","MINUTE","6","0","0","23.32","KILOMETER","20.7","KILOMETER_PER_HOUR"
"250076171","50143","29","1996-04-02","24","Onana","CMR","GOALKEEPER","GOALKEEPER","MALE","190","./image/250076171.jpg","André Onana","GOALKEEPER","23","Onana","23","82","Cameroun","Gardien","André","Onana","André Onana","Onana","200095","./assoc/200095_NED.svg","./logo/50143.png","UEFA","NED","50143","FAME","Ajax","","https://img.uefa.com/imgml/TP/teams/logos/70x70/50143.png","https://img.uefa.com/imgml/TP/teams/logos/240x240/50143.png","250143","AJX","DOMESTIC_MEN_TEAM_A","","DOMESTIC","Pays-Bas","Ajax","AFC Ajax","AJX","540","MINUTE","6","0","0","23.04","KILOMETER","20.7","KILOMETER_PER_HOUR"
"103243","2600288","36","1989-03-01","1","Mert","TUR","GOALKEEPER","GOALKEEPER","MALE","196","./image/103243.jpg","Mert Günok","GOALKEEPER","1","MERT","135","92","Turquie","Gardien","","Mert Günok	","Mert Günok","Mert Günok	","200135","./assoc/200135_TUR.svg","./logo/2600288.png","UEFA","TUR","2600288","FAME","Başakşehir","","https://img.uefa.com/imgml/TP/teams/logos/70x70/2600288.png","https://img.uefa.com/imgml/TP/teams/logos/240x240/2600288.png","1500091","IST","DOMESTIC_MEN_TEAM_A","","DOMESTIC","Turquie","Başakşehir","İstanbul Başakşehir FK","IST","540","MINUTE","6","0","0","22.74","KILOMETER","27.2","KILOMETER_PER_HOUR"
"250063396","50030","32","1992-11-04","1","Stankovic","AUT","GOALKEEPER","GOALKEEPER","MALE","187","./image/250063396.jpg","Cican Stankovic","GOALKEEPER","13","Stankovic","8","80","Autriche","Gardien","Cican","Stankovic","Cican Stankovic","Stankovic","200008","./assoc/200008_AUT.svg","./logo/50030.png","UEFA","AUT","50030","FAME","Salzburg","","https://img.uefa.com/imgml/TP/teams/logos/70x70/50030.png","https://img.uefa.com/imgml/TP/teams/logos/240x240/50030.png","250030","SAL","DOMESTIC_MEN_TEAM_A","","DOMESTIC","Autriche","Salzburg","FC Salzburg","SAL","540","MINUTE","6","0","0","22.6","KILOMETER","24.1","KILOMETER_PER_HOUR"
"98893","52748","40","1985-03-28","30","Mandanda","FRA","GOALKEEPER","GOALKEEPER","MALE","185","./image/98893.jpg","Steve Mandanda","GOALKEEPER","16","Mandanda","43","82","France","Gardien","Steve","Mandanda","Steve Mandanda","Mandanda","200043","./assoc/200043_FRA.svg","./logo/52748.png","UEFA","FRA","52748","FAME","Marseille","","https://img.uefa.com/imgml/TP/teams/logos/70x70/52748.png","https://img.uefa.com/imgml/TP/teams/logos/240x240/52748.png","252748","MAR","DOMESTIC_MEN_TEAM_A","","DOMESTIC","France","Marseille","Olympique de Marseille","MAR","540","MINUTE","6","0","0","21.08","KILOMETER","16.61","KILOMETER_PER_HOUR"
"250014680","52747","36","1989-08-14","21","Ander Herrera","ESP","CENTRAL_MIDFIELDER","MIDFIELDER","MALE","182","./image/250014680.jpg","Ander Herrera","MIDFIELDER","12","Ander Herrera","122","70","Espagne","Milieu","Ander","Herrera","Ander Herrera","Herrera","200043","./assoc/200043_FRA.svg","./logo/52747.png","UEFA","FRA","52747","FAME","Paris","","https://img.uefa.com/imgml/TP/teams/logos/70x70/52747.png","https://img.uefa.com/imgml/TP/teams/logos/240x240/52747.png","252747","PSG","DOMESTIC_MEN_TEAM_A","","DOMESTIC","France","Paris","Paris Saint-Germain","PSG","539","MINUTE","10","0","0","71.33","KILOMETER","28.4","KILOMETER_PER_HOUR"
"250026751","52757","32","1993-03-10","14","Plea","FRA","STRIKER","FORWARD","MALE","181","./image/250026751.jpg","Alassane Pléa","FORWARD","22","Plea","43","79","France","Attaquant","Alassane","Pléa","Alassane Pléa","Pléa","200047","./assoc/200047_GER.svg","./logo/52757.png","UEFA","GER","52757","FAME","Mönchengladbach","","https://img.uefa.com/imgml/TP/teams/logos/70x70/52757.png","https://img.uefa.com/imgml/TP/teams/logos/240x240/52757.png","252757","MON","DOMESTIC_MEN_TEAM_A","","DOMESTIC","Allemagne","Mönchengladbach","Borussia Mönchengladbach","MON","539","MINUTE","8","5","3","63.96","KILOMETER","30.8","KILOMETER_PER_HOUR"
"250011790","52757","37","1988-08-26","13","Stindl","GER","ATTACKING_MIDFIELDER","MIDFIELDER","MALE","180","./image/250011790.jpg","Lars Stindl","MIDFIELDER","10","Stindl","47","75","Allemagne","Milieu","Lars","Stindl","Lars Stindl","Stindl","200047","./assoc/200047_GER.svg","./logo/52757.png","UEFA","GER","52757","FAME","Mönchengladbach","","https://img.uefa.com/imgml/TP/teams/logos/70x70/52757.png","https://img.uefa.com/imgml/TP/teams/logos/240x240/52757.png","252757","MON","DOMESTIC_MEN_TEAM_A","","DOMESTIC","Allemagne","Mönchengladbach","Borussia Mönchengladbach","MON","539","MINUTE","8","2","2","74.03","KILOMETER","28.6","KILOMETER_PER_HOUR"
"250041781","50037","30","1995-09-03","25","Süle","GER","UNKNOWN","DEFENDER","MALE","","./image/250041781.jpg","Niklas Süle","DEFENDER","15","Süle","47","","Allemagne","Défenseur","Niklas","Süle","Niklas Süle","Süle","200047","./assoc/200047_GER.svg","./logo/50037.png","UEFA","GER","50037","FAME","Bayern München","","https://img.uefa.com/imgml/TP/teams/logos/70x70/50037.png","https://img.uefa.com/imgml/TP/teams/logos/240x240/50037.png","250037","BAY","DOMESTIC_MEN_TEAM_A","","DOMESTIC","Allemagne","Bayern München","FC Bayern München","BAY","537","MINUTE","7","1","0","57.08","KILOMETER","31.7","KILOMETER_PER_HOUR"
"250055932","53065","31","1994-05-29","2","Zhivoglyadov","RUS","UNKNOWN","DEFENDER","MALE","178","./image/250055932.jpg","Dmitri Zhivoglyadov","DEFENDER","2","Zhivoglyadov","57451","","Russie","Défenseur","Dmitri","Zhivoglyadov","Dmitri Zhivoglyadov","Zhivoglyadov","257451","./assoc/257451_RUS.svg","./logo/53065.png","UEFA","RUS","53065","FAME","Lokomotiv Moskva","","https://img.uefa.com/imgml/TP/teams/logos/70x70/53065.png","https://img.uefa.com/imgml/TP/teams/logos/240x240/53065.png","253065","LMO","DOMESTIC_MEN_TEAM_A","","DOMESTIC","Russie","Lokomotiv Moskva","FC Lokomotiv Moskva","LMO","534","MINUTE","6","0","1","62.03","KILOMETER","32.4","KILOMETER_PER_HOUR"
"250084887","50043","32","1992-11-07","22","Mata","ANG","FULL_BACK","DEFENDER","MALE","","./image/250084887.jpg","Clinton Mata","DEFENDER","","Mata","","","Angola","Défenseur","Clinton","Mata","Clinton Mata","Mata","200013","./assoc/200013_BEL.svg","./logo/50043.png","UEFA","BEL","50043","FAME","Club Brugge","","https://img.uefa.com/imgml/TP/teams/logos/70x70/50043.png","https://img.uefa.com/imgml/TP/teams/logos/240x240/50043.png","250043","BRU","DOMESTIC_MEN_TEAM_A","","DOMESTIC","Belgique","Club Brugge","Club Brugge KV","BRU","533","MINUTE","6","0","0","59.76","KILOMETER","31.3","KILOMETER_PER_HOUR"
"250064188","50043","33","1992-08-24","20","Vanaken","BEL","ATTACKING_MIDFIELDER","MIDFIELDER","MALE","194","./image/250064188.jpg","Hans Vanaken","MIDFIELDER","20","Vanaken","13","77","Belgique","Milieu","Hans","Vanaken","Hans Vanaken","Vanaken","200013","./assoc/200013_BEL.svg","./logo/50043.png","UEFA","BEL","50043","FAME","Club Brugge","","https://img.uefa.com/imgml/TP/teams/logos/70x70/50043.png","https://img.uefa.com/imgml/TP/teams/logos/240x240/50043.png","250043","BRU","DOMESTIC_MEN_TEAM_A","","DOMESTIC","Belgique","Club Brugge","Club Brugge KV","BRU","532","MINUTE","6","3","0","69.17","KILOMETER","28.6","KILOMETER_PER_HOUR"
"250070400","52816","31","1994-01-09","33","Hateboer","NED","FULL_BACK","DEFENDER","MALE","185","./image/250070400.jpg","Hans Hateboer","DEFENDER","15","Hateboer","95","","Pays-Bas","Défenseur","Hans","Hateboer","Hans Hateboer","Hateboer","200066","./assoc/200066_ITA.svg","./logo/52816.png","UEFA","ITA","52816","FAME","Atalanta","","https://img.uefa.com/imgml/TP/teams/logos/70x70/52816.png","https://img.uefa.com/imgml/TP/teams/logos/240x240/52816.png","252816","ATA","DOMESTIC_MEN_TEAM_A","","DOMESTIC","Italie","Atalanta","Atalanta BC","ATA","531","MINUTE","6","0","2","64.29","KILOMETER","34.1","KILOMETER_PER_HOUR"
"250113001","50143","23","2002-05-16","38","Gravenberch","NED","CENTRAL_MIDFIELDER","MIDFIELDER","MALE","","./image/250113001.jpg","Ryan Gravenberch","MIDFIELDER","8","Gravenberch","95","","Pays-Bas","Milieu","Ryan","Gravenberch","Ryan Gravenberch","Gravenberch","200095","./assoc/200095_NED.svg","./logo/50143.png","UEFA","NED","50143","FAME","Ajax","","https://img.uefa.com/imgml/TP/teams/logos/70x70/50143.png","https://img.uefa.com/imgml/TP/teams/logos/240x240/50143.png","250143","AJX","DOMESTIC_MEN_TEAM_A","","DOMESTIC","Pays-Bas","Ajax","AFC Ajax","AJX","529","MINUTE","6","1","0","64.66","KILOMETER","29","KILOMETER_PER_HOUR"
"1901767","2610","35","1990-06-29","6","M'vila","FRA","DEFENSIVE_MIDFIELDER","MIDFIELDER","MALE","182","./image/1901767.jpg","Yann M'Vila","MIDFIELDER","17","M'Vila","200043","80","France","Milieu","Yann","M'Vila","Yann M'Vila","M'Vila","200049","./assoc/200049_GRE.svg","./logo/2610.png","UEFA","GRE","2610","FAME","Olympiacos","","https://img.uefa.com/imgml/TP/teams/logos/70x70/2610.png","https://img.uefa.com/imgml/TP/teams/logos/240x240/2610.png","202610","OLY","DOMESTIC_MEN_TEAM_A","","DOMESTIC","Grèce","Olympiacos","Olympiacos FC","OLY","529","MINUTE","6","0","0","65.5","KILOMETER","30.2","KILOMETER_PER_HOUR"
"250092718","2610","31","1994-04-04","35","Borges Semedo","POR","CENTRE_BACK","DEFENDER","MALE","189","./image/250092718.jpg","Rúben Semedo","DEFENDER","21","R. Semedo","110","84","Portugal","Défenseur","","Rúben Semedo","Rúben Semedo","Rúben Semedo","200049","./assoc/200049_GRE.svg","./logo/2610.png","UEFA","GRE","2610","FAME","Olympiacos","","https://img.uefa.com/imgml/TP/teams/logos/70x70/2610.png","https://img.uefa.com/imgml/TP/teams/logos/240x240/2610.png","202610","OLY","DOMESTIC_MEN_TEAM_A","","DOMESTIC","Grèce","Olympiacos","Olympiacos FC","OLY","529","MINUTE","6","0","0","51.63","KILOMETER","27","KILOMETER_PER_HOUR"
"250066739","50138","28","1997-02-07","23","Barella","ITA","CENTRAL_MIDFIELDER","MIDFIELDER","MALE","","./image/250066739.jpg","Nicolò Barella","MIDFIELDER","18","Barella","66","","Italie","Milieu","Nicolò","Barella","Nicolò Barella","Barella","200066","./assoc/200066_ITA.svg","./logo/50138.png","UEFA","ITA","50138","FAME","Inter","","https://img.uefa.com/imgml/TP/teams/logos/70x70/50138.png","https://img.uefa.com/imgml/TP/teams/logos/240x240/50138.png","250138","INT","DOMESTIC_MEN_TEAM_A","","DOMESTIC","Italie","Inter","FC Internazionale Milano","INT","528","MINUTE","6","0","1","70.16","KILOMETER","30.8","KILOMETER_PER_HOUR"
"250023097","52816","33","1992-04-15","8","Freuler","SUI","CENTRAL_MIDFIELDER","MIDFIELDER","MALE","181","./image/250023097.jpg","Remo Freuler","MIDFIELDER","8","Freuler","128","77","Suisse","Milieu","Remo","Freuler","Remo Freuler","Freuler","200066","./assoc/200066_ITA.svg","./logo/52816.png","UEFA","ITA","52816","FAME","Atalanta","","https://img.uefa.com/imgml/TP/teams/logos/70x70/52816.png","https://img.uefa.com/imgml/TP/teams/logos/240x240/52816.png","252816","ATA","DOMESTIC_MEN_TEAM_A","","DOMESTIC","Italie","Atalanta","Atalanta BC","ATA","525","MINUTE","7","0","1","67.21","KILOMETER","31","KILOMETER_PER_HOUR"
"250064087","52816","34","1991-04-01","91","Duvan","COL","UNKNOWN","FORWARD","MALE","186","./image/250064087.jpg","Duván Zapata","FORWARD","","Duván","29","","Colombie","Attaquant","Duván","Zapata","Duván Zapata","Zapata","200066","./assoc/200066_ITA.svg","./logo/52816.png","UEFA","ITA","52816","FAME","Atalanta","","https://img.uefa.com/imgml/TP/teams/logos/70x70/52816.png","https://img.uefa.com/imgml/TP/teams/logos/240x240/52816.png","252816","ATA","DOMESTIC_MEN_TEAM_A","","DOMESTIC","Italie","Atalanta","Atalanta BC","ATA","524","MINUTE","8","3","2","54.65","KILOMETER","33.3","KILOMETER_PER_HOUR"
"250067387","2600288","32","1993-01-29","23","TÜRÜÇ","TUR","UNKNOWN","MIDFIELDER","MALE","","./image/250067387.jpg","Deniz Türüç","MIDFIELDER","21","DENİZ","135","","Turquie","Milieu","","Deniz Türüç","Deniz Türüç","Deniz Türüç","200135","./assoc/200135_TUR.svg","./logo/2600288.png","UEFA","TUR","2600288","FAME","Başakşehir","","https://img.uefa.com/imgml/TP/teams/logos/70x70/2600288.png","https://img.uefa.com/imgml/TP/teams/logos/240x240/2600288.png","1500091","IST","DOMESTIC_MEN_TEAM_A","","DOMESTIC","Turquie","Başakşehir","İstanbul Başakşehir FK","IST","524","MINUTE","6","1","1","62.9","KILOMETER","31.5","KILOMETER_PER_HOUR"
"250132850","2601038","30","1995-09-08","31","Kaio","BRA","DEFENSIVE_MIDFIELDER","DEFENDER","MALE","","./image/250132850.jpg","Kaio","MIDFIELDER","","Kaio","","","Brésil","Défenseur","","Kaio","Kaio","Kaio","257451","./assoc/257451_RUS.svg","./logo/2601038.png","UEFA","RUS","2601038","FAME","Krasnodar","","https://img.uefa.com/imgml/TP/teams/logos/70x70/2601038.png","https://img.uefa.com/imgml/TP/teams/logos/240x240/2601038.png","250000383","KRA","DOMESTIC_MEN_TEAM_A","","DOMESTIC","Russie","Krasnodar","FC Krasnodar","KRA","524","MINUTE","6","0","0","57.97","KILOMETER","32.21","KILOMETER_PER_HOUR"
"98865","50037","37","1988-09-03","17","Boateng","GER","CENTRE_BACK","DEFENDER","MALE","192","./image/98865.jpg","Jérôme Boateng","DEFENDER","17","Boateng","47","90","Allemagne","Défenseur","Jérôme","Boateng","Jérôme Boateng","Boateng","200047","./assoc/200047_GER.svg","./logo/50037.png","UEFA","GER","50037","FAME","Bayern München","","https://img.uefa.com/imgml/TP/teams/logos/70x70/50037.png","https://img.uefa.com/imgml/TP/teams/logos/240x240/50037.png","250037","BAY","DOMESTIC_MEN_TEAM_A","","DOMESTIC","Allemagne","Bayern München","FC Bayern München","BAY","522","MINUTE","7","1","0","55.15","KILOMETER","29.9","KILOMETER_PER_HOUR"
"250117373","50030","27","1998-01-01","45","Mwepu","ZAM","ATTACKING_MIDFIELDER","MIDFIELDER","MALE","","./image/250117373.jpg","Enock Mwepu","MIDFIELDER","","Mwepu","","","Zambie","Milieu","Enock","Mwepu","Enock Mwepu","Mwepu","200008","./assoc/200008_AUT.svg","./logo/50030.png","UEFA","AUT","50030","FAME","Salzburg","","https://img.uefa.com/imgml/TP/teams/logos/70x70/50030.png","https://img.uefa.com/imgml/TP/teams/logos/240x240/50030.png","250030","SAL","DOMESTIC_MEN_TEAM_A","","DOMESTIC","Autriche","Salzburg","FC Salzburg","SAL","521","MINUTE","6","0","0","64.67","KILOMETER","31.7","KILOMETER_PER_HOUR"
"108392","55031","37","1988-05-17","21","Da Silva","FRA","CENTRE_BACK","DEFENDER","MALE","","./image/108392.jpg","Damien Da Silva","DEFENDER","","Da Silva","200043","","France","Défenseur","Damien","Da Silva","Damien Da Silva","Da Silva","200043","./assoc/200043_FRA.svg","./logo/55031.png","UEFA","FRA","55031","FAME","Rennes","","https://img.uefa.com/imgml/TP/teams/logos/70x70/55031.png","https://img.uefa.com/imgml/TP/teams/logos/240x240/55031.png","255031","REN","DOMESTIC_MEN_TEAM_A","","DOMESTIC","France","Rennes","Stade Rennais FC","REN","520","MINUTE","6","0","0","56.91","KILOMETER","29.7","KILOMETER_PER_HOUR"
"97811","50043","37","1988-05-11","25","Vormer","NED","CENTRAL_MIDFIELDER","MIDFIELDER","MALE","178","./image/97811.jpg","Ruud Vormer","MIDFIELDER","","Vormer","95","80","Pays-Bas","Milieu","Ruud","Vormer","Ruud Vormer","Vormer","200013","./assoc/200013_BEL.svg","./logo/50043.png","UEFA","BEL","50043","FAME","Club Brugge","","https://img.uefa.com/imgml/TP/teams/logos/70x70/50043.png","https://img.uefa.com/imgml/TP/teams/logos/240x240/50043.png","250043","BRU","DOMESTIC_MEN_TEAM_A","","DOMESTIC","Belgique","Club Brugge","Club Brugge KV","BRU","519","MINUTE","6","1","2","65.72","KILOMETER","27.4","KILOMETER_PER_HOUR"
"250002767","2600288","35","1990-07-09","4","Rafael","BRA","FULL_BACK","DEFENDER","MALE","172","./image/250002767.jpg","Rafael","DEFENDER","","Pereira Da Silva","","71","Brésil","Défenseur","","Rafael","Rafael","Rafael","200135","./assoc/200135_TUR.svg","./logo/2600288.png","UEFA","TUR","2600288","FAME","Başakşehir","","https://img.uefa.com/imgml/TP/teams/logos/70x70/2600288.png","https://img.uefa.com/imgml/TP/teams/logos/240x240/2600288.png","1500091","IST","DOMESTIC_MEN_TEAM_A","","DOMESTIC","Turquie","Başakşehir","İstanbul Başakşehir FK","IST","518","MINUTE","6","0","0","57.63","KILOMETER","29.9","KILOMETER_PER_HOUR"
"250096309","52714","26","1998-11-12","23","Kounde","FRA","CENTRE_BACK","DEFENDER","MALE","","./image/250096309.jpg","Jules Koundé","DEFENDER","5","Kounde","43","","France","Défenseur","Jules","Koundé","Jules Koundé","Koundé","200122","./assoc/200122_ESP.svg","./logo/52714.png","UEFA","ESP","52714","FAME","Sevilla","","https://img.uefa.com/imgml/TP/teams/logos/70x70/52714.png","https://img.uefa.com/imgml/TP/teams/logos/240x240/52714.png","252714","SEV","DOMESTIC_MEN_TEAM_A","","DOMESTIC","Espagne","Sevilla","Sevilla FC","SEV","515","MINUTE","7","1","0","56.58","KILOMETER","31.5","KILOMETER_PER_HOUR"
"250002096","50037","37","1988-08-21","9","Lewandowski","POL","STRIKER","FORWARD","MALE","184","./image/250002096.jpg","Robert Lewandowski","FORWARD","9","Lewandowski","109","78","Pologne","Attaquant","Robert","Lewandowski","Robert Lewandowski","Lewandowski","200047","./assoc/200047_GER.svg","./logo/50037.png","UEFA","GER","50037","FAME","Bayern München","","https://img.uefa.com/imgml/TP/teams/logos/70x70/50037.png","https://img.uefa.com/imgml/TP/teams/logos/240x240/50037.png","250037","BAY","DOMESTIC_MEN_TEAM_A","","DOMESTIC","Allemagne","Bayern München","FC Bayern München","BAY","514","MINUTE","6","5","0","56.52","KILOMETER","31.3","KILOMETER_PER_HOUR"
"250132526","52707","25","2000-02-15","10","TETE","BRA","WINGER","FORWARD","MALE","","./image/250132526.jpg","Tetê","MIDFIELDER","","Cardoso Lemos Martins","","","Brésil","Attaquant","","Tetê","Tetê","Tetê","257166","./assoc/257166_UKR.svg","./logo/52707.png","UEFA","UKR","52707","FAME","Shakhtar","","https://img.uefa.com/imgml/TP/teams/logos/70x70/52707.png","https://img.uefa.com/imgml/TP/teams/logos/240x240/52707.png","252707","SHK","DOMESTIC_MEN_TEAM_A","","DOMESTIC","Ukraine","Shakhtar","FC Shakhtar Donetsk","SHK","514","MINUTE","6","1","2","57.55","KILOMETER","31.7","KILOMETER_PER_HOUR"
"250118284","50143","33","1992-08-31","3","TAGLIAFICO","ARG","FULL_BACK","DEFENDER","MALE","","./image/250118284.jpg","Nicolás Tagliafico","DEFENDER","3","Tagliafico","6","","Argentine","Défenseur","Nicolás","Tagliafico","Nicolás Tagliafico","Tagliafico","200095","./assoc/200095_NED.svg","./logo/50143.png","UEFA","NED","50143","FAME","Ajax","","https://img.uefa.com/imgml/TP/teams/logos/70x70/50143.png","https://img.uefa.com/imgml/TP/teams/logos/240x240/50143.png","250143","AJX","DOMESTIC_MEN_TEAM_A","","DOMESTIC","Pays-Bas","Ajax","AFC Ajax","AJX","513","MINUTE","6","0","0","60.1","KILOMETER","30.6","KILOMETER_PER_HOUR"
"97688","2601038","39","1986-08-17","33","Berg","SWE","STRIKER","FORWARD","MALE","184","./image/97688.jpg","Marcus Berg","FORWARD","9","Berg","127","75","Suède","Attaquant","Marcus","Berg","Marcus Berg","Berg","257451","./assoc/257451_RUS.svg","./logo/2601038.png","UEFA","RUS","2601038","FAME","Krasnodar","","https://img.uefa.com/imgml/TP/teams/logos/70x70/2601038.png","https://img.uefa.com/imgml/TP/teams/logos/240x240/2601038.png","250000383","KRA","DOMESTIC_MEN_TEAM_A","","DOMESTIC","Russie","Krasnodar","FC Krasnodar","KRA","512","MINUTE","6","2","0","56.07","KILOMETER","29.9","KILOMETER_PER_HOUR"
"250081701","50030","27","1998-02-04","39","Wöber","AUT","CENTRE_BACK","DEFENDER","MALE","188","./image/250081701.jpg","Maximilian Wöber","DEFENDER","2","Wöber","8","84","Autriche","Défenseur","Maximilian","Wöber","Maximilian Wöber","Wöber","200008","./assoc/200008_AUT.svg","./logo/50030.png","UEFA","AUT","50030","FAME","Salzburg","","https://img.uefa.com/imgml/TP/teams/logos/70x70/50030.png","https://img.uefa.com/imgml/TP/teams/logos/240x240/50030.png","250030","SAL","DOMESTIC_MEN_TEAM_A","","DOMESTIC","Autriche","Salzburg","FC Salzburg","SAL","512","MINUTE","6","0","0","56.91","KILOMETER","31.7","KILOMETER_PER_HOUR"
"250054952","52747","29","1996-05-04","37","Diallo","SEN","UNKNOWN","DEFENDER","MALE","183","./image/250054952.jpg","Abdou Diallo","DEFENDER","22","Diallo","118","72","Sénégal","Défenseur","Abdou","Diallo","Abdou Diallo","Diallo","200043","./assoc/200043_FRA.svg","./logo/52747.png","UEFA","FRA","52747","FAME","Paris","","https://img.uefa.com/imgml/TP/teams/logos/70x70/52747.png","https://img.uefa.com/imgml/TP/teams/logos/240x240/52747.png","252747","PSG","DOMESTIC_MEN_TEAM_A","","DOMESTIC","France","Paris","Paris Saint-Germain","PSG","510","MINUTE","8","0","1","52.35","KILOMETER","31.5","KILOMETER_PER_HOUR"
"250096740","75795","27","1998-01-01","38","Onyeka","NGA","DEFENSIVE_MIDFIELDER","MIDFIELDER","MALE","","./image/250096740.jpg","Frank Onyeka","MIDFIELDER","14","Onyeka Frank","100","","Nigeria","Milieu","Frank","Onyeka","Frank Onyeka","Onyeka","200035","./assoc/200035_DEN.svg","./logo/75795.png","UEFA","DEN","75795","FAME","Midtjylland","","https://img.uefa.com/imgml/TP/teams/logos/70x70/75795.png","https://img.uefa.com/imgml/TP/teams/logos/240x240/75795.png","275795","MID","DOMESTIC_MEN_TEAM_A","","DOMESTIC","Danemark","Midtjylland","FC Midtjylland","MID","510","MINUTE","6","0","0","60.04","KILOMETER","31","KILOMETER_PER_HOUR"
"250104066","50030","24","2000-10-25","8","Szoboszlai","HUN","CENTRAL_MIDFIELDER","MIDFIELDER","MALE","","./image/250104066.jpg","Dominik Szoboszlai","MIDFIELDER","10","Szoboszlai","57","","Hongrie","Milieu","Dominik","Szoboszlai","Dominik Szoboszlai","Szoboszlai","200008","./assoc/200008_AUT.svg","./logo/50030.png","UEFA","AUT","50030","FAME","Salzburg","","https://img.uefa.com/imgml/TP/teams/logos/70x70/50030.png","https://img.uefa.com/imgml/TP/teams/logos/240x240/50030.png","250030","SAL","DOMESTIC_MEN_TEAM_A","","DOMESTIC","Autriche","Salzburg","FC Salzburg","SAL","507","MINUTE","6","2","0","57.6","KILOMETER","33.3","KILOMETER_PER_HOUR"
"250022869","2603790","31","1994-06-15","9","Poulsen","DEN","STRIKER","FORWARD","MALE","193","./image/250022869.jpg","Yussuf Poulsen","FORWARD","20","Yurary","35","78","Danemark","Attaquant","Yussuf","Poulsen","Yussuf Poulsen","Poulsen","200047","./assoc/200047_GER.svg","./logo/2603790.png","UEFA","GER","2603790","FAME","Leipzig","","https://img.uefa.com/imgml/TP/teams/logos/70x70/2603790.png","https://img.uefa.com/imgml/TP/teams/logos/240x240/2603790.png","250002563","RBL","DOMESTIC_MEN_TEAM_A","","DOMESTIC","Allemagne","Leipzig","RB Leipzig","RBL","506","MINUTE","8","1","1","61.69","KILOMETER","30.6","KILOMETER_PER_HOUR"
"250019498","50080","34","1991-03-21","7","GRIEZMANN","FRA","STRIKER","FORWARD","MALE","176","./image/250019498.jpg","Antoine Griezmann","FORWARD","7","Griezmann","43","67","France","Attaquant","Antoine","Griezmann","Antoine Griezmann","Griezmann","200122","./assoc/200122_ESP.svg","./logo/50080.png","UEFA","ESP","50080","FAME","Barcelona","","https://img.uefa.com/imgml/TP/teams/logos/70x70/50080.png","https://img.uefa.com/imgml/TP/teams/logos/240x240/50080.png","250080","BAR","DOMESTIC_MEN_TEAM_A","","DOMESTIC","Espagne","Barcelona","FC Barcelona","BAR","504","MINUTE","7","2","0","59.6","KILOMETER","29.5","KILOMETER_PER_HOUR"
"250112380","50143","25","1999-11-26","3","Schuurs","NED","CENTRE_BACK","DEFENDER","MALE","","./image/250112380.jpg","Perr Schuurs","DEFENDER","14","Schuurs","95","","Pays-Bas","Défenseur","Perr","Schuurs","Perr Schuurs","Schuurs","200095","./assoc/200095_NED.svg","./logo/50143.png","UEFA","NED","50143","FAME","Ajax","","https://img.uefa.com/imgml/TP/teams/logos/70x70/50143.png","https://img.uefa.com/imgml/TP/teams/logos/240x240/50143.png","250143","AJX","DOMESTIC_MEN_TEAM_A","","DOMESTIC","Pays-Bas","Ajax","AFC Ajax","AJX","504","MINUTE","6","0","0","57.48","KILOMETER","31.3","KILOMETER_PER_HOUR"
"250006200","52747","32","1992-11-05","6","VERRATTI","ITA","CENTRAL_MIDFIELDER","MIDFIELDER","MALE","165","./image/250006200.jpg","Marco Verratti","MIDFIELDER","6","Verratti","66","60","Italie","Milieu","Marco","Verratti","Marco Verratti","Verratti","200043","./assoc/200043_FRA.svg","./logo/52747.png","UEFA","FRA","52747","FAME","Paris","","https://img.uefa.com/imgml/TP/teams/logos/70x70/52747.png","https://img.uefa.com/imgml/TP/teams/logos/240x240/52747.png","252747","PSG","DOMESTIC_MEN_TEAM_A","","DOMESTIC","France","Paris","Paris Saint-Germain","PSG","503","MINUTE","7","0","2","64.31","KILOMETER","30.4","KILOMETER_PER_HOUR"
"250118244","52826","31","1993-10-16","5","Barrios","COL","DEFENSIVE_MIDFIELDER","MIDFIELDER","MALE","","./image/250118244.jpg","Wílmar Barrios","MIDFIELDER","","Barrios","29","","Colombie","Milieu","Wílmar","Barrios","Wílmar Barrios","Barrios","257451","./assoc/257451_RUS.svg","./logo/52826.png","UEFA","RUS","52826","FAME","Zenit","","https://img.uefa.com/imgml/TP/teams/logos/70x70/52826.png","https://img.uefa.com/imgml/TP/teams/logos/240x240/52826.png","252826","ZEN","DOMESTIC_MEN_TEAM_A","","DOMESTIC","Russie","Zenit","FC Zenit","ZEN","500","MINUTE","6","0","0","59.07","KILOMETER","30.6","KILOMETER_PER_HOUR"
"250053905","50139","30","1995-04-03","25","Rabiot","FRA","CENTRAL_MIDFIELDER","MIDFIELDER","MALE","188","./image/250053905.jpg","Adrien Rabiot","MIDFIELDER","14","Rabiot","43","71","France","Milieu","Adrien","Rabiot","Adrien Rabiot","Rabiot","200066","./assoc/200066_ITA.svg","./logo/50139.png","UEFA","ITA","50139","FAME","Juventus","","https://img.uefa.com/imgml/TP/teams/logos/70x70/50139.png","https://img.uefa.com/imgml/TP/teams/logos/240x240/50139.png","250139","JUV","DOMESTIC_MEN_TEAM_A","","DOMESTIC","Italie","Juventus","Juventus","JUV","499","MINUTE","7","1","1","65.91","KILOMETER","31","KILOMETER_PER_HOUR"
"250017925","50139","38","1987-05-01","23","BONUCCI","ITA","CENTRE_BACK","DEFENDER","MALE","190","./image/250017925.jpg","Leonardo Bonucci","DEFENDER","19","Bonucci","66","86","Italie","Défenseur","Leonardo","Bonucci","Leonardo Bonucci","Bonucci","200066","./assoc/200066_ITA.svg","./logo/50139.png","UEFA","ITA","50139","FAME","Juventus","","https://img.uefa.com/imgml/TP/teams/logos/70x70/50139.png","https://img.uefa.com/imgml/TP/teams/logos/240x240/50139.png","250139","JUV","DOMESTIC_MEN_TEAM_A","","DOMESTIC","Italie","Juventus","Juventus","JUV","497","MINUTE","6","0","0","50.77","KILOMETER","28.8","KILOMETER_PER_HOUR"
"1909874","52714","33","1991-11-16","6","Gudelj","SRB","CENTRAL_MIDFIELDER","MIDFIELDER","MALE","187","./image/1909874.jpg","Nemanja Gudelj","MIDFIELDER","6","Gudelj","147","87","Serbie","Milieu","Nemanja","Gudelj","Nemanja Gudelj","Gudelj","200122","./assoc/200122_ESP.svg","./logo/52714.png","UEFA","ESP","52714","FAME","Sevilla","","https://img.uefa.com/imgml/TP/teams/logos/70x70/52714.png","https://img.uefa.com/imgml/TP/teams/logos/240x240/52714.png","252714","SEV","DOMESTIC_MEN_TEAM_A","","DOMESTIC","Espagne","Sevilla","Sevilla FC","SEV","496","MINUTE","7","0","0","59.44","KILOMETER","29.7","KILOMETER_PER_HOUR"
"250077990","75795","27","1998-05-02","36","Dreyer","DEN","WINGER","MIDFIELDER","MALE","","./image/250077990.jpg","Anders Dreyer","MIDFIELDER","11","Dreyer","35","","Danemark","Milieu","Anders","Dreyer","Anders Dreyer","Dreyer","200035","./assoc/200035_DEN.svg","./logo/75795.png","UEFA","DEN","75795","FAME","Midtjylland","","https://img.uefa.com/imgml/TP/teams/logos/70x70/75795.png","https://img.uefa.com/imgml/TP/teams/logos/240x240/75795.png","275795","MID","DOMESTIC_MEN_TEAM_A","","DOMESTIC","Danemark","Midtjylland","FC Midtjylland","MID","495","MINUTE","6","1","0","61.96","KILOMETER","30.2","KILOMETER_PER_HOUR"
"250070318","2601038","31","1994-08-12","99","Ramírez","ECU","FULL_BACK","DEFENDER","MALE","","./image/250070318.jpg","Cristian Ramírez","DEFENDER","","Ramirez","","","Équateur","Défenseur","Cristian","Ramírez","Cristian Ramírez","Ramírez","257451","./assoc/257451_RUS.svg","./logo/2601038.png","UEFA","RUS","2601038","FAME","Krasnodar","","https://img.uefa.com/imgml/TP/teams/logos/70x70/2601038.png","https://img.uefa.com/imgml/TP/teams/logos/240x240/2601038.png","250000383","KRA","DOMESTIC_MEN_TEAM_A","","DOMESTIC","Russie","Krasnodar","FC Krasnodar","KRA","495","MINUTE","6","1","0","57.97","KILOMETER","29.7","KILOMETER_PER_HOUR"
"250143693","50080","22","2002-11-25","8","Pedri","ESP","UNKNOWN","MIDFIELDER","MALE","","./image/250143693.jpg","Pedri","MIDFIELDER","20","PEDRI","122","","Espagne","Milieu","","Pedri","Pedri","Pedri","200122","./assoc/200122_ESP.svg","./logo/50080.png","UEFA","ESP","50080","FAME","Barcelona","","https://img.uefa.com/imgml/TP/teams/logos/70x70/50080.png","https://img.uefa.com/imgml/TP/teams/logos/240x240/50080.png","250080","BAR","DOMESTIC_MEN_TEAM_A","","DOMESTIC","Espagne","Barcelona","FC Barcelona","BAR","494","MINUTE","7","1","0","61.71","KILOMETER","30.4","KILOMETER_PER_HOUR"
"104071","50080","35","1990-04-02","16","Pjanić","BIH","UNKNOWN","MIDFIELDER","MALE","180","./image/104071.jpg","Miralem Pjanić","MIDFIELDER","10","Pjanić","60094","68","Bosnie-Herzégovine","Milieu","Miralem","Pjanić","Miralem Pjanić","Pjanić","200122","./assoc/200122_ESP.svg","./logo/50080.png","UEFA","ESP","50080","FAME","Barcelona","","https://img.uefa.com/imgml/TP/teams/logos/70x70/50080.png","https://img.uefa.com/imgml/TP/teams/logos/240x240/50080.png","250080","BAR","DOMESTIC_MEN_TEAM_A","","DOMESTIC","Espagne","Barcelona","FC Barcelona","BAR","493","MINUTE","8","0","0","64.45","KILOMETER","29.5","KILOMETER_PER_HOUR"
"250074777","52758","29","1996-01-01","18","Dahoud","GER","CENTRAL_MIDFIELDER","MIDFIELDER","MALE","176","./image/250074777.jpg","Mahmoud Dahoud","MIDFIELDER","18","Dahoud","47","67","Allemagne","Milieu","Mahmoud","Dahoud","Mahmoud Dahoud","Dahoud","200047","./assoc/200047_GER.svg","./logo/52758.png","UEFA","GER","52758","FAME","B. Dortmund","","https://img.uefa.com/imgml/TP/teams/logos/70x70/52758.png","https://img.uefa.com/imgml/TP/teams/logos/240x240/52758.png","252758","BVB","DOMESTIC_MEN_TEAM_A","","DOMESTIC","Allemagne","B. Dortmund","Borussia Dortmund","BVB","492","MINUTE","6","1","0","65.13","KILOMETER","28.1","KILOMETER_PER_HOUR"
"250003327","52714","38","1987-07-25","20","Fernando","BRA","DEFENSIVE_MIDFIELDER","MIDFIELDER","MALE","185","./image/250003327.jpg","Fernando","MIDFIELDER","","Fernando","","76","Brésil","Milieu","","Fernando","Fernando","Fernando","200122","./assoc/200122_ESP.svg","./logo/52714.png","UEFA","ESP","52714","FAME","Sevilla","","https://img.uefa.com/imgml/TP/teams/logos/70x70/52714.png","https://img.uefa.com/imgml/TP/teams/logos/240x240/52714.png","252714","SEV","DOMESTIC_MEN_TEAM_A","","DOMESTIC","Espagne","Sevilla","Sevilla FC","SEV","490","MINUTE","7","0","0","56.31","KILOMETER","31.3","KILOMETER_PER_HOUR"
"250011210","52747","36","1989-09-26","27","Gueye","SEN","DEFENSIVE_MIDFIELDER","MIDFIELDER","MALE","174","./image/250011210.jpg","Idrissa Gueye","MIDFIELDER","5","Gueye","118","64","Sénégal","Milieu","Idrissa","Gueye","Idrissa Gueye","I.G. Gueye","200043","./assoc/200043_FRA.svg","./logo/52747.png","UEFA","FRA","52747","FAME","Paris","","https://img.uefa.com/imgml/TP/teams/logos/70x70/52747.png","https://img.uefa.com/imgml/TP/teams/logos/240x240/52747.png","252747","PSG","DOMESTIC_MEN_TEAM_A","","DOMESTIC","France","Paris","Paris Saint-Germain","PSG","489","MINUTE","10","0","0","59.78","KILOMETER","27.9","KILOMETER_PER_HOUR"
"250101284","50051","27","1998-07-22","8","VALVERDE","URU","UNKNOWN","MIDFIELDER","MALE","","./image/250101284.jpg","Federico Valverde","MIDFIELDER","15","Valverde","138","","Uruguay","Milieu","Federico","Valverde","Federico Valverde","Valverde","200122","./assoc/200122_ESP.svg","./logo/50051.png","UEFA","ESP","50051","FAME","Real Madrid","","https://img.uefa.com/imgml/TP/teams/logos/70x70/50051.png","https://img.uefa.com/imgml/TP/teams/logos/240x240/50051.png","250051","RMA","DOMESTIC_MEN_TEAM_A","","DOMESTIC","Espagne","Real Madrid","Real Madrid C.F.","RMA","489","MINUTE","7","0","0","58.1","KILOMETER","31.7","KILOMETER_PER_HOUR"
"250046542","2600288","30","1995-07-15","17","KAHVECİ","TUR","ATTACKING_MIDFIELDER","MIDFIELDER","MALE","","./image/250046542.jpg","İrfan Can Kahveci","FORWARD","17","KAHVECİ","135","","Turquie","Milieu","","İrfan Can Kahveci","İrfan Can Kahveci","İrfan Can Kahveci","200135","./assoc/200135_TUR.svg","./logo/2600288.png","UEFA","TUR","2600288","FAME","Başakşehir","","https://img.uefa.com/imgml/TP/teams/logos/70x70/2600288.png","https://img.uefa.com/imgml/TP/teams/logos/240x240/2600288.png","1500091","IST","DOMESTIC_MEN_TEAM_A","","DOMESTIC","Turquie","Başakşehir","İstanbul Başakşehir FK","IST","487","MINUTE","6","3","1","56.74","KILOMETER","28.4","KILOMETER_PER_HOUR"
"250121401","52816","28","1997-04-21","32","Pessina","ITA","UNKNOWN","MIDFIELDER","MALE","","./image/250121401.jpg","Matteo Pessina","MIDFIELDER","14","Pessina","66","","Italie","Milieu","Matteo","Pessina","Matteo Pessina","Pessina","200066","./assoc/200066_ITA.svg","./logo/52816.png","UEFA","ITA","52816","FAME","Atalanta","","https://img.uefa.com/imgml/TP/teams/logos/70x70/52816.png","https://img.uefa.com/imgml/TP/teams/logos/240x240/52816.png","252816","ATA","DOMESTIC_MEN_TEAM_A","","DOMESTIC","Italie","Atalanta","Atalanta BC","ATA","486","MINUTE","7","0","0","67.78","KILOMETER","27.9","KILOMETER_PER_HOUR"
"250000036","50080","36","1989-03-21","18","Jordi Alba","ESP","FULL_BACK","DEFENDER","MALE","170","./image/250000036.jpg","Jordi Alba","DEFENDER","18","Jordi Alba","122","68","Espagne","Défenseur","Jordi","Alba","Jordi Alba","Jordi Alba","200122","./assoc/200122_ESP.svg","./logo/50080.png","UEFA","ESP","50080","FAME","Barcelona","","https://img.uefa.com/imgml/TP/teams/logos/70x70/50080.png","https://img.uefa.com/imgml/TP/teams/logos/240x240/50080.png","250080","BAR","DOMESTIC_MEN_TEAM_A","","DOMESTIC","Espagne","Barcelona","FC Barcelona","BAR","485","MINUTE","7","0","2","57.88","KILOMETER","30.8","KILOMETER_PER_HOUR"
"250050319","52748","32","1993-01-26","26","Thauvin","FRA","WINGER","FORWARD","MALE","180","./image/250050319.jpg","Florian Thauvin","FORWARD","20","Thauvin","43","","France","Attaquant","Florian","Thauvin","Florian Thauvin","Thauvin","200043","./assoc/200043_FRA.svg","./logo/52748.png","UEFA","FRA","52748","FAME","Marseille","","https://img.uefa.com/imgml/TP/teams/logos/70x70/52748.png","https://img.uefa.com/imgml/TP/teams/logos/240x240/52748.png","252748","MAR","DOMESTIC_MEN_TEAM_A","","DOMESTIC","France","Marseille","Olympique de Marseille","MAR","484","MINUTE","6","0","0","52.39","KILOMETER","30.4","KILOMETER_PER_HOUR"
"250086315","50124","30","1995-03-09","10","CORREA","ARG","WINGER","FORWARD","MALE","174","./image/250086315.jpg","Ángel Correa","MIDFIELDER","15","Correa","6","70","Argentine","Attaquant","Ángel","Correa","Ángel Correa","Correa","200122","./assoc/200122_ESP.svg","./logo/50124.png","UEFA","ESP","50124","FAME","Atleti","","https://img.uefa.com/imgml/TP/teams/logos/70x70/50124.png","https://img.uefa.com/imgml/TP/teams/logos/240x240/50124.png","250124","ATM","DOMESTIC_MEN_TEAM_A","","DOMESTIC","Espagne","Atleti","Atlético de Madrid","ATM","482","MINUTE","8","0","2","53.85","KILOMETER","31.3","KILOMETER_PER_HOUR"
"250062058","52973","31","1994-03-06","4","Hoedt","NED","UNKNOWN","DEFENDER","MALE","","./image/250062058.jpg","Wesley Hoedt","DEFENDER","13","Hoedt","95","","Pays-Bas","Défenseur","Wesley","Hoedt","Wesley Hoedt","Hoedt","200066","./assoc/200066_ITA.svg","./logo/52973.png","UEFA","ITA","52973","FAME","Lazio","","https://img.uefa.com/imgml/TP/teams/logos/70x70/52973.png","https://img.uefa.com/imgml/TP/teams/logos/240x240/52973.png","252973","LAZ","DOMESTIC_MEN_TEAM_A","","DOMESTIC","Italie","Lazio","S.S. Lazio","LAZ","481","MINUTE","7","0","0","53.97","KILOMETER","32","KILOMETER_PER_HOUR"
"250075995","50143","27","1997-11-14","3","Mazraoui","NED","FULL_BACK","DEFENDER","MALE","","./image/250075995.jpg","Noussair Mazraoui","DEFENDER","3","Mazraoui","92","","Pays-Bas","Défenseur","Noussair","Mazraoui","Noussair Mazraoui","Mazraoui","200095","./assoc/200095_NED.svg","./logo/50143.png","UEFA","NED","50143","FAME","Ajax","","https://img.uefa.com/imgml/TP/teams/logos/70x70/50143.png","https://img.uefa.com/imgml/TP/teams/logos/240x240/50143.png","250143","AJX","DOMESTIC_MEN_TEAM_A","","DOMESTIC","Pays-Bas","Ajax","AFC Ajax","AJX","481","MINUTE","6","1","0","56.58","KILOMETER","30.8","KILOMETER_PER_HOUR"
"250020654","52973","33","1992-09-28","10","Luis Alberto","ESP","ATTACKING_MIDFIELDER","MIDFIELDER","MALE","","./image/250020654.jpg","Luis Alberto","MIDFIELDER","11","Luis Alberto","122","","Espagne","Milieu","","Luis Alberto","Luis Alberto","Luis Alberto","200066","./assoc/200066_ITA.svg","./logo/52973.png","UEFA","ITA","52973","FAME","Lazio","","https://img.uefa.com/imgml/TP/teams/logos/70x70/52973.png","https://img.uefa.com/imgml/TP/teams/logos/240x240/52973.png","252973","LAZ","DOMESTIC_MEN_TEAM_A","","DOMESTIC","Italie","Lazio","S.S. Lazio","LAZ","481","MINUTE","6","0","1","57.55","KILOMETER","31.5","KILOMETER_PER_HOUR"
"250039930","50139","34","1991-01-26","12","Alex Sandro","BRA","UNKNOWN","DEFENDER","MALE","179","./image/250039930.jpg","Alex Sandro","DEFENDER","6","Lobo Silva","18","79","Brésil","Défenseur","","Alex Sandro","Alex Sandro","Alex Sandro","200066","./assoc/200066_ITA.svg","./logo/50139.png","UEFA","ITA","50139","FAME","Juventus","","https://img.uefa.com/imgml/TP/teams/logos/70x70/50139.png","https://img.uefa.com/imgml/TP/teams/logos/240x240/50139.png","250139","JUV","DOMESTIC_MEN_TEAM_A","","DOMESTIC","Italie","Juventus","Juventus","JUV","480","MINUTE","5","0","1","60.14","KILOMETER","31.5","KILOMETER_PER_HOUR"
"250121965","50051","27","1998-01-18","3","E. MILITÃO","BRA","FULL_BACK","DEFENDER","MALE","","./image/250121965.jpg","Éder Militão","DEFENDER","14","E. Militão","18","","Brésil","Défenseur","","Éder Militão","Éder Militão","Éder Militão","200122","./assoc/200122_ESP.svg","./logo/50051.png","UEFA","ESP","50051","FAME","Real Madrid","","https://img.uefa.com/imgml/TP/teams/logos/70x70/50051.png","https://img.uefa.com/imgml/TP/teams/logos/240x240/50051.png","250051","RMA","DOMESTIC_MEN_TEAM_A","","DOMESTIC","Espagne","Real Madrid","Real Madrid C.F.","RMA","476","MINUTE","6","0","1","50.33","KILOMETER","33.21","KILOMETER_PER_HOUR"
"250132892","75795","30","1995-01-03","29","Paulinho","BRA","UNKNOWN","DEFENDER","MALE","","./image/250132892.jpg","Paulinho","DEFENDER","","Paulinho","","","Brésil","Défenseur","","Paulinho","Paulinho","Paulinho","200035","./assoc/200035_DEN.svg","./logo/75795.png","UEFA","DEN","75795","FAME","Midtjylland","","https://img.uefa.com/imgml/TP/teams/logos/70x70/75795.png","https://img.uefa.com/imgml/TP/teams/logos/240x240/75795.png","275795","MID","DOMESTIC_MEN_TEAM_A","","DOMESTIC","Danemark","Midtjylland","FC Midtjylland","MID","476","MINUTE","6","0","0","53.77","KILOMETER","32.8","KILOMETER_PER_HOUR"
"250112826","50139","28","1997-06-25","30","BENTANCUR","URU","UNKNOWN","MIDFIELDER","MALE","","./image/250112826.jpg","Rodrigo Bentancur","MIDFIELDER","6","Bentancur","138","","Uruguay","Milieu","Rodrigo","Bentancur","Rodrigo Bentancur","Bentancur","200066","./assoc/200066_ITA.svg","./logo/50139.png","UEFA","ITA","50139","FAME","Juventus","","https://img.uefa.com/imgml/TP/teams/logos/70x70/50139.png","https://img.uefa.com/imgml/TP/teams/logos/240x240/50139.png","250139","JUV","DOMESTIC_MEN_TEAM_A","","DOMESTIC","Italie","Juventus","Juventus","JUV","475","MINUTE","7","0","0","63.64","KILOMETER","29.2","KILOMETER_PER_HOUR"
"250091013","2603790","26","1999-05-25","5","Konaté","FRA","CENTRE_BACK","DEFENDER","MALE","","./image/250091013.jpg","Ibrahima Konaté","DEFENDER","15","Konate","43","","France","Défenseur","Ibrahima","Konaté","Ibrahima Konaté","Konaté","200047","./assoc/200047_GER.svg","./logo/2603790.png","UEFA","GER","2603790","FAME","Leipzig","","https://img.uefa.com/imgml/TP/teams/logos/70x70/2603790.png","https://img.uefa.com/imgml/TP/teams/logos/240x240/2603790.png","250002563","RBL","DOMESTIC_MEN_TEAM_A","","DOMESTIC","Allemagne","Leipzig","RB Leipzig","RBL","475","MINUTE","6","0","0","50.33","KILOMETER","32","KILOMETER_PER_HOUR"
"250123067","52682","27","1997-11-26","29","Wan-Bissaka","ENG","FULL_BACK","DEFENDER","MALE","","./image/250123067.jpg","Aaron Wan-Bissaka","DEFENDER","2","Wan-Bissaka","39","","Angleterre","Défenseur","Aaron","Wan-Bissaka","Aaron Wan-Bissaka","Wan-Bissaka","200039","./assoc/200039_ENG.svg","./logo/52682.png","UEFA","ENG","52682","FAME","Man Utd","","https://img.uefa.com/imgml/TP/teams/logos/70x70/52682.png","https://img.uefa.com/imgml/TP/teams/logos/240x240/52682.png","252682","MUN","DOMESTIC_MEN_TEAM_A","","DOMESTIC","Angleterre","Man Utd","Manchester United","MUN","473","MINUTE","6","0","1","52.1","KILOMETER","31","KILOMETER_PER_HOUR"
"250088396","50030","27","1998-05-11","10","M.Berisha","GER","STRIKER","FORWARD","MALE","","./image/250088396.jpg","Mergim Berisha","FORWARD","13","Berisha","47","","Allemagne","Attaquant","Mergim","Berisha","Mergim Berisha","Berisha","200008","./assoc/200008_AUT.svg","./logo/50030.png","UEFA","AUT","50030","FAME","Salzburg","","https://img.uefa.com/imgml/TP/teams/logos/70x70/50030.png","https://img.uefa.com/imgml/TP/teams/logos/240x240/50030.png","250030","SAL","DOMESTIC_MEN_TEAM_A","","DOMESTIC","Autriche","Salzburg","FC Salzburg","SAL","472","MINUTE","6","4","2","56.31","KILOMETER","31.5","KILOMETER_PER_HOUR"
"250008930","52826","36","1989-08-03","44","RAKITSKYI","UKR","CENTRE_BACK","DEFENDER","MALE","180","./image/250008930.jpg","Yaroslav Rakitskyy","DEFENDER","20","RAKITSKYI","57166","70","Ukraine","Défenseur","Yaroslav","Rakitskyy","Yaroslav Rakitskyy","Rakitskyy","257451","./assoc/257451_RUS.svg","./logo/52826.png","UEFA","RUS","52826","FAME","Zenit","","https://img.uefa.com/imgml/TP/teams/logos/70x70/52826.png","https://img.uefa.com/imgml/TP/teams/logos/240x240/52826.png","252826","ZEN","DOMESTIC_MEN_TEAM_A","","DOMESTIC","Russie","Zenit","FC Zenit","ZEN","472","MINUTE","6","0","1","49.55","KILOMETER","31","KILOMETER_PER_HOUR"
"250014709","52816","34","1991-03-29","15","de Roon","NED","CENTRAL_MIDFIELDER","MIDFIELDER","MALE","185","./image/250014709.jpg","Marten de Roon","MIDFIELDER","15","de Roon","95","76","Pays-Bas","Milieu","Marten","de Roon","Marten de Roon","De Roon","200066","./assoc/200066_ITA.svg","./logo/52816.png","UEFA","ITA","52816","FAME","Atalanta","","https://img.uefa.com/imgml/TP/teams/logos/70x70/52816.png","https://img.uefa.com/imgml/TP/teams/logos/240x240/52816.png","252816","ATA","DOMESTIC_MEN_TEAM_A","","DOMESTIC","Italie","Atalanta","Atalanta BC","ATA","472","MINUTE","6","0","0","60.02","KILOMETER","31.3","KILOMETER_PER_HOUR"
"250071925","52298","37","1988-09-28","7","Somalia","BRA","UNKNOWN","MIDFIELDER","MALE","","./image/250071925.jpg","Somália","FORWARD","","Do Rosario Calmon","","","Brésil","Milieu","","Somália","Somália","Somália","200057","./assoc/200057_HUN.svg","./logo/52298.png","UEFA","HUN","52298","FAME","Ferencváros","","https://img.uefa.com/imgml/TP/teams/logos/70x70/52298.png","https://img.uefa.com/imgml/TP/teams/logos/240x240/52298.png","252298","FER","DOMESTIC_MEN_TEAM_A","","DOMESTIC","Hongrie","Ferencváros","Ferencvárosi TC","FER","468","MINUTE","6","0","0","59.35","KILOMETER","30.4","KILOMETER_PER_HOUR"
"250017824","52758","31","1994-01-12","23","Emre Can","GER","DEFENSIVE_MIDFIELDER","DEFENDER","MALE","184","./image/250017824.jpg","Emre Can","MIDFIELDER","23","Can","47","82","Allemagne","Défenseur","Emre","Can","Emre Can","Can","200047","./assoc/200047_GER.svg","./logo/52758.png","UEFA","GER","52758","FAME","B. Dortmund","","https://img.uefa.com/imgml/TP/teams/logos/70x70/52758.png","https://img.uefa.com/imgml/TP/teams/logos/240x240/52758.png","252758","BVB","DOMESTIC_MEN_TEAM_A","","DOMESTIC","Allemagne","B. Dortmund","Borussia Dortmund","BVB","467","MINUTE","6","0","0","54.41","KILOMETER","33.3","KILOMETER_PER_HOUR"
"250013469","2603790","33","1991-10-23","10","Forsberg","SWE","WINGER","FORWARD","MALE","179","./image/250013469.jpg","Emil Forsberg","MIDFIELDER","10","Forsberg","127","78","Suède","Attaquant","Emil","Forsberg","Emil Forsberg","Forsberg","200047","./assoc/200047_GER.svg","./logo/2603790.png","UEFA","GER","2603790","FAME","Leipzig","","https://img.uefa.com/imgml/TP/teams/logos/70x70/2603790.png","https://img.uefa.com/imgml/TP/teams/logos/240x240/2603790.png","250002563","RBL","DOMESTIC_MEN_TEAM_A","","DOMESTIC","Allemagne","Leipzig","RB Leipzig","RBL","466","MINUTE","7","1","1","57.53","KILOMETER","27.7","KILOMETER_PER_HOUR"
"69173","52714","39","1985-11-21","16","J. Navas","ESP","FULL_BACK","FORWARD","MALE","170","./image/69173.jpg","Jesús Navas","FORWARD","22","J. Navas","122","60","Espagne","Attaquant","","Jesús Navas","Jesús Navas","Jesús Navas","200122","./assoc/200122_ESP.svg","./logo/52714.png","UEFA","ESP","52714","FAME","Sevilla","","https://img.uefa.com/imgml/TP/teams/logos/70x70/52714.png","https://img.uefa.com/imgml/TP/teams/logos/240x240/52714.png","252714","SEV","DOMESTIC_MEN_TEAM_A","","DOMESTIC","Espagne","Sevilla","Sevilla FC","SEV","464","MINUTE","6","0","0","52.38","KILOMETER","31.7","KILOMETER_PER_HOUR"
"101295","50030","38","1987-09-26","16","","AUT","ATTACKING_MIDFIELDER","","MALE","172","./image/101295.jpg","Zlatko Junuzović","MIDFIELDER","10","Junuzovic","200008","69","Autriche","","Zlatko","Junuzović","Zlatko Junuzović","Junuzović","200008","./assoc/200008_AUT.svg","./logo/50030.png","UEFA","AUT","50030","FAME","Salzburg","","https://img.uefa.com/imgml/TP/teams/logos/70x70/50030.png","https://img.uefa.com/imgml/TP/teams/logos/240x240/50030.png","250030","SAL","DOMESTIC_MEN_TEAM_A","","DOMESTIC","Autriche","Salzburg","FC Salzburg","SAL","463","MINUTE","6","1","1","56.16","KILOMETER","27.9","KILOMETER_PER_HOUR"
"250132895","75795","30","1995-07-28","9","Sory Kaba","GUI","STRIKER","FORWARD","MALE","","./image/250132895.jpg","Sory Kaba","FORWARD","","Sory Kaba","52","","Guinée","Attaquant","Sory","Kaba","Sory Kaba","Kaba","200035","./assoc/200035_DEN.svg","./logo/75795.png","UEFA","DEN","75795","FAME","Midtjylland","","https://img.uefa.com/imgml/TP/teams/logos/70x70/75795.png","https://img.uefa.com/imgml/TP/teams/logos/240x240/75795.png","275795","MID","DOMESTIC_MEN_TEAM_A","","DOMESTIC","Danemark","Midtjylland","FC Midtjylland","MID","462","MINUTE","6","0","1","51.01","KILOMETER","31.7","KILOMETER_PER_HOUR"
"250017725","50124","30","1994-11-21","8","SAÚL","ESP","CENTRAL_MIDFIELDER","MIDFIELDER","MALE","180","./image/250017725.jpg","Saúl Ñíguez","MIDFIELDER","8","Saúl","122","70","Espagne","Milieu","","Saúl Ñíguez","Saúl Ñíguez","Saúl Ñíguez","200122","./assoc/200122_ESP.svg","./logo/50124.png","UEFA","ESP","50124","FAME","Atleti","","https://img.uefa.com/imgml/TP/teams/logos/70x70/50124.png","https://img.uefa.com/imgml/TP/teams/logos/240x240/50124.png","250124","ATM","DOMESTIC_MEN_TEAM_A","","DOMESTIC","Espagne","Atleti","Atlético de Madrid","ATM","462","MINUTE","6","0","0","57.68","KILOMETER","31.7","KILOMETER_PER_HOUR"
"250049816","52298","31","1993-10-20","20","Tokmac","NOR","WINGER","FORWARD","MALE","","./image/250049816.jpg","Tokmac Nguen","MIDFIELDER","14","TOKMAC","101","","Norvège","Attaquant","Tokmac","Nguen","Tokmac Nguen","Nguen","200057","./assoc/200057_HUN.svg","./logo/52298.png","UEFA","HUN","52298","FAME","Ferencváros","","https://img.uefa.com/imgml/TP/teams/logos/70x70/52298.png","https://img.uefa.com/imgml/TP/teams/logos/240x240/52298.png","252298","FER","DOMESTIC_MEN_TEAM_A","","DOMESTIC","Hongrie","Ferencváros","Ferencvárosi TC","FER","461","MINUTE","6","1","1","46.64","KILOMETER","32.6","KILOMETER_PER_HOUR"
"106375","50124","38","1987-01-24","9","SUÁREZ","URU","UNKNOWN","FORWARD","MALE","181","./image/106375.jpg","Luis Suárez","FORWARD","9","Suárez","138","85","Uruguay","Attaquant","","Luis Suárez","Luis Suárez","Luis Suárez","200122","./assoc/200122_ESP.svg","./logo/50124.png","UEFA","ESP","50124","FAME","Atleti","","https://img.uefa.com/imgml/TP/teams/logos/70x70/50124.png","https://img.uefa.com/imgml/TP/teams/logos/240x240/50124.png","250124","ATM","DOMESTIC_MEN_TEAM_A","","DOMESTIC","Espagne","Atleti","Atlético de Madrid","ATM","461","MINUTE","6","0","0","45.25","KILOMETER","28.1","KILOMETER_PER_HOUR"
"97744","52714","37","1988-03-10","11","I. RAKITIĆ","CRO","CENTRAL_MIDFIELDER","MIDFIELDER","MALE","184","./image/97744.jpg","Ivan Rakitić","MIDFIELDER","7","I. Rakitić","56370","78","Croatie","Milieu","Ivan","Rakitić","Ivan Rakitić","Rakitić","200122","./assoc/200122_ESP.svg","./logo/52714.png","UEFA","ESP","52714","FAME","Sevilla","","https://img.uefa.com/imgml/TP/teams/logos/70x70/52714.png","https://img.uefa.com/imgml/TP/teams/logos/240x240/52714.png","252714","SEV","DOMESTIC_MEN_TEAM_A","","DOMESTIC","Espagne","Sevilla","Sevilla FC","SEV","459","MINUTE","8","2","2","57.69","KILOMETER","29.2","KILOMETER_PER_HOUR"
"250134661","52758","22","2002-11-13","7","Reyna","USA","UNKNOWN","MIDFIELDER","MALE","","./image/250134661.jpg","Giovanni Reyna","MIDFIELDER","7","","140","","Etats-Unis","Milieu","Giovanni","Reyna","Giovanni Reyna","Reyna","200047","./assoc/200047_GER.svg","./logo/52758.png","UEFA","GER","52758","FAME","B. Dortmund","","https://img.uefa.com/imgml/TP/teams/logos/70x70/52758.png","https://img.uefa.com/imgml/TP/teams/logos/240x240/52758.png","252758","BVB","DOMESTIC_MEN_TEAM_A","","DOMESTIC","Allemagne","B. Dortmund","Borussia Dortmund","BVB","459","MINUTE","8","0","1","59.81","KILOMETER","30.4","KILOMETER_PER_HOUR"
"250066369","53065","29","1995-10-17","11","Miranchuk","RUS","CENTRAL_MIDFIELDER","MIDFIELDER","MALE","183","./image/250066369.jpg","Anton Miranchuk","MIDFIELDER","19","Miranchuk","57451","","Russie","Milieu","Anton","Miranchuk","Anton Miranchuk","An. Miranchuk","257451","./assoc/257451_RUS.svg","./logo/53065.png","UEFA","RUS","53065","FAME","Lokomotiv Moskva","","https://img.uefa.com/imgml/TP/teams/logos/70x70/53065.png","https://img.uefa.com/imgml/TP/teams/logos/240x240/53065.png","253065","LMO","DOMESTIC_MEN_TEAM_A","","DOMESTIC","Russie","Lokomotiv Moskva","FC Lokomotiv Moskva","LMO","459","MINUTE","6","3","0","52.32","KILOMETER","29.2","KILOMETER_PER_HOUR"
"250117705","50043","24","2001-03-10","17","De Ketelaere","BEL","CENTRAL_MIDFIELDER","FORWARD","MALE","","./image/250117705.jpg","Charles De Ketelaere","FORWARD","17","De Ketelaere","13","","Belgique","Attaquant","Charles","De Ketelaere","Charles De Ketelaere","De Ketelaere","200013","./assoc/200013_BEL.svg","./logo/50043.png","UEFA","BEL","50043","FAME","Club Brugge","","https://img.uefa.com/imgml/TP/teams/logos/70x70/50043.png","https://img.uefa.com/imgml/TP/teams/logos/240x240/50043.png","250043","BRU","DOMESTIC_MEN_TEAM_A","","DOMESTIC","Belgique","Club Brugge","Club Brugge KV","BRU","458","MINUTE","6","2","0","55.94","KILOMETER","31","KILOMETER_PER_HOUR"
"250013855","50143","32","1993-02-21","18","Klaassen","NED","ATTACKING_MIDFIELDER","MIDFIELDER","MALE","178","./image/250013855.jpg","Davy Klaassen","MIDFIELDER","14","Klaassen","95","78","Pays-Bas","Milieu","Davy","Klaassen","Davy Klaassen","Klaassen","200095","./assoc/200095_NED.svg","./logo/50143.png","UEFA","NED","50143","FAME","Ajax","","https://img.uefa.com/imgml/TP/teams/logos/70x70/50143.png","https://img.uefa.com/imgml/TP/teams/logos/240x240/50143.png","250143","AJX","DOMESTIC_MEN_TEAM_A","","DOMESTIC","Pays-Bas","Ajax","AFC Ajax","AJX","455","MINUTE","6","0","0","60.32","KILOMETER","29.9","KILOMETER_PER_HOUR"
"250101277","52758","25","2000-03-02","2","Morey Bauza","ESP","UNKNOWN","DEFENDER","MALE","","./image/250101277.jpg","Mateu Morey","DEFENDER","2","Morey Bauza","200122","","Espagne","Défenseur","Mateu","Morey","Mateu Morey","Morey","200047","./assoc/200047_GER.svg","./logo/52758.png","UEFA","GER","52758","FAME","B. Dortmund","","https://img.uefa.com/imgml/TP/teams/logos/70x70/52758.png","https://img.uefa.com/imgml/TP/teams/logos/240x240/52758.png","252758","BVB","DOMESTIC_MEN_TEAM_A","","DOMESTIC","Allemagne","B. Dortmund","Borussia Dortmund","BVB","454","MINUTE","7","0","0","50.02","KILOMETER","30.4","KILOMETER_PER_HOUR"
"250132811","50064","28","1997-01-13","14","Luis Díaz","COL","CENTRAL_MIDFIELDER","FORWARD","MALE","","./image/250132811.jpg","Luis Díaz","MIDFIELDER","7","Luis Diaz","29","","Colombie","Attaquant","","Luis Díaz","Luis Díaz","Luis Díaz","200110","./assoc/200110_POR.svg","./logo/50064.png","UEFA","POR","50064","FAME","Porto","","https://img.uefa.com/imgml/TP/teams/logos/70x70/50064.png","https://img.uefa.com/imgml/TP/teams/logos/240x240/50064.png","250064","POR","DOMESTIC_MEN_TEAM_A","","DOMESTIC","Portugal","Porto","FC Porto","POR","451","MINUTE","9","2","0","57.14","KILOMETER","32.21","KILOMETER_PER_HOUR"
"250086116","75795","30","1995-09-15","11","Mabil","AUS","UNKNOWN","MIDFIELDER","MALE","179","./image/250086116.jpg","Awer Mabil","MIDFIELDER","11","Mabil","7","","Australie","Milieu","Awer","Mabil","Awer Mabil","Mabil","200035","./assoc/200035_DEN.svg","./logo/75795.png","UEFA","DEN","75795","FAME","Midtjylland","","https://img.uefa.com/imgml/TP/teams/logos/70x70/75795.png","https://img.uefa.com/imgml/TP/teams/logos/240x240/75795.png","275795","MID","DOMESTIC_MEN_TEAM_A","","DOMESTIC","Danemark","Midtjylland","FC Midtjylland","MID","451","MINUTE","6","1","0","54.65","KILOMETER","31","KILOMETER_PER_HOUR"
"250110908","2610","30","1995-09-14","66","Cisse","SEN","CENTRE_BACK","DEFENDER","MALE","","./image/250110908.jpg","Pape Abou Cisse","DEFENDER","4","Cisse","118","","Sénégal","Défenseur","Pape Abou","Cisse","Pape Abou Cisse","Cisse","200049","./assoc/200049_GRE.svg","./logo/2610.png","UEFA","GRE","2610","FAME","Olympiacos","","https://img.uefa.com/imgml/TP/teams/logos/70x70/2610.png","https://img.uefa.com/imgml/TP/teams/logos/240x240/2610.png","202610","OLY","DOMESTIC_MEN_TEAM_A","","DOMESTIC","Grèce","Olympiacos","Olympiacos FC","OLY","451","MINUTE","6","0","0","47.67","KILOMETER","31.3","KILOMETER_PER_HOUR"
"250067936","52714","31","1994-07-11","5","L. Ocampos","ARG","WINGER","FORWARD","MALE","187","./image/250067936.jpg","Lucas Ocampos","MIDFIELDER","","L. Ocampos","6","","Argentine","Attaquant","Lucas","Ocampos","Lucas Ocampos","Ocampos","200122","./assoc/200122_ESP.svg","./logo/52714.png","UEFA","ESP","52714","FAME","Sevilla","","https://img.uefa.com/imgml/TP/teams/logos/70x70/52714.png","https://img.uefa.com/imgml/TP/teams/logos/240x240/52714.png","252714","SEV","DOMESTIC_MEN_TEAM_A","","DOMESTIC","Espagne","Sevilla","Sevilla FC","SEV","450","MINUTE","7","0","0","46.69","KILOMETER","29.9","KILOMETER_PER_HOUR"
"74771","2601038","38","1987-08-26","14","Martynovich","BLR","CENTRE_BACK","DEFENDER","MALE","192","./image/74771.jpg","Aleksandr Martynovich","DEFENDER","4","Martynovich","57155","83","Bélarus","Défenseur","Aleksandr","Martynovich","Aleksandr Martynovich","Martynovich","257451","./assoc/257451_RUS.svg","./logo/2601038.png","UEFA","RUS","2601038","FAME","Krasnodar","","https://img.uefa.com/imgml/TP/teams/logos/70x70/2601038.png","https://img.uefa.com/imgml/TP/teams/logos/240x240/2601038.png","250000383","KRA","DOMESTIC_MEN_TEAM_A","","DOMESTIC","Russie","Krasnodar","FC Krasnodar","KRA","450","MINUTE","5","0","1","52.43","KILOMETER","30.6","KILOMETER_PER_HOUR"
"250074850","50030","28","1997-07-11","13","Kristensen","DEN","FULL_BACK","DEFENDER","MALE","","./image/250074850.jpg","Rasmus Kristensen","DEFENDER","13","Kristensen","35","","Danemark","Défenseur","Rasmus","Kristensen","Rasmus Kristensen","Kristensen","200008","./assoc/200008_AUT.svg","./logo/50030.png","UEFA","AUT","50030","FAME","Salzburg","","https://img.uefa.com/imgml/TP/teams/logos/70x70/50030.png","https://img.uefa.com/imgml/TP/teams/logos/240x240/50030.png","250030","SAL","DOMESTIC_MEN_TEAM_A","","DOMESTIC","Autriche","Salzburg","FC Salzburg","SAL","450","MINUTE","5","0","1","51.25","KILOMETER","30.4","KILOMETER_PER_HOUR"
"250075007","52682","32","1993-03-05","5","Maguire","ENG","CENTRE_BACK","DEFENDER","MALE","","./image/250075007.jpg","Harry Maguire","DEFENDER","6","Maguire","39","","Angleterre","Défenseur","Harry","Maguire","Harry Maguire","Maguire","200039","./assoc/200039_ENG.svg","./logo/52682.png","UEFA","ENG","52682","FAME","Man Utd","","https://img.uefa.com/imgml/TP/teams/logos/70x70/52682.png","https://img.uefa.com/imgml/TP/teams/logos/240x240/52682.png","252682","MUN","DOMESTIC_MEN_TEAM_A","","DOMESTIC","Angleterre","Man Utd","Manchester United","MUN","450","MINUTE","5","0","1","47.23","KILOMETER","29.7","KILOMETER_PER_HOUR"
"108017","2601038","37","1988-08-08","28","Smolnikov","RUS","FULL_BACK","DEFENDER","MALE","178","./image/108017.jpg","Igor Smolnikov","DEFENDER","19","Smolnikov","57451","70","Russie","Défenseur","Igor","Smolnikov","Igor Smolnikov","Smolnikov","257451","./assoc/257451_RUS.svg","./logo/2601038.png","UEFA","RUS","2601038","FAME","Krasnodar","","https://img.uefa.com/imgml/TP/teams/logos/70x70/2601038.png","https://img.uefa.com/imgml/TP/teams/logos/240x240/2601038.png","250000383","KRA","DOMESTIC_MEN_TEAM_A","","DOMESTIC","Russie","Krasnodar","FC Krasnodar","KRA","450","MINUTE","5","0","0","52.54","KILOMETER","32","KILOMETER_PER_HOUR"
"250132810","50043","24","2001-01-04","3","Kossounou","CIV","CENTRE_BACK","DEFENDER","MALE","","./image/250132810.jpg","Odilon Kossounou","DEFENDER","","Kossounou","67","","Côte d'Ivoire","Défenseur","Odilon","Kossounou","Odilon Kossounou","Kossounou","200013","./assoc/200013_BEL.svg","./logo/50043.png","UEFA","BEL","50043","FAME","Club Brugge","","https://img.uefa.com/imgml/TP/teams/logos/70x70/50043.png","https://img.uefa.com/imgml/TP/teams/logos/240x240/50043.png","250043","BRU","DOMESTIC_MEN_TEAM_A","","DOMESTIC","Belgique","Club Brugge","Club Brugge KV","BRU","450","MINUTE","5","0","0","51.49","KILOMETER","32","KILOMETER_PER_HOUR"
"250017867","75795","34","1991-10-04","28","Sviatchenko","DEN","CENTRE_BACK","DEFENDER","MALE","185","./image/250017867.jpg","Erik Sviatchenko","DEFENDER","14","Sviatchenko","35","82","Danemark","Défenseur","Erik","Sviatchenko","Erik Sviatchenko","Sviatchenko","200035","./assoc/200035_DEN.svg","./logo/75795.png","UEFA","DEN","75795","FAME","Midtjylland","","https://img.uefa.com/imgml/TP/teams/logos/70x70/75795.png","https://img.uefa.com/imgml/TP/teams/logos/240x240/75795.png","275795","MID","DOMESTIC_MEN_TEAM_A","","DOMESTIC","Danemark","Midtjylland","FC Midtjylland","MID","450","MINUTE","5","0","0","50.24","KILOMETER","28.8","KILOMETER_PER_HOUR"
"250063617","52748","31","1994-03-09","23","AMAVI","FRA","FULL_BACK","DEFENDER","MALE","","./image/250063617.jpg","Jordan Amavi","DEFENDER","3","Amavi","43","","France","Défenseur","Jordan","Amavi","Jordan Amavi","Amavi","200043","./assoc/200043_FRA.svg","./logo/52748.png","UEFA","FRA","52748","FAME","Marseille","","https://img.uefa.com/imgml/TP/teams/logos/70x70/52748.png","https://img.uefa.com/imgml/TP/teams/logos/240x240/52748.png","252748","MAR","DOMESTIC_MEN_TEAM_A","","DOMESTIC","France","Marseille","Olympique de Marseille","MAR","450","MINUTE","5","0","0","46.18","KILOMETER","30.6","KILOMETER_PER_HOUR"
"250131389","53065","28","1997-03-27","27","Murilo","BRA","UNKNOWN","DEFENDER","MALE","","./image/250131389.jpg","Murilo","DEFENDER","3","Murilo","18","","Brésil","Défenseur","","Murilo","Murilo","Murilo","257451","./assoc/257451_RUS.svg","./logo/53065.png","UEFA","RUS","53065","FAME","Lokomotiv Moskva","","https://img.uefa.com/imgml/TP/teams/logos/70x70/53065.png","https://img.uefa.com/imgml/TP/teams/logos/240x240/53065.png","253065","LMO","DOMESTIC_MEN_TEAM_A","","DOMESTIC","Russie","Lokomotiv Moskva","FC Lokomotiv Moskva","LMO","450","MINUTE","5","0","0","44.91","KILOMETER","30.8","KILOMETER_PER_HOUR"
"250024983","52914","30","1994-10-27","4","Zouma","FRA","CENTRE_BACK","DEFENDER","MALE","190","./image/250024983.jpg","Kurt Zouma","DEFENDER","15","Zouma","43","92","France","Défenseur","Kurt","Zouma","Kurt Zouma","Zouma","200039","./assoc/200039_ENG.svg","./logo/52914.png","UEFA","ENG","52914","FAME","Chelsea","","https://img.uefa.com/imgml/TP/teams/logos/70x70/52914.png","https://img.uefa.com/imgml/TP/teams/logos/240x240/52914.png","252914","CHE","DOMESTIC_MEN_TEAM_A","","DOMESTIC","Angleterre","Chelsea","Chelsea FC","CHE","450","MINUTE","5","0","0","43.93","KILOMETER","31.5","KILOMETER_PER_HOUR"
"98078","50043","37","1988-03-06","22","Mignolet","BEL","GOALKEEPER","GOALKEEPER","MALE","193","./image/98078.jpg","Simon Mignolet","GOALKEEPER","12","Mignolet","13","87","Belgique","Gardien","Simon","Mignolet","Simon Mignolet","Mignolet","200013","./assoc/200013_BEL.svg","./logo/50043.png","UEFA","BEL","50043","FAME","Club Brugge","","https://img.uefa.com/imgml/TP/teams/logos/70x70/50043.png","https://img.uefa.com/imgml/TP/teams/logos/240x240/50043.png","250043","BRU","DOMESTIC_MEN_TEAM_A","","DOMESTIC","Belgique","Club Brugge","Club Brugge KV","BRU","450","MINUTE","5","0","0","27.68","KILOMETER","22.7","KILOMETER_PER_HOUR"
"250118302","52714","34","1991-04-05","13","Bono","MAR","GOALKEEPER","GOALKEEPER","MALE","","./image/250118302.jpg","Yassine Bounou","GOALKEEPER","1","Bono","92","","Maroc","Gardien","Yassine","Bounou","Yassine Bounou","Bounou","200122","./assoc/200122_ESP.svg","./logo/52714.png","UEFA","ESP","52714","FAME","Sevilla","","https://img.uefa.com/imgml/TP/teams/logos/70x70/52714.png","https://img.uefa.com/imgml/TP/teams/logos/240x240/52714.png","252714","SEV","DOMESTIC_MEN_TEAM_A","","DOMESTIC","Espagne","Sevilla","Sevilla FC","SEV","450","MINUTE","5","0","0","27.03","KILOMETER","20.7","KILOMETER_PER_HOUR"
"250113444","52707","24","2001-08-01","1","Trubin","UKR","GOALKEEPER","GOALKEEPER","MALE","","./image/250113444.jpg","Anatoliy Trubin","GOALKEEPER","12","Trubin","57166","","Ukraine","Gardien","Anatoliy","Trubin","Anatoliy Trubin","Trubin","257166","./assoc/257166_UKR.svg","./logo/52707.png","UEFA","UKR","52707","FAME","Shakhtar","","https://img.uefa.com/imgml/TP/teams/logos/70x70/52707.png","https://img.uefa.com/imgml/TP/teams/logos/240x240/52707.png","252707","SHK","DOMESTIC_MEN_TEAM_A","","DOMESTIC","Ukraine","Shakhtar","FC Shakhtar Donetsk","SHK","450","MINUTE","5","0","0","21.87","KILOMETER","15.8","KILOMETER_PER_HOUR"
"250082738","52816","33","1992-05-10","57","Sportiello","ITA","UNKNOWN","GOALKEEPER","MALE","","./image/250082738.jpg","Marco Sportiello","GOALKEEPER","14","Sportiello","200066","","Italie","Gardien","Marco","Sportiello","Marco Sportiello","Sportiello","200066","./assoc/200066_ITA.svg","./logo/52816.png","UEFA","ITA","52816","FAME","Atalanta","","https://img.uefa.com/imgml/TP/teams/logos/70x70/52816.png","https://img.uefa.com/imgml/TP/teams/logos/240x240/52816.png","252816","ATA","DOMESTIC_MEN_TEAM_A","","DOMESTIC","Italie","Atalanta","Atalanta BC","ATA","450","MINUTE","5","0","0","21.78","KILOMETER","18.61","KILOMETER_PER_HOUR"
"250007631","50080","33","1992-04-30","1","Ter Stegen","GER","GOALKEEPER","GOALKEEPER","MALE","187","./image/250007631.jpg","Marc-André ter Stegen","GOALKEEPER","1","Ter Stegen","47","85","Allemagne","Gardien","Marc-André","ter Stegen","Marc-André ter Stegen","Ter Stegen","200122","./assoc/200122_ESP.svg","./logo/50080.png","UEFA","ESP","50080","FAME","Barcelona","","https://img.uefa.com/imgml/TP/teams/logos/70x70/50080.png","https://img.uefa.com/imgml/TP/teams/logos/240x240/50080.png","250080","BAR","DOMESTIC_MEN_TEAM_A","","DOMESTIC","Espagne","Barcelona","FC Barcelona","BAR","450","MINUTE","5","0","0","19.25","KILOMETER","20.3","KILOMETER_PER_HOUR"
"1901746","52682","34","1990-11-07","43","De Gea","ESP","GOALKEEPER","GOALKEEPER","MALE","192","./image/1901746.jpg","David de Gea","GOALKEEPER","1","De Gea","122","76","Espagne","Gardien","David","de Gea","David de Gea","De Gea","200039","./assoc/200039_ENG.svg","./logo/52682.png","UEFA","ENG","52682","FAME","Man Utd","","https://img.uefa.com/imgml/TP/teams/logos/70x70/52682.png","https://img.uefa.com/imgml/TP/teams/logos/240x240/52682.png","252682","MUN","DOMESTIC_MEN_TEAM_A","","DOMESTIC","Angleterre","Man Utd","Manchester United","MUN","450","MINUTE","5","0","0","17.5","KILOMETER","17.61","KILOMETER_PER_HOUR"
"250119677","52757","30","1995-04-16","5","Bensebaini","ALG","CENTRE_BACK","DEFENDER","MALE","","./image/250119677.jpg","Ramy Bensebaini","DEFENDER","21","Bensebaini","3","","Algérie","Défenseur","Ramy","Bensebaini","Ramy Bensebaini","Bensebaini","200047","./assoc/200047_GER.svg","./logo/52757.png","UEFA","GER","52757","FAME","Mönchengladbach","","https://img.uefa.com/imgml/TP/teams/logos/70x70/52757.png","https://img.uefa.com/imgml/TP/teams/logos/240x240/52757.png","252757","MON","DOMESTIC_MEN_TEAM_A","","DOMESTIC","Allemagne","Mönchengladbach","Borussia Mönchengladbach","MON","448","MINUTE","5","2","0","49.28","KILOMETER","32","KILOMETER_PER_HOUR"
"250111090","52826","32","1993-01-15","14","Kuzyaev","RUS","DEFENSIVE_MIDFIELDER","MIDFIELDER","MALE","","./image/250111090.jpg","Daler Kuzyaev","MIDFIELDER","23","Kuzyaev","57451","","Russie","Milieu","Daler","Kuzyaev","Daler Kuzyaev","Kuzyaev","257451","./assoc/257451_RUS.svg","./logo/52826.png","UEFA","RUS","52826","FAME","Zenit","","https://img.uefa.com/imgml/TP/teams/logos/70x70/52826.png","https://img.uefa.com/imgml/TP/teams/logos/240x240/52826.png","252826","ZEN","DOMESTIC_MEN_TEAM_A","","DOMESTIC","Russie","Zenit","FC Zenit","ZEN","447","MINUTE","6","0","0","56.77","KILOMETER","31","KILOMETER_PER_HOUR"
"250077695","2600288","27","1998-02-15","10","ÖZCAN","TUR","ATTACKING_MIDFIELDER","MIDFIELDER","MALE","","./image/250077695.jpg","Berkay Özcan","MIDFIELDER","10","BERKAY","135","","Turquie","Milieu","","Berkay Özcan","Berkay Özcan","Berkay Özcan","200135","./assoc/200135_TUR.svg","./logo/2600288.png","UEFA","TUR","2600288","FAME","Başakşehir","","https://img.uefa.com/imgml/TP/teams/logos/70x70/2600288.png","https://img.uefa.com/imgml/TP/teams/logos/240x240/2600288.png","1500091","IST","DOMESTIC_MEN_TEAM_A","","DOMESTIC","Turquie","Başakşehir","İstanbul Başakşehir FK","IST","446","MINUTE","6","0","0","53.31","KILOMETER","30.4","KILOMETER_PER_HOUR"
"250010802","50138","32","1993-05-13","90","Lukaku Bolingoli","BEL","STRIKER","FORWARD","MALE","190","./image/250010802.jpg","Romelu Lukaku","FORWARD","10","Lukaku","13","93","Belgique","Attaquant","Romelu","Lukaku","Romelu Lukaku","Lukaku","200066","./assoc/200066_ITA.svg","./logo/50138.png","UEFA","ITA","50138","FAME","Inter","","https://img.uefa.com/imgml/TP/teams/logos/70x70/50138.png","https://img.uefa.com/imgml/TP/teams/logos/240x240/50138.png","250138","INT","DOMESTIC_MEN_TEAM_A","","DOMESTIC","Italie","Inter","FC Internazionale Milano","INT","446","MINUTE","5","4","0","44.43","KILOMETER","30.4","KILOMETER_PER_HOUR"
"250012551","52758","32","1993-03-29","11","Hazard","BEL","ATTACKING_MIDFIELDER","MIDFIELDER","MALE","174","./image/250012551.jpg","Thorgan Hazard","MIDFIELDER","16","Hazard","13","69","Belgique","Milieu","Thorgan","Hazard","Thorgan Hazard","T. Hazard","200047","./assoc/200047_GER.svg","./logo/52758.png","UEFA","GER","52758","FAME","B. Dortmund","","https://img.uefa.com/imgml/TP/teams/logos/70x70/52758.png","https://img.uefa.com/imgml/TP/teams/logos/240x240/52758.png","252758","BVB","DOMESTIC_MEN_TEAM_A","","DOMESTIC","Allemagne","B. Dortmund","Borussia Dortmund","BVB","444","MINUTE","7","1","1","57.98","KILOMETER","31","KILOMETER_PER_HOUR"
"250144222","52748","30","1994-12-07","21","Rongier","FRA","UNKNOWN","MIDFIELDER","MALE","","./image/250144222.jpg","Valentin Rongier","MIDFIELDER","","Rongier","","","France","Milieu","Valentin","Rongier","Valentin Rongier","Rongier","200043","./assoc/200043_FRA.svg","./logo/52748.png","UEFA","FRA","52748","FAME","Marseille","","https://img.uefa.com/imgml/TP/teams/logos/70x70/52748.png","https://img.uefa.com/imgml/TP/teams/logos/240x240/52748.png","252748","MAR","DOMESTIC_MEN_TEAM_A","","DOMESTIC","France","Marseille","Olympique de Marseille","MAR","442","MINUTE","6","0","0","55.33","KILOMETER","31","KILOMETER_PER_HOUR"
"250087919","52747","25","2000-02-28","20","Kean","ITA","UNKNOWN","FORWARD","MALE","","./image/250087919.jpg","Moise Kean","FORWARD","11","Kean","66","","Italie","Attaquant","Moise","Kean","Moise Kean","Kean","200043","./assoc/200043_FRA.svg","./logo/52747.png","UEFA","FRA","52747","FAME","Paris","","https://img.uefa.com/imgml/TP/teams/logos/70x70/52747.png","https://img.uefa.com/imgml/TP/teams/logos/240x240/52747.png","252747","PSG","DOMESTIC_MEN_TEAM_A","","DOMESTIC","France","Paris","Paris Saint-Germain","PSG","440","MINUTE","9","3","1","47.42","KILOMETER","31.3","KILOMETER_PER_HOUR"
"250041771","50037","30","1995-02-06","8","Goretzka","GER","CENTRAL_MIDFIELDER","MIDFIELDER","MALE","189","./image/250041771.jpg","Leon Goretzka","MIDFIELDER","8","Goretzka","47","79","Allemagne","Milieu","Leon","Goretzka","Leon Goretzka","Goretzka","200047","./assoc/200047_GER.svg","./logo/50037.png","UEFA","GER","50037","FAME","Bayern München","","https://img.uefa.com/imgml/TP/teams/logos/70x70/50037.png","https://img.uefa.com/imgml/TP/teams/logos/240x240/50037.png","250037","BAY","DOMESTIC_MEN_TEAM_A","","DOMESTIC","Allemagne","Bayern München","FC Bayern München","BAY","439","MINUTE","7","2","1","51.91","KILOMETER","29.9","KILOMETER_PER_HOUR"
"250078886","52682","31","1994-09-08","8","B. Fernandes","POR","ATTACKING_MIDFIELDER","MIDFIELDER","MALE","","./image/250078886.jpg","Bruno Fernandes","MIDFIELDER","8","B. FERNANDES","110","","Portugal","Milieu","Bruno","Fernandes","Bruno Fernandes","Fernandes","200039","./assoc/200039_ENG.svg","./logo/52682.png","UEFA","ENG","52682","FAME","Man Utd","","https://img.uefa.com/imgml/TP/teams/logos/70x70/52682.png","https://img.uefa.com/imgml/TP/teams/logos/240x240/52682.png","252682","MUN","DOMESTIC_MEN_TEAM_A","","DOMESTIC","Angleterre","Man Utd","Manchester United","MUN","439","MINUTE","6","4","1","55.31","KILOMETER","30.2","KILOMETER_PER_HOUR"
"250057117","52757","33","1992-07-14","7","Hofmann","GER","WINGER","MIDFIELDER","MALE","176","./image/250057117.jpg","Jonas Hofmann","MIDFIELDER","18","Hofmann","47","70","Allemagne","Milieu","Jonas","Hofmann","Jonas Hofmann","Hofmann","200047","./assoc/200047_GER.svg","./logo/52757.png","UEFA","GER","52757","FAME","Mönchengladbach","","https://img.uefa.com/imgml/TP/teams/logos/70x70/52757.png","https://img.uefa.com/imgml/TP/teams/logos/240x240/52757.png","252757","MON","DOMESTIC_MEN_TEAM_A","","DOMESTIC","Allemagne","Mönchengladbach","Borussia Mönchengladbach","MON","432","MINUTE","5","1","0","58.32","KILOMETER","31.3","KILOMETER_PER_HOUR"
"250010472","52758","34","1991-09-03","27","Delaney","DEN","CENTRAL_MIDFIELDER","MIDFIELDER","MALE","182","./image/250010472.jpg","Thomas Delaney","MIDFIELDER","8","Delaney","35","71","Danemark","Milieu","Thomas","Delaney","Thomas Delaney","Delaney","200047","./assoc/200047_GER.svg","./logo/52758.png","UEFA","GER","52758","FAME","B. Dortmund","","https://img.uefa.com/imgml/TP/teams/logos/70x70/52758.png","https://img.uefa.com/imgml/TP/teams/logos/240x240/52758.png","252758","BVB","DOMESTIC_MEN_TEAM_A","","DOMESTIC","Allemagne","B. Dortmund","Borussia Dortmund","BVB","430","MINUTE","7","0","0","56.69","KILOMETER","31.5","KILOMETER_PER_HOUR"
"250045024","52707","37","1988-06-07","11","Marlos","UKR","ATTACKING_MIDFIELDER","MIDFIELDER","MALE","173","./image/250045024.jpg","Marlos","MIDFIELDER","11","Marlos","57166","69","Ukraine","Milieu","","Marlos","Marlos","Marlos","257166","./assoc/257166_UKR.svg","./logo/52707.png","UEFA","UKR","52707","FAME","Shakhtar","","https://img.uefa.com/imgml/TP/teams/logos/70x70/52707.png","https://img.uefa.com/imgml/TP/teams/logos/240x240/52707.png","252707","SHK","DOMESTIC_MEN_TEAM_A","","DOMESTIC","Ukraine","Shakhtar","FC Shakhtar Donetsk","SHK","430","MINUTE","6","0","0","53.02","KILOMETER","29.7","KILOMETER_PER_HOUR"
"250020526","2610","41","1984-06-27","25","J. Cholevas","GRE","FULL_BACK","DEFENDER","MALE","185","./image/250020526.jpg","José Holebas","DEFENDER","20","Cholevas","49","81","Grèce","Défenseur","José","Holebas","José Holebas","Holebas","200049","./assoc/200049_GRE.svg","./logo/2610.png","UEFA","GRE","2610","FAME","Olympiacos","","https://img.uefa.com/imgml/TP/teams/logos/70x70/2610.png","https://img.uefa.com/imgml/TP/teams/logos/240x240/2610.png","202610","OLY","DOMESTIC_MEN_TEAM_A","","DOMESTIC","Grèce","Olympiacos","Olympiacos FC","OLY","430","MINUTE","5","0","0","42.27","KILOMETER","30.8","KILOMETER_PER_HOUR"
"250042781","52682","29","1995-12-05","26","Martial","FRA","UNKNOWN","FORWARD","MALE","181","./image/250042781.jpg","Anthony Martial","FORWARD","9","Martial","43","76","France","Attaquant","Anthony","Martial","Anthony Martial","Martial","200039","./assoc/200039_ENG.svg","./logo/52682.png","UEFA","ENG","52682","FAME","Man Utd","","https://img.uefa.com/imgml/TP/teams/logos/70x70/52682.png","https://img.uefa.com/imgml/TP/teams/logos/240x240/52682.png","252682","MUN","DOMESTIC_MEN_TEAM_A","","DOMESTIC","Angleterre","Man Utd","Manchester United","MUN","429","MINUTE","5","2","1","42.82","KILOMETER","30.8","KILOMETER_PER_HOUR"
"250087711","52723","27","1998-10-04","10","Shaparenko","UKR","CENTRAL_MIDFIELDER","MIDFIELDER","MALE","","./image/250087711.jpg","Mykola Shaparenko","MIDFIELDER","10","Shaparenko","57166","","Ukraine","Milieu","Mykola","Shaparenko","Mykola Shaparenko","Shaparenko","257166","./assoc/257166_UKR.svg","./logo/52723.png","UEFA","UKR","52723","FAME","Dynamo Kyiv","","https://img.uefa.com/imgml/TP/teams/logos/70x70/52723.png","https://img.uefa.com/imgml/TP/teams/logos/240x240/52723.png","252723","DKY","DOMESTIC_MEN_TEAM_A","","DOMESTIC","Ukraine","Dynamo Kyiv","FC Dynamo Kyiv","DKY","429","MINUTE","5","0","0","55.35","KILOMETER","28.8","KILOMETER_PER_HOUR"
"250065837","52973","32","1993-04-17","4","Patric","ESP","FULL_BACK","DEFENDER","MALE","","./image/250065837.jpg","Patric","DEFENDER","","Patric","","","Espagne","Défenseur","","Patric","Patric","Patric","200066","./assoc/200066_ITA.svg","./logo/52973.png","UEFA","ITA","52973","FAME","Lazio","","https://img.uefa.com/imgml/TP/teams/logos/70x70/52973.png","https://img.uefa.com/imgml/TP/teams/logos/240x240/52973.png","252973","LAZ","DOMESTIC_MEN_TEAM_A","","DOMESTIC","Italie","Lazio","S.S. Lazio","LAZ","428","MINUTE","6","0","0","50.92","KILOMETER","32","KILOMETER_PER_HOUR"
"250102866","2603790","27","1998-01-31","8","Haidara","MLI","CENTRAL_MIDFIELDER","MIDFIELDER","MALE","","./image/250102866.jpg","Amadou Haidara","MIDFIELDER","","Haidara","","","Mali","Milieu","Amadou","Haidara","Amadou Haidara","Haidara","200047","./assoc/200047_GER.svg","./logo/2603790.png","UEFA","GER","2603790","FAME","Leipzig","","https://img.uefa.com/imgml/TP/teams/logos/70x70/2603790.png","https://img.uefa.com/imgml/TP/teams/logos/240x240/2603790.png","250002563","RBL","DOMESTIC_MEN_TEAM_A","","DOMESTIC","Allemagne","Leipzig","RB Leipzig","RBL","427","MINUTE","6","1","1","54","KILOMETER","31.3","KILOMETER_PER_HOUR"
"1909087","2610","38","1987-02-03","9","EL ARABI","MAR","STRIKER","FORWARD","MALE","","./image/1909087.jpg","Youssef El-Arabi","FORWARD","11","El Arabi","92","","Maroc","Attaquant","Youssef","El-Arabi","Youssef El-Arabi","El-Arabi","200049","./assoc/200049_GRE.svg","./logo/2610.png","UEFA","GRE","2610","FAME","Olympiacos","","https://img.uefa.com/imgml/TP/teams/logos/70x70/2610.png","https://img.uefa.com/imgml/TP/teams/logos/240x240/2610.png","202610","OLY","DOMESTIC_MEN_TEAM_A","","DOMESTIC","Grèce","Olympiacos","Olympiacos FC","OLY","426","MINUTE","5","0","0","46.33","KILOMETER","31.5","KILOMETER_PER_HOUR"
"1905547","2600288","35","1990-02-17","7","EDIN VİŞÇA","BIH","WINGER","MIDFIELDER","MALE","","./image/1905547.jpg","Edin Višća","MIDFIELDER","8","Visca","60094","","Bosnie-Herzégovine","Milieu","Edin","Višća","Edin Višća","Višća","200135","./assoc/200135_TUR.svg","./logo/2600288.png","UEFA","TUR","2600288","FAME","Başakşehir","","https://img.uefa.com/imgml/TP/teams/logos/70x70/2600288.png","https://img.uefa.com/imgml/TP/teams/logos/240x240/2600288.png","1500091","IST","DOMESTIC_MEN_TEAM_A","","DOMESTIC","Turquie","Başakşehir","İstanbul Başakşehir FK","IST","425","MINUTE","5","1","2","46.99","KILOMETER","31","KILOMETER_PER_HOUR"
"93649","50051","39","1986-03-30","4","Sergio Ramos","ESP","CENTRE_BACK","DEFENDER","MALE","183","./image/93649.jpg","Sergio Ramos","DEFENDER","15","Sergio","122","75","Espagne","Défenseur","Sergio","Ramos","Sergio Ramos","Ramos","200122","./assoc/200122_ESP.svg","./logo/50051.png","UEFA","ESP","50051","FAME","Real Madrid","","https://img.uefa.com/imgml/TP/teams/logos/70x70/50051.png","https://img.uefa.com/imgml/TP/teams/logos/240x240/50051.png","250051","RMA","DOMESTIC_MEN_TEAM_A","","DOMESTIC","Espagne","Real Madrid","Real Madrid C.F.","RMA","424","MINUTE","5","2","1","46.31","KILOMETER","30.8","KILOMETER_PER_HOUR"
"250058270","52723","27","1997-11-15","8","Tsygankov","UKR","WINGER","MIDFIELDER","MALE","175","./image/250058270.jpg","Viktor Tsygankov","MIDFIELDER","15","Tsygankov","57166","70","Ukraine","Milieu","Viktor","Tsygankov","Viktor Tsygankov","Tsygankov","257166","./assoc/257166_UKR.svg","./logo/52723.png","UEFA","UKR","52723","FAME","Dynamo Kyiv","","https://img.uefa.com/imgml/TP/teams/logos/70x70/52723.png","https://img.uefa.com/imgml/TP/teams/logos/240x240/52723.png","252723","DKY","DOMESTIC_MEN_TEAM_A","","DOMESTIC","Ukraine","Dynamo Kyiv","FC Dynamo Kyiv","DKY","424","MINUTE","5","2","0","54.13","KILOMETER","29","KILOMETER_PER_HOUR"
"250012024","55031","36","1988-12-15","15","Nzonzi","FRA","UNKNOWN","MIDFIELDER","MALE","190","./image/250012024.jpg","Steven Nzonzi","MIDFIELDER","15","Nzonzi","43","75","France","Milieu","Steven","Nzonzi","Steven Nzonzi","Nzonzi","200043","./assoc/200043_FRA.svg","./logo/55031.png","UEFA","FRA","55031","FAME","Rennes","","https://img.uefa.com/imgml/TP/teams/logos/70x70/55031.png","https://img.uefa.com/imgml/TP/teams/logos/240x240/55031.png","255031","REN","DOMESTIC_MEN_TEAM_A","","DOMESTIC","France","Rennes","Stade Rennais FC","REN","422","MINUTE","5","0","0","50.65","KILOMETER","27.4","KILOMETER_PER_HOUR"
"106602","50138","40","1985-07-09","15","Young","ENG","FULL_BACK","DEFENDER","MALE","177","./image/106602.jpg","Ashley Young","DEFENDER","11","Young","39","65","Angleterre","Défenseur","Ashley","Young","Ashley Young","Young","200066","./assoc/200066_ITA.svg","./logo/50138.png","UEFA","ITA","50138","FAME","Inter","","https://img.uefa.com/imgml/TP/teams/logos/70x70/50138.png","https://img.uefa.com/imgml/TP/teams/logos/240x240/50138.png","250138","INT","DOMESTIC_MEN_TEAM_A","","DOMESTIC","Italie","Inter","FC Internazionale Milano","INT","420","MINUTE","5","0","0","48.75","KILOMETER","30.4","KILOMETER_PER_HOUR"
"250096698","52914","27","1998-09-18","11","PULISIC","USA","UNKNOWN","FORWARD","MALE","172","./image/250096698.jpg","Christian Pulišić","MIDFIELDER","10","Pulisic","140","69","Etats-Unis","Attaquant","Christian","Pulišić","Christian Pulišić","Pulišić","200039","./assoc/200039_ENG.svg","./logo/52914.png","UEFA","ENG","52914","FAME","Chelsea","","https://img.uefa.com/imgml/TP/teams/logos/70x70/52914.png","https://img.uefa.com/imgml/TP/teams/logos/240x240/52914.png","252914","CHE","DOMESTIC_MEN_TEAM_A","","DOMESTIC","Angleterre","Chelsea","Chelsea FC","CHE","419","MINUTE","10","2","2","56.12","KILOMETER","31.3","KILOMETER_PER_HOUR"
"250091016","50064","26","1999-01-23","20","Sarr","FRA","CENTRE_BACK","DEFENDER","MALE","","./image/250091016.jpg","Malang Sarr","DEFENDER","5","M.Sarr","200043","","France","Défenseur","Malang","Sarr","Malang Sarr","Sarr","200110","./assoc/200110_POR.svg","./logo/50064.png","UEFA","POR","50064","FAME","Porto","","https://img.uefa.com/imgml/TP/teams/logos/70x70/50064.png","https://img.uefa.com/imgml/TP/teams/logos/240x240/50064.png","250064","POR","DOMESTIC_MEN_TEAM_A","","DOMESTIC","Portugal","Porto","FC Porto","POR","419","MINUTE","6","0","0","45.12","KILOMETER","29.9","KILOMETER_PER_HOUR"
"250050346","2610","32","1993-04-05","5","Bouchalakis","GRE","CENTRAL_MIDFIELDER","MIDFIELDER","MALE","186","./image/250050346.jpg","Andreas Bouchalakis","MIDFIELDER","5","Bouchalakis","49","79","Grèce","Milieu","Andreas","Bouchalakis","Andreas Bouchalakis","Bouchalakis","200049","./assoc/200049_GRE.svg","./logo/2610.png","UEFA","GRE","2610","FAME","Olympiacos","","https://img.uefa.com/imgml/TP/teams/logos/70x70/2610.png","https://img.uefa.com/imgml/TP/teams/logos/240x240/2610.png","202610","OLY","DOMESTIC_MEN_TEAM_A","","DOMESTIC","Grèce","Olympiacos","Olympiacos FC","OLY","418","MINUTE","6","0","0","52.12","KILOMETER","28.6","KILOMETER_PER_HOUR"
"250005254","52973","35","1990-02-20","17","IMMOBILE","ITA","STRIKER","FORWARD","MALE","185","./image/250005254.jpg","Ciro Immobile","FORWARD","17","Immobile","66","78","Italie","Attaquant","Ciro","Immobile","Ciro Immobile","Immobile","200066","./assoc/200066_ITA.svg","./logo/52973.png","UEFA","ITA","52973","FAME","Lazio","","https://img.uefa.com/imgml/TP/teams/logos/70x70/52973.png","https://img.uefa.com/imgml/TP/teams/logos/240x240/52973.png","252973","LAZ","DOMESTIC_MEN_TEAM_A","","DOMESTIC","Italie","Lazio","S.S. Lazio","LAZ","417","MINUTE","5","5","1","52.95","KILOMETER","31.5","KILOMETER_PER_HOUR"
"250088246","52682","27","1997-10-31","14","Rashford","ENG","STRIKER","FORWARD","MALE","180","./image/250088246.jpg","Marcus Rashford","FORWARD","11","Rashford","39","70","Angleterre","Attaquant","Marcus","Rashford","Marcus Rashford","Rashford","200039","./assoc/200039_ENG.svg","./logo/52682.png","UEFA","ENG","52682","FAME","Man Utd","","https://img.uefa.com/imgml/TP/teams/logos/70x70/52682.png","https://img.uefa.com/imgml/TP/teams/logos/240x240/52682.png","252682","MUN","DOMESTIC_MEN_TEAM_A","","DOMESTIC","Angleterre","Man Utd","Manchester United","MUN","416","MINUTE","6","6","0","44.71","KILOMETER","33.3","KILOMETER_PER_HOUR"
"108908","50143","35","1990-03-09","17","Blind","NED","CENTRE_BACK","DEFENDER","MALE","180","./image/108908.jpg","Daley Blind","DEFENDER","17","Blind","95","72","Pays-Bas","Défenseur","Daley","Blind","Daley Blind","Blind","200095","./assoc/200095_NED.svg","./logo/50143.png","UEFA","NED","50143","FAME","Ajax","","https://img.uefa.com/imgml/TP/teams/logos/70x70/50143.png","https://img.uefa.com/imgml/TP/teams/logos/240x240/50143.png","250143","AJX","DOMESTIC_MEN_TEAM_A","","DOMESTIC","Pays-Bas","Ajax","AFC Ajax","AJX","416","MINUTE","5","0","0","46.99","KILOMETER","27.2","KILOMETER_PER_HOUR"
"250121536","50043","26","1999-02-25","27","Diatta","SEN","WINGER","MIDFIELDER","MALE","","./image/250121536.jpg","Krépin Diatta","MIDFIELDER","15","Diatta","118","","Sénégal","Milieu","Krépin","Diatta","Krépin Diatta","Diatta","200013","./assoc/200013_BEL.svg","./logo/50043.png","UEFA","BEL","50043","FAME","Club Brugge","","https://img.uefa.com/imgml/TP/teams/logos/70x70/50043.png","https://img.uefa.com/imgml/TP/teams/logos/240x240/50043.png","250043","BRU","DOMESTIC_MEN_TEAM_A","","DOMESTIC","Belgique","Club Brugge","Club Brugge KV","BRU","415","MINUTE","5","0","0","46.93","KILOMETER","31.5","KILOMETER_PER_HOUR"
"250117375","50030","25","2000-01-06","4","Camara","MLI","CENTRAL_MIDFIELDER","MIDFIELDER","MALE","","./image/250117375.jpg","Mohamed Camara","MIDFIELDER","","Camara","","","Mali","Milieu","Mohamed","Camara","Mohamed Camara","Camara","200008","./assoc/200008_AUT.svg","./logo/50030.png","UEFA","AUT","50030","FAME","Salzburg","","https://img.uefa.com/imgml/TP/teams/logos/70x70/50030.png","https://img.uefa.com/imgml/TP/teams/logos/240x240/50030.png","250030","SAL","DOMESTIC_MEN_TEAM_A","","DOMESTIC","Autriche","Salzburg","FC Salzburg","SAL","412","MINUTE","5","0","0","46.98","KILOMETER","29.5","KILOMETER_PER_HOUR"
"250089817","52723","26","1999-02-17","4","Popov","UKR","CENTRE_BACK","DEFENDER","MALE","","./image/250089817.jpg","Denys Popov","DEFENDER","4","Popov","57166","","Ukraine","Défenseur","Denys","Popov","Denys Popov","Popov","257166","./assoc/257166_UKR.svg","./logo/52723.png","UEFA","UKR","52723","FAME","Dynamo Kyiv","","https://img.uefa.com/imgml/TP/teams/logos/70x70/52723.png","https://img.uefa.com/imgml/TP/teams/logos/240x240/52723.png","252723","DKY","DOMESTIC_MEN_TEAM_A","","DOMESTIC","Ukraine","Dynamo Kyiv","FC Dynamo Kyiv","DKY","411","MINUTE","6","1","0","46.61","KILOMETER","27.2","KILOMETER_PER_HOUR"
"250091199","50138","26","1999-04-13","95","Bastoni","ITA","CENTRE_BACK","DEFENDER","MALE","","./image/250091199.jpg","Alessandro Bastoni","DEFENDER","21","Bastoni","66","","Italie","Défenseur","Alessandro","Bastoni","Alessandro Bastoni","Bastoni","200066","./assoc/200066_ITA.svg","./logo/50138.png","UEFA","ITA","50138","FAME","Inter","","https://img.uefa.com/imgml/TP/teams/logos/70x70/50138.png","https://img.uefa.com/imgml/TP/teams/logos/240x240/50138.png","250138","INT","DOMESTIC_MEN_TEAM_A","","DOMESTIC","Italie","Inter","FC Internazionale Milano","INT","411","MINUTE","6","0","1","47.87","KILOMETER","29.7","KILOMETER_PER_HOUR"
"250117359","50030","25","1999-11-28","20","Koita","MLI","STRIKER","FORWARD","MALE","","./image/250117359.jpg","Sékou Koita","FORWARD","","Koita","","","Mali","Attaquant","Sékou","Koita","Sékou Koita","Koita","200008","./assoc/200008_AUT.svg","./logo/50030.png","UEFA","AUT","50030","FAME","Salzburg","","https://img.uefa.com/imgml/TP/teams/logos/70x70/50030.png","https://img.uefa.com/imgml/TP/teams/logos/240x240/50030.png","250030","SAL","DOMESTIC_MEN_TEAM_A","","DOMESTIC","Autriche","Salzburg","FC Salzburg","SAL","411","MINUTE","6","0","1","47.05","KILOMETER","32.21","KILOMETER_PER_HOUR"
"250040953","2601038","30","1995-06-30","8","Olsson","SWE","CENTRAL_MIDFIELDER","MIDFIELDER","MALE","178","./image/250040953.jpg","Kristoffer Olsson","MIDFIELDER","20","Olsson","127","","Suède","Milieu","Kristoffer","Olsson","Kristoffer Olsson","K. Olsson","257451","./assoc/257451_RUS.svg","./logo/2601038.png","UEFA","RUS","2601038","FAME","Krasnodar","","https://img.uefa.com/imgml/TP/teams/logos/70x70/2601038.png","https://img.uefa.com/imgml/TP/teams/logos/240x240/2601038.png","250000383","KRA","DOMESTIC_MEN_TEAM_A","","DOMESTIC","Russie","Krasnodar","FC Krasnodar","KRA","409","MINUTE","5","0","1","53.19","KILOMETER","28.1","KILOMETER_PER_HOUR"
"250118281","50138","28","1997-08-22","10","Lautaro","ARG","STRIKER","FORWARD","MALE","","./image/250118281.jpg","Lautaro Martínez","FORWARD","22","L. Martínez","6","","Argentine","Attaquant","Lautaro","Martínez","Lautaro Martínez","L. Martínez","200066","./assoc/200066_ITA.svg","./logo/50138.png","UEFA","ITA","50138","FAME","Inter","","https://img.uefa.com/imgml/TP/teams/logos/70x70/50138.png","https://img.uefa.com/imgml/TP/teams/logos/240x240/50138.png","250138","INT","DOMESTIC_MEN_TEAM_A","","DOMESTIC","Italie","Inter","FC Internazionale Milano","INT","408","MINUTE","6","1","1","44.99","KILOMETER","30.2","KILOMETER_PER_HOUR"
"250086646","52714","31","1994-07-06","8","Jordán","ESP","CENTRAL_MIDFIELDER","MIDFIELDER","MALE","184","./image/250086646.jpg","Joan Jordán","MIDFIELDER","","Jordán","","74","Espagne","Milieu","Joan","Jordán","Joan Jordán","Jordán","200122","./assoc/200122_ESP.svg","./logo/52714.png","UEFA","ESP","52714","FAME","Sevilla","","https://img.uefa.com/imgml/TP/teams/logos/70x70/52714.png","https://img.uefa.com/imgml/TP/teams/logos/240x240/52714.png","252714","SEV","DOMESTIC_MEN_TEAM_A","","DOMESTIC","Espagne","Sevilla","Sevilla FC","SEV","405","MINUTE","7","0","1","51.87","KILOMETER","28.1","KILOMETER_PER_HOUR"
"250106935","7889","24","2001-01-30","17","Jones","ENG","UNKNOWN","MIDFIELDER","MALE","","./image/250106935.jpg","Curtis Jones","MIDFIELDER","17","Jones","39","","Angleterre","Milieu","Curtis","Jones","Curtis Jones","Jones","200039","./assoc/200039_ENG.svg","./logo/7889.png","UEFA","ENG","7889","FAME","Liverpool","","https://img.uefa.com/imgml/TP/teams/logos/70x70/7889.png","https://img.uefa.com/imgml/TP/teams/logos/240x240/7889.png","207889","LIV","DOMESTIC_MEN_TEAM_A","","DOMESTIC","Angleterre","Liverpool","Liverpool FC","LIV","405","MINUTE","5","1","2","54.42","KILOMETER","30.2","KILOMETER_PER_HOUR"
"50327424","50139","26","1999-08-12","4","de Ligt","NED","CENTRE_BACK","DEFENDER","MALE","","https://img.uefa.com/imgml/TP/players/1/2021/324x324/50327424.jpg","Matthijs de Ligt","DEFENDER","15","de Ligt","95","","Pays-Bas","Défenseur","Matthijs","De Ligt","Matthijs de Ligt","De Ligt","200066","./assoc/200066_ITA.svg","./logo/50139.png","UEFA","ITA","50139","FAME","Juventus","","https://img.uefa.com/imgml/TP/teams/logos/70x70/50139.png","https://img.uefa.com/imgml/TP/teams/logos/240x240/50139.png","250139","JUV","DOMESTIC_MEN_TEAM_A","","DOMESTIC","Italie","Juventus","Juventus","JUV","405","MINUTE","5","0","0","45.91","KILOMETER","30.6","KILOMETER_PER_HOUR"
"69622","53065","39","1986-02-05","14","Ćorluka","CRO","CENTRE_BACK","DEFENDER","MALE","192","./image/69622.jpg","Vedran Ćorluka","","5","","56370","84","Croatie","Défenseur","Vedran","Ćorluka","Vedran Ćorluka","Ćorluka","257451","./assoc/257451_RUS.svg","./logo/53065.png","UEFA","RUS","53065","FAME","Lokomotiv Moskva","","https://img.uefa.com/imgml/TP/teams/logos/70x70/53065.png","https://img.uefa.com/imgml/TP/teams/logos/240x240/53065.png","253065","LMO","DOMESTIC_MEN_TEAM_A","","DOMESTIC","Russie","Lokomotiv Moskva","FC Lokomotiv Moskva","LMO","405","MINUTE","5","0","0","40.98","KILOMETER","28.1","KILOMETER_PER_HOUR"
"64027","2600288","39","1986-09-27","6","EPUREANU","MDA","CENTRE_BACK","DEFENDER","MALE","189","./image/64027.jpg","Alexandru Epureanu","DEFENDER","6","Epureanu","57160","87","Moldavie","Défenseur","Alexandru","Epureanu","Alexandru Epureanu","A. Epureanu","200135","./assoc/200135_TUR.svg","./logo/2600288.png","UEFA","TUR","2600288","FAME","Başakşehir","","https://img.uefa.com/imgml/TP/teams/logos/70x70/2600288.png","https://img.uefa.com/imgml/TP/teams/logos/240x240/2600288.png","1500091","IST","DOMESTIC_MEN_TEAM_A","","DOMESTIC","Turquie","Başakşehir","İstanbul Başakşehir FK","IST","405","MINUTE","5","0","0","40.53","KILOMETER","27.9","KILOMETER_PER_HOUR"
"250101723","52747","25","2000-06-20","20","BAKKER","NED","UNKNOWN","DEFENDER","MALE","","./image/250101723.jpg","Mitchel Bakker","DEFENDER","5","Bakker","200095","","Pays-Bas","Défenseur","Mitchel","Bakker","Mitchel Bakker","Bakker","200043","./assoc/200043_FRA.svg","./logo/52747.png","UEFA","FRA","52747","FAME","Paris","","https://img.uefa.com/imgml/TP/teams/logos/70x70/52747.png","https://img.uefa.com/imgml/TP/teams/logos/240x240/52747.png","252747","PSG","DOMESTIC_MEN_TEAM_A","","DOMESTIC","France","Paris","Paris Saint-Germain","PSG","403","MINUTE","10","0","0","49.62","KILOMETER","32.4","KILOMETER_PER_HOUR"
"250116904","50139","27","1998-08-28","22","McKennie","USA","UNKNOWN","MIDFIELDER","MALE","","./image/250116904.jpg","Weston McKennie","MIDFIELDER","8","McKennie","140","","Etats-Unis","Milieu","Weston","McKennie","Weston McKennie","McKennie","200066","./assoc/200066_ITA.svg","./logo/50139.png","UEFA","ITA","50139","FAME","Juventus","","https://img.uefa.com/imgml/TP/teams/logos/70x70/50139.png","https://img.uefa.com/imgml/TP/teams/logos/240x240/50139.png","250139","JUV","DOMESTIC_MEN_TEAM_A","","DOMESTIC","Italie","Juventus","Juventus","JUV","402","MINUTE","7","1","0","56.34","KILOMETER","32.21","KILOMETER_PER_HOUR"
"65030","2600288","40","1984-12-15","37","Skrtel","SVK","CENTRE_BACK","DEFENDER","MALE","193","./image/65030.jpg","Martin Škrtel","DEFENDER","3","Skrtel","58836","81","Slovaquie","Défenseur","Martin","Škrtel","Martin Škrtel","Škrtel","200135","./assoc/200135_TUR.svg","./logo/2600288.png","UEFA","TUR","2600288","FAME","Başakşehir","","https://img.uefa.com/imgml/TP/teams/logos/70x70/2600288.png","https://img.uefa.com/imgml/TP/teams/logos/240x240/2600288.png","1500091","IST","DOMESTIC_MEN_TEAM_A","","DOMESTIC","Turquie","Başakşehir","İstanbul Başakşehir FK","IST","402","MINUTE","5","0","0","38.77","KILOMETER","28.4","KILOMETER_PER_HOUR"
"250113142","55031","23","2002-05-27","11","Doku","BEL","STRIKER","MIDFIELDER","MALE","","./image/250113142.jpg","Jeremy Doku","FORWARD","11","Doku","13","","Belgique","Milieu","Jeremy","Doku","Jeremy Doku","Doku","200043","./assoc/200043_FRA.svg","./logo/55031.png","UEFA","FRA","55031","FAME","Rennes","","https://img.uefa.com/imgml/TP/teams/logos/70x70/55031.png","https://img.uefa.com/imgml/TP/teams/logos/240x240/55031.png","255031","REN","DOMESTIC_MEN_TEAM_A","","DOMESTIC","France","Rennes","Stade Rennais FC","REN","401","MINUTE","6","0","0","44.23","KILOMETER","31.5","KILOMETER_PER_HOUR"
"250077686","50139","27","1998-03-05","28","Demiral","TUR","UNKNOWN","DEFENDER","MALE","","./image/250077686.jpg","Merih Demiral","DEFENDER","3","DEMİRAL","135","","Turquie","Défenseur","","Merih Demiral","Merih Demiral","Merih Demiral","200066","./assoc/200066_ITA.svg","./logo/50139.png","UEFA","ITA","50139","FAME","Juventus","","https://img.uefa.com/imgml/TP/teams/logos/70x70/50139.png","https://img.uefa.com/imgml/TP/teams/logos/240x240/50139.png","250139","JUV","DOMESTIC_MEN_TEAM_A","","DOMESTIC","Italie","Juventus","Juventus","JUV","400","MINUTE","5","0","0","44.55","KILOMETER","30.8","KILOMETER_PER_HOUR"
"250080476","75795","28","1996-11-11","2","ANDERSSON","SWE","","DEFENDER","MALE","","./image/250080476.jpg","Joel Andersson","DEFENDER","5","Andersson","127","","Suède","Défenseur","Joel","Andersson","Joel Andersson","J. Andersson","200035","./assoc/200035_DEN.svg","./logo/75795.png","UEFA","DEN","75795","FAME","Midtjylland","","https://img.uefa.com/imgml/TP/teams/logos/70x70/75795.png","https://img.uefa.com/imgml/TP/teams/logos/240x240/75795.png","275795","MID","DOMESTIC_MEN_TEAM_A","","DOMESTIC","Danemark","Midtjylland","FC Midtjylland","MID","398","MINUTE","5","0","0","46.97","KILOMETER","31.3","KILOMETER_PER_HOUR"
"250132796","52826","31","1994-03-22","3","Douglas Santos","BRA","UNKNOWN","DEFENDER","MALE","","./image/250132796.jpg","Douglas Santos","DEFENDER","","Douglas Santos","","","Brésil","Défenseur","","Douglas Santos","Douglas Santos","Douglas Santos","257451","./assoc/257451_RUS.svg","./logo/52826.png","UEFA","RUS","52826","FAME","Zenit","","https://img.uefa.com/imgml/TP/teams/logos/70x70/52826.png","https://img.uefa.com/imgml/TP/teams/logos/240x240/52826.png","252826","ZEN","DOMESTIC_MEN_TEAM_A","","DOMESTIC","Russie","Zenit","FC Zenit","ZEN","397","MINUTE","5","0","0","45.74","KILOMETER","29.5","KILOMETER_PER_HOUR"
"250055905","52682","31","1994-07-17","3","Lindelöf","SWE","CENTRE_BACK","DEFENDER","MALE","187","./image/250055905.jpg","Victor Lindelöf","DEFENDER","3","Lindelöf","127","80","Suède","Défenseur","Victor","Lindelöf","Victor Lindelöf","Lindelöf","200039","./assoc/200039_ENG.svg","./logo/52682.png","UEFA","ENG","52682","FAME","Man Utd","","https://img.uefa.com/imgml/TP/teams/logos/70x70/52682.png","https://img.uefa.com/imgml/TP/teams/logos/240x240/52682.png","252682","MUN","DOMESTIC_MEN_TEAM_A","","DOMESTIC","Angleterre","Man Utd","Manchester United","MUN","393","MINUTE","5","0","0","39.27","KILOMETER","32.8","KILOMETER_PER_HOUR"
"250026043","52298","34","1990-11-30","18","Sigér","HUN","CENTRAL_MIDFIELDER","MIDFIELDER","MALE","","./image/250026043.jpg","Dávid Sigér","MIDFIELDER","18","Sigér","57","","Hongrie","Milieu","Dávid","Sigér","Dávid Sigér","Sigér","200057","./assoc/200057_HUN.svg","./logo/52298.png","UEFA","HUN","52298","FAME","Ferencváros","","https://img.uefa.com/imgml/TP/teams/logos/70x70/52298.png","https://img.uefa.com/imgml/TP/teams/logos/240x240/52298.png","252298","FER","DOMESTIC_MEN_TEAM_A","","DOMESTIC","Hongrie","Ferencváros","Ferencvárosi TC","FER","392","MINUTE","5","0","0","52.21","KILOMETER","28.6","KILOMETER_PER_HOUR"
"250064446","52298","29","1996-08-03","11","Zubkov","UKR","CENTRAL_MIDFIELDER","MIDFIELDER","MALE","181","./image/250064446.jpg","Oleksandr Zubkov","MIDFIELDER","20","Zubkov","57166","70","Ukraine","Milieu","Oleksandr","Zubkov","Oleksandr Zubkov","Zubkov","200057","./assoc/200057_HUN.svg","./logo/52298.png","UEFA","HUN","52298","FAME","Ferencváros","","https://img.uefa.com/imgml/TP/teams/logos/70x70/52298.png","https://img.uefa.com/imgml/TP/teams/logos/240x240/52298.png","252298","FER","DOMESTIC_MEN_TEAM_A","","DOMESTIC","Hongrie","Ferencváros","Ferencvárosi TC","FER","391","MINUTE","5","0","1","44.51","KILOMETER","31.5","KILOMETER_PER_HOUR"
"250008675","53065","38","1987-01-20","20","Ignatev V.","RUS","WINGER","DEFENDER","MALE","181","./image/250008675.jpg","Vladislav Ignatyev","DEFENDER","3","Ignatev","57451","73","Russie","Défenseur","Vladislav","Ignatyev","Vladislav Ignatyev","Ignatyev","257451","./assoc/257451_RUS.svg","./logo/53065.png","UEFA","RUS","53065","FAME","Lokomotiv Moskva","","https://img.uefa.com/imgml/TP/teams/logos/70x70/53065.png","https://img.uefa.com/imgml/TP/teams/logos/240x240/53065.png","253065","LMO","DOMESTIC_MEN_TEAM_A","","DOMESTIC","Russie","Lokomotiv Moskva","FC Lokomotiv Moskva","LMO","391","MINUTE","5","0","0","47.42","KILOMETER","28.8","KILOMETER_PER_HOUR"
"250091722","52748","25","1999-11-23","44","Kamara","FRA","CENTRE_BACK","MIDFIELDER","MALE","","./image/250091722.jpg","Boubacar Kamara","DEFENDER","18","Kamara","43","","France","Milieu","Boubacar","Kamara","Boubacar Kamara","Kamara","200043","./assoc/200043_FRA.svg","./logo/52748.png","UEFA","FRA","52748","FAME","Marseille","","https://img.uefa.com/imgml/TP/teams/logos/70x70/52748.png","https://img.uefa.com/imgml/TP/teams/logos/240x240/52748.png","252748","MAR","DOMESTIC_MEN_TEAM_A","","DOMESTIC","France","Marseille","Olympique de Marseille","MAR","389","MINUTE","5","0","0","44.97","KILOMETER","29.5","KILOMETER_PER_HOUR"
"250109210","52714","28","1997-06-01","19","Y.EN-NESYRI","MAR","STRIKER","FORWARD","MALE","","./image/250109210.jpg","Youssef En-Nesyri","FORWARD","19","En-Nesyri","92","","Maroc","Attaquant","Youssef","En-Nesyri","Youssef En-Nesyri","En-Nesyri","200122","./assoc/200122_ESP.svg","./logo/52714.png","UEFA","ESP","52714","FAME","Sevilla","","https://img.uefa.com/imgml/TP/teams/logos/70x70/52714.png","https://img.uefa.com/imgml/TP/teams/logos/240x240/52714.png","252714","SEV","DOMESTIC_MEN_TEAM_A","","DOMESTIC","Espagne","Sevilla","Sevilla FC","SEV","386","MINUTE","8","6","0","45.72","KILOMETER","33.1","KILOMETER_PER_HOUR"
"250055207","50064","29","1996-04-13","4","Grujić","SRB","UNKNOWN","MIDFIELDER","MALE","","./image/250055207.jpg","Marko Grujić","MIDFIELDER","20","Grujić","147","","Serbie","Milieu","Marko","Grujić","Marko Grujić","Grujić","200110","./assoc/200110_POR.svg","./logo/50064.png","UEFA","POR","50064","FAME","Porto","","https://img.uefa.com/imgml/TP/teams/logos/70x70/50064.png","https://img.uefa.com/imgml/TP/teams/logos/240x240/50064.png","250064","POR","DOMESTIC_MEN_TEAM_A","","DOMESTIC","Portugal","Porto","FC Porto","POR","386","MINUTE","8","0","0","50.19","KILOMETER","28.1","KILOMETER_PER_HOUR"
"250102216","52758","25","2000-03-25","19","Sancho","ENG","WINGER","MIDFIELDER","MALE","","./image/250102216.jpg","Jadon Sancho","MIDFIELDER","17","Sancho","39","","Angleterre","Milieu","Jadon","Sancho","Jadon Sancho","Sancho","200047","./assoc/200047_GER.svg","./logo/52758.png","UEFA","GER","52758","FAME","B. Dortmund","","https://img.uefa.com/imgml/TP/teams/logos/70x70/52758.png","https://img.uefa.com/imgml/TP/teams/logos/240x240/52758.png","252758","BVB","DOMESTIC_MEN_TEAM_A","","DOMESTIC","Allemagne","B. Dortmund","Borussia Dortmund","BVB","386","MINUTE","6","2","3","46.21","KILOMETER","31.3","KILOMETER_PER_HOUR"
"250040959","50124","32","1993-09-04","21","CARRASCO","BEL","WINGER","FORWARD","MALE","180","./image/250040959.jpg","Yannick Carrasco","FORWARD","11","Carrasco","13","67","Belgique","Attaquant","Yannick","Carrasco","Yannick Carrasco","Carrasco","200122","./assoc/200122_ESP.svg","./logo/50124.png","UEFA","ESP","50124","FAME","Atleti","","https://img.uefa.com/imgml/TP/teams/logos/70x70/50124.png","https://img.uefa.com/imgml/TP/teams/logos/240x240/50124.png","250124","ATM","DOMESTIC_MEN_TEAM_A","","DOMESTIC","Espagne","Atleti","Atlético de Madrid","ATM","384","MINUTE","5","1","1","46.94","KILOMETER","32.6","KILOMETER_PER_HOUR"
"250099594","52298","33","1992-07-29","44","HEISTER","GER","FULL_BACK","DEFENDER","MALE","","./image/250099594.jpg","Marcel Heister","DEFENDER","","heister","","","Allemagne","Défenseur","Marcel","Heister","Marcel Heister","Heister","200057","./assoc/200057_HUN.svg","./logo/52298.png","UEFA","HUN","52298","FAME","Ferencváros","","https://img.uefa.com/imgml/TP/teams/logos/70x70/52298.png","https://img.uefa.com/imgml/TP/teams/logos/240x240/52298.png","252298","FER","DOMESTIC_MEN_TEAM_A","","DOMESTIC","Hongrie","Ferencváros","Ferencvárosi TC","FER","383","MINUTE","6","0","0","44.75","KILOMETER","29.9","KILOMETER_PER_HOUR"
"97219","52826","36","1989-07-05","6","Lovren","CRO","CENTRE_BACK","DEFENDER","MALE","188","./image/97219.jpg","Dejan Lovren","DEFENDER","6","Lovren","56370","84","Croatie","Défenseur","Dejan","Lovren","Dejan Lovren","Lovren","257451","./assoc/257451_RUS.svg","./logo/52826.png","UEFA","RUS","52826","FAME","Zenit","","https://img.uefa.com/imgml/TP/teams/logos/70x70/52826.png","https://img.uefa.com/imgml/TP/teams/logos/240x240/52826.png","252826","ZEN","DOMESTIC_MEN_TEAM_A","","DOMESTIC","Russie","Zenit","FC Zenit","ZEN","383","MINUTE","5","0","1","39.72","KILOMETER","28.1","KILOMETER_PER_HOUR"
"250027015","2601038","30","1995-01-03","52","VILHENA","NED","CENTRAL_MIDFIELDER","MIDFIELDER","MALE","175","./image/250027015.jpg","Tonny Vilhena","MIDFIELDER","18","Trindade De Vilhena","95","73","Pays-Bas","Milieu","Tonny","Vilhena","Tonny Vilhena","Vilhena","257451","./assoc/257451_RUS.svg","./logo/2601038.png","UEFA","RUS","2601038","FAME","Krasnodar","","https://img.uefa.com/imgml/TP/teams/logos/70x70/2601038.png","https://img.uefa.com/imgml/TP/teams/logos/240x240/2601038.png","250000383","KRA","DOMESTIC_MEN_TEAM_A","","DOMESTIC","Russie","Krasnodar","FC Krasnodar","KRA","383","MINUTE","5","0","0","49.67","KILOMETER","28.8","KILOMETER_PER_HOUR"
"1904338","50037","36","1989-03-23","13","Choupo-Moting","CMR","UNKNOWN","MIDFIELDER","MALE","191","./image/1904338.jpg","Eric Maxim Choupo-Moting","FORWARD","13","Choupo-Moting","23","91","Cameroun","Milieu","Eric Maxim","Choupo-Moting","Eric Maxim Choupo-Moting","Choupo-Moting","200047","./assoc/200047_GER.svg","./logo/50037.png","UEFA","GER","50037","FAME","Bayern München","","https://img.uefa.com/imgml/TP/teams/logos/70x70/50037.png","https://img.uefa.com/imgml/TP/teams/logos/240x240/50037.png","250037","BAY","DOMESTIC_MEN_TEAM_A","","DOMESTIC","Allemagne","Bayern München","FC Bayern München","BAY","382","MINUTE","7","4","0","40.31","KILOMETER","30.8","KILOMETER_PER_HOUR"
"250066886","50080","28","1997-05-15","10","O.DEMBÉLÉ","FRA","UNKNOWN","FORWARD","MALE","178","./image/250066886.jpg","Ousmane Dembélé","FORWARD","7","Dembele","43","67","France","Attaquant","Ousmane","Dembélé","Ousmane Dembélé","Dembélé","200122","./assoc/200122_ESP.svg","./logo/50080.png","UEFA","ESP","50080","FAME","Barcelona","","https://img.uefa.com/imgml/TP/teams/logos/70x70/50080.png","https://img.uefa.com/imgml/TP/teams/logos/240x240/50080.png","250080","BAR","DOMESTIC_MEN_TEAM_A","","DOMESTIC","Espagne","Barcelona","FC Barcelona","BAR","382","MINUTE","6","3","2","42.7","KILOMETER","34","KILOMETER_PER_HOUR"
"250100014","50124","36","1989-05-16","18","Felipe","BRA","UNKNOWN","DEFENDER","MALE","190","./image/250100014.jpg","Felipe","DEFENDER","","Felipe","","77","Brésil","Défenseur","","Felipe","Felipe","Felipe","200122","./assoc/200122_ESP.svg","./logo/50124.png","UEFA","ESP","50124","FAME","Atleti","","https://img.uefa.com/imgml/TP/teams/logos/70x70/50124.png","https://img.uefa.com/imgml/TP/teams/logos/240x240/50124.png","250124","ATM","DOMESTIC_MEN_TEAM_A","","DOMESTIC","Espagne","Atleti","Atlético de Madrid","ATM","382","MINUTE","5","0","0","36.17","KILOMETER","32.8","KILOMETER_PER_HOUR"
"250024288","52747","33","1992-09-04","20","KURZAWA","FRA","","DEFENDER","MALE","182","./image/250024288.jpg","Layvin Kurzawa","DEFENDER","22","Kurzawa","43","74","France","Défenseur","Layvin","Kurzawa","Layvin Kurzawa","Kurzawa","200043","./assoc/200043_FRA.svg","./logo/52747.png","UEFA","FRA","52747","FAME","Paris","","https://img.uefa.com/imgml/TP/teams/logos/70x70/52747.png","https://img.uefa.com/imgml/TP/teams/logos/240x240/52747.png","252747","PSG","DOMESTIC_MEN_TEAM_A","","DOMESTIC","France","Paris","Paris Saint-Germain","PSG","381","MINUTE","5","0","0","42.74","KILOMETER","29.5","KILOMETER_PER_HOUR"
"250131275","50124","27","1998-04-08","12","Renan Lodi","BRA","UNKNOWN","DEFENDER","MALE","","./image/250131275.jpg","Renan Lodi","DEFENDER","","Lodi dos Santos","","","Brésil","Défenseur","","Renan Lodi","Renan Lodi","Renan Lodi","200122","./assoc/200122_ESP.svg","./logo/50124.png","UEFA","ESP","50124","FAME","Atleti","","https://img.uefa.com/imgml/TP/teams/logos/70x70/50124.png","https://img.uefa.com/imgml/TP/teams/logos/240x240/50124.png","250124","ATM","DOMESTIC_MEN_TEAM_A","","DOMESTIC","Espagne","Atleti","Atlético de Madrid","ATM","380","MINUTE","8","0","0","46.36","KILOMETER","31.7","KILOMETER_PER_HOUR"
"250005343","52714","35","1990-08-27","26","De Jong","NED","STRIKER","FORWARD","MALE","188","./image/250005343.jpg","Luuk de Jong","FORWARD","9","L. de Jong","95","80","Pays-Bas","Attaquant","Luuk","de Jong","Luuk de Jong","L. de Jong","200122","./assoc/200122_ESP.svg","./logo/52714.png","UEFA","ESP","52714","FAME","Sevilla","","https://img.uefa.com/imgml/TP/teams/logos/70x70/52714.png","https://img.uefa.com/imgml/TP/teams/logos/240x240/52714.png","252714","SEV","DOMESTIC_MEN_TEAM_A","","DOMESTIC","Espagne","Sevilla","Sevilla FC","SEV","380","MINUTE","6","2","0","44.88","KILOMETER","29.2","KILOMETER_PER_HOUR"
"250038226","53065","34","1991-01-24","29","Ze Luis","CPV","STRIKER","FORWARD","MALE","183","./image/250038226.jpg","Zé Luís","FORWARD","","Mendes Andrade","","","Cap-Vert","Attaquant","","Zé Luís","Zé Luís","Zé Luís","257451","./assoc/257451_RUS.svg","./logo/53065.png","UEFA","RUS","53065","FAME","Lokomotiv Moskva","","https://img.uefa.com/imgml/TP/teams/logos/70x70/53065.png","https://img.uefa.com/imgml/TP/teams/logos/240x240/53065.png","253065","LMO","DOMESTIC_MEN_TEAM_A","","DOMESTIC","Russie","Lokomotiv Moskva","FC Lokomotiv Moskva","LMO","380","MINUTE","5","0","1","39.03","KILOMETER","30.6","KILOMETER_PER_HOUR"
"250062241","2600288","30","1995-07-01","23","Bolingoli-Mbombo","BEL","FULL_BACK","DEFENDER","MALE","180","./image/250062241.jpg","Boli Bolingoli","DEFENDER","","Bolingoli Mbombo","","72","Belgique","Défenseur","Boli","Bolingoli","Boli Bolingoli","Bolingoli","200135","./assoc/200135_TUR.svg","./logo/2600288.png","UEFA","TUR","2600288","FAME","Başakşehir","","https://img.uefa.com/imgml/TP/teams/logos/70x70/2600288.png","https://img.uefa.com/imgml/TP/teams/logos/240x240/2600288.png","1500091","IST","DOMESTIC_MEN_TEAM_A","","DOMESTIC","Turquie","Başakşehir","İstanbul Başakşehir FK","IST","375","MINUTE","6","0","0","40.81","KILOMETER","32.4","KILOMETER_PER_HOUR"
"250072673","2601038","36","1989-07-20","8","Gazinskiy","RUS","CENTRAL_MIDFIELDER","MIDFIELDER","MALE","184","./image/250072673.jpg","Yuri Gazinski","MIDFIELDER","8","Gazinskii","57451","75","Russie","Milieu","Yuri","Gazinski","Yuri Gazinski","Gazinski","257451","./assoc/257451_RUS.svg","./logo/2601038.png","UEFA","RUS","2601038","FAME","Krasnodar","","https://img.uefa.com/imgml/TP/teams/logos/70x70/2601038.png","https://img.uefa.com/imgml/TP/teams/logos/240x240/2601038.png","250000383","KRA","DOMESTIC_MEN_TEAM_A","","DOMESTIC","Russie","Krasnodar","FC Krasnodar","KRA","375","MINUTE","5","0","0","49.68","KILOMETER","27","KILOMETER_PER_HOUR"
"250014636","2603790","35","1990-10-09","44","Kampl","SVN","CENTRAL_MIDFIELDER","MIDFIELDER","MALE","180","./image/250014636.jpg","Kevin Kampl","MIDFIELDER","10","Kampl","57163","67","Slovénie","Milieu","Kevin","Kampl","Kevin Kampl","Kampl","200047","./assoc/200047_GER.svg","./logo/2603790.png","UEFA","GER","2603790","FAME","Leipzig","","https://img.uefa.com/imgml/TP/teams/logos/70x70/2603790.png","https://img.uefa.com/imgml/TP/teams/logos/240x240/2603790.png","250002563","RBL","DOMESTIC_MEN_TEAM_A","","DOMESTIC","Allemagne","Leipzig","RB Leipzig","RBL","372","MINUTE","7","0","1","49","KILOMETER","31","KILOMETER_PER_HOUR"
"250059122","52748","31","1994-08-18","8","SANSON","FRA","CENTRAL_MIDFIELDER","MIDFIELDER","MALE","","./image/250059122.jpg","Morgan Sanson","MIDFIELDER","10","Sanson","43","","France","Milieu","Morgan","Sanson","Morgan Sanson","Sanson","200043","./assoc/200043_FRA.svg","./logo/52748.png","UEFA","FRA","52748","FAME","Marseille","","https://img.uefa.com/imgml/TP/teams/logos/70x70/52748.png","https://img.uefa.com/imgml/TP/teams/logos/240x240/52748.png","252748","MAR","DOMESTIC_MEN_TEAM_A","","DOMESTIC","France","Marseille","Olympique de Marseille","MAR","371","MINUTE","6","0","0","46.96","KILOMETER","31","KILOMETER_PER_HOUR"
"250040564","50138","32","1992-11-16","77","Brozović","CRO","DEFENSIVE_MIDFIELDER","MIDFIELDER","MALE","181","./image/250040564.jpg","Marcelo Brozović","MIDFIELDER","11","Brozović","56370","68","Croatie","Milieu","Marcelo","Brozović","Marcelo Brozović","Brozović","200066","./assoc/200066_ITA.svg","./logo/50138.png","UEFA","ITA","50138","FAME","Inter","","https://img.uefa.com/imgml/TP/teams/logos/70x70/50138.png","https://img.uefa.com/imgml/TP/teams/logos/240x240/50138.png","250138","INT","DOMESTIC_MEN_TEAM_A","","DOMESTIC","Italie","Inter","FC Internazionale Milano","INT","371","MINUTE","5","0","1","51.75","KILOMETER","28.8","KILOMETER_PER_HOUR"
"250123015","55031","31","1994-01-14","14","Bourigeaud","FRA","CENTRAL_MIDFIELDER","MIDFIELDER","MALE","","./image/250123015.jpg","Benjamin Bourigeaud","MIDFIELDER","","Bourigeaud","","","France","Milieu","Benjamin","Bourigeaud","Benjamin Bourigeaud","Bourigeaud","200043","./assoc/200043_FRA.svg","./logo/55031.png","UEFA","FRA","55031","FAME","Rennes","","https://img.uefa.com/imgml/TP/teams/logos/70x70/55031.png","https://img.uefa.com/imgml/TP/teams/logos/240x240/55031.png","255031","REN","DOMESTIC_MEN_TEAM_A","","DOMESTIC","France","Rennes","Stade Rennais FC","REN","371","MINUTE","5","0","1","46.64","KILOMETER","28.1","KILOMETER_PER_HOUR"
"250091808","52707","26","1999-07-24","6","Solomon","ISR","WINGER","MIDFIELDER","MALE","","./image/250091808.jpg","Manor Solomon","MIDFIELDER","10","Solomon","65","","Israël","Milieu","Manor","Solomon","Manor Solomon","Solomon","257166","./assoc/257166_UKR.svg","./logo/52707.png","UEFA","UKR","52707","FAME","Shakhtar","","https://img.uefa.com/imgml/TP/teams/logos/70x70/52707.png","https://img.uefa.com/imgml/TP/teams/logos/240x240/52707.png","252707","SHK","DOMESTIC_MEN_TEAM_A","","DOMESTIC","Ukraine","Shakhtar","FC Shakhtar Donetsk","SHK","370","MINUTE","6","2","0","45.02","KILOMETER","32.6","KILOMETER_PER_HOUR"
"250052596","52298","37","1988-09-01","26","LOVRENCSICS","HUN","FULL_BACK","DEFENDER","MALE","177","./image/250052596.jpg","Gergő Lovrencsics","DEFENDER","14","Lovrencsics","57","79","Hongrie","Défenseur","Gergő","Lovrencsics","Gergő Lovrencsics","Lovrencsics","200057","./assoc/200057_HUN.svg","./logo/52298.png","UEFA","HUN","52298","FAME","Ferencváros","","https://img.uefa.com/imgml/TP/teams/logos/70x70/52298.png","https://img.uefa.com/imgml/TP/teams/logos/240x240/52298.png","252298","FER","DOMESTIC_MEN_TEAM_A","","DOMESTIC","Hongrie","Ferencváros","Ferencvárosi TC","FER","370","MINUTE","6","0","0","41.89","KILOMETER","30.4","KILOMETER_PER_HOUR"
"250121491","52707","28","1997-07-15","7","Maycon","BRA","CENTRAL_MIDFIELDER","MIDFIELDER","MALE","","./image/250121491.jpg","Maycon","MIDFIELDER","","Maycon","","","Brésil","Milieu","","Maycon","Maycon","Maycon","257166","./assoc/257166_UKR.svg","./logo/52707.png","UEFA","UKR","52707","FAME","Shakhtar","","https://img.uefa.com/imgml/TP/teams/logos/70x70/52707.png","https://img.uefa.com/imgml/TP/teams/logos/240x240/52707.png","252707","SHK","DOMESTIC_MEN_TEAM_A","","DOMESTIC","Ukraine","Shakhtar","FC Shakhtar Donetsk","SHK","365","MINUTE","6","0","0","46.98","KILOMETER","30.2","KILOMETER_PER_HOUR"
"250010260","7889","35","1990-06-17","6","Henderson","ENG","CENTRAL_MIDFIELDER","MIDFIELDER","MALE","182","./image/250010260.jpg","Jordan Henderson","MIDFIELDER","8","Henderson","39","67","Angleterre","Milieu","Jordan","Henderson","Jordan Henderson","J. Henderson","200039","./assoc/200039_ENG.svg","./logo/7889.png","UEFA","ENG","7889","FAME","Liverpool","","https://img.uefa.com/imgml/TP/teams/logos/70x70/7889.png","https://img.uefa.com/imgml/TP/teams/logos/240x240/7889.png","207889","LIV","DOMESTIC_MEN_TEAM_A","","DOMESTIC","Angleterre","Liverpool","Liverpool FC","LIV","364","MINUTE","6","0","0","46.05","KILOMETER","29.2","KILOMETER_PER_HOUR"
"250047090","52298","30","1995-05-14","5","DVALI","GEO","CENTRE_BACK","DEFENDER","MALE","","./image/250047090.jpg","Lasha Dvali","DEFENDER","3","Dvali","57157","","Géorgie","Défenseur","Lasha","Dvali","Lasha Dvali","Dvali","200057","./assoc/200057_HUN.svg","./logo/52298.png","UEFA","HUN","52298","FAME","Ferencváros","","https://img.uefa.com/imgml/TP/teams/logos/70x70/52298.png","https://img.uefa.com/imgml/TP/teams/logos/240x240/52298.png","252298","FER","DOMESTIC_MEN_TEAM_A","","DOMESTIC","Hongrie","Ferencváros","Ferencvárosi TC","FER","364","MINUTE","5","0","0","41.13","KILOMETER","28.6","KILOMETER_PER_HOUR"
"250071809","52298","37","1988-05-13","88","Isael","BRA","WINGER","MIDFIELDER","MALE","","./image/250071809.jpg","Isael","MIDFIELDER","","Da Silva Barbosa","","","Brésil","Milieu","","Isael","Isael","Isael","200057","./assoc/200057_HUN.svg","./logo/52298.png","UEFA","HUN","52298","FAME","Ferencváros","","https://img.uefa.com/imgml/TP/teams/logos/70x70/52298.png","https://img.uefa.com/imgml/TP/teams/logos/240x240/52298.png","252298","FER","DOMESTIC_MEN_TEAM_A","","DOMESTIC","Hongrie","Ferencváros","Ferencvárosi TC","FER","362","MINUTE","6","0","0","43.93","KILOMETER","29.9","KILOMETER_PER_HOUR"
"103335","52758","36","1989-01-12","20","WITSEL","BEL","DEFENSIVE_MIDFIELDER","MIDFIELDER","MALE","186","./image/103335.jpg","Axel Witsel","MIDFIELDER","6","Witsel","13","73","Belgique","Milieu","Axel","Witsel","Axel Witsel","Witsel","200047","./assoc/200047_GER.svg","./logo/52758.png","UEFA","GER","52758","FAME","B. Dortmund","","https://img.uefa.com/imgml/TP/teams/logos/70x70/52758.png","https://img.uefa.com/imgml/TP/teams/logos/240x240/52758.png","252758","BVB","DOMESTIC_MEN_TEAM_A","","DOMESTIC","Allemagne","B. Dortmund","Borussia Dortmund","BVB","362","MINUTE","5","1","0","44.52","KILOMETER","29.9","KILOMETER_PER_HOUR"
"103769","50139","34","1990-12-26","16","Ramsey","WAL","CENTRAL_MIDFIELDER","MIDFIELDER","MALE","178","./image/103769.jpg","Aaron Ramsey","MIDFIELDER","10","Ramsey","144","76","Pays de Galles","Milieu","Aaron","Ramsey","Aaron Ramsey","Ramsey","200066","./assoc/200066_ITA.svg","./logo/50139.png","UEFA","ITA","50139","FAME","Juventus","","https://img.uefa.com/imgml/TP/teams/logos/70x70/50139.png","https://img.uefa.com/imgml/TP/teams/logos/240x240/50139.png","250139","JUV","DOMESTIC_MEN_TEAM_A","","DOMESTIC","Italie","Juventus","Juventus","JUV","361","MINUTE","7","0","0","48.43","KILOMETER","31.3","KILOMETER_PER_HOUR"
"70120","7889","39","1986-01-04","6","Milner","ENG","CENTRAL_MIDFIELDER","MIDFIELDER","MALE","175","./image/70120.jpg","James Milner","MIDFIELDER","4","Milner","39","70","Angleterre","Milieu","James","Milner","James Milner","Milner","200039","./assoc/200039_ENG.svg","./logo/7889.png","UEFA","ENG","7889","FAME","Liverpool","","https://img.uefa.com/imgml/TP/teams/logos/70x70/7889.png","https://img.uefa.com/imgml/TP/teams/logos/240x240/7889.png","207889","LIV","DOMESTIC_MEN_TEAM_A","","DOMESTIC","Angleterre","Liverpool","Liverpool FC","LIV","361","MINUTE","6","0","0","52.04","KILOMETER","28.8","KILOMETER_PER_HOUR"
"250088320","52919","25","2000-02-29","7","Ferran","ESP","WINGER","FORWARD","MALE","","./image/250088320.jpg","Ferran Torres","FORWARD","11","FERRAN","122","","Espagne","Attaquant","","Ferran Torres","Ferran Torres","Ferran Torres","200039","./assoc/200039_ENG.svg","./logo/52919.png","UEFA","ENG","52919","FAME","Man City","","https://img.uefa.com/imgml/TP/teams/logos/70x70/52919.png","https://img.uefa.com/imgml/TP/teams/logos/240x240/52919.png","252919","MCI","DOMESTIC_MEN_TEAM_A","","DOMESTIC","Angleterre","Man City","Manchester City","MCI","360","MINUTE","6","4","0","39.95","KILOMETER","31.5","KILOMETER_PER_HOUR"
"250041770","50037","30","1995-07-14","7","Gnabry","GER","WINGER","FORWARD","MALE","173","./image/250041770.jpg","Serge Gnabry","MIDFIELDER","20","Gnabry","47","73","Allemagne","Attaquant","Serge","Gnabry","Serge Gnabry","Gnabry","200047","./assoc/200047_GER.svg","./logo/50037.png","UEFA","GER","50037","FAME","Bayern München","","https://img.uefa.com/imgml/TP/teams/logos/70x70/50037.png","https://img.uefa.com/imgml/TP/teams/logos/240x240/50037.png","250037","BAY","DOMESTIC_MEN_TEAM_A","","DOMESTIC","Allemagne","Bayern München","FC Bayern München","BAY","360","MINUTE","6","0","1","42.27","KILOMETER","32","KILOMETER_PER_HOUR"
"102092","53065","35","1990-01-29","7","Krychowiak","POL","DEFENSIVE_MIDFIELDER","MIDFIELDER","MALE","186","./image/102092.jpg","Grzegorz Krychowiak","MIDFIELDER","10","Krychowiak","109","83","Pologne","Milieu","Grzegorz","Krychowiak","Grzegorz Krychowiak","Krychowiak","257451","./assoc/257451_RUS.svg","./logo/53065.png","UEFA","RUS","53065","FAME","Lokomotiv Moskva","","https://img.uefa.com/imgml/TP/teams/logos/70x70/53065.png","https://img.uefa.com/imgml/TP/teams/logos/240x240/53065.png","253065","LMO","DOMESTIC_MEN_TEAM_A","","DOMESTIC","Russie","Lokomotiv Moskva","FC Lokomotiv Moskva","LMO","360","MINUTE","4","0","0","42.42","KILOMETER","31","KILOMETER_PER_HOUR"
"250058183","52748","29","1996-09-17","55","Ćaleta-Car","CRO","CENTRE_BACK","DEFENDER","MALE","188","./image/250058183.jpg","Duje Ćaleta-Car","DEFENDER","5","Ćaleta-Car","56370","88","Croatie","Défenseur","Duje","Ćaleta-Car","Duje Ćaleta-Car","Ćaleta-Car","200043","./assoc/200043_FRA.svg","./logo/52748.png","UEFA","FRA","52748","FAME","Marseille","","https://img.uefa.com/imgml/TP/teams/logos/70x70/52748.png","https://img.uefa.com/imgml/TP/teams/logos/240x240/52748.png","252748","MAR","DOMESTIC_MEN_TEAM_A","","DOMESTIC","France","Marseille","Olympique de Marseille","MAR","360","MINUTE","4","0","0","36.75","KILOMETER","30.2","KILOMETER_PER_HOUR"
"250090101","2601038","26","1999-02-25","39","SAFONOV","RUS","GOALKEEPER","GOALKEEPER","MALE","","./image/250090101.jpg","Matvei Safonov","GOALKEEPER","39","Safonov","57451","","Russie","Gardien","Matvei","Safonov","Matvei Safonov","Safonov","257451","./assoc/257451_RUS.svg","./logo/2601038.png","UEFA","RUS","2601038","FAME","Krasnodar","","https://img.uefa.com/imgml/TP/teams/logos/70x70/2601038.png","https://img.uefa.com/imgml/TP/teams/logos/240x240/2601038.png","250000383","KRA","DOMESTIC_MEN_TEAM_A","","DOMESTIC","Russie","Krasnodar","FC Krasnodar","KRA","360","MINUTE","4","0","0","21.34","KILOMETER","20.11","KILOMETER_PER_HOUR"
"64287","75795","40","1985-03-31","1","Hansen","DEN","UNKNOWN","GOALKEEPER","MALE","188","./image/64287.jpg","Jesper Hansen","GOALKEEPER","16","Hansen","35","","Danemark","Gardien","Jesper","Hansen","Jesper Hansen","Hansen","200035","./assoc/200035_DEN.svg","./logo/75795.png","UEFA","DEN","75795","FAME","Midtjylland","","https://img.uefa.com/imgml/TP/teams/logos/70x70/75795.png","https://img.uefa.com/imgml/TP/teams/logos/240x240/75795.png","275795","MID","DOMESTIC_MEN_TEAM_A","","DOMESTIC","Danemark","Midtjylland","FC Midtjylland","MID","360","MINUTE","4","0","0","19.53","KILOMETER","31","KILOMETER_PER_HOUR"
"1904011","52758","34","1990-11-14","38","Bürki","SUI","GOALKEEPER","GOALKEEPER","MALE","187","./image/1904011.jpg","Roman Bürki","GOALKEEPER","21","Bürki","128","85","Suisse","Gardien","Roman","Bürki","Roman Bürki","Bürki","200047","./assoc/200047_GER.svg","./logo/52758.png","UEFA","GER","52758","FAME","B. Dortmund","","https://img.uefa.com/imgml/TP/teams/logos/70x70/52758.png","https://img.uefa.com/imgml/TP/teams/logos/240x240/52758.png","252758","BVB","DOMESTIC_MEN_TEAM_A","","DOMESTIC","Allemagne","B. Dortmund","Borussia Dortmund","BVB","360","MINUTE","4","0","0","19.2","KILOMETER","27.2","KILOMETER_PER_HOUR"
"250073955","55031","32","1993-09-05","16","GOMIS","SEN","UNKNOWN","GOALKEEPER","MALE","","./image/250073955.jpg","Alfred Gomis","GOALKEEPER","26","Gomis","118","","Sénégal","Gardien","Alfred","Gomis","Alfred Gomis","Gomis","200043","./assoc/200043_FRA.svg","./logo/55031.png","UEFA","FRA","55031","FAME","Rennes","","https://img.uefa.com/imgml/TP/teams/logos/70x70/55031.png","https://img.uefa.com/imgml/TP/teams/logos/240x240/55031.png","255031","REN","DOMESTIC_MEN_TEAM_A","","DOMESTIC","France","Rennes","Stade Rennais FC","REN","360","MINUTE","4","0","0","17.68","KILOMETER","21.6","KILOMETER_PER_HOUR"
"250024883","52723","31","1994-05-31","1","Bushchan","UKR","GOALKEEPER","GOALKEEPER","MALE","200","./image/250024883.jpg","Georgiy Bushchan","GOALKEEPER","1","Bushchan","57166","83","Ukraine","Gardien","Georgiy","Bushchan","Georgiy Bushchan","Bushchan","257166","./assoc/257166_UKR.svg","./logo/52723.png","UEFA","UKR","52723","FAME","Dynamo Kyiv","","https://img.uefa.com/imgml/TP/teams/logos/70x70/52723.png","https://img.uefa.com/imgml/TP/teams/logos/240x240/52723.png","252723","DKY","DOMESTIC_MEN_TEAM_A","","DOMESTIC","Ukraine","Dynamo Kyiv","FC Dynamo Kyiv","DKY","360","MINUTE","4","0","0","16.25","KILOMETER","22.1","KILOMETER_PER_HOUR"
"250088061","50138","26","1998-11-04","2","HAKIMI","MAR","WINGER","DEFENDER","MALE","179","./image/250088061.jpg","Achraf Hakimi","MIDFIELDER","2","Hakimi","92","68","Maroc","Défenseur","Achraf","Hakimi","Achraf Hakimi","Hakimi","200066","./assoc/200066_ITA.svg","./logo/50138.png","UEFA","ITA","50138","FAME","Inter","","https://img.uefa.com/imgml/TP/teams/logos/70x70/50138.png","https://img.uefa.com/imgml/TP/teams/logos/240x240/50138.png","250138","INT","DOMESTIC_MEN_TEAM_A","","DOMESTIC","Italie","Inter","FC Internazionale Milano","INT","359","MINUTE","5","0","1","44.29","KILOMETER","34","KILOMETER_PER_HOUR"
"250112530","53065","27","1998-06-24","25","Kulikov","RUS","CENTRAL_MIDFIELDER","MIDFIELDER","MALE","","./image/250112530.jpg","Daniil Kulikov","MIDFIELDER","15","Kulikov","257451","","Russie","Milieu","Daniil","Kulikov","Daniil Kulikov","Kulikov","257451","./assoc/257451_RUS.svg","./logo/53065.png","UEFA","RUS","53065","FAME","Lokomotiv Moskva","","https://img.uefa.com/imgml/TP/teams/logos/70x70/53065.png","https://img.uefa.com/imgml/TP/teams/logos/240x240/53065.png","253065","LMO","DOMESTIC_MEN_TEAM_A","","DOMESTIC","Russie","Lokomotiv Moskva","FC Lokomotiv Moskva","LMO","359","MINUTE","4","0","0","42.29","KILOMETER","29.9","KILOMETER_PER_HOUR"
"250144211","50143","25","2000-02-24","7","ANTONY","BRA","WINGER","FORWARD","MALE","","./image/250144211.jpg","Antony","FORWARD","19","Antony","18","","Brésil","Attaquant","","Antony","Antony","Antony","200095","./assoc/200095_NED.svg","./logo/50143.png","UEFA","NED","50143","FAME","Ajax","","https://img.uefa.com/imgml/TP/teams/logos/70x70/50143.png","https://img.uefa.com/imgml/TP/teams/logos/240x240/50143.png","250143","AJX","DOMESTIC_MEN_TEAM_A","","DOMESTIC","Pays-Bas","Ajax","AFC Ajax","AJX","358","MINUTE","4","1","0","39.99","KILOMETER","33.3","KILOMETER_PER_HOUR"
"1905181","52973","38","1987-01-09","6","Lucas","BRA","DEFENSIVE_MIDFIELDER","MIDFIELDER","MALE","179","./image/1905181.jpg","Lucas Leiva","MIDFIELDER","","Pezzini Leiva","","76","Brésil","Milieu","","Lucas Leiva","Lucas Leiva","Lucas Leiva","200066","./assoc/200066_ITA.svg","./logo/52973.png","UEFA","ITA","52973","FAME","Lazio","","https://img.uefa.com/imgml/TP/teams/logos/70x70/52973.png","https://img.uefa.com/imgml/TP/teams/logos/240x240/52973.png","252973","LAZ","DOMESTIC_MEN_TEAM_A","","DOMESTIC","Italie","Lazio","S.S. Lazio","LAZ","356","MINUTE","5","0","1","44.67","KILOMETER","28.8","KILOMETER_PER_HOUR"
"250008250","52723","34","1991-05-02","5","Sydorchuk","UKR","CENTRAL_MIDFIELDER","MIDFIELDER","MALE","189","./image/250008250.jpg","Serhiy Sydorchuk","MIDFIELDER","5","Sydorchuk","57166","90","Ukraine","Milieu","Serhiy","Sydorchuk","Serhiy Sydorchuk","Sydorchuk","257166","./assoc/257166_UKR.svg","./logo/52723.png","UEFA","UKR","52723","FAME","Dynamo Kyiv","","https://img.uefa.com/imgml/TP/teams/logos/70x70/52723.png","https://img.uefa.com/imgml/TP/teams/logos/240x240/52723.png","252723","DKY","DOMESTIC_MEN_TEAM_A","","DOMESTIC","Ukraine","Dynamo Kyiv","FC Dynamo Kyiv","DKY","355","MINUTE","4","0","0","42.95","KILOMETER","28.6","KILOMETER_PER_HOUR"
"250092185","52723","26","1999-05-29","16","Mykolenko","UKR","CENTRE_BACK","DEFENDER","MALE","","./image/250092185.jpg","Vitaliy Mykolenko","DEFENDER","16","Mykolenko","57166","","Ukraine","Défenseur","Vitaliy","Mykolenko","Vitaliy Mykolenko","Mykolenko","257166","./assoc/257166_UKR.svg","./logo/52723.png","UEFA","UKR","52723","FAME","Dynamo Kyiv","","https://img.uefa.com/imgml/TP/teams/logos/70x70/52723.png","https://img.uefa.com/imgml/TP/teams/logos/240x240/52723.png","252723","DKY","DOMESTIC_MEN_TEAM_A","","DOMESTIC","Ukraine","Dynamo Kyiv","FC Dynamo Kyiv","DKY","354","MINUTE","4","0","0","38.83","KILOMETER","32","KILOMETER_PER_HOUR"
"250052948","52816","34","1991-04-16","9","L. Muriel","COL","STRIKER","FORWARD","MALE","178","./image/250052948.jpg","Luis Muriel","FORWARD","","L. MURIEL","29","75","Colombie","Attaquant","Luis","Muriel","Luis Muriel","Muriel","200066","./assoc/200066_ITA.svg","./logo/52816.png","UEFA","ITA","52816","FAME","Atalanta","","https://img.uefa.com/imgml/TP/teams/logos/70x70/52816.png","https://img.uefa.com/imgml/TP/teams/logos/240x240/52816.png","252816","ATA","DOMESTIC_MEN_TEAM_A","","DOMESTIC","Italie","Atalanta","Atalanta BC","ATA","352","MINUTE","7","3","0","39.33","KILOMETER","31.7","KILOMETER_PER_HOUR"
"250029318","52758","34","1991-09-12","12","MEUNIER","BEL","FULL_BACK","DEFENDER","MALE","190","./image/250029318.jpg","Thomas Meunier","DEFENDER","15","Meunier","13","78","Belgique","Défenseur","Thomas","Meunier","Thomas Meunier","Meunier","200047","./assoc/200047_GER.svg","./logo/52758.png","UEFA","GER","52758","FAME","B. Dortmund","","https://img.uefa.com/imgml/TP/teams/logos/70x70/52758.png","https://img.uefa.com/imgml/TP/teams/logos/240x240/52758.png","252758","BVB","DOMESTIC_MEN_TEAM_A","","DOMESTIC","Allemagne","B. Dortmund","Borussia Dortmund","BVB","348","MINUTE","7","0","1","45.74","KILOMETER","31","KILOMETER_PER_HOUR"
"250063940","50124","30","1995-06-18","22","Hermoso","ESP","UNKNOWN","DEFENDER","MALE","","./image/250063940.jpg","Mario Hermoso","DEFENDER","4","Hermoso","122","","Espagne","Défenseur","Mario","Hermoso","Mario Hermoso","Hermoso","200122","./assoc/200122_ESP.svg","./logo/50124.png","UEFA","ESP","50124","FAME","Atleti","","https://img.uefa.com/imgml/TP/teams/logos/70x70/50124.png","https://img.uefa.com/imgml/TP/teams/logos/240x240/50124.png","250124","ATM","DOMESTIC_MEN_TEAM_A","","DOMESTIC","Espagne","Atleti","Atlético de Madrid","ATM","347","MINUTE","6","1","0","37.58","KILOMETER","30.8","KILOMETER_PER_HOUR"
"250024124","52723","32","1993-01-06","29","Buialskyi","UKR","CENTRAL_MIDFIELDER","MIDFIELDER","MALE","170","./image/250024124.jpg","Vitaliy Buialskyi","MIDFIELDER","14","Buyalskyi","57166","62","Ukraine","Milieu","Vitaliy","Buialskyi","Vitaliy Buialskyi","Buialskyi","257166","./assoc/257166_UKR.svg","./logo/52723.png","UEFA","UKR","52723","FAME","Dynamo Kyiv","","https://img.uefa.com/imgml/TP/teams/logos/70x70/52723.png","https://img.uefa.com/imgml/TP/teams/logos/240x240/52723.png","252723","DKY","DOMESTIC_MEN_TEAM_A","","DOMESTIC","Ukraine","Dynamo Kyiv","FC Dynamo Kyiv","DKY","347","MINUTE","4","0","1","44.84","KILOMETER","29.7","KILOMETER_PER_HOUR"
"250053191","52914","32","1993-03-19","22","ZIYECH","MAR","CENTRAL_MIDFIELDER","MIDFIELDER","MALE","180","./image/250053191.jpg","Hakim Ziyech","MIDFIELDER","7","Ziyech","92","70","Maroc","Milieu","Hakim","Ziyech","Hakim Ziyech","Ziyech","200039","./assoc/200039_ENG.svg","./logo/52914.png","UEFA","ENG","52914","FAME","Chelsea","","https://img.uefa.com/imgml/TP/teams/logos/70x70/52914.png","https://img.uefa.com/imgml/TP/teams/logos/240x240/52914.png","252914","CHE","DOMESTIC_MEN_TEAM_A","","DOMESTIC","Angleterre","Chelsea","Chelsea FC","CHE","345","MINUTE","10","2","0","43.4","KILOMETER","30.6","KILOMETER_PER_HOUR"
"97787","52826","37","1988-08-22","22","Dzyuba","RUS","STRIKER","FORWARD","MALE","196","./image/97787.jpg","Artem Dzyuba","FORWARD","22","Dzyuba","57451","91","Russie","Attaquant","Artem","Dzyuba","Artem Dzyuba","Dzyuba","257451","./assoc/257451_RUS.svg","./logo/52826.png","UEFA","RUS","52826","FAME","Zenit","","https://img.uefa.com/imgml/TP/teams/logos/70x70/52826.png","https://img.uefa.com/imgml/TP/teams/logos/240x240/52826.png","252826","ZEN","DOMESTIC_MEN_TEAM_A","","DOMESTIC","Russie","Zenit","FC Zenit","ZEN","345","MINUTE","5","1","1","38.63","KILOMETER","28.6","KILOMETER_PER_HOUR"
"250101166","50043","27","1997-11-15","42","Dennis","NGA","STRIKER","FORWARD","MALE","174","./image/250101166.jpg","Emmanuel Dennis","FORWARD","13","Dennis","100","67","Nigeria","Attaquant","Emmanuel","Dennis","Emmanuel Dennis","Dennis","200013","./assoc/200013_BEL.svg","./logo/50043.png","UEFA","BEL","50043","FAME","Club Brugge","","https://img.uefa.com/imgml/TP/teams/logos/70x70/50043.png","https://img.uefa.com/imgml/TP/teams/logos/240x240/50043.png","250043","BRU","DOMESTIC_MEN_TEAM_A","","DOMESTIC","Belgique","Club Brugge","Club Brugge KV","BRU","345","MINUTE","4","1","1","40.08","KILOMETER","32.4","KILOMETER_PER_HOUR"
"250082769","75795","30","1995-02-04","7","SISTO","DEN","WINGER","MIDFIELDER","MALE","171","./image/250082769.jpg","Pione Sisto","MIDFIELDER","23","Sisto","35","64","Danemark","Milieu","Pione","Sisto","Pione Sisto","Sisto","200035","./assoc/200035_DEN.svg","./logo/75795.png","UEFA","DEN","75795","FAME","Midtjylland","","https://img.uefa.com/imgml/TP/teams/logos/70x70/75795.png","https://img.uefa.com/imgml/TP/teams/logos/240x240/75795.png","275795","MID","DOMESTIC_MEN_TEAM_A","","DOMESTIC","Danemark","Midtjylland","FC Midtjylland","MID","344","MINUTE","5","0","0","48.14","KILOMETER","28.6","KILOMETER_PER_HOUR"
"250147188","52973","29","1996-02-15","93","Fares","ALG","UNKNOWN","DEFENDER","MALE","","./image/250147188.jpg","Mohamed Fares","DEFENDER","","Fares","3","","Algérie","Défenseur","Mohamed","Fares","Mohamed Fares","Fares","200066","./assoc/200066_ITA.svg","./logo/52973.png","UEFA","ITA","52973","FAME","Lazio","","https://img.uefa.com/imgml/TP/teams/logos/70x70/52973.png","https://img.uefa.com/imgml/TP/teams/logos/240x240/52973.png","252973","LAZ","DOMESTIC_MEN_TEAM_A","","DOMESTIC","Italie","Lazio","S.S. Lazio","LAZ","342","MINUTE","6","0","0","43.24","KILOMETER","30.8","KILOMETER_PER_HOUR"
"250088240","52682","28","1996-12-08","8","McTominay","SCO","DEFENSIVE_MIDFIELDER","FORWARD","MALE","","./image/250088240.jpg","Scott McTominay","MIDFIELDER","4","McTominay","117","","Écosse","Attaquant","Scott","McTominay","Scott McTominay","McTominay","200039","./assoc/200039_ENG.svg","./logo/52682.png","UEFA","ENG","52682","FAME","Man Utd","","https://img.uefa.com/imgml/TP/teams/logos/70x70/52682.png","https://img.uefa.com/imgml/TP/teams/logos/240x240/52682.png","252682","MUN","DOMESTIC_MEN_TEAM_A","","DOMESTIC","Angleterre","Man Utd","Manchester United","MUN","342","MINUTE","5","0","0","41.99","KILOMETER","28.6","KILOMETER_PER_HOUR"
"250080553","55031","29","1996-03-12","9","Guirassy","GUI","STRIKER","FORWARD","MALE","","./image/250080553.jpg","Serhou Guirassy","FORWARD","11","Guirassy","52","","Guinée","Attaquant","Serhou","Guirassy","Serhou Guirassy","Guirassy","200043","./assoc/200043_FRA.svg","./logo/55031.png","UEFA","FRA","55031","FAME","Rennes","","https://img.uefa.com/imgml/TP/teams/logos/70x70/55031.png","https://img.uefa.com/imgml/TP/teams/logos/240x240/55031.png","255031","REN","DOMESTIC_MEN_TEAM_A","","DOMESTIC","France","Rennes","Stade Rennais FC","REN","342","MINUTE","4","2","0","38.39","KILOMETER","29.2","KILOMETER_PER_HOUR"
"101299","52919","40","1985-05-04","25","Fernandinho","BRA","","MIDFIELDER","MALE","176","./image/101299.jpg","Fernandinho","MIDFIELDER","5","Fernandinho","18","67","Brésil","Milieu","","Fernandinho","Fernandinho","Fernandinho","200039","./assoc/200039_ENG.svg","./logo/52919.png","UEFA","ENG","52919","FAME","Man City","","https://img.uefa.com/imgml/TP/teams/logos/70x70/52919.png","https://img.uefa.com/imgml/TP/teams/logos/240x240/52919.png","252919","MCI","DOMESTIC_MEN_TEAM_A","","DOMESTIC","Angleterre","Man City","Manchester City","MCI","341","MINUTE","7","0","0","40.71","KILOMETER","28.4","KILOMETER_PER_HOUR"
"1901409","52748","38","1987-03-29","10","Payet","FRA","WINGER","FORWARD","MALE","175","./image/1901409.jpg","Dimitri Payet","FORWARD","18","Payet","43","77","France","Attaquant","Dimitri","Payet","Dimitri Payet","Payet","200043","./assoc/200043_FRA.svg","./logo/52748.png","UEFA","FRA","52748","FAME","Marseille","","https://img.uefa.com/imgml/TP/teams/logos/70x70/52748.png","https://img.uefa.com/imgml/TP/teams/logos/240x240/52748.png","252748","MAR","DOMESTIC_MEN_TEAM_A","","DOMESTIC","France","Marseille","Olympique de Marseille","MAR","341","MINUTE","6","2","0","38.35","KILOMETER","29.2","KILOMETER_PER_HOUR"
"250062176","52682","32","1993-03-05","7","FRED","BRA","CENTRAL_MIDFIELDER","MIDFIELDER","MALE","169","./image/250062176.jpg","Fred","MIDFIELDER","8","Rodrigues de Paula Santos","18","72","Brésil","Milieu","","Fred","Fred","Fred","200039","./assoc/200039_ENG.svg","./logo/52682.png","UEFA","ENG","52682","FAME","Man Utd","","https://img.uefa.com/imgml/TP/teams/logos/70x70/52682.png","https://img.uefa.com/imgml/TP/teams/logos/240x240/52682.png","252682","MUN","DOMESTIC_MEN_TEAM_A","","DOMESTIC","Angleterre","Man Utd","Manchester United","MUN","340","MINUTE","4","0","1","40.49","KILOMETER","29.2","KILOMETER_PER_HOUR"
"250104090","52914","24","2000-11-07","7","Hudson-Odoi","ENG","UNKNOWN","FORWARD","MALE","","./image/250104090.jpg","Callum Hudson-Odoi","MIDFIELDER","10","Hudson-Odoi","39","","Angleterre","Attaquant","Callum","Hudson-Odoi","Callum Hudson-Odoi","Hudson-Odoi","200039","./assoc/200039_ENG.svg","./logo/52914.png","UEFA","ENG","52914","FAME","Chelsea","","https://img.uefa.com/imgml/TP/teams/logos/70x70/52914.png","https://img.uefa.com/imgml/TP/teams/logos/240x240/52914.png","252914","CHE","DOMESTIC_MEN_TEAM_A","","DOMESTIC","Angleterre","Chelsea","Chelsea FC","CHE","339","MINUTE","7","2","0","37.78","KILOMETER","31.5","KILOMETER_PER_HOUR"
"250063505","50124","30","1995-01-20","2","J. M. GIMÉNEZ","URU","CENTRE_BACK","DEFENDER","MALE","185","./image/250063505.jpg","José María Giménez","DEFENDER","2","Giménez","138","76","Uruguay","Défenseur","José María","Giménez","José María Giménez","Giménez","200122","./assoc/200122_ESP.svg","./logo/50124.png","UEFA","ESP","50124","FAME","Atleti","","https://img.uefa.com/imgml/TP/teams/logos/70x70/50124.png","https://img.uefa.com/imgml/TP/teams/logos/240x240/50124.png","250124","ATM","DOMESTIC_MEN_TEAM_A","","DOMESTIC","Espagne","Atleti","Atlético de Madrid","ATM","338","MINUTE","4","1","0","34.58","KILOMETER","31.5","KILOMETER_PER_HOUR"
"250002704","50080","37","1988-07-16","5","Sergio","ESP","DEFENSIVE_MIDFIELDER","MIDFIELDER","MALE","189","./image/250002704.jpg","Sergio Busquets","MIDFIELDER","5","Sergio","122","76","Espagne","Milieu","","Sergio Busquets","Sergio Busquets","Sergio Busquets","200122","./assoc/200122_ESP.svg","./logo/50080.png","UEFA","ESP","50080","FAME","Barcelona","","https://img.uefa.com/imgml/TP/teams/logos/70x70/50080.png","https://img.uefa.com/imgml/TP/teams/logos/240x240/50080.png","250080","BAR","DOMESTIC_MEN_TEAM_A","","DOMESTIC","Espagne","Barcelona","FC Barcelona","BAR","336","MINUTE","6","0","0","40.83","KILOMETER","27","KILOMETER_PER_HOUR"
"250112122","50080","25","1999-12-29","17","Trincão","POR","STRIKER","FORWARD","MALE","","./image/250112122.jpg","Francisco Trincão","FORWARD","16","TRINCÃO","110","","Portugal","Attaquant","","Francisco Trincão","Francisco Trincão","Francisco Trincão","200122","./assoc/200122_ESP.svg","./logo/50080.png","UEFA","ESP","50080","FAME","Barcelona","","https://img.uefa.com/imgml/TP/teams/logos/70x70/50080.png","https://img.uefa.com/imgml/TP/teams/logos/240x240/50080.png","250080","BAR","DOMESTIC_MEN_TEAM_A","","DOMESTIC","Espagne","Barcelona","FC Barcelona","BAR","333","MINUTE","7","0","0","41.67","KILOMETER","29.9","KILOMETER_PER_HOUR"
"250121747","50139","29","1996-08-12","18","Ramos De Oliveira Melo","BRA","UNKNOWN","MIDFIELDER","MALE","","./image/250121747.jpg","Arthur","MIDFIELDER","","Ramos de Oliveira Melo","18","","Brésil","Milieu","","Arthur","Arthur","Arthur","200066","./assoc/200066_ITA.svg","./logo/50139.png","UEFA","ITA","50139","FAME","Juventus","","https://img.uefa.com/imgml/TP/teams/logos/70x70/50139.png","https://img.uefa.com/imgml/TP/teams/logos/240x240/50139.png","250139","JUV","DOMESTIC_MEN_TEAM_A","","DOMESTIC","Italie","Juventus","Juventus","JUV","332","MINUTE","7","0","0","41.52","KILOMETER","29","KILOMETER_PER_HOUR"
"250113274","7889","24","2001-02-03","18","Williams","ENG","UNKNOWN","DEFENDER","MALE","","./image/250113274.jpg","Rhys Williams","DEFENDER","15","Williams","200039","","Angleterre","Défenseur","Rhys","Williams","Rhys Williams","Williams","200039","./assoc/200039_ENG.svg","./logo/7889.png","UEFA","ENG","7889","FAME","Liverpool","","https://img.uefa.com/imgml/TP/teams/logos/70x70/7889.png","https://img.uefa.com/imgml/TP/teams/logos/240x240/7889.png","207889","LIV","DOMESTIC_MEN_TEAM_A","","DOMESTIC","Angleterre","Liverpool","Liverpool FC","LIV","332","MINUTE","6","0","0","37.89","KILOMETER","29","KILOMETER_PER_HOUR"
"250042705","52682","30","1995-07-12","23","Shaw","ENG","FULL_BACK","DEFENDER","MALE","185","./image/250042705.jpg","Luke Shaw","DEFENDER","3","Shaw","39","75","Angleterre","Défenseur","Luke","Shaw","Luke Shaw","Shaw","200039","./assoc/200039_ENG.svg","./logo/52682.png","UEFA","ENG","52682","FAME","Man Utd","","https://img.uefa.com/imgml/TP/teams/logos/70x70/52682.png","https://img.uefa.com/imgml/TP/teams/logos/240x240/52682.png","252682","MUN","DOMESTIC_MEN_TEAM_A","","DOMESTIC","Angleterre","Man Utd","Manchester United","MUN","331","MINUTE","4","0","1","36.69","KILOMETER","32","KILOMETER_PER_HOUR"
"250128270","55031","22","2002-11-10","6","CAMAVINGA","FRA","DEFENSIVE_MIDFIELDER","MIDFIELDER","MALE","","./image/250128270.jpg","Eduardo Camavinga","MIDFIELDER","6","Camavinga","43","","France","Milieu","Eduardo","Camavinga","Eduardo Camavinga","Camavinga","200043","./assoc/200043_FRA.svg","./logo/55031.png","UEFA","FRA","55031","FAME","Rennes","","https://img.uefa.com/imgml/TP/teams/logos/70x70/55031.png","https://img.uefa.com/imgml/TP/teams/logos/240x240/55031.png","255031","REN","DOMESTIC_MEN_TEAM_A","","DOMESTIC","France","Rennes","Stade Rennais FC","REN","331","MINUTE","4","0","0","37.48","KILOMETER","29.9","KILOMETER_PER_HOUR"
"250080619","7889","34","1991-10-02","9","Firmino","BRA","STRIKER","FORWARD","MALE","","./image/250080619.jpg","Roberto Firmino","FORWARD","","Roberto Firmino","18","","Brésil","Attaquant","Roberto","Firmino","Roberto Firmino","Firmino","200039","./assoc/200039_ENG.svg","./logo/7889.png","UEFA","ENG","7889","FAME","Liverpool","","https://img.uefa.com/imgml/TP/teams/logos/70x70/7889.png","https://img.uefa.com/imgml/TP/teams/logos/240x240/7889.png","207889","LIV","DOMESTIC_MEN_TEAM_A","","DOMESTIC","Angleterre","Liverpool","Liverpool FC","LIV","328","MINUTE","9","0","0","45.38","KILOMETER","31","KILOMETER_PER_HOUR"
"250042640","52298","30","1995-02-02","14","Kharatin","UKR","DEFENSIVE_MIDFIELDER","MIDFIELDER","MALE","188","./image/250042640.jpg","Ihor Kharatin","MIDFIELDER","14","Kharatin","57166","76","Ukraine","Milieu","Ihor","Kharatin","Ihor Kharatin","Kharatin","200057","./assoc/200057_HUN.svg","./logo/52298.png","UEFA","HUN","52298","FAME","Ferencváros","","https://img.uefa.com/imgml/TP/teams/logos/70x70/52298.png","https://img.uefa.com/imgml/TP/teams/logos/240x240/52298.png","252298","FER","DOMESTIC_MEN_TEAM_A","","DOMESTIC","Hongrie","Ferencváros","Ferencvárosi TC","FER","328","MINUTE","5","1","0","39.67","KILOMETER","28.1","KILOMETER_PER_HOUR"
"250132834","52723","33","1992-03-11","14","De Pena","URU","WINGER","MIDFIELDER","MALE","","./image/250132834.jpg","Carlos de Pena","MIDFIELDER","","De Pena","138","","Uruguay","Milieu","Carlos","De Pena","Carlos de Pena","De Pena","257166","./assoc/257166_UKR.svg","./logo/52723.png","UEFA","UKR","52723","FAME","Dynamo Kyiv","","https://img.uefa.com/imgml/TP/teams/logos/70x70/52723.png","https://img.uefa.com/imgml/TP/teams/logos/240x240/52723.png","252723","DKY","DOMESTIC_MEN_TEAM_A","","DOMESTIC","Ukraine","Dynamo Kyiv","FC Dynamo Kyiv","DKY","327","MINUTE","6","1","0","39.41","KILOMETER","29.2","KILOMETER_PER_HOUR"
"250121175","75795","26","1999-08-10","24","Cajuste","SWE","UNKNOWN","MIDFIELDER","MALE","","./image/250121175.jpg","Jens Cajuste","MIDFIELDER","8","Cajuste","127","","Suède","Milieu","Jens","Cajuste","Jens Cajuste","Cajuste","200035","./assoc/200035_DEN.svg","./logo/75795.png","UEFA","DEN","75795","FAME","Midtjylland","","https://img.uefa.com/imgml/TP/teams/logos/70x70/75795.png","https://img.uefa.com/imgml/TP/teams/logos/240x240/75795.png","275795","MID","DOMESTIC_MEN_TEAM_A","","DOMESTIC","Danemark","Midtjylland","FC Midtjylland","MID","327","MINUTE","4","0","1","39.65","KILOMETER","29.5","KILOMETER_PER_HOUR"
"250008106","2600288","40","1985-05-25","19","Ba","FRA","STRIKER","FORWARD","MALE","189","./image/250008106.jpg","Demba Ba","FORWARD","","Ba","","84","France","Attaquant","Demba","Ba","Demba Ba","Ba","200135","./assoc/200135_TUR.svg","./logo/2600288.png","UEFA","TUR","2600288","FAME","Başakşehir","","https://img.uefa.com/imgml/TP/teams/logos/70x70/2600288.png","https://img.uefa.com/imgml/TP/teams/logos/240x240/2600288.png","1500091","IST","DOMESTIC_MEN_TEAM_A","","DOMESTIC","Turquie","Başakşehir","İstanbul Başakşehir FK","IST","326","MINUTE","6","1","1","33.17","KILOMETER","29.2","KILOMETER_PER_HOUR"
"250111308","52714","33","1991-10-28","19","Acuña","ARG","ATTACKING_MIDFIELDER","DEFENDER","MALE","","./image/250111308.jpg","Marcos Acuña","MIDFIELDER","8","Acuña","6","","Argentine","Défenseur","Marcos","Acuña","Marcos Acuña","Acuña","200122","./assoc/200122_ESP.svg","./logo/52714.png","UEFA","ESP","52714","FAME","Sevilla","","https://img.uefa.com/imgml/TP/teams/logos/70x70/52714.png","https://img.uefa.com/imgml/TP/teams/logos/240x240/52714.png","252714","SEV","DOMESTIC_MEN_TEAM_A","","DOMESTIC","Espagne","Sevilla","Sevilla FC","SEV","326","MINUTE","4","0","1","37.1","KILOMETER","31","KILOMETER_PER_HOUR"
"250051754","2603790","32","1992-11-03","4","Orbán","HUN","CENTRE_BACK","DEFENDER","MALE","","./image/250051754.jpg","Willi Orbán","DEFENDER","6","Orbán","57","","Hongrie","Défenseur","Willi","Orbán","Willi Orbán","Orbán","200047","./assoc/200047_GER.svg","./logo/2603790.png","UEFA","GER","2603790","FAME","Leipzig","","https://img.uefa.com/imgml/TP/teams/logos/70x70/2603790.png","https://img.uefa.com/imgml/TP/teams/logos/240x240/2603790.png","250002563","RBL","DOMESTIC_MEN_TEAM_A","","DOMESTIC","Allemagne","Leipzig","RB Leipzig","RBL","324","MINUTE","6","0","0","36.83","KILOMETER","30.4","KILOMETER_PER_HOUR"
"250122732","52973","31","1993-11-29","29","Lazzari","ITA","CENTRAL_MIDFIELDER","DEFENDER","MALE","","./image/250122732.jpg","Manuel Lazzari","DEFENDER","2","Lazzari","66","","Italie","Défenseur","Manuel","Lazzari","Manuel Lazzari","Lazzari","200066","./assoc/200066_ITA.svg","./logo/52973.png","UEFA","ITA","52973","FAME","Lazio","","https://img.uefa.com/imgml/TP/teams/logos/70x70/52973.png","https://img.uefa.com/imgml/TP/teams/logos/240x240/52973.png","252973","LAZ","DOMESTIC_MEN_TEAM_A","","DOMESTIC","Italie","Lazio","S.S. Lazio","LAZ","323","MINUTE","5","0","0","39.08","KILOMETER","32.4","KILOMETER_PER_HOUR"
"250128120","50037","24","2000-11-02","19","Davies","CAN","FULL_BACK","MIDFIELDER","MALE","","./image/250128120.jpg","Alphonso Davies","DEFENDER","19","Davies","24","","Canada","Milieu","Alphonso","Davies","Alphonso Davies","Davies","200047","./assoc/200047_GER.svg","./logo/50037.png","UEFA","GER","50037","FAME","Bayern München","","https://img.uefa.com/imgml/TP/teams/logos/70x70/50037.png","https://img.uefa.com/imgml/TP/teams/logos/240x240/50037.png","250037","BAY","DOMESTIC_MEN_TEAM_A","","DOMESTIC","Allemagne","Bayern München","FC Bayern München","BAY","321","MINUTE","6","0","0","38.18","KILOMETER","33.8","KILOMETER_PER_HOUR"
"250012557","50043","32","1993-07-18","23","Rits","BEL","DEFENSIVE_MIDFIELDER","MIDFIELDER","MALE","177","./image/250012557.jpg","Mats Rits","MIDFIELDER","","Rits","200013","69","Belgique","Milieu","Mats","Rits","Mats Rits","Rits","200013","./assoc/200013_BEL.svg","./logo/50043.png","UEFA","BEL","50043","FAME","Club Brugge","","https://img.uefa.com/imgml/TP/teams/logos/70x70/50043.png","https://img.uefa.com/imgml/TP/teams/logos/240x240/50043.png","250043","BRU","DOMESTIC_MEN_TEAM_A","","DOMESTIC","Belgique","Club Brugge","Club Brugge KV","BRU","321","MINUTE","5","0","0","41.68","KILOMETER","31","KILOMETER_PER_HOUR"
"250103777","7889","25","2000-03-25","19","Ozan Kabak","TUR","CENTRE_BACK","DEFENDER","MALE","","./image/250103777.jpg","Ozan Kabak","DEFENDER","15","OZAN KABAK","135","","Turquie","Défenseur","","Ozan Kabak","Ozan Kabak","Ozan Kabak","200039","./assoc/200039_ENG.svg","./logo/7889.png","UEFA","ENG","7889","FAME","Liverpool","","https://img.uefa.com/imgml/TP/teams/logos/70x70/7889.png","https://img.uefa.com/imgml/TP/teams/logos/240x240/7889.png","207889","LIV","DOMESTIC_MEN_TEAM_A","","DOMESTIC","Angleterre","Liverpool","Liverpool FC","LIV","321","MINUTE","4","0","0","36.14","KILOMETER","32.8","KILOMETER_PER_HOUR"
"250021669","52826","32","1992-11-05","27","Ozdoev","RUS","CENTRAL_MIDFIELDER","MIDFIELDER","MALE","181","./image/250021669.jpg","Magomed Ozdoev","MIDFIELDER","7","Ozdoev","57451","77","Russie","Milieu","Magomed","Ozdoev","Magomed Ozdoev","Ozdoev","257451","./assoc/257451_RUS.svg","./logo/52826.png","UEFA","RUS","52826","FAME","Zenit","","https://img.uefa.com/imgml/TP/teams/logos/70x70/52826.png","https://img.uefa.com/imgml/TP/teams/logos/240x240/52826.png","252826","ZEN","DOMESTIC_MEN_TEAM_A","","DOMESTIC","Russie","Zenit","FC Zenit","ZEN","320","MINUTE","5","0","0","40.98","KILOMETER","30.8","KILOMETER_PER_HOUR"
"250132829","50051","24","2001-01-09","11","RODRYGO","BRA","WINGER","FORWARD","MALE","","./image/250132829.jpg","Rodrygo","MIDFIELDER","10","Rodrygo","18","","Brésil","Attaquant","","Rodrygo","Rodrygo","Rodrygo","200122","./assoc/200122_ESP.svg","./logo/50051.png","UEFA","ESP","50051","FAME","Real Madrid","","https://img.uefa.com/imgml/TP/teams/logos/70x70/50051.png","https://img.uefa.com/imgml/TP/teams/logos/240x240/50051.png","250051","RMA","DOMESTIC_MEN_TEAM_A","","DOMESTIC","Espagne","Real Madrid","Real Madrid C.F.","RMA","318","MINUTE","11","1","2","43.1","KILOMETER","31","KILOMETER_PER_HOUR"
"250061958","50043","33","1991-10-27","4","Deli","CIV","CENTRE_BACK","DEFENDER","MALE","","./image/250061958.jpg","Simon Deli","DEFENDER","","Deli","67","","Côte d'Ivoire","Défenseur","Simon","Deli","Simon Deli","Deli","200013","./assoc/200013_BEL.svg","./logo/50043.png","UEFA","BEL","50043","FAME","Club Brugge","","https://img.uefa.com/imgml/TP/teams/logos/70x70/50043.png","https://img.uefa.com/imgml/TP/teams/logos/240x240/50043.png","250043","BRU","DOMESTIC_MEN_TEAM_A","","DOMESTIC","Belgique","Club Brugge","Club Brugge KV","BRU","318","MINUTE","4","0","0","37.03","KILOMETER","31.7","KILOMETER_PER_HOUR"
"250106648","50143","28","1997-03-03","7","Neres","BRA","STRIKER","FORWARD","MALE","","./image/250106648.jpg","David Neres","FORWARD","","Neres","18","","Brésil","Attaquant","David","Neres","David Neres","Neres","200095","./assoc/200095_NED.svg","./logo/50143.png","UEFA","NED","50143","FAME","Ajax","","https://img.uefa.com/imgml/TP/teams/logos/70x70/50143.png","https://img.uefa.com/imgml/TP/teams/logos/240x240/50143.png","250143","AJX","DOMESTIC_MEN_TEAM_A","","DOMESTIC","Pays-Bas","Ajax","AFC Ajax","AJX","313","MINUTE","4","1","0","35.86","KILOMETER","30.4","KILOMETER_PER_HOUR"
"250042644","50043","30","1995-04-20","77","SOBOL","UKR","FULL_BACK","DEFENDER","MALE","186","./image/250042644.jpg","Eduard Sobol","DEFENDER","2","Sobol","57166","77","Ukraine","Défenseur","Eduard","Sobol","Eduard Sobol","Sobol","200013","./assoc/200013_BEL.svg","./logo/50043.png","UEFA","BEL","50043","FAME","Club Brugge","","https://img.uefa.com/imgml/TP/teams/logos/70x70/50043.png","https://img.uefa.com/imgml/TP/teams/logos/240x240/50043.png","250043","BRU","DOMESTIC_MEN_TEAM_A","","DOMESTIC","Belgique","Club Brugge","Club Brugge KV","BRU","312","MINUTE","5","0","0","38.29","KILOMETER","28.1","KILOMETER_PER_HOUR"
"1905811","50138","37","1988-09-09","33","D'Ambrosio","ITA","FULL_BACK","DEFENDER","MALE","180","./image/1905811.jpg","Danilo D'Ambrosio","DEFENDER","2","D'Ambrosio","66","75","Italie","Défenseur","Danilo","D'Ambrosio","Danilo D'Ambrosio","D'Ambrosio","200066","./assoc/200066_ITA.svg","./logo/50138.png","UEFA","ITA","50138","FAME","Inter","","https://img.uefa.com/imgml/TP/teams/logos/70x70/50138.png","https://img.uefa.com/imgml/TP/teams/logos/240x240/50138.png","250138","INT","DOMESTIC_MEN_TEAM_A","","DOMESTIC","Italie","Inter","FC Internazionale Milano","INT","309","MINUTE","5","0","0","38.38","KILOMETER","29.5","KILOMETER_PER_HOUR"
"250103863","52723","25","2000-02-15","21","Supriaha","UKR","STRIKER","FORWARD","MALE","","./image/250103863.jpg","Vladyslav Supryaha","FORWARD","11","Supriaha","57166","","Ukraine","Attaquant","Vladyslav","Supryaha","Vladyslav Supryaha","Supryaha","257166","./assoc/257166_UKR.svg","./logo/52723.png","UEFA","UKR","52723","FAME","Dynamo Kyiv","","https://img.uefa.com/imgml/TP/teams/logos/70x70/52723.png","https://img.uefa.com/imgml/TP/teams/logos/240x240/52723.png","252723","DKY","DOMESTIC_MEN_TEAM_A","","DOMESTIC","Ukraine","Dynamo Kyiv","FC Dynamo Kyiv","DKY","308","MINUTE","6","0","0","38.02","KILOMETER","31.7","KILOMETER_PER_HOUR"
"250064274","52757","28","1997-02-14","36","Embolo","SUI","STRIKER","FORWARD","MALE","185","./image/250064274.jpg","Breel Embolo","FORWARD","7","Embolo","128","84","Suisse","Attaquant","Breel","Embolo","Breel Embolo","Embolo","200047","./assoc/200047_GER.svg","./logo/52757.png","UEFA","GER","52757","FAME","Mönchengladbach","","https://img.uefa.com/imgml/TP/teams/logos/70x70/52757.png","https://img.uefa.com/imgml/TP/teams/logos/240x240/52757.png","252757","MON","DOMESTIC_MEN_TEAM_A","","DOMESTIC","Allemagne","Mönchengladbach","Borussia Mönchengladbach","MON","300","MINUTE","7","1","0","34.61","KILOMETER","31.7","KILOMETER_PER_HOUR"
"250132803","50143","27","1998-01-18","6","Martinez","ARG","CENTRE_BACK","DEFENDER","MALE","","./image/250132803.jpg","Lisandro Martínez","DEFENDER","16","Martínez","6","","Argentine","Défenseur","Lisandro","Martínez","Lisandro Martínez","Li. Martínez","200095","./assoc/200095_NED.svg","./logo/50143.png","UEFA","NED","50143","FAME","Ajax","","https://img.uefa.com/imgml/TP/teams/logos/70x70/50143.png","https://img.uefa.com/imgml/TP/teams/logos/240x240/50143.png","250143","AJX","DOMESTIC_MEN_TEAM_A","","DOMESTIC","Pays-Bas","Ajax","AFC Ajax","AJX","299","MINUTE","5","0","0","34.23","KILOMETER","30.2","KILOMETER_PER_HOUR"
"250091165","50043","26","1999-06-17","70","Lang","NED","WINGER","FORWARD","MALE","","./image/250091165.jpg","Noa Lang","FORWARD","17","Lang","95","","Pays-Bas","Attaquant","Noa","Lang","Noa Lang","Lang","200013","./assoc/200013_BEL.svg","./logo/50043.png","UEFA","BEL","50043","FAME","Club Brugge","","https://img.uefa.com/imgml/TP/teams/logos/70x70/50043.png","https://img.uefa.com/imgml/TP/teams/logos/240x240/50043.png","250043","BRU","DOMESTIC_MEN_TEAM_A","","DOMESTIC","Belgique","Club Brugge","Club Brugge KV","BRU","298","MINUTE","6","1","1","40.47","KILOMETER","30.6","KILOMETER_PER_HOUR"
"250060117","50124","35","1990-04-19","16","H.HERRERA","MEX","UNKNOWN","MIDFIELDER","MALE","183","./image/250060117.jpg","Héctor Herrera","MIDFIELDER","16","H. Herrera","91","74","Mexique","Milieu","Héctor","Herrera","Héctor Herrera","Herrera","200122","./assoc/200122_ESP.svg","./logo/50124.png","UEFA","ESP","50124","FAME","Atleti","","https://img.uefa.com/imgml/TP/teams/logos/70x70/50124.png","https://img.uefa.com/imgml/TP/teams/logos/240x240/50124.png","250124","ATM","DOMESTIC_MEN_TEAM_A","","DOMESTIC","Espagne","Atleti","Atlético de Madrid","ATM","298","MINUTE","5","0","1","37.85","KILOMETER","27.7","KILOMETER_PER_HOUR"
"250064444","52707","29","1996-05-02","22","Matviyenko","UKR","CENTRE_BACK","DEFENDER","MALE","181","./image/250064444.jpg","Mykola Matviyenko","DEFENDER","22","Matviyenko","57166","67","Ukraine","Défenseur","Mykola","Matviyenko","Mykola Matviyenko","Matviyenko","257166","./assoc/257166_UKR.svg","./logo/52707.png","UEFA","UKR","52707","FAME","Shakhtar","","https://img.uefa.com/imgml/TP/teams/logos/70x70/52707.png","https://img.uefa.com/imgml/TP/teams/logos/240x240/52707.png","252707","SHK","DOMESTIC_MEN_TEAM_A","","DOMESTIC","Ukraine","Shakhtar","FC Shakhtar Donetsk","SHK","298","MINUTE","4","0","0","35.71","KILOMETER","29.9","KILOMETER_PER_HOUR"
"250004261","52707","32","1993-02-08","5","Khocholava","GEO","CENTRE_BACK","DEFENDER","MALE","192","./image/250004261.jpg","David Khocholava","DEFENDER","3","Khocholava","57157","80","Géorgie","Défenseur","David","Khocholava","David Khocholava","Khocholava","257166","./assoc/257166_UKR.svg","./logo/52707.png","UEFA","UKR","52707","FAME","Shakhtar","","https://img.uefa.com/imgml/TP/teams/logos/70x70/52707.png","https://img.uefa.com/imgml/TP/teams/logos/240x240/52707.png","252707","SHK","DOMESTIC_MEN_TEAM_A","","DOMESTIC","Ukraine","Shakhtar","FC Shakhtar Donetsk","SHK","296","MINUTE","4","0","0","30.71","KILOMETER","31.5","KILOMETER_PER_HOUR"
"250063866","52714","30","1995-09-01","11","Munir","MAR","STRIKER","FORWARD","MALE","175","./image/250063866.jpg","Munir","FORWARD","19","Munir","200122","69","Maroc","Attaquant","","Munir","Munir","Munir","200122","./assoc/200122_ESP.svg","./logo/52714.png","UEFA","ESP","52714","FAME","Sevilla","","https://img.uefa.com/imgml/TP/teams/logos/70x70/52714.png","https://img.uefa.com/imgml/TP/teams/logos/240x240/52714.png","252714","SEV","DOMESTIC_MEN_TEAM_A","","DOMESTIC","Espagne","Sevilla","Sevilla FC","SEV","293","MINUTE","6","1","0","35.74","KILOMETER","30.4","KILOMETER_PER_HOUR"
"250067802","52682","32","1992-12-15","3","Alex Telles","BRA","FULL_BACK","DEFENDER","MALE","181","./image/250067802.jpg","Alex Telles","DEFENDER","16","Telles","18","71","Brésil","Défenseur","","Alex Telles","Alex Telles","Alex Telles","200039","./assoc/200039_ENG.svg","./logo/52682.png","UEFA","ENG","52682","FAME","Man Utd","","https://img.uefa.com/imgml/TP/teams/logos/70x70/52682.png","https://img.uefa.com/imgml/TP/teams/logos/240x240/52682.png","252682","MUN","DOMESTIC_MEN_TEAM_A","","DOMESTIC","Angleterre","Man Utd","Manchester United","MUN","292","MINUTE","4","0","0","31.82","KILOMETER","32.4","KILOMETER_PER_HOUR"
"250079677","52757","28","1996-11-20","6","ZAKARIA","SUI","CENTRAL_MIDFIELDER","MIDFIELDER","MALE","191","./image/250079677.jpg","Denis Zakaria","MIDFIELDER","6","Zakaria-Lako Lado","128","76","Suisse","Milieu","Denis","Zakaria","Denis Zakaria","Zakaria","200047","./assoc/200047_GER.svg","./logo/52757.png","UEFA","GER","52757","FAME","Mönchengladbach","","https://img.uefa.com/imgml/TP/teams/logos/70x70/52757.png","https://img.uefa.com/imgml/TP/teams/logos/240x240/52757.png","252757","MON","DOMESTIC_MEN_TEAM_A","","DOMESTIC","Allemagne","Mönchengladbach","Borussia Mönchengladbach","MON","291","MINUTE","5","0","0","35.28","KILOMETER","30.4","KILOMETER_PER_HOUR"
"1902685","52707","36","1989-08-08","6","Stepanenko","UKR","DEFENSIVE_MIDFIELDER","MIDFIELDER","MALE","181","./image/1902685.jpg","Taras Stepanenko","MIDFIELDER","6","Stepanenko","57166","75","Ukraine","Milieu","Taras","Stepanenko","Taras Stepanenko","Stepanenko","257166","./assoc/257166_UKR.svg","./logo/52707.png","UEFA","UKR","52707","FAME","Shakhtar","","https://img.uefa.com/imgml/TP/teams/logos/70x70/52707.png","https://img.uefa.com/imgml/TP/teams/logos/240x240/52707.png","252707","SHK","DOMESTIC_MEN_TEAM_A","","DOMESTIC","Ukraine","Shakhtar","FC Shakhtar Donetsk","SHK","291","MINUTE","4","0","0","36.65","KILOMETER","29.7","KILOMETER_PER_HOUR"
"250024171","2601038","33","1992-01-02","7","Claesson","SWE","ATTACKING_MIDFIELDER","MIDFIELDER","MALE","183","./image/250024171.jpg","Viktor Claesson","MIDFIELDER","7","Claesson","127","79","Suède","Milieu","Viktor","Claesson","Viktor Claesson","Claesson","257451","./assoc/257451_RUS.svg","./logo/2601038.png","UEFA","RUS","2601038","FAME","Krasnodar","","https://img.uefa.com/imgml/TP/teams/logos/70x70/2601038.png","https://img.uefa.com/imgml/TP/teams/logos/240x240/2601038.png","250000383","KRA","DOMESTIC_MEN_TEAM_A","","DOMESTIC","Russie","Krasnodar","FC Krasnodar","KRA","289","MINUTE","4","0","1","36.1","KILOMETER","27.9","KILOMETER_PER_HOUR"
"1906016","50138","38","1987-05-22","22","Vidal","CHI","UNKNOWN","MIDFIELDER","MALE","180","./image/1906016.jpg","Arturo Vidal","MIDFIELDER","8","Vidal","26","75","Chili","Milieu","Arturo","Vidal","Arturo Vidal","Vidal","200066","./assoc/200066_ITA.svg","./logo/50138.png","UEFA","ITA","50138","FAME","Inter","","https://img.uefa.com/imgml/TP/teams/logos/70x70/50138.png","https://img.uefa.com/imgml/TP/teams/logos/240x240/50138.png","250138","INT","DOMESTIC_MEN_TEAM_A","","DOMESTIC","Italie","Inter","FC Internazionale Milano","INT","289","MINUTE","4","0","0","34.32","KILOMETER","27.7","KILOMETER_PER_HOUR"
"250050819","52723","31","1993-11-27","77","VERBIC","SVN","WINGER","MIDFIELDER","MALE","179","./image/250050819.jpg","Benjamin Verbič","MIDFIELDER","7","Verbic","57163","70","Slovénie","Milieu","Benjamin","Verbič","Benjamin Verbič","Verbič","257166","./assoc/257166_UKR.svg","./logo/52723.png","UEFA","UKR","52723","FAME","Dynamo Kyiv","","https://img.uefa.com/imgml/TP/teams/logos/70x70/52723.png","https://img.uefa.com/imgml/TP/teams/logos/240x240/52723.png","252723","DKY","DOMESTIC_MEN_TEAM_A","","DOMESTIC","Ukraine","Dynamo Kyiv","FC Dynamo Kyiv","DKY","288","MINUTE","6","0","1","35.64","KILOMETER","27.7","KILOMETER_PER_HOUR"
"250088643","2610","31","1994-01-01","19","Masouras","GRE","WINGER","FORWARD","MALE","","./image/250088643.jpg","Giorgos Masouras","FORWARD","7","MASOURAS","49","","Grèce","Attaquant","Giorgos","Masouras","Giorgos Masouras","Masouras","200049","./assoc/200049_GRE.svg","./logo/2610.png","UEFA","GRE","2610","FAME","Olympiacos","","https://img.uefa.com/imgml/TP/teams/logos/70x70/2610.png","https://img.uefa.com/imgml/TP/teams/logos/240x240/2610.png","202610","OLY","DOMESTIC_MEN_TEAM_A","","DOMESTIC","Grèce","Olympiacos","Olympiacos FC","OLY","288","MINUTE","6","0","0","35.88","KILOMETER","29.2","KILOMETER_PER_HOUR"
"250121919","2610","28","1997-02-28","2","Mady","GUI","DEFENSIVE_MIDFIELDER","MIDFIELDER","MALE","","./image/250121919.jpg","Mady Camara","MIDFIELDER","","Mady","52","","Guinée","Milieu","Mady","Camara","Mady Camara","Camara","200049","./assoc/200049_GRE.svg","./logo/2610.png","UEFA","GRE","2610","FAME","Olympiacos","","https://img.uefa.com/imgml/TP/teams/logos/70x70/2610.png","https://img.uefa.com/imgml/TP/teams/logos/240x240/2610.png","202610","OLY","DOMESTIC_MEN_TEAM_A","","DOMESTIC","Grèce","Olympiacos","Olympiacos FC","OLY","288","MINUTE","4","1","0","33.24","KILOMETER","27.9","KILOMETER_PER_HOUR"
"250061030","52826","30","1995-01-01","17","Azmoun","IRN","STRIKER","FORWARD","MALE","186","./image/250061030.jpg","Sardar Azmoun","FORWARD","20","Azmoun","61","79","Iran","Attaquant","Sardar","Azmoun","Sardar Azmoun","Azmoun","257451","./assoc/257451_RUS.svg","./logo/52826.png","UEFA","RUS","52826","FAME","Zenit","","https://img.uefa.com/imgml/TP/teams/logos/70x70/52826.png","https://img.uefa.com/imgml/TP/teams/logos/240x240/52826.png","252826","ZEN","DOMESTIC_MEN_TEAM_A","","DOMESTIC","Russie","Zenit","FC Zenit","ZEN","287","MINUTE","4","0","0","30.64","KILOMETER","32.6","KILOMETER_PER_HOUR"
"250116903","2603790","26","1999-02-14","14","Adams","USA","UNKNOWN","MIDFIELDER","MALE","","./image/250116903.jpg","Tyler Adams","MIDFIELDER","4","Adams","140","","Etats-Unis","Milieu","Tyler","Adams","Tyler Adams","Adams","200047","./assoc/200047_GER.svg","./logo/2603790.png","UEFA","GER","2603790","FAME","Leipzig","","https://img.uefa.com/imgml/TP/teams/logos/70x70/2603790.png","https://img.uefa.com/imgml/TP/teams/logos/240x240/2603790.png","250002563","RBL","DOMESTIC_MEN_TEAM_A","","DOMESTIC","Allemagne","Leipzig","RB Leipzig","RBL","286","MINUTE","6","0","0","37.96","KILOMETER","30.4","KILOMETER_PER_HOUR"
"250121884","2601038","32","1992-10-23","18","Chernov","RUS","FULL_BACK","DEFENDER","MALE","","./image/250121884.jpg","Yevgeni Chernov","DEFENDER","23","Chernov","57451","","Russie","Défenseur","Yevgeni","Chernov","Yevgeni Chernov","Chernov","257451","./assoc/257451_RUS.svg","./logo/2601038.png","UEFA","RUS","2601038","FAME","Krasnodar","","https://img.uefa.com/imgml/TP/teams/logos/70x70/2601038.png","https://img.uefa.com/imgml/TP/teams/logos/240x240/2601038.png","250000383","KRA","DOMESTIC_MEN_TEAM_A","","DOMESTIC","Russie","Krasnodar","FC Krasnodar","KRA","286","MINUTE","5","0","0","38.6","KILOMETER","29.9","KILOMETER_PER_HOUR"
"250017753","2610","32","1992-10-16","7","Fortounis","GRE","ATTACKING_MIDFIELDER","FORWARD","MALE","182","./image/250017753.jpg","Kostas Fortounis","MIDFIELDER","10","Fortounis","49","70","Grèce","Attaquant","Kostas","Fortounis","Kostas Fortounis","Fortounis","200049","./assoc/200049_GRE.svg","./logo/2610.png","UEFA","GRE","2610","FAME","Olympiacos","","https://img.uefa.com/imgml/TP/teams/logos/70x70/2610.png","https://img.uefa.com/imgml/TP/teams/logos/240x240/2610.png","202610","OLY","DOMESTIC_MEN_TEAM_A","","DOMESTIC","Grèce","Olympiacos","Olympiacos FC","OLY","284","MINUTE","5","0","0","34.66","KILOMETER","30.6","KILOMETER_PER_HOUR"
"250070528","52973","33","1992-10-11","21","Akpa Akpro","CIV","CENTRAL_MIDFIELDER","MIDFIELDER","MALE","","./image/250070528.jpg","Jean-Daniel Akpa-Akpro","MIDFIELDER","7","Akpa Akpro","67","","Côte d'Ivoire","Milieu","Jean-Daniel","Akpa-Akpro","Jean-Daniel Akpa-Akpro","Akpa-Akpro","200066","./assoc/200066_ITA.svg","./logo/52973.png","UEFA","ITA","52973","FAME","Lazio","","https://img.uefa.com/imgml/TP/teams/logos/70x70/52973.png","https://img.uefa.com/imgml/TP/teams/logos/240x240/52973.png","252973","LAZ","DOMESTIC_MEN_TEAM_A","","DOMESTIC","Italie","Lazio","S.S. Lazio","LAZ","283","MINUTE","8","1","0","39.35","KILOMETER","30.2","KILOMETER_PER_HOUR"
"250111091","52826","29","1996-02-09","11","Driussi","ARG","WINGER","FORWARD","MALE","","./image/250111091.jpg","Sebastian Driussi","MIDFIELDER","","Driussi","","","Argentine","Attaquant","Sebastian","Driussi","Sebastian Driussi","Driussi","257451","./assoc/257451_RUS.svg","./logo/52826.png","UEFA","RUS","52826","FAME","Zenit","","https://img.uefa.com/imgml/TP/teams/logos/70x70/52826.png","https://img.uefa.com/imgml/TP/teams/logos/240x240/52826.png","252826","ZEN","DOMESTIC_MEN_TEAM_A","","DOMESTIC","Russie","Zenit","FC Zenit","ZEN","282","MINUTE","5","1","0","34.73","KILOMETER","29.7","KILOMETER_PER_HOUR"
"250042589","52826","30","1995-05-20","15","Karavaev","RUS","FULL_BACK","DEFENDER","MALE","175","./image/250042589.jpg","Vyacheslav Karavaev","DEFENDER","4","Karavaev","57451","68","Russie","Défenseur","Vyacheslav","Karavaev","Vyacheslav Karavaev","Karavaev","257451","./assoc/257451_RUS.svg","./logo/52826.png","UEFA","RUS","52826","FAME","Zenit","","https://img.uefa.com/imgml/TP/teams/logos/70x70/52826.png","https://img.uefa.com/imgml/TP/teams/logos/240x240/52826.png","252826","ZEN","DOMESTIC_MEN_TEAM_A","","DOMESTIC","Russie","Zenit","FC Zenit","ZEN","282","MINUTE","4","0","0","34.9","KILOMETER","30.8","KILOMETER_PER_HOUR"
"250079402","52714","27","1998-06-28","34","Oscar","ESP","","MIDFIELDER","MALE","","./image/250079402.jpg","Óscar Rodríguez","MIDFIELDER","18","OSCAR","122","","Espagne","Milieu","","Óscar Rodríguez","Óscar Rodríguez","Óscar Rodríguez","200122","./assoc/200122_ESP.svg","./logo/52714.png","UEFA","ESP","52714","FAME","Sevilla","","https://img.uefa.com/imgml/TP/teams/logos/70x70/52714.png","https://img.uefa.com/imgml/TP/teams/logos/240x240/52714.png","252714","SEV","DOMESTIC_MEN_TEAM_A","","DOMESTIC","Espagne","Sevilla","Sevilla FC","SEV","280","MINUTE","6","0","2","37.5","KILOMETER","30.8","KILOMETER_PER_HOUR"
"250042631","52816","30","1995-02-09","8","Pašalić","CRO","CENTRAL_MIDFIELDER","MIDFIELDER","MALE","186","./image/250042631.jpg","Mario Pašalić","MIDFIELDER","15","Pašalić","56370","78","Croatie","Milieu","Mario","Pašalić","Mario Pašalić","Pašalić","200066","./assoc/200066_ITA.svg","./logo/52816.png","UEFA","ITA","52816","FAME","Atalanta","","https://img.uefa.com/imgml/TP/teams/logos/70x70/52816.png","https://img.uefa.com/imgml/TP/teams/logos/240x240/52816.png","252816","ATA","DOMESTIC_MEN_TEAM_A","","DOMESTIC","Italie","Atalanta","Atalanta BC","ATA","280","MINUTE","5","0","1","35.14","KILOMETER","30.6","KILOMETER_PER_HOUR"
"250013897","52714","31","1993-11-19","7","Suso","ESP","WINGER","FORWARD","MALE","176","./image/250013897.jpg","Suso","MIDFIELDER","11","Suso","122","","Espagne","Attaquant","","Suso","Suso","Suso","200122","./assoc/200122_ESP.svg","./logo/52714.png","UEFA","ESP","52714","FAME","Sevilla","","https://img.uefa.com/imgml/TP/teams/logos/70x70/52714.png","https://img.uefa.com/imgml/TP/teams/logos/240x240/52714.png","252714","SEV","DOMESTIC_MEN_TEAM_A","","DOMESTIC","Espagne","Sevilla","Sevilla FC","SEV","280","MINUTE","4","1","0","30.18","KILOMETER","30.4","KILOMETER_PER_HOUR"
"250022354","52707","37","1988-01-13","11","Taison","BRA","WINGER","MIDFIELDER","MALE","172","./image/250022354.jpg","Taison","MIDFIELDER","","Barcellos Freda","18","64","Brésil","Milieu","","Taison","Taison","Taison","257166","./assoc/257166_UKR.svg","./logo/52707.png","UEFA","UKR","52707","FAME","Shakhtar","","https://img.uefa.com/imgml/TP/teams/logos/70x70/52707.png","https://img.uefa.com/imgml/TP/teams/logos/240x240/52707.png","252707","SHK","DOMESTIC_MEN_TEAM_A","","DOMESTIC","Ukraine","Shakhtar","FC Shakhtar Donetsk","SHK","280","MINUTE","4","0","0","30.85","KILOMETER","29.9","KILOMETER_PER_HOUR"
"250001755","52816","37","1988-01-29","72","Iličić","SVN","ATTACKING_MIDFIELDER","MIDFIELDER","MALE","190","./image/250001755.jpg","Josip Iličić","MIDFIELDER","7","Iličić","57163","77","Slovénie","Milieu","Josip","Iličić","Josip Iličić","Iličić","200066","./assoc/200066_ITA.svg","./logo/52816.png","UEFA","ITA","52816","FAME","Atalanta","","https://img.uefa.com/imgml/TP/teams/logos/70x70/52816.png","https://img.uefa.com/imgml/TP/teams/logos/240x240/52816.png","252816","ATA","DOMESTIC_MEN_TEAM_A","","DOMESTIC","Italie","Atalanta","Atalanta BC","ATA","278","MINUTE","6","1","1","31.39","KILOMETER","30.2","KILOMETER_PER_HOUR"
"250081207","52682","28","1997-04-18","6","Van De Beek","NED","CENTRAL_MIDFIELDER","MIDFIELDER","MALE","180","./image/250081207.jpg","Donny van de Beek","MIDFIELDER","20","Van De Beek","95","","Pays-Bas","Milieu","Donny","van de Beek","Donny van de Beek","Van de Beek","200039","./assoc/200039_ENG.svg","./logo/52682.png","UEFA","ENG","52682","FAME","Man Utd","","https://img.uefa.com/imgml/TP/teams/logos/70x70/52682.png","https://img.uefa.com/imgml/TP/teams/logos/240x240/52682.png","252682","MUN","DOMESTIC_MEN_TEAM_A","","DOMESTIC","Angleterre","Man Utd","Manchester United","MUN","277","MINUTE","6","0","0","37.9","KILOMETER","28.6","KILOMETER_PER_HOUR"
"250027046","52919","31","1994-05-27","14","Laporte","ESP","CENTRE_BACK","DEFENDER","MALE","189","./image/250027046.jpg","Aymeric Laporte","DEFENDER","10","LAPORTE","122","85","Espagne","Défenseur","Aymeric","Laporte","Aymeric Laporte","Laporte","200039","./assoc/200039_ENG.svg","./logo/52919.png","UEFA","ENG","52919","FAME","Man City","","https://img.uefa.com/imgml/TP/teams/logos/70x70/52919.png","https://img.uefa.com/imgml/TP/teams/logos/240x240/52919.png","252919","MCI","DOMESTIC_MEN_TEAM_A","","DOMESTIC","Angleterre","Man City","Manchester City","MCI","277","MINUTE","4","0","0","29.35","KILOMETER","31","KILOMETER_PER_HOUR"
"250050353","52714","30","1994-11-10","21","Óliver T.","ESP","ATTACKING_MIDFIELDER","MIDFIELDER","MALE","178","./image/250050353.jpg","Óliver Torres","MIDFIELDER","16","Óliver","122","70","Espagne","Milieu","","Óliver Torres","Óliver Torres","Óliver Torres","200122","./assoc/200122_ESP.svg","./logo/52714.png","UEFA","ESP","52714","FAME","Sevilla","","https://img.uefa.com/imgml/TP/teams/logos/70x70/52714.png","https://img.uefa.com/imgml/TP/teams/logos/240x240/52714.png","252714","SEV","DOMESTIC_MEN_TEAM_A","","DOMESTIC","Espagne","Sevilla","Sevilla FC","SEV","276","MINUTE","7","0","1","38.96","KILOMETER","28.8","KILOMETER_PER_HOUR"
"1902160","50051","34","1991-01-07","7","Hazard","BEL","WINGER","FORWARD","MALE","173","./image/1902160.jpg","Eden Hazard","FORWARD","10","Hazard","13","74","Belgique","Attaquant","Eden","Hazard","Eden Hazard","E. Hazard","200122","./assoc/200122_ESP.svg","./logo/50051.png","UEFA","ESP","50051","FAME","Real Madrid","","https://img.uefa.com/imgml/TP/teams/logos/70x70/50051.png","https://img.uefa.com/imgml/TP/teams/logos/240x240/50051.png","250051","RMA","DOMESTIC_MEN_TEAM_A","","DOMESTIC","Espagne","Real Madrid","Real Madrid C.F.","RMA","275","MINUTE","5","1","0","32.06","KILOMETER","31","KILOMETER_PER_HOUR"
"250101087","55031","29","1996-03-30","21","Aguerd","MAR","UNKNOWN","DEFENDER","MALE","","./image/250101087.jpg","Nayef Aguerd","DEFENDER","5","N. Aguerd","92","","Maroc","Défenseur","Nayef","Aguerd","Nayef Aguerd","Aguerd","200043","./assoc/200043_FRA.svg","./logo/55031.png","UEFA","FRA","55031","FAME","Rennes","","https://img.uefa.com/imgml/TP/teams/logos/70x70/55031.png","https://img.uefa.com/imgml/TP/teams/logos/240x240/55031.png","255031","REN","DOMESTIC_MEN_TEAM_A","","DOMESTIC","France","Rennes","Stade Rennais FC","REN","273","MINUTE","4","0","0","31.79","KILOMETER","26.6","KILOMETER_PER_HOUR"
"250001662","52826","36","1989-10-13","21","Erokhin","RUS","ATTACKING_MIDFIELDER","MIDFIELDER","MALE","195","./image/250001662.jpg","Aleksandr Erokhin","MIDFIELDER","21","Erokhin","57451","79","Russie","Milieu","Aleksandr","Erokhin","Aleksandr Erokhin","Erokhin","257451","./assoc/257451_RUS.svg","./logo/52826.png","UEFA","RUS","52826","FAME","Zenit","","https://img.uefa.com/imgml/TP/teams/logos/70x70/52826.png","https://img.uefa.com/imgml/TP/teams/logos/240x240/52826.png","252826","ZEN","DOMESTIC_MEN_TEAM_A","","DOMESTIC","Russie","Zenit","FC Zenit","ZEN","272","MINUTE","5","1","0","34.32","KILOMETER","29.7","KILOMETER_PER_HOUR"
"97383","53065","36","1989-02-03","41","Rajkovic","SRB","UNKNOWN","DEFENDER","MALE","191","./image/97383.jpg","Slobodan Rajković","DEFENDER","15","S. Rajković","147","89","Serbie","Défenseur","Slobodan","Rajković","Slobodan Rajković","Rajković","257451","./assoc/257451_RUS.svg","./logo/53065.png","UEFA","RUS","53065","FAME","Lokomotiv Moskva","","https://img.uefa.com/imgml/TP/teams/logos/70x70/53065.png","https://img.uefa.com/imgml/TP/teams/logos/240x240/53065.png","253065","LMO","DOMESTIC_MEN_TEAM_A","","DOMESTIC","Russie","Lokomotiv Moskva","FC Lokomotiv Moskva","LMO","270","MINUTE","4","0","0","27.89","KILOMETER","24.8","KILOMETER_PER_HOUR"
"250112976","52707","26","1999-02-14","99","Korniienko","UKR","FULL_BACK","DEFENDER","MALE","","./image/250112976.jpg","Viktor Korniienko","DEFENDER","10","Korniienko","57166","","Ukraine","Défenseur","Viktor","Korniienko","Viktor Korniienko","Korniienko","257166","./assoc/257166_UKR.svg","./logo/52707.png","UEFA","UKR","52707","FAME","Shakhtar","","https://img.uefa.com/imgml/TP/teams/logos/70x70/52707.png","https://img.uefa.com/imgml/TP/teams/logos/240x240/52707.png","252707","SHK","DOMESTIC_MEN_TEAM_A","","DOMESTIC","Ukraine","Shakhtar","FC Shakhtar Donetsk","SHK","270","MINUTE","3","0","1","31.03","KILOMETER","31","KILOMETER_PER_HOUR"
"250058215","7889","28","1997-05-23","2","Gomez","ENG","UNKNOWN","DEFENDER","MALE","","./image/250058215.jpg","Joe Gomez","DEFENDER","22","Gomez","39","","Angleterre","Défenseur","Joe","Gomez","Joe Gomez","Gomez","200039","./assoc/200039_ENG.svg","./logo/7889.png","UEFA","ENG","7889","FAME","Liverpool","","https://img.uefa.com/imgml/TP/teams/logos/70x70/7889.png","https://img.uefa.com/imgml/TP/teams/logos/240x240/7889.png","207889","LIV","DOMESTIC_MEN_TEAM_A","","DOMESTIC","Angleterre","Liverpool","Liverpool FC","LIV","270","MINUTE","3","0","1","29.06","KILOMETER","30.2","KILOMETER_PER_HOUR"
"250133258","50043","30","1994-12-01","18","F. Ricca","URU","FULL_BACK","DEFENDER","MALE","","./image/250133258.jpg","Federico Ricca","DEFENDER","","F. Ricca","","","Uruguay","Défenseur","Federico","Ricca","Federico Ricca","Ricca","200013","./assoc/200013_BEL.svg","./logo/50043.png","UEFA","BEL","50043","FAME","Club Brugge","","https://img.uefa.com/imgml/TP/teams/logos/70x70/50043.png","https://img.uefa.com/imgml/TP/teams/logos/240x240/50043.png","250043","BRU","DOMESTIC_MEN_TEAM_A","","DOMESTIC","Belgique","Club Brugge","Club Brugge KV","BRU","270","MINUTE","3","0","0","33.03","KILOMETER","29","KILOMETER_PER_HOUR"
"150515920","7889","28","1997-03-21","6","Phillips","ENG","CENTRE_BACK","DEFENDER","MALE","","./image/150515920.jpg","Nathaniel Phillips","DEFENDER","","Phillips","","","Angleterre","Défenseur","Nathaniel","Phillips","Nathaniel Phillips","Phillips","200039","./assoc/200039_ENG.svg","./logo/7889.png","UEFA","ENG","7889","FAME","Liverpool","","https://img.uefa.com/imgml/TP/teams/logos/70x70/7889.png","https://img.uefa.com/imgml/TP/teams/logos/240x240/7889.png","207889","LIV","DOMESTIC_MEN_TEAM_A","","DOMESTIC","Angleterre","Liverpool","Liverpool FC","LIV","270","MINUTE","3","0","0","32.61","KILOMETER","30.4","KILOMETER_PER_HOUR"
"250041563","50138","30","1995-02-11","37","ŠKRINIAR","SVK","CENTRE_BACK","DEFENDER","MALE","187","./image/250041563.jpg","Milan Škriniar","DEFENDER","14","Škriniar","58836","80","Slovaquie","Défenseur","Milan","Škriniar","Milan Škriniar","Škriniar","200066","./assoc/200066_ITA.svg","./logo/50138.png","UEFA","ITA","50138","FAME","Inter","","https://img.uefa.com/imgml/TP/teams/logos/70x70/50138.png","https://img.uefa.com/imgml/TP/teams/logos/240x240/50138.png","250138","INT","DOMESTIC_MEN_TEAM_A","","DOMESTIC","Italie","Inter","FC Internazionale Milano","INT","270","MINUTE","3","0","0","31.85","KILOMETER","31","KILOMETER_PER_HOUR"
"250058930","52816","30","1995-03-18","95","GOLLINI","ITA","GOALKEEPER","GOALKEEPER","MALE","","./image/250058930.jpg","Pierluigi Gollini","GOALKEEPER","14","Gollini","66","","Italie","Gardien","Pierluigi","Gollini","Pierluigi Gollini","Gollini","200066","./assoc/200066_ITA.svg","./logo/52816.png","UEFA","ITA","52816","FAME","Atalanta","","https://img.uefa.com/imgml/TP/teams/logos/70x70/52816.png","https://img.uefa.com/imgml/TP/teams/logos/240x240/52816.png","252816","ATA","DOMESTIC_MEN_TEAM_A","","DOMESTIC","Italie","Atalanta","Atalanta BC","ATA","270","MINUTE","3","0","0","12.35","KILOMETER","19.2","KILOMETER_PER_HOUR"
"250061507","50080","36","1989-07-19","32","Neto","BRA","GOALKEEPER","GOALKEEPER","MALE","191","./image/250061507.jpg","Neto","GOALKEEPER","","Murara Neto","18","83","Brésil","Gardien","","Neto","Neto","Neto","200122","./assoc/200122_ESP.svg","./logo/50080.png","UEFA","ESP","50080","FAME","Barcelona","","https://img.uefa.com/imgml/TP/teams/logos/70x70/50080.png","https://img.uefa.com/imgml/TP/teams/logos/240x240/50080.png","250080","BAR","DOMESTIC_MEN_TEAM_A","","DOMESTIC","Espagne","Barcelona","FC Barcelona","BAR","270","MINUTE","3","0","0","8.81","KILOMETER","21","KILOMETER_PER_HOUR"
"250103985","50139","25","2000-04-25","21","Kulusevski","SWE","WINGER","MIDFIELDER","MALE","","./image/250103985.jpg","Dejan Kulusevski","MIDFIELDER","21","Kulusevski","127","","Suède","Milieu","Dejan","Kulusevski","Dejan Kulusevski","Kulusevski","200066","./assoc/200066_ITA.svg","./logo/50139.png","UEFA","ITA","50139","FAME","Juventus","","https://img.uefa.com/imgml/TP/teams/logos/70x70/50139.png","https://img.uefa.com/imgml/TP/teams/logos/240x240/50139.png","250139","JUV","DOMESTIC_MEN_TEAM_A","","DOMESTIC","Italie","Juventus","Juventus","JUV","268","MINUTE","6","0","1","37.38","KILOMETER","29.5","KILOMETER_PER_HOUR"
"250106649","52919","28","1997-04-03","9","G.JESUS","BRA","STRIKER","FORWARD","MALE","","./image/250106649.jpg","Gabriel Jesus","FORWARD","18","G. Jesus","18","","Brésil","Attaquant","Gabriel","Jesus","Gabriel Jesus","Jesus","200039","./assoc/200039_ENG.svg","./logo/52919.png","UEFA","ENG","52919","FAME","Man City","","https://img.uefa.com/imgml/TP/teams/logos/70x70/52919.png","https://img.uefa.com/imgml/TP/teams/logos/240x240/52919.png","252919","MCI","DOMESTIC_MEN_TEAM_A","","DOMESTIC","Angleterre","Man City","Manchester City","MCI","267","MINUTE","7","2","0","30.95","KILOMETER","30.6","KILOMETER_PER_HOUR"
"250026763","52747","32","1993-09-20","93","DRAXLER","GER","ATTACKING_MIDFIELDER","","MALE","187","./image/250026763.jpg","Julian Draxler","FORWARD","7","Draxler","47","72","Allemagne","","Julian","Draxler","Julian Draxler","Draxler","200043","./assoc/200043_FRA.svg","./logo/52747.png","UEFA","FRA","52747","FAME","Paris","","https://img.uefa.com/imgml/TP/teams/logos/70x70/52747.png","https://img.uefa.com/imgml/TP/teams/logos/240x240/52747.png","252747","PSG","DOMESTIC_MEN_TEAM_A","","DOMESTIC","France","Paris","Paris Saint-Germain","PSG","267","MINUTE","5","0","1","31.38","KILOMETER","31","KILOMETER_PER_HOUR"
"250087701","52723","28","1997-06-01","8","Shepeliev","UKR","DEFENSIVE_MIDFIELDER","MIDFIELDER","MALE","","./image/250087701.jpg","Volodymyr Shepeliev","MIDFIELDER","6","Shepeliev","57166","","Ukraine","Milieu","Volodymyr","Shepeliev","Volodymyr Shepeliev","Shepeliev","257166","./assoc/257166_UKR.svg","./logo/52723.png","UEFA","UKR","52723","FAME","Dynamo Kyiv","","https://img.uefa.com/imgml/TP/teams/logos/70x70/52723.png","https://img.uefa.com/imgml/TP/teams/logos/240x240/52723.png","252723","DKY","DOMESTIC_MEN_TEAM_A","","DOMESTIC","Ukraine","Dynamo Kyiv","FC Dynamo Kyiv","DKY","265","MINUTE","4","0","0","34.82","KILOMETER","29","KILOMETER_PER_HOUR"
"250022872","52298","31","1994-08-25","21","Botka","HUN","FULL_BACK","DEFENDER","MALE","","./image/250022872.jpg","Endre Botka","DEFENDER","21","Botka","57","","Hongrie","Défenseur","Endre","Botka","Endre Botka","Botka","200057","./assoc/200057_HUN.svg","./logo/52298.png","UEFA","HUN","52298","FAME","Ferencváros","","https://img.uefa.com/imgml/TP/teams/logos/70x70/52298.png","https://img.uefa.com/imgml/TP/teams/logos/240x240/52298.png","252298","FER","DOMESTIC_MEN_TEAM_A","","DOMESTIC","Hongrie","Ferencváros","Ferencvárosi TC","FER","264","MINUTE","6","0","0","29.74","KILOMETER","30.8","KILOMETER_PER_HOUR"
"105575","2610","41","1984-09-28","28","Valbuena","FRA","WINGER","MIDFIELDER","MALE","167","./image/105575.jpg","Mathieu Valbuena","MIDFIELDER","8","Valbuena","43","58","France","Milieu","Mathieu","Valbuena","Mathieu Valbuena","Valbuena","200049","./assoc/200049_GRE.svg","./logo/2610.png","UEFA","GRE","2610","FAME","Olympiacos","","https://img.uefa.com/imgml/TP/teams/logos/70x70/2610.png","https://img.uefa.com/imgml/TP/teams/logos/240x240/2610.png","202610","OLY","DOMESTIC_MEN_TEAM_A","","DOMESTIC","Grèce","Olympiacos","Olympiacos FC","OLY","258","MINUTE","3","0","1","28.56","KILOMETER","25.6","KILOMETER_PER_HOUR"
"250020851","52914","39","1986-09-30","9","GIROUD","FRA","STRIKER","FORWARD","MALE","192","./image/250020851.jpg","Olivier Giroud","FORWARD","9","Giroud","43","88","France","Attaquant","Olivier","Giroud","Olivier Giroud","Giroud","200039","./assoc/200039_ENG.svg","./logo/52914.png","UEFA","ENG","52914","FAME","Chelsea","","https://img.uefa.com/imgml/TP/teams/logos/70x70/52914.png","https://img.uefa.com/imgml/TP/teams/logos/240x240/52914.png","252914","CHE","DOMESTIC_MEN_TEAM_A","","DOMESTIC","Angleterre","Chelsea","Chelsea FC","CHE","256","MINUTE","8","6","0","28.94","KILOMETER","28.8","KILOMETER_PER_HOUR"
"250144227","52748","35","1990-05-17","9","Benedetto","ARG","UNKNOWN","FORWARD","MALE","","./image/250144227.jpg","Darío Benedetto","FORWARD","","Benedetto","","","Argentine","Attaquant","Darío","Benedetto","Darío Benedetto","Benedetto","200043","./assoc/200043_FRA.svg","./logo/52748.png","UEFA","FRA","52748","FAME","Marseille","","https://img.uefa.com/imgml/TP/teams/logos/70x70/52748.png","https://img.uefa.com/imgml/TP/teams/logos/240x240/52748.png","252748","MAR","DOMESTIC_MEN_TEAM_A","","DOMESTIC","France","Marseille","Olympique de Marseille","MAR","256","MINUTE","6","0","0","27.57","KILOMETER","30.2","KILOMETER_PER_HOUR"
"250105920","50138","31","1994-04-07","5","Gagliardini","ITA","CENTRAL_MIDFIELDER","MIDFIELDER","MALE","188","./image/250105920.jpg","Roberto Gagliardini","MIDFIELDER","5","Gagliardini","66","77","Italie","Milieu","Roberto","Gagliardini","Roberto Gagliardini","Gagliardini","200066","./assoc/200066_ITA.svg","./logo/50138.png","UEFA","ITA","50138","FAME","Inter","","https://img.uefa.com/imgml/TP/teams/logos/70x70/50138.png","https://img.uefa.com/imgml/TP/teams/logos/240x240/50138.png","250138","INT","DOMESTIC_MEN_TEAM_A","","DOMESTIC","Italie","Inter","FC Internazionale Milano","INT","255","MINUTE","4","0","1","34.01","KILOMETER","28.1","KILOMETER_PER_HOUR"
"250054829","50037","31","1994-08-03","8","Tolisso","FRA","CENTRAL_MIDFIELDER","MIDFIELDER","MALE","181","./image/250054829.jpg","Corentin Tolisso","MIDFIELDER","12","Tolisso","43","78","France","Milieu","Corentin","Tolisso","Corentin Tolisso","Tolisso","200047","./assoc/200047_GER.svg","./logo/50037.png","UEFA","GER","50037","FAME","Bayern München","","https://img.uefa.com/imgml/TP/teams/logos/70x70/50037.png","https://img.uefa.com/imgml/TP/teams/logos/240x240/50037.png","250037","BAY","DOMESTIC_MEN_TEAM_A","","DOMESTIC","Allemagne","Bayern München","FC Bayern München","BAY","255","MINUTE","3","1","0","31.96","KILOMETER","30.2","KILOMETER_PER_HOUR"
"250010223","2601038","35","1990-03-08","90","Cabella","FRA","ATTACKING_MIDFIELDER","MIDFIELDER","MALE","171","./image/250010223.jpg","Rémy Cabella","MIDFIELDER","7","CABELLA","200043","62","France","Milieu","Rémy","Cabella","Rémy Cabella","Cabella","257451","./assoc/257451_RUS.svg","./logo/2601038.png","UEFA","RUS","2601038","FAME","Krasnodar","","https://img.uefa.com/imgml/TP/teams/logos/70x70/2601038.png","https://img.uefa.com/imgml/TP/teams/logos/240x240/2601038.png","250000383","KRA","DOMESTIC_MEN_TEAM_A","","DOMESTIC","Russie","Krasnodar","FC Krasnodar","KRA","255","MINUTE","3","1","0","30.55","KILOMETER","28.4","KILOMETER_PER_HOUR"
"250122839","50080","29","1996-05-10","23","J. FIRPO","DOM","FULL_BACK","DEFENDER","MALE","","./image/250122839.jpg","Junior Firpo","DEFENDER","20","JUNIOR","200122","","République Dominicaine","Défenseur","","Junior Firpo","Junior Firpo","Junior Firpo","200122","./assoc/200122_ESP.svg","./logo/50080.png","UEFA","ESP","50080","FAME","Barcelona","","https://img.uefa.com/imgml/TP/teams/logos/70x70/50080.png","https://img.uefa.com/imgml/TP/teams/logos/240x240/50080.png","250080","BAR","DOMESTIC_MEN_TEAM_A","","DOMESTIC","Espagne","Barcelona","FC Barcelona","BAR","254","MINUTE","6","0","0","30.03","KILOMETER","31","KILOMETER_PER_HOUR"
"250128118","52748","26","1999-01-26","5","Balerdi","ARG","UNKNOWN","DEFENDER","MALE","","./image/250128118.jpg","Leonardo Balerdi","DEFENDER","","Balerdi","6","","Argentine","Défenseur","Leonardo","Balerdi","Leonardo Balerdi","Balerdi","200043","./assoc/200043_FRA.svg","./logo/52748.png","UEFA","FRA","52748","FAME","Marseille","","https://img.uefa.com/imgml/TP/teams/logos/70x70/52748.png","https://img.uefa.com/imgml/TP/teams/logos/240x240/52748.png","252748","MAR","DOMESTIC_MEN_TEAM_A","","DOMESTIC","France","Marseille","Olympique de Marseille","MAR","250","MINUTE","3","0","0","27.21","KILOMETER","31.5","KILOMETER_PER_HOUR"
"250035096","53065","37","1987-12-22","19","Eder","POR","STRIKER","FORWARD","MALE","188","./image/250035096.jpg","Éder","FORWARD","9","Eder","110","81","Portugal","Attaquant","","Éder","Éder","Éder","257451","./assoc/257451_RUS.svg","./logo/53065.png","UEFA","RUS","53065","FAME","Lokomotiv Moskva","","https://img.uefa.com/imgml/TP/teams/logos/70x70/53065.png","https://img.uefa.com/imgml/TP/teams/logos/240x240/53065.png","253065","LMO","DOMESTIC_MEN_TEAM_A","","DOMESTIC","Russie","Lokomotiv Moskva","FC Lokomotiv Moskva","LMO","249","MINUTE","3","1","0","24.98","KILOMETER","28.8","KILOMETER_PER_HOUR"
"250025336","52973","40","1985-01-25","16","Parolo","ITA","CENTRAL_MIDFIELDER","MIDFIELDER","MALE","184","./image/250025336.jpg","Marco Parolo","MIDFIELDER","18","Parolo","66","75","Italie","Milieu","Marco","Parolo","Marco Parolo","Parolo","200066","./assoc/200066_ITA.svg","./logo/52973.png","UEFA","ITA","52973","FAME","Lazio","","https://img.uefa.com/imgml/TP/teams/logos/70x70/52973.png","https://img.uefa.com/imgml/TP/teams/logos/240x240/52973.png","252973","LAZ","DOMESTIC_MEN_TEAM_A","","DOMESTIC","Italie","Lazio","S.S. Lazio","LAZ","248","MINUTE","5","2","0","33.65","KILOMETER","30.4","KILOMETER_PER_HOUR"
"250027830","50143","33","1992-01-04","24","Promes","NED","WINGER","FORWARD","MALE","","./image/250027830.jpg","Quincy Promes","MIDFIELDER","11","Promes","95","","Pays-Bas","Attaquant","Quincy","Promes","Quincy Promes","Promes","200095","./assoc/200095_NED.svg","./logo/50143.png","UEFA","NED","50143","FAME","Ajax","","https://img.uefa.com/imgml/TP/teams/logos/70x70/50143.png","https://img.uefa.com/imgml/TP/teams/logos/240x240/50143.png","250143","AJX","DOMESTIC_MEN_TEAM_A","","DOMESTIC","Pays-Bas","Ajax","AFC Ajax","AJX","246","MINUTE","5","0","1","32.36","KILOMETER","31","KILOMETER_PER_HOUR"
"250052757","52757","29","1996-03-24","22","Lazaro","AUT","WINGER","MIDFIELDER","MALE","180","./image/250052757.jpg","Valentino Lázaro","MIDFIELDER","22","Lázaro","8","73","Autriche","Milieu","Valentino","Lázaro","Valentino Lázaro","Lázaro","200047","./assoc/200047_GER.svg","./logo/52757.png","UEFA","GER","52757","FAME","Mönchengladbach","","https://img.uefa.com/imgml/TP/teams/logos/70x70/52757.png","https://img.uefa.com/imgml/TP/teams/logos/240x240/52757.png","252757","MON","DOMESTIC_MEN_TEAM_A","","DOMESTIC","Allemagne","Mönchengladbach","Borussia Mönchengladbach","MON","246","MINUTE","5","0","1","30.34","KILOMETER","29.5","KILOMETER_PER_HOUR"
"103310","50138","36","1989-02-02","5","Perišić","CRO","WINGER","FORWARD","MALE","185","./image/103310.jpg","Ivan Perišić","FORWARD","14","Perišić","56370","77","Croatie","Attaquant","Ivan","Perišić","Ivan Perišić","Perišić","200066","./assoc/200066_ITA.svg","./logo/50138.png","UEFA","ITA","50138","FAME","Inter","","https://img.uefa.com/imgml/TP/teams/logos/70x70/50138.png","https://img.uefa.com/imgml/TP/teams/logos/240x240/50138.png","250138","INT","DOMESTIC_MEN_TEAM_A","","DOMESTIC","Italie","Inter","FC Internazionale Milano","INT","245","MINUTE","6","1","0","32.77","KILOMETER","33.8","KILOMETER_PER_HOUR"
"250081975","52298","30","1995-05-31","77","Uzuni","ALB","WINGER","FORWARD","MALE","","./image/250081975.jpg","Myrto Uzuni","FORWARD","11","Uzuni","2","","Albanie","Attaquant","Myrto","Uzuni","Myrto Uzuni","Uzuni","200057","./assoc/200057_HUN.svg","./logo/52298.png","UEFA","HUN","52298","FAME","Ferencváros","","https://img.uefa.com/imgml/TP/teams/logos/70x70/52298.png","https://img.uefa.com/imgml/TP/teams/logos/240x240/52298.png","252298","FER","DOMESTIC_MEN_TEAM_A","","DOMESTIC","Hongrie","Ferencváros","Ferencvárosi TC","FER","245","MINUTE","4","1","0","30.85","KILOMETER","29.7","KILOMETER_PER_HOUR"
"250085773","2600288","30","1995-02-06","27","Crivelli","FRA","STRIKER","FORWARD","MALE","","./image/250085773.jpg","Enzo Crivelli","FORWARD","9","Crivelli","200043","","France","Attaquant","Enzo","Crivelli","Enzo Crivelli","Crivelli","200135","./assoc/200135_TUR.svg","./logo/2600288.png","UEFA","TUR","2600288","FAME","Başakşehir","","https://img.uefa.com/imgml/TP/teams/logos/70x70/2600288.png","https://img.uefa.com/imgml/TP/teams/logos/240x240/2600288.png","1500091","IST","DOMESTIC_MEN_TEAM_A","","DOMESTIC","Turquie","Başakşehir","İstanbul Başakşehir FK","IST","245","MINUTE","4","0","0","26.1","KILOMETER","30.8","KILOMETER_PER_HOUR"
"250132527","52707","25","2000-06-13","8","marcos a.","BRA","CENTRAL_MIDFIELDER","MIDFIELDER","MALE","","./image/250132527.jpg","Marcos Antônio","MIDFIELDER","","Marcos A.","","","Brésil","Milieu","","Marcos Antônio","Marcos Antônio","Marcos Antônio","257166","./assoc/257166_UKR.svg","./logo/52707.png","UEFA","UKR","52707","FAME","Shakhtar","","https://img.uefa.com/imgml/TP/teams/logos/70x70/52707.png","https://img.uefa.com/imgml/TP/teams/logos/240x240/52707.png","252707","SHK","DOMESTIC_MEN_TEAM_A","","DOMESTIC","Ukraine","Shakhtar","FC Shakhtar Donetsk","SHK","244","MINUTE","4","0","0","34.14","KILOMETER","28.4","KILOMETER_PER_HOUR"
"250110864","52826","28","1997-02-26","10","Malcom","BRA","UNKNOWN","FORWARD","MALE","","./image/250110864.jpg","Malcom","FORWARD","","MALCOM","","","Brésil","Attaquant","","Malcom","Malcom","Malcom","257451","./assoc/257451_RUS.svg","./logo/52826.png","UEFA","RUS","52826","FAME","Zenit","","https://img.uefa.com/imgml/TP/teams/logos/70x70/52826.png","https://img.uefa.com/imgml/TP/teams/logos/240x240/52826.png","252826","ZEN","DOMESTIC_MEN_TEAM_A","","DOMESTIC","Russie","Zenit","FC Zenit","ZEN","244","MINUTE","3","0","0","25.64","KILOMETER","32","KILOMETER_PER_HOUR"
"250132797","52826","31","1994-01-10","19","Sutormin","RUS","UNKNOWN","MIDFIELDER","MALE","","./image/250132797.jpg","Aleksei Sutormin","MIDFIELDER","18","Sutormin","57451","","Russie","Milieu","Aleksei","Sutormin","Aleksei Sutormin","Sutormin","257451","./assoc/257451_RUS.svg","./logo/52826.png","UEFA","RUS","52826","FAME","Zenit","","https://img.uefa.com/imgml/TP/teams/logos/70x70/52826.png","https://img.uefa.com/imgml/TP/teams/logos/240x240/52826.png","252826","ZEN","DOMESTIC_MEN_TEAM_A","","DOMESTIC","Russie","Zenit","FC Zenit","ZEN","243","MINUTE","5","0","1","31.06","KILOMETER","31.3","KILOMETER_PER_HOUR"
"250087538","50080","26","1999-05-13","3","O. MINGUEZA","ESP","UNKNOWN","DEFENDER","MALE","","./image/250087538.jpg","Oscar Mingueza","DEFENDER","14","O. MINGUEZA","122","","Espagne","Défenseur","Oscar","Mingueza","Oscar Mingueza","Mingueza","200122","./assoc/200122_ESP.svg","./logo/50080.png","UEFA","ESP","50080","FAME","Barcelona","","https://img.uefa.com/imgml/TP/teams/logos/70x70/50080.png","https://img.uefa.com/imgml/TP/teams/logos/240x240/50080.png","250080","BAR","DOMESTIC_MEN_TEAM_A","","DOMESTIC","Espagne","Barcelona","FC Barcelona","BAR","242","MINUTE","5","0","1","25.47","KILOMETER","31","KILOMETER_PER_HOUR"
"250099459","55031","28","1997-03-04","11","Terrier","FRA","WINGER","FORWARD","MALE","","./image/250099459.jpg","Martin Terrier","MIDFIELDER","20","TERRIER","200043","","France","Attaquant","Martin","Terrier","Martin Terrier","Terrier","200043","./assoc/200043_FRA.svg","./logo/55031.png","UEFA","FRA","55031","FAME","Rennes","","https://img.uefa.com/imgml/TP/teams/logos/70x70/55031.png","https://img.uefa.com/imgml/TP/teams/logos/240x240/55031.png","255031","REN","DOMESTIC_MEN_TEAM_A","","DOMESTIC","France","Rennes","Stade Rennais FC","REN","242","MINUTE","3","0","0","27.53","KILOMETER","30.8","KILOMETER_PER_HOUR"
"250074434","52747","32","1993-02-19","9","ICARDI","ARG","STRIKER","FORWARD","MALE","181","./image/250074434.jpg","Mauro Icardi","FORWARD","","Icardi","","75","Argentine","Attaquant","Mauro","Icardi","Mauro Icardi","Icardi","200043","./assoc/200043_FRA.svg","./logo/52747.png","UEFA","FRA","52747","FAME","Paris","","https://img.uefa.com/imgml/TP/teams/logos/70x70/52747.png","https://img.uefa.com/imgml/TP/teams/logos/240x240/52747.png","252747","PSG","DOMESTIC_MEN_TEAM_A","","DOMESTIC","France","Paris","Paris Saint-Germain","PSG","242","MINUTE","3","0","0","27.37","KILOMETER","29","KILOMETER_PER_HOUR"
"250136341","55031","23","2001-11-20","3","Truffert","FRA","DEFENSIVE_MIDFIELDER","DEFENDER","MALE","","./image/250136341.jpg","Adrien Truffert","DEFENDER","22","Truffert","43","","France","Défenseur","Adrien","Truffert","Adrien Truffert","Truffert","200043","./assoc/200043_FRA.svg","./logo/55031.png","UEFA","FRA","55031","FAME","Rennes","","https://img.uefa.com/imgml/TP/teams/logos/70x70/55031.png","https://img.uefa.com/imgml/TP/teams/logos/240x240/55031.png","255031","REN","DOMESTIC_MEN_TEAM_A","","DOMESTIC","France","Rennes","Stade Rennais FC","REN","241","MINUTE","5","0","0","28.43","KILOMETER","32.4","KILOMETER_PER_HOUR"
"250067467","50043","32","1993-02-28","39","Balanta","COL","DEFENSIVE_MIDFIELDER","DEFENDER","MALE","181","./image/250067467.jpg","Éder Balanta","MIDFIELDER","16","Alvarez","29","84","Colombie","Défenseur","Éder","Balanta","Éder Balanta","Balanta","200013","./assoc/200013_BEL.svg","./logo/50043.png","UEFA","BEL","50043","FAME","Club Brugge","","https://img.uefa.com/imgml/TP/teams/logos/70x70/50043.png","https://img.uefa.com/imgml/TP/teams/logos/240x240/50043.png","250043","BRU","DOMESTIC_MEN_TEAM_A","","DOMESTIC","Belgique","Club Brugge","Club Brugge KV","BRU","238","MINUTE","4","0","0","31.16","KILOMETER","28.8","KILOMETER_PER_HOUR"
"250121321","2610","28","1997-08-05","97","Randjelovic","SRB","WINGER","FORWARD","MALE","","./image/250121321.jpg","Lazar Randjelović","MIDFIELDER","19","Ranđelović","147","","Serbie","Attaquant","Lazar","Randjelović","Lazar Randjelović","Randjelović","200049","./assoc/200049_GRE.svg","./logo/2610.png","UEFA","GRE","2610","FAME","Olympiacos","","https://img.uefa.com/imgml/TP/teams/logos/70x70/2610.png","https://img.uefa.com/imgml/TP/teams/logos/240x240/2610.png","202610","OLY","DOMESTIC_MEN_TEAM_A","","DOMESTIC","Grèce","Olympiacos","Olympiacos FC","OLY","238","MINUTE","4","0","0","28.61","KILOMETER","32.4","KILOMETER_PER_HOUR"
"93148","50080","38","1987-02-02","3","Piqué","ESP","CENTRE_BACK","DEFENDER","MALE","193","./image/93148.jpg","Gerard Piqué","DEFENDER","3","Piqué","122","85","Espagne","Défenseur","Gerard","Piqué","Gerard Piqué","Piqué","200122","./assoc/200122_ESP.svg","./logo/50080.png","UEFA","ESP","50080","FAME","Barcelona","","https://img.uefa.com/imgml/TP/teams/logos/70x70/50080.png","https://img.uefa.com/imgml/TP/teams/logos/240x240/50080.png","250080","BAR","DOMESTIC_MEN_TEAM_A","","DOMESTIC","Espagne","Barcelona","FC Barcelona","BAR","237","MINUTE","3","1","0","22.9","KILOMETER","29.9","KILOMETER_PER_HOUR"
"250124430","50037","22","2003-02-26","10","Musiala","GER","UNKNOWN","MIDFIELDER","MALE","","./image/250124430.jpg","Jamal Musiala","MIDFIELDER","10","Musiala","47","","Allemagne","Milieu","Jamal","Musiala","Jamal Musiala","Musiala","200047","./assoc/200047_GER.svg","./logo/50037.png","UEFA","GER","50037","FAME","Bayern München","","https://img.uefa.com/imgml/TP/teams/logos/70x70/50037.png","https://img.uefa.com/imgml/TP/teams/logos/240x240/50037.png","250037","BAY","DOMESTIC_MEN_TEAM_A","","DOMESTIC","Allemagne","Bayern München","FC Bayern München","BAY","233","MINUTE","6","1","0","30.53","KILOMETER","32","KILOMETER_PER_HOUR"
"250067629","52914","28","1997-10-02","9","Abraham","ENG","UNKNOWN","FORWARD","MALE","","./image/250067629.jpg","Tammy Abraham","FORWARD","23","Abraham","39","","Angleterre","Attaquant","Tammy","Abraham","Tammy Abraham","Abraham","200039","./assoc/200039_ENG.svg","./logo/52914.png","UEFA","ENG","52914","FAME","Chelsea","","https://img.uefa.com/imgml/TP/teams/logos/70x70/52914.png","https://img.uefa.com/imgml/TP/teams/logos/240x240/52914.png","252914","CHE","DOMESTIC_MEN_TEAM_A","","DOMESTIC","Angleterre","Chelsea","Chelsea FC","CHE","233","MINUTE","5","1","1","26.93","KILOMETER","29.5","KILOMETER_PER_HOUR"
"250013677","50080","34","1991-06-05","12","BRAITHWAITE","DEN","UNKNOWN","FORWARD","MALE","180","./image/250013677.jpg","Martin Braithwaite","FORWARD","9","Braithwaite","35","77","Danemark","Attaquant","Martin","Braithwaite","Martin Braithwaite","Braithwaite","200122","./assoc/200122_ESP.svg","./logo/50080.png","UEFA","ESP","50080","FAME","Barcelona","","https://img.uefa.com/imgml/TP/teams/logos/70x70/50080.png","https://img.uefa.com/imgml/TP/teams/logos/240x240/50080.png","250080","BAR","DOMESTIC_MEN_TEAM_A","","DOMESTIC","Espagne","Barcelona","FC Barcelona","BAR","232","MINUTE","6","3","1","26.98","KILOMETER","30.8","KILOMETER_PER_HOUR"
"250091018","52748","26","1999-08-16","17","Cuisance","FRA","UNKNOWN","MIDFIELDER","MALE","","./image/250091018.jpg","Mickaël Cuisance","MIDFIELDER","8","Cuisance","300043","","France","Milieu","Mickaël","Cuisance","Mickaël Cuisance","Cuisance","200043","./assoc/200043_FRA.svg","./logo/52748.png","UEFA","FRA","52748","FAME","Marseille","","https://img.uefa.com/imgml/TP/teams/logos/70x70/52748.png","https://img.uefa.com/imgml/TP/teams/logos/240x240/52748.png","252748","MAR","DOMESTIC_MEN_TEAM_A","","DOMESTIC","France","Marseille","Olympique de Marseille","MAR","231","MINUTE","6","0","0","30.89","KILOMETER","27.7","KILOMETER_PER_HOUR"
"250016027","50037","35","1990-09-14","11","Costa","BRA","WINGER","MIDFIELDER","MALE","170","./image/250016027.jpg","Douglas Costa","MIDFIELDER","","Costa de Souza ","18","65","Brésil","Milieu","","Douglas Costa","Douglas Costa","Douglas Costa","200047","./assoc/200047_GER.svg","./logo/50037.png","UEFA","GER","50037","FAME","Bayern München","","https://img.uefa.com/imgml/TP/teams/logos/70x70/50037.png","https://img.uefa.com/imgml/TP/teams/logos/240x240/50037.png","250037","BAY","DOMESTIC_MEN_TEAM_A","","DOMESTIC","Allemagne","Bayern München","FC Bayern München","BAY","228","MINUTE","6","0","1","27.16","KILOMETER","29.7","KILOMETER_PER_HOUR"
"106557","2600288","39","1986-03-03","14","M.Topal","TUR","DEFENSIVE_MIDFIELDER","MIDFIELDER","MALE","187","./image/106557.jpg","Mehmet Topal","MIDFIELDER","15","MEHMET TOPAL","135","82","Turquie","Milieu","","Mehmet Topal","Mehmet Topal","Mehmet Topal","200135","./assoc/200135_TUR.svg","./logo/2600288.png","UEFA","TUR","2600288","FAME","Başakşehir","","https://img.uefa.com/imgml/TP/teams/logos/70x70/2600288.png","https://img.uefa.com/imgml/TP/teams/logos/240x240/2600288.png","1500091","IST","DOMESTIC_MEN_TEAM_A","","DOMESTIC","Turquie","Başakşehir","İstanbul Başakşehir FK","IST","228","MINUTE","4","1","0","24.33","KILOMETER","27.4","KILOMETER_PER_HOUR"
"74029","52758","40","1985-06-03","26","","POL","FULL_BACK","","MALE","184","./image/74029.jpg","Łukasz Piszczek","DEFENDER","20","Piszczek","109","79","Pologne","","Łukasz","Piszczek","Łukasz Piszczek","Piszczek","200047","./assoc/200047_GER.svg","./logo/52758.png","UEFA","GER","52758","FAME","B. Dortmund","","https://img.uefa.com/imgml/TP/teams/logos/70x70/52758.png","https://img.uefa.com/imgml/TP/teams/logos/240x240/52758.png","252758","BVB","DOMESTIC_MEN_TEAM_A","","DOMESTIC","Allemagne","B. Dortmund","Borussia Dortmund","BVB","227","MINUTE","3","1","0","25.35","KILOMETER","30.2","KILOMETER_PER_HOUR"
"250090481","2601038","26","1999-10-12","47","Utkin","RUS","CENTRAL_MIDFIELDER","MIDFIELDER","MALE","","./image/250090481.jpg","Daniil Utkin","MIDFIELDER","18","Utkin","257451","","Russie","Milieu","Daniil","Utkin","Daniil Utkin","Utkin","257451","./assoc/257451_RUS.svg","./logo/2601038.png","UEFA","RUS","2601038","FAME","Krasnodar","","https://img.uefa.com/imgml/TP/teams/logos/70x70/2601038.png","https://img.uefa.com/imgml/TP/teams/logos/240x240/2601038.png","250000383","KRA","DOMESTIC_MEN_TEAM_A","","DOMESTIC","Russie","Krasnodar","FC Krasnodar","KRA","226","MINUTE","4","0","0","30.42","KILOMETER","28.1","KILOMETER_PER_HOUR"
"250004740","52723","33","1992-06-02","20","Karavaiev","UKR","WINGER","DEFENDER","MALE","173","./image/250004740.jpg","Oleksandr Karavaiev","DEFENDER","21","Karavaiev","57166","65","Ukraine","Défenseur","Oleksandr","Karavaiev","Oleksandr Karavaiev","Karavaiev","257166","./assoc/257166_UKR.svg","./logo/52723.png","UEFA","UKR","52723","FAME","Dynamo Kyiv","","https://img.uefa.com/imgml/TP/teams/logos/70x70/52723.png","https://img.uefa.com/imgml/TP/teams/logos/240x240/52723.png","252723","DKY","DOMESTIC_MEN_TEAM_A","","DOMESTIC","Ukraine","Dynamo Kyiv","FC Dynamo Kyiv","DKY","225","MINUTE","4","0","0","25.65","KILOMETER","31.3","KILOMETER_PER_HOUR"
"250085690","55031","32","1993-09-08","5","DALBERT","BRA","FULL_BACK","DEFENDER","MALE","181","./image/250085690.jpg","Dalbert","DEFENDER","","DALBERT","","74","Brésil","Défenseur","","Dalbert","Dalbert","Dalbert","200043","./assoc/200043_FRA.svg","./logo/55031.png","UEFA","FRA","55031","FAME","Rennes","","https://img.uefa.com/imgml/TP/teams/logos/70x70/55031.png","https://img.uefa.com/imgml/TP/teams/logos/240x240/55031.png","255031","REN","DOMESTIC_MEN_TEAM_A","","DOMESTIC","France","Rennes","Stade Rennais FC","REN","224","MINUTE","4","0","0","24.15","KILOMETER","30.6","KILOMETER_PER_HOUR"
"1906776","7889","34","1991-04-11","6","Thiago","ESP","CENTRAL_MIDFIELDER","MIDFIELDER","MALE","172","./image/1906776.jpg","Thiago Alcántara","MIDFIELDER","10","Thiago","122","71","Espagne","Milieu","","Thiago Alcántara","Thiago Alcántara","Thiago Alcántara","200039","./assoc/200039_ENG.svg","./logo/7889.png","UEFA","ENG","7889","FAME","Liverpool","","https://img.uefa.com/imgml/TP/teams/logos/70x70/7889.png","https://img.uefa.com/imgml/TP/teams/logos/240x240/7889.png","207889","LIV","DOMESTIC_MEN_TEAM_A","","DOMESTIC","Angleterre","Liverpool","Liverpool FC","LIV","223","MINUTE","4","0","0","29.24","KILOMETER","28.8","KILOMETER_PER_HOUR"
"250005348","52682","37","1988-08-01","31","Matic","SRB","DEFENSIVE_MIDFIELDER","MIDFIELDER","MALE","193","./image/250005348.jpg","Nemanja Matić","MIDFIELDER","21","Matic","147","82","Serbie","Milieu","Nemanja","Matić","Nemanja Matić","Matić","200039","./assoc/200039_ENG.svg","./logo/52682.png","UEFA","ENG","52682","FAME","Man Utd","","https://img.uefa.com/imgml/TP/teams/logos/70x70/52682.png","https://img.uefa.com/imgml/TP/teams/logos/240x240/52682.png","252682","MUN","DOMESTIC_MEN_TEAM_A","","DOMESTIC","Angleterre","Man Utd","Manchester United","MUN","222","MINUTE","4","0","0","28.34","KILOMETER","32","KILOMETER_PER_HOUR"
"1908192","55031","34","1991-01-07","8","Grenier","FRA","CENTRAL_MIDFIELDER","MIDFIELDER","MALE","186","./image/1908192.jpg","Clément Grenier","MIDFIELDER","6","Grenier","200043","72","France","Milieu","Clément","Grenier","Clément Grenier","Grenier","200043","./assoc/200043_FRA.svg","./logo/55031.png","UEFA","FRA","55031","FAME","Rennes","","https://img.uefa.com/imgml/TP/teams/logos/70x70/55031.png","https://img.uefa.com/imgml/TP/teams/logos/240x240/55031.png","255031","REN","DOMESTIC_MEN_TEAM_A","","DOMESTIC","France","Rennes","Stade Rennais FC","REN","221","MINUTE","5","0","0","29.93","KILOMETER","27.4","KILOMETER_PER_HOUR"
"250101476","52747","27","1998-09-09","17","DAGBA","FRA","UNKNOWN","","MALE","","./image/250101476.jpg","Colin Dagba","DEFENDER","13","Dagba","200043","","France","","Colin","Dagba","Colin Dagba","Dagba","200043","./assoc/200043_FRA.svg","./logo/52747.png","UEFA","FRA","52747","FAME","Paris","","https://img.uefa.com/imgml/TP/teams/logos/70x70/52747.png","https://img.uefa.com/imgml/TP/teams/logos/240x240/52747.png","252747","PSG","DOMESTIC_MEN_TEAM_A","","DOMESTIC","France","Paris","Paris Saint-Germain","PSG","221","MINUTE","5","0","0","26.3","KILOMETER","29.9","KILOMETER_PER_HOUR"
"250056865","52707","29","1996-02-14","20","Kovalenko","UKR","ATTACKING_MIDFIELDER","MIDFIELDER","MALE","182","./image/250056865.jpg","Viktor Kovalenko","MIDFIELDER","19","Kovalenko","57166","75","Ukraine","Milieu","Viktor","Kovalenko","Viktor Kovalenko","Kovalenko","257166","./assoc/257166_UKR.svg","./logo/52707.png","UEFA","UKR","52707","FAME","Shakhtar","","https://img.uefa.com/imgml/TP/teams/logos/70x70/52707.png","https://img.uefa.com/imgml/TP/teams/logos/240x240/52707.png","252707","SHK","DOMESTIC_MEN_TEAM_A","","DOMESTIC","Ukraine","Shakhtar","FC Shakhtar Donetsk","SHK","220","MINUTE","3","0","0","28.27","KILOMETER","28.4","KILOMETER_PER_HOUR"
"250100056","52914","31","1994-08-03","33","Emerson","ITA","FULL_BACK","DEFENDER","MALE","176","./image/250100056.jpg","Emerson","DEFENDER","13","Emerson","66","63","Italie","Défenseur","","Emerson","Emerson","Emerson","200039","./assoc/200039_ENG.svg","./logo/52914.png","UEFA","ENG","52914","FAME","Chelsea","","https://img.uefa.com/imgml/TP/teams/logos/70x70/52914.png","https://img.uefa.com/imgml/TP/teams/logos/240x240/52914.png","252914","CHE","DOMESTIC_MEN_TEAM_A","","DOMESTIC","Angleterre","Chelsea","Chelsea FC","CHE","219","MINUTE","6","1","0","25.79","KILOMETER","31.3","KILOMETER_PER_HOUR"
"250141220","52298","28","1996-12-13","20","Laïdouni","TUN","UNKNOWN","MIDFIELDER","MALE","","./image/250141220.jpg","Aïssa Laïdouni","MIDFIELDER","14","Laïdouni","134","","Tunisie","Milieu","Aïssa","Laïdouni","Aïssa Laïdouni","Laïdouni","200057","./assoc/200057_HUN.svg","./logo/52298.png","UEFA","HUN","52298","FAME","Ferencváros","","https://img.uefa.com/imgml/TP/teams/logos/70x70/52298.png","https://img.uefa.com/imgml/TP/teams/logos/240x240/52298.png","252298","FER","DOMESTIC_MEN_TEAM_A","","DOMESTIC","Hongrie","Ferencváros","Ferencvárosi TC","FER","219","MINUTE","5","0","1","27.49","KILOMETER","30.2","KILOMETER_PER_HOUR"
"250024856","52714","30","1994-12-02","4","Rekik","NED","CENTRE_BACK","DEFENDER","MALE","185","./image/250024856.jpg","Karim Rekik","DEFENDER","4","Rekik","95","","Pays-Bas","Défenseur","Karim","Rekik","Karim Rekik","Rekik","200122","./assoc/200122_ESP.svg","./logo/52714.png","UEFA","ESP","52714","FAME","Sevilla","","https://img.uefa.com/imgml/TP/teams/logos/70x70/52714.png","https://img.uefa.com/imgml/TP/teams/logos/240x240/52714.png","252714","SEV","DOMESTIC_MEN_TEAM_A","","DOMESTIC","Espagne","Sevilla","Sevilla FC","SEV","216","MINUTE","4","0","0","24.91","KILOMETER","30.2","KILOMETER_PER_HOUR"
"99714","52757","39","1985-10-24","17","Wendt","SWE","FULL_BACK","DEFENDER","MALE","181","./image/99714.jpg","Oscar Wendt","DEFENDER","17","Wendt","127","82","Suède","Défenseur","Oscar","Wendt","Oscar Wendt","Wendt","200047","./assoc/200047_GER.svg","./logo/52757.png","UEFA","GER","52757","FAME","Mönchengladbach","","https://img.uefa.com/imgml/TP/teams/logos/70x70/52757.png","https://img.uefa.com/imgml/TP/teams/logos/240x240/52757.png","252757","MON","DOMESTIC_MEN_TEAM_A","","DOMESTIC","Allemagne","Mönchengladbach","Borussia Mönchengladbach","MON","215","MINUTE","4","1","0","24.39","KILOMETER","29.5","KILOMETER_PER_HOUR"
"250046522","52758","29","1996-05-02","10","Brandt","GER","WINGER","MIDFIELDER","MALE","176","./image/250046522.jpg","Julian Brandt","MIDFIELDER","14","Brandt","47","82","Allemagne","Milieu","Julian","Brandt","Julian Brandt","Brandt","200047","./assoc/200047_GER.svg","./logo/52758.png","UEFA","GER","52758","FAME","B. Dortmund","","https://img.uefa.com/imgml/TP/teams/logos/70x70/52758.png","https://img.uefa.com/imgml/TP/teams/logos/240x240/52758.png","252758","BVB","DOMESTIC_MEN_TEAM_A","","DOMESTIC","Allemagne","B. Dortmund","Borussia Dortmund","BVB","214","MINUTE","8","0","0","32.21","KILOMETER","31.5","KILOMETER_PER_HOUR"
"250086333","50139","31","1993-11-15","21","DYBALA","ARG","STRIKER","FORWARD","MALE","177","./image/250086333.jpg","Paulo Dybala","FORWARD","21","Dybala","6","79","Argentine","Attaquant","Paulo","Dybala","Paulo Dybala","Dybala","200066","./assoc/200066_ITA.svg","./logo/50139.png","UEFA","ITA","50139","FAME","Juventus","","https://img.uefa.com/imgml/TP/teams/logos/70x70/50139.png","https://img.uefa.com/imgml/TP/teams/logos/240x240/50139.png","250139","JUV","DOMESTIC_MEN_TEAM_A","","DOMESTIC","Italie","Juventus","Juventus","JUV","214","MINUTE","5","1","1","28.36","KILOMETER","29","KILOMETER_PER_HOUR"
"250080552","55031","29","1996-06-12","12","Lea Siliki","FRA","CENTRAL_MIDFIELDER","MIDFIELDER","MALE","","./image/250080552.jpg","James Lea Siliki","MIDFIELDER","20","Lea Siliki","300043","","France","Milieu","James","Lea Siliki","James Lea Siliki","Lea Siliki","200043","./assoc/200043_FRA.svg","./logo/55031.png","UEFA","FRA","55031","FAME","Rennes","","https://img.uefa.com/imgml/TP/teams/logos/70x70/55031.png","https://img.uefa.com/imgml/TP/teams/logos/240x240/55031.png","255031","REN","DOMESTIC_MEN_TEAM_A","","DOMESTIC","France","Rennes","Stade Rennais FC","REN","214","MINUTE","4","0","0","24.21","KILOMETER","29.7","KILOMETER_PER_HOUR"
"250042610","7889","30","1995-04-18","27","Origi","BEL","STRIKER","FORWARD","MALE","185","./image/250042610.jpg","Divock Origi","FORWARD","17","Origi","13","75","Belgique","Attaquant","Divock","Origi","Divock Origi","Origi","200039","./assoc/200039_ENG.svg","./logo/7889.png","UEFA","ENG","7889","FAME","Liverpool","","https://img.uefa.com/imgml/TP/teams/logos/70x70/7889.png","https://img.uefa.com/imgml/TP/teams/logos/240x240/7889.png","207889","LIV","DOMESTIC_MEN_TEAM_A","","DOMESTIC","Angleterre","Liverpool","Liverpool FC","LIV","211","MINUTE","4","0","1","25.73","KILOMETER","30.2","KILOMETER_PER_HOUR"
"250116767","52682","24","2001-10-01","10","Greenwood","ENG","STRIKER","FORWARD","MALE","","./image/250116767.jpg","Mason Greenwood","FORWARD","9","Greenwood","39","","Angleterre","Attaquant","Mason","Greenwood","Mason Greenwood","Greenwood","200039","./assoc/200039_ENG.svg","./logo/52682.png","UEFA","ENG","52682","FAME","Man Utd","","https://img.uefa.com/imgml/TP/teams/logos/70x70/52682.png","https://img.uefa.com/imgml/TP/teams/logos/240x240/52682.png","252682","MUN","DOMESTIC_MEN_TEAM_A","","DOMESTIC","Angleterre","Man Utd","Manchester United","MUN","210","MINUTE","5","1","1","23.76","KILOMETER","31.3","KILOMETER_PER_HOUR"
"250103561","52919","24","2001-01-09","24","Eric","ESP","CENTRE_BACK","DEFENDER","MALE","","./image/250103561.jpg","Eric García","DEFENDER","3","García Martret","122","","Espagne","Défenseur","","Eric García","Eric García","Eric García","200039","./assoc/200039_ENG.svg","./logo/52919.png","UEFA","ENG","52919","FAME","Man City","","https://img.uefa.com/imgml/TP/teams/logos/70x70/52919.png","https://img.uefa.com/imgml/TP/teams/logos/240x240/52919.png","252919","MCI","DOMESTIC_MEN_TEAM_A","","DOMESTIC","Angleterre","Man City","Manchester City","MCI","208","MINUTE","3","0","0","22.1","KILOMETER","29.9","KILOMETER_PER_HOUR"
"250099064","52816","35","1990-01-05","6","Palomino","ARG","CENTRE_BACK","DEFENDER","MALE","190","./image/250099064.jpg","José Luis Palomino","DEFENDER","","Palomino","","78","Argentine","Défenseur","José Luis","Palomino","José Luis Palomino","Palomino","200066","./assoc/200066_ITA.svg","./logo/52816.png","UEFA","ITA","52816","FAME","Atalanta","","https://img.uefa.com/imgml/TP/teams/logos/70x70/52816.png","https://img.uefa.com/imgml/TP/teams/logos/240x240/52816.png","252816","ATA","DOMESTIC_MEN_TEAM_A","","DOMESTIC","Italie","Atalanta","Atalanta BC","ATA","207","MINUTE","6","0","0","24.38","KILOMETER","29","KILOMETER_PER_HOUR"
"1905813","52682","38","1987-02-14","21","Cavani","URU","STRIKER","FORWARD","MALE","184","./image/1905813.jpg","Edinson Cavani","FORWARD","21","Cavani","138","74","Uruguay","Attaquant","Edinson","Cavani","Edinson Cavani","Cavani","200039","./assoc/200039_ENG.svg","./logo/52682.png","UEFA","ENG","52682","FAME","Man Utd","","https://img.uefa.com/imgml/TP/teams/logos/70x70/52682.png","https://img.uefa.com/imgml/TP/teams/logos/240x240/52682.png","252682","MUN","DOMESTIC_MEN_TEAM_A","","DOMESTIC","Angleterre","Man Utd","Manchester United","MUN","207","MINUTE","4","0","0","24.93","KILOMETER","29","KILOMETER_PER_HOUR"
"250014332","52758","32","1993-04-01","14","Schulz","GER","FULL_BACK","DEFENDER","MALE","180","./image/250014332.jpg","Nico Schulz","DEFENDER","14","Schulz","47","78","Allemagne","Défenseur","Nico","Schulz","Nico Schulz","Schulz","200047","./assoc/200047_GER.svg","./logo/52758.png","UEFA","GER","52758","FAME","B. Dortmund","","https://img.uefa.com/imgml/TP/teams/logos/70x70/52758.png","https://img.uefa.com/imgml/TP/teams/logos/240x240/52758.png","252758","BVB","DOMESTIC_MEN_TEAM_A","","DOMESTIC","Allemagne","B. Dortmund","Borussia Dortmund","BVB","207","MINUTE","3","0","0","23.71","KILOMETER","30.4","KILOMETER_PER_HOUR"
"250098955","2601038","31","1994-10-07","10","Wanderson","BEL","WINGER","MIDFIELDER","MALE","175","./image/250098955.jpg","Wanderson","MIDFIELDER","","Wanderson","","71","Belgique","Milieu","","Wanderson","Wanderson","Wanderson","257451","./assoc/257451_RUS.svg","./logo/2601038.png","UEFA","RUS","2601038","FAME","Krasnodar","","https://img.uefa.com/imgml/TP/teams/logos/70x70/2601038.png","https://img.uefa.com/imgml/TP/teams/logos/240x240/2601038.png","250000383","KRA","DOMESTIC_MEN_TEAM_A","","DOMESTIC","Russie","Krasnodar","FC Krasnodar","KRA","206","MINUTE","4","1","0","22.88","KILOMETER","30.4","KILOMETER_PER_HOUR"
"250106611","50030","27","1998-10-09","29","Daka","ZAM","STRIKER","FORWARD","MALE","","./image/250106611.jpg","Patson Daka","FORWARD","20","Patson","149","","Zambie","Attaquant","Patson","Daka","Patson Daka","Daka","200008","./assoc/200008_AUT.svg","./logo/50030.png","UEFA","AUT","50030","FAME","Salzburg","","https://img.uefa.com/imgml/TP/teams/logos/70x70/50030.png","https://img.uefa.com/imgml/TP/teams/logos/240x240/50030.png","250030","SAL","DOMESTIC_MEN_TEAM_A","","DOMESTIC","Autriche","Salzburg","FC Salzburg","SAL","206","MINUTE","4","0","1","21.95","KILOMETER","32.8","KILOMETER_PER_HOUR"
"250078693","75795","29","1996-06-04","2","Cools","MAS","FULL_BACK","DEFENDER","MALE","184","./image/250078693.jpg","Dion Cools","DEFENDER","2","Cools","200013","77","Malaisie","Défenseur","Dion","Cools","Dion Cools","Cools","200035","./assoc/200035_DEN.svg","./logo/75795.png","UEFA","DEN","75795","FAME","Midtjylland","","https://img.uefa.com/imgml/TP/teams/logos/70x70/75795.png","https://img.uefa.com/imgml/TP/teams/logos/240x240/75795.png","275795","MID","DOMESTIC_MEN_TEAM_A","","DOMESTIC","Danemark","Midtjylland","FC Midtjylland","MID","206","MINUTE","3","0","0","25.46","KILOMETER","30.2","KILOMETER_PER_HOUR"
"250004768","2600288","33","1992-09-10","8","Gulbrandsen","NOR","STRIKER","FORWARD","MALE","175","./image/250004768.jpg","Fredrik Gulbrandsen","FORWARD","19","Gulbrandsen","101","79","Norvège","Attaquant","Fredrik","Gulbrandsen","Fredrik Gulbrandsen","Gulbrandsen","200135","./assoc/200135_TUR.svg","./logo/2600288.png","UEFA","TUR","2600288","FAME","Başakşehir","","https://img.uefa.com/imgml/TP/teams/logos/70x70/2600288.png","https://img.uefa.com/imgml/TP/teams/logos/240x240/2600288.png","1500091","IST","DOMESTIC_MEN_TEAM_A","","DOMESTIC","Turquie","Başakşehir","İstanbul Başakşehir FK","IST","204","MINUTE","4","0","0","24.41","KILOMETER","31.7","KILOMETER_PER_HOUR"
"250090110","2601038","25","1999-12-16","93","Shapi","RUS","WINGER","MIDFIELDER","MALE","","./image/250090110.jpg","Magomed Suleymanov","MIDFIELDER","11","Shapi","257451","","Russie","Milieu","Magomed","Suleymanov","Magomed Suleymanov","Suleymanov","257451","./assoc/257451_RUS.svg","./logo/2601038.png","UEFA","RUS","2601038","FAME","Krasnodar","","https://img.uefa.com/imgml/TP/teams/logos/70x70/2601038.png","https://img.uefa.com/imgml/TP/teams/logos/240x240/2601038.png","250000383","KRA","DOMESTIC_MEN_TEAM_A","","DOMESTIC","Russie","Krasnodar","FC Krasnodar","KRA","202","MINUTE","6","1","0","28.16","KILOMETER","31.7","KILOMETER_PER_HOUR"
"108421","53065","35","1990-02-09","9","Smolov","RUS","STRIKER","FORWARD","MALE","187","./image/108421.jpg","Fedor Smolov","FORWARD","9","Smolov","57451","80","Russie","Attaquant","Fedor","Smolov","Fedor Smolov","Smolov","257451","./assoc/257451_RUS.svg","./logo/53065.png","UEFA","RUS","53065","FAME","Lokomotiv Moskva","","https://img.uefa.com/imgml/TP/teams/logos/70x70/53065.png","https://img.uefa.com/imgml/TP/teams/logos/240x240/53065.png","253065","LMO","DOMESTIC_MEN_TEAM_A","","DOMESTIC","Russie","Lokomotiv Moskva","FC Lokomotiv Moskva","LMO","202","MINUTE","3","0","0","22.3","KILOMETER","28.1","KILOMETER_PER_HOUR"
"250040568","52748","35","1990-04-17","28","Germain","FRA","STRIKER","FORWARD","MALE","180","./image/250040568.jpg","Valère Germain","FORWARD","","Germain","200043","73","France","Attaquant","Valère","Germain","Valère Germain","Germain","200043","./assoc/200043_FRA.svg","./logo/52748.png","UEFA","FRA","52748","FAME","Marseille","","https://img.uefa.com/imgml/TP/teams/logos/70x70/52748.png","https://img.uefa.com/imgml/TP/teams/logos/240x240/52748.png","252748","MAR","DOMESTIC_MEN_TEAM_A","","DOMESTIC","France","Marseille","Olympique de Marseille","MAR","201","MINUTE","5","0","0","22.12","KILOMETER","28.1","KILOMETER_PER_HOUR"
"250088247","52682","27","1997-11-14","38","Tuanzebe","ENG","CENTRE_BACK","DEFENDER","MALE","182","./image/250088247.jpg","Axel Tuanzebe","DEFENDER","14","Tuanzebe","200039","75","Angleterre","Défenseur","Axel","Tuanzebe","Axel Tuanzebe","Tuanzebe","200039","./assoc/200039_ENG.svg","./logo/52682.png","UEFA","ENG","52682","FAME","Man Utd","","https://img.uefa.com/imgml/TP/teams/logos/70x70/52682.png","https://img.uefa.com/imgml/TP/teams/logos/240x240/52682.png","252682","MUN","DOMESTIC_MEN_TEAM_A","","DOMESTIC","Angleterre","Man Utd","Manchester United","MUN","201","MINUTE","5","0","0","21.57","KILOMETER","32.8","KILOMETER_PER_HOUR"
"250006994","52714","33","1992-03-28","3","S. Gómez","ESP","CENTRE_BACK","DEFENDER","MALE","185","./image/250006994.jpg","Sergi Gómez","DEFENDER","2","S. Gómez","122","80","Espagne","Défenseur","","Sergi Gómez","Sergi Gómez","Sergi Gómez","200122","./assoc/200122_ESP.svg","./logo/52714.png","UEFA","ESP","52714","FAME","Sevilla","","https://img.uefa.com/imgml/TP/teams/logos/70x70/52714.png","https://img.uefa.com/imgml/TP/teams/logos/240x240/52714.png","252714","SEV","DOMESTIC_MEN_TEAM_A","","DOMESTIC","Espagne","Sevilla","Sevilla FC","SEV","199","MINUTE","3","0","0","21.46","KILOMETER","29.2","KILOMETER_PER_HOUR"
"250097909","50064","33","1992-07-18","99","Taremi","IRN","STRIKER","FORWARD","MALE","","./image/250097909.jpg","Mehdi Taremi","FORWARD","9","Taremi","61","","Iran","Attaquant","Mehdi","Taremi","Mehdi Taremi","Taremi","200110","./assoc/200110_POR.svg","./logo/50064.png","UEFA","POR","50064","FAME","Porto","","https://img.uefa.com/imgml/TP/teams/logos/70x70/50064.png","https://img.uefa.com/imgml/TP/teams/logos/240x240/50064.png","250064","POR","DOMESTIC_MEN_TEAM_A","","DOMESTIC","Portugal","Porto","FC Porto","POR","197","MINUTE","6","2","0","26.18","KILOMETER","30.8","KILOMETER_PER_HOUR"
"250128222","50143","24","2001-01-12","2","L.Traore","BFA","STRIKER","FORWARD","MALE","","./image/250128222.jpg","Lassina Traoré","FORWARD","","Traoré","","","Burkina Faso","Attaquant","Lassina","Traoré","Lassina Traoré","Traoré","200095","./assoc/200095_NED.svg","./logo/50143.png","UEFA","NED","50143","FAME","Ajax","","https://img.uefa.com/imgml/TP/teams/logos/70x70/50143.png","https://img.uefa.com/imgml/TP/teams/logos/240x240/50143.png","250143","AJX","DOMESTIC_MEN_TEAM_A","","DOMESTIC","Pays-Bas","Ajax","AFC Ajax","AJX","196","MINUTE","5","1","1","22.29","KILOMETER","29","KILOMETER_PER_HOUR"
"250143312","52826","27","1997-11-05","17","Mostovoy","RUS","UNKNOWN","MIDFIELDER","MALE","","./image/250143312.jpg","Andrei Mostovoy","MIDFIELDER","27","Mostovoy","57451","","Russie","Milieu","Andrei","Mostovoy","Andrei Mostovoy","Mostovoy","257451","./assoc/257451_RUS.svg","./logo/52826.png","UEFA","RUS","52826","FAME","Zenit","","https://img.uefa.com/imgml/TP/teams/logos/70x70/52826.png","https://img.uefa.com/imgml/TP/teams/logos/240x240/52826.png","252826","ZEN","DOMESTIC_MEN_TEAM_A","","DOMESTIC","Russie","Zenit","FC Zenit","ZEN","196","MINUTE","5","0","0","25.98","KILOMETER","30.8","KILOMETER_PER_HOUR"
"250124257","53065","26","1999-03-27","4","Magkeev","RUS","DEFENSIVE_MIDFIELDER","MIDFIELDER","MALE","","./image/250124257.jpg","Stanislav Magkeev","DEFENDER","14","Magkeev","57451","","Russie","Milieu","Stanislav","Magkeev","Stanislav Magkeev","Magkeev","257451","./assoc/257451_RUS.svg","./logo/53065.png","UEFA","RUS","53065","FAME","Lokomotiv Moskva","","https://img.uefa.com/imgml/TP/teams/logos/70x70/53065.png","https://img.uefa.com/imgml/TP/teams/logos/240x240/53065.png","253065","LMO","DOMESTIC_MEN_TEAM_A","","DOMESTIC","Russie","Lokomotiv Moskva","FC Lokomotiv Moskva","LMO","194","MINUTE","3","0","0","25.06","KILOMETER","28.8","KILOMETER_PER_HOUR"
"250113272","7889","24","2001-04-13","3","Williams","WAL","UNKNOWN","DEFENDER","MALE","","./image/250113272.jpg","Neco Williams","DEFENDER","3","N. Williams","144","","Pays de Galles","Défenseur","Neco","Williams","Neco Williams","Williams","200039","./assoc/200039_ENG.svg","./logo/7889.png","UEFA","ENG","7889","FAME","Liverpool","","https://img.uefa.com/imgml/TP/teams/logos/70x70/7889.png","https://img.uefa.com/imgml/TP/teams/logos/240x240/7889.png","207889","LIV","DOMESTIC_MEN_TEAM_A","","DOMESTIC","Angleterre","Liverpool","Liverpool FC","LIV","189","MINUTE","4","0","1","24.29","KILOMETER","31","KILOMETER_PER_HOUR"
"250132240","2610","29","1995-11-11","27","BA","SEN","CENTRE_BACK","DEFENDER","MALE","","./image/250132240.jpg","Ousseynou Ba","DEFENDER","","Ba","","","Sénégal","Défenseur","Ousseynou","Ba","Ousseynou Ba","Ba","200049","./assoc/200049_GRE.svg","./logo/2610.png","UEFA","GRE","2610","FAME","Olympiacos","","https://img.uefa.com/imgml/TP/teams/logos/70x70/2610.png","https://img.uefa.com/imgml/TP/teams/logos/240x240/2610.png","202610","OLY","DOMESTIC_MEN_TEAM_A","","DOMESTIC","Grèce","Olympiacos","Olympiacos FC","OLY","189","MINUTE","3","0","0","19.98","KILOMETER","29.2","KILOMETER_PER_HOUR"
"250086985","50037","33","1992-01-31","20","Sarr","SEN","FULL_BACK","DEFENDER","MALE","","./image/250086985.jpg","Bouna Sarr","DEFENDER","","SARR","","","Sénégal","Défenseur","Bouna","Sarr","Bouna Sarr","Sarr","200047","./assoc/200047_GER.svg","./logo/50037.png","UEFA","GER","50037","FAME","Bayern München","","https://img.uefa.com/imgml/TP/teams/logos/70x70/50037.png","https://img.uefa.com/imgml/TP/teams/logos/240x240/50037.png","250037","BAY","DOMESTIC_MEN_TEAM_A","","DOMESTIC","Allemagne","Bayern München","FC Bayern München","BAY","187","MINUTE","5","0","0","24.24","KILOMETER","30.8","KILOMETER_PER_HOUR"
"98953","50037","37","1988-09-02","8","Martinez","ESP","CENTRE_BACK","MIDFIELDER","MALE","190","./image/98953.jpg","Javi Martínez","DEFENDER","4","Javi Martínez","122","86","Espagne","Milieu","","Javi Martínez","Javi Martínez","Javi Martínez","200047","./assoc/200047_GER.svg","./logo/50037.png","UEFA","GER","50037","FAME","Bayern München","","https://img.uefa.com/imgml/TP/teams/logos/70x70/50037.png","https://img.uefa.com/imgml/TP/teams/logos/240x240/50037.png","250037","BAY","DOMESTIC_MEN_TEAM_A","","DOMESTIC","Allemagne","Bayern München","FC Bayern München","BAY","186","MINUTE","8","0","2","25","KILOMETER","31","KILOMETER_PER_HOUR"
"250088082","2610","27","1998-07-02","17","Vrousai","GRE","WINGER","FORWARD","MALE","","./image/250088082.jpg","Marious Vrousai","FORWARD","7","Vrousai","49","","Grèce","Attaquant","Marious","Vrousai","Marious Vrousai","Vrousai","200049","./assoc/200049_GRE.svg","./logo/2610.png","UEFA","GRE","2610","FAME","Olympiacos","","https://img.uefa.com/imgml/TP/teams/logos/70x70/2610.png","https://img.uefa.com/imgml/TP/teams/logos/240x240/2610.png","202610","OLY","DOMESTIC_MEN_TEAM_A","","DOMESTIC","Grèce","Olympiacos","Olympiacos FC","OLY","186","MINUTE","3","0","1","21.13","KILOMETER","29","KILOMETER_PER_HOUR"
"250042778","50124","29","1995-11-12","11","LEMAR","FRA","UNKNOWN","MIDFIELDER","MALE","170","./image/250042778.jpg","Thomas Lemar","MIDFIELDER","8","Lemar","43","58","France","Milieu","Thomas","Lemar","Thomas Lemar","Lemar","200122","./assoc/200122_ESP.svg","./logo/50124.png","UEFA","ESP","50124","FAME","Atleti","","https://img.uefa.com/imgml/TP/teams/logos/70x70/50124.png","https://img.uefa.com/imgml/TP/teams/logos/240x240/50124.png","250124","ATM","DOMESTIC_MEN_TEAM_A","","DOMESTIC","Espagne","Atleti","Atlético de Madrid","ATM","185","MINUTE","8","0","1","25.51","KILOMETER","30.8","KILOMETER_PER_HOUR"
"250081223","7889","30","1995-01-16","18","MINAMINO","JPN","STRIKER","MIDFIELDER","MALE","174","./image/250081223.jpg","Takumi Minamino","FORWARD","10","Minamino","69","","Japon","Milieu","Takumi","Minamino","Takumi Minamino","Minamino","200039","./assoc/200039_ENG.svg","./logo/7889.png","UEFA","ENG","7889","FAME","Liverpool","","https://img.uefa.com/imgml/TP/teams/logos/70x70/7889.png","https://img.uefa.com/imgml/TP/teams/logos/240x240/7889.png","207889","LIV","DOMESTIC_MEN_TEAM_A","","DOMESTIC","Angleterre","Liverpool","Liverpool FC","LIV","185","MINUTE","4","0","0","25.55","KILOMETER","29","KILOMETER_PER_HOUR"
"250022295","52714","36","1989-09-02","18","Escudero","ESP","FULL_BACK","DEFENDER","MALE","176","./image/250022295.jpg","Sergio Escudero","DEFENDER","","Escudero","122","65","Espagne","Défenseur","Sergio","Escudero","Sergio Escudero","Escudero","200122","./assoc/200122_ESP.svg","./logo/52714.png","UEFA","ESP","52714","FAME","Sevilla","","https://img.uefa.com/imgml/TP/teams/logos/70x70/52714.png","https://img.uefa.com/imgml/TP/teams/logos/240x240/52714.png","252714","SEV","DOMESTIC_MEN_TEAM_A","","DOMESTIC","Espagne","Sevilla","Sevilla FC","SEV","185","MINUTE","3","0","0","20.46","KILOMETER","27.9","KILOMETER_PER_HOUR"
"250011204","50143","32","1993-03-09","19","Labyad","MAR","ATTACKING_MIDFIELDER","MIDFIELDER","MALE","170","./image/250011204.jpg","Zakaria Labyad","","","Labyad","92","65","Maroc","Milieu","Zakaria","Labyad","Zakaria Labyad","Labyad","200095","./assoc/200095_NED.svg","./logo/50143.png","UEFA","NED","50143","FAME","Ajax","","https://img.uefa.com/imgml/TP/teams/logos/70x70/50143.png","https://img.uefa.com/imgml/TP/teams/logos/240x240/50143.png","250143","AJX","DOMESTIC_MEN_TEAM_A","","DOMESTIC","Pays-Bas","Ajax","AFC Ajax","AJX","184","MINUTE","5","0","0","21.82","KILOMETER","31.3","KILOMETER_PER_HOUR"
"250107820","2600288","30","1995-01-13","26","Ponck","CPV","CENTRE_BACK","DEFENDER","MALE","","./image/250107820.jpg","Carlos Ponck","DEFENDER","4","dos Santos Rodrigues","5916","","Cap-Vert","Défenseur","Carlos","Ponck","Carlos Ponck","Ponck","200135","./assoc/200135_TUR.svg","./logo/2600288.png","UEFA","TUR","2600288","FAME","Başakşehir","","https://img.uefa.com/imgml/TP/teams/logos/70x70/2600288.png","https://img.uefa.com/imgml/TP/teams/logos/240x240/2600288.png","1500091","IST","DOMESTIC_MEN_TEAM_A","","DOMESTIC","Turquie","Başakşehir","İstanbul Başakşehir FK","IST","184","MINUTE","4","0","0","18.36","KILOMETER","29.5","KILOMETER_PER_HOUR"
"250057119","2603790","34","1991-09-27","23","Halstenberg","GER","FULL_BACK","DEFENDER","MALE","","./image/250057119.jpg","Marcel Halstenberg","DEFENDER","3","Halstenberg","47","","Allemagne","Défenseur","Marcel","Halstenberg","Marcel Halstenberg","Halstenberg","200047","./assoc/200047_GER.svg","./logo/2603790.png","UEFA","GER","2603790","FAME","Leipzig","","https://img.uefa.com/imgml/TP/teams/logos/70x70/2603790.png","https://img.uefa.com/imgml/TP/teams/logos/240x240/2603790.png","250002563","RBL","DOMESTIC_MEN_TEAM_A","","DOMESTIC","Allemagne","Leipzig","RB Leipzig","RBL","183","MINUTE","3","0","0","21.29","KILOMETER","28.1","KILOMETER_PER_HOUR"
"250006092","50080","33","1992-02-07","20","S. Roberto","ESP","FULL_BACK","MIDFIELDER","MALE","177","./image/250006092.jpg","Sergi Roberto","DEFENDER","10","S. Roberto","122","71","Espagne","Milieu","","Sergi Roberto","Sergi Roberto","Sergi Roberto","200122","./assoc/200122_ESP.svg","./logo/50080.png","UEFA","ESP","50080","FAME","Barcelona","","https://img.uefa.com/imgml/TP/teams/logos/70x70/50080.png","https://img.uefa.com/imgml/TP/teams/logos/240x240/50080.png","250080","BAR","DOMESTIC_MEN_TEAM_A","","DOMESTIC","Espagne","Barcelona","FC Barcelona","BAR","182","MINUTE","3","0","0","21.78","KILOMETER","31","KILOMETER_PER_HOUR"
"250088075","50064","26","1999-01-23","4","Leite","POR","CENTRE_BACK","DEFENDER","MALE","","./image/250088075.jpg","Diogo Leite","DEFENDER","5","Diogo Leite","110","","Portugal","Défenseur","","Diogo Leite","Diogo Leite","Diogo Leite","200110","./assoc/200110_POR.svg","./logo/50064.png","UEFA","POR","50064","FAME","Porto","","https://img.uefa.com/imgml/TP/teams/logos/70x70/50064.png","https://img.uefa.com/imgml/TP/teams/logos/240x240/50064.png","250064","POR","DOMESTIC_MEN_TEAM_A","","DOMESTIC","Portugal","Porto","FC Porto","POR","182","MINUTE","3","0","0","21.53","KILOMETER","29.5","KILOMETER_PER_HOUR"
"250059699","52973","31","1994-04-24","94","Muriqi","KOS","STRIKER","FORWARD","MALE","194","./image/250059699.jpg","Vedat Muriqi","FORWARD","18","Muriqi","2608110","88","Kosovo","Attaquant","Vedat","Muriqi","Vedat Muriqi","Muriqi","200066","./assoc/200066_ITA.svg","./logo/52973.png","UEFA","ITA","52973","FAME","Lazio","","https://img.uefa.com/imgml/TP/teams/logos/70x70/52973.png","https://img.uefa.com/imgml/TP/teams/logos/240x240/52973.png","252973","LAZ","DOMESTIC_MEN_TEAM_A","","DOMESTIC","Italie","Lazio","S.S. Lazio","LAZ","180","MINUTE","5","0","0","24.99","KILOMETER","28.1","KILOMETER_PER_HOUR"
"250110863","53065","29","1996-05-02","25","Kamano","GUI","WINGER","FORWARD","MALE","","./image/250110863.jpg","François Kamano","FORWARD","","KAMANO","","","Guinée","Attaquant","François","Kamano","François Kamano","Kamano","257451","./assoc/257451_RUS.svg","./logo/53065.png","UEFA","RUS","53065","FAME","Lokomotiv Moskva","","https://img.uefa.com/imgml/TP/teams/logos/70x70/53065.png","https://img.uefa.com/imgml/TP/teams/logos/240x240/53065.png","253065","LMO","DOMESTIC_MEN_TEAM_A","","DOMESTIC","Russie","Lokomotiv Moskva","FC Lokomotiv Moskva","LMO","180","MINUTE","4","0","0","22.03","KILOMETER","29.9","KILOMETER_PER_HOUR"
"250027008","52919","30","1995-02-18","6","Aké","NED","UNKNOWN","DEFENDER","MALE","180","./image/250027008.jpg","Nathan Aké","DEFENDER","5","Ake","95","75","Pays-Bas","Défenseur","Nathan","Aké","Nathan Aké","Aké","200039","./assoc/200039_ENG.svg","./logo/52919.png","UEFA","ENG","52919","FAME","Man City","","https://img.uefa.com/imgml/TP/teams/logos/70x70/52919.png","https://img.uefa.com/imgml/TP/teams/logos/240x240/52919.png","252919","MCI","DOMESTIC_MEN_TEAM_A","","DOMESTIC","Angleterre","Man City","Manchester City","MCI","180","MINUTE","2","0","1","19.46","KILOMETER","31.3","KILOMETER_PER_HOUR"
"250058260","2603790","29","1996-06-03","16","Klostermann","GER","FULL_BACK","DEFENDER","MALE","","./image/250058260.jpg","Lukas Klostermann","DEFENDER","16","Klostermann","47","","Allemagne","Défenseur","Lukas","Klostermann","Lukas Klostermann","Klostermann","200047","./assoc/200047_GER.svg","./logo/2603790.png","UEFA","GER","2603790","FAME","Leipzig","","https://img.uefa.com/imgml/TP/teams/logos/70x70/2603790.png","https://img.uefa.com/imgml/TP/teams/logos/240x240/2603790.png","250002563","RBL","DOMESTIC_MEN_TEAM_A","","DOMESTIC","Allemagne","Leipzig","RB Leipzig","RBL","180","MINUTE","2","0","0","21.19","KILOMETER","30.2","KILOMETER_PER_HOUR"
"250108668","52826","24","2001-05-24","87","Prokhin","RUS","","DEFENDER","MALE","","./image/250108668.jpg","Danila Prokhin","DEFENDER","5","Prokhin","257451","","Russie","Défenseur","Danila","Prokhin","Danila Prokhin","Prokhin","257451","./assoc/257451_RUS.svg","./logo/52826.png","UEFA","RUS","52826","FAME","Zenit","","https://img.uefa.com/imgml/TP/teams/logos/70x70/52826.png","https://img.uefa.com/imgml/TP/teams/logos/240x240/52826.png","252826","ZEN","DOMESTIC_MEN_TEAM_A","","DOMESTIC","Russie","Zenit","FC Zenit","ZEN","180","MINUTE","2","0","0","20.43","KILOMETER","31.5","KILOMETER_PER_HOUR"
"250109839","52298","32","1993-04-06","5","Frimpong","GHA","CENTRE_BACK","DEFENDER","MALE","","./image/250109839.jpg","Abraham Frimpong","DEFENDER","","Frimpong","","","Ghana","Défenseur","Abraham","Frimpong","Abraham Frimpong","Frimpong","200057","./assoc/200057_HUN.svg","./logo/52298.png","UEFA","HUN","52298","FAME","Ferencváros","","https://img.uefa.com/imgml/TP/teams/logos/70x70/52298.png","https://img.uefa.com/imgml/TP/teams/logos/240x240/52298.png","252298","FER","DOMESTIC_MEN_TEAM_A","","DOMESTIC","Hongrie","Ferencváros","Ferencvárosi TC","FER","180","MINUTE","2","0","0","19.66","KILOMETER","30.2","KILOMETER_PER_HOUR"
"250123546","55031","28","1997-01-22","4","Gerzino","FRA","CENTRE_BACK","DEFENDER","MALE","","./image/250123546.jpg","Gerzino Nyamsi","DEFENDER","","Nyamsi","","","France","Défenseur","Gerzino","Nyamsi","Gerzino Nyamsi","Nyamsi","200043","./assoc/200043_FRA.svg","./logo/55031.png","UEFA","FRA","55031","FAME","Rennes","","https://img.uefa.com/imgml/TP/teams/logos/70x70/55031.png","https://img.uefa.com/imgml/TP/teams/logos/240x240/55031.png","255031","REN","DOMESTIC_MEN_TEAM_A","","DOMESTIC","France","Rennes","Stade Rennais FC","REN","180","MINUTE","2","0","0","18.96","KILOMETER","28.8","KILOMETER_PER_HOUR"
"250053044","50043","32","1993-01-28","44","Mechele","BEL","CENTRE_BACK","DEFENDER","MALE","188","./image/250053044.jpg","Brandon Mechele","DEFENDER","4","Mechele","13","81","Belgique","Défenseur","Brandon","Mechele","Brandon Mechele","Mechele","200013","./assoc/200013_BEL.svg","./logo/50043.png","UEFA","BEL","50043","FAME","Club Brugge","","https://img.uefa.com/imgml/TP/teams/logos/70x70/50043.png","https://img.uefa.com/imgml/TP/teams/logos/240x240/50043.png","250043","BRU","DOMESTIC_MEN_TEAM_A","","DOMESTIC","Belgique","Club Brugge","Club Brugge KV","BRU","180","MINUTE","2","0","0","18.94","KILOMETER","29.9","KILOMETER_PER_HOUR"
"250000898","52714","36","1989-03-29","1","Vaclik","CZE","GOALKEEPER","GOALKEEPER","MALE","188","./image/250000898.jpg","Tomáš Vaclík","GOALKEEPER","1","Vaclik","58837","85","Tchéquie","Gardien","Tomáš","Vaclík","Tomáš Vaclík","Vaclík","200122","./assoc/200122_ESP.svg","./logo/52714.png","UEFA","ESP","52714","FAME","Sevilla","","https://img.uefa.com/imgml/TP/teams/logos/70x70/52714.png","https://img.uefa.com/imgml/TP/teams/logos/240x240/52714.png","252714","SEV","DOMESTIC_MEN_TEAM_A","","DOMESTIC","Espagne","Sevilla","Sevilla FC","SEV","180","MINUTE","2","0","0","9.74","KILOMETER","23.6","KILOMETER_PER_HOUR"
"250087102","50037","29","1996-09-30","33","Nübel","GER","GOALKEEPER","GOALKEEPER","MALE","193","./image/250087102.jpg","Alexander Nübel","GOALKEEPER","12","Nübel","47","85","Allemagne","Gardien","Alexander","Nübel","Alexander Nübel","Nübel","200047","./assoc/200047_GER.svg","./logo/50037.png","UEFA","GER","50037","FAME","Bayern München","","https://img.uefa.com/imgml/TP/teams/logos/70x70/50037.png","https://img.uefa.com/imgml/TP/teams/logos/240x240/50037.png","250037","BAY","DOMESTIC_MEN_TEAM_A","","DOMESTIC","Allemagne","Bayern München","FC Bayern München","BAY","180","MINUTE","2","0","0","9.45","KILOMETER","18.4","KILOMETER_PER_HOUR"
"250033717","55031","41","1984-07-29","89","Salin","FRA","GOALKEEPER","GOALKEEPER","MALE","185","./image/250033717.jpg","Romain Salin","GOALKEEPER","","Salin","","","France","Gardien","Romain","Salin","Romain Salin","Salin","200043","./assoc/200043_FRA.svg","./logo/55031.png","UEFA","FRA","55031","FAME","Rennes","","https://img.uefa.com/imgml/TP/teams/logos/70x70/55031.png","https://img.uefa.com/imgml/TP/teams/logos/240x240/55031.png","255031","REN","DOMESTIC_MEN_TEAM_A","","DOMESTIC","France","Rennes","Stade Rennais FC","REN","180","MINUTE","2","0","0","9.4","KILOMETER","24.7","KILOMETER_PER_HOUR"
"108512","75795","36","1988-12-17","16","Andersen","DEN","UNKNOWN","GOALKEEPER","MALE","196","./image/108512.jpg","Mikkel Andersen","GOALKEEPER","16","Andersen","35","","Danemark","Gardien","Mikkel","Andersen","Mikkel Andersen","M. Andersen","200035","./assoc/200035_DEN.svg","./logo/75795.png","UEFA","DEN","75795","FAME","Midtjylland","","https://img.uefa.com/imgml/TP/teams/logos/70x70/75795.png","https://img.uefa.com/imgml/TP/teams/logos/240x240/75795.png","275795","MID","DOMESTIC_MEN_TEAM_A","","DOMESTIC","Danemark","Midtjylland","FC Midtjylland","MID","180","MINUTE","2","0","0","9.36","KILOMETER","21.2","KILOMETER_PER_HOUR"
"250077750","7889","26","1998-11-23","62","Kelleher","IRL","","GOALKEEPER","MALE","","./image/250077750.jpg","Caoimhin Kelleher","GOALKEEPER","1","Kelleher","64","","Eire","Gardien","Caoimhin","Kelleher","Caoimhin Kelleher","Kelleher","200039","./assoc/200039_ENG.svg","./logo/7889.png","UEFA","ENG","7889","FAME","Liverpool","","https://img.uefa.com/imgml/TP/teams/logos/70x70/7889.png","https://img.uefa.com/imgml/TP/teams/logos/240x240/7889.png","207889","LIV","DOMESTIC_MEN_TEAM_A","","DOMESTIC","Angleterre","Liverpool","Liverpool FC","LIV","180","MINUTE","2","0","0","9.11","KILOMETER","20.11","KILOMETER_PER_HOUR"
"250145917","2601038","39","1985-12-13","1","Gorodov","RUS","UNKNOWN","GOALKEEPER","MALE","","./image/250145917.jpg","Evgeni Gorodov","","","","","","Russie","Gardien","Evgeni","Gorodov","Evgeni Gorodov","Gorodov","257451","./assoc/257451_RUS.svg","./logo/2601038.png","UEFA","RUS","2601038","FAME","Krasnodar","","https://img.uefa.com/imgml/TP/teams/logos/70x70/2601038.png","https://img.uefa.com/imgml/TP/teams/logos/240x240/2601038.png","250000383","KRA","DOMESTIC_MEN_TEAM_A","","DOMESTIC","Russie","Krasnodar","FC Krasnodar","KRA","180","MINUTE","2","0","0","8.93","KILOMETER","17.2","KILOMETER_PER_HOUR"
"250015808","52682","32","1993-03-15","8","POGBA","FRA","CENTRAL_MIDFIELDER","MIDFIELDER","MALE","191","./image/250015808.jpg","Paul Pogba","MIDFIELDER","6","Pogba","43","84","France","Milieu","Paul","Pogba","Paul Pogba","Pogba","200039","./assoc/200039_ENG.svg","./logo/52682.png","UEFA","ENG","52682","FAME","Man Utd","","https://img.uefa.com/imgml/TP/teams/logos/70x70/52682.png","https://img.uefa.com/imgml/TP/teams/logos/240x240/52682.png","252682","MUN","DOMESTIC_MEN_TEAM_A","","DOMESTIC","Angleterre","Man Utd","Manchester United","MUN","179","MINUTE","5","0","2","21.6","KILOMETER","30.8","KILOMETER_PER_HOUR"
"250107439","52723","30","1995-06-20","10","Rodrigues","LUX","STRIKER","FORWARD","MALE","","./image/250107439.jpg","Gerson Rodrigues","FORWARD","10","Rodrigues","82","","Luxembourg","Attaquant","Gerson","Rodrigues","Gerson Rodrigues","Rodrigues","257166","./assoc/257166_UKR.svg","./logo/52723.png","UEFA","UKR","52723","FAME","Dynamo Kyiv","","https://img.uefa.com/imgml/TP/teams/logos/70x70/52723.png","https://img.uefa.com/imgml/TP/teams/logos/240x240/52723.png","252723","DKY","DOMESTIC_MEN_TEAM_A","","DOMESTIC","Ukraine","Dynamo Kyiv","FC Dynamo Kyiv","DKY","179","MINUTE","5","0","0","20.94","KILOMETER","32","KILOMETER_PER_HOUR"
"250005715","2600288","37","1988-01-20","21","MAHMUT","TUR","DEFENSIVE_MIDFIELDER","MIDFIELDER","MALE","178","./image/250005715.jpg","Mahmut Tekdemir","MIDFIELDER","14","Mahmut","135","72","Turquie","Milieu","","Mahmut Tekdemir","Mahmut Tekdemir","Mahmut Tekdemir","200135","./assoc/200135_TUR.svg","./logo/2600288.png","UEFA","TUR","2600288","FAME","Başakşehir","","https://img.uefa.com/imgml/TP/teams/logos/70x70/2600288.png","https://img.uefa.com/imgml/TP/teams/logos/240x240/2600288.png","1500091","IST","DOMESTIC_MEN_TEAM_A","","DOMESTIC","Turquie","Başakşehir","İstanbul Başakşehir FK","IST","179","MINUTE","3","0","0","22.2","KILOMETER","29","KILOMETER_PER_HOUR"
"250008348","52914","34","1990-12-28","20","MARCOS A.","ESP","FULL_BACK","DEFENDER","MALE","188","./image/250008348.jpg","Marcos Alonso","DEFENDER","17","Marcos A.","122","","Espagne","Défenseur","Marcos","Alonso","Marcos Alonso","Alonso","200039","./assoc/200039_ENG.svg","./logo/52914.png","UEFA","ENG","52914","FAME","Chelsea","","https://img.uefa.com/imgml/TP/teams/logos/70x70/52914.png","https://img.uefa.com/imgml/TP/teams/logos/240x240/52914.png","252914","CHE","DOMESTIC_MEN_TEAM_A","","DOMESTIC","Angleterre","Chelsea","Chelsea FC","CHE","179","MINUTE","2","0","0","22.41","KILOMETER","31","KILOMETER_PER_HOUR"
"250112843","52973","28","1997-03-22","5","Ramos Marchi","ITA","CENTRE_BACK","DEFENDER","MALE","","./image/250112843.jpg","Luiz Felipe","DEFENDER","5","Ramos","66","","Italie","Défenseur","","Luiz Felipe","Luiz Felipe","Luiz Felipe","200066","./assoc/200066_ITA.svg","./logo/52973.png","UEFA","ITA","52973","FAME","Lazio","","https://img.uefa.com/imgml/TP/teams/logos/70x70/52973.png","https://img.uefa.com/imgml/TP/teams/logos/240x240/52973.png","252973","LAZ","DOMESTIC_MEN_TEAM_A","","DOMESTIC","Italie","Lazio","S.S. Lazio","LAZ","176","MINUTE","4","0","1","21.03","KILOMETER","29","KILOMETER_PER_HOUR"
"250059358","52298","32","1993-09-09","15","A. Kovačević","BIH","UNKNOWN","DEFENDER","MALE","","./image/250059358.jpg","Adnan Kovačević","DEFENDER","19","Kovačević","60094","","Bosnie-Herzégovine","Défenseur","Adnan","Kovačević","Adnan Kovačević","A. Kovačević","200057","./assoc/200057_HUN.svg","./logo/52298.png","UEFA","HUN","52298","FAME","Ferencváros","","https://img.uefa.com/imgml/TP/teams/logos/70x70/52298.png","https://img.uefa.com/imgml/TP/teams/logos/240x240/52298.png","252298","FER","DOMESTIC_MEN_TEAM_A","","DOMESTIC","Hongrie","Ferencváros","Ferencvárosi TC","FER","176","MINUTE","2","0","0","17.91","KILOMETER","28.8","KILOMETER_PER_HOUR"
"250081192","52816","28","1997-05-20","3","Maehle","DEN","FULL_BACK","DEFENDER","MALE","","./image/250081192.jpg","Joakim Mæhle","DEFENDER","5","Mæhle","35","","Danemark","Défenseur","Joakim","Mæhle","Joakim Mæhle","Mæhle","200066","./assoc/200066_ITA.svg","./logo/52816.png","UEFA","ITA","52816","FAME","Atalanta","","https://img.uefa.com/imgml/TP/teams/logos/70x70/52816.png","https://img.uefa.com/imgml/TP/teams/logos/240x240/52816.png","252816","ATA","DOMESTIC_MEN_TEAM_A","","DOMESTIC","Italie","Atalanta","Atalanta BC","ATA","175","MINUTE","2","0","0","21.73","KILOMETER","29.9","KILOMETER_PER_HOUR"
"250018116","7889","34","1991-08-08","32","Matip","CMR","UNKNOWN","DEFENDER","MALE","192","./image/250018116.jpg","Joël Matip","DEFENDER","21","Matip","","","Cameroun","Défenseur","Joël","Matip","Joël Matip","Matip","200039","./assoc/200039_ENG.svg","./logo/7889.png","UEFA","ENG","7889","FAME","Liverpool","","https://img.uefa.com/imgml/TP/teams/logos/70x70/7889.png","https://img.uefa.com/imgml/TP/teams/logos/240x240/7889.png","207889","LIV","DOMESTIC_MEN_TEAM_A","","DOMESTIC","Angleterre","Liverpool","Liverpool FC","LIV","175","MINUTE","2","0","0","18.75","KILOMETER","30.2","KILOMETER_PER_HOUR"
"250144229","52748","26","1999-01-24","18","Gueye","SEN","UNKNOWN","MIDFIELDER","MALE","","./image/250144229.jpg","Pape Gueye","MIDFIELDER","23","Gueye","118","","Sénégal","Milieu","Pape","Gueye","Pape Gueye","P. A. Gueye","200043","./assoc/200043_FRA.svg","./logo/52748.png","UEFA","FRA","52748","FAME","Marseille","","https://img.uefa.com/imgml/TP/teams/logos/70x70/52748.png","https://img.uefa.com/imgml/TP/teams/logos/240x240/52748.png","252748","MAR","DOMESTIC_MEN_TEAM_A","","DOMESTIC","France","Marseille","Olympique de Marseille","MAR","170","MINUTE","4","0","0","22.2","KILOMETER","27.7","KILOMETER_PER_HOUR"
"94880","52826","42","1983-08-20","18","Zhirkov","RUS","FULL_BACK","MIDFIELDER","MALE","180","./image/94880.jpg","Yuri Zhirkov","MIDFIELDER","18","Zhirkov","57451","75","Russie","Milieu","Yuri","Zhirkov","Yuri Zhirkov","Zhirkov","257451","./assoc/257451_RUS.svg","./logo/52826.png","UEFA","RUS","52826","FAME","Zenit","","https://img.uefa.com/imgml/TP/teams/logos/70x70/52826.png","https://img.uefa.com/imgml/TP/teams/logos/240x240/52826.png","252826","ZEN","DOMESTIC_MEN_TEAM_A","","DOMESTIC","Russie","Zenit","FC Zenit","ZEN","167","MINUTE","3","0","0","20.75","KILOMETER","29.5","KILOMETER_PER_HOUR"
"1900737","50051","37","1988-05-12","12","Marcelo","ESP","UNKNOWN","DEFENDER","MALE","174","./image/1900737.jpg","Marcelo","DEFENDER","6","Marcelo","18","73","Espagne","Défenseur","","Marcelo","Marcelo","Marcelo","200122","./assoc/200122_ESP.svg","./logo/50051.png","UEFA","ESP","50051","FAME","Real Madrid","","https://img.uefa.com/imgml/TP/teams/logos/70x70/50051.png","https://img.uefa.com/imgml/TP/teams/logos/240x240/50051.png","250051","RMA","DOMESTIC_MEN_TEAM_A","","DOMESTIC","Espagne","Real Madrid","Real Madrid C.F.","RMA","167","MINUTE","2","0","1","17.14","KILOMETER","31.3","KILOMETER_PER_HOUR"
"250024448","50051","33","1992-01-11","2","CARVAJAL","ESP","FULL_BACK","DEFENDER","MALE","173","./image/250024448.jpg","Dani Carvajal","DEFENDER","2","CARVAJAL","122","73","Espagne","Défenseur","Dani","Carvajal","Dani Carvajal","Carvajal","200122","./assoc/200122_ESP.svg","./logo/50051.png","UEFA","ESP","50051","FAME","Real Madrid","","https://img.uefa.com/imgml/TP/teams/logos/70x70/50051.png","https://img.uefa.com/imgml/TP/teams/logos/240x240/50051.png","250051","RMA","DOMESTIC_MEN_TEAM_A","","DOMESTIC","Espagne","Real Madrid","Real Madrid C.F.","RMA","167","MINUTE","2","0","0","19.78","KILOMETER","28.1","KILOMETER_PER_HOUR"
"250118967","55031","23","2002-02-21","2","Soppy","FRA","FULL_BACK","DEFENDER","MALE","","./image/250118967.jpg","Brandon Soppy","DEFENDER","2","Soppy","400043","","France","Défenseur","Brandon","Soppy","Brandon Soppy","Soppy","200043","./assoc/200043_FRA.svg","./logo/55031.png","UEFA","FRA","55031","FAME","Rennes","","https://img.uefa.com/imgml/TP/teams/logos/70x70/55031.png","https://img.uefa.com/imgml/TP/teams/logos/240x240/55031.png","255031","REN","DOMESTIC_MEN_TEAM_A","","DOMESTIC","France","Rennes","Stade Rennais FC","REN","167","MINUTE","2","0","0","17.51","KILOMETER","30.8","KILOMETER_PER_HOUR"
"103806","50138","35","1989-12-02","36","Darmian","ITA","FULL_BACK","DEFENDER","MALE","182","./image/103806.jpg","Matteo Darmian","DEFENDER","13","Darmian","66","70","Italie","Défenseur","Matteo","Darmian","Matteo Darmian","Darmian","200066","./assoc/200066_ITA.svg","./logo/50138.png","UEFA","ITA","50138","FAME","Inter","","https://img.uefa.com/imgml/TP/teams/logos/70x70/50138.png","https://img.uefa.com/imgml/TP/teams/logos/240x240/50138.png","250138","INT","DOMESTIC_MEN_TEAM_A","","DOMESTIC","Italie","Inter","FC Internazionale Milano","INT","166","MINUTE","4","1","0","20.59","KILOMETER","28.6","KILOMETER_PER_HOUR"
"250085610","75795","27","1998-07-01","8","Anderson","ISL","","MIDFIELDER","MALE","196","./image/250085610.jpg","Mikael Anderson","MIDFIELDER","18","Anderson","58","","Islande","Milieu","Mikael","Anderson","Mikael Anderson","Anderson","200035","./assoc/200035_DEN.svg","./logo/75795.png","UEFA","DEN","75795","FAME","Midtjylland","","https://img.uefa.com/imgml/TP/teams/logos/70x70/75795.png","https://img.uefa.com/imgml/TP/teams/logos/240x240/75795.png","275795","MID","DOMESTIC_MEN_TEAM_A","","DOMESTIC","Danemark","Midtjylland","FC Midtjylland","MID","165","MINUTE","5","0","0","23.3","KILOMETER","28.4","KILOMETER_PER_HOUR"
"250040615","52707","36","1989-01-19","9","Dentinho","BRA","ATTACKING_MIDFIELDER","MIDFIELDER","MALE","177","./image/250040615.jpg","Dentinho","MIDFIELDER","","Ferreiro Bonfim","","73","Brésil","Milieu","","Dentinho","Dentinho","Dentinho","257166","./assoc/257166_UKR.svg","./logo/52707.png","UEFA","UKR","52707","FAME","Shakhtar","","https://img.uefa.com/imgml/TP/teams/logos/70x70/52707.png","https://img.uefa.com/imgml/TP/teams/logos/240x240/52707.png","252707","SHK","DOMESTIC_MEN_TEAM_A","","DOMESTIC","Ukraine","Shakhtar","FC Shakhtar Donetsk","SHK","165","MINUTE","4","1","0","21.37","KILOMETER","27","KILOMETER_PER_HOUR"
"250117471","50080","22","2002-10-31","31","ANSU FATI","ESP","UNKNOWN","FORWARD","MALE","","./image/250117471.jpg","Ansu Fati","FORWARD","17","Ansu Fati","122","","Espagne","Attaquant","Ansu","Fati","Ansu Fati","Fati","200122","./assoc/200122_ESP.svg","./logo/50080.png","UEFA","ESP","50080","FAME","Barcelona","","https://img.uefa.com/imgml/TP/teams/logos/70x70/50080.png","https://img.uefa.com/imgml/TP/teams/logos/240x240/50080.png","250080","BAR","DOMESTIC_MEN_TEAM_A","","DOMESTIC","Espagne","Barcelona","FC Barcelona","BAR","161","MINUTE","3","1","2","20.96","KILOMETER","31.5","KILOMETER_PER_HOUR"
"250036166","52707","38","1987-04-04","10","Moraes","UKR","STRIKER","FORWARD","MALE","176","./image/250036166.jpg","Júnior Moraes","FORWARD","19","Moraes","57166","70","Ukraine","Attaquant","","Júnior Moraes","Júnior Moraes","Júnior Moraes","257166","./assoc/257166_UKR.svg","./logo/52707.png","UEFA","UKR","52707","FAME","Shakhtar","","https://img.uefa.com/imgml/TP/teams/logos/70x70/52707.png","https://img.uefa.com/imgml/TP/teams/logos/240x240/52707.png","252707","SHK","DOMESTIC_MEN_TEAM_A","","DOMESTIC","Ukraine","Shakhtar","FC Shakhtar Donetsk","SHK","160","MINUTE","3","0","0","17.16","KILOMETER","26.6","KILOMETER_PER_HOUR"
"250039161","52707","34","1991-05-13","21","A. Patrick","BRA","ATTACKING_MIDFIELDER","MIDFIELDER","MALE","177","./image/250039161.jpg","Alan Patrick","MIDFIELDER","","Lourenco","","","Brésil","Milieu","","Alan Patrick","Alan Patrick","Alan Patrick","257166","./assoc/257166_UKR.svg","./logo/52707.png","UEFA","UKR","52707","FAME","Shakhtar","","https://img.uefa.com/imgml/TP/teams/logos/70x70/52707.png","https://img.uefa.com/imgml/TP/teams/logos/240x240/52707.png","252707","SHK","DOMESTIC_MEN_TEAM_A","","DOMESTIC","Ukraine","Shakhtar","FC Shakhtar Donetsk","SHK","159","MINUTE","5","0","0","22.62","KILOMETER","27.4","KILOMETER_PER_HOUR"
"250082583","52826","27","1998-05-28","4","Krugovoy","RUS","FULL_BACK","DEFENDER","MALE","","./image/250082583.jpg","Danil Krugovoi","DEFENDER","5","Krugovoi","57451","","Russie","Défenseur","Danil","Krugovoi","Danil Krugovoi","Krugovoi","257451","./assoc/257451_RUS.svg","./logo/52826.png","UEFA","RUS","52826","FAME","Zenit","","https://img.uefa.com/imgml/TP/teams/logos/70x70/52826.png","https://img.uefa.com/imgml/TP/teams/logos/240x240/52826.png","252826","ZEN","DOMESTIC_MEN_TEAM_A","","DOMESTIC","Russie","Zenit","FC Zenit","ZEN","159","MINUTE","4","0","0","19.46","KILOMETER","31.5","KILOMETER_PER_HOUR"
"250113351","50064","25","2000-05-30","10","Ferreira Vieira","POR","UNKNOWN","MIDFIELDER","MALE","","./image/250113351.jpg","Fábio Vieira","MIDFIELDER","23","Fábio Vieira","110","","Portugal","Milieu","","Fábio Vieira","Fábio Vieira","Fábio Vieira","200110","./assoc/200110_POR.svg","./logo/50064.png","UEFA","POR","50064","FAME","Porto","","https://img.uefa.com/imgml/TP/teams/logos/70x70/50064.png","https://img.uefa.com/imgml/TP/teams/logos/240x240/50064.png","250064","POR","DOMESTIC_MEN_TEAM_A","","DOMESTIC","Portugal","Porto","FC Porto","POR","158","MINUTE","6","1","0","20.68","KILOMETER","29.5","KILOMETER_PER_HOUR"
"1902207","52723","35","1990-04-19","19","Garmash","UKR","CENTRAL_MIDFIELDER","MIDFIELDER","MALE","186","./image/1902207.jpg","Denys Garmash","MIDFIELDER","19","Garmash","57166","72","Ukraine","Milieu","Denys","Garmash","Denys Garmash","Garmash","257166","./assoc/257166_UKR.svg","./logo/52723.png","UEFA","UKR","52723","FAME","Dynamo Kyiv","","https://img.uefa.com/imgml/TP/teams/logos/70x70/52723.png","https://img.uefa.com/imgml/TP/teams/logos/240x240/52723.png","252723","DKY","DOMESTIC_MEN_TEAM_A","","DOMESTIC","Ukraine","Dynamo Kyiv","FC Dynamo Kyiv","DKY","156","MINUTE","5","0","0","21.13","KILOMETER","29.2","KILOMETER_PER_HOUR"
"250123073","50037","28","1996-11-26","21","MARC ROCA","ESP","DEFENSIVE_MIDFIELDER","MIDFIELDER","MALE","","./image/250123073.jpg","Marc Roca","MIDFIELDER","21","MARC ROCA","200122","","Espagne","Milieu","","Marc Roca","Marc Roca","Marc Roca","200047","./assoc/200047_GER.svg","./logo/50037.png","UEFA","GER","50037","FAME","Bayern München","","https://img.uefa.com/imgml/TP/teams/logos/70x70/50037.png","https://img.uefa.com/imgml/TP/teams/logos/240x240/50037.png","250037","BAY","DOMESTIC_MEN_TEAM_A","","DOMESTIC","Allemagne","Bayern München","FC Bayern München","BAY","156","MINUTE","2","0","0","19.93","KILOMETER","26.8","KILOMETER_PER_HOUR"
"1905360","7889","34","1991-10-10","10","SHAQIRI","SUI","WINGER","MIDFIELDER","MALE","169","./image/1905360.jpg","Xherdan Shaqiri","MIDFIELDER","23","Shaqiri","128","72","Suisse","Milieu","Xherdan","Shaqiri","Xherdan Shaqiri","Shaqiri","200039","./assoc/200039_ENG.svg","./logo/7889.png","UEFA","ENG","7889","FAME","Liverpool","","https://img.uefa.com/imgml/TP/teams/logos/70x70/7889.png","https://img.uefa.com/imgml/TP/teams/logos/240x240/7889.png","207889","LIV","DOMESTIC_MEN_TEAM_A","","DOMESTIC","Angleterre","Liverpool","Liverpool FC","LIV","155","MINUTE","5","0","0","21.64","KILOMETER","27","KILOMETER_PER_HOUR"
"250122808","53065","27","1998-08-19","94","Rybchinskii","RUS","UNKNOWN","MIDFIELDER","MALE","","./image/250122808.jpg","Dmitrii Rybchinskii","MIDFIELDER","","Rybchinskii","257451","","Russie","Milieu","Dmitrii","Rybchinskii","Dmitrii Rybchinskii","Rybchinskii","257451","./assoc/257451_RUS.svg","./logo/53065.png","UEFA","RUS","53065","FAME","Lokomotiv Moskva","","https://img.uefa.com/imgml/TP/teams/logos/70x70/53065.png","https://img.uefa.com/imgml/TP/teams/logos/240x240/53065.png","253065","LMO","DOMESTIC_MEN_TEAM_A","","DOMESTIC","Russie","Lokomotiv Moskva","FC Lokomotiv Moskva","LMO","151","MINUTE","6","0","0","21.66","KILOMETER","29.9","KILOMETER_PER_HOUR"
"250085597","2601038","29","1995-11-04","80","Sorokin","RUS","CENTRE_BACK","DEFENDER","MALE","","./image/250085597.jpg","Egor Sorokin","DEFENDER","4","Sorokin","57451","","Russie","Défenseur","Egor","Sorokin","Egor Sorokin","Sorokin","257451","./assoc/257451_RUS.svg","./logo/2601038.png","UEFA","RUS","2601038","FAME","Krasnodar","","https://img.uefa.com/imgml/TP/teams/logos/70x70/2601038.png","https://img.uefa.com/imgml/TP/teams/logos/240x240/2601038.png","250000383","KRA","DOMESTIC_MEN_TEAM_A","","DOMESTIC","Russie","Krasnodar","FC Krasnodar","KRA","151","MINUTE","3","0","0","18.2","KILOMETER","29.7","KILOMETER_PER_HOUR"
"250056681","52714","29","1996-02-26","28","Idrissi","ANT","WINGER","FORWARD","MALE","","./image/250056681.jpg","Oussama Idrissi","FORWARD","7","Idrissi","200095","","Antilles néerlandaises","Attaquant","Oussama","Idrissi","Oussama Idrissi","Idrissi","200122","./assoc/200122_ESP.svg","./logo/52714.png","UEFA","ESP","52714","FAME","Sevilla","","https://img.uefa.com/imgml/TP/teams/logos/70x70/52714.png","https://img.uefa.com/imgml/TP/teams/logos/240x240/52714.png","252714","SEV","DOMESTIC_MEN_TEAM_A","","DOMESTIC","Espagne","Sevilla","Sevilla FC","SEV","150","MINUTE","3","0","1","17.68","KILOMETER","32.21","KILOMETER_PER_HOUR"
"1903543","52919","37","1988-06-02","19","Kun Agüero","ARG","UNKNOWN","FORWARD","MALE","172","./image/1903543.jpg","Sergio Agüero","FORWARD","20","Agüero","6","74","Argentine","Attaquant","Sergio","Agüero","Sergio Agüero","Agüero","200039","./assoc/200039_ENG.svg","./logo/52919.png","UEFA","ENG","52919","FAME","Man City","","https://img.uefa.com/imgml/TP/teams/logos/70x70/52919.png","https://img.uefa.com/imgml/TP/teams/logos/240x240/52919.png","252919","MCI","DOMESTIC_MEN_TEAM_A","","DOMESTIC","Angleterre","Man City","Manchester City","MCI","147","MINUTE","7","2","0","17.82","KILOMETER","26.8","KILOMETER_PER_HOUR"
"250132893","75795","27","1998-06-09","10","Evander","BRA","UNKNOWN","MIDFIELDER","MALE","","./image/250132893.jpg","Evander","MIDFIELDER","","Da Silva Ferreira","","","Brésil","Milieu","","Evander","Evander","Evander","200035","./assoc/200035_DEN.svg","./logo/75795.png","UEFA","DEN","75795","FAME","Midtjylland","","https://img.uefa.com/imgml/TP/teams/logos/70x70/75795.png","https://img.uefa.com/imgml/TP/teams/logos/240x240/75795.png","275795","MID","DOMESTIC_MEN_TEAM_A","","DOMESTIC","Danemark","Midtjylland","FC Midtjylland","MID","147","MINUTE","4","0","0","17.9","KILOMETER","27","KILOMETER_PER_HOUR"
"250134170","50080","26","1999-03-07","4","R.Araujo","URU","UNKNOWN","DEFENDER","MALE","","./image/250134170.jpg","Ronald Araújo","DEFENDER","4","R.Araujo","138","","Uruguay","Défenseur","","Ronald Araújo","Ronald Araújo","Ronald Araújo","200122","./assoc/200122_ESP.svg","./logo/50080.png","UEFA","ESP","50080","FAME","Barcelona","","https://img.uefa.com/imgml/TP/teams/logos/70x70/50080.png","https://img.uefa.com/imgml/TP/teams/logos/240x240/50080.png","250080","BAR","DOMESTIC_MEN_TEAM_A","","DOMESTIC","Espagne","Barcelona","FC Barcelona","BAR","147","MINUTE","3","0","0","15.73","KILOMETER","31.5","KILOMETER_PER_HOUR"
"250086631","52973","32","1993-03-27","5","Escalante","ITA","UNKNOWN","MIDFIELDER","MALE","182","./image/250086631.jpg","Gonzalo Escalante","MIDFIELDER","","Escalante","","76","Italie","Milieu","Gonzalo","Escalante","Gonzalo Escalante","Escalante","200066","./assoc/200066_ITA.svg","./logo/52973.png","UEFA","ITA","52973","FAME","Lazio","","https://img.uefa.com/imgml/TP/teams/logos/70x70/52973.png","https://img.uefa.com/imgml/TP/teams/logos/240x240/52973.png","252973","LAZ","DOMESTIC_MEN_TEAM_A","","DOMESTIC","Italie","Lazio","S.S. Lazio","LAZ","146","MINUTE","4","0","0","19.88","KILOMETER","27.9","KILOMETER_PER_HOUR"
"250073741","7889","30","1995-02-10","5","Keita","GUI","CENTRAL_MIDFIELDER","MIDFIELDER","MALE","172","./image/250073741.jpg","Naby Keïta","MIDFIELDER","","Keita","","","Guinée","Milieu","Naby","Keïta","Naby Keïta","Keïta","200039","./assoc/200039_ENG.svg","./logo/7889.png","UEFA","ENG","7889","FAME","Liverpool","","https://img.uefa.com/imgml/TP/teams/logos/70x70/7889.png","https://img.uefa.com/imgml/TP/teams/logos/240x240/7889.png","207889","LIV","DOMESTIC_MEN_TEAM_A","","DOMESTIC","Angleterre","Liverpool","Liverpool FC","LIV","146","MINUTE","4","0","0","18.05","KILOMETER","30.4","KILOMETER_PER_HOUR"
"250061597","50139","31","1994-02-16","10","Bernardeschi","ITA","WINGER","MIDFIELDER","MALE","183","./image/250061597.jpg","Federico Bernardeschi","MIDFIELDER","10","Bernardeschi","66","75","Italie","Milieu","Federico","Bernardeschi","Federico Bernardeschi","Bernardeschi","200066","./assoc/200066_ITA.svg","./logo/50139.png","UEFA","ITA","50139","FAME","Juventus","","https://img.uefa.com/imgml/TP/teams/logos/70x70/50139.png","https://img.uefa.com/imgml/TP/teams/logos/240x240/50139.png","250139","JUV","DOMESTIC_MEN_TEAM_A","","DOMESTIC","Italie","Juventus","Juventus","JUV","145","MINUTE","7","0","1","20.58","KILOMETER","29.7","KILOMETER_PER_HOUR"
"59142","50139","41","1984-08-14","3","Chiellini","ITA","CENTRE_BACK","DEFENDER","MALE","187","./image/59142.jpg","Giorgio Chiellini","DEFENDER","3","Chiellini","66","86","Italie","Défenseur","Giorgio","Chiellini","Giorgio Chiellini","Chiellini","200066","./assoc/200066_ITA.svg","./logo/50139.png","UEFA","ITA","50139","FAME","Juventus","","https://img.uefa.com/imgml/TP/teams/logos/70x70/50139.png","https://img.uefa.com/imgml/TP/teams/logos/240x240/50139.png","250139","JUV","DOMESTIC_MEN_TEAM_A","","DOMESTIC","Italie","Juventus","Juventus","JUV","144","MINUTE","3","0","0","16","KILOMETER","27.9","KILOMETER_PER_HOUR"
"250087443","2603790","26","1999-05-05","21","Kluivert","NED","WINGER","FORWARD","MALE","","./image/250087443.jpg","Justin Kluivert","FORWARD","19","Kluivert","95","","Pays-Bas","Attaquant","Justin","Kluivert","Justin Kluivert","Kluivert","200047","./assoc/200047_GER.svg","./logo/2603790.png","UEFA","GER","2603790","FAME","Leipzig","","https://img.uefa.com/imgml/TP/teams/logos/70x70/2603790.png","https://img.uefa.com/imgml/TP/teams/logos/240x240/2603790.png","250002563","RBL","DOMESTIC_MEN_TEAM_A","","DOMESTIC","Allemagne","Leipzig","RB Leipzig","RBL","142","MINUTE","7","1","0","19.32","KILOMETER","31","KILOMETER_PER_HOUR"
"1909920","52747","33","1992-05-11","19","Sarabia Garcia","ESP","WINGER","FORWARD","MALE","177","./image/1909920.jpg","Pablo Sarabia","FORWARD","17","Sarabia","122","70","Espagne","Attaquant","Pablo","Sarabia","Pablo Sarabia","Sarabia","200043","./assoc/200043_FRA.svg","./logo/52747.png","UEFA","FRA","52747","FAME","Paris","","https://img.uefa.com/imgml/TP/teams/logos/70x70/52747.png","https://img.uefa.com/imgml/TP/teams/logos/240x240/52747.png","252747","PSG","DOMESTIC_MEN_TEAM_A","","DOMESTIC","France","Paris","Paris Saint-Germain","PSG","142","MINUTE","4","0","0","18.58","KILOMETER","30.2","KILOMETER_PER_HOUR"
"250122971","52826","28","1997-08-28","8","Wendel","BRA","CENTRAL_MIDFIELDER","MIDFIELDER","MALE","","./image/250122971.jpg","Wendel","MIDFIELDER","","Wendel","","","Brésil","Milieu","","Wendel","Wendel","Wendel","257451","./assoc/257451_RUS.svg","./logo/52826.png","UEFA","RUS","52826","FAME","Zenit","","https://img.uefa.com/imgml/TP/teams/logos/70x70/52826.png","https://img.uefa.com/imgml/TP/teams/logos/240x240/52826.png","252826","ZEN","DOMESTIC_MEN_TEAM_A","","DOMESTIC","Russie","Zenit","FC Zenit","ZEN","139","MINUTE","4","0","0","18.89","KILOMETER","30.8","KILOMETER_PER_HOUR"
"250134656","52758","23","2002-01-10","7","Knauff","GER","UNKNOWN","MIDFIELDER","MALE","","./image/250134656.jpg","Ansgar Knauff","MIDFIELDER","7","Knauff","200047","","Allemagne","Milieu","Ansgar","Knauff","Ansgar Knauff","Knauff","200047","./assoc/200047_GER.svg","./logo/52758.png","UEFA","GER","52758","FAME","B. Dortmund","","https://img.uefa.com/imgml/TP/teams/logos/70x70/52758.png","https://img.uefa.com/imgml/TP/teams/logos/240x240/52758.png","252758","BVB","DOMESTIC_MEN_TEAM_A","","DOMESTIC","Allemagne","B. Dortmund","Borussia Dortmund","BVB","138","MINUTE","3","0","0","16.08","KILOMETER","30.2","KILOMETER_PER_HOUR"
"250147406","50064","31","1994-05-17","31","Gomes","GUI","UNKNOWN","DEFENDER","MALE","","./image/250147406.jpg","Nanu","DEFENDER","","Nanu","","","Guinée","Défenseur","","Nanu","Nanu","Nanu","200110","./assoc/200110_POR.svg","./logo/50064.png","UEFA","POR","50064","FAME","Porto","","https://img.uefa.com/imgml/TP/teams/logos/70x70/50064.png","https://img.uefa.com/imgml/TP/teams/logos/240x240/50064.png","250064","POR","DOMESTIC_MEN_TEAM_A","","DOMESTIC","Portugal","Porto","FC Porto","POR","136","MINUTE","4","0","1","16.88","KILOMETER","29.9","KILOMETER_PER_HOUR"
"250056635","52973","29","1996-01-01","7","Hoelgebaum Pereira","BEL","ATTACKING_MIDFIELDER","MIDFIELDER","MALE","","./image/250056635.jpg","Andreas Pereira","MIDFIELDER","19","Pereira","18","","Belgique","Milieu","Andreas","Pereira","Andreas Pereira","Pereira","200066","./assoc/200066_ITA.svg","./logo/52973.png","UEFA","ITA","52973","FAME","Lazio","","https://img.uefa.com/imgml/TP/teams/logos/70x70/52973.png","https://img.uefa.com/imgml/TP/teams/logos/240x240/52973.png","252973","LAZ","DOMESTIC_MEN_TEAM_A","","DOMESTIC","Italie","Lazio","S.S. Lazio","LAZ","135","MINUTE","5","0","1","19.14","KILOMETER","31","KILOMETER_PER_HOUR"
"250020682","50080","33","1992-06-12","23","Coutinho","BRA","ATTACKING_MIDFIELDER","FORWARD","MALE","171","./image/250020682.jpg","Philippe Coutinho","MIDFIELDER","","Coutinho","18","72","Brésil","Attaquant","Philippe","Coutinho","Philippe Coutinho","Coutinho","200122","./assoc/200122_ESP.svg","./logo/50080.png","UEFA","ESP","50080","FAME","Barcelona","","https://img.uefa.com/imgml/TP/teams/logos/70x70/50080.png","https://img.uefa.com/imgml/TP/teams/logos/240x240/50080.png","250080","BAR","DOMESTIC_MEN_TEAM_A","","DOMESTIC","Espagne","Barcelona","FC Barcelona","BAR","135","MINUTE","2","1","0","15.3","KILOMETER","29.2","KILOMETER_PER_HOUR"
"250081341","50051","26","1998-12-17","8","Ødegaard","NOR","ATTACKING_MIDFIELDER","MIDFIELDER","MALE","170","./image/250081341.jpg","Martin Ødegaard","MIDFIELDER","10","Ødegaard","101","68","Norvège","Milieu","Martin","Ødegaard","Martin Ødegaard","Ødegaard","200122","./assoc/200122_ESP.svg","./logo/50051.png","UEFA","ESP","50051","FAME","Real Madrid","","https://img.uefa.com/imgml/TP/teams/logos/70x70/50051.png","https://img.uefa.com/imgml/TP/teams/logos/240x240/50051.png","250051","RMA","DOMESTIC_MEN_TEAM_A","","DOMESTIC","Espagne","Real Madrid","Real Madrid C.F.","RMA","135","MINUTE","2","0","0","17.96","KILOMETER","28.4","KILOMETER_PER_HOUR"
"69801","52973","38","1986-10-22","26","Radu","ROU","FULL_BACK","DEFENDER","MALE","178","./image/69801.jpg","Ştefan Radu","DEFENDER","22","Radu","113","70","Roumanie","Défenseur","Ştefan","Radu","Ştefan Radu","Radu","200066","./assoc/200066_ITA.svg","./logo/52973.png","UEFA","ITA","52973","FAME","Lazio","","https://img.uefa.com/imgml/TP/teams/logos/70x70/52973.png","https://img.uefa.com/imgml/TP/teams/logos/240x240/52973.png","252973","LAZ","DOMESTIC_MEN_TEAM_A","","DOMESTIC","Italie","Lazio","S.S. Lazio","LAZ","135","MINUTE","2","0","0","15.83","KILOMETER","26.1","KILOMETER_PER_HOUR"
"1904971","52973","37","1988-09-05","88","F. Caicedo","ECU","STRIKER","FORWARD","MALE","185","./image/1904971.jpg","Felipe Caicedo","FORWARD","11","Caicedo","37","78","Équateur","Attaquant","Felipe","Caicedo","Felipe Caicedo","Caicedo","200066","./assoc/200066_ITA.svg","./logo/52973.png","UEFA","ITA","52973","FAME","Lazio","","https://img.uefa.com/imgml/TP/teams/logos/70x70/52973.png","https://img.uefa.com/imgml/TP/teams/logos/240x240/52973.png","252973","LAZ","DOMESTIC_MEN_TEAM_A","","DOMESTIC","Italie","Lazio","S.S. Lazio","LAZ","133","MINUTE","5","1","0","16.56","KILOMETER","28.4","KILOMETER_PER_HOUR"
"250043090","52816","32","1993-05-04","18","Malinovskyi","UKR","ATTACKING_MIDFIELDER","MIDFIELDER","MALE","181","./image/250043090.jpg","Ruslan Malinovskyi","MIDFIELDER","8","Malinovskyi","57166","79","Ukraine","Milieu","Ruslan","Malinovskyi","Ruslan Malinovskyi","Malinovskyi","200066","./assoc/200066_ITA.svg","./logo/52816.png","UEFA","ITA","52816","FAME","Atalanta","","https://img.uefa.com/imgml/TP/teams/logos/70x70/52816.png","https://img.uefa.com/imgml/TP/teams/logos/240x240/52816.png","252816","ATA","DOMESTIC_MEN_TEAM_A","","DOMESTIC","Italie","Atalanta","Atalanta BC","ATA","133","MINUTE","4","0","0","17.18","KILOMETER","28.4","KILOMETER_PER_HOUR"
"250076631","7889","29","1996-05-12","12","Tsimikas","GRE","FULL_BACK","DEFENDER","MALE","178","./image/250076631.jpg","Kostas Tsimikas","DEFENDER","21","TSIMIKAS","49","77","Grèce","Défenseur","Kostas","Tsimikas","Kostas Tsimikas","Tsimikas","200039","./assoc/200039_ENG.svg","./logo/7889.png","UEFA","ENG","7889","FAME","Liverpool","","https://img.uefa.com/imgml/TP/teams/logos/70x70/7889.png","https://img.uefa.com/imgml/TP/teams/logos/240x240/7889.png","207889","LIV","DOMESTIC_MEN_TEAM_A","","DOMESTIC","Angleterre","Liverpool","Liverpool FC","LIV","131","MINUTE","4","0","0","16.09","KILOMETER","30.2","KILOMETER_PER_HOUR"
"250074010","55031","29","1996-03-29","10","DEL CASTILLO","FRA","UNKNOWN","FORWARD","MALE","","./image/250074010.jpg","Romain Del Castillo","MIDFIELDER","7","DEL CASTILLO","200043","","France","Attaquant","Romain","Del Castillo","Romain Del Castillo","Del Castillo","200043","./assoc/200043_FRA.svg","./logo/55031.png","UEFA","FRA","55031","FAME","Rennes","","https://img.uefa.com/imgml/TP/teams/logos/70x70/55031.png","https://img.uefa.com/imgml/TP/teams/logos/240x240/55031.png","255031","REN","DOMESTIC_MEN_TEAM_A","","DOMESTIC","France","Rennes","Stade Rennais FC","REN","130","MINUTE","4","0","0","16.29","KILOMETER","31.7","KILOMETER_PER_HOUR"
"250121528","50037","25","2000-03-28","26","Richards","USA","CENTRE_BACK","DEFENDER","MALE","","./image/250121528.jpg","Chris Richards","MIDFIELDER","","Richards","140","","Etats-Unis","Défenseur","Chris","Richards","Chris Richards","Richards","200047","./assoc/200047_GER.svg","./logo/50037.png","UEFA","GER","50037","FAME","Bayern München","","https://img.uefa.com/imgml/TP/teams/logos/70x70/50037.png","https://img.uefa.com/imgml/TP/teams/logos/240x240/50037.png","250037","BAY","DOMESTIC_MEN_TEAM_A","","DOMESTIC","Allemagne","Bayern München","FC Bayern München","BAY","128","MINUTE","3","0","0","15.67","KILOMETER","30.6","KILOMETER_PER_HOUR"
"250134177","52707","25","2000-02-02","3","Vitao","BRA","CENTRE_BACK","DEFENDER","MALE","","./image/250134177.jpg","Vitão","DEFENDER","","Vitao","","","Brésil","Défenseur","","Vitão","Vitão","Vitão","257166","./assoc/257166_UKR.svg","./logo/52707.png","UEFA","UKR","52707","FAME","Shakhtar","","https://img.uefa.com/imgml/TP/teams/logos/70x70/52707.png","https://img.uefa.com/imgml/TP/teams/logos/240x240/52707.png","252707","SHK","DOMESTIC_MEN_TEAM_A","","DOMESTIC","Ukraine","Shakhtar","FC Shakhtar Donetsk","SHK","127","MINUTE","3","0","0","13.21","KILOMETER","27.4","KILOMETER_PER_HOUR"
"250090656","50143","27","1997-10-24","11","ÁLVAREZ","MEX","CENTRE_BACK","MIDFIELDER","MALE","","./image/250090656.jpg","Edson Álvarez","DEFENDER","4","Álvarez","91","","Mexique","Milieu","Edson","Álvarez","Edson Álvarez","Álvarez","200095","./assoc/200095_NED.svg","./logo/50143.png","UEFA","NED","50143","FAME","Ajax","","https://img.uefa.com/imgml/TP/teams/logos/70x70/50143.png","https://img.uefa.com/imgml/TP/teams/logos/240x240/50143.png","250143","AJX","DOMESTIC_MEN_TEAM_A","","DOMESTIC","Pays-Bas","Ajax","AFC Ajax","AJX","125","MINUTE","4","0","0","15.57","KILOMETER","29","KILOMETER_PER_HOUR"
"250013895","52747","32","1993-02-12","17","ALCANTARA DO NASCIMENTO","BRA","UNKNOWN","","MALE","174","./image/250013895.jpg","Rafinha","MIDFIELDER","","Rafinha","","71","Brésil","","","Rafinha","Rafinha","Rafinha","200043","./assoc/200043_FRA.svg","./logo/52747.png","UEFA","FRA","52747","FAME","Paris","","https://img.uefa.com/imgml/TP/teams/logos/70x70/52747.png","https://img.uefa.com/imgml/TP/teams/logos/240x240/52747.png","252747","PSG","DOMESTIC_MEN_TEAM_A","","DOMESTIC","France","Paris","Paris Saint-Germain","PSG","124","MINUTE","8","0","1","18.73","KILOMETER","27.9","KILOMETER_PER_HOUR"
"250043607","52723","31","1994-06-25","18","Andriievskyi","UKR","ATTACKING_MIDFIELDER","MIDFIELDER","MALE","172","./image/250043607.jpg","Oleksandr Andriyevskiy","MIDFIELDER","9","Andriievskyi","57166","","Ukraine","Milieu","Oleksandr","Andriyevskiy","Oleksandr Andriyevskiy","Andriyevskiy","257166","./assoc/257166_UKR.svg","./logo/52723.png","UEFA","UKR","52723","FAME","Dynamo Kyiv","","https://img.uefa.com/imgml/TP/teams/logos/70x70/52723.png","https://img.uefa.com/imgml/TP/teams/logos/240x240/52723.png","252723","DKY","DOMESTIC_MEN_TEAM_A","","DOMESTIC","Ukraine","Dynamo Kyiv","FC Dynamo Kyiv","DKY","122","MINUTE","3","0","0","16.09","KILOMETER","26.8","KILOMETER_PER_HOUR"
"250065302","50080","27","1998-01-05","6","Aleña","ESP","UNKNOWN","MIDFIELDER","MALE","180","./image/250065302.jpg","Carles Aleñá","MIDFIELDER","6","Aleñà Castillo","200122","74","Espagne","Milieu","Carles","Aleñá","Carles Aleñá","Aleñá","200122","./assoc/200122_ESP.svg","./logo/50080.png","UEFA","ESP","50080","FAME","Barcelona","","https://img.uefa.com/imgml/TP/teams/logos/70x70/50080.png","https://img.uefa.com/imgml/TP/teams/logos/240x240/50080.png","250080","BAR","DOMESTIC_MEN_TEAM_A","","DOMESTIC","Espagne","Barcelona","FC Barcelona","BAR","122","MINUTE","3","0","0","15.97","KILOMETER","28.4","KILOMETER_PER_HOUR"
"250066115","2610","28","1997-05-20","88","PEPE","POR","WINGER","MIDFIELDER","MALE","","./image/250066115.jpg","Pêpê","MIDFIELDER","6","Pêpê","200110","","Portugal","Milieu","","Pêpê","Pêpê","Pêpê","200049","./assoc/200049_GRE.svg","./logo/2610.png","UEFA","GRE","2610","FAME","Olympiacos","","https://img.uefa.com/imgml/TP/teams/logos/70x70/2610.png","https://img.uefa.com/imgml/TP/teams/logos/240x240/2610.png","202610","OLY","DOMESTIC_MEN_TEAM_A","","DOMESTIC","Grèce","Olympiacos","Olympiacos FC","OLY","122","MINUTE","3","0","0","15.27","KILOMETER","25.9","KILOMETER_PER_HOUR"
"250076274","52758","27","1998-05-29","30","Passlack","GER","FULL_BACK","MIDFIELDER","MALE","170","./image/250076274.jpg","Felix Passlack","MIDFIELDER","20","Passlack","200047","74","Allemagne","Milieu","Felix","Passlack","Felix Passlack","Passlack","200047","./assoc/200047_GER.svg","./logo/52758.png","UEFA","GER","52758","FAME","B. Dortmund","","https://img.uefa.com/imgml/TP/teams/logos/70x70/52758.png","https://img.uefa.com/imgml/TP/teams/logos/240x240/52758.png","252758","BVB","DOMESTIC_MEN_TEAM_A","","DOMESTIC","Allemagne","B. Dortmund","Borussia Dortmund","BVB","118","MINUTE","5","0","0","16.68","KILOMETER","29.2","KILOMETER_PER_HOUR"
"250003528","50138","36","1988-12-19","70","Alexis","CHI","STRIKER","FORWARD","MALE","168","./image/250003528.jpg","Alexis Sánchez","FORWARD","10","Alexis","26","62","Chili","Attaquant","","Alexis Sánchez","Alexis Sánchez","Alexis Sánchez","200066","./assoc/200066_ITA.svg","./logo/50138.png","UEFA","ITA","50138","FAME","Inter","","https://img.uefa.com/imgml/TP/teams/logos/70x70/50138.png","https://img.uefa.com/imgml/TP/teams/logos/240x240/50138.png","250138","INT","DOMESTIC_MEN_TEAM_A","","DOMESTIC","Italie","Inter","FC Internazionale Milano","INT","118","MINUTE","5","0","0","15.24","KILOMETER","27","KILOMETER_PER_HOUR"
"250022315","2600288","36","1989-08-02","11","CHADLI","BEL","WINGER","MIDFIELDER","MALE","187","./image/250022315.jpg","Nacer Chadli","MIDFIELDER","22","Chadli","13","80","Belgique","Milieu","Nacer","Chadli","Nacer Chadli","Chadli","200135","./assoc/200135_TUR.svg","./logo/2600288.png","UEFA","TUR","2600288","FAME","Başakşehir","","https://img.uefa.com/imgml/TP/teams/logos/70x70/2600288.png","https://img.uefa.com/imgml/TP/teams/logos/240x240/2600288.png","1500091","IST","DOMESTIC_MEN_TEAM_A","","DOMESTIC","Turquie","Başakşehir","İstanbul Başakşehir FK","IST","116","MINUTE","3","0","0","13.66","KILOMETER","27.4","KILOMETER_PER_HOUR"
"250058258","2603790","28","1997-02-23","39","Henrichs","GER","UNKNOWN","DEFENDER","MALE","183","./image/250058258.jpg","Benjamin Henrichs","DEFENDER","23","Henrichs","47","77","Allemagne","Défenseur","Benjamin","Henrichs","Benjamin Henrichs","Henrichs","200047","./assoc/200047_GER.svg","./logo/2603790.png","UEFA","GER","2603790","FAME","Leipzig","","https://img.uefa.com/imgml/TP/teams/logos/70x70/2603790.png","https://img.uefa.com/imgml/TP/teams/logos/240x240/2603790.png","250002563","RBL","DOMESTIC_MEN_TEAM_A","","DOMESTIC","Allemagne","Leipzig","RB Leipzig","RBL","114","MINUTE","3","0","0","13.02","KILOMETER","27","KILOMETER_PER_HOUR"
"250061361","2603790","29","1995-12-05","9","SØRLOTH","NOR","STRIKER","FORWARD","MALE","","./image/250061361.jpg","Alexander Sørloth","FORWARD","7","Sørloth","101","","Norvège","Attaquant","Alexander","Sørloth","Alexander Sørloth","Sørloth","200047","./assoc/200047_GER.svg","./logo/2603790.png","UEFA","GER","2603790","FAME","Leipzig","","https://img.uefa.com/imgml/TP/teams/logos/70x70/2603790.png","https://img.uefa.com/imgml/TP/teams/logos/240x240/2603790.png","250002563","RBL","DOMESTIC_MEN_TEAM_A","","DOMESTIC","Allemagne","Leipzig","RB Leipzig","RBL","111","MINUTE","4","1","0","14.14","KILOMETER","30.2","KILOMETER_PER_HOUR"
"250009001","2600288","35","1989-12-09","3","H. KALDIRIM","TUR","FULL_BACK","DEFENDER","MALE","183","./image/250009001.jpg","Hasan Ali Kaldırım","DEFENDER","3","Kaldirim","135","75","Turquie","Défenseur","","Hasan Ali Kaldırım","Hasan Ali Kaldırım","Hasan Ali Kaldırım","200135","./assoc/200135_TUR.svg","./logo/2600288.png","UEFA","TUR","2600288","FAME","Başakşehir","","https://img.uefa.com/imgml/TP/teams/logos/70x70/2600288.png","https://img.uefa.com/imgml/TP/teams/logos/240x240/2600288.png","1500091","IST","DOMESTIC_MEN_TEAM_A","","DOMESTIC","Turquie","Başakşehir","İstanbul Başakşehir FK","IST","111","MINUTE","3","0","0","13.64","KILOMETER","28.8","KILOMETER_PER_HOUR"
"250096713","50051","32","1993-08-01","12","Mariano","ESP","STRIKER","FORWARD","MALE","178","./image/250096713.jpg","Mariano Díaz","FORWARD","","Mariano","","79","Espagne","Attaquant","","Mariano Díaz","Mariano Díaz","Mariano Díaz","200122","./assoc/200122_ESP.svg","./logo/50051.png","UEFA","ESP","50051","FAME","Real Madrid","","https://img.uefa.com/imgml/TP/teams/logos/70x70/50051.png","https://img.uefa.com/imgml/TP/teams/logos/240x240/50051.png","250051","RMA","DOMESTIC_MEN_TEAM_A","","DOMESTIC","Espagne","Real Madrid","Real Madrid C.F.","RMA","106","MINUTE","4","0","0","12.01","KILOMETER","30.8","KILOMETER_PER_HOUR"
"109046","2600288","34","1991-04-30","8","ALEKSIC","SRB","ATTACKING_MIDFIELDER","MIDFIELDER","MALE","","./image/109046.jpg","Danijel Aleksić","MIDFIELDER","4","Aleksic","147","","Serbie","Milieu","Danijel","Aleksić","Danijel Aleksić","Aleksić","200135","./assoc/200135_TUR.svg","./logo/2600288.png","UEFA","TUR","2600288","FAME","Başakşehir","","https://img.uefa.com/imgml/TP/teams/logos/70x70/2600288.png","https://img.uefa.com/imgml/TP/teams/logos/240x240/2600288.png","1500091","IST","DOMESTIC_MEN_TEAM_A","","DOMESTIC","Turquie","Başakşehir","İstanbul Başakşehir FK","IST","106","MINUTE","3","0","0","15.46","KILOMETER","27.2","KILOMETER_PER_HOUR"
"250001438","52973","39","1986-01-18","19","Lulic","BIH","WINGER","MIDFIELDER","MALE","183","./image/250001438.jpg","Senad Lulić","MIDFIELDER","16","Lulić","60094","75","Bosnie-Herzégovine","Milieu","Senad","Lulić","Senad Lulić","Lulić","200066","./assoc/200066_ITA.svg","./logo/52973.png","UEFA","ITA","52973","FAME","Lazio","","https://img.uefa.com/imgml/TP/teams/logos/70x70/52973.png","https://img.uefa.com/imgml/TP/teams/logos/240x240/52973.png","252973","LAZ","DOMESTIC_MEN_TEAM_A","","DOMESTIC","Italie","Lazio","S.S. Lazio","LAZ","104","MINUTE","2","0","0","12.45","KILOMETER","29.7","KILOMETER_PER_HOUR"
"250058763","53065","29","1996-09-20","17","Zhemaletdinov","RUS","UNKNOWN","MIDFIELDER","MALE","184","./image/250058763.jpg","Rifat Zhemaletdinov","MIDFIELDER","19","Zhemaletdinov","57451","","Russie","Milieu","Rifat","Zhemaletdinov","Rifat Zhemaletdinov","Zhemaletdinov","257451","./assoc/257451_RUS.svg","./logo/53065.png","UEFA","RUS","53065","FAME","Lokomotiv Moskva","","https://img.uefa.com/imgml/TP/teams/logos/70x70/53065.png","https://img.uefa.com/imgml/TP/teams/logos/240x240/53065.png","253065","LMO","DOMESTIC_MEN_TEAM_A","","DOMESTIC","Russie","Lokomotiv Moskva","FC Lokomotiv Moskva","LMO","103","MINUTE","3","0","1","12.79","KILOMETER","29.2","KILOMETER_PER_HOUR"
"250068973","50064","28","1997-06-30","29","López","ESP","UNKNOWN","FORWARD","MALE","","./image/250068973.jpg","Toni Martínez","FORWARD","17","Antonio","400122","","Espagne","Attaquant","","Toni Martínez","Toni Martínez","Toni Martínez","200110","./assoc/200110_POR.svg","./logo/50064.png","UEFA","POR","50064","FAME","Porto","","https://img.uefa.com/imgml/TP/teams/logos/70x70/50064.png","https://img.uefa.com/imgml/TP/teams/logos/240x240/50064.png","250064","POR","DOMESTIC_MEN_TEAM_A","","DOMESTIC","Portugal","Porto","FC Porto","POR","102","MINUTE","3","0","0","12.01","KILOMETER","27.2","KILOMETER_PER_HOUR"
"250017049","52748","39","1986-09-12","25","Nagatomo","JPN","FULL_BACK","DEFENDER","MALE","170","./image/250017049.jpg","Yuto Nagatomo","DEFENDER","5","Nagatomo","69","68","Japon","Défenseur","Yuto","Nagatomo","Yuto Nagatomo","Nagatomo","200043","./assoc/200043_FRA.svg","./logo/52748.png","UEFA","FRA","52748","FAME","Marseille","","https://img.uefa.com/imgml/TP/teams/logos/70x70/52748.png","https://img.uefa.com/imgml/TP/teams/logos/240x240/52748.png","252748","MAR","DOMESTIC_MEN_TEAM_A","","DOMESTIC","France","Marseille","Olympique de Marseille","MAR","102","MINUTE","2","0","0","12.6","KILOMETER","31.3","KILOMETER_PER_HOUR"
"1905884","50138","33","1992-02-14","14","Eriksen","DEN","ATTACKING_MIDFIELDER","MIDFIELDER","MALE","175","./image/1905884.jpg","Christian Eriksen","MIDFIELDER","10","Eriksen","35","65","Danemark","Milieu","Christian","Eriksen","Christian Eriksen","Eriksen","200066","./assoc/200066_ITA.svg","./logo/50138.png","UEFA","ITA","50138","FAME","Inter","","https://img.uefa.com/imgml/TP/teams/logos/70x70/50138.png","https://img.uefa.com/imgml/TP/teams/logos/240x240/50138.png","250138","INT","DOMESTIC_MEN_TEAM_A","","DOMESTIC","Italie","Inter","FC Internazionale Milano","INT","99","MINUTE","4","0","0","14.77","KILOMETER","29.2","KILOMETER_PER_HOUR"
"250024988","55031","30","1994-12-19","9","NIANG","SEN","STRIKER","FORWARD","MALE","","./image/250024988.jpg","M'Baye Niang","FORWARD","","Niang","118","","Sénégal","Attaquant","M'Baye","Niang","M'Baye Niang","Niang","200043","./assoc/200043_FRA.svg","./logo/55031.png","UEFA","FRA","55031","FAME","Rennes","","https://img.uefa.com/imgml/TP/teams/logos/70x70/55031.png","https://img.uefa.com/imgml/TP/teams/logos/240x240/55031.png","255031","REN","DOMESTIC_MEN_TEAM_A","","DOMESTIC","France","Rennes","Stade Rennais FC","REN","99","MINUTE","3","0","0","11.13","KILOMETER","26.5","KILOMETER_PER_HOUR"
"250024454","50051","33","1992-04-21","22","Isco","ESP","ATTACKING_MIDFIELDER","MIDFIELDER","MALE","176","./image/250024454.jpg","Isco","MIDFIELDER","10","Isco","122","74","Espagne","Milieu","","Isco","Isco","Isco","200122","./assoc/200122_ESP.svg","./logo/50051.png","UEFA","ESP","50051","FAME","Real Madrid","","https://img.uefa.com/imgml/TP/teams/logos/70x70/50051.png","https://img.uefa.com/imgml/TP/teams/logos/240x240/50051.png","250051","RMA","DOMESTIC_MEN_TEAM_A","","DOMESTIC","Espagne","Real Madrid","Real Madrid C.F.","RMA","97","MINUTE","3","0","0","12.87","KILOMETER","26.5","KILOMETER_PER_HOUR"
"250146919","52748","23","2001-12-14","11","Luis Henrique","BRA","UNKNOWN","FORWARD","MALE","","./image/250146919.jpg","Luis Henrique","FORWARD","","Luis Henrique","","","Brésil","Attaquant","","Luis Henrique","Luis Henrique","Luis Henrique","200043","./assoc/200043_FRA.svg","./logo/52748.png","UEFA","FRA","52748","FAME","Marseille","","https://img.uefa.com/imgml/TP/teams/logos/70x70/52748.png","https://img.uefa.com/imgml/TP/teams/logos/240x240/52748.png","252748","MAR","DOMESTIC_MEN_TEAM_A","","DOMESTIC","France","Marseille","Olympique de Marseille","MAR","97","MINUTE","3","0","0","12.26","KILOMETER","31.7","KILOMETER_PER_HOUR"
"250146783","52816","33","1992-08-21","22","Mojica Palacios","COL","UNKNOWN","DEFENDER","MALE","","./image/250146783.jpg","Johan Mojica","DEFENDER","17","J. MOJICA","29","","Colombie","Défenseur","Johan","Mojica","Johan Mojica","Mojica","200066","./assoc/200066_ITA.svg","./logo/52816.png","UEFA","ITA","52816","FAME","Atalanta","","https://img.uefa.com/imgml/TP/teams/logos/70x70/52816.png","https://img.uefa.com/imgml/TP/teams/logos/240x240/52816.png","252816","ATA","DOMESTIC_MEN_TEAM_A","","DOMESTIC","Italie","Atalanta","Atalanta BC","ATA","96","MINUTE","2","0","0","11.87","KILOMETER","30.2","KILOMETER_PER_HOUR"
"250106713","55031","24","2001-01-14","37","Y. GBOHO","FRA","ATTACKING_MIDFIELDER","MIDFIELDER","MALE","","./image/250106713.jpg","Yann Gboho","MIDFIELDER","10","Gboho","400043","","France","Milieu","Yann","Gboho","Yann Gboho","Gboho","200043","./assoc/200043_FRA.svg","./logo/55031.png","UEFA","FRA","55031","FAME","Rennes","","https://img.uefa.com/imgml/TP/teams/logos/70x70/55031.png","https://img.uefa.com/imgml/TP/teams/logos/240x240/55031.png","255031","REN","DOMESTIC_MEN_TEAM_A","","DOMESTIC","France","Rennes","Stade Rennais FC","REN","95","MINUTE","4","0","0","12.77","KILOMETER","29.7","KILOMETER_PER_HOUR"
"250107117","52914","24","2001-06-11","6","Gilmour","SCO","","MIDFIELDER","MALE","","./image/250107117.jpg","Billy Gilmour","MIDFIELDER","8","Gilmour","117","","Écosse","Milieu","Billy","Gilmour","Billy Gilmour","Gilmour","200039","./assoc/200039_ENG.svg","./logo/52914.png","UEFA","ENG","52914","FAME","Chelsea","","https://img.uefa.com/imgml/TP/teams/logos/70x70/52914.png","https://img.uefa.com/imgml/TP/teams/logos/240x240/52914.png","252914","CHE","DOMESTIC_MEN_TEAM_A","","DOMESTIC","Angleterre","Chelsea","Chelsea FC","CHE","95","MINUTE","2","0","0","13.22","KILOMETER","28.8","KILOMETER_PER_HOUR"
"250101873","75795","25","2000-03-17","43","Madsen","DEN","UNKNOWN","MIDFIELDER","MALE","","./image/250101873.jpg","Nicolas Madsen","MIDFIELDER","17","Madsen","200035","","Danemark","Milieu","Nicolas","Madsen","Nicolas Madsen","Madsen","200035","./assoc/200035_DEN.svg","./logo/75795.png","UEFA","DEN","75795","FAME","Midtjylland","","https://img.uefa.com/imgml/TP/teams/logos/70x70/75795.png","https://img.uefa.com/imgml/TP/teams/logos/240x240/75795.png","275795","MID","DOMESTIC_MEN_TEAM_A","","DOMESTIC","Danemark","Midtjylland","FC Midtjylland","MID","92","MINUTE","4","0","0","12.16","KILOMETER","27.2","KILOMETER_PER_HOUR"
"250098954","2603790","29","1996-01-26","11","Hwang","KOR","STRIKER","FORWARD","MALE","177","./image/250098954.jpg","Heechan Hwang","FORWARD","11","HC HWANG","74","77","République de Corée","Attaquant","Heechan","Hwang","Heechan Hwang","HC Hwang","200047","./assoc/200047_GER.svg","./logo/2603790.png","UEFA","GER","2603790","FAME","Leipzig","","https://img.uefa.com/imgml/TP/teams/logos/70x70/2603790.png","https://img.uefa.com/imgml/TP/teams/logos/240x240/2603790.png","250002563","RBL","DOMESTIC_MEN_TEAM_A","","DOMESTIC","Allemagne","Leipzig","RB Leipzig","RBL","92","MINUTE","3","0","0","11.8","KILOMETER","27.7","KILOMETER_PER_HOUR"
"250055216","52748","29","1996-02-15","49","Radonjic","SRB","WINGER","MIDFIELDER","MALE","","./image/250055216.jpg","Nemanja Radonjić","FORWARD","7","Radonjic","147","","Serbie","Milieu","Nemanja","Radonjić","Nemanja Radonjić","Radonjić","200043","./assoc/200043_FRA.svg","./logo/52748.png","UEFA","FRA","52748","FAME","Marseille","","https://img.uefa.com/imgml/TP/teams/logos/70x70/52748.png","https://img.uefa.com/imgml/TP/teams/logos/240x240/52748.png","252748","MAR","DOMESTIC_MEN_TEAM_A","","DOMESTIC","France","Marseille","Olympique de Marseille","MAR","92","MINUTE","2","0","0","11.63","KILOMETER","32.8","KILOMETER_PER_HOUR"
"250101721","50143","25","2000-04-05","24","Ekkelenkamp","NED","ATTACKING_MIDFIELDER","MIDFIELDER","MALE","","./image/250101721.jpg","Jurgen Ekkelenkamp","MIDFIELDER","11","Ekkelenkamp","200095","","Pays-Bas","Milieu","Jurgen","Ekkelenkamp","Jurgen Ekkelenkamp","Ekkelenkamp","200095","./assoc/200095_NED.svg","./logo/50143.png","UEFA","NED","50143","FAME","Ajax","","https://img.uefa.com/imgml/TP/teams/logos/70x70/50143.png","https://img.uefa.com/imgml/TP/teams/logos/240x240/50143.png","250143","AJX","DOMESTIC_MEN_TEAM_A","","DOMESTIC","Pays-Bas","Ajax","AFC Ajax","AJX","90","MINUTE","4","0","0","12.4","KILOMETER","27.7","KILOMETER_PER_HOUR"
"250113255","7889","23","2001-10-19","10","Clarkson","ENG","","MIDFIELDER","MALE","","./image/250113255.jpg","Leighton Clarkson","MIDFIELDER","","Clarkson","","","Angleterre","Milieu","Leighton","Clarkson","Leighton Clarkson","Clarkson","200039","./assoc/200039_ENG.svg","./logo/7889.png","UEFA","ENG","7889","FAME","Liverpool","","https://img.uefa.com/imgml/TP/teams/logos/70x70/7889.png","https://img.uefa.com/imgml/TP/teams/logos/240x240/7889.png","207889","LIV","DOMESTIC_MEN_TEAM_A","","DOMESTIC","Angleterre","Liverpool","Liverpool FC","LIV","90","MINUTE","1","0","0","11.69","KILOMETER","26.6","KILOMETER_PER_HOUR"
"250020850","55031","35","1990-04-09","28","J.MARTIN","FRA","UNKNOWN","MIDFIELDER","MALE","184","./image/250020850.jpg","Jonas Martin","MIDFIELDER","","Martin","200043","78","France","Milieu","Jonas","Martin","Jonas Martin","Martin","200043","./assoc/200043_FRA.svg","./logo/55031.png","UEFA","FRA","55031","FAME","Rennes","","https://img.uefa.com/imgml/TP/teams/logos/70x70/55031.png","https://img.uefa.com/imgml/TP/teams/logos/240x240/55031.png","255031","REN","DOMESTIC_MEN_TEAM_A","","DOMESTIC","France","Rennes","Stade Rennais FC","REN","90","MINUTE","1","0","0","11.29","KILOMETER","24.5","KILOMETER_PER_HOUR"
"105814","50138","39","1985-11-10","11","","SRB","FULL_BACK","","MALE","187","./image/105814.jpg","Aleksandar Kolarov","DEFENDER","11","Kolarov","147","82","Serbie","","Aleksandar","Kolarov","Aleksandar Kolarov","Kolarov","200066","./assoc/200066_ITA.svg","./logo/50138.png","UEFA","ITA","50138","FAME","Inter","","https://img.uefa.com/imgml/TP/teams/logos/70x70/50138.png","https://img.uefa.com/imgml/TP/teams/logos/240x240/50138.png","250138","INT","DOMESTIC_MEN_TEAM_A","","DOMESTIC","Italie","Inter","FC Internazionale Milano","INT","90","MINUTE","1","0","0","10.66","KILOMETER","26.3","KILOMETER_PER_HOUR"
"250070347","75795","32","1993-08-05","25","James","CAN","","DEFENDER","MALE","","./image/250070347.jpg","Manjrekar James","DEFENDER","","Manjrekar","","","Canada","Défenseur","Manjrekar","James","Manjrekar James","James","200035","./assoc/200035_DEN.svg","./logo/75795.png","UEFA","DEN","75795","FAME","Midtjylland","","https://img.uefa.com/imgml/TP/teams/logos/70x70/75795.png","https://img.uefa.com/imgml/TP/teams/logos/240x240/75795.png","275795","MID","DOMESTIC_MEN_TEAM_A","","DOMESTIC","Danemark","Midtjylland","FC Midtjylland","MID","90","MINUTE","1","0","0","10.35","KILOMETER","31","KILOMETER_PER_HOUR"
"250000582","75795","34","1991-01-06","5","Høegh","DEN","UNKNOWN","DEFENDER","MALE","190","./image/250000582.jpg","Daniel Høegh","DEFENDER","","","300035","74","Danemark","Défenseur","Daniel","Høegh","Daniel Høegh","Høegh","200035","./assoc/200035_DEN.svg","./logo/75795.png","UEFA","DEN","75795","FAME","Midtjylland","","https://img.uefa.com/imgml/TP/teams/logos/70x70/75795.png","https://img.uefa.com/imgml/TP/teams/logos/240x240/75795.png","275795","MID","DOMESTIC_MEN_TEAM_A","","DOMESTIC","Danemark","Midtjylland","FC Midtjylland","MID","90","MINUTE","1","0","0","10.27","KILOMETER","28.6","KILOMETER_PER_HOUR"
"250128211","50030","30","1995-07-02","20","Vallci","AUT","CENTRE_BACK","DEFENDER","MALE","","./image/250128211.jpg","Albert Vallci","DEFENDER","4","Vallci","8","","Autriche","Défenseur","Albert","Vallci","Albert Vallci","Vallci","200008","./assoc/200008_AUT.svg","./logo/50030.png","UEFA","AUT","50030","FAME","Salzburg","","https://img.uefa.com/imgml/TP/teams/logos/70x70/50030.png","https://img.uefa.com/imgml/TP/teams/logos/240x240/50030.png","250030","SAL","DOMESTIC_MEN_TEAM_A","","DOMESTIC","Autriche","Salzburg","FC Salzburg","SAL","90","MINUTE","1","0","0","10.17","KILOMETER","27.2","KILOMETER_PER_HOUR"
"107955","52707","34","1991-03-15","4","Kryvtsov","UKR","CENTRE_BACK","DEFENDER","MALE","186","./image/107955.jpg","Serhiy Kryvtsov","DEFENDER","4","Kryvtsov","57166","80","Ukraine","Défenseur","Serhiy","Kryvtsov","Serhiy Kryvtsov","Kryvtsov","257166","./assoc/257166_UKR.svg","./logo/52707.png","UEFA","UKR","52707","FAME","Shakhtar","","https://img.uefa.com/imgml/TP/teams/logos/70x70/52707.png","https://img.uefa.com/imgml/TP/teams/logos/240x240/52707.png","252707","SHK","DOMESTIC_MEN_TEAM_A","","DOMESTIC","Ukraine","Shakhtar","FC Shakhtar Donetsk","SHK","90","MINUTE","1","0","0","10.07","KILOMETER","28.6","KILOMETER_PER_HOUR"
"250024138","52723","33","1992-03-07","13","Shabanov","UKR","UNKNOWN","DEFENDER","MALE","","./image/250024138.jpg","Artem Shabanov","DEFENDER","16","Shabanov","57166","","Ukraine","Défenseur","Artem","Shabanov","Artem Shabanov","Shabanov","257166","./assoc/257166_UKR.svg","./logo/52723.png","UEFA","UKR","52723","FAME","Dynamo Kyiv","","https://img.uefa.com/imgml/TP/teams/logos/70x70/52723.png","https://img.uefa.com/imgml/TP/teams/logos/240x240/52723.png","252723","DKY","DOMESTIC_MEN_TEAM_A","","DOMESTIC","Ukraine","Dynamo Kyiv","FC Dynamo Kyiv","DKY","90","MINUTE","1","0","0","9.9","KILOMETER","30.2","KILOMETER_PER_HOUR"
"250076675","50064","26","1999-09-19","99","D. Costa","POR","GOALKEEPER","GOALKEEPER","MALE","","./image/250076675.jpg","Diogo Costa","GOALKEEPER","1","DIOGO COSTA","110","","Portugal","Gardien","","Diogo Costa","Diogo Costa","Diogo Costa","200110","./assoc/200110_POR.svg","./logo/50064.png","UEFA","POR","50064","FAME","Porto","","https://img.uefa.com/imgml/TP/teams/logos/70x70/50064.png","https://img.uefa.com/imgml/TP/teams/logos/240x240/50064.png","250064","POR","DOMESTIC_MEN_TEAM_A","","DOMESTIC","Portugal","Porto","FC Porto","POR","90","MINUTE","1","0","0","4.78","KILOMETER","17.4","KILOMETER_PER_HOUR"
"250039900","52914","31","1994-10-03","13","Arrizabalaga","ESP","GOALKEEPER","GOALKEEPER","MALE","186","./image/250039900.jpg","Kepa Arrizabalaga","GOALKEEPER","1","Arrizabalaga","122","85","Espagne","Gardien","Kepa","Arrizabalaga","Kepa Arrizabalaga","Arrizabalaga","200039","./assoc/200039_ENG.svg","./logo/52914.png","UEFA","ENG","52914","FAME","Chelsea","","https://img.uefa.com/imgml/TP/teams/logos/70x70/52914.png","https://img.uefa.com/imgml/TP/teams/logos/240x240/52914.png","252914","CHE","DOMESTIC_MEN_TEAM_A","","DOMESTIC","Angleterre","Chelsea","Chelsea FC","CHE","90","MINUTE","1","0","0","4.46","KILOMETER","12.5","KILOMETER_PER_HOUR"
"250115484","52723","23","2002-01-22","35","Neshcheret","UKR","GOALKEEPER","GOALKEEPER","MALE","","./image/250115484.jpg","Ruslan Neshcheret","GOALKEEPER","1","Neshcheret","257166","","Ukraine","Gardien","Ruslan","Neshcheret","Ruslan Neshcheret","Neshcheret","257166","./assoc/257166_UKR.svg","./logo/52723.png","UEFA","UKR","52723","FAME","Dynamo Kyiv","","https://img.uefa.com/imgml/TP/teams/logos/70x70/52723.png","https://img.uefa.com/imgml/TP/teams/logos/240x240/52723.png","252723","DKY","DOMESTIC_MEN_TEAM_A","","DOMESTIC","Ukraine","Dynamo Kyiv","FC Dynamo Kyiv","DKY","90","MINUTE","1","0","0","4.41","KILOMETER","18.61","KILOMETER_PER_HOUR"
"21307","50139","47","1978-01-28","77","Buffon","ITA","GOALKEEPER","GOALKEEPER","MALE","192","./image/21307.jpg","Gianluigi Buffon","","1","","66","91","Italie","Gardien","Gianluigi","Buffon","Gianluigi Buffon","Buffon","200066","./assoc/200066_ITA.svg","./logo/50139.png","UEFA","ITA","50139","FAME","Juventus","","https://img.uefa.com/imgml/TP/teams/logos/70x70/50139.png","https://img.uefa.com/imgml/TP/teams/logos/240x240/50139.png","250139","JUV","DOMESTIC_MEN_TEAM_A","","DOMESTIC","Italie","Juventus","Juventus","JUV","90","MINUTE","1","0","0","4.39","KILOMETER","17.4","KILOMETER_PER_HOUR"
"250106562","52714","25","2000-10-04","33","Alfonso P.","ESP","GOALKEEPER","GOALKEEPER","MALE","","./image/250106562.jpg","Alfonso Pastor","GOALKEEPER","","Alfonso P.","","","Espagne","Gardien","Alfonso","Pastor","Alfonso Pastor","Pastor","200122","./assoc/200122_ESP.svg","./logo/52714.png","UEFA","ESP","52714","FAME","Sevilla","","https://img.uefa.com/imgml/TP/teams/logos/70x70/52714.png","https://img.uefa.com/imgml/TP/teams/logos/240x240/52714.png","252714","SEV","DOMESTIC_MEN_TEAM_A","","DOMESTIC","Espagne","Sevilla","Sevilla FC","SEV","90","MINUTE","1","0","0","4.2","KILOMETER","19.7","KILOMETER_PER_HOUR"
"250064823","52682","28","1997-03-12","1","Henderson","ENG","GOALKEEPER","GOALKEEPER","MALE","","./image/250064823.jpg","Dean Henderson","GOALKEEPER","13","Henderson","39","","Angleterre","Gardien","Dean","Henderson","Dean Henderson","D. Henderson","200039","./assoc/200039_ENG.svg","./logo/52682.png","UEFA","ENG","52682","FAME","Man Utd","","https://img.uefa.com/imgml/TP/teams/logos/70x70/52682.png","https://img.uefa.com/imgml/TP/teams/logos/240x240/52682.png","252682","MUN","DOMESTIC_MEN_TEAM_A","","DOMESTIC","Angleterre","Man Utd","Manchester United","MUN","90","MINUTE","1","0","0","4.18","KILOMETER","17.9","KILOMETER_PER_HOUR"
"98113","52723","37","1988-01-29","71","Boyko","UKR","GOALKEEPER","GOALKEEPER","MALE","194","./image/98113.jpg","Denys Boyko","GOALKEEPER","1","Boiko","57166","82","Ukraine","Gardien","Denys","Boyko","Denys Boyko","Boyko","257166","./assoc/257166_UKR.svg","./logo/52723.png","UEFA","UKR","52723","FAME","Dynamo Kyiv","","https://img.uefa.com/imgml/TP/teams/logos/70x70/52723.png","https://img.uefa.com/imgml/TP/teams/logos/240x240/52723.png","252723","DKY","DOMESTIC_MEN_TEAM_A","","DOMESTIC","Ukraine","Dynamo Kyiv","FC Dynamo Kyiv","DKY","90","MINUTE","1","0","0","4.13","KILOMETER","9.2","KILOMETER_PER_HOUR"
"250061827","50043","30","1995-06-09","22","Horvath","USA","GOALKEEPER","GOALKEEPER","MALE","","./image/250061827.jpg","Ethan Horvath","GOALKEEPER","12","Horvath","140","","Etats-Unis","Gardien","Ethan","Horvath","Ethan Horvath","Horvath","200013","./assoc/200013_BEL.svg","./logo/50043.png","UEFA","BEL","50043","FAME","Club Brugge","","https://img.uefa.com/imgml/TP/teams/logos/70x70/50043.png","https://img.uefa.com/imgml/TP/teams/logos/240x240/50043.png","250043","BRU","DOMESTIC_MEN_TEAM_A","","DOMESTIC","Belgique","Club Brugge","Club Brugge KV","BRU","90","MINUTE","1","0","0","4.03","KILOMETER","14.4","KILOMETER_PER_HOUR"
"250046901","52973","30","1995-03-19","1","Strakosha","GRE","GOALKEEPER","GOALKEEPER","MALE","186","./image/250046901.jpg","Thomas Strakosha","GOALKEEPER","1","Strakosha","2","78","Grèce","Gardien","Thomas","Strakosha","Thomas Strakosha","Strakosha","200066","./assoc/200066_ITA.svg","./logo/52973.png","UEFA","ITA","52973","FAME","Lazio","","https://img.uefa.com/imgml/TP/teams/logos/70x70/52973.png","https://img.uefa.com/imgml/TP/teams/logos/240x240/52973.png","252973","LAZ","DOMESTIC_MEN_TEAM_A","","DOMESTIC","Italie","Lazio","S.S. Lazio","LAZ","90","MINUTE","1","0","0","3.83","KILOMETER","17.11","KILOMETER_PER_HOUR"
"250083695","7889","38","1987-01-03","13","ADRIÁN","ESP","UNKNOWN","GOALKEEPER","MALE","","./image/250083695.jpg","Adrián","GOALKEEPER","12","Adrián","122","","Espagne","Gardien","","Adrián","Adrián","Adrián","200039","./assoc/200039_ENG.svg","./logo/7889.png","UEFA","ENG","7889","FAME","Liverpool","","https://img.uefa.com/imgml/TP/teams/logos/70x70/7889.png","https://img.uefa.com/imgml/TP/teams/logos/240x240/7889.png","207889","LIV","DOMESTIC_MEN_TEAM_A","","DOMESTIC","Angleterre","Liverpool","Liverpool FC","LIV","90","MINUTE","1","0","0","3.82","KILOMETER","18.9","KILOMETER_PER_HOUR"
"67855","52707","41","1984-06-28","30","","UKR","GOALKEEPER","","MALE","190","./image/67855.jpg","Andriy Pyatov","GOALKEEPER","12","Pyatov","57166","84","Ukraine","","Andriy","Pyatov","Andriy Pyatov","Pyatov","257166","./assoc/257166_UKR.svg","./logo/52707.png","UEFA","UKR","52707","FAME","Shakhtar","","https://img.uefa.com/imgml/TP/teams/logos/70x70/52707.png","https://img.uefa.com/imgml/TP/teams/logos/240x240/52707.png","252707","SHK","DOMESTIC_MEN_TEAM_A","","DOMESTIC","Ukraine","Shakhtar","FC Shakhtar Donetsk","SHK","90","MINUTE","1","0","0","3.74","KILOMETER","11.4","KILOMETER_PER_HOUR"
"250118754","52919","30","1995-04-02","13","Steffen","USA","UNKNOWN","GOALKEEPER","MALE","","./image/250118754.jpg","Zack Steffen","GOALKEEPER","","Steffen","140","","Etats-Unis","Gardien","Zack","Steffen","Zack Steffen","Steffen","200039","./assoc/200039_ENG.svg","./logo/52919.png","UEFA","ENG","52919","FAME","Man City","","https://img.uefa.com/imgml/TP/teams/logos/70x70/52919.png","https://img.uefa.com/imgml/TP/teams/logos/240x240/52919.png","252919","MCI","DOMESTIC_MEN_TEAM_A","","DOMESTIC","Angleterre","Man City","Manchester City","MCI","90","MINUTE","1","0","0","3.32","KILOMETER","18.4","KILOMETER_PER_HOUR"
"250049803","52714","36","1989-02-22","22","Vazquez","ARG","ATTACKING_MIDFIELDER","MIDFIELDER","MALE","186","./image/250049803.jpg","Franco Vázquez","MIDFIELDER","23","Vázquez","66","82","Argentine","Milieu","Franco","Vázquez","Franco Vázquez","Vázquez","200122","./assoc/200122_ESP.svg","./logo/52714.png","UEFA","ESP","52714","FAME","Sevilla","","https://img.uefa.com/imgml/TP/teams/logos/70x70/52714.png","https://img.uefa.com/imgml/TP/teams/logos/240x240/52714.png","252714","SEV","DOMESTIC_MEN_TEAM_A","","DOMESTIC","Espagne","Sevilla","Sevilla FC","SEV","88","MINUTE","4","0","0","12.21","KILOMETER","27.9","KILOMETER_PER_HOUR"
"250055949","55031","31","1994-01-19","23","Hunou","FRA","STRIKER","DEFENDER","MALE","","./image/250055949.jpg","Adrien Hunou","FORWARD","8","Hunou","300043","","France","Défenseur","Adrien","Hunou","Adrien Hunou","Hunou","200043","./assoc/200043_FRA.svg","./logo/55031.png","UEFA","FRA","55031","FAME","Rennes","","https://img.uefa.com/imgml/TP/teams/logos/70x70/55031.png","https://img.uefa.com/imgml/TP/teams/logos/240x240/55031.png","255031","REN","DOMESTIC_MEN_TEAM_A","","DOMESTIC","France","Rennes","Stade Rennais FC","REN","88","MINUTE","3","0","0","12.88","KILOMETER","28.4","KILOMETER_PER_HOUR"
"250087540","50080","26","1999-08-13","6","RIQUI PUIG","ESP","UNKNOWN","MIDFIELDER","MALE","","./image/250087540.jpg","Ricard Puig","MIDFIELDER","20","Riqui Puig","200122","","Espagne","Milieu","","Ricard Puig","Ricard Puig","Ricard Puig","200122","./assoc/200122_ESP.svg","./logo/50080.png","UEFA","ESP","50080","FAME","Barcelona","","https://img.uefa.com/imgml/TP/teams/logos/70x70/50080.png","https://img.uefa.com/imgml/TP/teams/logos/240x240/50080.png","250080","BAR","DOMESTIC_MEN_TEAM_A","","DOMESTIC","Espagne","Barcelona","FC Barcelona","BAR","86","MINUTE","4","0","0","12.51","KILOMETER","29.5","KILOMETER_PER_HOUR"
"250039679","52973","31","1994-08-06","32","Cataldi","ITA","CENTRAL_MIDFIELDER","MIDFIELDER","MALE","180","./image/250039679.jpg","Danilo Cataldi","MIDFIELDER","21","Cataldi","66","75","Italie","Milieu","Danilo","Cataldi","Danilo Cataldi","Cataldi","200066","./assoc/200066_ITA.svg","./logo/52973.png","UEFA","ITA","52973","FAME","Lazio","","https://img.uefa.com/imgml/TP/teams/logos/70x70/52973.png","https://img.uefa.com/imgml/TP/teams/logos/240x240/52973.png","252973","LAZ","DOMESTIC_MEN_TEAM_A","","DOMESTIC","Italie","Lazio","S.S. Lazio","LAZ","84","MINUTE","4","0","0","13.92","KILOMETER","26.3","KILOMETER_PER_HOUR"
"250081666","55031","27","1998-07-06","20","Maouassa","FRA","FULL_BACK","DEFENDER","MALE","","./image/250081666.jpg","Faitout Maouassa","DEFENDER","21","Maouassa","200043","","France","Défenseur","Faitout","Maouassa","Faitout Maouassa","Maouassa","200043","./assoc/200043_FRA.svg","./logo/55031.png","UEFA","FRA","55031","FAME","Rennes","","https://img.uefa.com/imgml/TP/teams/logos/70x70/55031.png","https://img.uefa.com/imgml/TP/teams/logos/240x240/55031.png","255031","REN","DOMESTIC_MEN_TEAM_A","","DOMESTIC","France","Rennes","Stade Rennais FC","REN","84","MINUTE","2","0","0","9.16","KILOMETER","28.6","KILOMETER_PER_HOUR"
"107044","52298","34","1991-03-08","21","Mak","SVK","WINGER","FORWARD","MALE","179","./image/107044.jpg","Róbert Mak","FORWARD","20","Mak","58836","78","Slovaquie","Attaquant","Róbert","Mak","Róbert Mak","Mak","200057","./assoc/200057_HUN.svg","./logo/52298.png","UEFA","HUN","52298","FAME","Ferencváros","","https://img.uefa.com/imgml/TP/teams/logos/70x70/52298.png","https://img.uefa.com/imgml/TP/teams/logos/240x240/52298.png","252298","FER","DOMESTIC_MEN_TEAM_A","","DOMESTIC","Hongrie","Ferencváros","Ferencvárosi TC","FER","83","MINUTE","5","0","0","11.02","KILOMETER","28.4","KILOMETER_PER_HOUR"
"250113343","50064","25","2000-01-03","25","João Mário","POR","UNKNOWN","FORWARD","MALE","","./image/250113343.jpg","João Mário","FORWARD","19","JOÃO MÁRIO","110","","Portugal","Attaquant","","João Mário","João Mário","João Mário","200110","./assoc/200110_POR.svg","./logo/50064.png","UEFA","POR","50064","FAME","Porto","","https://img.uefa.com/imgml/TP/teams/logos/70x70/50064.png","https://img.uefa.com/imgml/TP/teams/logos/240x240/50064.png","250064","POR","DOMESTIC_MEN_TEAM_A","","DOMESTIC","Portugal","Porto","FC Porto","POR","83","MINUTE","2","0","0","10.48","KILOMETER","29","KILOMETER_PER_HOUR"
"250039749","2600288","35","1990-05-31","20","Giuliano","BRA","WINGER","MIDFIELDER","MALE","172","./image/250039749.jpg","Giuliano","MIDFIELDER","","De Paula","","68","Brésil","Milieu","","Giuliano","Giuliano","Giuliano","200135","./assoc/200135_TUR.svg","./logo/2600288.png","UEFA","TUR","2600288","FAME","Başakşehir","","https://img.uefa.com/imgml/TP/teams/logos/70x70/2600288.png","https://img.uefa.com/imgml/TP/teams/logos/240x240/2600288.png","1500091","IST","DOMESTIC_MEN_TEAM_A","","DOMESTIC","Turquie","Başakşehir","İstanbul Başakşehir FK","IST","80","MINUTE","5","0","0","12.26","KILOMETER","27.9","KILOMETER_PER_HOUR"
"250106928","52914","23","2001-11-23","27","Anjorin","","","MIDFIELDER","MALE","","./image/250106928.jpg","Tino Anjorin","MIDFIELDER","10","Anjorin","200039","","","Milieu","Tino","Anjorin","Tino Anjorin","Anjorin","200039","./assoc/200039_ENG.svg","./logo/52914.png","UEFA","ENG","52914","FAME","Chelsea","","https://img.uefa.com/imgml/TP/teams/logos/70x70/52914.png","https://img.uefa.com/imgml/TP/teams/logos/240x240/52914.png","252914","CHE","DOMESTIC_MEN_TEAM_A","","DOMESTIC","Angleterre","Chelsea","Chelsea FC","CHE","80","MINUTE","1","0","0","10.35","KILOMETER","30.4","KILOMETER_PER_HOUR"
"250050932","52298","31","1993-12-07","70","Boli","CIV","STRIKER","FORWARD","MALE","","./image/250050932.jpg","Franck Boli","FORWARD","","Boli","","","Côte d'Ivoire","Attaquant","Franck","Boli","Franck Boli","Boli","200057","./assoc/200057_HUN.svg","./logo/52298.png","UEFA","HUN","52298","FAME","Ferencváros","","https://img.uefa.com/imgml/TP/teams/logos/70x70/52298.png","https://img.uefa.com/imgml/TP/teams/logos/240x240/52298.png","252298","FER","DOMESTIC_MEN_TEAM_A","","DOMESTIC","Hongrie","Ferencváros","Ferencvárosi TC","FER","79","MINUTE","5","2","0","10.07","KILOMETER","30.6","KILOMETER_PER_HOUR"
"250088378","52757","26","1999-04-16","11","Wolf","AUT","ATTACKING_MIDFIELDER","FORWARD","MALE","","./image/250088378.jpg","Hannes Wolf","FORWARD","17","Wolf","8","","Autriche","Attaquant","Hannes","Wolf","Hannes Wolf","Wolf","200047","./assoc/200047_GER.svg","./logo/52757.png","UEFA","GER","52757","FAME","Mönchengladbach","","https://img.uefa.com/imgml/TP/teams/logos/70x70/52757.png","https://img.uefa.com/imgml/TP/teams/logos/240x240/52757.png","252757","MON","DOMESTIC_MEN_TEAM_A","","DOMESTIC","Allemagne","Mönchengladbach","Borussia Mönchengladbach","MON","78","MINUTE","7","0","0","13.36","KILOMETER","27.7","KILOMETER_PER_HOUR"
"250024981","52919","31","1994-07-17","22","Mendy","FRA","UNKNOWN","DEFENDER","MALE","185","./image/250024981.jpg","Benjamin Mendy","DEFENDER","22","Mendy","43","85","France","Défenseur","Benjamin","Mendy","Benjamin Mendy","B. Mendy","200039","./assoc/200039_ENG.svg","./logo/52919.png","UEFA","ENG","52919","FAME","Man City","","https://img.uefa.com/imgml/TP/teams/logos/70x70/52919.png","https://img.uefa.com/imgml/TP/teams/logos/240x240/52919.png","252919","MCI","DOMESTIC_MEN_TEAM_A","","DOMESTIC","Angleterre","Man City","Manchester City","MCI","78","MINUTE","1","0","0","8.36","KILOMETER","27.2","KILOMETER_PER_HOUR"
"250145251","50064","26","1999-10-06","30","Barbosa","BRA","UNKNOWN","FORWARD","MALE","","./image/250145251.jpg","Evanilson","FORWARD","","Evanilson","","","Brésil","Attaquant","","Evanilson","Evanilson","Evanilson","200110","./assoc/200110_POR.svg","./logo/50064.png","UEFA","POR","50064","FAME","Porto","","https://img.uefa.com/imgml/TP/teams/logos/70x70/50064.png","https://img.uefa.com/imgml/TP/teams/logos/240x240/50064.png","250064","POR","DOMESTIC_MEN_TEAM_A","","DOMESTIC","Portugal","Porto","FC Porto","POR","73","MINUTE","5","0","0","11.17","KILOMETER","28.6","KILOMETER_PER_HOUR"
"250029287","50043","32","1993-03-15","22","Krmenčík","CZE","STRIKER","FORWARD","MALE","187","./image/250029287.jpg","Michael Krmenčík","FORWARD","11","Krmenčík","58837","74","Tchéquie","Attaquant","Michael","Krmenčík","Michael Krmenčík","Krmenčík","200013","./assoc/200013_BEL.svg","./logo/50043.png","UEFA","BEL","50043","FAME","Club Brugge","","https://img.uefa.com/imgml/TP/teams/logos/70x70/50043.png","https://img.uefa.com/imgml/TP/teams/logos/240x240/50043.png","250043","BRU","DOMESTIC_MEN_TEAM_A","","DOMESTIC","Belgique","Club Brugge","Club Brugge KV","BRU","73","MINUTE","3","0","0","10.14","KILOMETER","28.8","KILOMETER_PER_HOUR"
"250011533","2601038","34","1991-01-02","98","Petrov","RUS","FULL_BACK","DEFENDER","MALE","175","./image/250011533.jpg","Sergei Petrov","DEFENDER","3","Petrov","57451","71","Russie","Défenseur","Sergei","Petrov","Sergei Petrov","S. Petrov","257451","./assoc/257451_RUS.svg","./logo/2601038.png","UEFA","RUS","2601038","FAME","Krasnodar","","https://img.uefa.com/imgml/TP/teams/logos/70x70/2601038.png","https://img.uefa.com/imgml/TP/teams/logos/240x240/2601038.png","250000383","KRA","DOMESTIC_MEN_TEAM_A","","DOMESTIC","Russie","Krasnodar","FC Krasnodar","KRA","73","MINUTE","1","0","0","8.1","KILOMETER","29.5","KILOMETER_PER_HOUR"
"250055663","52747","29","1996-09-21","5","KEHRER","GER","CENTRAL_MIDFIELDER","DEFENDER","MALE","186","./image/250055663.jpg","Thilo Kehrer","DEFENDER","15","Kehrer","47","72","Allemagne","Défenseur","Thilo","Kehrer","Thilo Kehrer","Kehrer","200043","./assoc/200043_FRA.svg","./logo/52747.png","UEFA","FRA","52747","FAME","Paris","","https://img.uefa.com/imgml/TP/teams/logos/70x70/52747.png","https://img.uefa.com/imgml/TP/teams/logos/240x240/52747.png","252747","PSG","DOMESTIC_MEN_TEAM_A","","DOMESTIC","France","Paris","Paris Saint-Germain","PSG","69","MINUTE","5","0","0","9.9","KILOMETER","30.2","KILOMETER_PER_HOUR"
"250118414","50064","31","1994-08-23","10","Nakajima","JPN","CENTRAL_MIDFIELDER","FORWARD","MALE","","./image/250118414.jpg","Shoya Nakajima","MIDFIELDER","","Nakajima","69","","Japon","Attaquant","Shoya","Nakajima","Shoya Nakajima","Nakajima","200110","./assoc/200110_POR.svg","./logo/50064.png","UEFA","POR","50064","FAME","Porto","","https://img.uefa.com/imgml/TP/teams/logos/70x70/50064.png","https://img.uefa.com/imgml/TP/teams/logos/240x240/50064.png","250064","POR","DOMESTIC_MEN_TEAM_A","","DOMESTIC","Portugal","Porto","FC Porto","POR","69","MINUTE","4","0","0","10.77","KILOMETER","31","KILOMETER_PER_HOUR"
"250079179","53065","27","1998-02-08","71","Lisakovich","BLR","","FORWARD","MALE","","./image/250079179.jpg","Vitali Lisakovich","FORWARD","17","Lisakovich","57155","","Bélarus","Attaquant","Vitali","Lisakovich","Vitali Lisakovich","Lisakovich","257451","./assoc/257451_RUS.svg","./logo/53065.png","UEFA","RUS","53065","FAME","Lokomotiv Moskva","","https://img.uefa.com/imgml/TP/teams/logos/70x70/53065.png","https://img.uefa.com/imgml/TP/teams/logos/240x240/53065.png","253065","LMO","DOMESTIC_MEN_TEAM_A","","DOMESTIC","Russie","Lokomotiv Moskva","FC Lokomotiv Moskva","LMO","67","MINUTE","3","1","0","9.43","KILOMETER","27.4","KILOMETER_PER_HOUR"
"250101440","50064","25","2000-01-25","28","Silva Baró","POR","CENTRAL_MIDFIELDER","MIDFIELDER","MALE","","./image/250101440.jpg","Romário Baró","MIDFIELDER","16","ROMÁRIO","200110","","Portugal","Milieu","","Romário Baró","Romário Baró","Romário Baró","200110","./assoc/200110_POR.svg","./logo/50064.png","UEFA","POR","50064","FAME","Porto","","https://img.uefa.com/imgml/TP/teams/logos/70x70/50064.png","https://img.uefa.com/imgml/TP/teams/logos/240x240/50064.png","250064","POR","DOMESTIC_MEN_TEAM_A","","DOMESTIC","Portugal","Porto","FC Porto","POR","66","MINUTE","3","0","0","9.73","KILOMETER","27.7","KILOMETER_PER_HOUR"
"250110883","2610","29","1996-06-25","21","","GER","FULL_BACK","","MALE","","./image/250110883.jpg","Mohamed Dräger","DEFENDER","20","Dräger","134","","Allemagne","","Mohamed","Dräger","Mohamed Dräger","Dräger","200049","./assoc/200049_GRE.svg","./logo/2610.png","UEFA","GRE","2610","FAME","Olympiacos","","https://img.uefa.com/imgml/TP/teams/logos/70x70/2610.png","https://img.uefa.com/imgml/TP/teams/logos/240x240/2610.png","202610","OLY","DOMESTIC_MEN_TEAM_A","","DOMESTIC","Grèce","Olympiacos","Olympiacos FC","OLY","66","MINUTE","1","0","0","8.24","KILOMETER","27","KILOMETER_PER_HOUR"
"250014115","2610","30","1994-10-24","27","Bruma","POR","ATTACKING_MIDFIELDER","FORWARD","MALE","173","./image/250014115.jpg","Bruma","FORWARD","17","Bruma","110","","Portugal","Attaquant","","Bruma","Bruma","Bruma","200049","./assoc/200049_GRE.svg","./logo/2610.png","UEFA","GRE","2610","FAME","Olympiacos","","https://img.uefa.com/imgml/TP/teams/logos/70x70/2610.png","https://img.uefa.com/imgml/TP/teams/logos/240x240/2610.png","202610","OLY","DOMESTIC_MEN_TEAM_A","","DOMESTIC","Grèce","Olympiacos","Olympiacos FC","OLY","65","MINUTE","2","0","0","8.18","KILOMETER","29","KILOMETER_PER_HOUR"
"250064178","50064","32","1993-04-15","7","F.Anderson","BRA","WINGER","MIDFIELDER","MALE","","./image/250064178.jpg","Felipe Anderson","MIDFIELDER","","F.Anderson","18","","Brésil","Milieu","","Felipe Anderson","Felipe Anderson","Felipe Anderson","200110","./assoc/200110_POR.svg","./logo/50064.png","UEFA","POR","50064","FAME","Porto","","https://img.uefa.com/imgml/TP/teams/logos/70x70/50064.png","https://img.uefa.com/imgml/TP/teams/logos/240x240/50064.png","250064","POR","DOMESTIC_MEN_TEAM_A","","DOMESTIC","Portugal","Porto","FC Porto","POR","63","MINUTE","1","0","0","8.48","KILOMETER","25.7","KILOMETER_PER_HOUR"
"250055083","52298","29","1996-05-28","17","Ćivić","BIH","FULL_BACK","DEFENDER","MALE","","./image/250055083.jpg","Eldar Ćivić","DEFENDER","2","Ćivić","60094","","Bosnie-Herzégovine","Défenseur","Eldar","Ćivić","Eldar Ćivić","Ćivić","200057","./assoc/200057_HUN.svg","./logo/52298.png","UEFA","HUN","52298","FAME","Ferencváros","","https://img.uefa.com/imgml/TP/teams/logos/70x70/52298.png","https://img.uefa.com/imgml/TP/teams/logos/240x240/52298.png","252298","FER","DOMESTIC_MEN_TEAM_A","","DOMESTIC","Hongrie","Ferencváros","Ferencvárosi TC","FER","63","MINUTE","1","0","0","6.98","KILOMETER","26.3","KILOMETER_PER_HOUR"
"1908298","52757","34","1991-02-12","7","Herrmann","GER","WINGER","FORWARD","MALE","179","./image/1908298.jpg","Patrick Herrmann","MIDFIELDER","14","Herrmann","47","70","Allemagne","Attaquant","Patrick","Herrmann","Patrick Herrmann","Herrmann","200047","./assoc/200047_GER.svg","./logo/52757.png","UEFA","GER","52757","FAME","Mönchengladbach","","https://img.uefa.com/imgml/TP/teams/logos/70x70/52757.png","https://img.uefa.com/imgml/TP/teams/logos/240x240/52757.png","252757","MON","DOMESTIC_MEN_TEAM_A","","DOMESTIC","Allemagne","Mönchengladbach","Borussia Mönchengladbach","MON","61","MINUTE","4","0","0","9.97","KILOMETER","30.6","KILOMETER_PER_HOUR"
"250113092","52682","25","2000-09-03","33","Williams","ENG","FULL_BACK","DEFENDER","MALE","","./image/250113092.jpg","Brandon Williams","DEFENDER","14","Williams","200039","","Angleterre","Défenseur","Brandon","Williams","Brandon Williams","B. Williams","200039","./assoc/200039_ENG.svg","./logo/52682.png","UEFA","ENG","52682","FAME","Man Utd","","https://img.uefa.com/imgml/TP/teams/logos/70x70/52682.png","https://img.uefa.com/imgml/TP/teams/logos/240x240/52682.png","252682","MUN","DOMESTIC_MEN_TEAM_A","","DOMESTIC","Angleterre","Man Utd","Manchester United","MUN","61","MINUTE","2","0","0","7.43","KILOMETER","27.9","KILOMETER_PER_HOUR"
"104584","52682","37","1988-04-28","8","Mata","ESP","ATTACKING_MIDFIELDER","MIDFIELDER","MALE","170","./image/104584.jpg","Juan Mata","FORWARD","13","Mata","122","61","Espagne","Milieu","Juan","Mata","Juan Mata","Mata","200039","./assoc/200039_ENG.svg","./logo/52682.png","UEFA","ENG","52682","FAME","Man Utd","","https://img.uefa.com/imgml/TP/teams/logos/70x70/52682.png","https://img.uefa.com/imgml/TP/teams/logos/240x240/52682.png","252682","MUN","DOMESTIC_MEN_TEAM_A","","DOMESTIC","Angleterre","Man Utd","Manchester United","MUN","61","MINUTE","1","0","0","7.88","KILOMETER","27.2","KILOMETER_PER_HOUR"
"250128149","50037","22","2003-03-26","26","Arrey-Mbi","GER","UNKNOWN","DEFENDER","MALE","","./image/250128149.jpg","Bright Arrey-Mbi","DEFENDER","4","Arrey Mbi","200047","","Allemagne","Défenseur","Bright","Arrey-Mbi","Bright Arrey-Mbi","Arrey-Mbi","200047","./assoc/200047_GER.svg","./logo/50037.png","UEFA","GER","50037","FAME","Bayern München","","https://img.uefa.com/imgml/TP/teams/logos/70x70/50037.png","https://img.uefa.com/imgml/TP/teams/logos/240x240/50037.png","250037","BAY","DOMESTIC_MEN_TEAM_A","","DOMESTIC","Allemagne","Bayern München","FC Bayern München","BAY","61","MINUTE","1","0","0","6.77","KILOMETER","30.2","KILOMETER_PER_HOUR"
"250058244","50051","27","1997-12-23","9","JOVIC","SRB","STRIKER","FORWARD","MALE","","./image/250058244.jpg","Luka Jović","FORWARD","8","Jović","147","","Serbie","Attaquant","Luka","Jović","Luka Jović","Jović","200122","./assoc/200122_ESP.svg","./logo/50051.png","UEFA","ESP","50051","FAME","Real Madrid","","https://img.uefa.com/imgml/TP/teams/logos/70x70/50051.png","https://img.uefa.com/imgml/TP/teams/logos/240x240/50051.png","250051","RMA","DOMESTIC_MEN_TEAM_A","","DOMESTIC","Espagne","Real Madrid","Real Madrid C.F.","RMA","59","MINUTE","1","0","0","6.87","KILOMETER","25.4","KILOMETER_PER_HOUR"
"250090480","52826","26","1999-01-25","38","Musaev","RUS","DEFENSIVE_MIDFIELDER","MIDFIELDER","MALE","","./image/250090480.jpg","Leon Musaev","MIDFIELDER","14","Musaev","257451","","Russie","Milieu","Leon","Musaev","Leon Musaev","Musaev","257451","./assoc/257451_RUS.svg","./logo/52826.png","UEFA","RUS","52826","FAME","Zenit","","https://img.uefa.com/imgml/TP/teams/logos/70x70/52826.png","https://img.uefa.com/imgml/TP/teams/logos/240x240/52826.png","252826","ZEN","DOMESTIC_MEN_TEAM_A","","DOMESTIC","Russie","Zenit","FC Zenit","ZEN","56","MINUTE","2","0","0","8.13","KILOMETER","30.6","KILOMETER_PER_HOUR"
"250061625","50143","31","1994-07-31","31","Klaiber","SUR","FULL_BACK","DEFENDER","MALE","","./image/250061625.jpg","Sean Klaiber","MIDFIELDER","","Klaiber","","","Suriname","Défenseur","Sean","Klaiber","Sean Klaiber","Klaiber","200095","./assoc/200095_NED.svg","./logo/50143.png","UEFA","NED","50143","FAME","Ajax","","https://img.uefa.com/imgml/TP/teams/logos/70x70/50143.png","https://img.uefa.com/imgml/TP/teams/logos/240x240/50143.png","250143","AJX","DOMESTIC_MEN_TEAM_A","","DOMESTIC","Pays-Bas","Ajax","AFC Ajax","AJX","55","MINUTE","3","0","0","8.02","KILOMETER","29.9","KILOMETER_PER_HOUR"
"1901608","52757","35","1990-04-07","24","Jantschke","GER","FULL_BACK","DEFENDER","MALE","177","./image/1901608.jpg","Tony Jantschke","DEFENDER","2","Jantschke","300047","74","Allemagne","Défenseur","Tony","Jantschke","Tony Jantschke","Jantschke","200047","./assoc/200047_GER.svg","./logo/52757.png","UEFA","GER","52757","FAME","Mönchengladbach","","https://img.uefa.com/imgml/TP/teams/logos/70x70/52757.png","https://img.uefa.com/imgml/TP/teams/logos/240x240/52757.png","252757","MON","DOMESTIC_MEN_TEAM_A","","DOMESTIC","Allemagne","Mönchengladbach","Borussia Mönchengladbach","MON","55","MINUTE","3","0","0","7.15","KILOMETER","27.9","KILOMETER_PER_HOUR"
"250101696","50030","25","2000-05-24","17","OKAFOR","SUI","WINGER","FORWARD","MALE","","./image/250101696.jpg","Noah Okafor","FORWARD","9","Okafor","128","","Suisse","Attaquant","Noah","Okafor","Noah Okafor","Okafor","200008","./assoc/200008_AUT.svg","./logo/50030.png","UEFA","AUT","50030","FAME","Salzburg","","https://img.uefa.com/imgml/TP/teams/logos/70x70/50030.png","https://img.uefa.com/imgml/TP/teams/logos/240x240/50030.png","250030","SAL","DOMESTIC_MEN_TEAM_A","","DOMESTIC","Autriche","Salzburg","FC Salzburg","SAL","54","MINUTE","4","0","0","8.17","KILOMETER","32","KILOMETER_PER_HOUR"
"250127347","50030","23","2002-01-18","27","Adeyemi","GER","STRIKER","FORWARD","MALE","","./image/250127347.jpg","Karim Adeyemi","MIDFIELDER","14","Adeyemi","47","","Allemagne","Attaquant","Karim","Adeyemi","Karim Adeyemi","Adeyemi","200008","./assoc/200008_AUT.svg","./logo/50030.png","UEFA","AUT","50030","FAME","Salzburg","","https://img.uefa.com/imgml/TP/teams/logos/70x70/50030.png","https://img.uefa.com/imgml/TP/teams/logos/240x240/50030.png","250030","SAL","DOMESTIC_MEN_TEAM_A","","DOMESTIC","Autriche","Salzburg","FC Salzburg","SAL","50","MINUTE","3","1","0","7.13","KILOMETER","31.5","KILOMETER_PER_HOUR"
"250066537","75795","28","1997-06-23","15","Kraev","BUL","UNKNOWN","MIDFIELDER","MALE","183","./image/250066537.jpg","Bozhidar Kraev","MIDFIELDER","10","B.Kraev","20","74","Bulgarie","Milieu","Bozhidar","Kraev","Bozhidar Kraev","B. Kraev","200035","./assoc/200035_DEN.svg","./logo/75795.png","UEFA","DEN","75795","FAME","Midtjylland","","https://img.uefa.com/imgml/TP/teams/logos/70x70/75795.png","https://img.uefa.com/imgml/TP/teams/logos/240x240/75795.png","275795","MID","DOMESTIC_MEN_TEAM_A","","DOMESTIC","Danemark","Midtjylland","FC Midtjylland","MID","48","MINUTE","4","0","0","7.95","KILOMETER","26.8","KILOMETER_PER_HOUR"
"250062038","75795","38","1987-02-22","26","Vibe","DEN","UNKNOWN","FORWARD","MALE","","./image/250062038.jpg","Lasse Vibe","FORWARD","23","Vibe","35","","Danemark","Attaquant","Lasse","Vibe","Lasse Vibe","Vibe","200035","./assoc/200035_DEN.svg","./logo/75795.png","UEFA","DEN","75795","FAME","Midtjylland","","https://img.uefa.com/imgml/TP/teams/logos/70x70/75795.png","https://img.uefa.com/imgml/TP/teams/logos/240x240/75795.png","275795","MID","DOMESTIC_MEN_TEAM_A","","DOMESTIC","Danemark","Midtjylland","FC Midtjylland","MID","47","MINUTE","3","0","0","7.44","KILOMETER","26.5","KILOMETER_PER_HOUR"
"250057929","50124","29","1996-07-12","9","DEMBELE","FRA","STRIKER","FORWARD","MALE","183","./image/250057929.jpg","Moussa Dembélé","FORWARD","9","DEMBELE","43","74","France","Attaquant","Moussa","Dembélé","Moussa Dembélé","Dembélé","200122","./assoc/200122_ESP.svg","./logo/50124.png","UEFA","ESP","50124","FAME","Atleti","","https://img.uefa.com/imgml/TP/teams/logos/70x70/50124.png","https://img.uefa.com/imgml/TP/teams/logos/240x240/50124.png","250124","ATM","DOMESTIC_MEN_TEAM_A","","DOMESTIC","Espagne","Atleti","Atlético de Madrid","ATM","46","MINUTE","2","0","0","5.83","KILOMETER","28.4","KILOMETER_PER_HOUR"
"250121361","50030","28","1997-10-10","18","Ashimeru","GHA","CENTRAL_MIDFIELDER","MIDFIELDER","MALE","","./image/250121361.jpg","Majeed Ashimeru","MIDFIELDER","","Ashimeru","","","Ghana","Milieu","Majeed","Ashimeru","Majeed Ashimeru","Ashimeru","200008","./assoc/200008_AUT.svg","./logo/50030.png","UEFA","AUT","50030","FAME","Salzburg","","https://img.uefa.com/imgml/TP/teams/logos/70x70/50030.png","https://img.uefa.com/imgml/TP/teams/logos/240x240/50030.png","250030","SAL","DOMESTIC_MEN_TEAM_A","","DOMESTIC","Autriche","Salzburg","FC Salzburg","SAL","45","MINUTE","2","0","0","5.5","KILOMETER","23.8","KILOMETER_PER_HOUR"
"250135265","53065","23","2001-11-04","76","Mukhin","RUS","UNKNOWN","MIDFIELDER","MALE","","./image/250135265.jpg","Maksim Mukhin","MIDFIELDER","7","Mukhin","57451","","Russie","Milieu","Maksim","Mukhin","Maksim Mukhin","Mukhin","257451","./assoc/257451_RUS.svg","./logo/53065.png","UEFA","RUS","53065","FAME","Lokomotiv Moskva","","https://img.uefa.com/imgml/TP/teams/logos/70x70/53065.png","https://img.uefa.com/imgml/TP/teams/logos/240x240/53065.png","253065","LMO","DOMESTIC_MEN_TEAM_A","","DOMESTIC","Russie","Lokomotiv Moskva","FC Lokomotiv Moskva","LMO","45","MINUTE","1","0","0","6.13","KILOMETER","29.9","KILOMETER_PER_HOUR"
"250128611","7889","22","2002-11-14","89","Koumetio","FRA","","DEFENDER","MALE","","./image/250128611.jpg","Billy Koumetio","DEFENDER","","Koumetio","","","France","Défenseur","Billy","Koumetio","Billy Koumetio","Koumetio","200039","./assoc/200039_ENG.svg","./logo/7889.png","UEFA","ENG","7889","FAME","Liverpool","","https://img.uefa.com/imgml/TP/teams/logos/70x70/7889.png","https://img.uefa.com/imgml/TP/teams/logos/240x240/7889.png","207889","LIV","DOMESTIC_MEN_TEAM_A","","DOMESTIC","Angleterre","Liverpool","Liverpool FC","LIV","45","MINUTE","1","0","0","5.01","KILOMETER","29","KILOMETER_PER_HOUR"
"250112997","50143","23","2002-02-01","9","Brobbey","NED","UNKNOWN","FORWARD","MALE","","./image/250112997.jpg","Brian Brobbey","FORWARD","9","Brobbey","95","","Pays-Bas","Attaquant","Brian","Brobbey","Brian Brobbey","Brobbey","200095","./assoc/200095_NED.svg","./logo/50143.png","UEFA","NED","50143","FAME","Ajax","","https://img.uefa.com/imgml/TP/teams/logos/70x70/50143.png","https://img.uefa.com/imgml/TP/teams/logos/240x240/50143.png","250143","AJX","DOMESTIC_MEN_TEAM_A","","DOMESTIC","Pays-Bas","Ajax","AFC Ajax","AJX","45","MINUTE","1","0","0","4.7","KILOMETER","28.8","KILOMETER_PER_HOUR"
"250042592","53065","30","1995-07-11","4","Lystsov","RUS","","DEFENDER","MALE","","./image/250042592.jpg","Vitali Lystsov","DEFENDER","5","Lystsov","257451","","Russie","Défenseur","Vitali","Lystsov","Vitali Lystsov","Lystsov","257451","./assoc/257451_RUS.svg","./logo/53065.png","UEFA","RUS","53065","FAME","Lokomotiv Moskva","","https://img.uefa.com/imgml/TP/teams/logos/70x70/53065.png","https://img.uefa.com/imgml/TP/teams/logos/240x240/53065.png","253065","LMO","DOMESTIC_MEN_TEAM_A","","DOMESTIC","Russie","Lokomotiv Moskva","FC Lokomotiv Moskva","LMO","45","MINUTE","1","0","0","4.55","KILOMETER","29.7","KILOMETER_PER_HOUR"
"250101877","75795","24","2001-04-19","18","Isaksen","DEN","WINGER","FORWARD","MALE","","./image/250101877.jpg","Gustav Isaksen","FORWARD","8","Isaksen","35","","Danemark","Attaquant","Gustav","Isaksen","Gustav Isaksen","Isaksen","200035","./assoc/200035_DEN.svg","./logo/75795.png","UEFA","DEN","75795","FAME","Midtjylland","","https://img.uefa.com/imgml/TP/teams/logos/70x70/75795.png","https://img.uefa.com/imgml/TP/teams/logos/240x240/75795.png","275795","MID","DOMESTIC_MEN_TEAM_A","","DOMESTIC","Danemark","Midtjylland","FC Midtjylland","MID","44","MINUTE","3","0","0","7.23","KILOMETER","30.2","KILOMETER_PER_HOUR"
"250090714","50030","27","1997-12-22","68","Onguene","CMR","CENTRE_BACK","DEFENDER","MALE","","./image/250090714.jpg","Jérôme Onguéné","DEFENDER","4","Onguene","23","","Cameroun","Défenseur","Jérôme","Onguéné","Jérôme Onguéné","Onguéné","200008","./assoc/200008_AUT.svg","./logo/50030.png","UEFA","AUT","50030","FAME","Salzburg","","https://img.uefa.com/imgml/TP/teams/logos/70x70/50030.png","https://img.uefa.com/imgml/TP/teams/logos/240x240/50030.png","250030","SAL","DOMESTIC_MEN_TEAM_A","","DOMESTIC","Autriche","Salzburg","FC Salzburg","SAL","43","MINUTE","4","0","0","4.93","KILOMETER","27.2","KILOMETER_PER_HOUR"
"250122208","50030","29","1996-04-14","37","Okugawa","JPN","ATTACKING_MIDFIELDER","MIDFIELDER","MALE","","./image/250122208.jpg","Masaya Okugawa","MIDFIELDER","","Okugawa","","","Japon","Milieu","Masaya","Okugawa","Masaya Okugawa","Okugawa","200008","./assoc/200008_AUT.svg","./logo/50030.png","UEFA","AUT","50030","FAME","Salzburg","","https://img.uefa.com/imgml/TP/teams/logos/70x70/50030.png","https://img.uefa.com/imgml/TP/teams/logos/240x240/50030.png","250030","SAL","DOMESTIC_MEN_TEAM_A","","DOMESTIC","Autriche","Salzburg","FC Salzburg","SAL","43","MINUTE","3","1","0","6.49","KILOMETER","28.8","KILOMETER_PER_HOUR"
"250127293","50030","23","2002-09-08","24","Sučić","CRO","CENTRAL_MIDFIELDER","MIDFIELDER","MALE","","./image/250127293.jpg","Luka Sučić","MIDFIELDER","21","Sučić","56370","","Croatie","Milieu","Luka","Sučić","Luka Sučić","L. Sučić","200008","./assoc/200008_AUT.svg","./logo/50030.png","UEFA","AUT","50030","FAME","Salzburg","","https://img.uefa.com/imgml/TP/teams/logos/70x70/50030.png","https://img.uefa.com/imgml/TP/teams/logos/240x240/50030.png","250030","SAL","DOMESTIC_MEN_TEAM_A","","DOMESTIC","Autriche","Salzburg","FC Salzburg","SAL","41","MINUTE","3","0","0","6.01","KILOMETER","30.2","KILOMETER_PER_HOUR"
"250134381","55031","32","1993-02-02","20","Tait","FRA","WINGER","FORWARD","MALE","","./image/250134381.jpg","Flavien Tait","MIDFIELDER","","Tait","","","France","Attaquant","Flavien","Tait","Flavien Tait","Tait","200043","./assoc/200043_FRA.svg","./logo/55031.png","UEFA","FRA","55031","FAME","Rennes","","https://img.uefa.com/imgml/TP/teams/logos/70x70/55031.png","https://img.uefa.com/imgml/TP/teams/logos/240x240/55031.png","255031","REN","DOMESTIC_MEN_TEAM_A","","DOMESTIC","France","Rennes","Stade Rennais FC","REN","40","MINUTE","3","0","0","7.41","KILOMETER","29.9","KILOMETER_PER_HOUR"
"250113673","2601038","25","2000-06-07","74","Spertsyan","ARM","STRIKER","MIDFIELDER","MALE","","./image/250113673.jpg","Eduard Spertsyan","MIDFIELDER","8","Spertsyan","57419","","Arménie","Milieu","Eduard","Spertsyan","Eduard Spertsyan","Spertsyan","257451","./assoc/257451_RUS.svg","./logo/2601038.png","UEFA","RUS","2601038","FAME","Krasnodar","","https://img.uefa.com/imgml/TP/teams/logos/70x70/2601038.png","https://img.uefa.com/imgml/TP/teams/logos/240x240/2601038.png","250000383","KRA","DOMESTIC_MEN_TEAM_A","","DOMESTIC","Russie","Krasnodar","FC Krasnodar","KRA","39","MINUTE","2","0","0","6.67","KILOMETER","26.3","KILOMETER_PER_HOUR"
"53931","50143","42","1983-08-12","9","Huntelaar","NED","STRIKER","FORWARD","MALE","186","./image/53931.jpg","Klaas Jan Huntelaar","FORWARD","19","Huntelaar","95","80","Pays-Bas","Attaquant","Klaas Jan","Huntelaar","Klaas Jan Huntelaar","Huntelaar","200095","./assoc/200095_NED.svg","./logo/50143.png","UEFA","NED","50143","FAME","Ajax","","https://img.uefa.com/imgml/TP/teams/logos/70x70/50143.png","https://img.uefa.com/imgml/TP/teams/logos/240x240/50143.png","250143","AJX","DOMESTIC_MEN_TEAM_A","","DOMESTIC","Pays-Bas","Ajax","AFC Ajax","AJX","38","MINUTE","3","0","0","5.36","KILOMETER","26.1","KILOMETER_PER_HOUR"
"250113671","2601038","25","2000-09-01","9","Sabua","RUS","ATTACKING_MIDFIELDER","FORWARD","MALE","","./image/250113671.jpg","Leon Sabua","MIDFIELDER","","SABUA","","","Russie","Attaquant","Leon","Sabua","Leon Sabua","Sabua","257451","./assoc/257451_RUS.svg","./logo/2601038.png","UEFA","RUS","2601038","FAME","Krasnodar","","https://img.uefa.com/imgml/TP/teams/logos/70x70/2601038.png","https://img.uefa.com/imgml/TP/teams/logos/240x240/2601038.png","250000383","KRA","DOMESTIC_MEN_TEAM_A","","DOMESTIC","Russie","Krasnodar","FC Krasnodar","KRA","37","MINUTE","2","0","0","4.49","KILOMETER","25","KILOMETER_PER_HOUR"
"250144226","52748","24","2001-01-05","33","Ake","FRA","WINGER","FORWARD","MALE","","./image/250144226.jpg","Marley Ake","MIDFIELDER","","Ake","","","France","Attaquant","Marley","Ake","Marley Ake","Ake","200043","./assoc/200043_FRA.svg","./logo/52748.png","UEFA","FRA","52748","FAME","Marseille","","https://img.uefa.com/imgml/TP/teams/logos/70x70/52748.png","https://img.uefa.com/imgml/TP/teams/logos/240x240/52748.png","252748","MAR","DOMESTIC_MEN_TEAM_A","","DOMESTIC","France","Marseille","Olympique de Marseille","MAR","36","MINUTE","4","0","0","5.87","KILOMETER","27.4","KILOMETER_PER_HOUR"
"250121492","52707","26","1999-03-01","11","Fernando","BRA","STRIKER","FORWARD","MALE","","./image/250121492.jpg","Fernando","FORWARD","","Fernando","","","Brésil","Attaquant","","Fernando","Fernando","Fernando","257166","./assoc/257166_UKR.svg","./logo/52707.png","UEFA","UKR","52707","FAME","Shakhtar","","https://img.uefa.com/imgml/TP/teams/logos/70x70/52707.png","https://img.uefa.com/imgml/TP/teams/logos/240x240/52707.png","252707","SHK","DOMESTIC_MEN_TEAM_A","","DOMESTIC","Ukraine","Shakhtar","FC Shakhtar Donetsk","SHK","36","MINUTE","2","0","0","4.65","KILOMETER","30.4","KILOMETER_PER_HOUR"
"250039656","2610","37","1987-11-25","2","Soudani","ALG","STRIKER","FORWARD","MALE","177","./image/250039656.jpg","Hilal Soudani","FORWARD","15","Soudani","3","72","Algérie","Attaquant","Hilal","Soudani","Hilal Soudani","Soudani","200049","./assoc/200049_GRE.svg","./logo/2610.png","UEFA","GRE","2610","FAME","Olympiacos","","https://img.uefa.com/imgml/TP/teams/logos/70x70/2610.png","https://img.uefa.com/imgml/TP/teams/logos/240x240/2610.png","202610","OLY","DOMESTIC_MEN_TEAM_A","","DOMESTIC","Grèce","Olympiacos","Olympiacos FC","OLY","35","MINUTE","4","0","0","5.59","KILOMETER","27.7","KILOMETER_PER_HOUR"
"250100897","52298","25","2000-06-20","18","Baturina","CRO","UNKNOWN","FORWARD","MALE","","./image/250100897.jpg","Roko Baturina","FORWARD","9","Baturina","256370","","Croatie","Attaquant","Roko","Baturina","Roko Baturina","Baturina","200057","./assoc/200057_HUN.svg","./logo/52298.png","UEFA","HUN","52298","FAME","Ferencváros","","https://img.uefa.com/imgml/TP/teams/logos/70x70/52298.png","https://img.uefa.com/imgml/TP/teams/logos/240x240/52298.png","252298","FER","DOMESTIC_MEN_TEAM_A","","DOMESTIC","Hongrie","Ferencváros","Ferencvárosi TC","FER","35","MINUTE","2","0","0","4.59","KILOMETER","28.4","KILOMETER_PER_HOUR"
"250014003","50080","31","1993-11-14","14","UMTITI","FRA","CENTRE_BACK","DEFENDER","MALE","180","./image/250014003.jpg","Samuel Umtiti","DEFENDER","5","Umtiti","43","75","France","Défenseur","Samuel","Umtiti","Samuel Umtiti","Umtiti","200122","./assoc/200122_ESP.svg","./logo/50080.png","UEFA","ESP","50080","FAME","Barcelona","","https://img.uefa.com/imgml/TP/teams/logos/70x70/50080.png","https://img.uefa.com/imgml/TP/teams/logos/240x240/50080.png","250080","BAR","DOMESTIC_MEN_TEAM_A","","DOMESTIC","Espagne","Barcelona","FC Barcelona","BAR","35","MINUTE","1","0","0","4.16","KILOMETER","25.7","KILOMETER_PER_HOUR"
"250065198","52682","27","1997-11-10","21","James","WAL","WINGER","MIDFIELDER","MALE","","./image/250065198.jpg","Daniel James","MIDFIELDER","20","D. James","144","","Pays de Galles","Milieu","Daniel","James","Daniel James","D. James","200039","./assoc/200039_ENG.svg","./logo/52682.png","UEFA","ENG","52682","FAME","Man Utd","","https://img.uefa.com/imgml/TP/teams/logos/70x70/52682.png","https://img.uefa.com/imgml/TP/teams/logos/240x240/52682.png","252682","MUN","DOMESTIC_MEN_TEAM_A","","DOMESTIC","Angleterre","Man Utd","Manchester United","MUN","33","MINUTE","2","1","0","4.76","KILOMETER","31","KILOMETER_PER_HOUR"
"250134659","52758","20","2004-11-20","9","Youssoufa","GER","UNKNOWN","FORWARD","MALE","","./image/250134659.jpg","Youssoufa Moukoko","FORWARD","9","Moukoko","47","","Allemagne","Attaquant","Youssoufa","Moukoko","Youssoufa Moukoko","Moukoko","200047","./assoc/200047_GER.svg","./logo/52758.png","UEFA","GER","52758","FAME","B. Dortmund","","https://img.uefa.com/imgml/TP/teams/logos/70x70/52758.png","https://img.uefa.com/imgml/TP/teams/logos/240x240/52758.png","252758","BVB","DOMESTIC_MEN_TEAM_A","","DOMESTIC","Allemagne","B. Dortmund","Borussia Dortmund","BVB","33","MINUTE","1","0","0","4.17","KILOMETER","29.2","KILOMETER_PER_HOUR"
"250138912","50043","23","2001-12-20","27","Badji","SEN","STRIKER","FORWARD","MALE","","./image/250138912.jpg","Youssouph Badji","FORWARD","","Badji","","","Sénégal","Attaquant","Youssouph","Badji","Youssouph Badji","Badji","200013","./assoc/200013_BEL.svg","./logo/50043.png","UEFA","BEL","50043","FAME","Club Brugge","","https://img.uefa.com/imgml/TP/teams/logos/70x70/50043.png","https://img.uefa.com/imgml/TP/teams/logos/240x240/50043.png","250043","BRU","DOMESTIC_MEN_TEAM_A","","DOMESTIC","Belgique","Club Brugge","Club Brugge KV","BRU","32","MINUTE","2","0","0","4.82","KILOMETER","30.2","KILOMETER_PER_HOUR"
"250147322","50124","29","1996-02-10","","","URU","","MIDFIELDER","","","./image/250147322.jpg","Lucas Torreira","","","","","","Uruguay","Milieu","Lucas","Torreira","Lucas Torreira","Torreira","200122","./assoc/200122_ESP.svg","./logo/50124.png","UEFA","ESP","50124","FAME","Atleti","","https://img.uefa.com/imgml/TP/teams/logos/70x70/50124.png","https://img.uefa.com/imgml/TP/teams/logos/240x240/50124.png","250124","ATM","DOMESTIC_MEN_TEAM_A","","DOMESTIC","Espagne","Atleti","Atlético de Madrid","ATM","31","MINUTE","3","0","0","5.12","KILOMETER","24.7","KILOMETER_PER_HOUR"
"250127137","52826","23","2002-06-22","92","Shamkin","RUS","ATTACKING_MIDFIELDER","FORWARD","MALE","","./image/250127137.jpg","Daniil Shamkin","MIDFIELDER","8","Shamkin","457451","","Russie","Attaquant","Daniil","Shamkin","Daniil Shamkin","Shamkin","257451","./assoc/257451_RUS.svg","./logo/52826.png","UEFA","RUS","52826","FAME","Zenit","","https://img.uefa.com/imgml/TP/teams/logos/70x70/52826.png","https://img.uefa.com/imgml/TP/teams/logos/240x240/52826.png","252826","ZEN","DOMESTIC_MEN_TEAM_A","","DOMESTIC","Russie","Zenit","FC Zenit","ZEN","31","MINUTE","2","0","0","5.19","KILOMETER","27.2","KILOMETER_PER_HOUR"
"250064469","50051","29","1995-12-14","2","Odriozola","ESP","FULL_BACK","DEFENDER","MALE","","./image/250064469.jpg","Álvaro Odriozola","DEFENDER","21","Odriozola","122","","Espagne","Défenseur","Álvaro","Odriozola","Álvaro Odriozola","Odriozola","200122","./assoc/200122_ESP.svg","./logo/50051.png","UEFA","ESP","50051","FAME","Real Madrid","","https://img.uefa.com/imgml/TP/teams/logos/70x70/50051.png","https://img.uefa.com/imgml/TP/teams/logos/240x240/50051.png","250051","RMA","DOMESTIC_MEN_TEAM_A","","DOMESTIC","Espagne","Real Madrid","Real Madrid C.F.","RMA","31","MINUTE","2","0","0","4.74","KILOMETER","27.4","KILOMETER_PER_HOUR"
"250016095","52973","35","1990-08-26","22","Musacchio","ARG","CENTRE_BACK","DEFENDER","MALE","180","./image/250016095.jpg","Mateo Musacchio","DEFENDER","","Musacchio","","73","Argentine","Défenseur","Mateo","Musacchio","Mateo Musacchio","Musacchio","200066","./assoc/200066_ITA.svg","./logo/52973.png","UEFA","ITA","52973","FAME","Lazio","","https://img.uefa.com/imgml/TP/teams/logos/70x70/52973.png","https://img.uefa.com/imgml/TP/teams/logos/240x240/52973.png","252973","LAZ","DOMESTIC_MEN_TEAM_A","","DOMESTIC","Italie","Lazio","S.S. Lazio","LAZ","31","MINUTE","1","0","0","3.21","KILOMETER","29.2","KILOMETER_PER_HOUR"
"250062154","50124","35","1989-11-02","20","VITOLO","ESP","WINGER","MIDFIELDER","MALE","183","./image/250062154.jpg","Vitolo","MIDFIELDER","11","Vitolo","122","79","Espagne","Milieu","","Vitolo","Vitolo","Vitolo","200122","./assoc/200122_ESP.svg","./logo/50124.png","UEFA","ESP","50124","FAME","Atleti","","https://img.uefa.com/imgml/TP/teams/logos/70x70/50124.png","https://img.uefa.com/imgml/TP/teams/logos/240x240/50124.png","250124","ATM","DOMESTIC_MEN_TEAM_A","","DOMESTIC","Espagne","Atleti","Atlético de Madrid","ATM","30","MINUTE","3","0","0","4.8","KILOMETER","27.7","KILOMETER_PER_HOUR"
"250112325","50051","24","2001-09-30","33","Arribas","ESP","UNKNOWN","MIDFIELDER","MALE","","./image/250112325.jpg","Sergio Arribas","MIDFIELDER","","Arribas","","","Espagne","Milieu","Sergio","Arribas","Sergio Arribas","Arribas","200122","./assoc/200122_ESP.svg","./logo/50051.png","UEFA","ESP","50051","FAME","Real Madrid","","https://img.uefa.com/imgml/TP/teams/logos/70x70/50051.png","https://img.uefa.com/imgml/TP/teams/logos/240x240/50051.png","250051","RMA","DOMESTIC_MEN_TEAM_A","","DOMESTIC","Espagne","Real Madrid","Real Madrid C.F.","RMA","30","MINUTE","2","0","0","4.19","KILOMETER","26.8","KILOMETER_PER_HOUR"
"250052480","2600288","36","1989-04-27","80","JR. CAIÇARA","BRA","FULL_BACK","DEFENDER","MALE","172","./image/250052480.jpg","Júnior Caiçara","DEFENDER","","Paula Junior","","70","Brésil","Défenseur","","Júnior Caiçara","Júnior Caiçara","Júnior Caiçara","200135","./assoc/200135_TUR.svg","./logo/2600288.png","UEFA","TUR","2600288","FAME","Başakşehir","","https://img.uefa.com/imgml/TP/teams/logos/70x70/2600288.png","https://img.uefa.com/imgml/TP/teams/logos/240x240/2600288.png","1500091","IST","DOMESTIC_MEN_TEAM_A","","DOMESTIC","Turquie","Başakşehir","İstanbul Başakşehir FK","IST","30","MINUTE","1","0","0","3.27","KILOMETER","26.8","KILOMETER_PER_HOUR"
"250091870","52723","27","1998-04-07","30","Liedniev","UKR","WINGER","MIDFIELDER","MALE","","./image/250091870.jpg","Bogdan Lednev","MIDFIELDER","17","Liedniev","57166","","Ukraine","Milieu","Bogdan","Lednev","Bogdan Lednev","Lednev","257166","./assoc/257166_UKR.svg","./logo/52723.png","UEFA","UKR","52723","FAME","Dynamo Kyiv","","https://img.uefa.com/imgml/TP/teams/logos/70x70/52723.png","https://img.uefa.com/imgml/TP/teams/logos/240x240/52723.png","252723","DKY","DOMESTIC_MEN_TEAM_A","","DOMESTIC","Ukraine","Dynamo Kyiv","FC Dynamo Kyiv","DKY","29","MINUTE","4","0","0","5.29","KILOMETER","28.6","KILOMETER_PER_HOUR"
"250005342","52748","35","1990-02-13","6","Strootman","NED","CENTRAL_MIDFIELDER","MIDFIELDER","MALE","186","./image/250005342.jpg","Kevin Strootman","MIDFIELDER","16","Strootman","95","78","Pays-Bas","Milieu","Kevin","Strootman","Kevin Strootman","Strootman","200043","./assoc/200043_FRA.svg","./logo/52748.png","UEFA","FRA","52748","FAME","Marseille","","https://img.uefa.com/imgml/TP/teams/logos/70x70/52748.png","https://img.uefa.com/imgml/TP/teams/logos/240x240/52748.png","252748","MAR","DOMESTIC_MEN_TEAM_A","","DOMESTIC","France","Marseille","Olympique de Marseille","MAR","28","MINUTE","3","0","0","5.06","KILOMETER","27.4","KILOMETER_PER_HOUR"
"250021048","7889","32","1993-08-15","15","CHAMBERLAIN","ENG","WINGER","MIDFIELDER","MALE","180","./image/250021048.jpg","Alex Oxlade-Chamberlain","MIDFIELDER","15","Chamberlain","39","70","Angleterre","Milieu","Alex","Oxlade-Chamberlain","Alex Oxlade-Chamberlain","Oxlade-Chamberlain","200039","./assoc/200039_ENG.svg","./logo/7889.png","UEFA","ENG","7889","FAME","Liverpool","","https://img.uefa.com/imgml/TP/teams/logos/70x70/7889.png","https://img.uefa.com/imgml/TP/teams/logos/240x240/7889.png","207889","LIV","DOMESTIC_MEN_TEAM_A","","DOMESTIC","Angleterre","Liverpool","Liverpool FC","LIV","27","MINUTE","3","0","0","5.13","KILOMETER","30.8","KILOMETER_PER_HOUR"
"250079052","52682","27","1998-01-02","24","Fosu-Mensah","NED","FULL_BACK","DEFENDER","MALE","177","./image/250079052.jpg","Timothy Fosu-Mensah","DEFENDER","3","Fosu-Mensah","95","77","Pays-Bas","Défenseur","Timothy","Fosu-Mensah","Timothy Fosu-Mensah","Fosu-Mensah","200039","./assoc/200039_ENG.svg","./logo/52682.png","UEFA","ENG","52682","FAME","Man Utd","","https://img.uefa.com/imgml/TP/teams/logos/70x70/52682.png","https://img.uefa.com/imgml/TP/teams/logos/240x240/52682.png","252682","MUN","DOMESTIC_MEN_TEAM_A","","DOMESTIC","Angleterre","Man Utd","Manchester United","MUN","27","MINUTE","2","0","0","3.53","KILOMETER","31.5","KILOMETER_PER_HOUR"
"250073816","2610","32","1993-03-05","9","A. Hassan","EGY","STRIKER","FORWARD","MALE","191","./image/250073816.jpg","Koka","FORWARD","","A. HASSAN","38","85","Égypte","Attaquant","","Koka","Koka","Koka","200049","./assoc/200049_GRE.svg","./logo/2610.png","UEFA","GRE","2610","FAME","Olympiacos","","https://img.uefa.com/imgml/TP/teams/logos/70x70/2610.png","https://img.uefa.com/imgml/TP/teams/logos/240x240/2610.png","202610","OLY","DOMESTIC_MEN_TEAM_A","","DOMESTIC","Grèce","Olympiacos","Olympiacos FC","OLY","26","MINUTE","3","1","0","4.58","KILOMETER","25.4","KILOMETER_PER_HOUR"
"250132813","50043","28","1997-08-29","21","D. Okereke","NGA","STRIKER","FORWARD","MALE","","./image/250132813.jpg","David Okereke","FORWARD","","Okereke","","","Nigeria","Attaquant","David","Okereke","David Okereke","Okereke","200013","./assoc/200013_BEL.svg","./logo/50043.png","UEFA","BEL","50043","FAME","Club Brugge","","https://img.uefa.com/imgml/TP/teams/logos/70x70/50043.png","https://img.uefa.com/imgml/TP/teams/logos/240x240/50043.png","250043","BRU","DOMESTIC_MEN_TEAM_A","","DOMESTIC","Belgique","Club Brugge","Club Brugge KV","BRU","25","MINUTE","3","0","0","4.42","KILOMETER","29.2","KILOMETER_PER_HOUR"
"250001818","52757","37","1988-04-21","16","Traoré","GNB","ATTACKING_MIDFIELDER","MIDFIELDER","MALE","172","./image/250001818.jpg","Ibrahima Traoré","MIDFIELDER","","Traoré","200043","61","Guinée-Bissau","Milieu","Ibrahima","Traoré","Ibrahima Traoré","Traoré","200047","./assoc/200047_GER.svg","./logo/52757.png","UEFA","GER","52757","FAME","Mönchengladbach","","https://img.uefa.com/imgml/TP/teams/logos/70x70/52757.png","https://img.uefa.com/imgml/TP/teams/logos/240x240/52757.png","252757","MON","DOMESTIC_MEN_TEAM_A","","DOMESTIC","Allemagne","Mönchengladbach","Borussia Mönchengladbach","MON","24","MINUTE","3","0","0","4.44","KILOMETER","30.8","KILOMETER_PER_HOUR"
"1905916","2601038","39","1985-12-11","9","Ari","RUS","STRIKER","FORWARD","MALE","179","./image/1905916.jpg","Ari","FORWARD","26","Ari","57451","84","Russie","Attaquant","","Ari","Ari","Ari","257451","./assoc/257451_RUS.svg","./logo/2601038.png","UEFA","RUS","2601038","FAME","Krasnodar","","https://img.uefa.com/imgml/TP/teams/logos/70x70/2601038.png","https://img.uefa.com/imgml/TP/teams/logos/240x240/2601038.png","250000383","KRA","DOMESTIC_MEN_TEAM_A","","DOMESTIC","Russie","Krasnodar","FC Krasnodar","KRA","24","MINUTE","2","0","0","3.28","KILOMETER","28.4","KILOMETER_PER_HOUR"
"250042616","50043","29","1996-07-18","16","Schrijvers","BEL","ATTACKING_MIDFIELDER","MIDFIELDER","MALE","","./image/250042616.jpg","Siebe Schrijvers","MIDFIELDER","10","Schrijvers","200013","","Belgique","Milieu","Siebe","Schrijvers","Siebe Schrijvers","Schrijvers","200013","./assoc/200013_BEL.svg","./logo/50043.png","UEFA","BEL","50043","FAME","Club Brugge","","https://img.uefa.com/imgml/TP/teams/logos/70x70/50043.png","https://img.uefa.com/imgml/TP/teams/logos/240x240/50043.png","250043","BRU","DOMESTIC_MEN_TEAM_A","","DOMESTIC","Belgique","Club Brugge","Club Brugge KV","BRU","23","MINUTE","3","0","0","4.51","KILOMETER","26.5","KILOMETER_PER_HOUR"
"250109372","52973","24","2001-07-08","6","Czyż","POL","UNKNOWN","MIDFIELDER","MALE","","./image/250109372.jpg","Szymon Czyż","MIDFIELDER","16","Czyz","200109","","Pologne","Milieu","Szymon","Czyż","Szymon Czyż","Czyż","200066","./assoc/200066_ITA.svg","./logo/52973.png","UEFA","ITA","52973","FAME","Lazio","","https://img.uefa.com/imgml/TP/teams/logos/70x70/52973.png","https://img.uefa.com/imgml/TP/teams/logos/240x240/52973.png","252973","LAZ","DOMESTIC_MEN_TEAM_A","","DOMESTIC","Italie","Lazio","S.S. Lazio","LAZ","22","MINUTE","1","0","0","3.14","KILOMETER","30.2","KILOMETER_PER_HOUR"
"250121405","52816","23","2002-07-11","16","Amad","CIV","WINGER","FORWARD","MALE","","./image/250121405.jpg","Amad Diallo","MIDFIELDER","","TRAORE","","","Côte d'Ivoire","Attaquant","Amad","Diallo","Amad Diallo","Diallo","200066","./assoc/200066_ITA.svg","./logo/52816.png","UEFA","ITA","52816","FAME","Atalanta","","https://img.uefa.com/imgml/TP/teams/logos/70x70/52816.png","https://img.uefa.com/imgml/TP/teams/logos/240x240/52816.png","252816","ATA","DOMESTIC_MEN_TEAM_A","","DOMESTIC","Italie","Atalanta","Atalanta BC","ATA","22","MINUTE","1","0","0","3.1","KILOMETER","29.9","KILOMETER_PER_HOUR"
"250083244","52816","29","1995-10-17","59","Miranchuk","RUS","ATTACKING_MIDFIELDER","FORWARD","MALE","182","./image/250083244.jpg","Aleksei Miranchuk","FORWARD","11","Miranchuk","57451","74","Russie","Attaquant","Aleksei","Miranchuk","Aleksei Miranchuk","Al. Miranchuk","200066","./assoc/200066_ITA.svg","./logo/52816.png","UEFA","ITA","52816","FAME","Atalanta","","https://img.uefa.com/imgml/TP/teams/logos/70x70/52816.png","https://img.uefa.com/imgml/TP/teams/logos/240x240/52816.png","252816","ATA","DOMESTIC_MEN_TEAM_A","","DOMESTIC","Italie","Atalanta","Atalanta BC","ATA","21","MINUTE","3","1","0","4.18","KILOMETER","25.7","KILOMETER_PER_HOUR"
"250089224","2610","26","1999-04-09","19","Vinagre","POR","FULL_BACK","DEFENDER","MALE","","./image/250089224.jpg","Rúben Vinagre","DEFENDER","5","RÚBEN VINAGRE","200110","","Portugal","Défenseur","","Rúben Vinagre","Rúben Vinagre","Rúben Vinagre","200049","./assoc/200049_GRE.svg","./logo/2610.png","UEFA","GRE","2610","FAME","Olympiacos","","https://img.uefa.com/imgml/TP/teams/logos/70x70/2610.png","https://img.uefa.com/imgml/TP/teams/logos/240x240/2610.png","202610","OLY","DOMESTIC_MEN_TEAM_A","","DOMESTIC","Grèce","Olympiacos","Olympiacos FC","OLY","21","MINUTE","2","0","0","2.85","KILOMETER","28.4","KILOMETER_PER_HOUR"
"250119107","50139","23","2002-02-03","6","Dragusin","ROU","UNKNOWN","DEFENDER","MALE","","./image/250119107.jpg","Radu Drăgușin","DEFENDER","3","Drăgușin","113","","Roumanie","Défenseur","Radu","Drăgușin","Radu Drăgușin","Drăgușin","200066","./assoc/200066_ITA.svg","./logo/50139.png","UEFA","ITA","50139","FAME","Juventus","","https://img.uefa.com/imgml/TP/teams/logos/70x70/50139.png","https://img.uefa.com/imgml/TP/teams/logos/240x240/50139.png","250139","JUV","DOMESTIC_MEN_TEAM_A","","DOMESTIC","Italie","Juventus","Juventus","JUV","21","MINUTE","1","0","0","3.17","KILOMETER","24.3","KILOMETER_PER_HOUR"
"250118966","55031","23","2002-04-20","33","Georginio","FRA","STRIKER","FORWARD","MALE","","./image/250118966.jpg","Georginio Rutter","FORWARD","21","RUTTER","200043","","France","Attaquant","Georginio","Rutter","Georginio Rutter","Rutter","200043","./assoc/200043_FRA.svg","./logo/55031.png","UEFA","FRA","55031","FAME","Rennes","","https://img.uefa.com/imgml/TP/teams/logos/70x70/55031.png","https://img.uefa.com/imgml/TP/teams/logos/240x240/55031.png","255031","REN","DOMESTIC_MEN_TEAM_A","","DOMESTIC","France","Rennes","Stade Rennais FC","REN","20","MINUTE","1","1","0","2.71","KILOMETER","26.1","KILOMETER_PER_HOUR"
"250147314","75795","29","1996-08-20","33","Pfeiffer","GER","UNKNOWN","FORWARD","MALE","","./image/250147314.jpg","Luca Pfeiffer","FORWARD","","Pfeiffer","","","Allemagne","Attaquant","Luca","Pfeiffer","Luca Pfeiffer","Pfeiffer","200035","./assoc/200035_DEN.svg","./logo/75795.png","UEFA","DEN","75795","FAME","Midtjylland","","https://img.uefa.com/imgml/TP/teams/logos/70x70/75795.png","https://img.uefa.com/imgml/TP/teams/logos/240x240/75795.png","275795","MID","DOMESTIC_MEN_TEAM_A","","DOMESTIC","Danemark","Midtjylland","FC Midtjylland","MID","19","MINUTE","3","0","0","3.93","KILOMETER","25.4","KILOMETER_PER_HOUR"
"250087431","52758","26","1999-06-03","23","Zagadou","FRA","FULL_BACK","DEFENDER","MALE","","./image/250087431.jpg","Dan-Axel Zagadou","DEFENDER","3","Zagadou","200043","","France","Défenseur","Dan-Axel","Zagadou","Dan-Axel Zagadou","Zagadou","200047","./assoc/200047_GER.svg","./logo/52758.png","UEFA","GER","52758","FAME","B. Dortmund","","https://img.uefa.com/imgml/TP/teams/logos/70x70/52758.png","https://img.uefa.com/imgml/TP/teams/logos/240x240/52758.png","252758","BVB","DOMESTIC_MEN_TEAM_A","","DOMESTIC","Allemagne","B. Dortmund","Borussia Dortmund","BVB","19","MINUTE","2","0","0","3.31","KILOMETER","27.7","KILOMETER_PER_HOUR"
"250112217","50037","24","2001-04-04","6","Stiller","GER","","MIDFIELDER","MALE","","./image/250112217.jpg","Angelo Stiller","MIDFIELDER","16","Stiller","47","","Allemagne","Milieu","Angelo","Stiller","Angelo Stiller","Stiller","200047","./assoc/200047_GER.svg","./logo/50037.png","UEFA","GER","50037","FAME","Bayern München","","https://img.uefa.com/imgml/TP/teams/logos/70x70/50037.png","https://img.uefa.com/imgml/TP/teams/logos/240x240/50037.png","250037","BAY","DOMESTIC_MEN_TEAM_A","","DOMESTIC","Allemagne","Bayern München","FC Bayern München","BAY","19","MINUTE","2","0","0","3.1","KILOMETER","24.3","KILOMETER_PER_HOUR"
"250138836","52758","23","2002-01-19","20","Jesus Carvalho","BRA","ATTACKING_MIDFIELDER","FORWARD","MALE","","./image/250138836.jpg","Reinier","MIDFIELDER","","Carvalho","","","Brésil","Attaquant","","Reinier","Reinier","Reinier","200047","./assoc/200047_GER.svg","./logo/52758.png","UEFA","GER","52758","FAME","B. Dortmund","","https://img.uefa.com/imgml/TP/teams/logos/70x70/52758.png","https://img.uefa.com/imgml/TP/teams/logos/240x240/52758.png","252758","BVB","DOMESTIC_MEN_TEAM_A","","DOMESTIC","Allemagne","B. Dortmund","Borussia Dortmund","BVB","18","MINUTE","2","0","0","3.32","KILOMETER","24.1","KILOMETER_PER_HOUR"
"250117470","50080","24","2001-07-16","23","Konrad","USA","UNKNOWN","FORWARD","MALE","","./image/250117470.jpg","Konrad De La Fuente","FORWARD","","","140","","Etats-Unis","Attaquant","Konrad","De La Fuente","Konrad De La Fuente","De La Fuente","200122","./assoc/200122_ESP.svg","./logo/50080.png","UEFA","ESP","50080","FAME","Barcelona","","https://img.uefa.com/imgml/TP/teams/logos/70x70/50080.png","https://img.uefa.com/imgml/TP/teams/logos/240x240/50080.png","250080","BAR","DOMESTIC_MEN_TEAM_A","","DOMESTIC","Espagne","Barcelona","FC Barcelona","BAR","17","MINUTE","2","0","0","3.15","KILOMETER","27.9","KILOMETER_PER_HOUR"
"250144212","50080","27","1998-06-30","19","Matheus","BRA","UNKNOWN","MIDFIELDER","MALE","","./image/250144212.jpg","Matheus Fernandes","MIDFIELDER","","Matheus","","","Brésil","Milieu","","Matheus Fernandes","Matheus Fernandes","Matheus Fernandes","200122","./assoc/200122_ESP.svg","./logo/50080.png","UEFA","ESP","50080","FAME","Barcelona","","https://img.uefa.com/imgml/TP/teams/logos/70x70/50080.png","https://img.uefa.com/imgml/TP/teams/logos/240x240/50080.png","250080","BAR","DOMESTIC_MEN_TEAM_A","","DOMESTIC","Espagne","Barcelona","FC Barcelona","BAR","17","MINUTE","1","0","0","2.63","KILOMETER","21.6","KILOMETER_PER_HOUR"
"250024963","55031","31","1994-07-29","24","Rugani","ITA","CENTRE_BACK","DEFENDER","MALE","190","./image/250024963.jpg","Daniele Rugani","DEFENDER","15","Rugani","66","82","Italie","Défenseur","Daniele","Rugani","Daniele Rugani","Rugani","200043","./assoc/200043_FRA.svg","./logo/55031.png","UEFA","FRA","55031","FAME","Rennes","","https://img.uefa.com/imgml/TP/teams/logos/70x70/55031.png","https://img.uefa.com/imgml/TP/teams/logos/240x240/55031.png","255031","REN","DOMESTIC_MEN_TEAM_A","","DOMESTIC","France","Rennes","Stade Rennais FC","REN","17","MINUTE","1","0","0","1.69","KILOMETER","23.6","KILOMETER_PER_HOUR"
"250065028","52757","28","1997-09-09","22","Bénes","SVK","ATTACKING_MIDFIELDER","MIDFIELDER","MALE","181","./image/250065028.jpg","László Bénes","MIDFIELDER","10","Bénes","58836","72","Slovaquie","Milieu","László","Bénes","László Bénes","Bénes","200047","./assoc/200047_GER.svg","./logo/52757.png","UEFA","GER","52757","FAME","Mönchengladbach","","https://img.uefa.com/imgml/TP/teams/logos/70x70/52757.png","https://img.uefa.com/imgml/TP/teams/logos/240x240/52757.png","252757","MON","DOMESTIC_MEN_TEAM_A","","DOMESTIC","Allemagne","Mönchengladbach","Borussia Mönchengladbach","MON","14","MINUTE","2","0","0","2.7","KILOMETER","25.6","KILOMETER_PER_HOUR"
"250140725","50139","26","1999-06-24","38","Frabotta","ITA","UNKNOWN","DEFENDER","MALE","","./image/250140725.jpg","Gianluca Frabotta","DEFENDER","3","Frabotta","200066","","Italie","Défenseur","Gianluca","Frabotta","Gianluca Frabotta","Frabotta","200066","./assoc/200066_ITA.svg","./logo/50139.png","UEFA","ITA","50139","FAME","Juventus","","https://img.uefa.com/imgml/TP/teams/logos/70x70/50139.png","https://img.uefa.com/imgml/TP/teams/logos/240x240/50139.png","250139","JUV","DOMESTIC_MEN_TEAM_A","","DOMESTIC","Italie","Juventus","Juventus","JUV","14","MINUTE","1","0","0","2.46","KILOMETER","26.1","KILOMETER_PER_HOUR"
"250126849","53065","24","2001-04-11","20","Iosifov","RUS","UNKNOWN","MIDFIELDER","MALE","","./image/250126849.jpg","Nikita Iosifov","MIDFIELDER","16","Iosifov","257451","","Russie","Milieu","Nikita","Iosifov","Nikita Iosifov","Iosifov","257451","./assoc/257451_RUS.svg","./logo/53065.png","UEFA","RUS","53065","FAME","Lokomotiv Moskva","","https://img.uefa.com/imgml/TP/teams/logos/70x70/53065.png","https://img.uefa.com/imgml/TP/teams/logos/240x240/53065.png","253065","LMO","DOMESTIC_MEN_TEAM_A","","DOMESTIC","Russie","Lokomotiv Moskva","FC Lokomotiv Moskva","LMO","14","MINUTE","1","0","0","2.27","KILOMETER","31.3","KILOMETER_PER_HOUR"
"250136453","50051","25","1999-11-10","34","HUGO DURO","ESP","STRIKER","FORWARD","MALE","","./image/250136453.jpg","Hugo Duro","FORWARD","14","Duro","200122","","Espagne","Attaquant","","Hugo Duro","Hugo Duro","Hugo Duro","200122","./assoc/200122_ESP.svg","./logo/50051.png","UEFA","ESP","50051","FAME","Real Madrid","","https://img.uefa.com/imgml/TP/teams/logos/70x70/50051.png","https://img.uefa.com/imgml/TP/teams/logos/240x240/50051.png","250051","RMA","DOMESTIC_MEN_TEAM_A","","DOMESTIC","Espagne","Real Madrid","Real Madrid C.F.","RMA","14","MINUTE","1","0","0","2.21","KILOMETER","27","KILOMETER_PER_HOUR"
"108529","2601038","35","1990-01-01","77","Kambolov","RUS","DEFENSIVE_MIDFIELDER","MIDFIELDER","MALE","","./image/108529.jpg","Ruslan Kambolov","MIDFIELDER","10","Kambolov","57451","","Russie","Milieu","Ruslan","Kambolov","Ruslan Kambolov","Kambolov","257451","./assoc/257451_RUS.svg","./logo/2601038.png","UEFA","RUS","2601038","FAME","Krasnodar","","https://img.uefa.com/imgml/TP/teams/logos/70x70/2601038.png","https://img.uefa.com/imgml/TP/teams/logos/240x240/2601038.png","250000383","KRA","DOMESTIC_MEN_TEAM_A","","DOMESTIC","Russie","Krasnodar","FC Krasnodar","KRA","13","MINUTE","2","0","0","2.98","KILOMETER","25.4","KILOMETER_PER_HOUR"
"250127239","52816","23","2002-07-11","3","RUGGERI","ITA","UNKNOWN","DEFENDER","MALE","","./image/250127239.jpg","Matteo Ruggeri","DEFENDER","15","Ruggeri","66","","Italie","Défenseur","Matteo","Ruggeri","Matteo Ruggeri","Ruggeri","200066","./assoc/200066_ITA.svg","./logo/52816.png","UEFA","ITA","52816","FAME","Atalanta","","https://img.uefa.com/imgml/TP/teams/logos/70x70/52816.png","https://img.uefa.com/imgml/TP/teams/logos/240x240/52816.png","252816","ATA","DOMESTIC_MEN_TEAM_A","","DOMESTIC","Italie","Atalanta","Atalanta BC","ATA","13","MINUTE","2","0","0","2.64","KILOMETER","26.8","KILOMETER_PER_HOUR"
"250099650","50138","30","1995-08-05","12","Sensi","ITA","CENTRAL_MIDFIELDER","MIDFIELDER","MALE","","./image/250099650.jpg","Stefano Sensi","MIDFIELDER","12","Sensi","66","","Italie","Milieu","Stefano","Sensi","Stefano Sensi","Sensi","200066","./assoc/200066_ITA.svg","./logo/50138.png","UEFA","ITA","50138","FAME","Inter","","https://img.uefa.com/imgml/TP/teams/logos/70x70/50138.png","https://img.uefa.com/imgml/TP/teams/logos/240x240/50138.png","250138","INT","DOMESTIC_MEN_TEAM_A","","DOMESTIC","Italie","Inter","FC Internazionale Milano","INT","12","MINUTE","1","0","0","2.26","KILOMETER","24.5","KILOMETER_PER_HOUR"
"250123954","50080","22","2003-01-19","6","MORIBA","GUI","","MIDFIELDER","MALE","","./image/250123954.jpg","Ilaix Moriba","MIDFIELDER","14","Kourouma Kourouma","400122","","Guinée","Milieu","Ilaix","Moriba","Ilaix Moriba","Moriba","200122","./assoc/200122_ESP.svg","./logo/50080.png","UEFA","ESP","50080","FAME","Barcelona","","https://img.uefa.com/imgml/TP/teams/logos/70x70/50080.png","https://img.uefa.com/imgml/TP/teams/logos/240x240/50080.png","250080","BAR","DOMESTIC_MEN_TEAM_A","","DOMESTIC","Espagne","Barcelona","FC Barcelona","BAR","11","MINUTE","1","0","0","1.93","KILOMETER","26.6","KILOMETER_PER_HOUR"
"250106965","50124","24","2001-02-10","27","Camello Perez","ESP","UNKNOWN","FORWARD","MALE","","./image/250106965.jpg","Sergio Camello","FORWARD","21","CAMELLO","200122","","Espagne","Attaquant","Sergio","Camello","Sergio Camello","Camello","200122","./assoc/200122_ESP.svg","./logo/50124.png","UEFA","ESP","50124","FAME","Atleti","","https://img.uefa.com/imgml/TP/teams/logos/70x70/50124.png","https://img.uefa.com/imgml/TP/teams/logos/240x240/50124.png","250124","ATM","DOMESTIC_MEN_TEAM_A","","DOMESTIC","Espagne","Atleti","Atlético de Madrid","ATM","10","MINUTE","1","0","0","1.53","KILOMETER","29.9","KILOMETER_PER_HOUR"
"250124026","52747","23","2002-09-09","29","Pembele","FRA","UNKNOWN","DEFENDER","MALE","","./image/250124026.jpg","Timothee Pembele","DEFENDER","3","Pembele","400043","","France","Défenseur","Timothee","Pembele","Timothee Pembele","Pembele","200043","./assoc/200043_FRA.svg","./logo/52747.png","UEFA","FRA","52747","FAME","Paris","","https://img.uefa.com/imgml/TP/teams/logos/70x70/52747.png","https://img.uefa.com/imgml/TP/teams/logos/240x240/52747.png","252747","PSG","DOMESTIC_MEN_TEAM_A","","DOMESTIC","France","Paris","Paris Saint-Germain","PSG","10","MINUTE","1","0","0","1.39","KILOMETER","27.2","KILOMETER_PER_HOUR"
"250137454","2600288","24","2001-01-12","75","EMRE","TUR","FULL_BACK","DEFENDER","MALE","","./image/250137454.jpg","Emre Kaplan","DEFENDER","3","Kaplan","200135","","Turquie","Défenseur","","Emre Kaplan","Emre Kaplan","Emre Kaplan","200135","./assoc/200135_TUR.svg","./logo/2600288.png","UEFA","TUR","2600288","FAME","Başakşehir","","https://img.uefa.com/imgml/TP/teams/logos/70x70/2600288.png","https://img.uefa.com/imgml/TP/teams/logos/240x240/2600288.png","1500091","IST","DOMESTIC_MEN_TEAM_A","","DOMESTIC","Turquie","Başakşehir","İstanbul Başakşehir FK","IST","10","MINUTE","1","0","0","1.3","KILOMETER","28.4","KILOMETER_PER_HOUR"
"250153353","52758","27","1998-07-31","21","Tigges","GER","STRIKER","FORWARD","MALE","","./image/250153353.jpg","Steffen Tigges","FORWARD","","Tigges","","","Allemagne","Attaquant","Steffen","Tigges","Steffen Tigges","Tigges","200047","./assoc/200047_GER.svg","./logo/52758.png","UEFA","GER","52758","FAME","B. Dortmund","","https://img.uefa.com/imgml/TP/teams/logos/70x70/52758.png","https://img.uefa.com/imgml/TP/teams/logos/240x240/52758.png","252758","BVB","DOMESTIC_MEN_TEAM_A","","DOMESTIC","Allemagne","B. Dortmund","Borussia Dortmund","BVB","9","MINUTE","1","0","0","1.85","KILOMETER","25.2","KILOMETER_PER_HOUR"
"250146987","52816","28","1997-04-24","27","Depaoli","ITA","UNKNOWN","MIDFIELDER","MALE","","./image/250146987.jpg","Fabio Depaoli","DEFENDER","","Depaoli","","","Italie","Milieu","Fabio","Depaoli","Fabio Depaoli","Depaoli","200066","./assoc/200066_ITA.svg","./logo/52816.png","UEFA","ITA","52816","FAME","Atalanta","","https://img.uefa.com/imgml/TP/teams/logos/70x70/52816.png","https://img.uefa.com/imgml/TP/teams/logos/240x240/52816.png","252816","ATA","DOMESTIC_MEN_TEAM_A","","DOMESTIC","Italie","Atalanta","Atalanta BC","ATA","9","MINUTE","1","0","0","1.44","KILOMETER","31.7","KILOMETER_PER_HOUR"
"250088106","52816","28","1997-04-30","10","Lammers","NED","STRIKER","FORWARD","MALE","189","./image/250088106.jpg","Sam Lammers","FORWARD","9","Lammers","200095","77","Pays-Bas","Attaquant","Sam","Lammers","Sam Lammers","Lammers","200066","./assoc/200066_ITA.svg","./logo/52816.png","UEFA","ITA","52816","FAME","Atalanta","","https://img.uefa.com/imgml/TP/teams/logos/70x70/52816.png","https://img.uefa.com/imgml/TP/teams/logos/240x240/52816.png","252816","ATA","DOMESTIC_MEN_TEAM_A","","DOMESTIC","Italie","Atalanta","Atalanta BC","ATA","9","MINUTE","1","0","0","1.42","KILOMETER","28.6","KILOMETER_PER_HOUR"
"250121904","50143","25","2000-08-02","20","KUDUS","GHA","ATTACKING_MIDFIELDER","MIDFIELDER","MALE","","./image/250121904.jpg","Mohammed Kudus","MIDFIELDER","20","Kudus","48","","Ghana","Milieu","Mohammed","Kudus","Mohammed Kudus","Kudus","200095","./assoc/200095_NED.svg","./logo/50143.png","UEFA","NED","50143","FAME","Ajax","","https://img.uefa.com/imgml/TP/teams/logos/70x70/50143.png","https://img.uefa.com/imgml/TP/teams/logos/240x240/50143.png","250143","AJX","DOMESTIC_MEN_TEAM_A","","DOMESTIC","Pays-Bas","Ajax","AFC Ajax","AJX","9","MINUTE","1","0","0","0.81","KILOMETER","26.1","KILOMETER_PER_HOUR"
"250118286","50124","29","1996-02-11","34","TORREIRA","URU","DEFENSIVE_MIDFIELDER","MIDFIELDER","MALE","","./image/250118286.jpg","Lucas Torreira","MIDFIELDER","14","Torreira","138","","Uruguay","Milieu","Lucas","Torreira","Lucas Torreira","Torreira","200122","./assoc/200122_ESP.svg","./logo/50124.png","UEFA","ESP","50124","FAME","Atleti","","https://img.uefa.com/imgml/TP/teams/logos/70x70/50124.png","https://img.uefa.com/imgml/TP/teams/logos/240x240/50124.png","250124","ATM","DOMESTIC_MEN_TEAM_A","","DOMESTIC","Espagne","Atleti","Atlético de Madrid","ATM","8","MINUTE","2","0","0","2.17","KILOMETER","24.1","KILOMETER_PER_HOUR"
"250088881","52723","26","1999-03-27","8","Baluta","ROU","DEFENSIVE_MIDFIELDER","MIDFIELDER","MALE","","./image/250088881.jpg","Tudor Băluţă","MIDFIELDER","6","Băluță","113","","Roumanie","Milieu","Tudor","Băluţă","Tudor Băluţă","Băluţă","257166","./assoc/257166_UKR.svg","./logo/52723.png","UEFA","UKR","52723","FAME","Dynamo Kyiv","","https://img.uefa.com/imgml/TP/teams/logos/70x70/52723.png","https://img.uefa.com/imgml/TP/teams/logos/240x240/52723.png","252723","DKY","DOMESTIC_MEN_TEAM_A","","DOMESTIC","Ukraine","Dynamo Kyiv","FC Dynamo Kyiv","DKY","8","MINUTE","2","0","0","1.92","KILOMETER","29","KILOMETER_PER_HOUR"
"250117405","50064","22","2002-12-14","7","F. Conceição","POR","UNKNOWN","FORWARD","MALE","","./image/250117405.jpg","Francisco Conceição","FORWARD","20","F. CONCEIÇÃO","110","","Portugal","Attaquant","","Francisco Conceição","Francisco Conceição","Francisco Conceição","200110","./assoc/200110_POR.svg","./logo/50064.png","UEFA","POR","50064","FAME","Porto","","https://img.uefa.com/imgml/TP/teams/logos/70x70/50064.png","https://img.uefa.com/imgml/TP/teams/logos/240x240/50064.png","250064","POR","DOMESTIC_MEN_TEAM_A","","DOMESTIC","Portugal","Porto","FC Porto","POR","8","MINUTE","2","0","0","1.86","KILOMETER","25.9","KILOMETER_PER_HOUR"
"1905346","52757","34","1991-02-08","5","LANG","SUI","FULL_BACK","DEFENDER","MALE","185","./image/1905346.jpg","Michael Lang","DEFENDER","7","Lang","128","79","Suisse","Défenseur","Michael","Lang","Michael Lang","M. Lang","200047","./assoc/200047_GER.svg","./logo/52757.png","UEFA","GER","52757","FAME","Mönchengladbach","","https://img.uefa.com/imgml/TP/teams/logos/70x70/52757.png","https://img.uefa.com/imgml/TP/teams/logos/240x240/52757.png","252757","MON","DOMESTIC_MEN_TEAM_A","","DOMESTIC","Allemagne","Mönchengladbach","Borussia Mönchengladbach","MON","8","MINUTE","1","0","0","1.48","KILOMETER","18.3","KILOMETER_PER_HOUR"
"250124282","52919","23","2002-05-06","10","Palmer","ENG","UNKNOWN","MIDFIELDER","MALE","","./image/250124282.jpg","Cole Palmer","MIDFIELDER","20","Palmer","39","","Angleterre","Milieu","Cole","Palmer","Cole Palmer","Palmer","200039","./assoc/200039_ENG.svg","./logo/52919.png","UEFA","ENG","52919","FAME","Man City","","https://img.uefa.com/imgml/TP/teams/logos/70x70/52919.png","https://img.uefa.com/imgml/TP/teams/logos/240x240/52919.png","252919","MCI","DOMESTIC_MEN_TEAM_A","","DOMESTIC","Angleterre","Man City","Manchester City","MCI","8","MINUTE","1","0","0","1.42","KILOMETER","22.5","KILOMETER_PER_HOUR"
"250067964","52714","29","1996-05-22","9","Carlos Fdez.","ESP","STRIKER","FORWARD","MALE","186","./image/250067964.jpg","Carlos Fernández","FORWARD","9","Fernández Luna","200122","67","Espagne","Attaquant","","Carlos Fernández","Carlos Fernández","Carlos Fernández","200122","./assoc/200122_ESP.svg","./logo/52714.png","UEFA","ESP","52714","FAME","Sevilla","","https://img.uefa.com/imgml/TP/teams/logos/70x70/52714.png","https://img.uefa.com/imgml/TP/teams/logos/240x240/52714.png","252714","SEV","DOMESTIC_MEN_TEAM_A","","DOMESTIC","Espagne","Sevilla","Sevilla FC","SEV","7","MINUTE","1","0","0","1.41","KILOMETER","24.7","KILOMETER_PER_HOUR"
"250090800","52816","31","1994-05-05","30","Caldara","ITA","CENTRE_BACK","DEFENDER","MALE","","./image/250090800.jpg","Mattia Caldara","DEFENDER","13","Caldara","66","","Italie","Défenseur","Mattia","Caldara","Mattia Caldara","Caldara","200066","./assoc/200066_ITA.svg","./logo/52816.png","UEFA","ITA","52816","FAME","Atalanta","","https://img.uefa.com/imgml/TP/teams/logos/70x70/52816.png","https://img.uefa.com/imgml/TP/teams/logos/240x240/52816.png","252816","ATA","DOMESTIC_MEN_TEAM_A","","DOMESTIC","Italie","Atalanta","Atalanta BC","ATA","6","MINUTE","1","0","0","1.42","KILOMETER","25.9","KILOMETER_PER_HOUR"
"250108593","50043","23","2002-04-01","2","Van Der Brempt","BEL","FULL_BACK","DEFENDER","MALE","","./image/250108593.jpg","Ignace Van Der Brempt","DEFENDER","20","Van Der Brempt","200013","","Belgique","Défenseur","Ignace","Van Der Brempt","Ignace Van Der Brempt","Van Der Brempt","200013","./assoc/200013_BEL.svg","./logo/50043.png","UEFA","BEL","50043","FAME","Club Brugge","","https://img.uefa.com/imgml/TP/teams/logos/70x70/50043.png","https://img.uefa.com/imgml/TP/teams/logos/240x240/50043.png","250043","BRU","DOMESTIC_MEN_TEAM_A","","DOMESTIC","Belgique","Club Brugge","Club Brugge KV","BRU","6","MINUTE","1","0","0","1.23","KILOMETER","27.4","KILOMETER_PER_HOUR"
"250112224","52919","25","2000-10-10","8","Nmecha","GER","","MIDFIELDER","MALE","","./image/250112224.jpg","Felix Nmecha","MIDFIELDER","13","Nmecha","47","","Allemagne","Milieu","Felix","Nmecha","Felix Nmecha","Nmecha","200039","./assoc/200039_ENG.svg","./logo/52919.png","UEFA","ENG","52919","FAME","Man City","","https://img.uefa.com/imgml/TP/teams/logos/70x70/52919.png","https://img.uefa.com/imgml/TP/teams/logos/240x240/52919.png","252919","MCI","DOMESTIC_MEN_TEAM_A","","DOMESTIC","Angleterre","Man City","Manchester City","MCI","5","MINUTE","1","0","1","0.9","KILOMETER","27","KILOMETER_PER_HOUR"
"250091202","50138","26","1999-05-19","99","Pinamonti","ITA","STRIKER","FORWARD","MALE","","./image/250091202.jpg","Andrea Pinamonti","FORWARD","9","Pinamonti","66","","Italie","Attaquant","Andrea","Pinamonti","Andrea Pinamonti","Pinamonti","200066","./assoc/200066_ITA.svg","./logo/50138.png","UEFA","ITA","50138","FAME","Inter","","https://img.uefa.com/imgml/TP/teams/logos/70x70/50138.png","https://img.uefa.com/imgml/TP/teams/logos/240x240/50138.png","250138","INT","DOMESTIC_MEN_TEAM_A","","DOMESTIC","Italie","Inter","FC Internazionale Milano","INT","5","MINUTE","1","0","0","1.05","KILOMETER","29.7","KILOMETER_PER_HOUR"
"250114179","50064","28","1996-12-30","6","Ndiyae","SEN","DEFENSIVE_MIDFIELDER","MIDFIELDER","MALE","","./image/250114179.jpg","Mamadou Loum","MIDFIELDER","25","LOUM NDIAYE","118","","Sénégal","Milieu","Mamadou","Loum","Mamadou Loum","Loum","200110","./assoc/200110_POR.svg","./logo/50064.png","UEFA","POR","50064","FAME","Porto","","https://img.uefa.com/imgml/TP/teams/logos/70x70/50064.png","https://img.uefa.com/imgml/TP/teams/logos/240x240/50064.png","250064","POR","DOMESTIC_MEN_TEAM_A","","DOMESTIC","Portugal","Porto","FC Porto","POR","4","MINUTE","3","0","0","1.64","KILOMETER","21.8","KILOMETER_PER_HOUR"
"250106932","52919","23","2001-10-17","69","Doyle","ENG","UNKNOWN","MIDFIELDER","MALE","","./image/250106932.jpg","Thomas Doyle","MIDFIELDER","18","Doyle","200039","","Angleterre","Milieu","Thomas","Doyle","Thomas Doyle","Doyle","200039","./assoc/200039_ENG.svg","./logo/52919.png","UEFA","ENG","52919","FAME","Man City","","https://img.uefa.com/imgml/TP/teams/logos/70x70/52919.png","https://img.uefa.com/imgml/TP/teams/logos/240x240/52919.png","252919","MCI","DOMESTIC_MEN_TEAM_A","","DOMESTIC","Angleterre","Man City","Manchester City","MCI","4","MINUTE","1","0","0","1.11","KILOMETER","24.8","KILOMETER_PER_HOUR"
"250119181","52707","23","2002-09-01","10","Sudakov","UKR","ATTACKING_MIDFIELDER","MIDFIELDER","MALE","","./image/250119181.jpg","Georgiy Sudakov","MIDFIELDER","17","Sudakov","57166","","Ukraine","Milieu","Georgiy","Sudakov","Georgiy Sudakov","Sudakov","257166","./assoc/257166_UKR.svg","./logo/52707.png","UEFA","UKR","52707","FAME","Shakhtar","","https://img.uefa.com/imgml/TP/teams/logos/70x70/52707.png","https://img.uefa.com/imgml/TP/teams/logos/240x240/52707.png","252707","SHK","DOMESTIC_MEN_TEAM_A","","DOMESTIC","Ukraine","Shakhtar","FC Shakhtar Donetsk","SHK","4","MINUTE","1","0","0","1.05","KILOMETER","22.1","KILOMETER_PER_HOUR"
"250106762","50037","24","2001-05-22","11","Zirkzee","NED","UNKNOWN","FORWARD","MALE","","./image/250106762.jpg","Joshua Zirkzee","FORWARD","21","Zirkzee","95","","Pays-Bas","Attaquant","Joshua","Zirkzee","Joshua Zirkzee","Zirkzee","200047","./assoc/200047_GER.svg","./logo/50037.png","UEFA","GER","50037","FAME","Bayern München","","https://img.uefa.com/imgml/TP/teams/logos/70x70/50037.png","https://img.uefa.com/imgml/TP/teams/logos/240x240/50037.png","250037","BAY","DOMESTIC_MEN_TEAM_A","","DOMESTIC","Allemagne","Bayern München","FC Bayern München","BAY","4","MINUTE","1","0","0","0.87","KILOMETER","25.6","KILOMETER_PER_HOUR"
"1906233","50138","37","1988-05-04","4","Nainggolan","BEL","CENTRAL_MIDFIELDER","MIDFIELDER","MALE","176","./image/1906233.jpg","Radja Nainggolan","MIDFIELDER","18","Nainggolan","13","65","Belgique","Milieu","Radja","Nainggolan","Radja Nainggolan","Nainggolan","200066","./assoc/200066_ITA.svg","./logo/50138.png","UEFA","ITA","50138","FAME","Inter","","https://img.uefa.com/imgml/TP/teams/logos/70x70/50138.png","https://img.uefa.com/imgml/TP/teams/logos/240x240/50138.png","250138","INT","DOMESTIC_MEN_TEAM_A","","DOMESTIC","Italie","Inter","FC Internazionale Milano","INT","3","MINUTE","1","0","0","0.95","KILOMETER","27.4","KILOMETER_PER_HOUR"
"250112941","53065","24","2001-02-17","45","Silyanov","RUS","","DEFENDER","MALE","","./image/250112941.jpg","Aleksandr Silyanov","DEFENDER","22","Silyanov","57451","","Russie","Défenseur","Aleksandr","Silyanov","Aleksandr Silyanov","Silyanov","257451","./assoc/257451_RUS.svg","./logo/53065.png","UEFA","RUS","53065","FAME","Lokomotiv Moskva","","https://img.uefa.com/imgml/TP/teams/logos/70x70/53065.png","https://img.uefa.com/imgml/TP/teams/logos/240x240/53065.png","253065","LMO","DOMESTIC_MEN_TEAM_A","","DOMESTIC","Russie","Lokomotiv Moskva","FC Lokomotiv Moskva","LMO","2","MINUTE","1","0","0","0.79","KILOMETER","21.2","KILOMETER_PER_HOUR"
"250024501","2601038","31","1994-07-07","20","Markov","RUS","STRIKER","FORWARD","MALE","","./image/250024501.jpg","Evgeni Markov","FORWARD","","Markov ","457451","","Russie","Attaquant","Evgeni","Markov","Evgeni Markov","Markov","257451","./assoc/257451_RUS.svg","./logo/2601038.png","UEFA","RUS","2601038","FAME","Krasnodar","","https://img.uefa.com/imgml/TP/teams/logos/70x70/2601038.png","https://img.uefa.com/imgml/TP/teams/logos/240x240/2601038.png","250000383","KRA","DOMESTIC_MEN_TEAM_A","","DOMESTIC","Russie","Krasnodar","FC Krasnodar","KRA","1","MINUTE","1","0","0","0.7","KILOMETER","21","KILOMETER_PER_HOUR"
"250025340","52682","36","1989-06-19","25","IGHALO","NGA","STRIKER","FORWARD","MALE","","./image/250025340.jpg","Odion Ighalo","FORWARD","","Ighalo","100","","Nigeria","Attaquant","Odion","Ighalo","Odion Ighalo","Ighalo","200039","./assoc/200039_ENG.svg","./logo/52682.png","UEFA","ENG","52682","FAME","Man Utd","","https://img.uefa.com/imgml/TP/teams/logos/70x70/52682.png","https://img.uefa.com/imgml/TP/teams/logos/240x240/52682.png","252682","MUN","DOMESTIC_MEN_TEAM_A","","DOMESTIC","Angleterre","Man Utd","Manchester United","MUN","1","MINUTE","1","0","0","0.46","KILOMETER","17.2","KILOMETER_PER_HOUR"
"250101728","50143","24","2001-06-17","12","J.Timber","NED","FULL_BACK","DEFENDER","MALE","","./image/250101728.jpg","Jurriën Timber","DEFENDER","3","J.Timber","95","","Pays-Bas","Défenseur","Jurriën","Timber","Jurriën Timber","Timber","200095","./assoc/200095_NED.svg","./logo/50143.png","UEFA","NED","50143","FAME","Ajax","","https://img.uefa.com/imgml/TP/teams/logos/70x70/50143.png","https://img.uefa.com/imgml/TP/teams/logos/240x240/50143.png","250143","AJX","DOMESTIC_MEN_TEAM_A","","DOMESTIC","Pays-Bas","Ajax","AFC Ajax","AJX","1","MINUTE","1","0","0","0.35","KILOMETER","23.8","KILOMETER_PER_HOUR"
"250123706","50043","24","2001-04-25","97","Van Den Keybus","BEL","CENTRAL_MIDFIELDER","MIDFIELDER","MALE","","./image/250123706.jpg","Thomas Van den Keybus","MIDFIELDER","","Van Den Keybus","200013","","Belgique","Milieu","Thomas","Van den Keybus","Thomas Van den Keybus","Van den Keybus","200013","./assoc/200013_BEL.svg","./logo/50043.png","UEFA","BEL","50043","FAME","Club Brugge","","https://img.uefa.com/imgml/TP/teams/logos/70x70/50043.png","https://img.uefa.com/imgml/TP/teams/logos/240x240/50043.png","250043","BRU","DOMESTIC_MEN_TEAM_A","","DOMESTIC","Belgique","Club Brugge","Club Brugge KV","BRU","1","MINUTE","1","0","0","0.33","KILOMETER","21.2","KILOMETER_PER_HOUR"
"250124034","52707","23","2002-05-21","17","Viunnyk","UKR","STRIKER","FORWARD","MALE","","./image/250124034.jpg","Bohdan Viunnyk","FORWARD","10","Viunnyk","257166","","Ukraine","Attaquant","Bohdan","Viunnyk","Bohdan Viunnyk","Viunnyk","257166","./assoc/257166_UKR.svg","./logo/52707.png","UEFA","UKR","52707","FAME","Shakhtar","","https://img.uefa.com/imgml/TP/teams/logos/70x70/52707.png","https://img.uefa.com/imgml/TP/teams/logos/240x240/52707.png","252707","SHK","DOMESTIC_MEN_TEAM_A","","DOMESTIC","Ukraine","Shakhtar","FC Shakhtar Donetsk","SHK","1","MINUTE","1","0","0","0.23","KILOMETER","23.4","KILOMETER_PER_HOUR"
"94102","2603790","39","1985-11-03","13","Tschauner","GER","UNKNOWN","GOALKEEPER","MALE","","./image/94102.jpg","Philipp Tschauner","GOALKEEPER","","Tschauner","","","Allemagne","Gardien","Philipp","Tschauner","Philipp Tschauner","Tschauner","200047","./assoc/200047_GER.svg","./logo/2603790.png","UEFA","GER","2603790","FAME","Leipzig","","https://img.uefa.com/imgml/TP/teams/logos/70x70/2603790.png","https://img.uefa.com/imgml/TP/teams/logos/240x240/2603790.png","250002563","RBL","DOMESTIC_MEN_TEAM_A","","DOMESTIC","Allemagne","Leipzig","RB Leipzig","RBL","0","MINUTE","","","","","","",""
"93024","2600288","37","1988-08-11","1","BABACAN","TUR","GOALKEEPER","GOALKEEPER","MALE","192","./image/93024.jpg","Volkan Babacan","GOALKEEPER","1","Volkan Babacan","135","86","Turquie","Gardien","","Volkan Babacan","Volkan Babacan","Volkan Babacan","200135","./assoc/200135_TUR.svg","./logo/2600288.png","UEFA","TUR","2600288","FAME","Başakşehir","","https://img.uefa.com/imgml/TP/teams/logos/70x70/2600288.png","https://img.uefa.com/imgml/TP/teams/logos/240x240/2600288.png","1500091","IST","DOMESTIC_MEN_TEAM_A","","DOMESTIC","Turquie","Başakşehir","İstanbul Başakşehir FK","IST","0","MINUTE","","","","","","",""
"74316","52757","38","1987-04-05","31","Grün","GER","GOALKEEPER","GOALKEEPER","MALE","192","./image/74316.jpg","Max Grün","GOALKEEPER","","Grün","","86","Allemagne","Gardien","Max","Grün","Max Grün","Grün","200047","./assoc/200047_GER.svg","./logo/52757.png","UEFA","GER","52757","FAME","Mönchengladbach","","https://img.uefa.com/imgml/TP/teams/logos/70x70/52757.png","https://img.uefa.com/imgml/TP/teams/logos/240x240/52757.png","252757","MON","DOMESTIC_MEN_TEAM_A","","DOMESTIC","Allemagne","Mönchengladbach","Borussia Mönchengladbach","MON","0","MINUTE","","","","","","",""
"72323","2610","40","1984-12-03","34","","GRE","CENTRE_BACK","","MALE","186","./image/72323.jpg","Avraam Papadopoulos","DEFENDER","21","Papadopoulos","49","79","Grèce","","Avraam","Papadopoulos","Avraam Papadopoulos","Papadopoulos","200049","./assoc/200049_GRE.svg","./logo/2610.png","UEFA","GRE","2610","FAME","Olympiacos","","https://img.uefa.com/imgml/TP/teams/logos/70x70/2610.png","https://img.uefa.com/imgml/TP/teams/logos/240x240/2610.png","202610","OLY","DOMESTIC_MEN_TEAM_A","","DOMESTIC","Grèce","Olympiacos","Olympiacos FC","OLY","0","MINUTE","","","","","","",""
"69178","52919","40","1985-09-03","33","Carson","ENG","UNKNOWN","GOALKEEPER","MALE","190","./image/69178.jpg","Scott Carson","GOALKEEPER","1","Carson","","86","Angleterre","Gardien","Scott","Carson","Scott Carson","Carson","200039","./assoc/200039_ENG.svg","./logo/52919.png","UEFA","ENG","52919","FAME","Man City","","https://img.uefa.com/imgml/TP/teams/logos/70x70/52919.png","https://img.uefa.com/imgml/TP/teams/logos/240x240/52919.png","252919","MCI","DOMESTIC_MEN_TEAM_A","","DOMESTIC","Angleterre","Man City","Manchester City","MCI","0","MINUTE","","","","","","",""
"61376","50030","42","1983-06-06","33","Walke","GER","GOALKEEPER","GOALKEEPER","MALE","189","./image/61376.jpg","Alexander Walke","GOALKEEPER","","Walke","","88","Allemagne","Gardien","Alexander","Walke","Alexander Walke","Walke","200008","./assoc/200008_AUT.svg","./logo/50030.png","UEFA","AUT","50030","FAME","Salzburg","","https://img.uefa.com/imgml/TP/teams/logos/70x70/50030.png","https://img.uefa.com/imgml/TP/teams/logos/240x240/50030.png","250030","SAL","DOMESTIC_MEN_TEAM_A","","DOMESTIC","Autriche","Salzburg","FC Salzburg","SAL","0","MINUTE","","","","","","",""
"53700","52682","42","1983-01-27","13","Grant","ENG","GOALKEEPER","GOALKEEPER","MALE","","./image/53700.jpg","Lee Grant","GOALKEEPER","","Grant","","","Angleterre","Gardien","Lee","Grant","Lee Grant","Grant","200039","./assoc/200039_ENG.svg","./logo/52682.png","UEFA","ENG","52682","FAME","Man Utd","","https://img.uefa.com/imgml/TP/teams/logos/70x70/52682.png","https://img.uefa.com/imgml/TP/teams/logos/240x240/52682.png","252682","MUN","DOMESTIC_MEN_TEAM_A","","DOMESTIC","Angleterre","Man Utd","Manchester United","MUN","0","MINUTE","","","","","","",""
"50038307","50037","23","2002-06-06","","","FRA","UNKNOWN","","","","./image/50038307.jpg","Tanguy Nianzou","","","","","","France","","Tanguy","Nianzou","Tanguy Nianzou","Nianzou","200047","./assoc/200047_GER.svg","./logo/50037.png","UEFA","GER","50037","FAME","Bayern München","","https://img.uefa.com/imgml/TP/teams/logos/70x70/50037.png","https://img.uefa.com/imgml/TP/teams/logos/240x240/50037.png","250037","BAY","DOMESTIC_MEN_TEAM_A","","DOMESTIC","Allemagne","Bayern München","FC Bayern München","BAY","0","MINUTE","","","","","","",""
"250153856","52747","21","2004-04-10","35","Gharbi Alvarez","ESP","UNKNOWN","MIDFIELDER","MALE","","./image/250153856.jpg","Ismael Gharbi","MIDFIELDER","10","Gharbi","300122","","Espagne","Milieu","Ismael","Gharbi","Ismael Gharbi","Gharbi","200043","./assoc/200043_FRA.svg","./logo/52747.png","UEFA","FRA","52747","FAME","Paris","","https://img.uefa.com/imgml/TP/teams/logos/70x70/52747.png","https://img.uefa.com/imgml/TP/teams/logos/240x240/52747.png","252747","PSG","DOMESTIC_MEN_TEAM_A","","DOMESTIC","France","Paris","Paris Saint-Germain","PSG","0","MINUTE","","","","","","",""
"250153359","7889","30","1995-08-11","26","Davies","ENG","UNKNOWN","DEFENDER","MALE","","./image/250153359.jpg","Ben Davies","DEFENDER","","Davies","","","Angleterre","Défenseur","Ben","Davies","Ben Davies","Davies","200039","./assoc/200039_ENG.svg","./logo/7889.png","UEFA","ENG","7889","FAME","Liverpool","","https://img.uefa.com/imgml/TP/teams/logos/70x70/7889.png","https://img.uefa.com/imgml/TP/teams/logos/240x240/7889.png","207889","LIV","DOMESTIC_MEN_TEAM_A","","DOMESTIC","Angleterre","Liverpool","Liverpool FC","LIV","0","MINUTE","","","","","","",""
"250150905","52723","22","2003-01-08","86","Bol","UKR","","DEFENDER","MALE","","./image/250150905.jpg","Anton Bol","DEFENDER","3","Bol","257166","","Ukraine","Défenseur","Anton","Bol","Anton Bol","Bol","257166","./assoc/257166_UKR.svg","./logo/52723.png","UEFA","UKR","52723","FAME","Dynamo Kyiv","","https://img.uefa.com/imgml/TP/teams/logos/70x70/52723.png","https://img.uefa.com/imgml/TP/teams/logos/240x240/52723.png","252723","DKY","DOMESTIC_MEN_TEAM_A","","DOMESTIC","Ukraine","Dynamo Kyiv","FC Dynamo Kyiv","DKY","0","MINUTE","","","","","","",""
"250150540","52298","22","2003-04-29","65","Őri","HUN","","GOALKEEPER","MALE","","./image/250150540.jpg","Levente Őri","GOALKEEPER","","Őri","","","Hongrie","Gardien","Levente","Őri","Levente Őri","Őri","200057","./assoc/200057_HUN.svg","./logo/52298.png","UEFA","HUN","52298","FAME","Ferencváros","","https://img.uefa.com/imgml/TP/teams/logos/70x70/52298.png","https://img.uefa.com/imgml/TP/teams/logos/240x240/52298.png","252298","FER","DOMESTIC_MEN_TEAM_A","","DOMESTIC","Hongrie","Ferencváros","Ferencvárosi TC","FER","0","MINUTE","","","","","","",""
"250149141","52747","22","2003-04-23","80","Randriamamy","FRA","UNKNOWN","GOALKEEPER","MALE","","./image/250149141.jpg","Mathyas Randriamamy","GOALKEEPER","","RANDRIAMAMY","","","France","Gardien","Mathyas","Randriamamy","Mathyas Randriamamy","Randriamamy","200043","./assoc/200043_FRA.svg","./logo/52747.png","UEFA","FRA","52747","FAME","Paris","","https://img.uefa.com/imgml/TP/teams/logos/70x70/52747.png","https://img.uefa.com/imgml/TP/teams/logos/240x240/52747.png","252747","PSG","DOMESTIC_MEN_TEAM_A","","DOMESTIC","France","Paris","Paris Saint-Germain","PSG","0","MINUTE","","","","","","",""
"250148279","52714","23","2002-03-21","7","Zarzana Pérez","ESP","WINGER","FORWARD","MALE","","./image/250148279.jpg","Antonio Zarzana","MIDFIELDER","","Zarzana","","","Espagne","Attaquant","Antonio","Zarzana","Antonio Zarzana","Zarzana","200122","./assoc/200122_ESP.svg","./logo/52714.png","UEFA","ESP","52714","FAME","Sevilla","","https://img.uefa.com/imgml/TP/teams/logos/70x70/52714.png","https://img.uefa.com/imgml/TP/teams/logos/240x240/52714.png","252714","SEV","DOMESTIC_MEN_TEAM_A","","DOMESTIC","Espagne","Sevilla","Sevilla FC","SEV","0","MINUTE","","","","","","",""
"250147393","52723","29","1995-10-23","27","Clayton","BRA","","FORWARD","MALE","","./image/250147393.jpg","Clayton","FORWARD","","Clayton","","","Brésil","Attaquant","","Clayton","Clayton","Clayton","257166","./assoc/257166_UKR.svg","./logo/52723.png","UEFA","UKR","52723","FAME","Dynamo Kyiv","","https://img.uefa.com/imgml/TP/teams/logos/70x70/52723.png","https://img.uefa.com/imgml/TP/teams/logos/240x240/52723.png","252723","DKY","DOMESTIC_MEN_TEAM_A","","DOMESTIC","Ukraine","Dynamo Kyiv","FC Dynamo Kyiv","DKY","0","MINUTE","","","","","","",""
"250147240","52682","23","2001-12-20","28","F. PELLISTRI","URU","","MIDFIELDER","MALE","","./image/250147240.jpg","Facundo Pellistri","MIDFIELDER","8","Pellistri","138","","Uruguay","Milieu","Facundo","Pellistri","Facundo Pellistri","Pellistri","200039","./assoc/200039_ENG.svg","./logo/52682.png","UEFA","ENG","52682","FAME","Man Utd","","https://img.uefa.com/imgml/TP/teams/logos/70x70/52682.png","https://img.uefa.com/imgml/TP/teams/logos/240x240/52682.png","252682","MUN","DOMESTIC_MEN_TEAM_A","","DOMESTIC","Angleterre","Man Utd","Manchester United","MUN","0","MINUTE","","","","","","",""
"250145919","2601038","24","2001-04-01","84","Litvinov","RUS","CENTRE_BACK","DEFENDER","MALE","","./image/250145919.jpg","Vyacheslav Litvinov","DEFENDER","","Litvinov","","","Russie","Défenseur","Vyacheslav","Litvinov","Vyacheslav Litvinov","Litvinov","257451","./assoc/257451_RUS.svg","./logo/2601038.png","UEFA","RUS","2601038","FAME","Krasnodar","","https://img.uefa.com/imgml/TP/teams/logos/70x70/2601038.png","https://img.uefa.com/imgml/TP/teams/logos/240x240/2601038.png","250000383","KRA","DOMESTIC_MEN_TEAM_A","","DOMESTIC","Russie","Krasnodar","FC Krasnodar","KRA","0","MINUTE","","","","","","",""
"250144303","52757","23","2002-05-29","43","Reitz","GER","UNKNOWN","MIDFIELDER","MALE","","./image/250144303.jpg","Rocco Reitz","MIDFIELDER","18","Reitz","47","","Allemagne","Milieu","Rocco","Reitz","Rocco Reitz","Reitz","200047","./assoc/200047_GER.svg","./logo/52757.png","UEFA","GER","52757","FAME","Mönchengladbach","","https://img.uefa.com/imgml/TP/teams/logos/70x70/52757.png","https://img.uefa.com/imgml/TP/teams/logos/240x240/52757.png","252757","MON","DOMESTIC_MEN_TEAM_A","","DOMESTIC","Allemagne","Mönchengladbach","Borussia Mönchengladbach","MON","0","MINUTE","","","","","","",""
"250144231","52748","22","2003-04-12","1","N. SIMON","CMR","UNKNOWN","GOALKEEPER","MALE","","./image/250144231.jpg","Simon Ngapandouetnbu","GOALKEEPER","1","Simon","23","","Cameroun","Gardien","Simon","Ngapandouetnbu","Simon Ngapandouetnbu","Ngapandouetnbu","200043","./assoc/200043_FRA.svg","./logo/52748.png","UEFA","FRA","52748","FAME","Marseille","","https://img.uefa.com/imgml/TP/teams/logos/70x70/52748.png","https://img.uefa.com/imgml/TP/teams/logos/240x240/52748.png","252748","MAR","DOMESTIC_MEN_TEAM_A","","DOMESTIC","France","Marseille","Olympique de Marseille","MAR","0","MINUTE","","","","","","",""
"250144224","52748","23","2002-07-20","50","Vanni","FRA","UNKNOWN","GOALKEEPER","MALE","","./image/250144224.jpg","Fabio Vanni","GOALKEEPER","","Vanni","","","France","Gardien","Fabio","Vanni","Fabio Vanni","Vanni","200043","./assoc/200043_FRA.svg","./logo/52748.png","UEFA","FRA","52748","FAME","Marseille","","https://img.uefa.com/imgml/TP/teams/logos/70x70/52748.png","https://img.uefa.com/imgml/TP/teams/logos/240x240/52748.png","252748","MAR","DOMESTIC_MEN_TEAM_A","","DOMESTIC","France","Marseille","Olympique de Marseille","MAR","0","MINUTE","","","","","","",""
"250144221","53065","26","1999-08-30","60","Savin","RUS","UNKNOWN","GOALKEEPER","MALE","","./image/250144221.jpg","Andrei Savin","GOALKEEPER","","Savin","","","Russie","Gardien","Andrei","Savin","Andrei Savin","Savin","257451","./assoc/257451_RUS.svg","./logo/53065.png","UEFA","RUS","53065","FAME","Lokomotiv Moskva","","https://img.uefa.com/imgml/TP/teams/logos/70x70/53065.png","https://img.uefa.com/imgml/TP/teams/logos/240x240/53065.png","253065","LMO","DOMESTIC_MEN_TEAM_A","","DOMESTIC","Russie","Lokomotiv Moskva","FC Lokomotiv Moskva","LMO","0","MINUTE","","","","","","",""
"250144217","2600288","24","2001-01-03","89","ENES","TUR","UNKNOWN","FORWARD","MALE","","./image/250144217.jpg","Enes Karakuş","FORWARD","","Karakuş","200135","","Turquie","Attaquant","Enes","Karakuş","Enes Karakuş","Karakuş","200135","./assoc/200135_TUR.svg","./logo/2600288.png","UEFA","TUR","2600288","FAME","Başakşehir","","https://img.uefa.com/imgml/TP/teams/logos/70x70/2600288.png","https://img.uefa.com/imgml/TP/teams/logos/240x240/2600288.png","1500091","IST","DOMESTIC_MEN_TEAM_A","","DOMESTIC","Turquie","Başakşehir","İstanbul Başakşehir FK","IST","0","MINUTE","","","","","","",""
"250141421","52298","22","2002-11-08","53","Csontos","HUN","UNKNOWN","DEFENDER","MALE","","./image/250141421.jpg","Dominik Csontos","DEFENDER","18","Csontos","200057","","Hongrie","Défenseur","Dominik","Csontos","Dominik Csontos","Csontos","200057","./assoc/200057_HUN.svg","./logo/52298.png","UEFA","HUN","52298","FAME","Ferencváros","","https://img.uefa.com/imgml/TP/teams/logos/70x70/52298.png","https://img.uefa.com/imgml/TP/teams/logos/240x240/52298.png","252298","FER","DOMESTIC_MEN_TEAM_A","","DOMESTIC","Hongrie","Ferencváros","Ferencvárosi TC","FER","0","MINUTE","","","","","","",""
"250138682","52714","24","2001-04-10","36","Romero De Ávila Araque","ESP","UNKNOWN","FORWARD","MALE","","./image/250138682.jpg","Iván Romero","FORWARD","","IVAN","","","Espagne","Attaquant","","Iván Romero","Iván Romero","Iván Romero","200122","./assoc/200122_ESP.svg","./logo/52714.png","UEFA","ESP","52714","FAME","Sevilla","","https://img.uefa.com/imgml/TP/teams/logos/70x70/52714.png","https://img.uefa.com/imgml/TP/teams/logos/240x240/52714.png","252714","SEV","DOMESTIC_MEN_TEAM_A","","DOMESTIC","Espagne","Sevilla","Sevilla FC","SEV","0","MINUTE","","","","","","",""
"250138397","52723","22","2003-01-11","74","Ihnatenko","UKR","","GOALKEEPER","MALE","","./image/250138397.jpg","Denys Ihnatenko","GOALKEEPER","23","Ihnatenko","457166","","Ukraine","Gardien","Denys","Ihnatenko","Denys Ihnatenko","Ihnatenko","257166","./assoc/257166_UKR.svg","./logo/52723.png","UEFA","UKR","52723","FAME","Dynamo Kyiv","","https://img.uefa.com/imgml/TP/teams/logos/70x70/52723.png","https://img.uefa.com/imgml/TP/teams/logos/240x240/52723.png","252723","DKY","DOMESTIC_MEN_TEAM_A","","DOMESTIC","Ukraine","Dynamo Kyiv","FC Dynamo Kyiv","DKY","0","MINUTE","","","","","","",""
"250136439","52714","22","2003-08-06","27","Carlos Álvarez","ESP","UNKNOWN","FORWARD","MALE","","./image/250136439.jpg","Carlos Álvarez","FORWARD","10","Carlos Álvarez","300122","","Espagne","Attaquant","","Carlos Álvarez","Carlos Álvarez","Carlos Álvarez","200122","./assoc/200122_ESP.svg","./logo/52714.png","UEFA","ESP","52714","FAME","Sevilla","","https://img.uefa.com/imgml/TP/teams/logos/70x70/52714.png","https://img.uefa.com/imgml/TP/teams/logos/240x240/52714.png","252714","SEV","DOMESTIC_MEN_TEAM_A","","DOMESTIC","Espagne","Sevilla","Sevilla FC","SEV","0","MINUTE","","","","","","",""
"250136364","55031","25","2000-04-23","27","Omari","COM","CENTRE_BACK","DEFENDER","MALE","","./image/250136364.jpg","Warmed Omari","DEFENDER","29","Omari","94084","","Comores","Défenseur","Warmed","Omari","Warmed Omari","Omari","200043","./assoc/200043_FRA.svg","./logo/55031.png","UEFA","FRA","55031","FAME","Rennes","","https://img.uefa.com/imgml/TP/teams/logos/70x70/55031.png","https://img.uefa.com/imgml/TP/teams/logos/240x240/55031.png","255031","REN","DOMESTIC_MEN_TEAM_A","","DOMESTIC","France","Rennes","Stade Rennais FC","REN","0","MINUTE","","","","","","",""
"250136347","55031","25","2000-06-22","22","Assignon","FRA","CENTRE_BACK","DEFENDER","MALE","","./image/250136347.jpg","Lorenz Assignon","DEFENDER","","Assignon","","","France","Défenseur","Lorenz","Assignon","Lorenz Assignon","Assignon","200043","./assoc/200043_FRA.svg","./logo/55031.png","UEFA","FRA","55031","FAME","Rennes","","https://img.uefa.com/imgml/TP/teams/logos/70x70/55031.png","https://img.uefa.com/imgml/TP/teams/logos/240x240/55031.png","255031","REN","DOMESTIC_MEN_TEAM_A","","DOMESTIC","France","Rennes","Stade Rennais FC","REN","0","MINUTE","","","","","","",""
"250136342","55031","21","2004-03-26","6","Ugochukwu","FRA","UNKNOWN","MIDFIELDER","MALE","","./image/250136342.jpg","Chimuanya Ugochukwu","MIDFIELDER","15","UGOCHUKWU","200043","","France","Milieu","Chimuanya","Ugochukwu","Chimuanya Ugochukwu","Ugochukwu","200043","./assoc/200043_FRA.svg","./logo/55031.png","UEFA","FRA","55031","FAME","Rennes","","https://img.uefa.com/imgml/TP/teams/logos/70x70/55031.png","https://img.uefa.com/imgml/TP/teams/logos/240x240/55031.png","255031","REN","DOMESTIC_MEN_TEAM_A","","DOMESTIC","France","Rennes","Stade Rennais FC","REN","0","MINUTE","","","","","","",""
"250135681","52747","22","2003-03-04","38","Michut","FRA","UNKNOWN","MIDFIELDER","MALE","","./image/250135681.jpg","Edouard Michut","MIDFIELDER","18","Michut","300043","","France","Milieu","Edouard","Michut","Edouard Michut","Michut","200043","./assoc/200043_FRA.svg","./logo/52747.png","UEFA","FRA","52747","FAME","Paris","","https://img.uefa.com/imgml/TP/teams/logos/70x70/52747.png","https://img.uefa.com/imgml/TP/teams/logos/240x240/52747.png","252747","PSG","DOMESTIC_MEN_TEAM_A","","DOMESTIC","France","Paris","Paris Saint-Germain","PSG","0","MINUTE","","","","","","",""
"250135675","52747","20","2004-11-06","32","","GUI","UNKNOWN","MIDFIELDER","MALE","","./image/250135675.jpg","Abdoulaye Kamara","DEFENDER","","Kamara","","","Guinée","Milieu","Abdoulaye","Kamara","Abdoulaye Kamara","Kamara","200043","./assoc/200043_FRA.svg","./logo/52747.png","UEFA","FRA","52747","FAME","Paris","","https://img.uefa.com/imgml/TP/teams/logos/70x70/52747.png","https://img.uefa.com/imgml/TP/teams/logos/240x240/52747.png","252747","PSG","DOMESTIC_MEN_TEAM_A","","DOMESTIC","France","Paris","Paris Saint-Germain","PSG","0","MINUTE","","","","","","",""
"250135608","7889","22","2003-09-03","95","Davies","ENG","UNKNOWN","GOALKEEPER","MALE","","./image/250135608.jpg","Harvey Davies","GOALKEEPER","","Davies","","","Angleterre","Gardien","Harvey","Davies","Harvey Davies","Davies","200039","./assoc/200039_ENG.svg","./logo/7889.png","UEFA","ENG","7889","FAME","Liverpool","","https://img.uefa.com/imgml/TP/teams/logos/70x70/7889.png","https://img.uefa.com/imgml/TP/teams/logos/240x240/7889.png","207889","LIV","DOMESTIC_MEN_TEAM_A","","DOMESTIC","Angleterre","Liverpool","Liverpool FC","LIV","0","MINUTE","","","","","","",""
"250135571","50139","23","2002-06-12","40","De Winter","BEL","UNKNOWN","DEFENDER","MALE","","./image/250135571.jpg","Koni De Winter","DEFENDER","16","De Winter","13","","Belgique","Défenseur","Koni","De Winter","Koni De Winter","De Winter","200066","./assoc/200066_ITA.svg","./logo/50139.png","UEFA","ITA","50139","FAME","Juventus","","https://img.uefa.com/imgml/TP/teams/logos/70x70/50139.png","https://img.uefa.com/imgml/TP/teams/logos/240x240/50139.png","250139","JUV","DOMESTIC_MEN_TEAM_A","","DOMESTIC","Italie","Juventus","Juventus","JUV","0","MINUTE","","","","","","",""
"250135570","50139","23","2002-05-01","40","Da Graca","ITA","UNKNOWN","FORWARD","MALE","","./image/250135570.jpg","Marco Da Graca","FORWARD","","Da Graca","","","Italie","Attaquant","Marco","Da Graca","Marco Da Graca","Da Graca","200066","./assoc/200066_ITA.svg","./logo/50139.png","UEFA","ITA","50139","FAME","Juventus","","https://img.uefa.com/imgml/TP/teams/logos/70x70/50139.png","https://img.uefa.com/imgml/TP/teams/logos/240x240/50139.png","250139","JUV","DOMESTIC_MEN_TEAM_A","","DOMESTIC","Italie","Juventus","Juventus","JUV","0","MINUTE","","","","","","",""
"250135398","50138","23","2001-11-12","46","Vezzoni","ITA","","MIDFIELDER","MALE","","./image/250135398.jpg","Franco Vezzoni","MIDFIELDER","","Vezzoni","","","Italie","Milieu","Franco","Vezzoni","Franco Vezzoni","Vezzoni","200066","./assoc/200066_ITA.svg","./logo/50138.png","UEFA","ITA","50138","FAME","Inter","","https://img.uefa.com/imgml/TP/teams/logos/70x70/50138.png","https://img.uefa.com/imgml/TP/teams/logos/240x240/50138.png","250138","INT","DOMESTIC_MEN_TEAM_A","","DOMESTIC","Italie","Inter","FC Internazionale Milano","INT","0","MINUTE","","","","","","",""
"250135258","53065","23","2002-03-15","65","Kasyanenko","RUS","","GOALKEEPER","MALE","","./image/250135258.jpg","Aleksandr Kasyanenko","GOALKEEPER","","KASYANENKO","","","Russie","Gardien","Aleksandr","Kasyanenko","Aleksandr Kasyanenko","Kasyanenko","257451","./assoc/257451_RUS.svg","./logo/53065.png","UEFA","RUS","53065","FAME","Lokomotiv Moskva","","https://img.uefa.com/imgml/TP/teams/logos/70x70/53065.png","https://img.uefa.com/imgml/TP/teams/logos/240x240/53065.png","253065","LMO","DOMESTIC_MEN_TEAM_A","","DOMESTIC","Russie","Lokomotiv Moskva","FC Lokomotiv Moskva","LMO","0","MINUTE","","","","","","",""
"250134679","2603790","23","2002-07-20","47","Wosz","GER","UNKNOWN","MIDFIELDER","MALE","","./image/250134679.jpg","Joscha Wosz","MIDFIELDER","","Wosz","","","Allemagne","Milieu","Joscha","Wosz","Joscha Wosz","Wosz","200047","./assoc/200047_GER.svg","./logo/2603790.png","UEFA","GER","2603790","FAME","Leipzig","","https://img.uefa.com/imgml/TP/teams/logos/70x70/2603790.png","https://img.uefa.com/imgml/TP/teams/logos/240x240/2603790.png","250002563","RBL","DOMESTIC_MEN_TEAM_A","","DOMESTIC","Allemagne","Leipzig","RB Leipzig","RBL","0","MINUTE","","","","","","",""
"250134672","2603790","23","2002-04-29","6","Martel","GER","UNKNOWN","MIDFIELDER","MALE","","./image/250134672.jpg","Eric Martel","MIDFIELDER","6","Martel","200047","","Allemagne","Milieu","Eric","Martel","Eric Martel","Martel","200047","./assoc/200047_GER.svg","./logo/2603790.png","UEFA","GER","2603790","FAME","Leipzig","","https://img.uefa.com/imgml/TP/teams/logos/70x70/2603790.png","https://img.uefa.com/imgml/TP/teams/logos/240x240/2603790.png","250002563","RBL","DOMESTIC_MEN_TEAM_A","","DOMESTIC","Allemagne","Leipzig","RB Leipzig","RBL","0","MINUTE","","","","","","",""
"250134379","55031","22","2003-02-13","30","P.Bonet","COD","GOALKEEPER","GOALKEEPER","MALE","","./image/250134379.jpg","Pépé Bonet","GOALKEEPER","","P. Bonet","","","RD Congo","Gardien","Pépé","Bonet","Pépé Bonet","Bonet","200043","./assoc/200043_FRA.svg","./logo/55031.png","UEFA","FRA","55031","FAME","Rennes","","https://img.uefa.com/imgml/TP/teams/logos/70x70/55031.png","https://img.uefa.com/imgml/TP/teams/logos/240x240/55031.png","255031","REN","DOMESTIC_MEN_TEAM_A","","DOMESTIC","France","Rennes","Stade Rennais FC","REN","0","MINUTE","","","","","","",""
"250134345","52973","23","2002-02-07","55","Furlanetto","ITA","GOALKEEPER","GOALKEEPER","MALE","","./image/250134345.jpg","Alessio Furlanetto","GOALKEEPER","","Furlanetto","","","Italie","Gardien","Alessio","Furlanetto","Alessio Furlanetto","Furlanetto","200066","./assoc/200066_ITA.svg","./logo/52973.png","UEFA","ITA","52973","FAME","Lazio","","https://img.uefa.com/imgml/TP/teams/logos/70x70/52973.png","https://img.uefa.com/imgml/TP/teams/logos/240x240/52973.png","252973","LAZ","DOMESTIC_MEN_TEAM_A","","DOMESTIC","Italie","Lazio","S.S. Lazio","LAZ","0","MINUTE","","","","","","",""
"250134344","52973","23","2002-08-07","14","Bertini","ITA","DEFENSIVE_MIDFIELDER","MIDFIELDER","MALE","","./image/250134344.jpg","Marco Bertini","MIDFIELDER","","Bertini","","","Italie","Milieu","Marco","Bertini","Marco Bertini","Bertini","200066","./assoc/200066_ITA.svg","./logo/52973.png","UEFA","ITA","52973","FAME","Lazio","","https://img.uefa.com/imgml/TP/teams/logos/70x70/52973.png","https://img.uefa.com/imgml/TP/teams/logos/240x240/52973.png","252973","LAZ","DOMESTIC_MEN_TEAM_A","","DOMESTIC","Italie","Lazio","S.S. Lazio","LAZ","0","MINUTE","","","","","","",""
"250134343","52973","23","2002-02-04","58","Pica","ITA","CENTRE_BACK","DEFENDER","MALE","","./image/250134343.jpg","Marzio Pica","DEFENDER","","Pica","","","Italie","Défenseur","Marzio","Pica","Marzio Pica","Pica","200066","./assoc/200066_ITA.svg","./logo/52973.png","UEFA","ITA","52973","FAME","Lazio","","https://img.uefa.com/imgml/TP/teams/logos/70x70/52973.png","https://img.uefa.com/imgml/TP/teams/logos/240x240/52973.png","252973","LAZ","DOMESTIC_MEN_TEAM_A","","DOMESTIC","Italie","Lazio","S.S. Lazio","LAZ","0","MINUTE","","","","","","",""
"250134341","52973","23","2002-02-22","54","Franco","ITA","CENTRE_BACK","DEFENDER","MALE","","./image/250134341.jpg","Damiano Franco","DEFENDER","","Franco","","","Italie","Défenseur","Damiano","Franco","Damiano Franco","Franco","200066","./assoc/200066_ITA.svg","./logo/52973.png","UEFA","ITA","52973","FAME","Lazio","","https://img.uefa.com/imgml/TP/teams/logos/70x70/52973.png","https://img.uefa.com/imgml/TP/teams/logos/240x240/52973.png","252973","LAZ","DOMESTIC_MEN_TEAM_A","","DOMESTIC","Italie","Lazio","S.S. Lazio","LAZ","0","MINUTE","","","","","","",""
"250132241","2610","23","2002-06-16","54","Nikolis","GRE","CENTRE_BACK","DEFENDER","MALE","","./image/250132241.jpg","Nikitas Nikolis","DEFENDER","","Nikolis","","","Grèce","Défenseur","Nikitas","Nikolis","Nikitas Nikolis","Nikolis","200049","./assoc/200049_GRE.svg","./logo/2610.png","UEFA","GRE","2610","FAME","Olympiacos","","https://img.uefa.com/imgml/TP/teams/logos/70x70/2610.png","https://img.uefa.com/imgml/TP/teams/logos/240x240/2610.png","202610","OLY","DOMESTIC_MEN_TEAM_A","","DOMESTIC","Grèce","Olympiacos","Olympiacos FC","OLY","0","MINUTE","","","","","","",""
"250131946","52298","24","2001-06-22","61","Bánki","HUN","GOALKEEPER","GOALKEEPER","MALE","","./image/250131946.jpg","Márton András Bánki","GOALKEEPER","","Bánki","","","Hongrie","Gardien","Márton András","Bánki","Márton András Bánki","Bánki","200057","./assoc/200057_HUN.svg","./logo/52298.png","UEFA","HUN","52298","FAME","Ferencváros","","https://img.uefa.com/imgml/TP/teams/logos/70x70/52298.png","https://img.uefa.com/imgml/TP/teams/logos/240x240/52298.png","252298","FER","DOMESTIC_MEN_TEAM_A","","DOMESTIC","Hongrie","Ferencváros","Ferencvárosi TC","FER","0","MINUTE","","","","","","",""
"250130274","52707","22","2003-01-24","71","Shostak","UKR","WINGER","MIDFIELDER","MALE","","./image/250130274.jpg","Denys Shostak","MIDFIELDER","11","Shostak","257166","","Ukraine","Milieu","Denys","Shostak","Denys Shostak","Shostak","257166","./assoc/257166_UKR.svg","./logo/52707.png","UEFA","UKR","52707","FAME","Shakhtar","","https://img.uefa.com/imgml/TP/teams/logos/70x70/52707.png","https://img.uefa.com/imgml/TP/teams/logos/240x240/52707.png","252707","SHK","DOMESTIC_MEN_TEAM_A","","DOMESTIC","Ukraine","Shakhtar","FC Shakhtar Donetsk","SHK","0","MINUTE","","","","","","",""
"250130268","52707","22","2003-03-12","34","Mampassi","UKR","CENTRE_BACK","DEFENDER","MALE","","./image/250130268.jpg","Mark Mampasi","DEFENDER","4","Mampassi","257166","","Ukraine","Défenseur","Mark","Mampasi","Mark Mampasi","Mampasi","257166","./assoc/257166_UKR.svg","./logo/52707.png","UEFA","UKR","52707","FAME","Shakhtar","","https://img.uefa.com/imgml/TP/teams/logos/70x70/52707.png","https://img.uefa.com/imgml/TP/teams/logos/240x240/52707.png","252707","SHK","DOMESTIC_MEN_TEAM_A","","DOMESTIC","Ukraine","Shakhtar","FC Shakhtar Donetsk","SHK","0","MINUTE","","","","","","",""
"250129981","52714","22","2003-08-15","26","Juanlu","ESP","UNKNOWN","MIDFIELDER","MALE","","./image/250129981.jpg","Juanlu","MIDFIELDER","16","JUANLU","200122","","Espagne","Milieu","","Juanlu","Juanlu","Juanlu","200122","./assoc/200122_ESP.svg","./logo/52714.png","UEFA","ESP","52714","FAME","Sevilla","","https://img.uefa.com/imgml/TP/teams/logos/70x70/52714.png","https://img.uefa.com/imgml/TP/teams/logos/240x240/52714.png","252714","SEV","DOMESTIC_MEN_TEAM_A","","DOMESTIC","Espagne","Sevilla","Sevilla FC","SEV","0","MINUTE","","","","","","",""
"250129755","52816","21","2003-12-11","42","Scalvini","ITA","UNKNOWN","DEFENDER","MALE","","./image/250129755.jpg","Giorgio Scalvini","DEFENDER","19","Scalvini","66","","Italie","Défenseur","Giorgio","Scalvini","Giorgio Scalvini","Scalvini","200066","./assoc/200066_ITA.svg","./logo/52816.png","UEFA","ITA","52816","FAME","Atalanta","","https://img.uefa.com/imgml/TP/teams/logos/70x70/52816.png","https://img.uefa.com/imgml/TP/teams/logos/240x240/52816.png","252816","ATA","DOMESTIC_MEN_TEAM_A","","DOMESTIC","Italie","Atalanta","Atalanta BC","ATA","0","MINUTE","","","","","","",""
"250129644","2610","22","2003-03-31","3","Kitsos","GRE","WINGER","DEFENDER","MALE","","./image/250129644.jpg","Fotios Kitsos","DEFENDER","3","Kitsos","200049","","Grèce","Défenseur","Fotios","Kitsos","Fotios Kitsos","Kitsos","200049","./assoc/200049_GRE.svg","./logo/2610.png","UEFA","GRE","2610","FAME","Olympiacos","","https://img.uefa.com/imgml/TP/teams/logos/70x70/2610.png","https://img.uefa.com/imgml/TP/teams/logos/240x240/2610.png","202610","OLY","DOMESTIC_MEN_TEAM_A","","DOMESTIC","Grèce","Olympiacos","Olympiacos FC","OLY","0","MINUTE","","","","","","",""
"250129408","2610","22","2002-11-08","88","Tzolakis","GRE","GOALKEEPER","GOALKEEPER","MALE","","./image/250129408.jpg","Kostas Tzolakis","GOALKEEPER","12","TZOLAKIS","49","","Grèce","Gardien","Kostas","Tzolakis","Kostas Tzolakis","Tzolakis","200049","./assoc/200049_GRE.svg","./logo/2610.png","UEFA","GRE","2610","FAME","Olympiacos","","https://img.uefa.com/imgml/TP/teams/logos/70x70/2610.png","https://img.uefa.com/imgml/TP/teams/logos/240x240/2610.png","202610","OLY","DOMESTIC_MEN_TEAM_A","","DOMESTIC","Grèce","Olympiacos","Olympiacos FC","OLY","0","MINUTE","","","","","","",""
"250128955","50138","23","2002-01-07","47","Squizzato","ITA","UNKNOWN","MIDFIELDER","MALE","","./image/250128955.jpg","Niccolò Squizzato","MIDFIELDER","16","Squizzato","400066","","Italie","Milieu","Niccolò","Squizzato","Niccolò Squizzato","Squizzato","200066","./assoc/200066_ITA.svg","./logo/50138.png","UEFA","ITA","50138","FAME","Inter","","https://img.uefa.com/imgml/TP/teams/logos/70x70/50138.png","https://img.uefa.com/imgml/TP/teams/logos/240x240/50138.png","250138","INT","DOMESTIC_MEN_TEAM_A","","DOMESTIC","Italie","Inter","FC Internazionale Milano","INT","0","MINUTE","","","","","","",""
"250128954","50138","23","2002-02-26","42","Moretti","ITA","","DEFENDER","MALE","","./image/250128954.jpg","Lorenzo Moretti","DEFENDER","5","Moretti","400066","","Italie","Défenseur","Lorenzo","Moretti","Lorenzo Moretti","Moretti","200066","./assoc/200066_ITA.svg","./logo/50138.png","UEFA","ITA","50138","FAME","Inter","","https://img.uefa.com/imgml/TP/teams/logos/70x70/50138.png","https://img.uefa.com/imgml/TP/teams/logos/240x240/50138.png","250138","INT","DOMESTIC_MEN_TEAM_A","","DOMESTIC","Italie","Inter","FC Internazionale Milano","INT","0","MINUTE","","","","","","",""
"250127677","50037","23","2001-10-26","59","Schneller","GER","UNKNOWN","GOALKEEPER","MALE","","./image/250127677.jpg","Lukas Schneller","GOALKEEPER","","Schneller","","","Allemagne","Gardien","Lukas","Schneller","Lukas Schneller","Schneller","200047","./assoc/200047_GER.svg","./logo/50037.png","UEFA","GER","50037","FAME","Bayern München","","https://img.uefa.com/imgml/TP/teams/logos/70x70/50037.png","https://img.uefa.com/imgml/TP/teams/logos/240x240/50037.png","250037","BAY","DOMESTIC_MEN_TEAM_A","","DOMESTIC","Allemagne","Bayern München","FC Bayern München","BAY","0","MINUTE","","","","","","",""
"250127238","52816","23","2002-06-02","21","Panada","ITA","","MIDFIELDER","MALE","","./image/250127238.jpg","Simone Panada","MIDFIELDER","4","Panada","200066","","Italie","Milieu","Simone","Panada","Simone Panada","Panada","200066","./assoc/200066_ITA.svg","./logo/52816.png","UEFA","ITA","52816","FAME","Atalanta","","https://img.uefa.com/imgml/TP/teams/logos/70x70/52816.png","https://img.uefa.com/imgml/TP/teams/logos/240x240/52816.png","252816","ATA","DOMESTIC_MEN_TEAM_A","","DOMESTIC","Italie","Atalanta","Atalanta BC","ATA","0","MINUTE","","","","","","",""
"250125340","52758","26","1999-04-20","40","Drljaca","GER","UNKNOWN","GOALKEEPER","MALE","","./image/250125340.jpg","Stefan Drljača","GOALKEEPER","","Drljača","","","Allemagne","Gardien","Stefan","Drljača","Stefan Drljača","Drljača","200047","./assoc/200047_GER.svg","./logo/52758.png","UEFA","GER","52758","FAME","B. Dortmund","","https://img.uefa.com/imgml/TP/teams/logos/70x70/52758.png","https://img.uefa.com/imgml/TP/teams/logos/240x240/52758.png","252758","BVB","DOMESTIC_MEN_TEAM_A","","DOMESTIC","Allemagne","B. Dortmund","Borussia Dortmund","BVB","0","MINUTE","","","","","","",""
"250125045","50051","25","2000-07-03","28","MARVIN","ESP","UNKNOWN","MIDFIELDER","MALE","","./image/250125045.jpg","Marvin Park","MIDFIELDER","","M. PARK","","","Espagne","Milieu","Marvin","Park","Marvin Park","Park","200122","./assoc/200122_ESP.svg","./logo/50051.png","UEFA","ESP","50051","FAME","Real Madrid","","https://img.uefa.com/imgml/TP/teams/logos/70x70/50051.png","https://img.uefa.com/imgml/TP/teams/logos/240x240/50051.png","250051","RMA","DOMESTIC_MEN_TEAM_A","","DOMESTIC","Espagne","Real Madrid","Real Madrid C.F.","RMA","0","MINUTE","","","","","","",""
"250124849","2603790","23","2002-02-24","10","Samardžić","SRB","UNKNOWN","MIDFIELDER","MALE","","./image/250124849.jpg","Lazar Samardžić","MIDFIELDER","10","Samardžić","147","","Serbie","Milieu","Lazar","Samardžić","Lazar Samardžić","Samardžić","200047","./assoc/200047_GER.svg","./logo/2603790.png","UEFA","GER","2603790","FAME","Leipzig","","https://img.uefa.com/imgml/TP/teams/logos/70x70/2603790.png","https://img.uefa.com/imgml/TP/teams/logos/240x240/2603790.png","250002563","RBL","DOMESTIC_MEN_TEAM_A","","DOMESTIC","Allemagne","Leipzig","RB Leipzig","RBL","0","MINUTE","","","","","","",""
"250124571","75795","24","2001-03-17","90","Birksø","DEN","UNKNOWN","GOALKEEPER","MALE","","./image/250124571.jpg","Valdemar Thorsen","GOALKEEPER","","Birksø","","","Danemark","Gardien","Valdemar","Thorsen","Valdemar Thorsen","Thorsen","200035","./assoc/200035_DEN.svg","./logo/75795.png","UEFA","DEN","75795","FAME","Midtjylland","","https://img.uefa.com/imgml/TP/teams/logos/70x70/75795.png","https://img.uefa.com/imgml/TP/teams/logos/240x240/75795.png","275795","MID","DOMESTIC_MEN_TEAM_A","","DOMESTIC","Danemark","Midtjylland","FC Midtjylland","MID","0","MINUTE","","","","","","",""
"250124560","75795","23","2002-03-10","24","Sørensen","DEN","UNKNOWN","MIDFIELDER","MALE","","./image/250124560.jpg","Oliver Sørensen","MIDFIELDER","6","Sørensen","200035","","Danemark","Milieu","Oliver","Sørensen","Oliver Sørensen","Sørensen","200035","./assoc/200035_DEN.svg","./logo/75795.png","UEFA","DEN","75795","FAME","Midtjylland","","https://img.uefa.com/imgml/TP/teams/logos/70x70/75795.png","https://img.uefa.com/imgml/TP/teams/logos/240x240/75795.png","275795","MID","DOMESTIC_MEN_TEAM_A","","DOMESTIC","Danemark","Midtjylland","FC Midtjylland","MID","0","MINUTE","","","","","","",""
"250124265","53065","25","2000-08-18","38","Titkov","RUS","","MIDFIELDER","MALE","","./image/250124265.jpg","Nikolai Titkov","MIDFIELDER","","Titkov","","","Russie","Milieu","Nikolai","Titkov","Nikolai Titkov","Titkov","257451","./assoc/257451_RUS.svg","./logo/53065.png","UEFA","RUS","53065","FAME","Lokomotiv Moskva","","https://img.uefa.com/imgml/TP/teams/logos/70x70/53065.png","https://img.uefa.com/imgml/TP/teams/logos/240x240/53065.png","253065","LMO","DOMESTIC_MEN_TEAM_A","","DOMESTIC","Russie","Lokomotiv Moskva","FC Lokomotiv Moskva","LMO","0","MINUTE","","","","","","",""
"250124259","53065","24","2001-01-08","82","Petukhov","RUS","","DEFENDER","MALE","","./image/250124259.jpg","Ilya Petukhov","DEFENDER","","Petukhov","","","Russie","Défenseur","Ilya","Petukhov","Ilya Petukhov","Petukhov","257451","./assoc/257451_RUS.svg","./logo/53065.png","UEFA","RUS","53065","FAME","Lokomotiv Moskva","","https://img.uefa.com/imgml/TP/teams/logos/70x70/53065.png","https://img.uefa.com/imgml/TP/teams/logos/240x240/53065.png","253065","LMO","DOMESTIC_MEN_TEAM_A","","DOMESTIC","Russie","Lokomotiv Moskva","FC Lokomotiv Moskva","LMO","0","MINUTE","","","","","","",""
"250124243","53065","24","2000-12-11","74","Chernyi","RUS","","DEFENDER","MALE","","./image/250124243.jpg","Artur Cherny","DEFENDER","","Chernyy","","","Russie","Défenseur","Artur","Cherny","Artur Cherny","Cherny","257451","./assoc/257451_RUS.svg","./logo/53065.png","UEFA","RUS","53065","FAME","Lokomotiv Moskva","","https://img.uefa.com/imgml/TP/teams/logos/70x70/53065.png","https://img.uefa.com/imgml/TP/teams/logos/240x240/53065.png","253065","LMO","DOMESTIC_MEN_TEAM_A","","DOMESTIC","Russie","Lokomotiv Moskva","FC Lokomotiv Moskva","LMO","0","MINUTE","","","","","","",""
"250124028","52747","24","2001-08-20","70","SAÏDANI","FRA","","GOALKEEPER","MALE","","./image/250124028.jpg","Yanis Saidani","GOALKEEPER","","SAIDANI","","","France","Gardien","Yanis","Saidani","Yanis Saidani","Saidani","200043","./assoc/200043_FRA.svg","./logo/52747.png","UEFA","FRA","52747","FAME","Paris","","https://img.uefa.com/imgml/TP/teams/logos/70x70/52747.png","https://img.uefa.com/imgml/TP/teams/logos/240x240/52747.png","252747","PSG","DOMESTIC_MEN_TEAM_A","","DOMESTIC","France","Paris","Paris Saint-Germain","PSG","0","MINUTE","","","","","","",""
"250124027","52747","23","2002-08-26","36","Ruiz","FRA","UNKNOWN","MIDFIELDER","MALE","","./image/250124027.jpg","Kays Ruiz-Atil","MIDFIELDER","","RUIZ ATIL","","","France","Milieu","Kays","Ruiz-Atil","Kays Ruiz-Atil","Ruiz-Atil","200043","./assoc/200043_FRA.svg","./logo/52747.png","UEFA","FRA","52747","FAME","Paris","","https://img.uefa.com/imgml/TP/teams/logos/70x70/52747.png","https://img.uefa.com/imgml/TP/teams/logos/240x240/52747.png","252747","PSG","DOMESTIC_MEN_TEAM_A","","DOMESTIC","France","Paris","Paris Saint-Germain","PSG","0","MINUTE","","","","","","",""
"250124024","52747","23","2002-02-21","39","Nagera","FRA","","FORWARD","MALE","","./image/250124024.jpg","Kenny Nagera","FORWARD","","NAGERA","","","France","Attaquant","Kenny","Nagera","Kenny Nagera","Nagera","200043","./assoc/200043_FRA.svg","./logo/52747.png","UEFA","FRA","52747","FAME","Paris","","https://img.uefa.com/imgml/TP/teams/logos/70x70/52747.png","https://img.uefa.com/imgml/TP/teams/logos/240x240/52747.png","252747","PSG","DOMESTIC_MEN_TEAM_A","","DOMESTIC","France","Paris","Paris Saint-Germain","PSG","0","MINUTE","","","","","","",""
"250124019","52747","24","2001-01-15","21","Fadiga","FRA","","MIDFIELDER","MALE","","./image/250124019.jpg","Bandiougou Fadiga","MIDFIELDER","","FADIGA","","","France","Milieu","Bandiougou","Fadiga","Bandiougou Fadiga","Fadiga","200043","./assoc/200043_FRA.svg","./logo/52747.png","UEFA","FRA","52747","FAME","Paris","","https://img.uefa.com/imgml/TP/teams/logos/70x70/52747.png","https://img.uefa.com/imgml/TP/teams/logos/240x240/52747.png","252747","PSG","DOMESTIC_MEN_TEAM_A","","DOMESTIC","France","Paris","Paris Saint-Germain","PSG","0","MINUTE","","","","","","",""
"250124006","50139","25","2000-04-22","1","Israel","URU","UNKNOWN","GOALKEEPER","MALE","","./image/250124006.jpg","Franco Israel","GOALKEEPER","","Israel","","","Uruguay","Gardien","Franco","Israel","Franco Israel","Israel","200066","./assoc/200066_ITA.svg","./logo/50139.png","UEFA","ITA","50139","FAME","Juventus","","https://img.uefa.com/imgml/TP/teams/logos/70x70/50139.png","https://img.uefa.com/imgml/TP/teams/logos/240x240/50139.png","250139","JUV","DOMESTIC_MEN_TEAM_A","","DOMESTIC","Italie","Juventus","Juventus","JUV","0","MINUTE","","","","","","",""
"250123996","50139","23","2002-02-06","49","Riccio","ITA","","DEFENDER","MALE","","./image/250123996.jpg","Alessandro Riccio","DEFENDER","17","Riccio","400066","","Italie","Défenseur","Alessandro","Riccio","Alessandro Riccio","Riccio","200066","./assoc/200066_ITA.svg","./logo/50139.png","UEFA","ITA","50139","FAME","Juventus","","https://img.uefa.com/imgml/TP/teams/logos/70x70/50139.png","https://img.uefa.com/imgml/TP/teams/logos/240x240/50139.png","250139","JUV","DOMESTIC_MEN_TEAM_A","","DOMESTIC","Italie","Juventus","Juventus","JUV","0","MINUTE","","","","","","",""
"250123995","50138","23","2002-02-25","35","Stanković","SRB","GOALKEEPER","GOALKEEPER","MALE","","./image/250123995.jpg","Filip Stankovic","GOALKEEPER","23","Stanković","147","","Serbie","Gardien","Filip","Stankovic","Filip Stankovic","Stankovic","200066","./assoc/200066_ITA.svg","./logo/50138.png","UEFA","ITA","50138","FAME","Inter","","https://img.uefa.com/imgml/TP/teams/logos/70x70/50138.png","https://img.uefa.com/imgml/TP/teams/logos/240x240/50138.png","250138","INT","DOMESTIC_MEN_TEAM_A","","DOMESTIC","Italie","Inter","FC Internazionale Milano","INT","0","MINUTE","","","","","","",""
"250123986","50138","23","2002-07-06","38","Boscolo Chio","ITA","","MIDFIELDER","MALE","","./image/250123986.jpg","Riccardo Boscolo Chio","MIDFIELDER","8","Boscolo Chio","400066","","Italie","Milieu","Riccardo","Boscolo Chio","Riccardo Boscolo Chio","Boscolo Chio","200066","./assoc/200066_ITA.svg","./logo/50138.png","UEFA","ITA","50138","FAME","Inter","","https://img.uefa.com/imgml/TP/teams/logos/70x70/50138.png","https://img.uefa.com/imgml/TP/teams/logos/240x240/50138.png","250138","INT","DOMESTIC_MEN_TEAM_A","","DOMESTIC","Italie","Inter","FC Internazionale Milano","INT","0","MINUTE","","","","","","",""
"250123985","50138","23","2002-03-28","50","Bonfanti","ITA","","FORWARD","MALE","","./image/250123985.jpg","Nicholas Bonfanti","FORWARD","18","Bonfanti","400066","","Italie","Attaquant","Nicholas","Bonfanti","Nicholas Bonfanti","Bonfanti","200066","./assoc/200066_ITA.svg","./logo/50138.png","UEFA","ITA","50138","FAME","Inter","","https://img.uefa.com/imgml/TP/teams/logos/70x70/50138.png","https://img.uefa.com/imgml/TP/teams/logos/240x240/50138.png","250138","INT","DOMESTIC_MEN_TEAM_A","","DOMESTIC","Italie","Inter","FC Internazionale Milano","INT","0","MINUTE","","","","","","",""
"250123708","50124","25","2000-08-24","3","M. Sánchez","ESP","","DEFENDER","MALE","","./image/250123708.jpg","Manu Sánchez","DEFENDER","20","MANU SÁNCHEZ","200122","","Espagne","Défenseur","","Manu Sánchez","Manu Sánchez","Manu Sánchez","200122","./assoc/200122_ESP.svg","./logo/50124.png","UEFA","ESP","50124","FAME","Atleti","","https://img.uefa.com/imgml/TP/teams/logos/70x70/50124.png","https://img.uefa.com/imgml/TP/teams/logos/240x240/50124.png","250124","ATM","DOMESTIC_MEN_TEAM_A","","DOMESTIC","Espagne","Atleti","Atlético de Madrid","ATM","0","MINUTE","","","","","","",""
"250123707","50124","25","2000-03-29","35","JM SANABRIA","URU","","MIDFIELDER","MALE","","./image/250123707.jpg","Juan Manuel Sanabria","MIDFIELDER","","J.M. Sanabria","","","Uruguay","Milieu","Juan Manuel","Sanabria","Juan Manuel Sanabria","Sanabria","200122","./assoc/200122_ESP.svg","./logo/50124.png","UEFA","ESP","50124","FAME","Atleti","","https://img.uefa.com/imgml/TP/teams/logos/70x70/50124.png","https://img.uefa.com/imgml/TP/teams/logos/240x240/50124.png","250124","ATM","DOMESTIC_MEN_TEAM_A","","DOMESTIC","Espagne","Atleti","Atlético de Madrid","ATM","0","MINUTE","","","","","","",""
"250123695","50043","24","2000-12-22","55","De Cuyper","BEL","FULL_BACK","MIDFIELDER","MALE","","./image/250123695.jpg","Maxim De Cuyper","MIDFIELDER","5","De Cuyper","13","","Belgique","Milieu","Maxim","De Cuyper","Maxim De Cuyper","De Cuyper","200013","./assoc/200013_BEL.svg","./logo/50043.png","UEFA","BEL","50043","FAME","Club Brugge","","https://img.uefa.com/imgml/TP/teams/logos/70x70/50043.png","https://img.uefa.com/imgml/TP/teams/logos/240x240/50043.png","250043","BRU","DOMESTIC_MEN_TEAM_A","","DOMESTIC","Belgique","Club Brugge","Club Brugge KV","BRU","0","MINUTE","","","","","","",""
"250123690","50043","23","2002-06-04","23","Baeten","BEL","","FORWARD","MALE","","./image/250123690.jpg","Thibo Baeten","FORWARD","14","Baeten","200013","","Belgique","Attaquant","Thibo","Baeten","Thibo Baeten","Baeten","200013","./assoc/200013_BEL.svg","./logo/50043.png","UEFA","BEL","50043","FAME","Club Brugge","","https://img.uefa.com/imgml/TP/teams/logos/70x70/50043.png","https://img.uefa.com/imgml/TP/teams/logos/240x240/50043.png","250043","BRU","DOMESTIC_MEN_TEAM_A","","DOMESTIC","Belgique","Club Brugge","Club Brugge KV","BRU","0","MINUTE","","","","","","",""
"250123555","50143","22","2003-01-18","2","RENSCH","NED","CENTRE_BACK","DEFENDER","MALE","","./image/250123555.jpg","Devyne Rensch","DEFENDER","15","Rensch","95","","Pays-Bas","Défenseur","Devyne","Rensch","Devyne Rensch","Rensch","200095","./assoc/200095_NED.svg","./logo/50143.png","UEFA","NED","50143","FAME","Ajax","","https://img.uefa.com/imgml/TP/teams/logos/70x70/50143.png","https://img.uefa.com/imgml/TP/teams/logos/240x240/50143.png","250143","AJX","DOMESTIC_MEN_TEAM_A","","DOMESTIC","Pays-Bas","Ajax","AFC Ajax","AJX","0","MINUTE","","","","","","",""
"250123304","50143","25","2000-01-23","37","Scherpen","NED","GOALKEEPER","GOALKEEPER","MALE","","./image/250123304.jpg","Kjell Scherpen","GOALKEEPER","1","Scherpen","95","","Pays-Bas","Gardien","Kjell","Scherpen","Kjell Scherpen","Scherpen","200095","./assoc/200095_NED.svg","./logo/50143.png","UEFA","NED","50143","FAME","Ajax","","https://img.uefa.com/imgml/TP/teams/logos/70x70/50143.png","https://img.uefa.com/imgml/TP/teams/logos/240x240/50143.png","250143","AJX","DOMESTIC_MEN_TEAM_A","","DOMESTIC","Pays-Bas","Ajax","AFC Ajax","AJX","0","MINUTE","","","","","","",""
"250122994","52973","25","2000-04-26","71","Alia","ALB","GOALKEEPER","GOALKEEPER","MALE","","./image/250122994.jpg","Marco Alia","GOALKEEPER","1","Alia","200002","","Albanie","Gardien","Marco","Alia","Marco Alia","Alia","200066","./assoc/200066_ITA.svg","./logo/52973.png","UEFA","ITA","52973","FAME","Lazio","","https://img.uefa.com/imgml/TP/teams/logos/70x70/52973.png","https://img.uefa.com/imgml/TP/teams/logos/240x240/52973.png","252973","LAZ","DOMESTIC_MEN_TEAM_A","","DOMESTIC","Italie","Lazio","S.S. Lazio","LAZ","0","MINUTE","","","","","","",""
"250121493","52707","26","1999-02-09","6","M. CIPRIANO","BRA","WINGER","DEFENDER","MALE","","./image/250121493.jpg","Marquinhos","MIDFIELDER","","Cipriano","","","Brésil","Défenseur","","Marquinhos","Marquinhos","Marquinhos","257166","./assoc/257166_UKR.svg","./logo/52707.png","UEFA","UKR","52707","FAME","Shakhtar","","https://img.uefa.com/imgml/TP/teams/logos/70x70/52707.png","https://img.uefa.com/imgml/TP/teams/logos/240x240/52707.png","252707","SHK","DOMESTIC_MEN_TEAM_A","","DOMESTIC","Ukraine","Shakhtar","FC Shakhtar Donetsk","SHK","0","MINUTE","","","","","","",""
"250121134","52707","26","1999-04-29","99","Vakula","UKR","UNKNOWN","MIDFIELDER","MALE","","./image/250121134.jpg","Vladyslav Vakula","FORWARD","7","Vakula","257166","","Ukraine","Milieu","Vladyslav","Vakula","Vladyslav Vakula","Vakula","257166","./assoc/257166_UKR.svg","./logo/52707.png","UEFA","UKR","52707","FAME","Shakhtar","","https://img.uefa.com/imgml/TP/teams/logos/70x70/52707.png","https://img.uefa.com/imgml/TP/teams/logos/240x240/52707.png","252707","SHK","DOMESTIC_MEN_TEAM_A","","DOMESTIC","Ukraine","Shakhtar","FC Shakhtar Donetsk","SHK","0","MINUTE","","","","","","",""
"250119517","52748","30","1995-04-27","24","Khaoui","TUN","UNKNOWN","MIDFIELDER","MALE","","./image/250119517.jpg","Saif-Eddine Khaoui","MIDFIELDER","","Khaoui","134","","Tunisie","Milieu","Saif-Eddine","Khaoui","Saif-Eddine Khaoui","Khaoui","200043","./assoc/200043_FRA.svg","./logo/52748.png","UEFA","FRA","52748","FAME","Marseille","","https://img.uefa.com/imgml/TP/teams/logos/70x70/52748.png","https://img.uefa.com/imgml/TP/teams/logos/240x240/52748.png","252748","MAR","DOMESTIC_MEN_TEAM_A","","DOMESTIC","France","Marseille","Olympique de Marseille","MAR","0","MINUTE","","","","","","",""
"250119179","52723","23","2002-04-06","22","Skorko","UKR","","DEFENDER","MALE","","./image/250119179.jpg","Danil Skorko","DEFENDER","19","Skorko","257166","","Ukraine","Défenseur","Danil","Skorko","Danil Skorko","Skorko","257166","./assoc/257166_UKR.svg","./logo/52723.png","UEFA","UKR","52723","FAME","Dynamo Kyiv","","https://img.uefa.com/imgml/TP/teams/logos/70x70/52723.png","https://img.uefa.com/imgml/TP/teams/logos/240x240/52723.png","252723","DKY","DOMESTIC_MEN_TEAM_A","","DOMESTIC","Ukraine","Dynamo Kyiv","FC Dynamo Kyiv","DKY","0","MINUTE","","","","","","",""
"250119170","52707","23","2002-07-13","18","Honcharuk","UKR","WINGER","FORWARD","MALE","","./image/250119170.jpg","Danylo Honcharuk","MIDFIELDER","13","Honcharuk","457166","","Ukraine","Attaquant","Danylo","Honcharuk","Danylo Honcharuk","Honcharuk","257166","./assoc/257166_UKR.svg","./logo/52707.png","UEFA","UKR","52707","FAME","Shakhtar","","https://img.uefa.com/imgml/TP/teams/logos/70x70/52707.png","https://img.uefa.com/imgml/TP/teams/logos/240x240/52707.png","252707","SHK","DOMESTIC_MEN_TEAM_A","","DOMESTIC","Ukraine","Shakhtar","FC Shakhtar Donetsk","SHK","0","MINUTE","","","","","","",""
"250118935","52914","23","2002-09-05","47","Bergström","FIN","UNKNOWN","GOALKEEPER","MALE","","./image/250118935.jpg","Lucas Bergström","GOALKEEPER","23","Bergström","42","","Finlande","Gardien","Lucas","Bergström","Lucas Bergström","Bergström","200039","./assoc/200039_ENG.svg","./logo/52914.png","UEFA","ENG","52914","FAME","Chelsea","","https://img.uefa.com/imgml/TP/teams/logos/70x70/52914.png","https://img.uefa.com/imgml/TP/teams/logos/240x240/52914.png","252914","CHE","DOMESTIC_MEN_TEAM_A","","DOMESTIC","Angleterre","Chelsea","Chelsea FC","CHE","","","","","","","","",""
"250118908","50043","23","2002-07-07","91","Lammens","BEL","GOALKEEPER","GOALKEEPER","MALE","","./image/250118908.jpg","Senne Lammens","GOALKEEPER","12","Lammens","13","","Belgique","Gardien","Senne","Lammens","Senne Lammens","Lammens","200013","./assoc/200013_BEL.svg","./logo/50043.png","UEFA","BEL","50043","FAME","Club Brugge","","https://img.uefa.com/imgml/TP/teams/logos/70x70/50043.png","https://img.uefa.com/imgml/TP/teams/logos/240x240/50043.png","250043","BRU","DOMESTIC_MEN_TEAM_A","","DOMESTIC","Belgique","Club Brugge","Club Brugge KV","BRU","0","MINUTE","","","","","","",""
"250117551","2610","23","2002-04-11","56","Tsavos","GRE","FULL_BACK","DEFENDER","MALE","","./image/250117551.jpg","Angelos Tsavos","DEFENDER","2","Tsavos","400049","","Grèce","Défenseur","Angelos","Tsavos","Angelos Tsavos","Tsavos","200049","./assoc/200049_GRE.svg","./logo/2610.png","UEFA","GRE","2610","FAME","Olympiacos","","https://img.uefa.com/imgml/TP/teams/logos/70x70/2610.png","https://img.uefa.com/imgml/TP/teams/logos/240x240/2610.png","202610","OLY","DOMESTIC_MEN_TEAM_A","","DOMESTIC","Grèce","Olympiacos","Olympiacos FC","OLY","0","MINUTE","","","","","","",""
"250117550","2610","22","2002-11-16","90","Sourlis","GRE","ATTACKING_MIDFIELDER","MIDFIELDER","MALE","","./image/250117550.jpg","Vasilis Sourlis","MIDFIELDER","10","Sourlis","200049","","Grèce","Milieu","Vasilis","Sourlis","Vasilis Sourlis","Sourlis","200049","./assoc/200049_GRE.svg","./logo/2610.png","UEFA","GRE","2610","FAME","Olympiacos","","https://img.uefa.com/imgml/TP/teams/logos/70x70/2610.png","https://img.uefa.com/imgml/TP/teams/logos/240x240/2610.png","202610","OLY","DOMESTIC_MEN_TEAM_A","","DOMESTIC","Grèce","Olympiacos","Olympiacos FC","OLY","0","MINUTE","","","","","","",""
"250117515","52919","23","2002-10-10","1","Trafford","ENG","UNKNOWN","GOALKEEPER","MALE","","./image/250117515.jpg","James Trafford","GOALKEEPER","22","Trafford","39","","Angleterre","Gardien","James","Trafford","James Trafford","Trafford","200039","./assoc/200039_ENG.svg","./logo/52919.png","UEFA","ENG","52919","FAME","Man City","","https://img.uefa.com/imgml/TP/teams/logos/70x70/52919.png","https://img.uefa.com/imgml/TP/teams/logos/240x240/52919.png","252919","MCI","DOMESTIC_MEN_TEAM_A","","DOMESTIC","Angleterre","Man City","Manchester City","MCI","0","MINUTE","","","","","","",""
"250117509","52682","23","2002-04-30","43","Mengi","ENG","CENTRE_BACK","DEFENDER","MALE","","./image/250117509.jpg","Teden Mengi","DEFENDER","2","Mengi","200039","","Angleterre","Défenseur","Teden","Mengi","Teden Mengi","Mengi","200039","./assoc/200039_ENG.svg","./logo/52682.png","UEFA","ENG","52682","FAME","Man Utd","","https://img.uefa.com/imgml/TP/teams/logos/70x70/52682.png","https://img.uefa.com/imgml/TP/teams/logos/240x240/52682.png","252682","MUN","DOMESTIC_MEN_TEAM_A","","DOMESTIC","Angleterre","Man Utd","Manchester United","MUN","0","MINUTE","","","","","","",""
"250117508","52914","22","2002-11-12","21","Livramento","ENG","UNKNOWN","DEFENDER","MALE","","./image/250117508.jpg","Tino Livramento","DEFENDER","14","Livramento","39","","Angleterre","Défenseur","Tino","Livramento","Tino Livramento","Livramento","200039","./assoc/200039_ENG.svg","./logo/52914.png","UEFA","ENG","52914","FAME","Chelsea","","https://img.uefa.com/imgml/TP/teams/logos/70x70/52914.png","https://img.uefa.com/imgml/TP/teams/logos/240x240/52914.png","252914","CHE","DOMESTIC_MEN_TEAM_A","","DOMESTIC","Angleterre","Chelsea","Chelsea FC","CHE","","","","","","","","",""
"250117505","52919","23","2002-01-30","6","Harwood-Bellis","ENG","UNKNOWN","DEFENDER","MALE","","./image/250117505.jpg","Taylor Harwood-Bellis","DEFENDER","16","Harwood-Bellis","39","","Angleterre","Défenseur","Taylor","Harwood-Bellis","Taylor Harwood-Bellis","Harwood-Bellis","200039","./assoc/200039_ENG.svg","./logo/52919.png","UEFA","ENG","52919","FAME","Man City","","https://img.uefa.com/imgml/TP/teams/logos/70x70/52919.png","https://img.uefa.com/imgml/TP/teams/logos/240x240/52919.png","252919","MCI","DOMESTIC_MEN_TEAM_A","","DOMESTIC","Angleterre","Man City","Manchester City","MCI","0","MINUTE","","","","","","",""
"250117377","50030","25","2000-02-07","22","Solet","FRA","CENTRE_BACK","DEFENDER","MALE","","./image/250117377.jpg","Oumar Solet","DEFENDER","4","Solet","300043","","France","Défenseur","Oumar","Solet","Oumar Solet","Solet","200008","./assoc/200008_AUT.svg","./logo/50030.png","UEFA","AUT","50030","FAME","Salzburg","","https://img.uefa.com/imgml/TP/teams/logos/70x70/50030.png","https://img.uefa.com/imgml/TP/teams/logos/240x240/50030.png","250030","SAL","DOMESTIC_MEN_TEAM_A","","DOMESTIC","Autriche","Salzburg","FC Salzburg","SAL","0","MINUTE","","","","","","",""
"250117350","50124","25","2000-02-22","29","RICARD","ESP","UNKNOWN","DEFENDER","MALE","","./image/250117350.jpg","Ricard Sánchez","DEFENDER","12","RICARD","300122","","Espagne","Défenseur","","Ricard Sánchez","Ricard Sánchez","Ricard Sánchez","200122","./assoc/200122_ESP.svg","./logo/50124.png","UEFA","ESP","50124","FAME","Atleti","","https://img.uefa.com/imgml/TP/teams/logos/70x70/50124.png","https://img.uefa.com/imgml/TP/teams/logos/240x240/50124.png","250124","ATM","DOMESTIC_MEN_TEAM_A","","DOMESTIC","Espagne","Atleti","Atlético de Madrid","ATM","0","MINUTE","","","","","","",""
"250116330","50051","25","2000-02-22","26","ALTUBE","ESP","UNKNOWN","GOALKEEPER","MALE","","./image/250116330.jpg","Diego Altube","GOALKEEPER","","ALTUBE","","","Espagne","Gardien","Diego","Altube","Diego Altube","Altube","200122","./assoc/200122_ESP.svg","./logo/50051.png","UEFA","ESP","50051","FAME","Real Madrid","","https://img.uefa.com/imgml/TP/teams/logos/70x70/50051.png","https://img.uefa.com/imgml/TP/teams/logos/240x240/50051.png","250051","RMA","DOMESTIC_MEN_TEAM_A","","DOMESTIC","Espagne","Real Madrid","Real Madrid C.F.","RMA","0","MINUTE","","","","","","",""
"250116227","52816","24","2001-05-02","25","Gelmi","ITA","","GOALKEEPER","MALE","","./image/250116227.jpg","Ludovico Gelmi","GOALKEEPER","12","Gelmi","400066","","Italie","Gardien","Ludovico","Gelmi","Ludovico Gelmi","Gelmi","200066","./assoc/200066_ITA.svg","./logo/52816.png","UEFA","ITA","52816","FAME","Atalanta","","https://img.uefa.com/imgml/TP/teams/logos/70x70/52816.png","https://img.uefa.com/imgml/TP/teams/logos/240x240/52816.png","252816","ATA","DOMESTIC_MEN_TEAM_A","","DOMESTIC","Italie","Atalanta","Atalanta BC","ATA","0","MINUTE","","","","","","",""
"250116016","50124","23","2002-03-16","41","Valera","ESP","UNKNOWN","FORWARD","MALE","","./image/250116016.jpg","Germán Valera","FORWARD","10","GERMAN VALERA","400122","","Espagne","Attaquant","Germán","Valera","Germán Valera","Valera","200122","./assoc/200122_ESP.svg","./logo/50124.png","UEFA","ESP","50124","FAME","Atleti","","https://img.uefa.com/imgml/TP/teams/logos/70x70/50124.png","https://img.uefa.com/imgml/TP/teams/logos/240x240/50124.png","250124","ATM","DOMESTIC_MEN_TEAM_A","","DOMESTIC","Espagne","Atleti","Atlético de Madrid","ATM","0","MINUTE","","","","","","",""
"250113666","2601038","24","2001-07-01","67","Kutovoi","RUS","STRIKER","FORWARD","MALE","","./image/250113666.jpg","Maksim Kutovoi","FORWARD","17","","357451","","Russie","Attaquant","Maksim","Kutovoi","Maksim Kutovoi","Kutovoi","257451","./assoc/257451_RUS.svg","./logo/2601038.png","UEFA","RUS","2601038","FAME","Krasnodar","","https://img.uefa.com/imgml/TP/teams/logos/70x70/2601038.png","https://img.uefa.com/imgml/TP/teams/logos/240x240/2601038.png","250000383","KRA","DOMESTIC_MEN_TEAM_A","","DOMESTIC","Russie","Krasnodar","FC Krasnodar","KRA","0","MINUTE","","","","","","",""
"250113497","52723","24","2001-08-10","51","Morhun","UKR","","GOALKEEPER","MALE","","./image/250113497.jpg","Valentyn Morgun","GOALKEEPER","","Morhun","257166","","Ukraine","Gardien","Valentyn","Morgun","Valentyn Morgun","Morgun","257166","./assoc/257166_UKR.svg","./logo/52723.png","UEFA","UKR","52723","FAME","Dynamo Kyiv","","https://img.uefa.com/imgml/TP/teams/logos/70x70/52723.png","https://img.uefa.com/imgml/TP/teams/logos/240x240/52723.png","252723","DKY","DOMESTIC_MEN_TEAM_A","","DOMESTIC","Ukraine","Dynamo Kyiv","FC Dynamo Kyiv","DKY","0","MINUTE","","","","","","",""
"250113418","52714","25","2000-03-28","40","Adrián","ESP","","GOALKEEPER","MALE","","./image/250113418.jpg","Adrián González","GOALKEEPER","","Adrián González","","","Espagne","Gardien","","Adrián González","Adrián González","Adrián González","200122","./assoc/200122_ESP.svg","./logo/52714.png","UEFA","ESP","52714","FAME","Sevilla","","https://img.uefa.com/imgml/TP/teams/logos/70x70/52714.png","https://img.uefa.com/imgml/TP/teams/logos/240x240/52714.png","252714","SEV","DOMESTIC_MEN_TEAM_A","","DOMESTIC","Espagne","Sevilla","Sevilla FC","SEV","0","MINUTE","","","","","","",""
"250113314","2610","23","2002-06-29","44","Karargyris","GRE","GOALKEEPER","GOALKEEPER","MALE","","./image/250113314.jpg","Ilias Karargyris","GOALKEEPER","12","Karargyris","400049","","Grèce","Gardien","Ilias","Karargyris","Ilias Karargyris","Karargyris","200049","./assoc/200049_GRE.svg","./logo/2610.png","UEFA","GRE","2610","FAME","Olympiacos","","https://img.uefa.com/imgml/TP/teams/logos/70x70/2610.png","https://img.uefa.com/imgml/TP/teams/logos/240x240/2610.png","202610","OLY","DOMESTIC_MEN_TEAM_A","","DOMESTIC","Grèce","Olympiacos","Olympiacos FC","OLY","0","MINUTE","","","","","","",""
"250113263","7889","24","2001-07-23","1","Jaros","CZE","","GOALKEEPER","MALE","","./image/250113263.jpg","Vitězslav Jaroš","GOALKEEPER","23","Jaroš","58837","","Tchéquie","Gardien","Vitězslav","Jaroš","Vitězslav Jaroš","Jaroš","200039","./assoc/200039_ENG.svg","./logo/7889.png","UEFA","ENG","7889","FAME","Liverpool","","https://img.uefa.com/imgml/TP/teams/logos/70x70/7889.png","https://img.uefa.com/imgml/TP/teams/logos/240x240/7889.png","207889","LIV","DOMESTIC_MEN_TEAM_A","","DOMESTIC","Angleterre","Liverpool","Liverpool FC","LIV","0","MINUTE","","","","","","",""
"250113254","7889","24","2001-09-02","64","Cain","ENG","","MIDFIELDER","MALE","","./image/250113254.jpg","Jake Cain","MIDFIELDER","","Cain","","","Angleterre","Milieu","Jake","Cain","Jake Cain","Cain","200039","./assoc/200039_ENG.svg","./logo/7889.png","UEFA","ENG","7889","FAME","Liverpool","","https://img.uefa.com/imgml/TP/teams/logos/70x70/7889.png","https://img.uefa.com/imgml/TP/teams/logos/240x240/7889.png","207889","LIV","DOMESTIC_MEN_TEAM_A","","DOMESTIC","Angleterre","Liverpool","Liverpool FC","LIV","0","MINUTE","","","","","","",""
"250113237","50139","24","2001-02-12","44","Fagioli","ITA","UNKNOWN","MIDFIELDER","MALE","","./image/250113237.jpg","Nicolò Fagioli","MIDFIELDER","7","Fagioli","66","","Italie","Milieu","Nicolò","Fagioli","Nicolò Fagioli","Fagioli","200066","./assoc/200066_ITA.svg","./logo/50139.png","UEFA","ITA","50139","FAME","Juventus","","https://img.uefa.com/imgml/TP/teams/logos/70x70/50139.png","https://img.uefa.com/imgml/TP/teams/logos/240x240/50139.png","250139","JUV","DOMESTIC_MEN_TEAM_A","","DOMESTIC","Italie","Juventus","Juventus","JUV","0","MINUTE","","","","","","",""
"250113235","50139","26","1999-07-18","36","Di Pardo","ITA","","DEFENDER","MALE","","./image/250113235.jpg","Alessandro Di Pardo","MIDFIELDER","","Di Pardo","","","Italie","Défenseur","Alessandro","Di Pardo","Alessandro Di Pardo","Di Pardo","200066","./assoc/200066_ITA.svg","./logo/50139.png","UEFA","ITA","50139","FAME","Juventus","","https://img.uefa.com/imgml/TP/teams/logos/70x70/50139.png","https://img.uefa.com/imgml/TP/teams/logos/240x240/50139.png","250139","JUV","DOMESTIC_MEN_TEAM_A","","DOMESTIC","Italie","Juventus","Juventus","JUV","0","MINUTE","","","","","","",""
"250113152","52919","24","2001-05-26","82","Bernabe","ESP","","MIDFIELDER","MALE","","./image/250113152.jpg","Adrián Bernabé","MIDFIELDER","22","A. BERNABÉ","200122","","Espagne","Milieu","Adrián","Bernabé","Adrián Bernabé","Bernabé","200039","./assoc/200039_ENG.svg","./logo/52919.png","UEFA","ENG","52919","FAME","Man City","","https://img.uefa.com/imgml/TP/teams/logos/70x70/52919.png","https://img.uefa.com/imgml/TP/teams/logos/240x240/52919.png","252919","MCI","DOMESTIC_MEN_TEAM_A","","DOMESTIC","Angleterre","Man City","Manchester City","MCI","0","MINUTE","","","","","","",""
"250113110","52914","24","2001-09-21","47","Lawrence","ENG","UNKNOWN","MIDFIELDER","MALE","","./image/250113110.jpg","Henry Lawrence","MIDFIELDER","","Lawrence","300039","","Angleterre","Milieu","Henry","Lawrence","Henry Lawrence","Lawrence","200039","./assoc/200039_ENG.svg","./logo/52914.png","UEFA","ENG","52914","FAME","Chelsea","","https://img.uefa.com/imgml/TP/teams/logos/70x70/52914.png","https://img.uefa.com/imgml/TP/teams/logos/240x240/52914.png","252914","CHE","DOMESTIC_MEN_TEAM_A","","DOMESTIC","Angleterre","Chelsea","Chelsea FC","CHE","","","","","","","","",""
"250113108","52914","24","2001-05-11","40","Ziger","CRO","UNKNOWN","GOALKEEPER","MALE","","./image/250113108.jpg","Karlo Ziger","GOALKEEPER","1","Ziger","356370","","Croatie","Gardien","Karlo","Ziger","Karlo Ziger","Ziger","200039","./assoc/200039_ENG.svg","./logo/52914.png","UEFA","ENG","52914","FAME","Chelsea","","https://img.uefa.com/imgml/TP/teams/logos/70x70/52914.png","https://img.uefa.com/imgml/TP/teams/logos/240x240/52914.png","252914","CHE","DOMESTIC_MEN_TEAM_A","","DOMESTIC","Angleterre","Chelsea","Chelsea FC","CHE","0","MINUTE","","","","","","",""
"250112557","2603790","23","2002-01-26","41","Borkowski","GER","UNKNOWN","FORWARD","MALE","","./image/250112557.jpg","Dennis Borkowski","FORWARD","","","","","Allemagne","Attaquant","Dennis","Borkowski","Dennis Borkowski","Borkowski","200047","./assoc/200047_GER.svg","./logo/2603790.png","UEFA","GER","2603790","FAME","Leipzig","","https://img.uefa.com/imgml/TP/teams/logos/70x70/2603790.png","https://img.uefa.com/imgml/TP/teams/logos/240x240/2603790.png","250002563","RBL","DOMESTIC_MEN_TEAM_A","","DOMESTIC","Allemagne","Leipzig","RB Leipzig","RBL","0","MINUTE","","","","","","",""
"250112332","50051","24","2001-01-03","43","SANTOS","ESP","","DEFENDER","MALE","","./image/250112332.jpg","Sergio Santos","DEFENDER","2","Santos Fernández","300122","","Espagne","Défenseur","Sergio","Santos","Sergio Santos","Santos","200122","./assoc/200122_ESP.svg","./logo/50051.png","UEFA","ESP","50051","FAME","Real Madrid","","https://img.uefa.com/imgml/TP/teams/logos/70x70/50051.png","https://img.uefa.com/imgml/TP/teams/logos/240x240/50051.png","250051","RMA","DOMESTIC_MEN_TEAM_A","","DOMESTIC","Espagne","Real Madrid","Real Madrid C.F.","RMA","0","MINUTE","","","","","","",""
"250112220","50037","25","2000-04-02","44","Stanišić","CRO","UNKNOWN","DEFENDER","MALE","","./image/250112220.jpg","Josip Stanišić","DEFENDER","2","Stanišić","56370","","Croatie","Défenseur","Josip","Stanišić","Josip Stanišić","Stanišić","200047","./assoc/200047_GER.svg","./logo/50037.png","UEFA","GER","50037","FAME","Bayern München","","https://img.uefa.com/imgml/TP/teams/logos/70x70/50037.png","https://img.uefa.com/imgml/TP/teams/logos/240x240/50037.png","250037","BAY","DOMESTIC_MEN_TEAM_A","","DOMESTIC","Allemagne","Bayern München","FC Bayern München","BAY","0","MINUTE","","","","","","",""
"250111187","2601038","26","1999-01-11","15","Matsukatov","RUS","CENTRAL_MIDFIELDER","MIDFIELDER","MALE","","./image/250111187.jpg","Aleks Matsukatov","MIDFIELDER","","MATSUKATOV","","","Russie","Milieu","Aleks","Matsukatov","Aleks Matsukatov","Matsukatov","257451","./assoc/257451_RUS.svg","./logo/2601038.png","UEFA","RUS","2601038","FAME","Krasnodar","","https://img.uefa.com/imgml/TP/teams/logos/70x70/2601038.png","https://img.uefa.com/imgml/TP/teams/logos/240x240/2601038.png","250000383","KRA","DOMESTIC_MEN_TEAM_A","","DOMESTIC","Russie","Krasnodar","FC Krasnodar","KRA","0","MINUTE","","","","","","",""
"250111147","52748","26","1998-11-19","5","Perrin","FRA","CENTRE_BACK","DEFENDER","MALE","","./image/250111147.jpg","Lucas Perrin","DEFENDER","","PERRIN","","","France","Défenseur","Lucas","Perrin","Lucas Perrin","Perrin","200043","./assoc/200043_FRA.svg","./logo/52748.png","UEFA","FRA","52748","FAME","Marseille","","https://img.uefa.com/imgml/TP/teams/logos/70x70/52748.png","https://img.uefa.com/imgml/TP/teams/logos/240x240/52748.png","252748","MAR","DOMESTIC_MEN_TEAM_A","","DOMESTIC","France","Marseille","Olympique de Marseille","MAR","0","MINUTE","","","","","","",""
"250111089","52826","33","1991-11-13","99","Lunev","RUS","GOALKEEPER","GOALKEEPER","MALE","","./image/250111089.jpg","Andrey Lunev","GOALKEEPER","16","Lunev","57451","","Russie","Gardien","Andrey","Lunev","Andrey Lunev","Lunev","257451","./assoc/257451_RUS.svg","./logo/52826.png","UEFA","RUS","52826","FAME","Zenit","","https://img.uefa.com/imgml/TP/teams/logos/70x70/52826.png","https://img.uefa.com/imgml/TP/teams/logos/240x240/52826.png","252826","ZEN","DOMESTIC_MEN_TEAM_A","","DOMESTIC","Russie","Zenit","FC Zenit","ZEN","0","MINUTE","","","","","","",""
"250110406","50030","28","1996-12-29","31","Coronel","BRA","GOALKEEPER","GOALKEEPER","MALE","","./image/250110406.jpg","Carlos Miguel Coronel","GOALKEEPER","","Coronel","","","Brésil","Gardien","Carlos Miguel","Coronel","Carlos Miguel Coronel","Coronel","200008","./assoc/200008_AUT.svg","./logo/50030.png","UEFA","AUT","50030","FAME","Salzburg","","https://img.uefa.com/imgml/TP/teams/logos/70x70/50030.png","https://img.uefa.com/imgml/TP/teams/logos/240x240/50030.png","250030","SAL","DOMESTIC_MEN_TEAM_A","","DOMESTIC","Autriche","Salzburg","FC Salzburg","SAL","0","MINUTE","","","","","","",""
"250108303","52723","25","2000-06-11","34","Syrota","UKR","CENTRE_BACK","DEFENDER","MALE","","./image/250108303.jpg","Oleksandr Syrota","DEFENDER","18","Syrota","57166","","Ukraine","Défenseur","Oleksandr","Syrota","Oleksandr Syrota","Syrota","257166","./assoc/257166_UKR.svg","./logo/52723.png","UEFA","UKR","52723","FAME","Dynamo Kyiv","","https://img.uefa.com/imgml/TP/teams/logos/70x70/52723.png","https://img.uefa.com/imgml/TP/teams/logos/240x240/52723.png","252723","DKY","DOMESTIC_MEN_TEAM_A","","DOMESTIC","Ukraine","Dynamo Kyiv","FC Dynamo Kyiv","DKY","0","MINUTE","","","","","","",""
"250107685","52816","24","2001-06-16","41","Ghislandi","ITA","","DEFENDER","MALE","","./image/250107685.jpg","Davide Ghislandi","DEFENDER","7","Ghislandi","300066","","Italie","Défenseur","Davide","Ghislandi","Davide Ghislandi","Ghislandi","200066","./assoc/200066_ITA.svg","./logo/52816.png","UEFA","ITA","52816","FAME","Atalanta","","https://img.uefa.com/imgml/TP/teams/logos/70x70/52816.png","https://img.uefa.com/imgml/TP/teams/logos/240x240/52816.png","252816","ATA","DOMESTIC_MEN_TEAM_A","","DOMESTIC","Italie","Atalanta","Atalanta BC","ATA","0","MINUTE","","","","","","",""
"250107679","52973","24","2001-03-07","13","ARMINI","ITA","FULL_BACK","DEFENDER","MALE","","./image/250107679.jpg","Nicolò Armini","DEFENDER","13","Armini","300066","","Italie","Défenseur","Nicolò","Armini","Nicolò Armini","Armini","200066","./assoc/200066_ITA.svg","./logo/52973.png","UEFA","ITA","52973","FAME","Lazio","","https://img.uefa.com/imgml/TP/teams/logos/70x70/52973.png","https://img.uefa.com/imgml/TP/teams/logos/240x240/52973.png","252973","LAZ","DOMESTIC_MEN_TEAM_A","","DOMESTIC","Italie","Lazio","S.S. Lazio","LAZ","0","MINUTE","","","","","","",""
"250107211","50139","25","2000-06-02","39","Portanova","ITA","UNKNOWN","MIDFIELDER","MALE","","./image/250107211.jpg","Manolo Portanova","MIDFIELDER","17","Portanova","200066","","Italie","Milieu","Manolo","Portanova","Manolo Portanova","Portanova","200066","./assoc/200066_ITA.svg","./logo/50139.png","UEFA","ITA","50139","FAME","Juventus","","https://img.uefa.com/imgml/TP/teams/logos/70x70/50139.png","https://img.uefa.com/imgml/TP/teams/logos/240x240/50139.png","250139","JUV","DOMESTIC_MEN_TEAM_A","","DOMESTIC","Italie","Juventus","Juventus","JUV","0","MINUTE","","","","","","",""
"250107060","50124","25","2000-06-01","28","ÁLVARO G.","ESP","","DEFENDER","MALE","","./image/250107060.jpg","Álvaro García","MIDFIELDER","14","Garcia Segovia","300122","","Espagne","Défenseur","","Álvaro García","Álvaro García","Álvaro García","200122","./assoc/200122_ESP.svg","./logo/50124.png","UEFA","ESP","50124","FAME","Atleti","","https://img.uefa.com/imgml/TP/teams/logos/70x70/50124.png","https://img.uefa.com/imgml/TP/teams/logos/240x240/50124.png","250124","ATM","DOMESTIC_MEN_TEAM_A","","DOMESTIC","Espagne","Atleti","Atlético de Madrid","ATM","0","MINUTE","","","","","","",""
"250106979","50080","24","2001-05-30","25","Arnau Tenas","ESP","UNKNOWN","GOALKEEPER","MALE","","./image/250106979.jpg","Arnau Tenas","GOALKEEPER","1","ARNAU TENAS","122","","Espagne","Gardien","Arnau","Tenas","Arnau Tenas","Tenas","200122","./assoc/200122_ESP.svg","./logo/50080.png","UEFA","ESP","50080","FAME","Barcelona","","https://img.uefa.com/imgml/TP/teams/logos/70x70/50080.png","https://img.uefa.com/imgml/TP/teams/logos/240x240/50080.png","250080","BAR","DOMESTIC_MEN_TEAM_A","","DOMESTIC","Espagne","Barcelona","FC Barcelona","BAR","0","MINUTE","","","","","","",""
"250106969","50051","24","2001-07-27","3","M. Gutiérrez","ESP","UNKNOWN","DEFENDER","MALE","","./image/250106969.jpg","Miguel Gutiérrez","DEFENDER","22","Gutiérrez","200122","","Espagne","Défenseur","Miguel","Gutiérrez","Miguel Gutiérrez","Gutiérrez","200122","./assoc/200122_ESP.svg","./logo/50051.png","UEFA","ESP","50051","FAME","Real Madrid","","https://img.uefa.com/imgml/TP/teams/logos/70x70/50051.png","https://img.uefa.com/imgml/TP/teams/logos/240x240/50051.png","250051","RMA","DOMESTIC_MEN_TEAM_A","","DOMESTIC","Espagne","Real Madrid","Real Madrid C.F.","RMA","0","MINUTE","","","","","","",""
"250106730","2603790","24","2001-03-02","35","Hartmann","GER","WINGER","MIDFIELDER","MALE","","./image/250106730.jpg","Fabrice Hartmann","MIDFIELDER","17","Hartmann","400047","","Allemagne","Milieu","Fabrice","Hartmann","Fabrice Hartmann","Hartmann","200047","./assoc/200047_GER.svg","./logo/2603790.png","UEFA","GER","2603790","FAME","Leipzig","","https://img.uefa.com/imgml/TP/teams/logos/70x70/2603790.png","https://img.uefa.com/imgml/TP/teams/logos/240x240/2603790.png","250002563","RBL","DOMESTIC_MEN_TEAM_A","","DOMESTIC","Allemagne","Leipzig","RB Leipzig","RBL","0","MINUTE","","","","","","",""
"250106712","50043","24","2001-03-13","93","Fuakala","FRA","CENTRE_BACK","DEFENDER","MALE","","./image/250106712.jpg","Nathan Fuakala","DEFENDER","4","Fuakala","400043","","France","Défenseur","Nathan","Fuakala","Nathan Fuakala","Fuakala","200013","./assoc/200013_BEL.svg","./logo/50043.png","UEFA","BEL","50043","FAME","Club Brugge","","https://img.uefa.com/imgml/TP/teams/logos/70x70/50043.png","https://img.uefa.com/imgml/TP/teams/logos/240x240/50043.png","250043","BRU","DOMESTIC_MEN_TEAM_A","","DOMESTIC","Belgique","Club Brugge","Club Brugge KV","BRU","0","MINUTE","","","","","","",""
"250106244","2601038","25","2000-02-01","53","Chernikov","RUS","DEFENSIVE_MIDFIELDER","MIDFIELDER","MALE","","./image/250106244.jpg","Aleksandr Chernikov","MIDFIELDER","24","Chernikov","57451","","Russie","Milieu","Aleksandr","Chernikov","Aleksandr Chernikov","Chernikov","257451","./assoc/257451_RUS.svg","./logo/2601038.png","UEFA","RUS","2601038","FAME","Krasnodar","","https://img.uefa.com/imgml/TP/teams/logos/70x70/2601038.png","https://img.uefa.com/imgml/TP/teams/logos/240x240/2601038.png","250000383","KRA","DOMESTIC_MEN_TEAM_A","","DOMESTIC","Russie","Krasnodar","FC Krasnodar","KRA","0","MINUTE","","","","","","",""
"250105107","50043","24","2001-05-10","33","Shinton","BEL","GOALKEEPER","GOALKEEPER","MALE","","./image/250105107.jpg","Nick Shinton","GOALKEEPER","21","Shinton","200013","","Belgique","Gardien","Nick","Shinton","Nick Shinton","Shinton","200013","./assoc/200013_BEL.svg","./logo/50043.png","UEFA","BEL","50043","FAME","Club Brugge","","https://img.uefa.com/imgml/TP/teams/logos/70x70/50043.png","https://img.uefa.com/imgml/TP/teams/logos/240x240/50043.png","250043","BRU","DOMESTIC_MEN_TEAM_A","","DOMESTIC","Belgique","Club Brugge","Club Brugge KV","BRU","0","MINUTE","","","","","","",""
"250103861","52723","24","2000-11-18","14","Gio","GEO","WINGER","MIDFIELDER","MALE","","./image/250103861.jpg","Heorhii Tsitaishvili","MIDFIELDER","11","Tsitaishvili","257166","","Géorgie","Milieu","Heorhii","Tsitaishvili","Heorhii Tsitaishvili","Tsitaishvili","257166","./assoc/257166_UKR.svg","./logo/52723.png","UEFA","UKR","52723","FAME","Dynamo Kyiv","","https://img.uefa.com/imgml/TP/teams/logos/70x70/52723.png","https://img.uefa.com/imgml/TP/teams/logos/240x240/52723.png","252723","DKY","DOMESTIC_MEN_TEAM_A","","DOMESTIC","Ukraine","Dynamo Kyiv","FC Dynamo Kyiv","DKY","0","MINUTE","","","","","","",""
"250102440","52714","25","2000-09-24","30","J. Vázquez","ESP","FULL_BACK","DEFENDER","MALE","","./image/250102440.jpg","Javi Vázquez","DEFENDER","","Javi Vázquez","","","Espagne","Défenseur","","Javi Vázquez","Javi Vázquez","Javi Vázquez","200122","./assoc/200122_ESP.svg","./logo/52714.png","UEFA","ESP","52714","FAME","Sevilla","","https://img.uefa.com/imgml/TP/teams/logos/70x70/52714.png","https://img.uefa.com/imgml/TP/teams/logos/240x240/52714.png","252714","SEV","DOMESTIC_MEN_TEAM_A","","DOMESTIC","Espagne","Sevilla","Sevilla FC","SEV","0","MINUTE","","","","","","",""
"250102438","52714","25","2000-01-21","37","Kike Ríos","ESP","","DEFENDER","MALE","","./image/250102438.jpg","Enrique Ríos","DEFENDER","14","Ríos Vega","400122","","Espagne","Défenseur","Enrique","Ríos","Enrique Ríos","Ríos","200122","./assoc/200122_ESP.svg","./logo/52714.png","UEFA","ESP","52714","FAME","Sevilla","","https://img.uefa.com/imgml/TP/teams/logos/70x70/52714.png","https://img.uefa.com/imgml/TP/teams/logos/240x240/52714.png","252714","SEV","DOMESTIC_MEN_TEAM_A","","DOMESTIC","Espagne","Sevilla","Sevilla FC","SEV","0","MINUTE","","","","","","",""
"250102398","52757","25","2000-05-19","15","Beyer","GER","FULL_BACK","DEFENDER","MALE","","./image/250102398.jpg","Louis Beyer","DEFENDER","22","Beyer","200047","","Allemagne","Défenseur","Louis","Beyer","Louis Beyer","Beyer","200047","./assoc/200047_GER.svg","./logo/52757.png","UEFA","GER","52757","FAME","Mönchengladbach","","https://img.uefa.com/imgml/TP/teams/logos/70x70/52757.png","https://img.uefa.com/imgml/TP/teams/logos/240x240/52757.png","252757","MON","DOMESTIC_MEN_TEAM_A","","DOMESTIC","Allemagne","Mönchengladbach","Borussia Mönchengladbach","MON","0","MINUTE","","","","","","",""
"250101878","75795","24","2001-06-18","44","Dyhr","DEN","UNKNOWN","DEFENDER","MALE","","./image/250101878.jpg","Nikolas Dyhr","DEFENDER","13","Dyhr","200035","","Danemark","Défenseur","Nikolas","Dyhr","Nikolas Dyhr","Dyhr","200035","./assoc/200035_DEN.svg","./logo/75795.png","UEFA","DEN","75795","FAME","Midtjylland","","https://img.uefa.com/imgml/TP/teams/logos/70x70/75795.png","https://img.uefa.com/imgml/TP/teams/logos/240x240/75795.png","275795","MID","DOMESTIC_MEN_TEAM_A","","DOMESTIC","Danemark","Midtjylland","FC Midtjylland","MID","0","MINUTE","","","","","","",""
"250101559","50143","25","2000-02-08","7","Jensen","DEN","UNKNOWN","MIDFIELDER","MALE","","./image/250101559.jpg","Victor Jensen","MIDFIELDER","8","Jensen","35","","Danemark","Milieu","Victor","Jensen","Victor Jensen","Jensen","200095","./assoc/200095_NED.svg","./logo/50143.png","UEFA","NED","50143","FAME","Ajax","","https://img.uefa.com/imgml/TP/teams/logos/70x70/50143.png","https://img.uefa.com/imgml/TP/teams/logos/240x240/50143.png","250143","AJX","DOMESTIC_MEN_TEAM_A","","DOMESTIC","Pays-Bas","Ajax","AFC Ajax","AJX","0","MINUTE","","","","","","",""
"250101345","52758","24","2001-02-27","38","Unbehaun","GER","UNKNOWN","GOALKEEPER","MALE","","./image/250101345.jpg","Luca Unbehaun","GOALKEEPER","23","Unbehaun","200047","","Allemagne","Gardien","Luca","Unbehaun","Luca Unbehaun","Unbehaun","200047","./assoc/200047_GER.svg","./logo/52758.png","UEFA","GER","52758","FAME","B. Dortmund","","https://img.uefa.com/imgml/TP/teams/logos/70x70/52758.png","https://img.uefa.com/imgml/TP/teams/logos/240x240/52758.png","252758","BVB","DOMESTIC_MEN_TEAM_A","","DOMESTIC","Allemagne","B. Dortmund","Borussia Dortmund","BVB","0","MINUTE","","","","","","",""
"250101341","52758","25","2000-02-21","37","Raschl","GER","UNKNOWN","MIDFIELDER","MALE","","./image/250101341.jpg","Tobias Raschl","MIDFIELDER","","","","","Allemagne","Milieu","Tobias","Raschl","Tobias Raschl","Raschl","200047","./assoc/200047_GER.svg","./logo/52758.png","UEFA","GER","52758","FAME","B. Dortmund","","https://img.uefa.com/imgml/TP/teams/logos/70x70/52758.png","https://img.uefa.com/imgml/TP/teams/logos/240x240/52758.png","252758","BVB","DOMESTIC_MEN_TEAM_A","","DOMESTIC","Allemagne","B. Dortmund","Borussia Dortmund","BVB","0","MINUTE","","","","","","",""
"250101287","50051","25","2000-03-05","32","CHUST","ESP","UNKNOWN","DEFENDER","MALE","","./image/250101287.jpg","Víctor Chust","DEFENDER","15","CHUST","200122","","Espagne","Défenseur","Víctor","Chust","Víctor Chust","Chust","200122","./assoc/200122_ESP.svg","./logo/50051.png","UEFA","ESP","50051","FAME","Real Madrid","","https://img.uefa.com/imgml/TP/teams/logos/70x70/50051.png","https://img.uefa.com/imgml/TP/teams/logos/240x240/50051.png","250051","RMA","DOMESTIC_MEN_TEAM_A","","DOMESTIC","Espagne","Real Madrid","Real Madrid C.F.","RMA","0","MINUTE","","","","","","",""
"250101285","50051","25","2000-07-23","27","BLANCO","ESP","UNKNOWN","MIDFIELDER","MALE","","./image/250101285.jpg","Antonio Blanco","MIDFIELDER","6","BLANCO","122","","Espagne","Milieu","Antonio","Blanco","Antonio Blanco","Blanco","200122","./assoc/200122_ESP.svg","./logo/50051.png","UEFA","ESP","50051","FAME","Real Madrid","","https://img.uefa.com/imgml/TP/teams/logos/70x70/50051.png","https://img.uefa.com/imgml/TP/teams/logos/240x240/50051.png","250051","RMA","DOMESTIC_MEN_TEAM_A","","DOMESTIC","Espagne","Real Madrid","Real Madrid C.F.","RMA","0","MINUTE","","","","","","",""
"250101263","50037","26","1999-03-08","49","Zaiser","GER","","MIDFIELDER","MALE","","./image/250101263.jpg","Maximilian Zaiser","MIDFIELDER","","Zaiser","","","Allemagne","Milieu","Maximilian","Zaiser","Maximilian Zaiser","Zaiser","200047","./assoc/200047_GER.svg","./logo/50037.png","UEFA","GER","50037","FAME","Bayern München","","https://img.uefa.com/imgml/TP/teams/logos/70x70/50037.png","https://img.uefa.com/imgml/TP/teams/logos/240x240/50037.png","250037","BAY","DOMESTIC_MEN_TEAM_A","","DOMESTIC","Allemagne","Bayern München","FC Bayern München","BAY","0","MINUTE","","","","","","",""
"250101200","50138","28","1997-05-28","13","RADU","ROU","GOALKEEPER","GOALKEEPER","MALE","","./image/250101200.jpg","Ionuț Radu","GOALKEEPER","1","Radu","113","","Roumanie","Gardien","Ionuț","Radu","Ionuț Radu","Radu","200066","./assoc/200066_ITA.svg","./logo/50138.png","UEFA","ITA","50138","FAME","Inter","","https://img.uefa.com/imgml/TP/teams/logos/70x70/50138.png","https://img.uefa.com/imgml/TP/teams/logos/240x240/50138.png","250138","INT","DOMESTIC_MEN_TEAM_A","","DOMESTIC","Italie","Inter","FC Internazionale Milano","INT","0","MINUTE","","","","","","",""
"250100913","52816","25","2000-01-01","4","B. Šutalo","CRO","UNKNOWN","DEFENDER","MALE","","./image/250100913.jpg","Boško Šutalo","DEFENDER","4","Sutalo","256370","","Croatie","Défenseur","Boško","Šutalo","Boško Šutalo","Šutalo","200066","./assoc/200066_ITA.svg","./logo/52816.png","UEFA","ITA","52816","FAME","Atalanta","","https://img.uefa.com/imgml/TP/teams/logos/70x70/52816.png","https://img.uefa.com/imgml/TP/teams/logos/240x240/52816.png","252816","ATA","DOMESTIC_MEN_TEAM_A","","DOMESTIC","Italie","Atalanta","Atalanta BC","ATA","0","MINUTE","","","","","","",""
"250096795","50143","25","2000-02-10","42","Kotarski","CRO","GOALKEEPER","GOALKEEPER","MALE","","./image/250096795.jpg","Dominik Kotarski","GOALKEEPER","12","Kotarski","56370","","Croatie","Gardien","Dominik","Kotarski","Dominik Kotarski","Kotarski","200095","./assoc/200095_NED.svg","./logo/50143.png","UEFA","NED","50143","FAME","Ajax","","https://img.uefa.com/imgml/TP/teams/logos/70x70/50143.png","https://img.uefa.com/imgml/TP/teams/logos/240x240/50143.png","250143","AJX","DOMESTIC_MEN_TEAM_A","","DOMESTIC","Pays-Bas","Ajax","AFC Ajax","AJX","0","MINUTE","","","","","","",""
"250096761","2603790","27","1998-05-27","13","Martinez","ESP","UNKNOWN","GOALKEEPER","MALE","","./image/250096761.jpg","Josep Martínez","GOALKEEPER","13","JOSEP","122","","Espagne","Gardien","Josep","Martínez","Josep Martínez","J. Martínez","200047","./assoc/200047_GER.svg","./logo/2603790.png","UEFA","GER","2603790","FAME","Leipzig","","https://img.uefa.com/imgml/TP/teams/logos/70x70/2603790.png","https://img.uefa.com/imgml/TP/teams/logos/240x240/2603790.png","250002563","RBL","DOMESTIC_MEN_TEAM_A","","DOMESTIC","Allemagne","Leipzig","RB Leipzig","RBL","0","MINUTE","","","","","","",""
"250089824","50051","26","1999-02-11","13","LUNIN","UKR","GOALKEEPER","GOALKEEPER","MALE","","./image/250089824.jpg","Andriy Lunin","GOALKEEPER","1","Lunin","57166","","Ukraine","Gardien","Andriy","Lunin","Andriy Lunin","Lunin","200122","./assoc/200122_ESP.svg","./logo/50051.png","UEFA","ESP","50051","FAME","Real Madrid","","https://img.uefa.com/imgml/TP/teams/logos/70x70/50051.png","https://img.uefa.com/imgml/TP/teams/logos/240x240/50051.png","250051","RMA","DOMESTIC_MEN_TEAM_A","","DOMESTIC","Espagne","Real Madrid","Real Madrid C.F.","RMA","0","MINUTE","","","","","","",""
"250089213","52758","26","1999-05-04","39","Wanner","GER","UNKNOWN","MIDFIELDER","MALE","","./image/250089213.jpg","Dominik Wanner","MIDFIELDER","7","Wanner","2300047","","Allemagne","Milieu","Dominik","Wanner","Dominik Wanner","Wanner","200047","./assoc/200047_GER.svg","./logo/52758.png","UEFA","GER","52758","FAME","B. Dortmund","","https://img.uefa.com/imgml/TP/teams/logos/70x70/52758.png","https://img.uefa.com/imgml/TP/teams/logos/240x240/52758.png","252758","BVB","DOMESTIC_MEN_TEAM_A","","DOMESTIC","Allemagne","B. Dortmund","Borussia Dortmund","BVB","0","MINUTE","","","","","","",""
"250088431","75795","27","1998-08-22","30","Ottesen","DEN","","GOALKEEPER","MALE","183","./image/250088431.jpg","Oliver Ottesen","GOALKEEPER","","Ottesen","200035","","Danemark","Gardien","Oliver","Ottesen","Oliver Ottesen","Ottesen","200035","./assoc/200035_DEN.svg","./logo/75795.png","UEFA","DEN","75795","FAME","Midtjylland","","https://img.uefa.com/imgml/TP/teams/logos/70x70/75795.png","https://img.uefa.com/imgml/TP/teams/logos/240x240/75795.png","275795","MID","DOMESTIC_MEN_TEAM_A","","DOMESTIC","Danemark","Midtjylland","FC Midtjylland","MID","0","MINUTE","","","","","","",""
"250088418","75795","25","2000-04-10","6","Larsen","DEN","UNKNOWN","DEFENDER","MALE","","./image/250088418.jpg","Japhet Sery Larsen","DEFENDER","20","Sery","200035","","Danemark","Défenseur","Japhet","Sery Larsen","Japhet Sery Larsen","Sery Larsen","200035","./assoc/200035_DEN.svg","./logo/75795.png","UEFA","DEN","75795","FAME","Midtjylland","","https://img.uefa.com/imgml/TP/teams/logos/70x70/75795.png","https://img.uefa.com/imgml/TP/teams/logos/240x240/75795.png","275795","MID","DOMESTIC_MEN_TEAM_A","","DOMESTIC","Danemark","Midtjylland","FC Midtjylland","MID","0","MINUTE","","","","","","",""
"250088416","52757","26","1999-10-13","40","Poulsen","DEN","","DEFENDER","MALE","","./image/250088416.jpg","Andreas Poulsen","DEFENDER","3","Poulsen","200035","","Danemark","Défenseur","Andreas","Poulsen","Andreas Poulsen","Poulsen","200047","./assoc/200047_GER.svg","./logo/52757.png","UEFA","GER","52757","FAME","Mönchengladbach","","https://img.uefa.com/imgml/TP/teams/logos/70x70/52757.png","https://img.uefa.com/imgml/TP/teams/logos/240x240/52757.png","252757","MON","DOMESTIC_MEN_TEAM_A","","DOMESTIC","Allemagne","Mönchengladbach","Borussia Mönchengladbach","MON","0","MINUTE","","","","","","",""
"250088221","52714","28","1997-05-15","13","Javi Díaz","ESP","GOALKEEPER","GOALKEEPER","MALE","","./image/250088221.jpg","Javi Díaz","GOALKEEPER","","Javi Díaz","","","Espagne","Gardien","","Javi Díaz","Javi Díaz","Javi Díaz","200122","./assoc/200122_ESP.svg","./logo/52714.png","UEFA","ESP","52714","FAME","Sevilla","","https://img.uefa.com/imgml/TP/teams/logos/70x70/52714.png","https://img.uefa.com/imgml/TP/teams/logos/240x240/52714.png","252714","SEV","DOMESTIC_MEN_TEAM_A","","DOMESTIC","Espagne","Sevilla","Sevilla FC","SEV","0","MINUTE","","","","","","",""
"250087513","50124","28","1997-07-14","31","San Roman","ESP","","GOALKEEPER","MALE","","./image/250087513.jpg","Miguel San Román","GOALKEEPER","","SAN ROMÁN","","","Espagne","Gardien","Miguel","San Román","Miguel San Román","San Román","200122","./assoc/200122_ESP.svg","./logo/50124.png","UEFA","ESP","50124","FAME","Atleti","","https://img.uefa.com/imgml/TP/teams/logos/70x70/50124.png","https://img.uefa.com/imgml/TP/teams/logos/240x240/50124.png","250124","ATM","DOMESTIC_MEN_TEAM_A","","DOMESTIC","Espagne","Atleti","Atlético de Madrid","ATM","0","MINUTE","","","","","","",""
"250087250","50037","26","1999-04-04","39","Hoffmann","GER","UNKNOWN","GOALKEEPER","MALE","","./image/250087250.jpg","Ron-Torben Hoffmann","GOALKEEPER","","Hoffmann","","","Allemagne","Gardien","Ron-Torben","Hoffmann","Ron-Torben Hoffmann","Hoffmann","200047","./assoc/200047_GER.svg","./logo/50037.png","UEFA","GER","50037","FAME","Bayern München","","https://img.uefa.com/imgml/TP/teams/logos/70x70/50037.png","https://img.uefa.com/imgml/TP/teams/logos/240x240/50037.png","250037","BAY","DOMESTIC_MEN_TEAM_A","","DOMESTIC","Allemagne","Bayern München","FC Bayern München","BAY","0","MINUTE","","","","","","",""
"250081820","52723","26","1998-10-25","31","Rusyn","UKR","STRIKER","FORWARD","MALE","","./image/250081820.jpg","Nazariy Rusyn","FORWARD","15","Rusyn","57166","","Ukraine","Attaquant","Nazariy","Rusyn","Nazariy Rusyn","Rusyn","257166","./assoc/257166_UKR.svg","./logo/52723.png","UEFA","UKR","52723","FAME","Dynamo Kyiv","","https://img.uefa.com/imgml/TP/teams/logos/70x70/52723.png","https://img.uefa.com/imgml/TP/teams/logos/240x240/52723.png","252723","DKY","DOMESTIC_MEN_TEAM_A","","DOMESTIC","Ukraine","Dynamo Kyiv","FC Dynamo Kyiv","DKY","0","MINUTE","","","","","","",""
"250081721","50080","26","1999-03-02","13","Peña Sotorres","ESP","UNKNOWN","GOALKEEPER","MALE","","./image/250081721.jpg","Iñaki Peña","GOALKEEPER","23","Iñaki Peña","122","","Espagne","Gardien","","Iñaki Peña","Iñaki Peña","Iñaki Peña","200122","./assoc/200122_ESP.svg","./logo/50080.png","UEFA","ESP","50080","FAME","Barcelona","","https://img.uefa.com/imgml/TP/teams/logos/70x70/50080.png","https://img.uefa.com/imgml/TP/teams/logos/240x240/50080.png","250080","BAR","DOMESTIC_MEN_TEAM_A","","DOMESTIC","Espagne","Barcelona","FC Barcelona","BAR","0","MINUTE","","","","","","",""
"250081719","50124","27","1998-03-20","34","TONI MOYA","ESP","UNKNOWN","MIDFIELDER","MALE","","./image/250081719.jpg","Toni Moya","MIDFIELDER","15","TONI MOYA","400122","","Espagne","Milieu","","Toni Moya","Toni Moya","Toni Moya","200122","./assoc/200122_ESP.svg","./logo/50124.png","UEFA","ESP","50124","FAME","Atleti","","https://img.uefa.com/imgml/TP/teams/logos/70x70/50124.png","https://img.uefa.com/imgml/TP/teams/logos/240x240/50124.png","250124","ATM","DOMESTIC_MEN_TEAM_A","","DOMESTIC","Espagne","Atleti","Atlético de Madrid","ATM","0","MINUTE","","","","","","",""
"250081215","52682","31","1994-04-12","30","E. Bailly","CIV","CENTRE_BACK","DEFENDER","MALE","187","./image/250081215.jpg","Eric Bailly","DEFENDER","","Bailly","67","77","Côte d'Ivoire","Défenseur","Eric","Bailly","Eric Bailly","Bailly","200039","./assoc/200039_ENG.svg","./logo/52682.png","UEFA","ENG","52682","FAME","Man Utd","","https://img.uefa.com/imgml/TP/teams/logos/70x70/52682.png","https://img.uefa.com/imgml/TP/teams/logos/240x240/52682.png","252682","MUN","DOMESTIC_MEN_TEAM_A","","DOMESTIC","Angleterre","Man Utd","Manchester United","MUN","0","MINUTE","","","","","","",""
"250080520","50143","43","1982-09-22","1","Stekelenburg","NED","GOALKEEPER","GOALKEEPER","MALE","197","./image/250080520.jpg","Maarten Stekelenburg","GOALKEEPER","1","Stekelenburg","95","","Pays-Bas","Gardien","Maarten","Stekelenburg","Maarten Stekelenburg","Stekelenburg","200095","./assoc/200095_NED.svg","./logo/50143.png","UEFA","NED","50143","FAME","Ajax","","https://img.uefa.com/imgml/TP/teams/logos/70x70/50143.png","https://img.uefa.com/imgml/TP/teams/logos/240x240/50143.png","250143","AJX","DOMESTIC_MEN_TEAM_A","","DOMESTIC","Pays-Bas","Ajax","AFC Ajax","AJX","0","MINUTE","","","","","","",""
"250077685","2600288","27","1998-04-29","13","Ahmet Said","TUR","GOALKEEPER","GOALKEEPER","MALE","","./image/250077685.jpg","Ahmet Kıvanç","GOALKEEPER","12","","300135","","Turquie","Gardien","","Ahmet Kıvanç","Ahmet Kıvanç","Ahmet Kıvanç","200135","./assoc/200135_TUR.svg","./logo/2600288.png","UEFA","TUR","2600288","FAME","Başakşehir","","https://img.uefa.com/imgml/TP/teams/logos/70x70/2600288.png","https://img.uefa.com/imgml/TP/teams/logos/240x240/2600288.png","1500091","IST","DOMESTIC_MEN_TEAM_A","","DOMESTIC","Turquie","Başakşehir","İstanbul Başakşehir FK","IST","0","MINUTE","","","","","","",""
"250076611","2610","28","1997-05-06","14","Androutsos","GRE","ATTACKING_MIDFIELDER","DEFENDER","MALE","","./image/250076611.jpg","Thanasis Androutsos","DEFENDER","15","Androutsos","49","","Grèce","Défenseur","Thanasis","Androutsos","Thanasis Androutsos","Androutsos","200049","./assoc/200049_GRE.svg","./logo/2610.png","UEFA","GRE","2610","FAME","Olympiacos","","https://img.uefa.com/imgml/TP/teams/logos/70x70/2610.png","https://img.uefa.com/imgml/TP/teams/logos/240x240/2610.png","202610","OLY","DOMESTIC_MEN_TEAM_A","","DOMESTIC","Grèce","Olympiacos","Olympiacos FC","OLY","0","MINUTE","","","","","","",""
"250075757","52914","44","1981-09-28","13","","ESP","GOALKEEPER","","MALE","186","./image/250075757.jpg","Willy Caballero","GOALKEEPER","","Caballero","","80","Espagne","","Willy","Caballero","Willy Caballero","Caballero","200039","./assoc/200039_ENG.svg","./logo/52914.png","UEFA","ENG","52914","FAME","Chelsea","","https://img.uefa.com/imgml/TP/teams/logos/70x70/52914.png","https://img.uefa.com/imgml/TP/teams/logos/240x240/52914.png","252914","CHE","DOMESTIC_MEN_TEAM_A","","DOMESTIC","Angleterre","Chelsea","Chelsea FC","CHE","0","MINUTE","","","","","","",""
"250074855","52723","28","1997-06-29","20","Duelund","DEN","WINGER","MIDFIELDER","MALE","180","./image/250074855.jpg","Mikkel Duelund","FORWARD","7","Duelund","200035","","Danemark","Milieu","Mikkel","Duelund","Mikkel Duelund","Duelund","257166","./assoc/257166_UKR.svg","./logo/52723.png","UEFA","UKR","52723","FAME","Dynamo Kyiv","","https://img.uefa.com/imgml/TP/teams/logos/70x70/52723.png","https://img.uefa.com/imgml/TP/teams/logos/240x240/52723.png","252723","DKY","DOMESTIC_MEN_TEAM_A","","DOMESTIC","Ukraine","Dynamo Kyiv","FC Dynamo Kyiv","DKY","0","MINUTE","","","","","","",""
"250073985","52714","36","1989-08-21","17","Aleix V.C","ESP","FULL_BACK","DEFENDER","MALE","178","./image/250073985.jpg","Aleix Vidal","DEFENDER","17","Aleix Vidal","","69","Espagne","Défenseur","","Aleix Vidal","Aleix Vidal","Aleix Vidal","200122","./assoc/200122_ESP.svg","./logo/52714.png","UEFA","ESP","52714","FAME","Sevilla","","https://img.uefa.com/imgml/TP/teams/logos/70x70/52714.png","https://img.uefa.com/imgml/TP/teams/logos/240x240/52714.png","252714","SEV","DOMESTIC_MEN_TEAM_A","","DOMESTIC","Espagne","Sevilla","Sevilla FC","SEV","0","MINUTE","","","","","","",""
"250072677","2601038","37","1988-06-23","88","Sinitsyn","RUS","GOALKEEPER","GOALKEEPER","MALE","196","./image/250072677.jpg","Andrei Sinitsin","GOALKEEPER","","Sinitsyn","","85","Russie","Gardien","Andrei","Sinitsin","Andrei Sinitsin","Sinitsin","257451","./assoc/257451_RUS.svg","./logo/2601038.png","UEFA","RUS","2601038","FAME","Krasnodar","","https://img.uefa.com/imgml/TP/teams/logos/70x70/2601038.png","https://img.uefa.com/imgml/TP/teams/logos/240x240/2601038.png","250000383","KRA","DOMESTIC_MEN_TEAM_A","","DOMESTIC","Russie","Krasnodar","FC Krasnodar","KRA","0","MINUTE","","","","","","",""
"250067630","52914","27","1997-12-19","23","TOMORI","ENG","CENTRE_BACK","DEFENDER","MALE","","./image/250067630.jpg","Fikayo Tomori","DEFENDER","5","Tomori","39","","Angleterre","Défenseur","Fikayo","Tomori","Fikayo Tomori","Tomori","200039","./assoc/200039_ENG.svg","./logo/52914.png","UEFA","ENG","52914","FAME","Chelsea","","https://img.uefa.com/imgml/TP/teams/logos/70x70/52914.png","https://img.uefa.com/imgml/TP/teams/logos/240x240/52914.png","252914","CHE","DOMESTIC_MEN_TEAM_A","","DOMESTIC","Angleterre","Chelsea","Chelsea FC","CHE","0","MINUTE","","","","","","",""
"250065779","50124","28","1997-08-02","9","Šaponjić","SRB","STRIKER","FORWARD","MALE","188","./image/250065779.jpg","Ivan Šaponjić","FORWARD","11","Šaponjić","200147","","Serbie","Attaquant","Ivan","Šaponjić","Ivan Šaponjić","Šaponjić","200122","./assoc/200122_ESP.svg","./logo/50124.png","UEFA","ESP","50124","FAME","Atleti","","https://img.uefa.com/imgml/TP/teams/logos/70x70/50124.png","https://img.uefa.com/imgml/TP/teams/logos/240x240/50124.png","250124","ATM","DOMESTIC_MEN_TEAM_A","","DOMESTIC","Espagne","Atleti","Atlético de Madrid","ATM","0","MINUTE","","","","","","",""
"250064687","52707","32","1993-06-13","50","Bolbat","UKR","WINGER","MIDFIELDER","MALE","175","./image/250064687.jpg","Serhiy Bolbat","MIDFIELDER","19","Bolbat","57166","","Ukraine","Milieu","Serhiy","Bolbat","Serhiy Bolbat","Bolbat","257166","./assoc/257166_UKR.svg","./logo/52707.png","UEFA","UKR","52707","FAME","Shakhtar","","https://img.uefa.com/imgml/TP/teams/logos/70x70/52707.png","https://img.uefa.com/imgml/TP/teams/logos/240x240/52707.png","252707","SHK","DOMESTIC_MEN_TEAM_A","","DOMESTIC","Ukraine","Shakhtar","FC Shakhtar Donetsk","SHK","0","MINUTE","","","","","","",""
"250062440","52747","32","1993-09-01","16","Rico","ESP","GOALKEEPER","GOALKEEPER","MALE","195","./image/250062440.jpg","Sergio Rico","GOALKEEPER","13","Sergio Rico","122","90","Espagne","Gardien","Sergio","Rico","Sergio Rico","Rico","200043","./assoc/200043_FRA.svg","./logo/52747.png","UEFA","FRA","52747","FAME","Paris","","https://img.uefa.com/imgml/TP/teams/logos/70x70/52747.png","https://img.uefa.com/imgml/TP/teams/logos/240x240/52747.png","252747","PSG","DOMESTIC_MEN_TEAM_A","","DOMESTIC","France","Paris","Paris Saint-Germain","PSG","0","MINUTE","","","","","","",""
"250056074","50124","29","1996-01-18","1","GRBIĆ","CRO","UNKNOWN","GOALKEEPER","MALE","","./image/250056074.jpg","Ivo Grbić","GOALKEEPER","12","Grbić","56370","","Croatie","Gardien","Ivo","Grbić","Ivo Grbić","Grbić","200122","./assoc/200122_ESP.svg","./logo/50124.png","UEFA","ESP","50124","FAME","Atleti","","https://img.uefa.com/imgml/TP/teams/logos/70x70/50124.png","https://img.uefa.com/imgml/TP/teams/logos/240x240/50124.png","250124","ATM","DOMESTIC_MEN_TEAM_A","","DOMESTIC","Espagne","Atleti","Atlético de Madrid","ATM","0","MINUTE","","","","","","",""
"250054476","52707","33","1992-02-24","1","Shevchenko","UKR","GOALKEEPER","GOALKEEPER","MALE","188","./image/250054476.jpg","Oleksiy Shevchenko","GOALKEEPER","","Shevchenko","57166","81","Ukraine","Gardien","Oleksiy","Shevchenko","Oleksiy Shevchenko","Shevchenko","257166","./assoc/257166_UKR.svg","./logo/52707.png","UEFA","UKR","52707","FAME","Shakhtar","","https://img.uefa.com/imgml/TP/teams/logos/70x70/52707.png","https://img.uefa.com/imgml/TP/teams/logos/240x240/52707.png","252707","SHK","DOMESTIC_MEN_TEAM_A","","DOMESTIC","Ukraine","Shakhtar","FC Shakhtar Donetsk","SHK","0","MINUTE","","","","","","",""
"250053783","52298","36","1989-02-07","89","Szécsi","HUN","UNKNOWN","GOALKEEPER","MALE","","./image/250053783.jpg","Gergő Szécsi","GOALKEEPER","","Szécsi","","","Hongrie","Gardien","Gergő","Szécsi","Gergő Szécsi","Szécsi","200057","./assoc/200057_HUN.svg","./logo/52298.png","UEFA","HUN","52298","FAME","Ferencváros","","https://img.uefa.com/imgml/TP/teams/logos/70x70/52298.png","https://img.uefa.com/imgml/TP/teams/logos/240x240/52298.png","252298","FER","DOMESTIC_MEN_TEAM_A","","DOMESTIC","Hongrie","Ferencváros","Ferencvárosi TC","FER","0","MINUTE","","","","","","",""
"250046941","52826","30","1995-03-04","15","Vasyutin","RUS","GOALKEEPER","GOALKEEPER","MALE","190","./image/250046941.jpg","Aleksandr Vasyutin","GOALKEEPER","12","Vasyutin","357451","80","Russie","Gardien","Aleksandr","Vasyutin","Aleksandr Vasyutin","Vasyutin","257451","./assoc/257451_RUS.svg","./logo/52826.png","UEFA","RUS","52826","FAME","Zenit","","https://img.uefa.com/imgml/TP/teams/logos/70x70/52826.png","https://img.uefa.com/imgml/TP/teams/logos/240x240/52826.png","252826","ZEN","DOMESTIC_MEN_TEAM_A","","DOMESTIC","Russie","Zenit","FC Zenit","ZEN","0","MINUTE","","","","","","",""
"250046905","52973","30","1995-04-21","8","Anderson","NED","UNKNOWN","MIDFIELDER","MALE","","./image/250046905.jpg","Djavan Anderson","DEFENDER","2","Anderson","400095","","Pays-Bas","Milieu","Djavan","Anderson","Djavan Anderson","Anderson","200066","./assoc/200066_ITA.svg","./logo/52973.png","UEFA","ITA","52973","FAME","Lazio","","https://img.uefa.com/imgml/TP/teams/logos/70x70/52973.png","https://img.uefa.com/imgml/TP/teams/logos/240x240/52973.png","252973","LAZ","DOMESTIC_MEN_TEAM_A","","DOMESTIC","Italie","Lazio","S.S. Lazio","LAZ","0","MINUTE","","","","","","",""
"250043859","52682","32","1992-12-15","14","Lingard","ENG","WINGER","MIDFIELDER","MALE","168","./image/250043859.jpg","Jesse Lingard","MIDFIELDER","7","Lingard","39","65","Angleterre","Milieu","Jesse","Lingard","Jesse Lingard","Lingard","200039","./assoc/200039_ENG.svg","./logo/52682.png","UEFA","ENG","52682","FAME","Man Utd","","https://img.uefa.com/imgml/TP/teams/logos/70x70/52682.png","https://img.uefa.com/imgml/TP/teams/logos/240x240/52682.png","252682","MUN","DOMESTIC_MEN_TEAM_A","","DOMESTIC","Angleterre","Man Utd","Manchester United","MUN","0","MINUTE","","","","","","",""
"250027892","52816","33","1992-09-26","24","Piccini","ITA","FULL_BACK","DEFENDER","MALE","","./image/250027892.jpg","Cristiano Piccini","DEFENDER","2","Piccini","66","","Italie","Défenseur","Cristiano","Piccini","Cristiano Piccini","Piccini","200066","./assoc/200066_ITA.svg","./logo/52816.png","UEFA","ITA","52816","FAME","Atalanta","","https://img.uefa.com/imgml/TP/teams/logos/70x70/52816.png","https://img.uefa.com/imgml/TP/teams/logos/240x240/52816.png","252816","ATA","DOMESTIC_MEN_TEAM_A","","DOMESTIC","Italie","Atalanta","Atalanta BC","ATA","0","MINUTE","","","","","","",""
"250025058","52747","34","1990-12-11","30","Letellier","FRA","UNKNOWN","GOALKEEPER","MALE","","./image/250025058.jpg","Alexandre Letellier","GOALKEEPER","","Letellier","","","France","Gardien","Alexandre","Letellier","Alexandre Letellier","Letellier","200043","./assoc/200043_FRA.svg","./logo/52747.png","UEFA","FRA","52747","FAME","Paris","","https://img.uefa.com/imgml/TP/teams/logos/70x70/52747.png","https://img.uefa.com/imgml/TP/teams/logos/240x240/52747.png","252747","PSG","DOMESTIC_MEN_TEAM_A","","DOMESTIC","France","Paris","Paris Saint-Germain","PSG","0","MINUTE","","","","","","",""
"250015753","52816","34","1991-04-27","31","Rossi","ITA","GOALKEEPER","GOALKEEPER","MALE","","./image/250015753.jpg","Francesco Rossi","GOALKEEPER","","Rossi","","","Italie","Gardien","Francesco","Rossi","Francesco Rossi","Rossi","200066","./assoc/200066_ITA.svg","./logo/52816.png","UEFA","ITA","52816","FAME","Atalanta","","https://img.uefa.com/imgml/TP/teams/logos/70x70/52816.png","https://img.uefa.com/imgml/TP/teams/logos/240x240/52816.png","252816","ATA","DOMESTIC_MEN_TEAM_A","","DOMESTIC","Italie","Atalanta","Atalanta BC","ATA","0","MINUTE","","","","","","",""
"250014009","50124","32","1993-02-15","19","Kondogbia","CTA","DEFENSIVE_MIDFIELDER","MIDFIELDER","MALE","188","./image/250014009.jpg","Geoffrey Kondogbia","MIDFIELDER","12","Kondogbia","43","","République Centrafricaine","Milieu","Geoffrey","Kondogbia","Geoffrey Kondogbia","Kondogbia","200122","./assoc/200122_ESP.svg","./logo/50124.png","UEFA","ESP","50124","FAME","Atleti","","https://img.uefa.com/imgml/TP/teams/logos/70x70/50124.png","https://img.uefa.com/imgml/TP/teams/logos/240x240/50124.png","250124","ATM","DOMESTIC_MEN_TEAM_A","","DOMESTIC","Espagne","Atleti","Atlético de Madrid","ATM","0","MINUTE","","","","","","",""
"250003957","50030","33","1992-09-09","29","Farkas","AUT","FULL_BACK","MIDFIELDER","MALE","","./image/250003957.jpg","Patrick Farkas","DEFENDER","14","Farkas","200008","","Autriche","Milieu","Patrick","Farkas","Patrick Farkas","Farkas","200008","./assoc/200008_AUT.svg","./logo/50030.png","UEFA","AUT","50030","FAME","Salzburg","","https://img.uefa.com/imgml/TP/teams/logos/70x70/50030.png","https://img.uefa.com/imgml/TP/teams/logos/240x240/50030.png","250030","SAL","DOMESTIC_MEN_TEAM_A","","DOMESTIC","Autriche","Salzburg","FC Salzburg","SAL","0","MINUTE","","","","","","",""
"250003504","50138","37","1988-02-16","13","Ranocchia","ITA","CENTRE_BACK","DEFENDER","MALE","195","./image/250003504.jpg","Andrea Ranocchia","DEFENDER","20","Ranocchia","","81","Italie","Défenseur","Andrea","Ranocchia","Andrea Ranocchia","Ranocchia","200066","./assoc/200066_ITA.svg","./logo/50138.png","UEFA","ITA","50138","FAME","Inter","","https://img.uefa.com/imgml/TP/teams/logos/70x70/50138.png","https://img.uefa.com/imgml/TP/teams/logos/240x240/50138.png","250138","INT","DOMESTIC_MEN_TEAM_A","","DOMESTIC","Italie","Inter","FC Internazionale Milano","INT","0","MINUTE","","","","","","",""
"250002891","52757","37","1988-03-22","21","Sippel","GER","GOALKEEPER","GOALKEEPER","MALE","180","./image/250002891.jpg","Tobias Sippel","GOALKEEPER","1","Sippel","","76","Allemagne","Gardien","Tobias","Sippel","Tobias Sippel","Sippel","200047","./assoc/200047_GER.svg","./logo/52757.png","UEFA","GER","52757","FAME","Mönchengladbach","","https://img.uefa.com/imgml/TP/teams/logos/70x70/52757.png","https://img.uefa.com/imgml/TP/teams/logos/240x240/52757.png","252757","MON","DOMESTIC_MEN_TEAM_A","","DOMESTIC","Allemagne","Mönchengladbach","Borussia Mönchengladbach","MON","0","MINUTE","","","","","","",""
"250000104","50139","35","1990-03-16","23","Pinsoglio","ITA","UNKNOWN","GOALKEEPER","MALE","","./image/250000104.jpg","Carlo Pinsoglio","GOALKEEPER","12","Pinsoglio","","","Italie","Gardien","Carlo","Pinsoglio","Carlo Pinsoglio","Pinsoglio","200066","./assoc/200066_ITA.svg","./logo/50139.png","UEFA","ITA","50139","FAME","Juventus","","https://img.uefa.com/imgml/TP/teams/logos/70x70/50139.png","https://img.uefa.com/imgml/TP/teams/logos/240x240/50139.png","250139","JUV","DOMESTIC_MEN_TEAM_A","","DOMESTIC","Italie","Juventus","Juventus","JUV","0","MINUTE","","","","","","",""
"1909059","50064","33","1991-11-16","14","Claudio R.","POR","UNKNOWN","GOALKEEPER","MALE","","./image/1909059.jpg","Cláudio Ramos","GOALKEEPER","12","Cláudio R.","110","","Portugal","Gardien","","Cláudio Ramos","Cláudio Ramos","Cláudio Ramos","200110","./assoc/200110_POR.svg","./logo/50064.png","UEFA","POR","50064","FAME","Porto","","https://img.uefa.com/imgml/TP/teams/logos/70x70/50064.png","https://img.uefa.com/imgml/TP/teams/logos/240x240/50064.png","250064","POR","DOMESTIC_MEN_TEAM_A","","DOMESTIC","Portugal","Porto","FC Porto","POR","0","MINUTE","","","","","","",""
"1906421","50124","33","1992-01-10","2","Vrsaljko","CRO","FULL_BACK","DEFENDER","MALE","183","./image/1906421.jpg","Šime Vrsaljko","DEFENDER","2","Vrsaljko","56370","75","Croatie","Défenseur","Šime","Vrsaljko","Šime Vrsaljko","Vrsaljko","200122","./assoc/200122_ESP.svg","./logo/50124.png","UEFA","ESP","50124","FAME","Atleti","","https://img.uefa.com/imgml/TP/teams/logos/70x70/50124.png","https://img.uefa.com/imgml/TP/teams/logos/240x240/50124.png","250124","ATM","DOMESTIC_MEN_TEAM_A","","DOMESTIC","Espagne","Atleti","Atlético de Madrid","ATM","0","MINUTE","","","","","","",""
"1905781","53065","38","1987-04-02","77","Kochenkov","RUS","GOALKEEPER","GOALKEEPER","MALE","","./image/1905781.jpg","Anton Kochenkov","GOALKEEPER","","Kochenkov","","","Russie","Gardien","Anton","Kochenkov","Anton Kochenkov","Kochenkov","257451","./assoc/257451_RUS.svg","./logo/53065.png","UEFA","RUS","53065","FAME","Lokomotiv Moskva","","https://img.uefa.com/imgml/TP/teams/logos/70x70/53065.png","https://img.uefa.com/imgml/TP/teams/logos/240x240/53065.png","253065","LMO","DOMESTIC_MEN_TEAM_A","","DOMESTIC","Russie","Lokomotiv Moskva","FC Lokomotiv Moskva","LMO","0","MINUTE","","","","","","",""
"1901381","52748","42","1982-11-04","16","Pele","FRA","GOALKEEPER","GOALKEEPER","MALE","","./image/1901381.jpg","Yohann Pelé","GOALKEEPER","","Pelé","","","France","Gardien","Yohann","Pelé","Yohann Pelé","Pelé","200043","./assoc/200043_FRA.svg","./logo/52748.png","UEFA","FRA","52748","FAME","Marseille","","https://img.uefa.com/imgml/TP/teams/logos/70x70/52748.png","https://img.uefa.com/imgml/TP/teams/logos/240x240/52748.png","252748","MAR","DOMESTIC_MEN_TEAM_A","","DOMESTIC","France","Marseille","Olympique de Marseille","MAR","0","MINUTE","","","","","","",""
"1900735","50138","39","1985-10-25","27","Padelli","ITA","GOALKEEPER","GOALKEEPER","MALE","191","./image/1900735.jpg","Daniele Padelli","GOALKEEPER","13","Padelli","","82","Italie","Gardien","Daniele","Padelli","Daniele Padelli","Padelli","200066","./assoc/200066_ITA.svg","./logo/50138.png","UEFA","ITA","50138","FAME","Inter","","https://img.uefa.com/imgml/TP/teams/logos/70x70/50138.png","https://img.uefa.com/imgml/TP/teams/logos/240x240/50138.png","250138","INT","DOMESTIC_MEN_TEAM_A","","DOMESTIC","Italie","Inter","FC Internazionale Milano","INT","0","MINUTE","","","","","","",""
"103039","52298","38","1987-09-27","1","Bogdán","HUN","GOALKEEPER","GOALKEEPER","MALE","194","./image/103039.jpg","Ádám Bogdán","GOALKEEPER","22","Bogdán","57","92","Hongrie","Gardien","Ádám","Bogdán","Ádám Bogdán","Bogdán","200057","./assoc/200057_HUN.svg","./logo/52298.png","UEFA","HUN","52298","FAME","Ferencváros","","https://img.uefa.com/imgml/TP/teams/logos/70x70/52298.png","https://img.uefa.com/imgml/TP/teams/logos/240x240/52298.png","252298","FER","DOMESTIC_MEN_TEAM_A","","DOMESTIC","Hongrie","Ferencváros","Ferencvárosi TC","FER","0","MINUTE","","","","","","",""
"102863","75795","36","1989-08-29","89","Schwartz","DEN","UNKNOWN","FORWARD","MALE","183","./image/102863.jpg","Ronnie Schwartz","FORWARD","","SCHWARTZ","","","Danemark","Attaquant","Ronnie","Schwartz","Ronnie Schwartz","Schwartz","200035","./assoc/200035_DEN.svg","./logo/75795.png","UEFA","DEN","75795","FAME","Midtjylland","","https://img.uefa.com/imgml/TP/teams/logos/70x70/75795.png","https://img.uefa.com/imgml/TP/teams/logos/240x240/75795.png","275795","MID","DOMESTIC_MEN_TEAM_A","","DOMESTIC","Danemark","Midtjylland","FC Midtjylland","MID","0","MINUTE","","","","","","",""
