PlayerId,TeamId,PlayerAge,PlayerBirthDate,PlayerClubJerseyNumber,PlayerClubShirtName,PlayerCountryCode,PlayerDetailedFieldPosition,PlayerFieldPosition,PlayerGender,PlayerHeight,PlayerImageUrl,PlayerInternationalName,PlayerNationalFieldPosition,PlayerNationalJerseyNumber,PlayerNationalShirtName,PlayerNationalTeamId,PlayerWeight,PlayerCountryName,PlayerFieldPositionFR,PlayerFirstName,PlayerLastName,PlayerName,PlayerShortName,TeamAssociationId,TeamAssociationLogoUrl,TeamBigLogoUrl,TeamConfederationType,TeamCountryCode,TeamId_Full,TeamIdProvider,TeamInternationalName,TeamIsPlaceHolder,TeamLogoUrl,TeamMediumLogoUrl,TeamOrganizationId,TeamCode,TeamTypeDetail,TeamTypeIsNational,TeamType,TeamCountryName,TeamDisplayName,TeamDisplayOfficialName,TeamDisplayTeamCode,minutesplayedofficial,minutesplayedofficial_Unit,matchesappearance,goals,assists,distancecovered,distancecovered_Unit,topspeed,topspeed_Unit
"106587","52758","36","1988-12-16","15","Hummels","GER","CENTRE_BACK","DEFENDER","MALE","191","./image/106587.jpg","Mats Hummels","DEFENDER","5","Hummels","47","92","Allemagne","Défenseur","Mats","Hummels","Mats Hummels","Hummels","200047","./assoc/200047_GER.svg","./logo/52758.png","UEFA","GER","52758","FAME","B. Dortmund","","https://img.uefa.com/imgml/TP/teams/logos/70x70/52758.png","https://img.uefa.com/imgml/TP/teams/logos/240x240/52758.png","252758","BVB","DOMESTIC_MEN_TEAM_A","","DOMESTIC","Allemagne","B. Dortmund","Borussia Dortmund","BVB","1170","MINUTE","13","1","1","129.73","KILOMETER","32","KILOMETER_PER_HOUR"
"250076574","52747","26","1998-12-20","10","MBAPPÉ","FRA","STRIKER","FORWARD","MALE","178","./image/250076574.jpg","Kylian Mbappé","FORWARD","10","Mbappe","43","67","France","Attaquant","Kylian","Mbappé","Kylian Mbappé","Mbappé","200043","./assoc/200043_FRA.svg","./logo/52747.png","UEFA","FRA","52747","FAME","Paris","","https://img.uefa.com/imgml/TP/teams/logos/70x70/52747.png","https://img.uefa.com/imgml/TP/teams/logos/240x240/52747.png","252747","PSG","DOMESTIC_MEN_TEAM_A","","DOMESTIC","France","Paris","Paris Saint-Germain","PSG","1080","MINUTE","12","8","0","106.74","KILOMETER","36.1","KILOMETER_PER_HOUR"
"250070417","50037","30","1995-02-08","6","Kimmich","GER","CENTRE_BACK","MIDFIELDER","MALE","176","./image/250070417.jpg","Joshua Kimmich","MIDFIELDER","6","Kimmich","47","70","Allemagne","Milieu","Joshua","Kimmich","Joshua Kimmich","Kimmich","200047","./assoc/200047_GER.svg","./logo/50037.png","UEFA","GER","50037","FAME","Bayern München","","https://img.uefa.com/imgml/TP/teams/logos/70x70/50037.png","https://img.uefa.com/imgml/TP/teams/logos/240x240/50037.png","250037","BAY","DOMESTIC_MEN_TEAM_A","","DOMESTIC","Allemagne","Bayern München","FC Bayern München","BAY","1080","MINUTE","12","1","2","145.59","KILOMETER","31.8","KILOMETER_PER_HOUR"
"250069832","52758","27","1997-12-06","1","Kobel","SUI","GOALKEEPER","GOALKEEPER","MALE","","./image/250069832.jpg","Gregor Kobel","GOALKEEPER","1","Kobel","128","","Suisse","Gardien","Gregor","Kobel","Gregor Kobel","Kobel","200047","./assoc/200047_GER.svg","./logo/52758.png","UEFA","GER","52758","FAME","B. Dortmund","","https://img.uefa.com/imgml/TP/teams/logos/70x70/52758.png","https://img.uefa.com/imgml/TP/teams/logos/240x240/52758.png","252758","BVB","DOMESTIC_MEN_TEAM_A","","DOMESTIC","Allemagne","B. Dortmund","Borussia Dortmund","BVB","1080","MINUTE","12","0","0","67.63","KILOMETER","27.3","KILOMETER_PER_HOUR"
"250078922","52747","26","1999-02-25","1","Donnarumma","ITA","GOALKEEPER","GOALKEEPER","MALE","196","./image/250078922.jpg","Gianluigi Donnarumma","GOALKEEPER","1","Donnarumma","66","90","Italie","Gardien","Gianluigi","Donnarumma","Gianluigi Donnarumma","Donnarumma","200043","./assoc/200043_FRA.svg","./logo/52747.png","UEFA","FRA","52747","FAME","Paris","","https://img.uefa.com/imgml/TP/teams/logos/70x70/52747.png","https://img.uefa.com/imgml/TP/teams/logos/240x240/52747.png","252747","PSG","DOMESTIC_MEN_TEAM_A","","DOMESTIC","France","Paris","Paris Saint-Germain","PSG","1080","MINUTE","12","0","0","57.28","KILOMETER","27.1","KILOMETER_PER_HOUR"
"250101284","50051","27","1998-07-22","8","VALVERDE","URU","UNKNOWN","MIDFIELDER","MALE","","./image/250101284.jpg","Federico Valverde","MIDFIELDER","15","Valverde","138","","Uruguay","Milieu","Federico","Valverde","Federico Valverde","Valverde","200122","./assoc/200122_ESP.svg","./logo/50051.png","UEFA","ESP","50051","FAME","Real Madrid","","https://img.uefa.com/imgml/TP/teams/logos/70x70/50051.png","https://img.uefa.com/imgml/TP/teams/logos/240x240/50051.png","250051","RMA","DOMESTIC_MEN_TEAM_A","","DOMESTIC","Espagne","Real Madrid","Real Madrid C.F.","RMA","1068","MINUTE","13","1","1","124.68","KILOMETER","35.9","KILOMETER_PER_HOUR"
"250016833","50037","32","1993-07-28","9","Kane","ENG","STRIKER","FORWARD","MALE","188","./image/250016833.jpg","Harry Kane","FORWARD","9","Kane","39","65","Angleterre","Attaquant","Harry","Kane","Harry Kane","Kane","200047","./assoc/200047_GER.svg","./logo/50037.png","UEFA","GER","50037","FAME","Bayern München","","https://img.uefa.com/imgml/TP/teams/logos/70x70/50037.png","https://img.uefa.com/imgml/TP/teams/logos/240x240/50037.png","250037","BAY","DOMESTIC_MEN_TEAM_A","","DOMESTIC","Allemagne","Bayern München","FC Bayern München","BAY","1064","MINUTE","12","8","4","124.13","KILOMETER","31.7","KILOMETER_PER_HOUR"
"250041844","52758","32","1993-02-09","14","Füllkrug","GER","","FORWARD","MALE","","./image/250041844.jpg","Niclas Füllkrug","FORWARD","9","Füllkrug","47","","Allemagne","Attaquant","Niclas","Füllkrug","Niclas Füllkrug","Füllkrug","200047","./assoc/200047_GER.svg","./logo/52758.png","UEFA","GER","52758","FAME","B. Dortmund","","https://img.uefa.com/imgml/TP/teams/logos/70x70/52758.png","https://img.uefa.com/imgml/TP/teams/logos/240x240/52758.png","252758","BVB","DOMESTIC_MEN_TEAM_A","","DOMESTIC","Allemagne","B. Dortmund","Borussia Dortmund","BVB","1040","MINUTE","13","3","2","124.23","KILOMETER","32.71","KILOMETER_PER_HOUR"
"250028211","50051","32","1993-03-03","22","RÜDIGER","GER","CENTRE_BACK","DEFENDER","MALE","190","./image/250028211.jpg","Antonio Rüdiger","DEFENDER","2","Rüdiger","47","85","Allemagne","Défenseur","Antonio","Rüdiger","Antonio Rüdiger","Rüdiger","200122","./assoc/200122_ESP.svg","./logo/50051.png","UEFA","ESP","50051","FAME","Real Madrid","","https://img.uefa.com/imgml/TP/teams/logos/70x70/50051.png","https://img.uefa.com/imgml/TP/teams/logos/240x240/50051.png","250051","RMA","DOMESTIC_MEN_TEAM_A","","DOMESTIC","Espagne","Real Madrid","Real Madrid C.F.","RMA","1039","MINUTE","12","0","1","106.98","KILOMETER","35.4","KILOMETER_PER_HOUR"
"250132829","50051","24","2001-01-09","11","RODRYGO","BRA","WINGER","FORWARD","MALE","","./image/250132829.jpg","Rodrygo","MIDFIELDER","10","Rodrygo","18","","Brésil","Attaquant","","Rodrygo","Rodrygo","Rodrygo","200122","./assoc/200122_ESP.svg","./logo/50051.png","UEFA","ESP","50051","FAME","Real Madrid","","https://img.uefa.com/imgml/TP/teams/logos/70x70/50051.png","https://img.uefa.com/imgml/TP/teams/logos/240x240/50051.png","250051","RMA","DOMESTIC_MEN_TEAM_A","","DOMESTIC","Espagne","Real Madrid","Real Madrid C.F.","RMA","1021","MINUTE","13","5","2","121.03","KILOMETER","33.9","KILOMETER_PER_HOUR"
"250128377","50051","22","2003-06-29","5","BELLINGHAM","ENG","UNKNOWN","MIDFIELDER","MALE","","./image/250128377.jpg","Jude Bellingham","MIDFIELDER","10","Bellingham","39","","Angleterre","Milieu","Jude","Bellingham","Jude Bellingham","Bellingham","200122","./assoc/200122_ESP.svg","./logo/50051.png","UEFA","ESP","50051","FAME","Real Madrid","","https://img.uefa.com/imgml/TP/teams/logos/70x70/50051.png","https://img.uefa.com/imgml/TP/teams/logos/240x240/50051.png","250051","RMA","DOMESTIC_MEN_TEAM_A","","DOMESTIC","Espagne","Real Madrid","Real Madrid C.F.","RMA","993","MINUTE","11","4","5","117.44","KILOMETER","32.5","KILOMETER_PER_HOUR"
"1900122","50051","35","1990-01-18","6","NACHO","ESP","CENTRE_BACK","DEFENDER","MALE","179","./image/1900122.jpg","Nacho","DEFENDER","4","Nacho","122","75","Espagne","Défenseur","","Nacho","Nacho","Nacho","200122","./assoc/200122_ESP.svg","./logo/50051.png","UEFA","ESP","50051","FAME","Real Madrid","","https://img.uefa.com/imgml/TP/teams/logos/70x70/50051.png","https://img.uefa.com/imgml/TP/teams/logos/240x240/50051.png","250051","RMA","DOMESTIC_MEN_TEAM_A","","DOMESTIC","Espagne","Real Madrid","Real Madrid C.F.","RMA","981","MINUTE","12","0","0","104.06","KILOMETER","33.71","KILOMETER_PER_HOUR"
"250088061","52747","26","1998-11-04","2","HAKIMI","MAR","WINGER","DEFENDER","MALE","179","./image/250088061.jpg","Achraf Hakimi","MIDFIELDER","2","Hakimi","92","68","Maroc","Défenseur","Achraf","Hakimi","Achraf Hakimi","Hakimi","200043","./assoc/200043_FRA.svg","./logo/52747.png","UEFA","FRA","52747","FAME","Paris","","https://img.uefa.com/imgml/TP/teams/logos/70x70/52747.png","https://img.uefa.com/imgml/TP/teams/logos/240x240/52747.png","252747","PSG","DOMESTIC_MEN_TEAM_A","","DOMESTIC","France","Paris","Paris Saint-Germain","PSG","981","MINUTE","11","1","1","121.3","KILOMETER","36","KILOMETER_PER_HOUR"
"250134856","52758","25","1999-12-01","4","Schlotterbeck","GER","UNKNOWN","DEFENDER","MALE","","./image/250134856.jpg","Nico Schlotterbeck","DEFENDER","15","Schlotterbeck","47","","Allemagne","Défenseur","Nico","Schlotterbeck","Nico Schlotterbeck","Schlotterbeck","200047","./assoc/200047_GER.svg","./logo/52758.png","UEFA","GER","52758","FAME","B. Dortmund","","https://img.uefa.com/imgml/TP/teams/logos/70x70/52758.png","https://img.uefa.com/imgml/TP/teams/logos/240x240/52758.png","252758","BVB","DOMESTIC_MEN_TEAM_A","","DOMESTIC","Allemagne","B. Dortmund","Borussia Dortmund","BVB","976","MINUTE","12","0","2","105.35","KILOMETER","34.71","KILOMETER_PER_HOUR"
"250066886","52747","28","1997-05-15","10","O.DEMBÉLÉ","FRA","UNKNOWN","FORWARD","MALE","178","./image/250066886.jpg","Ousmane Dembélé","FORWARD","7","Dembele","43","67","France","Attaquant","Ousmane","Dembélé","Ousmane Dembélé","Dembélé","200043","./assoc/200043_FRA.svg","./logo/52747.png","UEFA","FRA","52747","FAME","Paris","","https://img.uefa.com/imgml/TP/teams/logos/70x70/52747.png","https://img.uefa.com/imgml/TP/teams/logos/240x240/52747.png","252747","PSG","DOMESTIC_MEN_TEAM_A","","DOMESTIC","France","Paris","Paris Saint-Germain","PSG","954","MINUTE","11","2","2","115.01","KILOMETER","34.21","KILOMETER_PER_HOUR"
"250131901","52280","27","1997-12-19","6","GABRIEL","BRA","CENTRE_BACK","DEFENDER","MALE","","./image/250131901.jpg","Gabriel","DEFENDER","","Gabriel","","","Brésil","Défenseur","","Gabriel","Gabriel","Gabriel","200039","./assoc/200039_ENG.svg","./logo/52280.png","UEFA","ENG","52280","FAME","Arsenal","","https://img.uefa.com/imgml/TP/teams/logos/70x70/52280.png","https://img.uefa.com/imgml/TP/teams/logos/240x240/52280.png","252280","ARS","DOMESTIC_MEN_TEAM_A","","DOMESTIC","Angleterre","Arsenal","Arsenal FC","ARS","930","MINUTE","10","0","0","110.58","KILOMETER","32.5","KILOMETER_PER_HOUR"
"250012069","50124","32","1993-01-07","13","OBLAK","SVN","GOALKEEPER","GOALKEEPER","MALE","186","./image/250012069.jpg","Jan Oblak","GOALKEEPER","1","Oblak","57163","87","Slovénie","Gardien","Jan","Oblak","Jan Oblak","Oblak","200122","./assoc/200122_ESP.svg","./logo/50124.png","UEFA","ESP","50124","FAME","Atleti","","https://img.uefa.com/imgml/TP/teams/logos/70x70/50124.png","https://img.uefa.com/imgml/TP/teams/logos/240x240/50124.png","250124","ATM","DOMESTIC_MEN_TEAM_A","","DOMESTIC","Espagne","Atleti","Atlético de Madrid","ATM","930","MINUTE","10","0","0","52.61","KILOMETER","24","KILOMETER_PER_HOUR"
"250063984","50037","29","1996-01-11","10","SANÉ","GER","WINGER","MIDFIELDER","MALE","183","./image/250063984.jpg","Leroy Sané","MIDFIELDER","19","Sané","47","75","Allemagne","Milieu","Leroy","Sané","Leroy Sané","Sané","200047","./assoc/200047_GER.svg","./logo/50037.png","UEFA","GER","50037","FAME","Bayern München","","https://img.uefa.com/imgml/TP/teams/logos/70x70/50037.png","https://img.uefa.com/imgml/TP/teams/logos/240x240/50037.png","250037","BAY","DOMESTIC_MEN_TEAM_A","","DOMESTIC","Allemagne","Bayern München","FC Bayern München","BAY","929","MINUTE","12","2","2","100.08","KILOMETER","35.1","KILOMETER_PER_HOUR"
"250024349","52758","31","1994-03-17","20","Sabitzer","AUT","ATTACKING_MIDFIELDER","MIDFIELDER","MALE","177","./image/250024349.jpg","Marcel Sabitzer","MIDFIELDER","9","Sabitzer","8","74","Autriche","Milieu","Marcel","Sabitzer","Marcel Sabitzer","Sabitzer","200047","./assoc/200047_GER.svg","./logo/52758.png","UEFA","GER","52758","FAME","B. Dortmund","","https://img.uefa.com/imgml/TP/teams/logos/70x70/52758.png","https://img.uefa.com/imgml/TP/teams/logos/240x240/52758.png","252758","BVB","DOMESTIC_MEN_TEAM_A","","DOMESTIC","Allemagne","B. Dortmund","Borussia Dortmund","BVB","929","MINUTE","12","1","5","120.29","KILOMETER","32.21","KILOMETER_PER_HOUR"
"250101444","52747","25","2000-02-13","17","VITINHA","POR","UNKNOWN","MIDFIELDER","MALE","","./image/250101444.jpg","Vitinha","MIDFIELDER","23","VITINHA","110","","Portugal","Milieu","","Vitinha","Vitinha","Vitinha","200043","./assoc/200043_FRA.svg","./logo/52747.png","UEFA","FRA","52747","FAME","Paris","","https://img.uefa.com/imgml/TP/teams/logos/70x70/52747.png","https://img.uefa.com/imgml/TP/teams/logos/240x240/52747.png","252747","PSG","DOMESTIC_MEN_TEAM_A","","DOMESTIC","France","Paris","Paris Saint-Germain","PSG","914","MINUTE","12","2","1","116.77","KILOMETER","32.3","KILOMETER_PER_HOUR"
"250017824","52758","31","1994-01-12","23","Emre Can","GER","DEFENSIVE_MIDFIELDER","DEFENDER","MALE","184","./image/250017824.jpg","Emre Can","MIDFIELDER","23","Can","47","82","Allemagne","Défenseur","Emre","Can","Emre Can","Can","200047","./assoc/200047_GER.svg","./logo/52758.png","UEFA","GER","52758","FAME","B. Dortmund","","https://img.uefa.com/imgml/TP/teams/logos/70x70/52758.png","https://img.uefa.com/imgml/TP/teams/logos/240x240/52758.png","252758","BVB","DOMESTIC_MEN_TEAM_A","","DOMESTIC","Allemagne","B. Dortmund","Borussia Dortmund","BVB","913","MINUTE","11","0","0","110.73","KILOMETER","34.21","KILOMETER_PER_HOUR"
"250153849","52747","19","2006-03-08","33","ZAÏRE-EMERY","FRA","DEFENSIVE_MIDFIELDER","MIDFIELDER","MALE","","./image/250153849.jpg","Warren Zaïre-Emery","MIDFIELDER","8","ZAIRE-EMERY","43","","France","Milieu","Warren","Zaïre-Emery","Warren Zaïre-Emery","Zaïre-Emery","200043","./assoc/200043_FRA.svg","./logo/52747.png","UEFA","FRA","52747","FAME","Paris","","https://img.uefa.com/imgml/TP/teams/logos/70x70/52747.png","https://img.uefa.com/imgml/TP/teams/logos/240x240/52747.png","252747","PSG","DOMESTIC_MEN_TEAM_A","","DOMESTIC","France","Paris","Paris Saint-Germain","PSG","905","MINUTE","11","1","3","116.72","KILOMETER","33.8","KILOMETER_PER_HOUR"
"250121533","50051","25","2000-07-12","7","VINI JR.","BRA","UNKNOWN","FORWARD","MALE","","./image/250121533.jpg","Vinícius Júnior","FORWARD","7","Vini Jr.","18","","Brésil","Attaquant","","Vinícius Júnior","Vinícius Júnior","Vinícius Júnior","200122","./assoc/200122_ESP.svg","./logo/50051.png","UEFA","ESP","50051","FAME","Real Madrid","","https://img.uefa.com/imgml/TP/teams/logos/70x70/50051.png","https://img.uefa.com/imgml/TP/teams/logos/240x240/50051.png","250051","RMA","DOMESTIC_MEN_TEAM_A","","DOMESTIC","Espagne","Real Madrid","Real Madrid C.F.","RMA","901","MINUTE","10","6","5","99.28","KILOMETER","34.71","KILOMETER_PER_HOUR"
"250127439","52280","24","2001-03-24","2","Saliba","FRA","CENTRE_BACK","DEFENDER","MALE","","./image/250127439.jpg","William Saliba","DEFENDER","17","Saliba","43","","France","Défenseur","William","Saliba","William Saliba","Saliba","200039","./assoc/200039_ENG.svg","./logo/52280.png","UEFA","ENG","52280","FAME","Arsenal","","https://img.uefa.com/imgml/TP/teams/logos/70x70/52280.png","https://img.uefa.com/imgml/TP/teams/logos/240x240/52280.png","252280","ARS","DOMESTIC_MEN_TEAM_A","","DOMESTIC","Angleterre","Arsenal","Arsenal FC","ARS","901","MINUTE","10","0","0","102.3","KILOMETER","34","KILOMETER_PER_HOUR"
"250064064","52747","31","1994-05-14","5","MARQUINHOS","BRA","CENTRE_BACK","DEFENDER","MALE","183","./image/250064064.jpg","Marquinhos","DEFENDER","4","Marquinhos","18","75","Brésil","Défenseur","","Marquinhos","Marquinhos","Marquinhos","200043","./assoc/200043_FRA.svg","./logo/52747.png","UEFA","FRA","52747","FAME","Paris","","https://img.uefa.com/imgml/TP/teams/logos/70x70/52747.png","https://img.uefa.com/imgml/TP/teams/logos/240x240/52747.png","252747","PSG","DOMESTIC_MEN_TEAM_A","","DOMESTIC","France","Paris","Paris Saint-Germain","PSG","900","MINUTE","10","0","2","105.94","KILOMETER","33.4","KILOMETER_PER_HOUR"
"250092517","52758","27","1997-11-17","26","Ryerson","NOR","","DEFENDER","MALE","","./image/250092517.jpg","Julian Ryerson","DEFENDER","14","Ryerson","101","","Norvège","Défenseur","Julian","Ryerson","Julian Ryerson","Ryerson","200047","./assoc/200047_GER.svg","./logo/52758.png","UEFA","GER","52758","FAME","B. Dortmund","","https://img.uefa.com/imgml/TP/teams/logos/70x70/52758.png","https://img.uefa.com/imgml/TP/teams/logos/240x240/52758.png","252758","BVB","DOMESTIC_MEN_TEAM_A","","DOMESTIC","Allemagne","B. Dortmund","Borussia Dortmund","BVB","897","MINUTE","10","0","0","113.66","KILOMETER","32.71","KILOMETER_PER_HOUR"
"103335","50124","36","1989-01-12","20","WITSEL","BEL","DEFENSIVE_MIDFIELDER","MIDFIELDER","MALE","186","./image/103335.jpg","Axel Witsel","MIDFIELDER","6","Witsel","13","73","Belgique","Milieu","Axel","Witsel","Axel Witsel","Witsel","200122","./assoc/200122_ESP.svg","./logo/50124.png","UEFA","ESP","50124","FAME","Atleti","","https://img.uefa.com/imgml/TP/teams/logos/70x70/50124.png","https://img.uefa.com/imgml/TP/teams/logos/240x240/50124.png","250124","ATM","DOMESTIC_MEN_TEAM_A","","DOMESTIC","Espagne","Atleti","Atlético de Madrid","ATM","887","MINUTE","10","0","0","100.77","KILOMETER","31.5","KILOMETER_PER_HOUR"
"250124430","50037","22","2003-02-26","10","Musiala","GER","UNKNOWN","MIDFIELDER","MALE","","./image/250124430.jpg","Jamal Musiala","MIDFIELDER","10","Musiala","47","","Allemagne","Milieu","Jamal","Musiala","Jamal Musiala","Musiala","200047","./assoc/200047_GER.svg","./logo/50037.png","UEFA","GER","50037","FAME","Bayern München","","https://img.uefa.com/imgml/TP/teams/logos/70x70/50037.png","https://img.uefa.com/imgml/TP/teams/logos/240x240/50037.png","250037","BAY","DOMESTIC_MEN_TEAM_A","","DOMESTIC","Allemagne","Bayern München","FC Bayern München","BAY","882","MINUTE","11","2","1","105.3","KILOMETER","34.71","KILOMETER_PER_HOUR"
"250112803","50051","30","1995-06-08","23","F. MENDY","FRA","FULL_BACK","DEFENDER","MALE","","./image/250112803.jpg","Ferland Mendy","DEFENDER","3","Mendy","43","","France","Défenseur","Ferland","Mendy","Ferland Mendy","Mendy","200122","./assoc/200122_ESP.svg","./logo/50051.png","UEFA","ESP","50051","FAME","Real Madrid","","https://img.uefa.com/imgml/TP/teams/logos/70x70/50051.png","https://img.uefa.com/imgml/TP/teams/logos/240x240/50051.png","250051","RMA","DOMESTIC_MEN_TEAM_A","","DOMESTIC","Espagne","Real Madrid","Real Madrid C.F.","RMA","871","MINUTE","11","0","0","97.23","KILOMETER","34.71","KILOMETER_PER_HOUR"
"103147","50051","35","1990-01-04","8","KROOS","GER","CENTRAL_MIDFIELDER","MIDFIELDER","MALE","182","./image/103147.jpg","Toni Kroos","MIDFIELDER","8","Kroos","47","78","Allemagne","Milieu","Toni","Kroos","Toni Kroos","Kroos","200122","./assoc/200122_ESP.svg","./logo/50051.png","UEFA","ESP","50051","FAME","Real Madrid","","https://img.uefa.com/imgml/TP/teams/logos/70x70/50051.png","https://img.uefa.com/imgml/TP/teams/logos/240x240/50051.png","250051","RMA","DOMESTIC_MEN_TEAM_A","","DOMESTIC","Espagne","Real Madrid","Real Madrid C.F.","RMA","861","MINUTE","12","0","2","108.91","KILOMETER","29.9","KILOMETER_PER_HOUR"
"250024448","50051","33","1992-01-11","2","CARVAJAL","ESP","FULL_BACK","DEFENDER","MALE","173","./image/250024448.jpg","Dani Carvajal","DEFENDER","2","CARVAJAL","122","73","Espagne","Défenseur","Dani","Carvajal","Dani Carvajal","Carvajal","200122","./assoc/200122_ESP.svg","./logo/50051.png","UEFA","ESP","50051","FAME","Real Madrid","","https://img.uefa.com/imgml/TP/teams/logos/70x70/50051.png","https://img.uefa.com/imgml/TP/teams/logos/240x240/50051.png","250051","RMA","DOMESTIC_MEN_TEAM_A","","DOMESTIC","Espagne","Real Madrid","Real Madrid C.F.","RMA","846","MINUTE","10","1","0","100.46","KILOMETER","33.8","KILOMETER_PER_HOUR"
"250063803","52747","29","1996-02-14","21","L.HERNANDEZ","FRA","CENTRE_BACK","DEFENDER","MALE","180","./image/250063803.jpg","Lucas Hernández","DEFENDER","21","L. Hernandez","43","76","France","Défenseur","Lucas","Hernández","Lucas Hernández","L. Hernández","200043","./assoc/200043_FRA.svg","./logo/52747.png","UEFA","FRA","52747","FAME","Paris","","https://img.uefa.com/imgml/TP/teams/logos/70x70/52747.png","https://img.uefa.com/imgml/TP/teams/logos/240x240/52747.png","252747","PSG","DOMESTIC_MEN_TEAM_A","","DOMESTIC","France","Paris","Paris Saint-Germain","PSG","842","MINUTE","11","1","0","100.83","KILOMETER","33.21","KILOMETER_PER_HOUR"
"250083732","52280","26","1999-01-14","41","Rice","ENG","","MIDFIELDER","MALE","","./image/250083732.jpg","Declan Rice","MIDFIELDER","4","Rice","39","","Angleterre","Milieu","Declan","Rice","Declan Rice","Rice","200039","./assoc/200039_ENG.svg","./logo/52280.png","UEFA","ENG","52280","FAME","Arsenal","","https://img.uefa.com/imgml/TP/teams/logos/70x70/52280.png","https://img.uefa.com/imgml/TP/teams/logos/240x240/52280.png","252280","ARS","DOMESTIC_MEN_TEAM_A","","DOMESTIC","Angleterre","Arsenal","Arsenal FC","ARS","840","MINUTE","10","0","0","111.2","KILOMETER","32.8","KILOMETER_PER_HOUR"
"250171278","52280","30","1995-09-15","1","Raya","ESP","UNKNOWN","GOALKEEPER","MALE","","./image/250171278.jpg","David Raya","GOALKEEPER","1","RAYA","122","","Espagne","Gardien","David","Raya","David Raya","Raya","200039","./assoc/200039_ENG.svg","./logo/52280.png","UEFA","ENG","52280","FAME","Arsenal","","https://img.uefa.com/imgml/TP/teams/logos/70x70/52280.png","https://img.uefa.com/imgml/TP/teams/logos/240x240/52280.png","252280","ARS","DOMESTIC_MEN_TEAM_A","","DOMESTIC","Angleterre","Arsenal","Arsenal FC","ARS","840","MINUTE","9","0","0","56.36","KILOMETER","30.7","KILOMETER_PER_HOUR"
"250005335","50080","34","1990-10-24","20","GÜNDOĞAN","GER","CENTRAL_MIDFIELDER","MIDFIELDER","MALE","180","./image/250005335.jpg","İlkay Gündoğan","MIDFIELDER","21","Gündoğan","47","80","Allemagne","Milieu","İlkay","Gündoğan","İlkay Gündoğan","Gündoğan","200122","./assoc/200122_ESP.svg","./logo/50080.png","UEFA","ESP","50080","FAME","Barcelona","","https://img.uefa.com/imgml/TP/teams/logos/70x70/50080.png","https://img.uefa.com/imgml/TP/teams/logos/240x240/50080.png","250080","BAR","DOMESTIC_MEN_TEAM_A","","DOMESTIC","Espagne","Barcelona","FC Barcelona","BAR","835","MINUTE","10","0","4","107.79","KILOMETER","32.21","KILOMETER_PER_HOUR"
"250087938","52280","26","1999-06-11","29","Havertz","GER","STRIKER","MIDFIELDER","MALE","","./image/250087938.jpg","Kai Havertz","FORWARD","7","Havertz","47","","Allemagne","Milieu","Kai","Havertz","Kai Havertz","Havertz","200039","./assoc/200039_ENG.svg","./logo/52280.png","UEFA","ENG","52280","FAME","Arsenal","","https://img.uefa.com/imgml/TP/teams/logos/70x70/52280.png","https://img.uefa.com/imgml/TP/teams/logos/240x240/52280.png","252280","ARS","DOMESTIC_MEN_TEAM_A","","DOMESTIC","Angleterre","Arsenal","Arsenal FC","ARS","832","MINUTE","10","1","0","112.26","KILOMETER","33.71","KILOMETER_PER_HOUR"
"250019498","50124","34","1991-03-21","7","GRIEZMANN","FRA","STRIKER","FORWARD","MALE","176","./image/250019498.jpg","Antoine Griezmann","FORWARD","7","Griezmann","43","67","France","Attaquant","Antoine","Griezmann","Antoine Griezmann","Griezmann","200122","./assoc/200122_ESP.svg","./logo/50124.png","UEFA","ESP","50124","FAME","Atleti","","https://img.uefa.com/imgml/TP/teams/logos/70x70/50124.png","https://img.uefa.com/imgml/TP/teams/logos/240x240/50124.png","250124","ATM","DOMESTIC_MEN_TEAM_A","","DOMESTIC","Espagne","Atleti","Atlético de Madrid","ATM","821","MINUTE","10","6","1","98.84","KILOMETER","33","KILOMETER_PER_HOUR"
"250063940","50124","30","1995-06-18","22","Hermoso","ESP","UNKNOWN","DEFENDER","MALE","","./image/250063940.jpg","Mario Hermoso","DEFENDER","4","Hermoso","122","","Espagne","Défenseur","Mario","Hermoso","Mario Hermoso","Hermoso","200122","./assoc/200122_ESP.svg","./logo/50124.png","UEFA","ESP","50124","FAME","Atleti","","https://img.uefa.com/imgml/TP/teams/logos/70x70/50124.png","https://img.uefa.com/imgml/TP/teams/logos/240x240/50124.png","250124","ATM","DOMESTIC_MEN_TEAM_A","","DOMESTIC","Espagne","Atleti","Atlético de Madrid","ATM","818","MINUTE","9","1","1","98.89","KILOMETER","32.8","KILOMETER_PER_HOUR"
"250024746","50080","31","1994-05-27","7","João Cancelo","POR","FULL_BACK","DEFENDER","MALE","","./image/250024746.jpg","João Cancelo","DEFENDER","20","JOÃO CANCELO","110","","Portugal","Défenseur","","João Cancelo","João Cancelo","João Cancelo","200122","./assoc/200122_ESP.svg","./logo/50080.png","UEFA","ESP","50080","FAME","Barcelona","","https://img.uefa.com/imgml/TP/teams/logos/70x70/50080.png","https://img.uefa.com/imgml/TP/teams/logos/240x240/50080.png","250080","BAR","DOMESTIC_MEN_TEAM_A","","DOMESTIC","Espagne","Barcelona","FC Barcelona","BAR","810","MINUTE","10","2","1","99.75","KILOMETER","33.21","KILOMETER_PER_HOUR"
"97923","50037","39","1986-03-27","1","Neuer","GER","GOALKEEPER","GOALKEEPER","MALE","193","./image/97923.jpg","Manuel Neuer","GOALKEEPER","1","Neuer","47","92","Allemagne","Gardien","Manuel","Neuer","Manuel Neuer","Neuer","200047","./assoc/200047_GER.svg","./logo/50037.png","UEFA","GER","50037","FAME","Bayern München","","https://img.uefa.com/imgml/TP/teams/logos/70x70/50037.png","https://img.uefa.com/imgml/TP/teams/logos/240x240/50037.png","250037","BAY","DOMESTIC_MEN_TEAM_A","","DOMESTIC","Allemagne","Bayern München","FC Bayern München","BAY","810","MINUTE","9","0","0","49.89","KILOMETER","26.9","KILOMETER_PER_HOUR"
"250172673","50124","27","1998-04-06","16","MOLINA","ARG","UNKNOWN","DEFENDER","MALE","","./image/250172673.jpg","Nahuel Molina","DEFENDER","4","Molina","6","","Argentine","Défenseur","Nahuel","Molina","Nahuel Molina","Molina","200122","./assoc/200122_ESP.svg","./logo/50124.png","UEFA","ESP","50124","FAME","Atleti","","https://img.uefa.com/imgml/TP/teams/logos/70x70/50124.png","https://img.uefa.com/imgml/TP/teams/logos/240x240/50124.png","250124","ATM","DOMESTIC_MEN_TEAM_A","","DOMESTIC","Espagne","Atleti","Atlético de Madrid","ATM","791","MINUTE","10","0","3","96.09","KILOMETER","34","KILOMETER_PER_HOUR"
"250128270","50051","22","2002-11-10","6","CAMAVINGA","FRA","DEFENSIVE_MIDFIELDER","MIDFIELDER","MALE","","./image/250128270.jpg","Eduardo Camavinga","MIDFIELDER","6","Camavinga","43","","France","Milieu","Eduardo","Camavinga","Eduardo Camavinga","Camavinga","200122","./assoc/200122_ESP.svg","./logo/50051.png","UEFA","ESP","50051","FAME","Real Madrid","","https://img.uefa.com/imgml/TP/teams/logos/70x70/50051.png","https://img.uefa.com/imgml/TP/teams/logos/240x240/50051.png","250051","RMA","DOMESTIC_MEN_TEAM_A","","DOMESTIC","Espagne","Real Madrid","Real Madrid C.F.","RMA","790","MINUTE","11","0","1","99.03","KILOMETER","34.71","KILOMETER_PER_HOUR"
"250046522","52758","29","1996-05-02","10","Brandt","GER","WINGER","MIDFIELDER","MALE","176","./image/250046522.jpg","Julian Brandt","MIDFIELDER","14","Brandt","47","82","Allemagne","Milieu","Julian","Brandt","Julian Brandt","Brandt","200047","./assoc/200047_GER.svg","./logo/52758.png","UEFA","GER","52758","FAME","B. Dortmund","","https://img.uefa.com/imgml/TP/teams/logos/70x70/52758.png","https://img.uefa.com/imgml/TP/teams/logos/240x240/52758.png","252758","BVB","DOMESTIC_MEN_TEAM_A","","DOMESTIC","Allemagne","B. Dortmund","Borussia Dortmund","BVB","789","MINUTE","12","2","2","104.23","KILOMETER","33.6","KILOMETER_PER_HOUR"
"250103758","52919","25","2000-07-21","9","Haaland","NOR","UNKNOWN","FORWARD","MALE","","./image/250103758.jpg","Erling Haaland","FORWARD","9","Braut Haaland","101","","Norvège","Attaquant","Erling","Haaland","Erling Haaland","Haaland","200039","./assoc/200039_ENG.svg","./logo/52919.png","UEFA","ENG","52919","FAME","Man City","","https://img.uefa.com/imgml/TP/teams/logos/70x70/52919.png","https://img.uefa.com/imgml/TP/teams/logos/240x240/52919.png","252919","MCI","DOMESTIC_MEN_TEAM_A","","DOMESTIC","Angleterre","Man City","Manchester City","MCI","778","MINUTE","9","6","1","87.14","KILOMETER","36","KILOMETER_PER_HOUR"
"250065413","50037","28","1997-05-27","27","Laimer","AUT","CENTRAL_MIDFIELDER","MIDFIELDER","MALE","179","./image/250065413.jpg","Konrad Laimer","MIDFIELDER","20","Laimer","8","","Autriche","Milieu","Konrad","Laimer","Konrad Laimer","Laimer","200047","./assoc/200047_GER.svg","./logo/50037.png","UEFA","GER","50037","FAME","Bayern München","","https://img.uefa.com/imgml/TP/teams/logos/70x70/50037.png","https://img.uefa.com/imgml/TP/teams/logos/240x240/50037.png","250037","BAY","DOMESTIC_MEN_TEAM_A","","DOMESTIC","Allemagne","Bayern München","FC Bayern München","BAY","771","MINUTE","11","0","1","97.53","KILOMETER","34","KILOMETER_PER_HOUR"
"1909917","50124","33","1992-01-08","6","KOKE","ESP","CENTRAL_MIDFIELDER","MIDFIELDER","MALE","178","./image/1909917.jpg","Koke","MIDFIELDER","8","Koke","122","74","Espagne","Milieu","","Koke","Koke","Koke","200122","./assoc/200122_ESP.svg","./logo/50124.png","UEFA","ESP","50124","FAME","Atleti","","https://img.uefa.com/imgml/TP/teams/logos/70x70/50124.png","https://img.uefa.com/imgml/TP/teams/logos/240x240/50124.png","250124","ATM","DOMESTIC_MEN_TEAM_A","","DOMESTIC","Espagne","Atleti","Atlético de Madrid","ATM","771","MINUTE","9","0","1","111.88","KILOMETER","28.8","KILOMETER_PER_HOUR"
"250058220","52919","28","1997-05-14","3","Rúben","POR","CENTRE_BACK","DEFENDER","MALE","","./image/250058220.jpg","Rúben Dias","DEFENDER","3","RÚBEN DIAS","110","","Portugal","Défenseur","","Rúben Dias","Rúben Dias","Rúben Dias","200039","./assoc/200039_ENG.svg","./logo/52919.png","UEFA","ENG","52919","FAME","Man City","","https://img.uefa.com/imgml/TP/teams/logos/70x70/52919.png","https://img.uefa.com/imgml/TP/teams/logos/240x240/52919.png","252919","MCI","DOMESTIC_MEN_TEAM_A","","DOMESTIC","Angleterre","Man City","Manchester City","MCI","766","MINUTE","9","0","1","99.06","KILOMETER","33.3","KILOMETER_PER_HOUR"
"250041771","50037","30","1995-02-06","8","Goretzka","GER","CENTRAL_MIDFIELDER","MIDFIELDER","MALE","189","./image/250041771.jpg","Leon Goretzka","MIDFIELDER","8","Goretzka","47","79","Allemagne","Milieu","Leon","Goretzka","Leon Goretzka","Goretzka","200047","./assoc/200047_GER.svg","./logo/50037.png","UEFA","GER","50037","FAME","Bayern München","","https://img.uefa.com/imgml/TP/teams/logos/70x70/50037.png","https://img.uefa.com/imgml/TP/teams/logos/240x240/50037.png","250037","BAY","DOMESTIC_MEN_TEAM_A","","DOMESTIC","Allemagne","Bayern München","FC Bayern München","BAY","761","MINUTE","10","0","1","95.18","KILOMETER","33.21","KILOMETER_PER_HOUR"
"250156002","52280","28","1997-10-08","4","White","ENG","UNKNOWN","DEFENDER","MALE","","./image/250156002.jpg","Ben White","DEFENDER","21","White","39","","Angleterre","Défenseur","Ben","White","Ben White","White","200039","./assoc/200039_ENG.svg","./logo/52280.png","UEFA","ENG","52280","FAME","Arsenal","","https://img.uefa.com/imgml/TP/teams/logos/70x70/52280.png","https://img.uefa.com/imgml/TP/teams/logos/240x240/52280.png","252280","ARS","DOMESTIC_MEN_TEAM_A","","DOMESTIC","Angleterre","Arsenal","Arsenal FC","ARS","754","MINUTE","10","0","1","92.17","KILOMETER","33","KILOMETER_PER_HOUR"
"250081341","52280","26","1998-12-17","8","Ødegaard","NOR","ATTACKING_MIDFIELDER","MIDFIELDER","MALE","170","./image/250081341.jpg","Martin Ødegaard","MIDFIELDER","10","Ødegaard","101","68","Norvège","Milieu","Martin","Ødegaard","Martin Ødegaard","Ødegaard","200039","./assoc/200039_ENG.svg","./logo/52280.png","UEFA","ENG","52280","FAME","Arsenal","","https://img.uefa.com/imgml/TP/teams/logos/70x70/52280.png","https://img.uefa.com/imgml/TP/teams/logos/240x240/52280.png","252280","ARS","DOMESTIC_MEN_TEAM_A","","DOMESTIC","Angleterre","Arsenal","Arsenal FC","ARS","752","MINUTE","9","2","2","101.85","KILOMETER","32.21","KILOMETER_PER_HOUR"
"250076675","50064","26","1999-09-19","99","D. Costa","POR","GOALKEEPER","GOALKEEPER","MALE","","./image/250076675.jpg","Diogo Costa","GOALKEEPER","1","DIOGO COSTA","110","","Portugal","Gardien","","Diogo Costa","Diogo Costa","Diogo Costa","200110","./assoc/200110_POR.svg","./logo/50064.png","UEFA","POR","50064","FAME","Porto","","https://img.uefa.com/imgml/TP/teams/logos/70x70/50064.png","https://img.uefa.com/imgml/TP/teams/logos/240x240/50064.png","250064","POR","DOMESTIC_MEN_TEAM_A","","DOMESTIC","Portugal","Porto","FC Porto","POR","750","MINUTE","8","0","0","45.3","KILOMETER","30","KILOMETER_PER_HOUR"
"250089824","50051","26","1999-02-11","13","LUNIN","UKR","GOALKEEPER","GOALKEEPER","MALE","","./image/250089824.jpg","Andriy Lunin","GOALKEEPER","1","Lunin","57166","","Ukraine","Gardien","Andriy","Lunin","Andriy Lunin","Lunin","200122","./assoc/200122_ESP.svg","./logo/50051.png","UEFA","ESP","50051","FAME","Real Madrid","","https://img.uefa.com/imgml/TP/teams/logos/70x70/50051.png","https://img.uefa.com/imgml/TP/teams/logos/240x240/50051.png","250051","RMA","DOMESTIC_MEN_TEAM_A","","DOMESTIC","Espagne","Real Madrid","Real Madrid C.F.","RMA","750","MINUTE","8","0","0","45.1","KILOMETER","27.1","KILOMETER_PER_HOUR"
"250002096","50080","37","1988-08-21","9","Lewandowski","POL","STRIKER","FORWARD","MALE","184","./image/250002096.jpg","Robert Lewandowski","FORWARD","9","Lewandowski","109","78","Pologne","Attaquant","Robert","Lewandowski","Robert Lewandowski","Lewandowski","200122","./assoc/200122_ESP.svg","./logo/50080.png","UEFA","ESP","50080","FAME","Barcelona","","https://img.uefa.com/imgml/TP/teams/logos/70x70/50080.png","https://img.uefa.com/imgml/TP/teams/logos/240x240/50080.png","250080","BAR","DOMESTIC_MEN_TEAM_A","","DOMESTIC","Espagne","Barcelona","FC Barcelona","BAR","736","MINUTE","9","3","0","89.13","KILOMETER","32.4","KILOMETER_PER_HOUR"
"250106939","52280","24","2001-09-05","7","Saka","ENG","WINGER","FORWARD","MALE","","./image/250106939.jpg","Bukayo Saka","FORWARD","7","Saka","39","","Angleterre","Attaquant","Bukayo","Saka","Bukayo Saka","Saka","200039","./assoc/200039_ENG.svg","./logo/52280.png","UEFA","ENG","52280","FAME","Arsenal","","https://img.uefa.com/imgml/TP/teams/logos/70x70/52280.png","https://img.uefa.com/imgml/TP/teams/logos/240x240/52280.png","252280","ARS","DOMESTIC_MEN_TEAM_A","","DOMESTIC","Angleterre","Arsenal","Arsenal FC","ARS","725","MINUTE","9","4","4","82.57","KILOMETER","33.21","KILOMETER_PER_HOUR"
"250064229","50136","32","1993-08-04","22","Di Lorenzo","ITA","FULL_BACK","DEFENDER","MALE","","./image/250064229.jpg","Giovanni Di Lorenzo","DEFENDER","22","Di Lorenzo","66","","Italie","Défenseur","Giovanni","Di Lorenzo","Giovanni Di Lorenzo","Di Lorenzo","200066","./assoc/200066_ITA.svg","./logo/50136.png","UEFA","ITA","50136","FAME","Napoli","","https://img.uefa.com/imgml/TP/teams/logos/70x70/50136.png","https://img.uefa.com/imgml/TP/teams/logos/240x240/50136.png","250136","NAP","DOMESTIC_MEN_TEAM_A","","DOMESTIC","Italie","Napoli","SSC Napoli","NAP","720","MINUTE","8","1","1","89.13","KILOMETER","32.6","KILOMETER_PER_HOUR"
"250088122","50062","26","1999-09-30","4","TEZE","NED","FULL_BACK","DEFENDER","MALE","","./image/250088122.jpg","Jordan Teze","DEFENDER","3","Teze","95","","Pays-Bas","Défenseur","Jordan","Teze","Jordan Teze","Teze","200095","./assoc/200095_NED.svg","./logo/50062.png","UEFA","NED","50062","FAME","PSV","","https://img.uefa.com/imgml/TP/teams/logos/70x70/50062.png","https://img.uefa.com/imgml/TP/teams/logos/240x240/50062.png","250062","PSV","DOMESTIC_MEN_TEAM_A","","DOMESTIC","Pays-Bas","PSV","PSV Eindhoven","PSV","720","MINUTE","8","1","0","82.42","KILOMETER","33.3","KILOMETER_PER_HOUR"
"250088946","52973","31","1994-03-17","94","Provedel","ITA","","GOALKEEPER","MALE","","./image/250088946.jpg","Ivan Provedel","GOALKEEPER","12","Provedel","66","","Italie","Gardien","Ivan","Provedel","Ivan Provedel","Provedel","200066","./assoc/200066_ITA.svg","./logo/52973.png","UEFA","ITA","52973","FAME","Lazio","","https://img.uefa.com/imgml/TP/teams/logos/70x70/52973.png","https://img.uefa.com/imgml/TP/teams/logos/240x240/52973.png","252973","LAZ","DOMESTIC_MEN_TEAM_A","","DOMESTIC","Italie","Lazio","S.S. Lazio","LAZ","720","MINUTE","8","1","0","37.4","KILOMETER","25.5","KILOMETER_PER_HOUR"
"250096309","50080","26","1998-11-12","23","Kounde","FRA","CENTRE_BACK","DEFENDER","MALE","","./image/250096309.jpg","Jules Koundé","DEFENDER","5","Kounde","43","","France","Défenseur","Jules","Koundé","Jules Koundé","Koundé","200122","./assoc/200122_ESP.svg","./logo/50080.png","UEFA","ESP","50080","FAME","Barcelona","","https://img.uefa.com/imgml/TP/teams/logos/70x70/50080.png","https://img.uefa.com/imgml/TP/teams/logos/240x240/50080.png","250080","BAR","DOMESTIC_MEN_TEAM_A","","DOMESTIC","Espagne","Barcelona","FC Barcelona","BAR","720","MINUTE","8","0","0","89.03","KILOMETER","33.6","KILOMETER_PER_HOUR"
"250090273","52709","26","1999-01-08","1","Grabara","POL","UNKNOWN","GOALKEEPER","MALE","","./image/250090273.jpg","Kamil Grabara","GOALKEEPER","12","Grabara","109","","Pologne","Gardien","Kamil","Grabara","Kamil Grabara","Grabara","200035","./assoc/200035_DEN.svg","./logo/52709.png","UEFA","DEN","52709","FAME","Copenhagen","","https://img.uefa.com/imgml/TP/teams/logos/70x70/52709.png","https://img.uefa.com/imgml/TP/teams/logos/240x240/52709.png","252709","CPH","DOMESTIC_MEN_TEAM_A","","DOMESTIC","Danemark","Copenhagen","F.C. Copenhagen","CPH","720","MINUTE","8","0","0","42.52","KILOMETER","26.6","KILOMETER_PER_HOUR"
"250066244","50123","30","1995-03-24","1","A.Remiro","ESP","GOALKEEPER","GOALKEEPER","MALE","191","./image/250066244.jpg","Álex Remiro","GOALKEEPER","13","A. REMIRO","122","","Espagne","Gardien","Álex","Remiro","Álex Remiro","Remiro","200122","./assoc/200122_ESP.svg","./logo/50123.png","UEFA","ESP","50123","FAME","Real Sociedad","","https://img.uefa.com/imgml/TP/teams/logos/70x70/50123.png","https://img.uefa.com/imgml/TP/teams/logos/240x240/50123.png","250123","RSO","DOMESTIC_MEN_TEAM_A","","DOMESTIC","Espagne","Real Sociedad","Real Sociedad de Fútbol","RSO","720","MINUTE","8","0","0","41.58","KILOMETER","28.1","KILOMETER_PER_HOUR"
"250101144","50062","32","1993-01-19","44","Benítez","ARG","UNKNOWN","GOALKEEPER","MALE","191","./image/250101144.jpg","Walter Benítez","GOALKEEPER","","BENITEZ","","91","Argentine","Gardien","Walter","Benítez","Walter Benítez","Benítez","200095","./assoc/200095_NED.svg","./logo/50062.png","UEFA","NED","50062","FAME","PSV","","https://img.uefa.com/imgml/TP/teams/logos/70x70/50062.png","https://img.uefa.com/imgml/TP/teams/logos/240x240/50062.png","250062","PSV","DOMESTIC_MEN_TEAM_A","","DOMESTIC","Pays-Bas","PSV","PSV Eindhoven","PSV","720","MINUTE","8","0","0","41.02","KILOMETER","26.6","KILOMETER_PER_HOUR"
"250066753","50136","28","1997-03-22","1","Meret","ITA","GOALKEEPER","GOALKEEPER","MALE","","./image/250066753.jpg","Alex Meret","GOALKEEPER","12","Meret","66","","Italie","Gardien","Alex","Meret","Alex Meret","Meret","200066","./assoc/200066_ITA.svg","./logo/50136.png","UEFA","ITA","50136","FAME","Napoli","","https://img.uefa.com/imgml/TP/teams/logos/70x70/50136.png","https://img.uefa.com/imgml/TP/teams/logos/240x240/50136.png","250136","NAP","DOMESTIC_MEN_TEAM_A","","DOMESTIC","Italie","Napoli","SSC Napoli","NAP","720","MINUTE","8","0","0","40.47","KILOMETER","26.4","KILOMETER_PER_HOUR"
"250007631","50080","33","1992-04-30","1","Ter Stegen","GER","GOALKEEPER","GOALKEEPER","MALE","187","./image/250007631.jpg","Marc-André ter Stegen","GOALKEEPER","1","Ter Stegen","47","85","Allemagne","Gardien","Marc-André","ter Stegen","Marc-André ter Stegen","Ter Stegen","200122","./assoc/200122_ESP.svg","./logo/50080.png","UEFA","ESP","50080","FAME","Barcelona","","https://img.uefa.com/imgml/TP/teams/logos/70x70/50080.png","https://img.uefa.com/imgml/TP/teams/logos/240x240/50080.png","250080","BAR","DOMESTIC_MEN_TEAM_A","","DOMESTIC","Espagne","Barcelona","FC Barcelona","BAR","720","MINUTE","8","0","0","38.44","KILOMETER","24.8","KILOMETER_PER_HOUR"
"250143679","50123","26","1999-02-02","36","Zubimendi","ESP","DEFENSIVE_MIDFIELDER","MIDFIELDER","MALE","","./image/250143679.jpg","Martin Zubimendi","MIDFIELDER","18","ZUBIMENDI","122","","Espagne","Milieu","Martin","Zubimendi","Martin Zubimendi","Zubimendi","200122","./assoc/200122_ESP.svg","./logo/50123.png","UEFA","ESP","50123","FAME","Real Sociedad","","https://img.uefa.com/imgml/TP/teams/logos/70x70/50123.png","https://img.uefa.com/imgml/TP/teams/logos/240x240/50123.png","250123","RSO","DOMESTIC_MEN_TEAM_A","","DOMESTIC","Espagne","Real Sociedad","Real Sociedad de Fútbol","RSO","713","MINUTE","8","0","0","92.27","KILOMETER","31.8","KILOMETER_PER_HOUR"
"250127347","52758","23","2002-01-18","27","Adeyemi","GER","STRIKER","FORWARD","MALE","","./image/250127347.jpg","Karim Adeyemi","MIDFIELDER","14","Adeyemi","47","","Allemagne","Attaquant","Karim","Adeyemi","Karim Adeyemi","Adeyemi","200047","./assoc/200047_GER.svg","./logo/52758.png","UEFA","GER","52758","FAME","B. Dortmund","","https://img.uefa.com/imgml/TP/teams/logos/70x70/52758.png","https://img.uefa.com/imgml/TP/teams/logos/240x240/52758.png","252758","BVB","DOMESTIC_MEN_TEAM_A","","DOMESTIC","Allemagne","B. Dortmund","Borussia Dortmund","BVB","709","MINUTE","12","2","1","88","KILOMETER","37.6","KILOMETER_PER_HOUR"
"250078678","52709","29","1996-10-06","2","Diks","NED","FULL_BACK","DEFENDER","MALE","","./image/250078678.jpg","Kevin Diks","DEFENDER","2","Diks","200095","","Pays-Bas","Défenseur","Kevin","Diks","Kevin Diks","Diks","200035","./assoc/200035_DEN.svg","./logo/52709.png","UEFA","DEN","52709","FAME","Copenhagen","","https://img.uefa.com/imgml/TP/teams/logos/70x70/52709.png","https://img.uefa.com/imgml/TP/teams/logos/240x240/52709.png","252709","CPH","DOMESTIC_MEN_TEAM_A","","DOMESTIC","Danemark","Copenhagen","F.C. Copenhagen","CPH","708","MINUTE","8","0","0","86.09","KILOMETER","33.1","KILOMETER_PER_HOUR"
"250058731","52709","29","1996-04-10","3","Vavro","SVK","CENTRE_BACK","DEFENDER","MALE","","./image/250058731.jpg","Denis Vavro","DEFENDER","3","Vavro","58836","","Slovaquie","Défenseur","Denis","Vavro","Denis Vavro","Vavro","200035","./assoc/200035_DEN.svg","./logo/52709.png","UEFA","DEN","52709","FAME","Copenhagen","","https://img.uefa.com/imgml/TP/teams/logos/70x70/52709.png","https://img.uefa.com/imgml/TP/teams/logos/240x240/52709.png","252709","CPH","DOMESTIC_MEN_TEAM_A","","DOMESTIC","Danemark","Copenhagen","F.C. Copenhagen","CPH","708","MINUTE","8","0","0","84.61","KILOMETER","33.21","KILOMETER_PER_HOUR"
"250188256","50064","24","2001-07-04","22","Varela","ARG","UNKNOWN","MIDFIELDER","MALE","","./image/250188256.jpg","Alan Varela","","","Varela","","","Argentine","Milieu","Alan","Varela","Alan Varela","Varela","200110","./assoc/200110_POR.svg","./logo/50064.png","UEFA","POR","50064","FAME","Porto","","https://img.uefa.com/imgml/TP/teams/logos/70x70/50064.png","https://img.uefa.com/imgml/TP/teams/logos/240x240/50064.png","250064","POR","DOMESTIC_MEN_TEAM_A","","DOMESTIC","Portugal","Porto","FC Porto","POR","706","MINUTE","8","0","0","93.26","KILOMETER","30.6","KILOMETER_PER_HOUR"
"250128120","50037","24","2000-11-02","19","Davies","CAN","FULL_BACK","MIDFIELDER","MALE","","./image/250128120.jpg","Alphonso Davies","DEFENDER","19","Davies","24","","Canada","Milieu","Alphonso","Davies","Alphonso Davies","Davies","200047","./assoc/200047_GER.svg","./logo/50037.png","UEFA","GER","50037","FAME","Bayern München","","https://img.uefa.com/imgml/TP/teams/logos/70x70/50037.png","https://img.uefa.com/imgml/TP/teams/logos/240x240/50037.png","250037","BAY","DOMESTIC_MEN_TEAM_A","","DOMESTIC","Allemagne","Bayern München","FC Bayern München","BAY","704","MINUTE","10","1","0","86.06","KILOMETER","35.5","KILOMETER_PER_HOUR"
"250082664","52919","29","1996-06-22","16","Rodrigo","ESP","DEFENSIVE_MIDFIELDER","MIDFIELDER","MALE","","./image/250082664.jpg","Rodri","MIDFIELDER","16","RODRIGO","122","","Espagne","Milieu","","Rodri","Rodri","Rodri","200039","./assoc/200039_ENG.svg","./logo/52919.png","UEFA","ENG","52919","FAME","Man City","","https://img.uefa.com/imgml/TP/teams/logos/70x70/52919.png","https://img.uefa.com/imgml/TP/teams/logos/240x240/52919.png","252919","MCI","DOMESTIC_MEN_TEAM_A","","DOMESTIC","Angleterre","Man City","Manchester City","MCI","697","MINUTE","8","1","2","90.51","KILOMETER","31.6","KILOMETER_PER_HOUR"
"250112514","50123","28","1997-03-30","5","Zubeldia","ESP","CENTRAL_MIDFIELDER","MIDFIELDER","MALE","","./image/250112514.jpg","Igor Zubeldia","MIDFIELDER","14","Zubeldia","200122","","Espagne","Milieu","Igor","Zubeldia","Igor Zubeldia","Zubeldia","200122","./assoc/200122_ESP.svg","./logo/50123.png","UEFA","ESP","50123","FAME","Real Sociedad","","https://img.uefa.com/imgml/TP/teams/logos/70x70/50123.png","https://img.uefa.com/imgml/TP/teams/logos/240x240/50123.png","250123","RSO","DOMESTIC_MEN_TEAM_A","","DOMESTIC","Espagne","Real Sociedad","Real Sociedad de Fútbol","RSO","693","MINUTE","8","0","0","83.33","KILOMETER","33.9","KILOMETER_PER_HOUR"
"250055967","52709","31","1994-08-04","10","ElYounossi","NOR","WINGER","FORWARD","MALE","178","./image/250055967.jpg","Mohamed Elyounoussi","FORWARD","11","Elyounoussi","101","70","Norvège","Attaquant","Mohamed","Elyounoussi","Mohamed Elyounoussi","Elyounoussi","200035","./assoc/200035_DEN.svg","./logo/52709.png","UEFA","DEN","52709","FAME","Copenhagen","","https://img.uefa.com/imgml/TP/teams/logos/70x70/52709.png","https://img.uefa.com/imgml/TP/teams/logos/240x240/52709.png","252709","CPH","DOMESTIC_MEN_TEAM_A","","DOMESTIC","Danemark","Copenhagen","F.C. Copenhagen","CPH","686","MINUTE","8","3","0","97.04","KILOMETER","33.21","KILOMETER_PER_HOUR"
"250101534","52919","25","2000-05-28","47","Foden","ENG","UNKNOWN","MIDFIELDER","MALE","","./image/250101534.jpg","Phil Foden","MIDFIELDER","10","Foden","39","","Angleterre","Milieu","Phil","Foden","Phil Foden","Foden","200039","./assoc/200039_ENG.svg","./logo/52919.png","UEFA","ENG","52919","FAME","Man City","","https://img.uefa.com/imgml/TP/teams/logos/70x70/52919.png","https://img.uefa.com/imgml/TP/teams/logos/240x240/52919.png","252919","MCI","DOMESTIC_MEN_TEAM_A","","DOMESTIC","Angleterre","Man City","Manchester City","MCI","684","MINUTE","8","5","3","90.15","KILOMETER","32.3","KILOMETER_PER_HOUR"
"250055982","50136","30","1994-11-25","68","Lobotka","SVK","DEFENSIVE_MIDFIELDER","MIDFIELDER","MALE","170","./image/250055982.jpg","Stanislav Lobotka","MIDFIELDER","22","Lobotka","58836","68","Slovaquie","Milieu","Stanislav","Lobotka","Stanislav Lobotka","Lobotka","200066","./assoc/200066_ITA.svg","./logo/50136.png","UEFA","ITA","50136","FAME","Napoli","","https://img.uefa.com/imgml/TP/teams/logos/70x70/50136.png","https://img.uefa.com/imgml/TP/teams/logos/240x240/50136.png","250136","NAP","DOMESTIC_MEN_TEAM_A","","DOMESTIC","Italie","Napoli","SSC Napoli","NAP","681","MINUTE","8","0","0","85.91","KILOMETER","32.8","KILOMETER_PER_HOUR"
"250101808","50136","24","2001-02-12","7","KVARATSKHELIA","GEO","UNKNOWN","FORWARD","MALE","","./image/250101808.jpg","Khvicha Kvaratskhelia","MIDFIELDER","7","Kvaratskhelia","57157","","Géorgie","Attaquant","Khvicha","Kvaratskhelia","Khvicha Kvaratskhelia","Kvaratskhelia","200066","./assoc/200066_ITA.svg","./logo/50136.png","UEFA","ITA","50136","FAME","Napoli","","https://img.uefa.com/imgml/TP/teams/logos/70x70/50136.png","https://img.uefa.com/imgml/TP/teams/logos/240x240/50136.png","250136","NAP","DOMESTIC_MEN_TEAM_A","","DOMESTIC","Italie","Napoli","SSC Napoli","NAP","672","MINUTE","8","0","1","77.22","KILOMETER","32.4","KILOMETER_PER_HOUR"
"250024456","50124","32","1992-10-23","77","MORATA","ESP","STRIKER","FORWARD","MALE","189","./image/250024456.jpg","Álvaro Morata","FORWARD","7","MORATA","122","85","Espagne","Attaquant","Álvaro","Morata","Álvaro Morata","Morata","200122","./assoc/200122_ESP.svg","./logo/50124.png","UEFA","ESP","50124","FAME","Atleti","","https://img.uefa.com/imgml/TP/teams/logos/70x70/50124.png","https://img.uefa.com/imgml/TP/teams/logos/240x240/50124.png","250124","ATM","DOMESTIC_MEN_TEAM_A","","DOMESTIC","Espagne","Atleti","Atlético de Madrid","ATM","667","MINUTE","10","5","0","82.43","KILOMETER","33.6","KILOMETER_PER_HOUR"
"250085369","52919","30","1995-07-19","25","Akanji","SUI","UNKNOWN","DEFENDER","MALE","187","./image/250085369.jpg","Manuel Akanji","DEFENDER","5","Akanji","128","","Suisse","Défenseur","Manuel","Akanji","Manuel Akanji","Akanji","200039","./assoc/200039_ENG.svg","./logo/52919.png","UEFA","ENG","52919","FAME","Man City","","https://img.uefa.com/imgml/TP/teams/logos/70x70/52919.png","https://img.uefa.com/imgml/TP/teams/logos/240x240/52919.png","252919","MCI","DOMESTIC_MEN_TEAM_A","","DOMESTIC","Angleterre","Man City","Manchester City","MCI","667","MINUTE","8","2","0","76.49","KILOMETER","34.9","KILOMETER_PER_HOUR"
"95417","50064","42","1983-02-26","3","De Lima Ferreira","POR","CENTRE_BACK","DEFENDER","MALE","188","./image/95417.jpg","Pepe","DEFENDER","3","Pepe","110","81","Portugal","Défenseur","","Pepe","Pepe","Pepe","200110","./assoc/200110_POR.svg","./logo/50064.png","UEFA","POR","50064","FAME","Porto","","https://img.uefa.com/imgml/TP/teams/logos/70x70/50064.png","https://img.uefa.com/imgml/TP/teams/logos/240x240/50064.png","250064","POR","DOMESTIC_MEN_TEAM_A","","DOMESTIC","Portugal","Porto","FC Porto","POR","660","MINUTE","7","2","0","78.74","KILOMETER","31.3","KILOMETER_PER_HOUR"
"97746","50138","36","1988-12-17","1","Sommer","SUI","GOALKEEPER","GOALKEEPER","MALE","183","./image/97746.jpg","Yann Sommer","GOALKEEPER","1","Sommer","128","79","Suisse","Gardien","Yann","Sommer","Yann Sommer","Sommer","200066","./assoc/200066_ITA.svg","./logo/50138.png","UEFA","ITA","50138","FAME","Inter","","https://img.uefa.com/imgml/TP/teams/logos/70x70/50138.png","https://img.uefa.com/imgml/TP/teams/logos/240x240/50138.png","250138","INT","DOMESTIC_MEN_TEAM_A","","DOMESTIC","Italie","Inter","FC Internazionale Milano","INT","660","MINUTE","7","0","0","38.92","KILOMETER","28.6","KILOMETER_PER_HOUR"
"250073809","52919","32","1993-08-17","31","EDERSON M.","BRA","UNKNOWN","GOALKEEPER","MALE","188","./image/250073809.jpg","Ederson","GOALKEEPER","23","EDERSON","18","81","Brésil","Gardien","","Ederson","Ederson","Ederson","200039","./assoc/200039_ENG.svg","./logo/52919.png","UEFA","ENG","52919","FAME","Man City","","https://img.uefa.com/imgml/TP/teams/logos/70x70/52919.png","https://img.uefa.com/imgml/TP/teams/logos/240x240/52919.png","252919","MCI","DOMESTIC_MEN_TEAM_A","","DOMESTIC","Angleterre","Man City","Manchester City","MCI","660","MINUTE","7","0","0","35.02","KILOMETER","27.2","KILOMETER_PER_HOUR"
"250134170","50080","26","1999-03-07","4","R.Araujo","URU","UNKNOWN","DEFENDER","MALE","","./image/250134170.jpg","Ronald Araújo","DEFENDER","4","R.Araujo","138","","Uruguay","Défenseur","","Ronald Araújo","Ronald Araújo","Ronald Araújo","200122","./assoc/200122_ESP.svg","./logo/50080.png","UEFA","ESP","50080","FAME","Barcelona","","https://img.uefa.com/imgml/TP/teams/logos/70x70/50080.png","https://img.uefa.com/imgml/TP/teams/logos/240x240/50080.png","250080","BAR","DOMESTIC_MEN_TEAM_A","","DOMESTIC","Espagne","Barcelona","FC Barcelona","BAR","659","MINUTE","8","0","0","77.55","KILOMETER","34.5","KILOMETER_PER_HOUR"
"250162325","50037","28","1996-11-15","3","Kim","KOR","UNKNOWN","DEFENDER","MALE","","https://img.uefa.com/imgml/TP/players/1/2024/324x324/250162325.jpg","Minjae Kim","DEFENDER","4","","74","","République de Corée","Défenseur","Minjae","Kim","Minjae Kim","Kim","200047","./assoc/200047_GER.svg","./logo/50037.png","UEFA","GER","50037","FAME","Bayern München","","https://img.uefa.com/imgml/TP/teams/logos/70x70/50037.png","https://img.uefa.com/imgml/TP/teams/logos/240x240/50037.png","250037","BAY","DOMESTIC_MEN_TEAM_A","","DOMESTIC","Allemagne","Bayern München","FC Bayern München","BAY","658","MINUTE","9","0","0","78.75","KILOMETER","33.4","KILOMETER_PER_HOUR"
"250130406","50062","22","2003-04-20","11","Bakayoko","BEL","UNKNOWN","FORWARD","MALE","","./image/250130406.jpg","Johan Bakayoko","FORWARD","19","Bakayoko","13","","Belgique","Attaquant","Johan","Bakayoko","Johan Bakayoko","Bakayoko","200095","./assoc/200095_NED.svg","./logo/50062.png","UEFA","NED","50062","FAME","PSV","","https://img.uefa.com/imgml/TP/teams/logos/70x70/50062.png","https://img.uefa.com/imgml/TP/teams/logos/240x240/50062.png","250062","PSV","DOMESTIC_MEN_TEAM_A","","DOMESTIC","Pays-Bas","PSV","PSV Eindhoven","PSV","653","MINUTE","8","1","1","78.8","KILOMETER","33.3","KILOMETER_PER_HOUR"
"250121327","50064","27","1997-10-22","13","Galeno","BRA","STRIKER","FORWARD","MALE","","./image/250121327.jpg","Galeno","FORWARD","22","Galeno","110","","Brésil","Attaquant","","Galeno","Galeno","Galeno","200110","./assoc/200110_POR.svg","./logo/50064.png","UEFA","POR","50064","FAME","Porto","","https://img.uefa.com/imgml/TP/teams/logos/70x70/50064.png","https://img.uefa.com/imgml/TP/teams/logos/240x240/50064.png","250064","POR","DOMESTIC_MEN_TEAM_A","","DOMESTIC","Portugal","Porto","FC Porto","POR","651","MINUTE","7","5","4","77.13","KILOMETER","34.9","KILOMETER_PER_HOUR"
"250079670","50124","30","1995-01-30","14","M. LLORENTE","ESP","UNKNOWN","MIDFIELDER","MALE","182","./image/250079670.jpg","Marcos Llorente","MIDFIELDER","14","M. LLORENTE","122","71","Espagne","Milieu","Marcos","Llorente","Marcos Llorente","Llorente","200122","./assoc/200122_ESP.svg","./logo/50124.png","UEFA","ESP","50124","FAME","Atleti","","https://img.uefa.com/imgml/TP/teams/logos/70x70/50124.png","https://img.uefa.com/imgml/TP/teams/logos/240x240/50124.png","250124","ATM","DOMESTIC_MEN_TEAM_A","","DOMESTIC","Espagne","Atleti","Atlético de Madrid","ATM","649","MINUTE","9","0","2","82.24","KILOMETER","34.4","KILOMETER_PER_HOUR"
"250075995","50037","27","1997-11-14","3","Mazraoui","NED","FULL_BACK","DEFENDER","MALE","","./image/250075995.jpg","Noussair Mazraoui","DEFENDER","3","Mazraoui","92","","Pays-Bas","Défenseur","Noussair","Mazraoui","Noussair Mazraoui","Mazraoui","200047","./assoc/200047_GER.svg","./logo/50037.png","UEFA","GER","50037","FAME","Bayern München","","https://img.uefa.com/imgml/TP/teams/logos/70x70/50037.png","https://img.uefa.com/imgml/TP/teams/logos/240x240/50037.png","250037","BAY","DOMESTIC_MEN_TEAM_A","","DOMESTIC","Allemagne","Bayern München","FC Bayern München","BAY","649","MINUTE","8","0","0","75.1","KILOMETER","32.6","KILOMETER_PER_HOUR"
"250020654","52973","33","1992-09-28","10","Luis Alberto","ESP","ATTACKING_MIDFIELDER","MIDFIELDER","MALE","","./image/250020654.jpg","Luis Alberto","MIDFIELDER","11","Luis Alberto","122","","Espagne","Milieu","","Luis Alberto","Luis Alberto","Luis Alberto","200066","./assoc/200066_ITA.svg","./logo/52973.png","UEFA","ITA","52973","FAME","Lazio","","https://img.uefa.com/imgml/TP/teams/logos/70x70/52973.png","https://img.uefa.com/imgml/TP/teams/logos/240x240/52973.png","252973","LAZ","DOMESTIC_MEN_TEAM_A","","DOMESTIC","Italie","Lazio","S.S. Lazio","LAZ","646","MINUTE","8","0","1","84.18","KILOMETER","31.8","KILOMETER_PER_HOUR"
"250112998","50062","24","2000-11-03","8","Dest","USA","FULL_BACK","DEFENDER","MALE","","./image/250112998.jpg","Sergiño Dest","DEFENDER","2","Dest","140","","Etats-Unis","Défenseur","Sergiño","Dest","Sergiño Dest","Dest","200095","./assoc/200095_NED.svg","./logo/50062.png","UEFA","NED","50062","FAME","PSV","","https://img.uefa.com/imgml/TP/teams/logos/70x70/50062.png","https://img.uefa.com/imgml/TP/teams/logos/240x240/50062.png","250062","PSV","DOMESTIC_MEN_TEAM_A","","DOMESTIC","Pays-Bas","PSV","PSV Eindhoven","PSV","646","MINUTE","8","0","1","82.32","KILOMETER","33.6","KILOMETER_PER_HOUR"
"250159919","50064","28","1997-02-24","11","Pepê","BRA","UNKNOWN","FORWARD","MALE","","./image/250159919.jpg","Pepê","FORWARD","18","Pepê","18","","Brésil","Attaquant","","Pepê","Pepê","Pepê","200110","./assoc/200110_POR.svg","./logo/50064.png","UEFA","POR","50064","FAME","Porto","","https://img.uefa.com/imgml/TP/teams/logos/70x70/50064.png","https://img.uefa.com/imgml/TP/teams/logos/240x240/50064.png","250064","POR","DOMESTIC_MEN_TEAM_A","","DOMESTIC","Portugal","Porto","FC Porto","POR","643","MINUTE","7","1","2","83.46","KILOMETER","35.4","KILOMETER_PER_HOUR"
"250080572","50123","29","1996-06-22","23","Merino","ESP","CENTRAL_MIDFIELDER","MIDFIELDER","MALE","","./image/250080572.jpg","Mikel Merino","MIDFIELDER","6","MERINO","122","","Espagne","Milieu","Mikel","Merino","Mikel Merino","Merino","200122","./assoc/200122_ESP.svg","./logo/50123.png","UEFA","ESP","50123","FAME","Real Sociedad","","https://img.uefa.com/imgml/TP/teams/logos/70x70/50123.png","https://img.uefa.com/imgml/TP/teams/logos/240x240/50123.png","250123","RSO","DOMESTIC_MEN_TEAM_A","","DOMESTIC","Espagne","Real Sociedad","Real Sociedad de Fútbol","RSO","630","MINUTE","7","2","1","85.27","KILOMETER","29.9","KILOMETER_PER_HOUR"
"250110361","2603790","27","1998-04-22","22","Raum","GER","UNKNOWN","DEFENDER","MALE","","./image/250110361.jpg","David Raum","DEFENDER","22","Raum","47","","Allemagne","Défenseur","David","Raum","David Raum","Raum","200047","./assoc/200047_GER.svg","./logo/2603790.png","UEFA","GER","2603790","FAME","Leipzig","","https://img.uefa.com/imgml/TP/teams/logos/70x70/2603790.png","https://img.uefa.com/imgml/TP/teams/logos/240x240/2603790.png","250002563","RBL","DOMESTIC_MEN_TEAM_A","","DOMESTIC","Allemagne","Leipzig","RB Leipzig","RBL","630","MINUTE","7","1","2","81.17","KILOMETER","35.1","KILOMETER_PER_HOUR"
"250117581","52758","23","2002-03-10","22","Maatsen","NED","","DEFENDER","MALE","","./image/250117581.jpg","Ian Maatsen","DEFENDER","5","Maatsen","95","","Pays-Bas","Défenseur","Ian","Maatsen","Ian Maatsen","Maatsen","200047","./assoc/200047_GER.svg","./logo/52758.png","UEFA","GER","52758","FAME","B. Dortmund","","https://img.uefa.com/imgml/TP/teams/logos/70x70/52758.png","https://img.uefa.com/imgml/TP/teams/logos/240x240/52758.png","252758","BVB","DOMESTIC_MEN_TEAM_A","","DOMESTIC","Allemagne","B. Dortmund","Borussia Dortmund","BVB","630","MINUTE","7","1","0","76.64","KILOMETER","34.6","KILOMETER_PER_HOUR"
"250004106","52709","33","1992-01-15","33","Falk","DEN","WINGER","FORWARD","MALE","177","./image/250004106.jpg","Rasmus Falk","FORWARD","11","Falk","35","65","Danemark","Attaquant","Rasmus","Falk","Rasmus Falk","Falk","200035","./assoc/200035_DEN.svg","./logo/52709.png","UEFA","DEN","52709","FAME","Copenhagen","","https://img.uefa.com/imgml/TP/teams/logos/70x70/52709.png","https://img.uefa.com/imgml/TP/teams/logos/240x240/52709.png","252709","CPH","DOMESTIC_MEN_TEAM_A","","DOMESTIC","Danemark","Copenhagen","F.C. Copenhagen","CPH","630","MINUTE","7","0","1","92.01","KILOMETER","29.7","KILOMETER_PER_HOUR"
"250086987","50136","29","1995-11-16","99","Anguissa","CMR","CENTRAL_MIDFIELDER","MIDFIELDER","MALE","","./image/250086987.jpg","Frank Anguissa","MIDFIELDER","8","ZAMBO","23","","Cameroun","Milieu","Frank","Anguissa","Frank Anguissa","Anguissa","200066","./assoc/200066_ITA.svg","./logo/50136.png","UEFA","ITA","50136","FAME","Napoli","","https://img.uefa.com/imgml/TP/teams/logos/70x70/50136.png","https://img.uefa.com/imgml/TP/teams/logos/240x240/50136.png","250136","NAP","DOMESTIC_MEN_TEAM_A","","DOMESTIC","Italie","Napoli","SSC Napoli","NAP","628","MINUTE","7","1","1","78.98","KILOMETER","31.4","KILOMETER_PER_HOUR"
"250005343","50062","35","1990-08-27","26","De Jong","NED","STRIKER","FORWARD","MALE","188","./image/250005343.jpg","Luuk de Jong","FORWARD","9","L. de Jong","95","80","Pays-Bas","Attaquant","Luuk","de Jong","Luuk de Jong","L. de Jong","200095","./assoc/200095_NED.svg","./logo/50062.png","UEFA","NED","50062","FAME","PSV","","https://img.uefa.com/imgml/TP/teams/logos/70x70/50062.png","https://img.uefa.com/imgml/TP/teams/logos/240x240/50062.png","250062","PSV","DOMESTIC_MEN_TEAM_A","","DOMESTIC","Pays-Bas","PSV","PSV Eindhoven","PSV","627","MINUTE","7","3","0","76.54","KILOMETER","29.8","KILOMETER_PER_HOUR"
"250065408","2603790","28","1997-09-28","24","Xaver","AUT","CENTRAL_MIDFIELDER","MIDFIELDER","MALE","174","./image/250065408.jpg","Xaver Schlager","MIDFIELDER","4","Xaver","8","73","Autriche","Milieu","Xaver","Schlager","Xaver Schlager","X. Schlager","200047","./assoc/200047_GER.svg","./logo/2603790.png","UEFA","GER","2603790","FAME","Leipzig","","https://img.uefa.com/imgml/TP/teams/logos/70x70/2603790.png","https://img.uefa.com/imgml/TP/teams/logos/240x240/2603790.png","250002563","RBL","DOMESTIC_MEN_TEAM_A","","DOMESTIC","Allemagne","Leipzig","RB Leipzig","RBL","624","MINUTE","8","1","2","79.25","KILOMETER","31.2","KILOMETER_PER_HOUR"
"250172787","50062","28","1997-01-12","22","Schouten","NED","UNKNOWN","MIDFIELDER","MALE","","./image/250172787.jpg","Jerdy Schouten","MIDFIELDER","16","Schouten","95","","Pays-Bas","Milieu","Jerdy","Schouten","Jerdy Schouten","Schouten","200095","./assoc/200095_NED.svg","./logo/50062.png","UEFA","NED","50062","FAME","PSV","","https://img.uefa.com/imgml/TP/teams/logos/70x70/50062.png","https://img.uefa.com/imgml/TP/teams/logos/240x240/50062.png","250062","PSV","DOMESTIC_MEN_TEAM_A","","DOMESTIC","Pays-Bas","PSV","PSV Eindhoven","PSV","622","MINUTE","7","0","0","76.84","KILOMETER","31.1","KILOMETER_PER_HOUR"
"250115436","52747","29","1996-04-03","8","FABIAN","ESP","CENTRAL_MIDFIELDER","MIDFIELDER","MALE","","./image/250115436.jpg","Fabián Ruiz","MIDFIELDER","8","FABIÁN","122","","Espagne","Milieu","","Fabián Ruiz","Fabián Ruiz","Fabián Ruiz","200043","./assoc/200043_FRA.svg","./logo/52747.png","UEFA","FRA","52747","FAME","Paris","","https://img.uefa.com/imgml/TP/teams/logos/70x70/52747.png","https://img.uefa.com/imgml/TP/teams/logos/240x240/52747.png","252747","PSG","DOMESTIC_MEN_TEAM_A","","DOMESTIC","France","Paris","Paris Saint-Germain","PSG","621","MINUTE","9","0","2","83.01","KILOMETER","31.9","KILOMETER_PER_HOUR"
"250124068","2603790","22","2002-12-17","23","Lukeba","FRA","UNKNOWN","DEFENDER","MALE","","./image/250124068.jpg","Castello Lukeba","DEFENDER","2","LUKEBA","43","","France","Défenseur","Castello","Lukeba","Castello Lukeba","Lukeba","200047","./assoc/200047_GER.svg","./logo/2603790.png","UEFA","GER","2603790","FAME","Leipzig","","https://img.uefa.com/imgml/TP/teams/logos/70x70/2603790.png","https://img.uefa.com/imgml/TP/teams/logos/240x240/2603790.png","250002563","RBL","DOMESTIC_MEN_TEAM_A","","DOMESTIC","Allemagne","Leipzig","RB Leipzig","RBL","620","MINUTE","7","0","0","71.54","KILOMETER","32.21","KILOMETER_PER_HOUR"
"250086037","50124","31","1994-05-24","5","R. DE PAUL","ARG","UNKNOWN","MIDFIELDER","MALE","","./image/250086037.jpg","Rodrigo De Paul","FORWARD","7","De Paul","6","","Argentine","Milieu","Rodrigo","De Paul","Rodrigo De Paul","De Paul","200122","./assoc/200122_ESP.svg","./logo/50124.png","UEFA","ESP","50124","FAME","Atleti","","https://img.uefa.com/imgml/TP/teams/logos/70x70/50124.png","https://img.uefa.com/imgml/TP/teams/logos/240x240/50124.png","250124","ATM","DOMESTIC_MEN_TEAM_A","","DOMESTIC","Espagne","Atleti","Atlético de Madrid","ATM","616","MINUTE","8","1","0","77.73","KILOMETER","31.3","KILOMETER_PER_HOUR"
"250068808","50062","27","1997-11-18","18","Boscagli","FRA","CENTRE_BACK","DEFENDER","MALE","181","./image/250068808.jpg","Olivier Boscagli","DEFENDER","3","Boscagli","200043","68","France","Défenseur","Olivier","Boscagli","Olivier Boscagli","Boscagli","200095","./assoc/200095_NED.svg","./logo/50062.png","UEFA","NED","50062","FAME","PSV","","https://img.uefa.com/imgml/TP/teams/logos/70x70/50062.png","https://img.uefa.com/imgml/TP/teams/logos/240x240/50062.png","250062","PSV","DOMESTIC_MEN_TEAM_A","","DOMESTIC","Pays-Bas","PSV","PSV Eindhoven","PSV","613","MINUTE","7","0","0","67.94","KILOMETER","31.5","KILOMETER_PER_HOUR"
"250105244","50051","25","2000-01-27","14","TCHOUAMENI","FRA","CENTRAL_MIDFIELDER","MIDFIELDER","MALE","","./image/250105244.jpg","Aurélien Tchouaméni","MIDFIELDER","8","Tchouameni","43","","France","Milieu","Aurélien","Tchouaméni","Aurélien Tchouaméni","Tchouaméni","200122","./assoc/200122_ESP.svg","./logo/50051.png","UEFA","ESP","50051","FAME","Real Madrid","","https://img.uefa.com/imgml/TP/teams/logos/70x70/50051.png","https://img.uefa.com/imgml/TP/teams/logos/240x240/50051.png","250051","RMA","DOMESTIC_MEN_TEAM_A","","DOMESTIC","Espagne","Real Madrid","Real Madrid C.F.","RMA","603","MINUTE","8","0","0","71.08","KILOMETER","32.5","KILOMETER_PER_HOUR"
"250132434","2603790","25","2000-05-03","2","Simakan","FRA","UNKNOWN","DEFENDER","MALE","","./image/250132434.jpg","Mohamed Simakan","DEFENDER","2","SIMAKAN","200043","","France","Défenseur","Mohamed","Simakan","Mohamed Simakan","Simakan","200047","./assoc/200047_GER.svg","./logo/2603790.png","UEFA","GER","2603790","FAME","Leipzig","","https://img.uefa.com/imgml/TP/teams/logos/70x70/2603790.png","https://img.uefa.com/imgml/TP/teams/logos/240x240/2603790.png","250002563","RBL","DOMESTIC_MEN_TEAM_A","","DOMESTIC","Allemagne","Leipzig","RB Leipzig","RBL","599","MINUTE","7","1","0","71.51","KILOMETER","35.5","KILOMETER_PER_HOUR"
"250128451","2603790","22","2003-04-21","7","XAVI","NED","UNKNOWN","MIDFIELDER","MALE","","./image/250128451.jpg","Xavi Simons","MIDFIELDER","7","Xavi","95","","Pays-Bas","Milieu","Xavi","Simons","Xavi Simons","Simons","200047","./assoc/200047_GER.svg","./logo/2603790.png","UEFA","GER","2603790","FAME","Leipzig","","https://img.uefa.com/imgml/TP/teams/logos/70x70/2603790.png","https://img.uefa.com/imgml/TP/teams/logos/240x240/2603790.png","250002563","RBL","DOMESTIC_MEN_TEAM_A","","DOMESTIC","Allemagne","Leipzig","RB Leipzig","RBL","598","MINUTE","8","2","2","75.75","KILOMETER","34.5","KILOMETER_PER_HOUR"
"250113343","50064","25","2000-01-03","25","João Mário","POR","UNKNOWN","FORWARD","MALE","","./image/250113343.jpg","João Mário","FORWARD","19","JOÃO MÁRIO","110","","Portugal","Attaquant","","João Mário","João Mário","João Mário","200110","./assoc/200110_POR.svg","./logo/50064.png","UEFA","POR","50064","FAME","Porto","","https://img.uefa.com/imgml/TP/teams/logos/70x70/50064.png","https://img.uefa.com/imgml/TP/teams/logos/240x240/50064.png","250064","POR","DOMESTIC_MEN_TEAM_A","","DOMESTIC","Portugal","Porto","FC Porto","POR","594","MINUTE","8","0","1","71.06","KILOMETER","33.6","KILOMETER_PER_HOUR"
"250097180","50123","28","1997-04-21","10","Oyarzabal","ESP","STRIKER","MIDFIELDER","MALE","","./image/250097180.jpg","Mikel Oyarzabal","MIDFIELDER","21","OYARZABAL","122","","Espagne","Milieu","Mikel","Oyarzabal","Mikel Oyarzabal","Oyarzabal","200122","./assoc/200122_ESP.svg","./logo/50123.png","UEFA","ESP","50123","FAME","Real Sociedad","","https://img.uefa.com/imgml/TP/teams/logos/70x70/50123.png","https://img.uefa.com/imgml/TP/teams/logos/240x240/50123.png","250123","RSO","DOMESTIC_MEN_TEAM_A","","DOMESTIC","Espagne","Real Sociedad","Real Sociedad de Fútbol","RSO","587","MINUTE","7","2","0","68.17","KILOMETER","32.3","KILOMETER_PER_HOUR"
"250159445","52709","22","2003-06-12","24","JELERT","DEN","UNKNOWN","DEFENDER","MALE","","./image/250159445.jpg","Elias Jelert","DEFENDER","19","Jelert","35","","Danemark","Défenseur","Elias","Jelert","Elias Jelert","Jelert","200035","./assoc/200035_DEN.svg","./logo/52709.png","UEFA","DEN","52709","FAME","Copenhagen","","https://img.uefa.com/imgml/TP/teams/logos/70x70/52709.png","https://img.uefa.com/imgml/TP/teams/logos/240x240/52709.png","252709","CPH","DOMESTIC_MEN_TEAM_A","","DOMESTIC","Danemark","Copenhagen","F.C. Copenhagen","CPH","587","MINUTE","7","0","0","76.82","KILOMETER","33.1","KILOMETER_PER_HOUR"
"250050381","50136","32","1993-08-03","21","Politano","ITA","WINGER","FORWARD","MALE","171","./image/250050381.jpg","Matteo Politano","FORWARD","7","Politano","66","65","Italie","Attaquant","Matteo","Politano","Matteo Politano","Politano","200066","./assoc/200066_ITA.svg","./logo/50136.png","UEFA","ITA","50136","FAME","Napoli","","https://img.uefa.com/imgml/TP/teams/logos/70x70/50136.png","https://img.uefa.com/imgml/TP/teams/logos/240x240/50136.png","250136","NAP","DOMESTIC_MEN_TEAM_A","","DOMESTIC","Italie","Napoli","SSC Napoli","NAP","582","MINUTE","8","1","2","71.99","KILOMETER","34.3","KILOMETER_PER_HOUR"
"250176450","50080","18","2007-07-13","10","Lamine Yamal","ESP","UNKNOWN","FORWARD","MALE","","./image/250176450.jpg","Lamine Yamal","FORWARD","19","LAMINE YAMAL","122","","Espagne","Attaquant","Lamine","Yamal","Lamine Yamal","Yamal","200122","./assoc/200122_ESP.svg","./logo/50080.png","UEFA","ESP","50080","FAME","Barcelona","","https://img.uefa.com/imgml/TP/teams/logos/70x70/50080.png","https://img.uefa.com/imgml/TP/teams/logos/240x240/50080.png","250080","BAR","DOMESTIC_MEN_TEAM_A","","DOMESTIC","Espagne","Barcelona","FC Barcelona","BAR","579","MINUTE","10","0","2","69.57","KILOMETER","32.8","KILOMETER_PER_HOUR"
"250105890","50062","26","1998-11-19","23","Veerman","NED","UNKNOWN","MIDFIELDER","MALE","","./image/250105890.jpg","Joey Veerman","MIDFIELDER","16","Veerman","95","","Pays-Bas","Milieu","Joey","Veerman","Joey Veerman","Veerman","200095","./assoc/200095_NED.svg","./logo/50062.png","UEFA","NED","50062","FAME","PSV","","https://img.uefa.com/imgml/TP/teams/logos/70x70/50062.png","https://img.uefa.com/imgml/TP/teams/logos/240x240/50062.png","250062","PSV","DOMESTIC_MEN_TEAM_A","","DOMESTIC","Pays-Bas","PSV","PSV Eindhoven","PSV","579","MINUTE","7","0","0","77.11","KILOMETER","30.9","KILOMETER_PER_HOUR"
"250112513","50123","28","1996-11-11","24","LE NORMAND","ESP","CENTRE_BACK","DEFENDER","MALE","","./image/250112513.jpg","Robin Le Normand","DEFENDER","3","LE NORMAND","122","","Espagne","Défenseur","Robin","Le Normand","Robin Le Normand","Le Normand","200122","./assoc/200122_ESP.svg","./logo/50123.png","UEFA","ESP","50123","FAME","Real Sociedad","","https://img.uefa.com/imgml/TP/teams/logos/70x70/50123.png","https://img.uefa.com/imgml/TP/teams/logos/240x240/50123.png","250123","RSO","DOMESTIC_MEN_TEAM_A","","DOMESTIC","Espagne","Real Sociedad","Real Sociedad de Fútbol","RSO","573","MINUTE","7","0","0","67.62","KILOMETER","33.9","KILOMETER_PER_HOUR"
"250127284","52919","23","2002-01-23","24","Gvardiol","CRO","CENTRE_BACK","DEFENDER","MALE","","./image/250127284.jpg","Joško Gvardiol","DEFENDER","4","Gvardiol","56370","","Croatie","Défenseur","Joško","Gvardiol","Joško Gvardiol","Gvardiol","200039","./assoc/200039_ENG.svg","./logo/52919.png","UEFA","ENG","52919","FAME","Man City","","https://img.uefa.com/imgml/TP/teams/logos/70x70/52919.png","https://img.uefa.com/imgml/TP/teams/logos/240x240/52919.png","252919","MCI","DOMESTIC_MEN_TEAM_A","","DOMESTIC","Angleterre","Man City","Manchester City","MCI","569","MINUTE","6","1","1","71.27","KILOMETER","33.1","KILOMETER_PER_HOUR"
"250147279","50123","24","2001-06-04","14","Take","JPN","WINGER","FORWARD","MALE","","./image/250147279.jpg","Takefusa Kubo","MIDFIELDER","20","Kubo","69","","Japon","Attaquant","Takefusa","Kubo","Takefusa Kubo","Kubo","200122","./assoc/200122_ESP.svg","./logo/50123.png","UEFA","ESP","50123","FAME","Real Sociedad","","https://img.uefa.com/imgml/TP/teams/logos/70x70/50123.png","https://img.uefa.com/imgml/TP/teams/logos/240x240/50123.png","250123","RSO","DOMESTIC_MEN_TEAM_A","","DOMESTIC","Espagne","Real Sociedad","Real Sociedad de Fútbol","RSO","563","MINUTE","8","0","0","62.53","KILOMETER","32.6","KILOMETER_PER_HOUR"
"250102216","52758","25","2000-03-25","19","Sancho","ENG","WINGER","MIDFIELDER","MALE","","./image/250102216.jpg","Jadon Sancho","MIDFIELDER","17","Sancho","39","","Angleterre","Milieu","Jadon","Sancho","Jadon Sancho","Sancho","200047","./assoc/200047_GER.svg","./logo/52758.png","UEFA","GER","52758","FAME","B. Dortmund","","https://img.uefa.com/imgml/TP/teams/logos/70x70/52758.png","https://img.uefa.com/imgml/TP/teams/logos/240x240/52758.png","252758","BVB","DOMESTIC_MEN_TEAM_A","","DOMESTIC","Allemagne","B. Dortmund","Borussia Dortmund","BVB","563","MINUTE","7","1","0","67.37","KILOMETER","33.9","KILOMETER_PER_HOUR"
"250096954","2603790","25","2000-02-16","20","Openda","BEL","STRIKER","FORWARD","MALE","","./image/250096954.jpg","Loïs Openda","FORWARD","9","Openda","13","","Belgique","Attaquant","Loïs","Openda","Loïs Openda","Openda","200047","./assoc/200047_GER.svg","./logo/2603790.png","UEFA","GER","2603790","FAME","Leipzig","","https://img.uefa.com/imgml/TP/teams/logos/70x70/2603790.png","https://img.uefa.com/imgml/TP/teams/logos/240x240/2603790.png","250002563","RBL","DOMESTIC_MEN_TEAM_A","","DOMESTIC","Allemagne","Leipzig","RB Leipzig","RBL","558","MINUTE","8","4","0","61.9","KILOMETER","35.71","KILOMETER_PER_HOUR"
"250132393","52709","26","1999-02-10","30","Achouri","TUN","WINGER","FORWARD","MALE","","./image/250132393.jpg","Elias Achouri","FORWARD","7","Elias","134","","Tunisie","Attaquant","Elias","Achouri","Elias Achouri","Achouri","200035","./assoc/200035_DEN.svg","./logo/52709.png","UEFA","DEN","52709","FAME","Copenhagen","","https://img.uefa.com/imgml/TP/teams/logos/70x70/52709.png","https://img.uefa.com/imgml/TP/teams/logos/240x240/52709.png","252709","CPH","DOMESTIC_MEN_TEAM_A","","DOMESTIC","Danemark","Copenhagen","F.C. Copenhagen","CPH","557","MINUTE","8","0","1","76.24","KILOMETER","33.6","KILOMETER_PER_HOUR"
"250059233","50136","31","1994-02-24","13","Rrahmani","KOS","CENTRE_BACK","DEFENDER","MALE","192","./image/250059233.jpg","Amir Rrahmani","DEFENDER","13","Rrahmani","2608110","75","Kosovo","Défenseur","Amir","Rrahmani","Amir Rrahmani","Rrahmani","200066","./assoc/200066_ITA.svg","./logo/50136.png","UEFA","ITA","50136","FAME","Napoli","","https://img.uefa.com/imgml/TP/teams/logos/70x70/50136.png","https://img.uefa.com/imgml/TP/teams/logos/240x240/50136.png","250136","NAP","DOMESTIC_MEN_TEAM_A","","DOMESTIC","Italie","Napoli","SSC Napoli","NAP","553","MINUTE","7","1","0","66.37","KILOMETER","31.5","KILOMETER_PER_HOUR"
"250139207","52919","20","2004-11-21","82","Lewis","ENG","UNKNOWN","DEFENDER","MALE","","./image/250139207.jpg","Rico Lewis","DEFENDER","2","Lewis","39","","Angleterre","Défenseur","Rico","Lewis","Rico Lewis","Lewis","200039","./assoc/200039_ENG.svg","./logo/52919.png","UEFA","ENG","52919","FAME","Man City","","https://img.uefa.com/imgml/TP/teams/logos/70x70/52919.png","https://img.uefa.com/imgml/TP/teams/logos/240x240/52919.png","252919","MCI","DOMESTIC_MEN_TEAM_A","","DOMESTIC","Angleterre","Man City","Manchester City","MCI","548","MINUTE","7","0","2","69.52","KILOMETER","32.4","KILOMETER_PER_HOUR"
"250064178","52973","32","1993-04-15","7","F.Anderson","BRA","WINGER","MIDFIELDER","MALE","","./image/250064178.jpg","Felipe Anderson","MIDFIELDER","","F.Anderson","18","","Brésil","Milieu","","Felipe Anderson","Felipe Anderson","Felipe Anderson","200066","./assoc/200066_ITA.svg","./logo/52973.png","UEFA","ITA","52973","FAME","Lazio","","https://img.uefa.com/imgml/TP/teams/logos/70x70/52973.png","https://img.uefa.com/imgml/TP/teams/logos/240x240/52973.png","252973","LAZ","DOMESTIC_MEN_TEAM_A","","DOMESTIC","Italie","Lazio","S.S. Lazio","LAZ","546","MINUTE","8","0","1","64.91","KILOMETER","34.21","KILOMETER_PER_HOUR"
"250097909","50064","33","1992-07-18","99","Taremi","IRN","STRIKER","FORWARD","MALE","","./image/250097909.jpg","Mehdi Taremi","FORWARD","9","Taremi","61","","Iran","Attaquant","Mehdi","Taremi","Mehdi Taremi","Taremi","200110","./assoc/200110_POR.svg","./logo/50064.png","UEFA","POR","50064","FAME","Porto","","https://img.uefa.com/imgml/TP/teams/logos/70x70/50064.png","https://img.uefa.com/imgml/TP/teams/logos/240x240/50064.png","250064","POR","DOMESTIC_MEN_TEAM_A","","DOMESTIC","Portugal","Porto","FC Porto","POR","545","MINUTE","7","2","2","70.85","KILOMETER","31.4","KILOMETER_PER_HOUR"
"250059199","52709","32","1993-07-12","12","Lerager","DEN","CENTRAL_MIDFIELDER","MIDFIELDER","MALE","","./image/250059199.jpg","Lukas Lerager","MIDFIELDER","15","Lerager","35","","Danemark","Milieu","Lukas","Lerager","Lukas Lerager","Lerager","200035","./assoc/200035_DEN.svg","./logo/52709.png","UEFA","DEN","52709","FAME","Copenhagen","","https://img.uefa.com/imgml/TP/teams/logos/70x70/52709.png","https://img.uefa.com/imgml/TP/teams/logos/240x240/52709.png","252709","CPH","DOMESTIC_MEN_TEAM_A","","DOMESTIC","Danemark","Copenhagen","F.C. Copenhagen","CPH","540","MINUTE","6","3","1","74.77","KILOMETER","31.6","KILOMETER_PER_HOUR"
"250078886","52682","31","1994-09-08","8","B. Fernandes","POR","ATTACKING_MIDFIELDER","MIDFIELDER","MALE","","./image/250078886.jpg","Bruno Fernandes","MIDFIELDER","8","B. FERNANDES","110","","Portugal","Milieu","Bruno","Fernandes","Bruno Fernandes","Fernandes","200039","./assoc/200039_ENG.svg","./logo/52682.png","UEFA","ENG","52682","FAME","Man Utd","","https://img.uefa.com/imgml/TP/teams/logos/70x70/52682.png","https://img.uefa.com/imgml/TP/teams/logos/240x240/52682.png","252682","MUN","DOMESTIC_MEN_TEAM_A","","DOMESTIC","Angleterre","Man Utd","Manchester United","MUN","540","MINUTE","6","2","2","71.08","KILOMETER","33.9","KILOMETER_PER_HOUR"
"1909874","52714","33","1991-11-16","6","Gudelj","SRB","CENTRAL_MIDFIELDER","MIDFIELDER","MALE","187","./image/1909874.jpg","Nemanja Gudelj","MIDFIELDER","6","Gudelj","147","87","Serbie","Milieu","Nemanja","Gudelj","Nemanja Gudelj","Gudelj","200122","./assoc/200122_ESP.svg","./logo/52714.png","UEFA","ESP","52714","FAME","Sevilla","","https://img.uefa.com/imgml/TP/teams/logos/70x70/52714.png","https://img.uefa.com/imgml/TP/teams/logos/240x240/52714.png","252714","SEV","DOMESTIC_MEN_TEAM_A","","DOMESTIC","Espagne","Sevilla","Sevilla FC","SEV","540","MINUTE","6","2","0","63.31","KILOMETER","31.9","KILOMETER_PER_HOUR"
"250166930","50124","20","2005-02-07","18","Vermeeren","BEL","UNKNOWN","MIDFIELDER","MALE","","./image/250166930.jpg","Arthur Vermeeren","MIDFIELDER","18","Vermeeren","13","","Belgique","Milieu","Arthur","Vermeeren","Arthur Vermeeren","Vermeeren","200122","./assoc/200122_ESP.svg","./logo/50124.png","UEFA","ESP","50124","FAME","Atleti","","https://img.uefa.com/imgml/TP/teams/logos/70x70/50124.png","https://img.uefa.com/imgml/TP/teams/logos/240x240/50124.png","250124","ATM","DOMESTIC_MEN_TEAM_A","","DOMESTIC","Espagne","Atleti","Atlético de Madrid","ATM","540","MINUTE","6","1","2","73.02","KILOMETER","31.8","KILOMETER_PER_HOUR"
"250119181","52707","23","2002-09-01","10","Sudakov","UKR","ATTACKING_MIDFIELDER","MIDFIELDER","MALE","","./image/250119181.jpg","Georgiy Sudakov","MIDFIELDER","17","Sudakov","57166","","Ukraine","Milieu","Georgiy","Sudakov","Georgiy Sudakov","Sudakov","257166","./assoc/257166_UKR.svg","./logo/52707.png","UEFA","UKR","52707","FAME","Shakhtar","","https://img.uefa.com/imgml/TP/teams/logos/70x70/52707.png","https://img.uefa.com/imgml/TP/teams/logos/240x240/52707.png","252707","SHK","DOMESTIC_MEN_TEAM_A","","DOMESTIC","Ukraine","Shakhtar","FC Shakhtar Donetsk","SHK","540","MINUTE","6","1","0","71.27","KILOMETER","31.6","KILOMETER_PER_HOUR"
"250136348","50037","25","2000-09-13","23","Boey","FRA","FULL_BACK","DEFENDER","MALE","","./image/250136348.jpg","Sacha Boey","DEFENDER","","Boey","43","","France","Défenseur","Sacha","Boey","Sacha Boey","Boey","200047","./assoc/200047_GER.svg","./logo/50037.png","UEFA","GER","50037","FAME","Bayern München","","https://img.uefa.com/imgml/TP/teams/logos/70x70/50037.png","https://img.uefa.com/imgml/TP/teams/logos/240x240/50037.png","250037","BAY","DOMESTIC_MEN_TEAM_A","","DOMESTIC","Allemagne","Bayern München","FC Bayern München","BAY","540","MINUTE","6","1","0","62.49","KILOMETER","32.71","KILOMETER_PER_HOUR"
"250092668","52749","27","1997-12-13","17","HANCKO","SVK","CENTRE_BACK","DEFENDER","MALE","","./image/250092668.jpg","Dávid Hancko","DEFENDER","16","Hancko","58836","","Slovaquie","Défenseur","Dávid","Hancko","Dávid Hancko","Hancko","200095","./assoc/200095_NED.svg","./logo/52749.png","UEFA","NED","52749","FAME","Feyenoord","","https://img.uefa.com/imgml/TP/teams/logos/70x70/52749.png","https://img.uefa.com/imgml/TP/teams/logos/240x240/52749.png","252749","FEY","DOMESTIC_MEN_TEAM_A","","DOMESTIC","Pays-Bas","Feyenoord","Feyenoord","FEY","540","MINUTE","6","1","0","62.22","KILOMETER","33.21","KILOMETER_PER_HOUR"
"250050401","59324","33","1991-12-20","5","Schär","SUI","CENTRE_BACK","DEFENDER","MALE","186","./image/250050401.jpg","Fabian Schär","DEFENDER","22","Schär","128","84","Suisse","Défenseur","Fabian","Schär","Fabian Schär","Schär","200039","./assoc/200039_ENG.svg","./logo/59324.png","UEFA","ENG","59324","FAME","Newcastle","","https://img.uefa.com/imgml/TP/teams/logos/70x70/59324.png","https://img.uefa.com/imgml/TP/teams/logos/240x240/59324.png","259324","NEW","DOMESTIC_MEN_TEAM_A","","DOMESTIC","Angleterre","Newcastle","Newcastle United FC","NEW","540","MINUTE","6","1","0","55.51","KILOMETER","31.3","KILOMETER_PER_HOUR"
"250061027","50147","29","1995-12-10","8","Aursnes","NOR","DEFENSIVE_MIDFIELDER","MIDFIELDER","MALE","","./image/250061027.jpg","Fredrik Aursnes","MIDFIELDER","7","Aursnes","101","","Norvège","Milieu","Fredrik","Aursnes","Fredrik Aursnes","Aursnes","200110","./assoc/200110_POR.svg","./logo/50147.png","UEFA","POR","50147","FAME","Benfica","","https://img.uefa.com/imgml/TP/teams/logos/70x70/50147.png","https://img.uefa.com/imgml/TP/teams/logos/240x240/50147.png","250147","BEN","DOMESTIC_MEN_TEAM_A","","DOMESTIC","Portugal","Benfica","SL Benfica","BEN","540","MINUTE","6","0","1","76.03","KILOMETER","32.4","KILOMETER_PER_HOUR"
"250138893","59324","27","1997-11-16","39","Bruno G.","BRA","UNKNOWN","MIDFIELDER","MALE","","./image/250138893.jpg","Bruno Guimarães","MIDFIELDER","5","Bruno G","18","","Brésil","Milieu","","Bruno Guimarães","Bruno Guimarães","Bruno Guimarães","200039","./assoc/200039_ENG.svg","./logo/59324.png","UEFA","ENG","59324","FAME","Newcastle","","https://img.uefa.com/imgml/TP/teams/logos/70x70/59324.png","https://img.uefa.com/imgml/TP/teams/logos/240x240/59324.png","259324","NEW","DOMESTIC_MEN_TEAM_A","","DOMESTIC","Angleterre","Newcastle","Newcastle United FC","NEW","540","MINUTE","6","0","1","71.28","KILOMETER","31.8","KILOMETER_PER_HOUR"
"250047045","52973","30","1995-01-12","13","Romagnoli","ITA","CENTRE_BACK","DEFENDER","MALE","185","./image/250047045.jpg","Alessio Romagnoli","DEFENDER","6","Romagnoli","66","75","Italie","Défenseur","Alessio","Romagnoli","Alessio Romagnoli","Romagnoli","200066","./assoc/200066_ITA.svg","./logo/52973.png","UEFA","ITA","52973","FAME","Lazio","","https://img.uefa.com/imgml/TP/teams/logos/70x70/52973.png","https://img.uefa.com/imgml/TP/teams/logos/240x240/52973.png","252973","LAZ","DOMESTIC_MEN_TEAM_A","","DOMESTIC","Italie","Lazio","S.S. Lazio","LAZ","540","MINUTE","6","0","1","63.36","KILOMETER","31.8","KILOMETER_PER_HOUR"
"250076126","50058","28","1997-10-06","19","THEO","FRA","FULL_BACK","DEFENDER","MALE","184","./image/250076126.jpg","Theo Hernández","DEFENDER","22","T. Hernandez","43","70","France","Défenseur","Theo","Hernández","Theo Hernández","T. Hernández","200066","./assoc/200066_ITA.svg","./logo/50058.png","UEFA","ITA","50058","FAME","Milan","","https://img.uefa.com/imgml/TP/teams/logos/70x70/50058.png","https://img.uefa.com/imgml/TP/teams/logos/240x240/50058.png","250058","MIL","DOMESTIC_MEN_TEAM_A","","DOMESTIC","Italie","Milan","AC Milan","MIL","540","MINUTE","6","0","1","63.01","KILOMETER","35.4","KILOMETER_PER_HOUR"
"250017040","50147","37","1988-02-12","30","Otamendi","ARG","UNKNOWN","DEFENDER","MALE","183","./image/250017040.jpg","Nicolás Otamendi","DEFENDER","19","Otamendi","6","78","Argentine","Défenseur","Nicolás","Otamendi","Nicolás Otamendi","Otamendi","200110","./assoc/200110_POR.svg","./logo/50147.png","UEFA","POR","50147","FAME","Benfica","","https://img.uefa.com/imgml/TP/teams/logos/70x70/50147.png","https://img.uefa.com/imgml/TP/teams/logos/240x240/50147.png","250147","BEN","DOMESTIC_MEN_TEAM_A","","DOMESTIC","Portugal","Benfica","SL Benfica","BEN","540","MINUTE","6","0","1","61.12","KILOMETER","31.5","KILOMETER_PER_HOUR"
"250164991","50147","21","2004-09-27","87","JOÃO NEVES","POR","UNKNOWN","MIDFIELDER","MALE","","./image/250164991.jpg","João Neves","MIDFIELDER","15","JOÃO NEVES","110","","Portugal","Milieu","","João Neves","João Neves","João Neves","200110","./assoc/200110_POR.svg","./logo/50147.png","UEFA","POR","50147","FAME","Benfica","","https://img.uefa.com/imgml/TP/teams/logos/70x70/50147.png","https://img.uefa.com/imgml/TP/teams/logos/240x240/50147.png","250147","BEN","DOMESTIC_MEN_TEAM_A","","DOMESTIC","Portugal","Benfica","SL Benfica","BEN","540","MINUTE","6","0","0","74.22","KILOMETER","31","KILOMETER_PER_HOUR"
"250088075","77977","26","1999-01-23","4","Leite","POR","CENTRE_BACK","DEFENDER","MALE","","./image/250088075.jpg","Diogo Leite","DEFENDER","5","Diogo Leite","110","","Portugal","Défenseur","","Diogo Leite","Diogo Leite","Diogo Leite","200047","./assoc/200047_GER.svg","./logo/77977.png","UEFA","GER","77977","FAME","Union Berlin","","https://img.uefa.com/imgml/TP/teams/logos/70x70/77977.png","https://img.uefa.com/imgml/TP/teams/logos/240x240/77977.png","277977","UBE","DOMESTIC_MEN_TEAM_A","","DOMESTIC","Allemagne","Union Berlin","1. FC Union Berlin","UBE","540","MINUTE","6","0","0","72.38","KILOMETER","30.1","KILOMETER_PER_HOUR"
"250112842","50050","27","1997-11-05","32","Taylor","SCO","FULL_BACK","DEFENDER","MALE","","./image/250112842.jpg","Greg Taylor","DEFENDER","15","Taylor","117","","Écosse","Défenseur","Greg","Taylor","Greg Taylor","Taylor","200117","./assoc/200117_SCO.svg","./logo/50050.png","UEFA","SCO","50050","FAME","Celtic","","https://img.uefa.com/imgml/TP/teams/logos/70x70/50050.png","https://img.uefa.com/imgml/TP/teams/logos/240x240/50050.png","250050","CEL","DOMESTIC_MEN_TEAM_A","","DOMESTIC","Écosse","Celtic","Celtic FC","CEL","540","MINUTE","6","0","0","66.94","KILOMETER","29.6","KILOMETER_PER_HOUR"
"250126449","50030","23","2002-08-18","17","Dedić","BIH","UNKNOWN","DEFENDER","MALE","","./image/250126449.jpg","Amar Dedić","DEFENDER","7","Dedić","60094","","Bosnie-Herzégovine","Défenseur","Amar","Dedić","Amar Dedić","Dedić","200008","./assoc/200008_AUT.svg","./logo/50030.png","UEFA","AUT","50030","FAME","Salzburg","","https://img.uefa.com/imgml/TP/teams/logos/70x70/50030.png","https://img.uefa.com/imgml/TP/teams/logos/240x240/50030.png","250030","SAL","DOMESTIC_MEN_TEAM_A","","DOMESTIC","Autriche","Salzburg","FC Salzburg","SAL","540","MINUTE","6","0","0","64.24","KILOMETER","32.8","KILOMETER_PER_HOUR"
"250181680","50050","27","1998-10-08","2","Johnston","CAN","UNKNOWN","DEFENDER","MALE","","./image/250181680.jpg","Alistair Johnston","DEFENDER","2","Johnston","24","","Canada","Défenseur","Alistair","Johnston","Alistair Johnston","A. Johnston","200117","./assoc/200117_SCO.svg","./logo/50050.png","UEFA","SCO","50050","FAME","Celtic","","https://img.uefa.com/imgml/TP/teams/logos/70x70/50050.png","https://img.uefa.com/imgml/TP/teams/logos/240x240/50050.png","250050","CEL","DOMESTIC_MEN_TEAM_A","","DOMESTIC","Écosse","Celtic","Celtic FC","CEL","540","MINUTE","6","0","0","63.46","KILOMETER","33.8","KILOMETER_PER_HOUR"
"250129446","50050","27","1998-08-08","5","Scales","IRL","UNKNOWN","DEFENDER","MALE","","./image/250129446.jpg","Liam Scales","DEFENDER","15","Scales","64","","Eire","Défenseur","Liam","Scales","Liam Scales","Scales","200117","./assoc/200117_SCO.svg","./logo/50050.png","UEFA","SCO","50050","FAME","Celtic","","https://img.uefa.com/imgml/TP/teams/logos/70x70/50050.png","https://img.uefa.com/imgml/TP/teams/logos/240x240/50050.png","250050","CEL","DOMESTIC_MEN_TEAM_A","","DOMESTIC","Écosse","Celtic","Celtic FC","CEL","540","MINUTE","6","0","0","63.27","KILOMETER","33.1","KILOMETER_PER_HOUR"
"250147956","52749","23","2001-11-14","5","Hartman","NED","FULL_BACK","DEFENDER","MALE","","./image/250147956.jpg","Quilindschy Hartman","DEFENDER","17","Hartman","95","","Pays-Bas","Défenseur","Quilindschy","Hartman","Quilindschy Hartman","Hartman","200095","./assoc/200095_NED.svg","./logo/52749.png","UEFA","NED","52749","FAME","Feyenoord","","https://img.uefa.com/imgml/TP/teams/logos/70x70/52749.png","https://img.uefa.com/imgml/TP/teams/logos/240x240/52749.png","252749","FEY","DOMESTIC_MEN_TEAM_A","","DOMESTIC","Pays-Bas","Feyenoord","Feyenoord","FEY","540","MINUTE","6","0","0","62.73","KILOMETER","33","KILOMETER_PER_HOUR"
"250104075","52749","25","2000-07-18","3","Geertruida","NED","CENTRE_BACK","DEFENDER","MALE","","./image/250104075.jpg","Lutsharel Geertruida","DEFENDER","2","Geertruida","95","","Pays-Bas","Défenseur","Lutsharel","Geertruida","Lutsharel Geertruida","Geertruida","200095","./assoc/200095_NED.svg","./logo/52749.png","UEFA","NED","52749","FAME","Feyenoord","","https://img.uefa.com/imgml/TP/teams/logos/70x70/52749.png","https://img.uefa.com/imgml/TP/teams/logos/240x240/52749.png","252749","FEY","DOMESTIC_MEN_TEAM_A","","DOMESTIC","Pays-Bas","Feyenoord","Feyenoord","FEY","540","MINUTE","6","0","0","62.72","KILOMETER","32.8","KILOMETER_PER_HOUR"
"250043129","50067","31","1994-09-07","42","ABDÜLKERİM","TUR","CENTRE_BACK","DEFENDER","MALE","190","./image/250043129.jpg","Abdülkerim Bardakcı","DEFENDER","14","ABDÜLKERİM","135","81","Turquie","Défenseur","","Abdülkerim Bardakcı","Abdülkerim Bardakcı","Abdülkerim Bardakcı","200135","./assoc/200135_TUR.svg","./logo/50067.png","UEFA","TUR","50067","FAME","Galatasaray","","https://img.uefa.com/imgml/TP/teams/logos/70x70/50067.png","https://img.uefa.com/imgml/TP/teams/logos/240x240/50067.png","250067","GAL","DOMESTIC_MEN_TEAM_A","","DOMESTIC","Turquie","Galatasaray","Galatasaray A.Ş.","GAL","540","MINUTE","6","0","0","62.23","KILOMETER","33","KILOMETER_PER_HOUR"
"250135672","50113","22","2003-10-14","44","COULIBALY","FRA","UNKNOWN","DEFENDER","MALE","","./image/250135672.jpg","Soumaïla Coulibaly","DEFENDER","","COULIBALY","","","France","Défenseur","Soumaïla","Coulibaly","Soumaïla Coulibaly","Coulibaly","200013","./assoc/200013_BEL.svg","./logo/50113.png","UEFA","BEL","50113","FAME","Antwerp","","https://img.uefa.com/imgml/TP/teams/logos/70x70/50113.png","https://img.uefa.com/imgml/TP/teams/logos/240x240/50113.png","250113","ANT","DOMESTIC_MEN_TEAM_A","","DOMESTIC","Belgique","Antwerp","Royal Antwerp FC","ANT","540","MINUTE","6","0","0","60.22","KILOMETER","31.9","KILOMETER_PER_HOUR"
"1909713","50069","34","1991-03-06","15","Dragović","AUT","CENTRE_BACK","DEFENDER","MALE","184","./image/1909713.jpg","Aleksandar Dragović","DEFENDER","3","Dragović","8","76","Autriche","Défenseur","Aleksandar","Dragović","Aleksandar Dragović","Dragović","200147","./assoc/200147_SRB.svg","./logo/50069.png","UEFA","SRB","50069","FAME","Crvena Zvezda","","https://img.uefa.com/imgml/TP/teams/logos/70x70/50069.png","https://img.uefa.com/imgml/TP/teams/logos/240x240/50069.png","250069","ZVE","DOMESTIC_MEN_TEAM_A","","DOMESTIC","Serbie","Crvena Zvezda","FK Crvena Zvezda","ZVE","540","MINUTE","6","0","0","58.93","KILOMETER","32.3","KILOMETER_PER_HOUR"
"250158476","50069","22","2002-11-15","24","Djiga","BFA","UNKNOWN","DEFENDER","MALE","","./image/250158476.jpg","Nasser Djiga","DEFENDER","5","DJIGA","139","","Burkina Faso","Défenseur","Nasser","Djiga","Nasser Djiga","Djiga","200147","./assoc/200147_SRB.svg","./logo/50069.png","UEFA","SRB","50069","FAME","Crvena Zvezda","","https://img.uefa.com/imgml/TP/teams/logos/70x70/50069.png","https://img.uefa.com/imgml/TP/teams/logos/240x240/50069.png","250069","ZVE","DOMESTIC_MEN_TEAM_A","","DOMESTIC","Serbie","Crvena Zvezda","FK Crvena Zvezda","ZVE","540","MINUTE","6","0","0","58.74","KILOMETER","32.21","KILOMETER_PER_HOUR"
"250081703","52277","27","1998-09-19","4","DANSO","AUT","","DEFENDER","MALE","","./image/250081703.jpg","Kevin Danso","DEFENDER","4","Danso","8","","Autriche","Défenseur","Kevin","Danso","Kevin Danso","Danso","200043","./assoc/200043_FRA.svg","./logo/52277.png","UEFA","FRA","52277","FAME","Lens","","https://img.uefa.com/imgml/TP/teams/logos/70x70/52277.png","https://img.uefa.com/imgml/TP/teams/logos/240x240/52277.png","252277","LEN","DOMESTIC_MEN_TEAM_A","","DOMESTIC","France","Lens","RC Lens","LEN","540","MINUTE","6","0","0","58.27","KILOMETER","33.71","KILOMETER_PER_HOUR"
"250023709","77977","33","1992-08-04","1","Rønnow","DEN","GOALKEEPER","GOALKEEPER","MALE","188","./image/250023709.jpg","Frederik Rønnow","GOALKEEPER","22","Rønnow","35","77","Danemark","Gardien","Frederik","Rønnow","Frederik Rønnow","Rønnow","200047","./assoc/200047_GER.svg","./logo/77977.png","UEFA","GER","77977","FAME","Union Berlin","","https://img.uefa.com/imgml/TP/teams/logos/70x70/77977.png","https://img.uefa.com/imgml/TP/teams/logos/240x240/77977.png","277977","UBE","DOMESTIC_MEN_TEAM_A","","DOMESTIC","Allemagne","Union Berlin","1. FC Union Berlin","UBE","540","MINUTE","6","0","0","35.91","KILOMETER","24.2","KILOMETER_PER_HOUR"
"250055899","50030","29","1996-02-01","1","Schlager","AUT","GOALKEEPER","GOALKEEPER","MALE","","./image/250055899.jpg","Alexander Schlager","GOALKEEPER","1","Schlager","8","","Autriche","Gardien","Alexander","Schlager","Alexander Schlager","Schlager","200008","./assoc/200008_AUT.svg","./logo/50030.png","UEFA","AUT","50030","FAME","Salzburg","","https://img.uefa.com/imgml/TP/teams/logos/70x70/50030.png","https://img.uefa.com/imgml/TP/teams/logos/240x240/50030.png","250030","SAL","DOMESTIC_MEN_TEAM_A","","DOMESTIC","Autriche","Salzburg","FC Salzburg","SAL","540","MINUTE","6","0","0","33.22","KILOMETER","27.5","KILOMETER_PER_HOUR"
"1905755","50067","39","1986-06-16","1","MUSLERA","URU","GOALKEEPER","GOALKEEPER","MALE","190","./image/1905755.jpg","Fernando Muslera","GOALKEEPER","1","Muslera","138","74","Uruguay","Gardien","Fernando","Muslera","Fernando Muslera","Muslera","200135","./assoc/200135_TUR.svg","./logo/50067.png","UEFA","TUR","50067","FAME","Galatasaray","","https://img.uefa.com/imgml/TP/teams/logos/70x70/50067.png","https://img.uefa.com/imgml/TP/teams/logos/240x240/50067.png","250067","GAL","DOMESTIC_MEN_TEAM_A","","DOMESTIC","Turquie","Galatasaray","Galatasaray A.Ş.","GAL","540","MINUTE","6","0","0","32.46","KILOMETER","27.6","KILOMETER_PER_HOUR"
"250059123","52277","31","1994-04-25","30","Samba","FRA","","GOALKEEPER","MALE","186","./image/250059123.jpg","Brice Samba","GOALKEEPER","1","Samba","43","","France","Gardien","Brice","Samba","Brice Samba","Samba","200043","./assoc/200043_FRA.svg","./logo/52277.png","UEFA","FRA","52277","FAME","Lens","","https://img.uefa.com/imgml/TP/teams/logos/70x70/52277.png","https://img.uefa.com/imgml/TP/teams/logos/240x240/52277.png","252277","LEN","DOMESTIC_MEN_TEAM_A","","DOMESTIC","France","Lens","RC Lens","LEN","540","MINUTE","6","0","0","31.87","KILOMETER","26.8","KILOMETER_PER_HOUR"
"250087291","52336","33","1992-03-29","1","Matheus","BRA","GOALKEEPER","GOALKEEPER","MALE","187","./image/250087291.jpg","Matheus","GOALKEEPER","","Matheus","","76","Brésil","Gardien","Matheus","Magalhães","Matheus","Matheus","200110","./assoc/200110_POR.svg","./logo/52336.png","UEFA","POR","52336","FAME","Braga","","https://img.uefa.com/imgml/TP/teams/logos/70x70/52336.png","https://img.uefa.com/imgml/TP/teams/logos/240x240/52336.png","252336","BRA","DOMESTIC_MEN_TEAM_A","","DOMESTIC","Portugal","Braga","SC Braga","BRA","540","MINUTE","6","0","0","30.65","KILOMETER","27.4","KILOMETER_PER_HOUR"
"104231","50050","38","1987-04-19","1","Hart","","GOALKEEPER","GOALKEEPER","MALE","196","./image/104231.jpg","Joe Hart","GOALKEEPER","1","Hart","39","89","","Gardien","Joe","Hart","Joe Hart","Hart","200117","./assoc/200117_SCO.svg","./logo/50050.png","UEFA","SCO","50050","FAME","Celtic","","https://img.uefa.com/imgml/TP/teams/logos/70x70/50050.png","https://img.uefa.com/imgml/TP/teams/logos/240x240/50050.png","250050","CEL","DOMESTIC_MEN_TEAM_A","","DOMESTIC","Écosse","Celtic","Celtic FC","CEL","540","MINUTE","6","0","0","29.44","KILOMETER","25.1","KILOMETER_PER_HOUR"
"250113444","50147","24","2001-08-01","1","Trubin","UKR","GOALKEEPER","GOALKEEPER","MALE","","./image/250113444.jpg","Anatoliy Trubin","GOALKEEPER","12","Trubin","57166","","Ukraine","Gardien","Anatoliy","Trubin","Anatoliy Trubin","Trubin","200110","./assoc/200110_POR.svg","./logo/50147.png","UEFA","POR","50147","FAME","Benfica","","https://img.uefa.com/imgml/TP/teams/logos/70x70/50147.png","https://img.uefa.com/imgml/TP/teams/logos/240x240/50147.png","250147","BEN","DOMESTIC_MEN_TEAM_A","","DOMESTIC","Portugal","Benfica","SL Benfica","BEN","540","MINUTE","6","0","0","29.25","KILOMETER","27","KILOMETER_PER_HOUR"
"250080461","50069","29","1996-03-11","18","Glazer","ISR","","GOALKEEPER","MALE","","./image/250080461.jpg","Omri Glazer","GOALKEEPER","18","Glazer","65","","Israël","Gardien","Omri","Glazer","Omri Glazer","Glazer","200147","./assoc/200147_SRB.svg","./logo/50069.png","UEFA","SRB","50069","FAME","Crvena Zvezda","","https://img.uefa.com/imgml/TP/teams/logos/70x70/50069.png","https://img.uefa.com/imgml/TP/teams/logos/240x240/50069.png","250069","ZVE","DOMESTIC_MEN_TEAM_A","","DOMESTIC","Serbie","Crvena Zvezda","FK Crvena Zvezda","ZVE","540","MINUTE","6","0","0","28.21","KILOMETER","29.6","KILOMETER_PER_HOUR"
"250121017","52707","26","1999-01-30","31","Riznyk","UKR","GOALKEEPER","GOALKEEPER","MALE","","./image/250121017.jpg","Dmytro Riznyk","GOALKEEPER","23","Riznyk","57166","","Ukraine","Gardien","Dmytro","Riznyk","Dmytro Riznyk","Riznyk","257166","./assoc/257166_UKR.svg","./logo/52707.png","UEFA","UKR","52707","FAME","Shakhtar","","https://img.uefa.com/imgml/TP/teams/logos/70x70/52707.png","https://img.uefa.com/imgml/TP/teams/logos/240x240/52707.png","252707","SHK","DOMESTIC_MEN_TEAM_A","","DOMESTIC","Ukraine","Shakhtar","FC Shakhtar Donetsk","SHK","540","MINUTE","6","0","0","27.7","KILOMETER","25.3","KILOMETER_PER_HOUR"
"250076171","52682","29","1996-04-02","24","Onana","CMR","GOALKEEPER","GOALKEEPER","MALE","190","./image/250076171.jpg","André Onana","GOALKEEPER","23","Onana","23","82","Cameroun","Gardien","André","Onana","André Onana","Onana","200039","./assoc/200039_ENG.svg","./logo/52682.png","UEFA","ENG","52682","FAME","Man Utd","","https://img.uefa.com/imgml/TP/teams/logos/70x70/52682.png","https://img.uefa.com/imgml/TP/teams/logos/240x240/52682.png","252682","MUN","DOMESTIC_MEN_TEAM_A","","DOMESTIC","Angleterre","Man Utd","Manchester United","MUN","540","MINUTE","6","0","0","26.74","KILOMETER","27.7","KILOMETER_PER_HOUR"
"250041563","52747","30","1995-02-11","37","ŠKRINIAR","SVK","CENTRE_BACK","DEFENDER","MALE","187","./image/250041563.jpg","Milan Škriniar","DEFENDER","14","Škriniar","58836","80","Slovaquie","Défenseur","Milan","Škriniar","Milan Škriniar","Škriniar","200043","./assoc/200043_FRA.svg","./logo/52747.png","UEFA","FRA","52747","FAME","Paris","","https://img.uefa.com/imgml/TP/teams/logos/70x70/52747.png","https://img.uefa.com/imgml/TP/teams/logos/240x240/52747.png","252747","PSG","DOMESTIC_MEN_TEAM_A","","DOMESTIC","France","Paris","Paris Saint-Germain","PSG","539","MINUTE","6","1","0","62.81","KILOMETER","32.6","KILOMETER_PER_HOUR"
"250067630","50058","27","1997-12-19","23","TOMORI","ENG","CENTRE_BACK","DEFENDER","MALE","","./image/250067630.jpg","Fikayo Tomori","DEFENDER","5","Tomori","39","","Angleterre","Défenseur","Fikayo","Tomori","Fikayo Tomori","Tomori","200066","./assoc/200066_ITA.svg","./logo/50058.png","UEFA","ITA","50058","FAME","Milan","","https://img.uefa.com/imgml/TP/teams/logos/70x70/50058.png","https://img.uefa.com/imgml/TP/teams/logos/240x240/50058.png","250058","MIL","DOMESTIC_MEN_TEAM_A","","DOMESTIC","Italie","Milan","AC Milan","MIL","539","MINUTE","6","0","0","61.27","KILOMETER","34.4","KILOMETER_PER_HOUR"
"250059115","52919","31","1994-08-10","20","Bernardo","POR","ATTACKING_MIDFIELDER","MIDFIELDER","MALE","173","./image/250059115.jpg","Bernardo Silva","MIDFIELDER","10","BERNARDO","110","64","Portugal","Milieu","","Bernardo Silva","Bernardo Silva","Bernardo Silva","200039","./assoc/200039_ENG.svg","./logo/52919.png","UEFA","ENG","52919","FAME","Man City","","https://img.uefa.com/imgml/TP/teams/logos/70x70/52919.png","https://img.uefa.com/imgml/TP/teams/logos/240x240/52919.png","252919","MCI","DOMESTIC_MEN_TEAM_A","","DOMESTIC","Angleterre","Man City","Manchester City","MCI","536","MINUTE","8","2","0","69.96","KILOMETER","30.7","KILOMETER_PER_HOUR"
"250023009","52280","30","1994-12-04","19","Trossard","BEL","WINGER","MIDFIELDER","MALE","171","./image/250023009.jpg","Leandro Trossard","MIDFIELDER","10","Trossard","13","61","Belgique","Milieu","Leandro","Trossard","Leandro Trossard","Trossard","200039","./assoc/200039_ENG.svg","./logo/52280.png","UEFA","ENG","52280","FAME","Arsenal","","https://img.uefa.com/imgml/TP/teams/logos/70x70/52280.png","https://img.uefa.com/imgml/TP/teams/logos/240x240/52280.png","252280","ARS","DOMESTIC_MEN_TEAM_A","","DOMESTIC","Angleterre","Arsenal","Arsenal FC","ARS","535","MINUTE","9","4","1","70.3","KILOMETER","33.3","KILOMETER_PER_HOUR"
"250076224","52709","28","1997-02-06","9","Diogo","POR","WINGER","FORWARD","MALE","","./image/250076224.jpg","Diogo Gonçalves","FORWARD","11","Diogo Gonçalves","110","","Portugal","Attaquant","Gonçalves","Diogo","Diogo Gonçalves","Diogo Gonçalves","200035","./assoc/200035_DEN.svg","./logo/52709.png","UEFA","DEN","52709","FAME","Copenhagen","","https://img.uefa.com/imgml/TP/teams/logos/70x70/52709.png","https://img.uefa.com/imgml/TP/teams/logos/240x240/52709.png","252709","CPH","DOMESTIC_MEN_TEAM_A","","DOMESTIC","Danemark","Copenhagen","F.C. Copenhagen","CPH","535","MINUTE","7","2","1","69.7","KILOMETER","31.6","KILOMETER_PER_HOUR"
"250064446","52707","29","1996-08-03","11","Zubkov","UKR","CENTRAL_MIDFIELDER","MIDFIELDER","MALE","181","./image/250064446.jpg","Oleksandr Zubkov","MIDFIELDER","20","Zubkov","57166","70","Ukraine","Milieu","Oleksandr","Zubkov","Oleksandr Zubkov","Zubkov","257166","./assoc/257166_UKR.svg","./logo/52707.png","UEFA","UKR","52707","FAME","Shakhtar","","https://img.uefa.com/imgml/TP/teams/logos/70x70/52707.png","https://img.uefa.com/imgml/TP/teams/logos/240x240/52707.png","252707","SHK","DOMESTIC_MEN_TEAM_A","","DOMESTIC","Ukraine","Shakhtar","FC Shakhtar Donetsk","SHK","535","MINUTE","6","0","2","69.19","KILOMETER","33","KILOMETER_PER_HOUR"
"250132886","50031","25","2000-01-19","20","NIASSE","SEN","DEFENSIVE_MIDFIELDER","MIDFIELDER","MALE","","./image/250132886.jpg","Cheikh Niasse","MIDFIELDER","","NIASSE","118","","Sénégal","Milieu","Cheikh","Niasse","Cheikh Niasse","Niasse","200128","./assoc/200128_SUI.svg","./logo/50031.png","UEFA","SUI","50031","FAME","Young Boys","","https://img.uefa.com/imgml/TP/teams/logos/70x70/50031.png","https://img.uefa.com/imgml/TP/teams/logos/240x240/50031.png","250031","YB","DOMESTIC_MEN_TEAM_A","","DOMESTIC","Suisse","Young Boys","BSC Young Boys","YB","535","MINUTE","6","0","1","70.42","KILOMETER","33.4","KILOMETER_PER_HOUR"
"250042329","52919","30","1995-09-10","10","Grealish","ENG","","MIDFIELDER","MALE","","./image/250042329.jpg","Jack Grealish","MIDFIELDER","17","Grealish","39","","Angleterre","Milieu","Jack","Grealish","Jack Grealish","Grealish","200039","./assoc/200039_ENG.svg","./logo/52919.png","UEFA","ENG","52919","FAME","Man City","","https://img.uefa.com/imgml/TP/teams/logos/70x70/52919.png","https://img.uefa.com/imgml/TP/teams/logos/240x240/52919.png","252919","MCI","DOMESTIC_MEN_TEAM_A","","DOMESTIC","Angleterre","Man City","Manchester City","MCI","534","MINUTE","8","0","2","61.07","KILOMETER","32.4","KILOMETER_PER_HOUR"
"250116817","50064","28","1996-12-21","6","Eustáquio","CAN","UNKNOWN","MIDFIELDER","MALE","","./image/250116817.jpg","Stephen Eustáquio","MIDFIELDER","7","Stephen","24","","Canada","Milieu","Stephen","Eustáquio","Stephen Eustáquio","Eustáquio","200110","./assoc/200110_POR.svg","./logo/50064.png","UEFA","POR","50064","FAME","Porto","","https://img.uefa.com/imgml/TP/teams/logos/70x70/50064.png","https://img.uefa.com/imgml/TP/teams/logos/240x240/50064.png","250064","POR","DOMESTIC_MEN_TEAM_A","","DOMESTIC","Portugal","Porto","FC Porto","POR","533","MINUTE","8","1","0","78.49","KILOMETER","30.7","KILOMETER_PER_HOUR"
"250118281","50138","28","1997-08-22","10","Lautaro","ARG","STRIKER","FORWARD","MALE","","./image/250118281.jpg","Lautaro Martínez","FORWARD","22","L. Martínez","6","","Argentine","Attaquant","Lautaro","Martínez","Lautaro Martínez","L. Martínez","200066","./assoc/200066_ITA.svg","./logo/50138.png","UEFA","ITA","50138","FAME","Inter","","https://img.uefa.com/imgml/TP/teams/logos/70x70/50138.png","https://img.uefa.com/imgml/TP/teams/logos/240x240/50138.png","250138","INT","DOMESTIC_MEN_TEAM_A","","DOMESTIC","Italie","Inter","FC Internazionale Milano","INT","531","MINUTE","8","2","1","59.45","KILOMETER","32.4","KILOMETER_PER_HOUR"
"250068974","50123","28","1997-01-07","23","Brais Méndez","ESP","UNKNOWN","MIDFIELDER","MALE","","./image/250068974.jpg","Brais Méndez","FORWARD","12","Brais Méndez","122","","Espagne","Milieu","Brais","Méndez","Brais Méndez","Méndez","200122","./assoc/200122_ESP.svg","./logo/50123.png","UEFA","ESP","50123","FAME","Real Sociedad","","https://img.uefa.com/imgml/TP/teams/logos/70x70/50123.png","https://img.uefa.com/imgml/TP/teams/logos/240x240/50123.png","250123","RSO","DOMESTIC_MEN_TEAM_A","","DOMESTIC","Espagne","Real Sociedad","Real Sociedad de Fútbol","RSO","531","MINUTE","7","3","1","65.48","KILOMETER","30.6","KILOMETER_PER_HOUR"
"250134536","50069","29","1996-09-20","6","Hwang","KOR","UNKNOWN","MIDFIELDER","MALE","","./image/250134536.jpg","Inbeom Hwang","MIDFIELDER","6","IB HWANG","74","","République de Corée","Milieu","Inbeom","Hwang","Inbeom Hwang","IB Hwang","200147","./assoc/200147_SRB.svg","./logo/50069.png","UEFA","SRB","50069","FAME","Crvena Zvezda","","https://img.uefa.com/imgml/TP/teams/logos/70x70/50069.png","https://img.uefa.com/imgml/TP/teams/logos/240x240/50069.png","250069","ZVE","DOMESTIC_MEN_TEAM_A","","DOMESTIC","Serbie","Crvena Zvezda","FK Crvena Zvezda","ZVE","531","MINUTE","6","1","1","72.59","KILOMETER","32.6","KILOMETER_PER_HOUR"
"250042780","50058","30","1995-07-03","16","M. MAIGNAN","FRA","GOALKEEPER","GOALKEEPER","MALE","187","./image/250042780.jpg","Mike Maignan","GOALKEEPER","16","Maignan","43","80","France","Gardien","Mike","Maignan","Mike Maignan","Maignan","200066","./assoc/200066_ITA.svg","./logo/50058.png","UEFA","ITA","50058","FAME","Milan","","https://img.uefa.com/imgml/TP/teams/logos/70x70/50058.png","https://img.uefa.com/imgml/TP/teams/logos/240x240/50058.png","250058","MIL","DOMESTIC_MEN_TEAM_A","","DOMESTIC","Italie","Milan","AC Milan","MIL","531","MINUTE","6","0","0","31.14","KILOMETER","28.8","KILOMETER_PER_HOUR"
"250067749","52280","33","1991-12-20","20","Jorginho","ITA","CENTRAL_MIDFIELDER","MIDFIELDER","MALE","180","./image/250067749.jpg","Jorginho","MIDFIELDER","8","Jorginho","66","65","Italie","Milieu","","Jorginho","Jorginho","Jorginho","200039","./assoc/200039_ENG.svg","./logo/52280.png","UEFA","ENG","52280","FAME","Arsenal","","https://img.uefa.com/imgml/TP/teams/logos/70x70/52280.png","https://img.uefa.com/imgml/TP/teams/logos/240x240/52280.png","252280","ARS","DOMESTIC_MEN_TEAM_A","","DOMESTIC","Angleterre","Arsenal","Arsenal FC","ARS","530","MINUTE","9","1","0","69.22","KILOMETER","29","KILOMETER_PER_HOUR"
"250123016","50123","33","1992-01-27","18","H.Traoré","MLI","FULL_BACK","DEFENDER","MALE","","./image/250123016.jpg","Hamari Traoré","DEFENDER","","H.Traoré","","","Mali","Défenseur","Hamari","Traoré","Hamari Traoré","Traoré","200122","./assoc/200122_ESP.svg","./logo/50123.png","UEFA","ESP","50123","FAME","Real Sociedad","","https://img.uefa.com/imgml/TP/teams/logos/70x70/50123.png","https://img.uefa.com/imgml/TP/teams/logos/240x240/50123.png","250123","RSO","DOMESTIC_MEN_TEAM_A","","DOMESTIC","Espagne","Real Sociedad","Real Sociedad de Fútbol","RSO","530","MINUTE","7","0","0","59.68","KILOMETER","33.4","KILOMETER_PER_HOUR"
"250066342","52277","30","1995-04-12","29","Frankowski","POL","UNKNOWN","DEFENDER","MALE","","./image/250066342.jpg","Przemysław Frankowski","DEFENDER","19","Frankowski","109","","Pologne","Défenseur","Przemysław","Frankowski","Przemysław Frankowski","Frankowski","200043","./assoc/200043_FRA.svg","./logo/52277.png","UEFA","FRA","52277","FAME","Lens","","https://img.uefa.com/imgml/TP/teams/logos/70x70/52277.png","https://img.uefa.com/imgml/TP/teams/logos/240x240/52277.png","252277","LEN","DOMESTIC_MEN_TEAM_A","","DOMESTIC","France","Lens","RC Lens","LEN","528","MINUTE","6","1","2","62.99","KILOMETER","31.8","KILOMETER_PER_HOUR"
"250014042","50050","32","1993-06-14","42","McGregor","SCO","WINGER","MIDFIELDER","MALE","180","./image/250014042.jpg","Callum McGregor","MIDFIELDER","8","McGregor","117","73","Écosse","Milieu","Callum","McGregor","Callum McGregor","McGregor","200117","./assoc/200117_SCO.svg","./logo/50050.png","UEFA","SCO","50050","FAME","Celtic","","https://img.uefa.com/imgml/TP/teams/logos/70x70/50050.png","https://img.uefa.com/imgml/TP/teams/logos/240x240/50050.png","250050","CEL","DOMESTIC_MEN_TEAM_A","","DOMESTIC","Écosse","Celtic","Celtic FC","CEL","521","MINUTE","6","0","0","72.99","KILOMETER","33","KILOMETER_PER_HOUR"
"98023","50138","36","1989-01-21","22","Mkhitaryan","ARM","ATTACKING_MIDFIELDER","MIDFIELDER","MALE","178","./image/98023.jpg","Henrikh Mkhitaryan","MIDFIELDER","18","Mkhitaryan","57419","72","Arménie","Milieu","Henrikh","Mkhitaryan","Henrikh Mkhitaryan","Mkhitaryan","200066","./assoc/200066_ITA.svg","./logo/50138.png","UEFA","ITA","50138","FAME","Inter","","https://img.uefa.com/imgml/TP/teams/logos/70x70/50138.png","https://img.uefa.com/imgml/TP/teams/logos/240x240/50138.png","250138","INT","DOMESTIC_MEN_TEAM_A","","DOMESTIC","Italie","Inter","FC Internazionale Milano","INT","520","MINUTE","7","0","1","69.56","KILOMETER","32.21","KILOMETER_PER_HOUR"
"250074434","50067","32","1993-02-19","9","ICARDI","ARG","STRIKER","FORWARD","MALE","181","./image/250074434.jpg","Mauro Icardi","FORWARD","","Icardi","","75","Argentine","Attaquant","Mauro","Icardi","Mauro Icardi","Icardi","200135","./assoc/200135_TUR.svg","./logo/50067.png","UEFA","TUR","50067","FAME","Galatasaray","","https://img.uefa.com/imgml/TP/teams/logos/70x70/50067.png","https://img.uefa.com/imgml/TP/teams/logos/240x240/50067.png","250067","GAL","DOMESTIC_MEN_TEAM_A","","DOMESTIC","Turquie","Galatasaray","Galatasaray A.Ş.","GAL","519","MINUTE","6","2","0","51.59","KILOMETER","30.8","KILOMETER_PER_HOUR"
"250110734","50031","26","1999-01-05","7","UGRINIC","SUI","","MIDFIELDER","MALE","","./image/250110734.jpg","Filip Ugrinic","MIDFIELDER","15","Ugrinic","128","","Suisse","Milieu","Filip","Ugrinic","Filip Ugrinic","Ugrinic","200128","./assoc/200128_SUI.svg","./logo/50031.png","UEFA","SUI","50031","FAME","Young Boys","","https://img.uefa.com/imgml/TP/teams/logos/70x70/50031.png","https://img.uefa.com/imgml/TP/teams/logos/240x240/50031.png","250031","YB","DOMESTIC_MEN_TEAM_A","","DOMESTIC","Suisse","Young Boys","BSC Young Boys","YB","518","MINUTE","6","1","1","71","KILOMETER","32.71","KILOMETER_PER_HOUR"
"250128241","52336","32","1993-02-18","26","C. Borja","COL","FULL_BACK","DEFENDER","MALE","","./image/250128241.jpg","Cristian Borja","DEFENDER","","C. Borja","","","Colombie","Défenseur","","Cristian Borja","Cristian Borja","Cristian Borja","200110","./assoc/200110_POR.svg","./logo/52336.png","UEFA","POR","52336","FAME","Braga","","https://img.uefa.com/imgml/TP/teams/logos/70x70/52336.png","https://img.uefa.com/imgml/TP/teams/logos/240x240/52336.png","252336","BRA","DOMESTIC_MEN_TEAM_A","","DOMESTIC","Portugal","Braga","SC Braga","BRA","518","MINUTE","6","0","0","56.97","KILOMETER","32.21","KILOMETER_PER_HOUR"
"250081989","52973","32","1992-10-17","77","Marušić","MNE","FULL_BACK","MIDFIELDER","MALE","177","./image/250081989.jpg","Adam Marušić","MIDFIELDER","23","Marušić","92853","81","Monténégro","Milieu","Adam","Marušić","Adam Marušić","Marušić","200066","./assoc/200066_ITA.svg","./logo/52973.png","UEFA","ITA","52973","FAME","Lazio","","https://img.uefa.com/imgml/TP/teams/logos/70x70/52973.png","https://img.uefa.com/imgml/TP/teams/logos/240x240/52973.png","252973","LAZ","DOMESTIC_MEN_TEAM_A","","DOMESTIC","Italie","Lazio","S.S. Lazio","LAZ","514","MINUTE","7","0","0","64.53","KILOMETER","34.21","KILOMETER_PER_HOUR"
"250109210","52714","28","1997-06-01","19","Y.EN-NESYRI","MAR","STRIKER","FORWARD","MALE","","./image/250109210.jpg","Youssef En-Nesyri","FORWARD","19","En-Nesyri","92","","Maroc","Attaquant","Youssef","En-Nesyri","Youssef En-Nesyri","En-Nesyri","200122","./assoc/200122_ESP.svg","./logo/52714.png","UEFA","ESP","52714","FAME","Sevilla","","https://img.uefa.com/imgml/TP/teams/logos/70x70/52714.png","https://img.uefa.com/imgml/TP/teams/logos/240x240/52714.png","252714","SEV","DOMESTIC_MEN_TEAM_A","","DOMESTIC","Espagne","Sevilla","Sevilla FC","SEV","513","MINUTE","6","2","0","60.16","KILOMETER","32.1","KILOMETER_PER_HOUR"
"250022829","50138","31","1994-02-08","20","Çalhanoğlu","TUR","ATTACKING_MIDFIELDER","MIDFIELDER","MALE","176","./image/250022829.jpg","Hakan Çalhanoğlu","MIDFIELDER","10","ÇALHANOĞLU","135","76","Turquie","Milieu","","Hakan Çalhanoğlu","Hakan Çalhanoğlu","Hakan Çalhanoğlu","200066","./assoc/200066_ITA.svg","./logo/50138.png","UEFA","ITA","50138","FAME","Inter","","https://img.uefa.com/imgml/TP/teams/logos/70x70/50138.png","https://img.uefa.com/imgml/TP/teams/logos/240x240/50138.png","250138","INT","DOMESTIC_MEN_TEAM_A","","DOMESTIC","Italie","Inter","FC Internazionale Milano","INT","513","MINUTE","6","1","0","66.67","KILOMETER","34.1","KILOMETER_PER_HOUR"
"250020851","50058","39","1986-09-30","9","GIROUD","FRA","STRIKER","FORWARD","MALE","192","./image/250020851.jpg","Olivier Giroud","FORWARD","9","Giroud","43","88","France","Attaquant","Olivier","Giroud","Olivier Giroud","Giroud","200066","./assoc/200066_ITA.svg","./logo/50058.png","UEFA","ITA","50058","FAME","Milan","","https://img.uefa.com/imgml/TP/teams/logos/70x70/50058.png","https://img.uefa.com/imgml/TP/teams/logos/240x240/50058.png","250058","MIL","DOMESTIC_MEN_TEAM_A","","DOMESTIC","Italie","Milan","AC Milan","MIL","512","MINUTE","6","1","2","57.23","KILOMETER","30.9","KILOMETER_PER_HOUR"
"250000919","59324","35","1990-09-19","2","Trippier","ENG","FULL_BACK","DEFENDER","MALE","178","./image/250000919.jpg","Kieran Trippier","DEFENDER","12","Trippier","39","81","Angleterre","Défenseur","Kieran","Trippier","Kieran Trippier","Trippier","200039","./assoc/200039_ENG.svg","./logo/59324.png","UEFA","ENG","59324","FAME","Newcastle","","https://img.uefa.com/imgml/TP/teams/logos/70x70/59324.png","https://img.uefa.com/imgml/TP/teams/logos/240x240/59324.png","259324","NEW","DOMESTIC_MEN_TEAM_A","","DOMESTIC","Angleterre","Newcastle","Newcastle United FC","NEW","512","MINUTE","6","0","1","60.28","KILOMETER","32.4","KILOMETER_PER_HOUR"
"250007575","52277","32","1992-11-24","24","Gradit","FRA","","DEFENDER","MALE","","./image/250007575.jpg","Jonathan Gradit","DEFENDER","","Gradit","200043","","France","Défenseur","Jonathan","Gradit","Jonathan Gradit","Gradit","200043","./assoc/200043_FRA.svg","./logo/52277.png","UEFA","FRA","52277","FAME","Lens","","https://img.uefa.com/imgml/TP/teams/logos/70x70/52277.png","https://img.uefa.com/imgml/TP/teams/logos/240x240/52277.png","252277","LEN","DOMESTIC_MEN_TEAM_A","","DOMESTIC","France","Lens","RC Lens","LEN","511","MINUTE","6","0","0","52.4","KILOMETER","31.6","KILOMETER_PER_HOUR"
"250005254","52973","35","1990-02-20","17","IMMOBILE","ITA","STRIKER","FORWARD","MALE","185","./image/250005254.jpg","Ciro Immobile","FORWARD","17","Immobile","66","78","Italie","Attaquant","Ciro","Immobile","Ciro Immobile","Immobile","200066","./assoc/200066_ITA.svg","./logo/52973.png","UEFA","ITA","52973","FAME","Lazio","","https://img.uefa.com/imgml/TP/teams/logos/70x70/52973.png","https://img.uefa.com/imgml/TP/teams/logos/240x240/52973.png","252973","LAZ","DOMESTIC_MEN_TEAM_A","","DOMESTIC","Italie","Lazio","S.S. Lazio","LAZ","507","MINUTE","8","4","0","62.43","KILOMETER","32.5","KILOMETER_PER_HOUR"
"250173502","50124","25","1999-12-23","12","S.LINO","BRA","UNKNOWN","MIDFIELDER","MALE","","./image/250173502.jpg","Samuel Lino","MIDFIELDER","","Lino","","","Brésil","Milieu","Samuel","Lino","Samuel Lino","Lino","200122","./assoc/200122_ESP.svg","./logo/50124.png","UEFA","ESP","50124","FAME","Atleti","","https://img.uefa.com/imgml/TP/teams/logos/70x70/50124.png","https://img.uefa.com/imgml/TP/teams/logos/240x240/50124.png","250124","ATM","DOMESTIC_MEN_TEAM_A","","DOMESTIC","Espagne","Atleti","Atlético de Madrid","ATM","507","MINUTE","7","3","3","64.27","KILOMETER","33","KILOMETER_PER_HOUR"
"250123677","50062","23","2002-05-28","10","Tillman","USA","UNKNOWN","MIDFIELDER","MALE","","./image/250123677.jpg","Malik Tillman","MIDFIELDER","10","Tillman","200047","","Etats-Unis","Milieu","Malik","Tillman","Malik Tillman","Tillman","200095","./assoc/200095_NED.svg","./logo/50062.png","UEFA","NED","50062","FAME","PSV","","https://img.uefa.com/imgml/TP/teams/logos/70x70/50062.png","https://img.uefa.com/imgml/TP/teams/logos/240x240/50062.png","250062","PSV","DOMESTIC_MEN_TEAM_A","","DOMESTIC","Pays-Bas","PSV","PSV Eindhoven","PSV","505","MINUTE","8","0","1","64.72","KILOMETER","33.8","KILOMETER_PER_HOUR"
"250063447","50147","32","1993-05-17","27","Rafa","POR","STRIKER","MIDFIELDER","MALE","170","./image/250063447.jpg","Rafa Silva","FORWARD","15","Rafa","110","63","Portugal","Milieu","","Rafa Silva","Rafa Silva","Rafa Silva","200110","./assoc/200110_POR.svg","./logo/50147.png","UEFA","POR","50147","FAME","Benfica","","https://img.uefa.com/imgml/TP/teams/logos/70x70/50147.png","https://img.uefa.com/imgml/TP/teams/logos/240x240/50147.png","250147","BEN","DOMESTIC_MEN_TEAM_A","","DOMESTIC","Portugal","Benfica","SL Benfica","BEN","505","MINUTE","6","2","0","62.62","KILOMETER","35.1","KILOMETER_PER_HOUR"
"250073684","50031","29","1996-01-11","6","Garcia Lopes","SUI","FULL_BACK","DEFENDER","MALE","","./image/250073684.jpg","Ulisses Garcia","DEFENDER","19","Garcia Lopes","128","","Suisse","Défenseur","Ulisses","Garcia","Ulisses Garcia","Garcia","200128","./assoc/200128_SUI.svg","./logo/50031.png","UEFA","SUI","50031","FAME","Young Boys","","https://img.uefa.com/imgml/TP/teams/logos/70x70/50031.png","https://img.uefa.com/imgml/TP/teams/logos/240x240/50031.png","250031","YB","DOMESTIC_MEN_TEAM_A","","DOMESTIC","Suisse","Young Boys","BSC Young Boys","YB","505","MINUTE","6","0","0","57.54","KILOMETER","32.21","KILOMETER_PER_HOUR"
"250010259","52919","35","1990-05-28","32","WALKER","ENG","FULL_BACK","DEFENDER","MALE","178","./image/250010259.jpg","Kyle Walker","DEFENDER","2","Walker","39","70","Angleterre","Défenseur","Kyle","Walker","Kyle Walker","Walker","200039","./assoc/200039_ENG.svg","./logo/52919.png","UEFA","ENG","52919","FAME","Man City","","https://img.uefa.com/imgml/TP/teams/logos/70x70/52919.png","https://img.uefa.com/imgml/TP/teams/logos/240x240/52919.png","252919","MCI","DOMESTIC_MEN_TEAM_A","","DOMESTIC","Angleterre","Man City","Manchester City","MCI","505","MINUTE","6","0","0","56.41","KILOMETER","33.5","KILOMETER_PER_HOUR"
"250062142","52336","31","1994-09-15","21","R. Horta","POR","WINGER","FORWARD","MALE","173","./image/250062142.jpg","Ricardo Horta","FORWARD","15","Ricardo Horta","110","61","Portugal","Attaquant","Ricardo","Horta","Ricardo Horta","Ricardo Horta","200110","./assoc/200110_POR.svg","./logo/52336.png","UEFA","POR","52336","FAME","Braga","","https://img.uefa.com/imgml/TP/teams/logos/70x70/52336.png","https://img.uefa.com/imgml/TP/teams/logos/240x240/52336.png","252336","BRA","DOMESTIC_MEN_TEAM_A","","DOMESTIC","Portugal","Braga","SC Braga","BRA","503","MINUTE","6","0","3","64.1","KILOMETER","30.7","KILOMETER_PER_HOUR"
"250091199","50138","26","1999-04-13","95","Bastoni","ITA","CENTRE_BACK","DEFENDER","MALE","","./image/250091199.jpg","Alessandro Bastoni","DEFENDER","21","Bastoni","66","","Italie","Défenseur","Alessandro","Bastoni","Alessandro Bastoni","Bastoni","200066","./assoc/200066_ITA.svg","./logo/50138.png","UEFA","ITA","50138","FAME","Inter","","https://img.uefa.com/imgml/TP/teams/logos/70x70/50138.png","https://img.uefa.com/imgml/TP/teams/logos/240x240/50138.png","250138","INT","DOMESTIC_MEN_TEAM_A","","DOMESTIC","Italie","Inter","FC Internazionale Milano","INT","501","MINUTE","7","0","0","60.22","KILOMETER","32.8","KILOMETER_PER_HOUR"
"250079545","50037","26","1998-10-27","2","Upamecano","FRA","CENTRE_BACK","DEFENDER","MALE","185","./image/250079545.jpg","Dayot Upamecano","DEFENDER","4","Upamecano","43","83","France","Défenseur","Dayot","Upamecano","Dayot Upamecano","Upamecano","200047","./assoc/200047_GER.svg","./logo/50037.png","UEFA","GER","50037","FAME","Bayern München","","https://img.uefa.com/imgml/TP/teams/logos/70x70/50037.png","https://img.uefa.com/imgml/TP/teams/logos/240x240/50037.png","250037","BAY","DOMESTIC_MEN_TEAM_A","","DOMESTIC","Allemagne","Bayern München","FC Bayern München","BAY","500","MINUTE","7","0","0","60.62","KILOMETER","35.21","KILOMETER_PER_HOUR"
"250141610","50031","28","1997-08-06","15","M. ELIA","COD","STRIKER","FORWARD","MALE","","./image/250141610.jpg","Meschack Elia","FORWARD","","M. Elia","","","RD Congo","Attaquant","Meschack","Elia","Meschack Elia","Elia","200128","./assoc/200128_SUI.svg","./logo/50031.png","UEFA","SUI","50031","FAME","Young Boys","","https://img.uefa.com/imgml/TP/teams/logos/70x70/50031.png","https://img.uefa.com/imgml/TP/teams/logos/240x240/50031.png","250031","YB","DOMESTIC_MEN_TEAM_A","","DOMESTIC","Suisse","Young Boys","BSC Young Boys","YB","500","MINUTE","6","2","0","62.65","KILOMETER","34.5","KILOMETER_PER_HOUR"
"250118286","50067","29","1996-02-11","34","TORREIRA","URU","DEFENSIVE_MIDFIELDER","MIDFIELDER","MALE","","./image/250118286.jpg","Lucas Torreira","MIDFIELDER","14","Torreira","138","","Uruguay","Milieu","Lucas","Torreira","Lucas Torreira","Torreira","200135","./assoc/200135_TUR.svg","./logo/50067.png","UEFA","TUR","50067","FAME","Galatasaray","","https://img.uefa.com/imgml/TP/teams/logos/70x70/50067.png","https://img.uefa.com/imgml/TP/teams/logos/240x240/50067.png","250067","GAL","DOMESTIC_MEN_TEAM_A","","DOMESTIC","Turquie","Galatasaray","Galatasaray A.Ş.","GAL","498","MINUTE","6","0","0","66.11","KILOMETER","30.7","KILOMETER_PER_HOUR"
"50327428","50138","33","1992-02-05","6","de Vrij","NED","CENTRE_BACK","DEFENDER","MALE","","https://img.uefa.com/imgml/TP/players/1/2024/324x324/50327428.jpg","Stefan de Vrij","DEFENDER","6","de Vrij","95","","Pays-Bas","Défenseur","Stefan","De Vrij","Stefan de Vrij","De Vrij","200066","./assoc/200066_ITA.svg","./logo/50138.png","UEFA","ITA","50138","FAME","Inter","","https://img.uefa.com/imgml/TP/teams/logos/70x70/50138.png","https://img.uefa.com/imgml/TP/teams/logos/240x240/50138.png","250138","INT","DOMESTIC_MEN_TEAM_A","","DOMESTIC","Italie","Inter","FC Internazionale Milano","INT","498","MINUTE","6","0","0","54.4","KILOMETER","32.1","KILOMETER_PER_HOUR"
"1902685","52707","36","1989-08-08","6","Stepanenko","UKR","DEFENSIVE_MIDFIELDER","MIDFIELDER","MALE","181","./image/1902685.jpg","Taras Stepanenko","MIDFIELDER","6","Stepanenko","57166","75","Ukraine","Milieu","Taras","Stepanenko","Taras Stepanenko","Stepanenko","257166","./assoc/257166_UKR.svg","./logo/52707.png","UEFA","UKR","52707","FAME","Shakhtar","","https://img.uefa.com/imgml/TP/teams/logos/70x70/52707.png","https://img.uefa.com/imgml/TP/teams/logos/240x240/52707.png","252707","SHK","DOMESTIC_MEN_TEAM_A","","DOMESTIC","Ukraine","Shakhtar","FC Shakhtar Donetsk","SHK","496","MINUTE","6","0","1","63.59","KILOMETER","31.8","KILOMETER_PER_HOUR"
"250116067","50030","24","2001-02-25","18","Bidstrup","DEN","UNKNOWN","MIDFIELDER","MALE","","./image/250116067.jpg","Mads Bidstrup","MIDFIELDER","14","Bidstrup","35","","Danemark","Milieu","Mads","Bidstrup","Mads Bidstrup","Bidstrup","200008","./assoc/200008_AUT.svg","./logo/50030.png","UEFA","AUT","50030","FAME","Salzburg","","https://img.uefa.com/imgml/TP/teams/logos/70x70/50030.png","https://img.uefa.com/imgml/TP/teams/logos/240x240/50030.png","250030","SAL","DOMESTIC_MEN_TEAM_A","","DOMESTIC","Autriche","Salzburg","FC Salzburg","SAL","495","MINUTE","6","0","0","75.48","KILOMETER","32.9","KILOMETER_PER_HOUR"
"250181716","52277","25","2000-03-26","99","SALIS","GHA","UNKNOWN","MIDFIELDER","MALE","","./image/250181716.jpg","Salis Abdul Samed","MIDFIELDER","21","Abdul Samed","48","","Ghana","Milieu","Salis","Abdul Samed","Salis Abdul Samed","Abdul Samed","200043","./assoc/200043_FRA.svg","./logo/52277.png","UEFA","FRA","52277","FAME","Lens","","https://img.uefa.com/imgml/TP/teams/logos/70x70/52277.png","https://img.uefa.com/imgml/TP/teams/logos/240x240/52277.png","252277","LEN","DOMESTIC_MEN_TEAM_A","","DOMESTIC","France","Lens","RC Lens","LEN","495","MINUTE","6","0","0","64.94","KILOMETER","31.4","KILOMETER_PER_HOUR"
"250186120","52277","26","1999-05-28","32","Medina","ARG","UNKNOWN","DEFENDER","MALE","","./image/250186120.jpg","Facundo Medina","DEFENDER","","Medina","","","Argentine","Défenseur","Facundo","Medina","Facundo Medina","Medina","200043","./assoc/200043_FRA.svg","./logo/52277.png","UEFA","FRA","52277","FAME","Lens","","https://img.uefa.com/imgml/TP/teams/logos/70x70/52277.png","https://img.uefa.com/imgml/TP/teams/logos/240x240/52277.png","252277","LEN","DOMESTIC_MEN_TEAM_A","","DOMESTIC","France","Lens","RC Lens","LEN","495","MINUTE","6","0","0","59.53","KILOMETER","33.4","KILOMETER_PER_HOUR"
"250115948","50030","24","2001-05-24","31","Pavlović","SRB","CENTRE_BACK","DEFENDER","MALE","","./image/250115948.jpg","Strahinja Pavlović","DEFENDER","3","Pavlović","147","","Serbie","Défenseur","Strahinja","Pavlović","Strahinja Pavlović","Pavlović","200008","./assoc/200008_AUT.svg","./logo/50030.png","UEFA","AUT","50030","FAME","Salzburg","","https://img.uefa.com/imgml/TP/teams/logos/70x70/50030.png","https://img.uefa.com/imgml/TP/teams/logos/240x240/50030.png","250030","SAL","DOMESTIC_MEN_TEAM_A","","DOMESTIC","Autriche","Salzburg","FC Salzburg","SAL","494","MINUTE","6","0","0","58.88","KILOMETER","33.1","KILOMETER_PER_HOUR"
"250058258","2603790","28","1997-02-23","39","Henrichs","GER","UNKNOWN","DEFENDER","MALE","183","./image/250058258.jpg","Benjamin Henrichs","DEFENDER","23","Henrichs","47","77","Allemagne","Défenseur","Benjamin","Henrichs","Benjamin Henrichs","Henrichs","200047","./assoc/200047_GER.svg","./logo/2603790.png","UEFA","GER","2603790","FAME","Leipzig","","https://img.uefa.com/imgml/TP/teams/logos/70x70/2603790.png","https://img.uefa.com/imgml/TP/teams/logos/240x240/2603790.png","250002563","RBL","DOMESTIC_MEN_TEAM_A","","DOMESTIC","Allemagne","Leipzig","RB Leipzig","RBL","493","MINUTE","6","0","2","56.91","KILOMETER","32.5","KILOMETER_PER_HOUR"
"250122927","52973","26","1999-04-14","8","Guendouzi","FRA","CENTRAL_MIDFIELDER","MIDFIELDER","MALE","","./image/250122927.jpg","Matteo Guendouzi","MIDFIELDER","6","Guendouzi","43","","France","Milieu","Matteo","Guendouzi","Matteo Guendouzi","Guendouzi","200066","./assoc/200066_ITA.svg","./logo/52973.png","UEFA","ITA","52973","FAME","Lazio","","https://img.uefa.com/imgml/TP/teams/logos/70x70/52973.png","https://img.uefa.com/imgml/TP/teams/logos/240x240/52973.png","252973","LAZ","DOMESTIC_MEN_TEAM_A","","DOMESTIC","Italie","Lazio","S.S. Lazio","LAZ","492","MINUTE","8","0","1","67.92","KILOMETER","31.7","KILOMETER_PER_HOUR"
"250145251","50064","26","1999-10-06","30","Barbosa","BRA","UNKNOWN","FORWARD","MALE","","./image/250145251.jpg","Evanilson","FORWARD","","Evanilson","","","Brésil","Attaquant","","Evanilson","Evanilson","Evanilson","200110","./assoc/200110_POR.svg","./logo/50064.png","UEFA","POR","50064","FAME","Porto","","https://img.uefa.com/imgml/TP/teams/logos/70x70/50064.png","https://img.uefa.com/imgml/TP/teams/logos/240x240/50064.png","250064","POR","DOMESTIC_MEN_TEAM_A","","DOMESTIC","Portugal","Porto","FC Porto","POR","489","MINUTE","7","4","1","61.68","KILOMETER","32.4","KILOMETER_PER_HOUR"
"250130221","52682","22","2003-02-04","19","Højlund","DEN","UNKNOWN","FORWARD","MALE","","./image/250130221.jpg","Rasmus Højlund","FORWARD","9","Højlund","35","","Danemark","Attaquant","Rasmus","Højlund","Rasmus Højlund","Højlund","200039","./assoc/200039_ENG.svg","./logo/52682.png","UEFA","ENG","52682","FAME","Man Utd","","https://img.uefa.com/imgml/TP/teams/logos/70x70/52682.png","https://img.uefa.com/imgml/TP/teams/logos/240x240/52682.png","252682","MUN","DOMESTIC_MEN_TEAM_A","","DOMESTIC","Angleterre","Man Utd","Manchester United","MUN","489","MINUTE","6","5","0","63.92","KILOMETER","35.1","KILOMETER_PER_HOUR"
"250014221","50069","31","1993-11-10","33","Mijailovic","SRB","UNKNOWN","MIDFIELDER","MALE","","./image/250014221.jpg","Srdjan Mijailović","MIDFIELDER","16","Mijailović","147","","Serbie","Milieu","Srdjan","Mijailović","Srdjan Mijailović","Mijailović","200147","./assoc/200147_SRB.svg","./logo/50069.png","UEFA","SRB","50069","FAME","Crvena Zvezda","","https://img.uefa.com/imgml/TP/teams/logos/70x70/50069.png","https://img.uefa.com/imgml/TP/teams/logos/240x240/50069.png","250069","ZVE","DOMESTIC_MEN_TEAM_A","","DOMESTIC","Serbie","Crvena Zvezda","FK Crvena Zvezda","ZVE","488","MINUTE","6","0","0","61.5","KILOMETER","33.71","KILOMETER_PER_HOUR"
"250121340","50069","26","1998-12-13","30","Bukari","GHA","WINGER","MIDFIELDER","MALE","","./image/250121340.jpg","Osman Bukari","FORWARD","11","Osman","48","","Ghana","Milieu","Osman","Bukari","Osman Bukari","Bukari","200147","./assoc/200147_SRB.svg","./logo/50069.png","UEFA","SRB","50069","FAME","Crvena Zvezda","","https://img.uefa.com/imgml/TP/teams/logos/70x70/50069.png","https://img.uefa.com/imgml/TP/teams/logos/240x240/50069.png","250069","ZVE","DOMESTIC_MEN_TEAM_A","","DOMESTIC","Serbie","Crvena Zvezda","FK Crvena Zvezda","ZVE","487","MINUTE","6","2","2","55.64","KILOMETER","35.4","KILOMETER_PER_HOUR"
"250169725","50050","24","2000-11-21","17","O'Riley","DEN","UNKNOWN","MIDFIELDER","MALE","","./image/250169725.jpg","Matt O'Riley","MIDFIELDER","7","O'Riley","35","","Danemark","Milieu","Matt","O'Riley","Matt O'Riley","O'Riley","200117","./assoc/200117_SCO.svg","./logo/50050.png","UEFA","SCO","50050","FAME","Celtic","","https://img.uefa.com/imgml/TP/teams/logos/70x70/50050.png","https://img.uefa.com/imgml/TP/teams/logos/240x240/50050.png","250050","CEL","DOMESTIC_MEN_TEAM_A","","DOMESTIC","Écosse","Celtic","Celtic FC","CEL","487","MINUTE","6","0","3","65.81","KILOMETER","30.9","KILOMETER_PER_HOUR"
"250011791","52758","36","1989-05-31","11","Reus","GER","ATTACKING_MIDFIELDER","MIDFIELDER","MALE","180","./image/250011791.jpg","Marco Reus","MIDFIELDER","11","Reus","47","75","Allemagne","Milieu","Marco","Reus","Marco Reus","Reus","200047","./assoc/200047_GER.svg","./logo/52758.png","UEFA","GER","52758","FAME","B. Dortmund","","https://img.uefa.com/imgml/TP/teams/logos/70x70/52758.png","https://img.uefa.com/imgml/TP/teams/logos/240x240/52758.png","252758","BVB","DOMESTIC_MEN_TEAM_A","","DOMESTIC","Allemagne","B. Dortmund","Borussia Dortmund","BVB","485","MINUTE","13","2","1","65.31","KILOMETER","32","KILOMETER_PER_HOUR"
"250134304","52280","24","2001-06-18","11","Martinelli","BRA","WINGER","FORWARD","MALE","","./image/250134304.jpg","Gabriel Martinelli","FORWARD","26","Martinelli","18","","Brésil","Attaquant","Gabriel","Martinelli","Gabriel Martinelli","Martinelli","200039","./assoc/200039_ENG.svg","./logo/52280.png","UEFA","ENG","52280","FAME","Arsenal","","https://img.uefa.com/imgml/TP/teams/logos/70x70/52280.png","https://img.uefa.com/imgml/TP/teams/logos/240x240/52280.png","252280","ARS","DOMESTIC_MEN_TEAM_A","","DOMESTIC","Angleterre","Arsenal","Arsenal FC","ARS","483","MINUTE","6","2","2","56.96","KILOMETER","33.9","KILOMETER_PER_HOUR"
"250063505","50124","30","1995-01-20","2","J. M. GIMÉNEZ","URU","CENTRE_BACK","DEFENDER","MALE","185","./image/250063505.jpg","José María Giménez","DEFENDER","2","Giménez","138","76","Uruguay","Défenseur","José María","Giménez","José María Giménez","Giménez","200122","./assoc/200122_ESP.svg","./logo/50124.png","UEFA","ESP","50124","FAME","Atleti","","https://img.uefa.com/imgml/TP/teams/logos/70x70/50124.png","https://img.uefa.com/imgml/TP/teams/logos/240x240/50124.png","250124","ATM","DOMESTIC_MEN_TEAM_A","","DOMESTIC","Espagne","Atleti","Atlético de Madrid","ATM","482","MINUTE","7","0","1","54.44","KILOMETER","31.7","KILOMETER_PER_HOUR"
"250024171","52709","33","1992-01-02","7","Claesson","SWE","ATTACKING_MIDFIELDER","MIDFIELDER","MALE","183","./image/250024171.jpg","Viktor Claesson","MIDFIELDER","7","Claesson","127","79","Suède","Milieu","Viktor","Claesson","Viktor Claesson","Claesson","200035","./assoc/200035_DEN.svg","./logo/52709.png","UEFA","DEN","52709","FAME","Copenhagen","","https://img.uefa.com/imgml/TP/teams/logos/70x70/52709.png","https://img.uefa.com/imgml/TP/teams/logos/240x240/52709.png","252709","CPH","DOMESTIC_MEN_TEAM_A","","DOMESTIC","Danemark","Copenhagen","F.C. Copenhagen","CPH","481","MINUTE","7","0","0","71.94","KILOMETER","30.7","KILOMETER_PER_HOUR"
"250153349","50030","21","2004-04-01","10","Oscar","ISR","CENTRAL_MIDFIELDER","MIDFIELDER","MALE","","./image/250153349.jpg","Oscar Gloukh","MIDFIELDER","11","Gloukh","65","","Israël","Milieu","Oscar","Gloukh","Oscar Gloukh","Gloukh","200008","./assoc/200008_AUT.svg","./logo/50030.png","UEFA","AUT","50030","FAME","Salzburg","","https://img.uefa.com/imgml/TP/teams/logos/70x70/50030.png","https://img.uefa.com/imgml/TP/teams/logos/240x240/50030.png","250030","SAL","DOMESTIC_MEN_TEAM_A","","DOMESTIC","Autriche","Salzburg","FC Salzburg","SAL","481","MINUTE","6","2","1","60.67","KILOMETER","31.4","KILOMETER_PER_HOUR"
"250081921","50138","29","1996-03-28","28","Pavard","FRA","","DEFENDER","MALE","","./image/250081921.jpg","Benjamin Pavard","DEFENDER","15","Pavard","43","","France","Défenseur","Benjamin","Pavard","Benjamin Pavard","Pavard","200066","./assoc/200066_ITA.svg","./logo/50138.png","UEFA","ITA","50138","FAME","Inter","","https://img.uefa.com/imgml/TP/teams/logos/70x70/50138.png","https://img.uefa.com/imgml/TP/teams/logos/240x240/50138.png","250138","INT","DOMESTIC_MEN_TEAM_A","","DOMESTIC","Italie","Inter","FC Internazionale Milano","INT","480","MINUTE","5","0","0","60.08","KILOMETER","32.8","KILOMETER_PER_HOUR"
"250115487","52707","24","2001-04-16","14","Sikan","UKR","STRIKER","FORWARD","MALE","","./image/250115487.jpg","Danylo Sikan","FORWARD","14","Sikan","57166","","Ukraine","Attaquant","Danylo","Sikan","Danylo Sikan","Sikan","257166","./assoc/257166_UKR.svg","./logo/52707.png","UEFA","UKR","52707","FAME","Shakhtar","","https://img.uefa.com/imgml/TP/teams/logos/70x70/52707.png","https://img.uefa.com/imgml/TP/teams/logos/240x240/52707.png","252707","SHK","DOMESTIC_MEN_TEAM_A","","DOMESTIC","Ukraine","Shakhtar","FC Shakhtar Donetsk","SHK","479","MINUTE","6","4","1","58.58","KILOMETER","33","KILOMETER_PER_HOUR"
"250121294","50058","27","1998-07-29","4","Reijnders","NED","CENTRAL_MIDFIELDER","MIDFIELDER","MALE","","./image/250121294.jpg","Tijjani Reijnders","MIDFIELDER","14","Reijnders","95","","Pays-Bas","Milieu","Tijjani","Reijnders","Tijjani Reijnders","Reijnders","200066","./assoc/200066_ITA.svg","./logo/50058.png","UEFA","ITA","50058","FAME","Milan","","https://img.uefa.com/imgml/TP/teams/logos/70x70/50058.png","https://img.uefa.com/imgml/TP/teams/logos/240x240/50058.png","250058","MIL","DOMESTIC_MEN_TEAM_A","","DOMESTIC","Italie","Milan","AC Milan","MIL","479","MINUTE","6","0","0","64.06","KILOMETER","32","KILOMETER_PER_HOUR"
"250134138","52747","23","2002-09-02","29","B.BARCOLA","FRA","UNKNOWN","FORWARD","MALE","","./image/250134138.jpg","Bradley Barcola","FORWARD","20","Barcola","43","","France","Attaquant","Bradley","Barcola","Bradley Barcola","Barcola","200043","./assoc/200043_FRA.svg","./logo/52747.png","UEFA","FRA","52747","FAME","Paris","","https://img.uefa.com/imgml/TP/teams/logos/70x70/52747.png","https://img.uefa.com/imgml/TP/teams/logos/240x240/52747.png","252747","PSG","DOMESTIC_MEN_TEAM_A","","DOMESTIC","France","Paris","Paris Saint-Germain","PSG","475","MINUTE","10","1","1","55.28","KILOMETER","34.71","KILOMETER_PER_HOUR"
"250188223","50138","26","1999-01-07","30","Carlos","BRA","UNKNOWN","DEFENDER","MALE","","./image/250188223.jpg","Carlos Augusto","DEFENDER","","CARLOS","","","Brésil","Défenseur","Carlos","Augusto","Carlos Augusto","Augusto","200066","./assoc/200066_ITA.svg","./logo/50138.png","UEFA","ITA","50138","FAME","Inter","","https://img.uefa.com/imgml/TP/teams/logos/70x70/50138.png","https://img.uefa.com/imgml/TP/teams/logos/240x240/50138.png","250138","INT","DOMESTIC_MEN_TEAM_A","","DOMESTIC","Italie","Inter","FC Internazionale Milano","INT","474","MINUTE","7","0","0","59.65","KILOMETER","33.8","KILOMETER_PER_HOUR"
"250147203","50123","28","1997-08-16","3","Aihen","ESP","FULL_BACK","DEFENDER","MALE","","./image/250147203.jpg","Aihen Muñoz","DEFENDER","","Aihen","","","Espagne","Défenseur","Aihen","Muñoz","Aihen Muñoz","Muñoz","200122","./assoc/200122_ESP.svg","./logo/50123.png","UEFA","ESP","50123","FAME","Real Sociedad","","https://img.uefa.com/imgml/TP/teams/logos/70x70/50123.png","https://img.uefa.com/imgml/TP/teams/logos/240x240/50123.png","250123","RSO","DOMESTIC_MEN_TEAM_A","","DOMESTIC","Espagne","Real Sociedad","Real Sociedad de Fútbol","RSO","474","MINUTE","6","0","1","57.85","KILOMETER","32.21","KILOMETER_PER_HOUR"
"250086300","52973","34","1991-08-24","5","Vecino","URU","CENTRAL_MIDFIELDER","MIDFIELDER","MALE","187","./image/250086300.jpg","Matías Vecino","MIDFIELDER","5","Vecino","138","81","Uruguay","Milieu","Matías","Vecino","Matías Vecino","Vecino","200066","./assoc/200066_ITA.svg","./logo/52973.png","UEFA","ITA","52973","FAME","Lazio","","https://img.uefa.com/imgml/TP/teams/logos/70x70/52973.png","https://img.uefa.com/imgml/TP/teams/logos/240x240/52973.png","252973","LAZ","DOMESTIC_MEN_TEAM_A","","DOMESTIC","Italie","Lazio","S.S. Lazio","LAZ","473","MINUTE","6","1","0","63.34","KILOMETER","30.1","KILOMETER_PER_HOUR"
"250146926","52747","26","1998-12-05","39","KOLO MUANI","FRA","UNKNOWN","FORWARD","MALE","","./image/250146926.jpg","Randal Kolo Muani","FORWARD","12","Kolo Muani","43","","France","Attaquant","Randal","Kolo Muani","Randal Kolo Muani","Kolo Muani","200043","./assoc/200043_FRA.svg","./logo/52747.png","UEFA","FRA","52747","FAME","Paris","","https://img.uefa.com/imgml/TP/teams/logos/70x70/52747.png","https://img.uefa.com/imgml/TP/teams/logos/240x240/52747.png","252747","PSG","DOMESTIC_MEN_TEAM_A","","DOMESTIC","France","Paris","Paris Saint-Germain","PSG","472","MINUTE","10","1","0","56.36","KILOMETER","35.21","KILOMETER_PER_HOUR"
"250112880","50080","28","1996-12-14","11","Raphinha","BRA","WINGER","FORWARD","MALE","","./image/250112880.jpg","Raphinha","MIDFIELDER","11","Raphinha","18","","Brésil","Attaquant","","Raphinha","Raphinha","Raphinha","200122","./assoc/200122_ESP.svg","./logo/50080.png","UEFA","ESP","50080","FAME","Barcelona","","https://img.uefa.com/imgml/TP/teams/logos/70x70/50080.png","https://img.uefa.com/imgml/TP/teams/logos/240x240/50080.png","250080","BAR","DOMESTIC_MEN_TEAM_A","","DOMESTIC","Espagne","Barcelona","FC Barcelona","BAR","472","MINUTE","7","3","4","58.68","KILOMETER","34.6","KILOMETER_PER_HOUR"
"250105284","52749","26","1998-12-18","10","Stengs","NED","WINGER","FORWARD","MALE","","./image/250105284.jpg","Calvin Stengs","FORWARD","11","Stengs","95","","Pays-Bas","Attaquant","Calvin","Stengs","Calvin Stengs","Stengs","200095","./assoc/200095_NED.svg","./logo/52749.png","UEFA","NED","52749","FAME","Feyenoord","","https://img.uefa.com/imgml/TP/teams/logos/70x70/52749.png","https://img.uefa.com/imgml/TP/teams/logos/240x240/52749.png","252749","FEY","DOMESTIC_MEN_TEAM_A","","DOMESTIC","Pays-Bas","Feyenoord","Feyenoord","FEY","472","MINUTE","6","1","1","64.89","KILOMETER","34.4","KILOMETER_PER_HOUR"
"250177878","52749","25","1999-11-16","20","Wieffer","NED","UNKNOWN","MIDFIELDER","MALE","","./image/250177878.jpg","Mats Wieffer","MIDFIELDER","20","Wieffer","95","","Pays-Bas","Milieu","Mats","Wieffer","Mats Wieffer","Wieffer","200095","./assoc/200095_NED.svg","./logo/52749.png","UEFA","NED","52749","FAME","Feyenoord","","https://img.uefa.com/imgml/TP/teams/logos/70x70/52749.png","https://img.uefa.com/imgml/TP/teams/logos/240x240/52749.png","252749","FEY","DOMESTIC_MEN_TEAM_A","","DOMESTIC","Pays-Bas","Feyenoord","Feyenoord","FEY","470","MINUTE","6","1","1","65.7","KILOMETER","31.4","KILOMETER_PER_HOUR"
"250066739","50138","28","1997-02-07","23","Barella","ITA","CENTRAL_MIDFIELDER","MIDFIELDER","MALE","","./image/250066739.jpg","Nicolò Barella","MIDFIELDER","18","Barella","66","","Italie","Milieu","Nicolò","Barella","Nicolò Barella","Barella","200066","./assoc/200066_ITA.svg","./logo/50138.png","UEFA","ITA","50138","FAME","Inter","","https://img.uefa.com/imgml/TP/teams/logos/70x70/50138.png","https://img.uefa.com/imgml/TP/teams/logos/240x240/50138.png","250138","INT","DOMESTIC_MEN_TEAM_A","","DOMESTIC","Italie","Inter","FC Internazionale Milano","INT","468","MINUTE","8","0","1","66.02","KILOMETER","33.3","KILOMETER_PER_HOUR"
"250024370","50136","31","1994-05-20","7","Zieliński","POL","ATTACKING_MIDFIELDER","MIDFIELDER","MALE","177","./image/250024370.jpg","Piotr Zieliński","MIDFIELDER","10","Zieliński","109","64","Pologne","Milieu","Piotr","Zieliński","Piotr Zieliński","Zieliński","200066","./assoc/200066_ITA.svg","./logo/50136.png","UEFA","ITA","50136","FAME","Napoli","","https://img.uefa.com/imgml/TP/teams/logos/70x70/50136.png","https://img.uefa.com/imgml/TP/teams/logos/240x240/50136.png","250136","NAP","DOMESTIC_MEN_TEAM_A","","DOMESTIC","Italie","Napoli","SSC Napoli","NAP","468","MINUTE","6","1","1","60.1","KILOMETER","31","KILOMETER_PER_HOUR"
"250186121","52277","34","1990-10-25","7","Sotoca","FRA","UNKNOWN","FORWARD","MALE","","./image/250186121.jpg","Florian Sotoca","FORWARD","","Sotoca","","","France","Attaquant","Florian","Sotoca","Florian Sotoca","Sotoca","200043","./assoc/200043_FRA.svg","./logo/52277.png","UEFA","FRA","52277","FAME","Lens","","https://img.uefa.com/imgml/TP/teams/logos/70x70/52277.png","https://img.uefa.com/imgml/TP/teams/logos/240x240/52277.png","252277","LEN","DOMESTIC_MEN_TEAM_A","","DOMESTIC","France","Lens","RC Lens","LEN","468","MINUTE","6","0","1","58.85","KILOMETER","32.8","KILOMETER_PER_HOUR"
"50327424","50037","26","1999-08-12","4","de Ligt","NED","CENTRE_BACK","DEFENDER","MALE","","https://img.uefa.com/imgml/TP/players/1/2024/324x324/50327424.jpg","Matthijs de Ligt","DEFENDER","15","de Ligt","95","","Pays-Bas","Défenseur","Matthijs","De Ligt","Matthijs de Ligt","De Ligt","200047","./assoc/200047_GER.svg","./logo/50037.png","UEFA","GER","50037","FAME","Bayern München","","https://img.uefa.com/imgml/TP/teams/logos/70x70/50037.png","https://img.uefa.com/imgml/TP/teams/logos/240x240/50037.png","250037","BAY","DOMESTIC_MEN_TEAM_A","","DOMESTIC","Allemagne","Bayern München","FC Bayern München","BAY","467","MINUTE","6","0","1","53.75","KILOMETER","31.4","KILOMETER_PER_HOUR"
"250101727","52749","24","2001-06-17","8","Timber","NED","CENTRAL_MIDFIELDER","MIDFIELDER","MALE","","./image/250101727.jpg","Quinten Timber","MIDFIELDER","12","Q.Timber","95","","Pays-Bas","Milieu","Quinten","Timber","Quinten Timber","Q. Timber","200095","./assoc/200095_NED.svg","./logo/52749.png","UEFA","NED","52749","FAME","Feyenoord","","https://img.uefa.com/imgml/TP/teams/logos/70x70/52749.png","https://img.uefa.com/imgml/TP/teams/logos/240x240/52749.png","252749","FEY","DOMESTIC_MEN_TEAM_A","","DOMESTIC","Pays-Bas","Feyenoord","Feyenoord","FEY","466","MINUTE","6","0","1","59.39","KILOMETER","33","KILOMETER_PER_HOUR"
"250020385","52709","35","1990-09-22","22","Ankersen","DEN","FULL_BACK","DEFENDER","MALE","180","./image/250020385.jpg","Peter Ankersen","DEFENDER","2","Ankersen","35","73","Danemark","Défenseur","Peter","Ankersen","Peter Ankersen","Ankersen","200035","./assoc/200035_DEN.svg","./logo/52709.png","UEFA","DEN","52709","FAME","Copenhagen","","https://img.uefa.com/imgml/TP/teams/logos/70x70/52709.png","https://img.uefa.com/imgml/TP/teams/logos/240x240/52709.png","252709","CPH","DOMESTIC_MEN_TEAM_A","","DOMESTIC","Danemark","Copenhagen","F.C. Copenhagen","CPH","464","MINUTE","7","0","0","60.31","KILOMETER","32","KILOMETER_PER_HOUR"
"250150875","52973","30","1995-06-16","10","Zaccagni","ITA","UNKNOWN","FORWARD","MALE","","./image/250150875.jpg","Mattia Zaccagni","FORWARD","20","Zaccagni","66","","Italie","Attaquant","Mattia","Zaccagni","Mattia Zaccagni","Zaccagni","200066","./assoc/200066_ITA.svg","./logo/52973.png","UEFA","ITA","52973","FAME","Lazio","","https://img.uefa.com/imgml/TP/teams/logos/70x70/52973.png","https://img.uefa.com/imgml/TP/teams/logos/240x240/52973.png","252973","LAZ","DOMESTIC_MEN_TEAM_A","","DOMESTIC","Italie","Lazio","S.S. Lazio","LAZ","464","MINUTE","6","0","0","50.56","KILOMETER","33.3","KILOMETER_PER_HOUR"
"250081628","52682","26","1999-03-18","20","Dalot","POR","FULL_BACK","DEFENDER","MALE","","./image/250081628.jpg","Diogo Dalot","DEFENDER","5","DALOT","110","","Portugal","Défenseur","Diogo","Dalot","Diogo Dalot","Dalot","200039","./assoc/200039_ENG.svg","./logo/52682.png","UEFA","ENG","52682","FAME","Man Utd","","https://img.uefa.com/imgml/TP/teams/logos/70x70/52682.png","https://img.uefa.com/imgml/TP/teams/logos/240x240/52682.png","252682","MUN","DOMESTIC_MEN_TEAM_A","","DOMESTIC","Angleterre","Man Utd","Manchester United","MUN","462","MINUTE","6","0","0","56.53","KILOMETER","32.9","KILOMETER_PER_HOUR"
"250126805","52277","22","2003-01-02","17","Wahi","FRA","UNKNOWN","FORWARD","MALE","","./image/250126805.jpg","Elye Wahi","FORWARD","7","WAHI","200043","","France","Attaquant","Elye","Wahi","Elye Wahi","Wahi","200043","./assoc/200043_FRA.svg","./logo/52277.png","UEFA","FRA","52277","FAME","Lens","","https://img.uefa.com/imgml/TP/teams/logos/70x70/52277.png","https://img.uefa.com/imgml/TP/teams/logos/240x240/52277.png","252277","LEN","DOMESTIC_MEN_TEAM_A","","DOMESTIC","France","Lens","RC Lens","LEN","460","MINUTE","6","2","1","51.93","KILOMETER","34.6","KILOMETER_PER_HOUR"
"250081555","52758","26","1999-01-19","17","Malen","NED","STRIKER","FORWARD","MALE","","./image/250081555.jpg","Donyell Malen","FORWARD","18","Malen","95","","Pays-Bas","Attaquant","Donyell","Malen","Donyell Malen","Malen","200047","./assoc/200047_GER.svg","./logo/52758.png","UEFA","GER","52758","FAME","B. Dortmund","","https://img.uefa.com/imgml/TP/teams/logos/70x70/52758.png","https://img.uefa.com/imgml/TP/teams/logos/240x240/52758.png","252758","BVB","DOMESTIC_MEN_TEAM_A","","DOMESTIC","Allemagne","B. Dortmund","Borussia Dortmund","BVB","459","MINUTE","8","1","0","49.27","KILOMETER","34.1","KILOMETER_PER_HOUR"
"250132987","50136","26","1998-12-29","45","OSIMHEN","NGA","STRIKER","FORWARD","MALE","","./image/250132987.jpg","Victor Osimhen","FORWARD","9","Osimhen","100","","Nigeria","Attaquant","Victor","Osimhen","Victor Osimhen","Osimhen","200066","./assoc/200066_ITA.svg","./logo/50136.png","UEFA","ITA","50136","FAME","Napoli","","https://img.uefa.com/imgml/TP/teams/logos/70x70/50136.png","https://img.uefa.com/imgml/TP/teams/logos/240x240/50136.png","250136","NAP","DOMESTIC_MEN_TEAM_A","","DOMESTIC","Italie","Napoli","SSC Napoli","NAP","459","MINUTE","6","2","1","46.48","KILOMETER","34","KILOMETER_PER_HOUR"
"97744","52714","37","1988-03-10","11","I. RAKITIĆ","CRO","CENTRAL_MIDFIELDER","MIDFIELDER","MALE","184","./image/97744.jpg","Ivan Rakitić","MIDFIELDER","7","I. Rakitić","56370","78","Croatie","Milieu","Ivan","Rakitić","Ivan Rakitić","Rakitić","200122","./assoc/200122_ESP.svg","./logo/52714.png","UEFA","ESP","52714","FAME","Sevilla","","https://img.uefa.com/imgml/TP/teams/logos/70x70/52714.png","https://img.uefa.com/imgml/TP/teams/logos/240x240/52714.png","252714","SEV","DOMESTIC_MEN_TEAM_A","","DOMESTIC","Espagne","Sevilla","Sevilla FC","SEV","459","MINUTE","6","0","3","56.69","KILOMETER","29.1","KILOMETER_PER_HOUR"
"250068805","50138","28","1997-08-06","9","Thuram","FRA","WINGER","FORWARD","MALE","","./image/250068805.jpg","Marcus Thuram","FORWARD","9","M. Thuram","43","","France","Attaquant","Marcus","Thuram","Marcus Thuram","M. Thuram","200066","./assoc/200066_ITA.svg","./logo/50138.png","UEFA","ITA","50138","FAME","Inter","","https://img.uefa.com/imgml/TP/teams/logos/70x70/50138.png","https://img.uefa.com/imgml/TP/teams/logos/240x240/50138.png","250138","INT","DOMESTIC_MEN_TEAM_A","","DOMESTIC","Italie","Inter","FC Internazionale Milano","INT","458","MINUTE","8","1","0","56.12","KILOMETER","34.9","KILOMETER_PER_HOUR"
"250156459","50050","30","1995-01-20","8","Kyogo","JPN","UNKNOWN","MIDFIELDER","MALE","","./image/250156459.jpg","Kyogo Furuhashi","FORWARD","11","Furuhashi","69","","Japon","Milieu","Kyogo","Furuhashi","Kyogo Furuhashi","Furuhashi","200117","./assoc/200117_SCO.svg","./logo/50050.png","UEFA","SCO","50050","FAME","Celtic","","https://img.uefa.com/imgml/TP/teams/logos/70x70/50050.png","https://img.uefa.com/imgml/TP/teams/logos/240x240/50050.png","250050","CEL","DOMESTIC_MEN_TEAM_A","","DOMESTIC","Écosse","Celtic","Celtic FC","CEL","452","MINUTE","6","2","0","48.49","KILOMETER","32.5","KILOMETER_PER_HOUR"
"250187998","50136","24","2001-02-06","4","NATAN","BRA","UNKNOWN","DEFENDER","MALE","","./image/250187998.jpg","Natan","DEFENDER","","NATAN","","","Brésil","Défenseur","","Natan","Natan","Natan","200066","./assoc/200066_ITA.svg","./logo/50136.png","UEFA","ITA","50136","FAME","Napoli","","https://img.uefa.com/imgml/TP/teams/logos/70x70/50136.png","https://img.uefa.com/imgml/TP/teams/logos/240x240/50136.png","250136","NAP","DOMESTIC_MEN_TEAM_A","","DOMESTIC","Italie","Napoli","SSC Napoli","NAP","451","MINUTE","6","0","1","50.99","KILOMETER","33.9","KILOMETER_PER_HOUR"
"250097317","50113","25","1999-11-28","5","Wijndal","NED","UNKNOWN","DEFENDER","MALE","","./image/250097317.jpg","Owen Wijndal","DEFENDER","5","Wijndal","95","","Pays-Bas","Défenseur","Owen","Wijndal","Owen Wijndal","Wijndal","200013","./assoc/200013_BEL.svg","./logo/50113.png","UEFA","BEL","50113","FAME","Antwerp","","https://img.uefa.com/imgml/TP/teams/logos/70x70/50113.png","https://img.uefa.com/imgml/TP/teams/logos/240x240/50113.png","250113","ANT","DOMESTIC_MEN_TEAM_A","","DOMESTIC","Belgique","Antwerp","Royal Antwerp FC","ANT","451","MINUTE","6","0","0","56.92","KILOMETER","31.5","KILOMETER_PER_HOUR"
"93649","52714","39","1986-03-30","4","Sergio Ramos","ESP","CENTRE_BACK","DEFENDER","MALE","183","./image/93649.jpg","Sergio Ramos","DEFENDER","15","Sergio","122","75","Espagne","Défenseur","Sergio","Ramos","Sergio Ramos","Ramos","200122","./assoc/200122_ESP.svg","./logo/52714.png","UEFA","ESP","52714","FAME","Sevilla","","https://img.uefa.com/imgml/TP/teams/logos/70x70/52714.png","https://img.uefa.com/imgml/TP/teams/logos/240x240/52714.png","252714","SEV","DOMESTIC_MEN_TEAM_A","","DOMESTIC","Espagne","Sevilla","Sevilla FC","SEV","450","MINUTE","5","2","1","51.96","KILOMETER","31.3","KILOMETER_PER_HOUR"
"250064444","52707","29","1996-05-02","22","Matviyenko","UKR","CENTRE_BACK","DEFENDER","MALE","181","./image/250064444.jpg","Mykola Matviyenko","DEFENDER","22","Matviyenko","57166","67","Ukraine","Défenseur","Mykola","Matviyenko","Mykola Matviyenko","Matviyenko","257166","./assoc/257166_UKR.svg","./logo/52707.png","UEFA","UKR","52707","FAME","Shakhtar","","https://img.uefa.com/imgml/TP/teams/logos/70x70/52707.png","https://img.uefa.com/imgml/TP/teams/logos/240x240/52707.png","252707","SHK","DOMESTIC_MEN_TEAM_A","","DOMESTIC","Ukraine","Shakhtar","FC Shakhtar Donetsk","SHK","450","MINUTE","5","1","0","55.44","KILOMETER","32.21","KILOMETER_PER_HOUR"
"250122187","50031","28","1997-08-28","5","Camara","GUI","CENTRE_BACK","DEFENDER","MALE","","./image/250122187.jpg","Mohamed Ali Camara","DEFENDER","","CAMARA","52","","Guinée","Défenseur","Mohamed Ali","Camara","Mohamed Ali Camara","Camara","200128","./assoc/200128_SUI.svg","./logo/50031.png","UEFA","SUI","50031","FAME","Young Boys","","https://img.uefa.com/imgml/TP/teams/logos/70x70/50031.png","https://img.uefa.com/imgml/TP/teams/logos/240x240/50031.png","250031","YB","DOMESTIC_MEN_TEAM_A","","DOMESTIC","Suisse","Young Boys","BSC Young Boys","YB","450","MINUTE","5","0","1","51.19","KILOMETER","33","KILOMETER_PER_HOUR"
"250051291","2603790","34","1991-05-02","28","Blaswich","GER","UNKNOWN","GOALKEEPER","MALE","193","./image/250051291.jpg","Janis Blaswich","GOALKEEPER","22","Blaswich","47","","Allemagne","Gardien","Janis","Blaswich","Janis Blaswich","Blaswich","200047","./assoc/200047_GER.svg","./logo/2603790.png","UEFA","GER","2603790","FAME","Leipzig","","https://img.uefa.com/imgml/TP/teams/logos/70x70/2603790.png","https://img.uefa.com/imgml/TP/teams/logos/240x240/2603790.png","250002563","RBL","DOMESTIC_MEN_TEAM_A","","DOMESTIC","Allemagne","Leipzig","RB Leipzig","RBL","450","MINUTE","5","0","1","30.92","KILOMETER","25.9","KILOMETER_PER_HOUR"
"103333","50113","36","1989-03-02","23","Alderweireld","BEL","CENTRE_BACK","DEFENDER","MALE","186","./image/103333.jpg","Toby Alderweireld","DEFENDER","2","Alderweireld","13","81","Belgique","Défenseur","Toby","Alderweireld","Toby Alderweireld","Alderweireld","200013","./assoc/200013_BEL.svg","./logo/50113.png","UEFA","BEL","50113","FAME","Antwerp","","https://img.uefa.com/imgml/TP/teams/logos/70x70/50113.png","https://img.uefa.com/imgml/TP/teams/logos/240x240/50113.png","250113","ANT","DOMESTIC_MEN_TEAM_A","","DOMESTIC","Belgique","Antwerp","Royal Antwerp FC","ANT","450","MINUTE","5","0","0","53.61","KILOMETER","31","KILOMETER_PER_HOUR"
"250028265","59324","31","1993-11-11","6","Lascelles","ENG","","DEFENDER","MALE","","./image/250028265.jpg","Jamaal Lascelles","DEFENDER","5","Lascelles","200039","","Angleterre","Défenseur","Jamaal","Lascelles","Jamaal Lascelles","Lascelles","200039","./assoc/200039_ENG.svg","./logo/59324.png","UEFA","ENG","59324","FAME","Newcastle","","https://img.uefa.com/imgml/TP/teams/logos/70x70/59324.png","https://img.uefa.com/imgml/TP/teams/logos/240x240/59324.png","259324","NEW","DOMESTIC_MEN_TEAM_A","","DOMESTIC","Angleterre","Newcastle","Newcastle United FC","NEW","450","MINUTE","5","0","0","50.39","KILOMETER","34.1","KILOMETER_PER_HOUR"
"250050416","50037","31","1994-01-15","3","DIER","ENG","DEFENSIVE_MIDFIELDER","DEFENDER","MALE","188","./image/250050416.jpg","Eric Dier","DEFENDER","15","Dier","39","88","Angleterre","Défenseur","Eric","Dier","Eric Dier","Dier","200047","./assoc/200047_GER.svg","./logo/50037.png","UEFA","GER","50037","FAME","Bayern München","","https://img.uefa.com/imgml/TP/teams/logos/70x70/50037.png","https://img.uefa.com/imgml/TP/teams/logos/240x240/50037.png","250037","BAY","DOMESTIC_MEN_TEAM_A","","DOMESTIC","Allemagne","Bayern München","FC Bayern München","BAY","450","MINUTE","5","0","0","49.86","KILOMETER","32.21","KILOMETER_PER_HOUR"
"250074004","50113","30","1995-06-08","1","Butez","FRA","GOALKEEPER","GOALKEEPER","MALE","188","./image/250074004.jpg","Jean Butez","GOALKEEPER","","BUTEZ","","","France","Gardien","Jean","Butez","Jean Butez","Butez","200013","./assoc/200013_BEL.svg","./logo/50113.png","UEFA","BEL","50113","FAME","Antwerp","","https://img.uefa.com/imgml/TP/teams/logos/70x70/50113.png","https://img.uefa.com/imgml/TP/teams/logos/240x240/50113.png","250113","ANT","DOMESTIC_MEN_TEAM_A","","DOMESTIC","Belgique","Antwerp","Royal Antwerp FC","ANT","450","MINUTE","5","0","0","33.96","KILOMETER","25.4","KILOMETER_PER_HOUR"
"250118266","59324","33","1992-04-19","1","Pope","ENG","UNKNOWN","GOALKEEPER","MALE","","./image/250118266.jpg","Nick Pope","GOALKEEPER","22","Pope","39","","Angleterre","Gardien","Nick","Pope","Nick Pope","Pope","200039","./assoc/200039_ENG.svg","./logo/59324.png","UEFA","ENG","59324","FAME","Newcastle","","https://img.uefa.com/imgml/TP/teams/logos/70x70/59324.png","https://img.uefa.com/imgml/TP/teams/logos/240x240/59324.png","259324","NEW","DOMESTIC_MEN_TEAM_A","","DOMESTIC","Angleterre","Newcastle","Newcastle United FC","NEW","450","MINUTE","5","0","0","28.39","KILOMETER","23","KILOMETER_PER_HOUR"
"250088003","50031","26","1998-12-31","1","Racioppi","SUI","GOALKEEPER","GOALKEEPER","MALE","","./image/250088003.jpg","Anthony Racioppi","GOALKEEPER","21","Racioppi","128","","Suisse","Gardien","Anthony","Racioppi","Anthony Racioppi","Racioppi","200128","./assoc/200128_SUI.svg","./logo/50031.png","UEFA","SUI","50031","FAME","Young Boys","","https://img.uefa.com/imgml/TP/teams/logos/70x70/50031.png","https://img.uefa.com/imgml/TP/teams/logos/240x240/50031.png","250031","YB","DOMESTIC_MEN_TEAM_A","","DOMESTIC","Suisse","Young Boys","BSC Young Boys","YB","450","MINUTE","5","0","0","27.59","KILOMETER","25.4","KILOMETER_PER_HOUR"
"250054949","50037","29","1996-06-13","11","Coman","FRA","WINGER","FORWARD","MALE","178","./image/250054949.jpg","Kingsley Coman","FORWARD","7","Coman","43","71","France","Attaquant","Kingsley","Coman","Kingsley Coman","Coman","200047","./assoc/200047_GER.svg","./logo/50037.png","UEFA","GER","50037","FAME","Bayern München","","https://img.uefa.com/imgml/TP/teams/logos/70x70/50037.png","https://img.uefa.com/imgml/TP/teams/logos/240x240/50037.png","250037","BAY","DOMESTIC_MEN_TEAM_A","","DOMESTIC","Allemagne","Bayern München","FC Bayern München","BAY","449","MINUTE","7","2","0","52.8","KILOMETER","35.3","KILOMETER_PER_HOUR"
"250088150","50138","26","1999-09-22","16","Frattesi","ITA","UNKNOWN","MIDFIELDER","MALE","","./image/250088150.jpg","Davide Frattesi","MIDFIELDER","17","Frattesi","66","","Italie","Milieu","Davide","Frattesi","Davide Frattesi","Frattesi","200066","./assoc/200066_ITA.svg","./logo/50138.png","UEFA","ITA","50138","FAME","Inter","","https://img.uefa.com/imgml/TP/teams/logos/70x70/50138.png","https://img.uefa.com/imgml/TP/teams/logos/240x240/50138.png","250138","INT","DOMESTIC_MEN_TEAM_A","","DOMESTIC","Italie","Inter","FC Internazionale Milano","INT","449","MINUTE","7","1","1","61.55","KILOMETER","33.4","KILOMETER_PER_HOUR"
"250062606","77977","31","1994-07-05","21","Gosens","GER","FULL_BACK","DEFENDER","MALE","","./image/250062606.jpg","Robin Gosens","MIDFIELDER","21","Gosens","47","","Allemagne","Défenseur","Robin","Gosens","Robin Gosens","Gosens","200047","./assoc/200047_GER.svg","./logo/77977.png","UEFA","GER","77977","FAME","Union Berlin","","https://img.uefa.com/imgml/TP/teams/logos/70x70/77977.png","https://img.uefa.com/imgml/TP/teams/logos/240x240/77977.png","277977","UBE","DOMESTIC_MEN_TEAM_A","","DOMESTIC","Allemagne","Union Berlin","1. FC Union Berlin","UBE","443","MINUTE","6","1","0","61.86","KILOMETER","31.5","KILOMETER_PER_HOUR"
"250089228","50058","26","1999-06-10","10","RAFA LEÃO","POR","STRIKER","FORWARD","MALE","","./image/250089228.jpg","Rafael Leão","FORWARD","17","RAFAEL LEÃO","110","","Portugal","Attaquant","","Rafael Leão","Rafael Leão","Rafael Leão","200066","./assoc/200066_ITA.svg","./logo/50058.png","UEFA","ITA","50058","FAME","Milan","","https://img.uefa.com/imgml/TP/teams/logos/70x70/50058.png","https://img.uefa.com/imgml/TP/teams/logos/240x240/50058.png","250058","MIL","DOMESTIC_MEN_TEAM_A","","DOMESTIC","Italie","Milan","AC Milan","MIL","442","MINUTE","5","1","0","45.5","KILOMETER","35.4","KILOMETER_PER_HOUR"
"250041718","50080","29","1996-04-10","15","Christensen","DEN","CENTRE_BACK","DEFENDER","MALE","188","./image/250041718.jpg","Andreas  Christensen","DEFENDER","6","Christensen","35","74","Danemark","Défenseur","Andreas","Christensen","Andreas  Christensen","Christensen","200122","./assoc/200122_ESP.svg","./logo/50080.png","UEFA","ESP","50080","FAME","Barcelona","","https://img.uefa.com/imgml/TP/teams/logos/70x70/50080.png","https://img.uefa.com/imgml/TP/teams/logos/240x240/50080.png","250080","BAR","DOMESTIC_MEN_TEAM_A","","DOMESTIC","Espagne","Barcelona","FC Barcelona","BAR","440","MINUTE","7","1","0","51.77","KILOMETER","33.1","KILOMETER_PER_HOUR"
"250146674","50067","26","1998-10-21","9","AKTÜRKOĞLU","TUR","UNKNOWN","FORWARD","MALE","","./image/250146674.jpg","Kerem Aktürkoğlu","FORWARD","7","AKTÜRKOĞLU","135","","Turquie","Attaquant","","Kerem Aktürkoğlu","Kerem Aktürkoğlu","Kerem Aktürkoğlu","200135","./assoc/200135_TUR.svg","./logo/50067.png","UEFA","TUR","50067","FAME","Galatasaray","","https://img.uefa.com/imgml/TP/teams/logos/70x70/50067.png","https://img.uefa.com/imgml/TP/teams/logos/240x240/50067.png","250067","GAL","DOMESTIC_MEN_TEAM_A","","DOMESTIC","Turquie","Galatasaray","Galatasaray A.Ş.","GAL","440","MINUTE","6","2","0","56.72","KILOMETER","34","KILOMETER_PER_HOUR"
"250096698","50058","27","1998-09-18","11","PULISIC","USA","UNKNOWN","FORWARD","MALE","172","./image/250096698.jpg","Christian Pulišić","MIDFIELDER","10","Pulisic","140","69","Etats-Unis","Attaquant","Christian","Pulišić","Christian Pulišić","Pulišić","200066","./assoc/200066_ITA.svg","./logo/50058.png","UEFA","ITA","50058","FAME","Milan","","https://img.uefa.com/imgml/TP/teams/logos/70x70/50058.png","https://img.uefa.com/imgml/TP/teams/logos/240x240/50058.png","250058","MIL","DOMESTIC_MEN_TEAM_A","","DOMESTIC","Italie","Milan","AC Milan","MIL","440","MINUTE","6","1","0","55.77","KILOMETER","35","KILOMETER_PER_HOUR"
"250081693","52758","27","1998-01-27","6","Özcan","TUR","ATTACKING_MIDFIELDER","MIDFIELDER","MALE","","./image/250081693.jpg","Salih Özcan","MIDFIELDER","5","ÖZCAN","135","","Turquie","Milieu","","Salih Özcan","Salih Özcan","Salih Özcan","200047","./assoc/200047_GER.svg","./logo/52758.png","UEFA","GER","52758","FAME","B. Dortmund","","https://img.uefa.com/imgml/TP/teams/logos/70x70/52758.png","https://img.uefa.com/imgml/TP/teams/logos/240x240/52758.png","252758","BVB","DOMESTIC_MEN_TEAM_A","","DOMESTIC","Allemagne","B. Dortmund","Borussia Dortmund","BVB","439","MINUTE","9","0","0","54.36","KILOMETER","32.8","KILOMETER_PER_HOUR"
"250117036","59324","24","2001-02-24","10","Gordon","ENG","","FORWARD","MALE","","./image/250117036.jpg","Anthony Gordon","FORWARD","11","Gordon","39","","Angleterre","Attaquant","Anthony","Gordon","Anthony Gordon","Gordon","200039","./assoc/200039_ENG.svg","./logo/59324.png","UEFA","ENG","59324","FAME","Newcastle","","https://img.uefa.com/imgml/TP/teams/logos/70x70/59324.png","https://img.uefa.com/imgml/TP/teams/logos/240x240/59324.png","259324","NEW","DOMESTIC_MEN_TEAM_A","","DOMESTIC","Angleterre","Newcastle","Newcastle United FC","NEW","439","MINUTE","6","0","0","51.36","KILOMETER","35.4","KILOMETER_PER_HOUR"
"250023551","52919","31","1994-05-06","8","Kovačić","CRO","ATTACKING_MIDFIELDER","MIDFIELDER","MALE","178","./image/250023551.jpg","Mateo Kovačić","MIDFIELDER","8","Kovačić","56370","77","Croatie","Milieu","Mateo","Kovačić","Mateo Kovačić","Kovačić","200039","./assoc/200039_ENG.svg","./logo/52919.png","UEFA","ENG","52919","FAME","Man City","","https://img.uefa.com/imgml/TP/teams/logos/70x70/52919.png","https://img.uefa.com/imgml/TP/teams/logos/240x240/52919.png","252919","MCI","DOMESTIC_MEN_TEAM_A","","DOMESTIC","Angleterre","Man City","Manchester City","MCI","434","MINUTE","6","0","0","56.2","KILOMETER","30.8","KILOMETER_PER_HOUR"
"250135392","50147","24","2001-06-30","4","Morato","BRA","CENTRE_BACK","DEFENDER","MALE","","./image/250135392.jpg","Morato","DEFENDER","","Morato","","","Brésil","Défenseur","","Morato","Morato","Morato","200110","./assoc/200110_POR.svg","./logo/50147.png","UEFA","POR","50147","FAME","Benfica","","https://img.uefa.com/imgml/TP/teams/logos/70x70/50147.png","https://img.uefa.com/imgml/TP/teams/logos/240x240/50147.png","250147","BEN","DOMESTIC_MEN_TEAM_A","","DOMESTIC","Portugal","Benfica","SL Benfica","BEN","434","MINUTE","5","0","0","50.1","KILOMETER","31.8","KILOMETER_PER_HOUR"
"250017725","50124","30","1994-11-21","8","SAÚL","ESP","CENTRAL_MIDFIELDER","MIDFIELDER","MALE","180","./image/250017725.jpg","Saúl Ñíguez","MIDFIELDER","8","Saúl","122","70","Espagne","Milieu","","Saúl Ñíguez","Saúl Ñíguez","Saúl Ñíguez","200122","./assoc/200122_ESP.svg","./logo/50124.png","UEFA","ESP","50124","FAME","Atleti","","https://img.uefa.com/imgml/TP/teams/logos/70x70/50124.png","https://img.uefa.com/imgml/TP/teams/logos/240x240/50124.png","250124","ATM","DOMESTIC_MEN_TEAM_A","","DOMESTIC","Espagne","Atleti","Atlético de Madrid","ATM","433","MINUTE","10","1","0","59.05","KILOMETER","30.4","KILOMETER_PER_HOUR"
"250045594","50136","34","1991-06-10","5","Jesus","BRA","CENTRE_BACK","DEFENDER","MALE","185","./image/250045594.jpg","Juan Jesus","DEFENDER","","Nunes Jesus","","76","Brésil","Défenseur","","Juan Jesus","Juan Jesus","Juan Jesus","200066","./assoc/200066_ITA.svg","./logo/50136.png","UEFA","ITA","50136","FAME","Napoli","","https://img.uefa.com/imgml/TP/teams/logos/70x70/50136.png","https://img.uefa.com/imgml/TP/teams/logos/240x240/50136.png","250136","NAP","DOMESTIC_MEN_TEAM_A","","DOMESTIC","Italie","Napoli","SSC Napoli","NAP","430","MINUTE","5","0","0","47.7","KILOMETER","31.5","KILOMETER_PER_HOUR"
"250058044","50058","28","1996-12-06","2","CALABRIA","ITA","FULL_BACK","DEFENDER","MALE","","./image/250058044.jpg","Davide Calabria","DEFENDER","6","Calabria","66","","Italie","Défenseur","Davide","Calabria","Davide Calabria","Calabria","200066","./assoc/200066_ITA.svg","./logo/50058.png","UEFA","ITA","50058","FAME","Milan","","https://img.uefa.com/imgml/TP/teams/logos/70x70/50058.png","https://img.uefa.com/imgml/TP/teams/logos/240x240/50058.png","250058","MIL","DOMESTIC_MEN_TEAM_A","","DOMESTIC","Italie","Milan","AC Milan","MIL","429","MINUTE","6","0","1","50.59","KILOMETER","32.8","KILOMETER_PER_HOUR"
"250064356","50067","28","1997-01-04","3","ANGELINO","ESP","UNKNOWN","DEFENDER","MALE","","./image/250064356.jpg","Angeliño","DEFENDER","","Tasende","200122","","Espagne","Défenseur","","Angeliño","Angeliño","Angeliño","200135","./assoc/200135_TUR.svg","./logo/50067.png","UEFA","TUR","50067","FAME","Galatasaray","","https://img.uefa.com/imgml/TP/teams/logos/70x70/50067.png","https://img.uefa.com/imgml/TP/teams/logos/240x240/50067.png","250067","GAL","DOMESTIC_MEN_TEAM_A","","DOMESTIC","Turquie","Galatasaray","Galatasaray A.Ş.","GAL","428","MINUTE","6","0","0","49.88","KILOMETER","31","KILOMETER_PER_HOUR"
"250064566","50123","30","1995-02-09","11","Becker","SUR","UNKNOWN","FORWARD","MALE","","./image/250064566.jpg","Sheraldo Becker","FORWARD","","Becker","200095","","Suriname","Attaquant","Sheraldo","Becker","Sheraldo Becker","Becker","200122","./assoc/200122_ESP.svg","./logo/50123.png","UEFA","ESP","50123","FAME","Real Sociedad","","https://img.uefa.com/imgml/TP/teams/logos/70x70/50123.png","https://img.uefa.com/imgml/TP/teams/logos/240x240/50123.png","250123","RSO","DOMESTIC_MEN_TEAM_A","","DOMESTIC","Espagne","Real Sociedad","Real Sociedad de Fútbol","RSO","426","MINUTE","6","2","1","52.02","KILOMETER","34.5","KILOMETER_PER_HOUR"
"250003318","50037","36","1989-09-13","25","Müller","GER","WINGER","FORWARD","MALE","186","./image/250003318.jpg","Thomas Müller","FORWARD","13","Müller","47","74","Allemagne","Attaquant","Thomas","Müller","Thomas Müller","Müller","200047","./assoc/200047_GER.svg","./logo/50037.png","UEFA","GER","50037","FAME","Bayern München","","https://img.uefa.com/imgml/TP/teams/logos/70x70/50037.png","https://img.uefa.com/imgml/TP/teams/logos/240x240/50037.png","250037","BAY","DOMESTIC_MEN_TEAM_A","","DOMESTIC","Allemagne","Bayern München","FC Bayern München","BAY","424","MINUTE","9","1","1","55.95","KILOMETER","32.71","KILOMETER_PER_HOUR"
"250145803","52919","27","1998-08-27","27","Matheus N.","POR","UNKNOWN","MIDFIELDER","MALE","","./image/250145803.jpg","Matheus Nunes","MIDFIELDER","15","MATHEUS N.","110","","Portugal","Milieu","","Matheus Nunes","Matheus Nunes","Matheus Nunes","200039","./assoc/200039_ENG.svg","./logo/52919.png","UEFA","ENG","52919","FAME","Man City","","https://img.uefa.com/imgml/TP/teams/logos/70x70/52919.png","https://img.uefa.com/imgml/TP/teams/logos/240x240/52919.png","252919","MCI","DOMESTIC_MEN_TEAM_A","","DOMESTIC","Angleterre","Man City","Manchester City","MCI","424","MINUTE","7","0","1","54.74","KILOMETER","34.6","KILOMETER_PER_HOUR"
"250030823","50062","33","1992-02-16","5","Ramalho Silva","BRA","CENTRAL_MIDFIELDER","DEFENDER","MALE","182","./image/250030823.jpg","André Ramalho","MIDFIELDER","","Ramalho","","78","Brésil","Défenseur","André","Ramalho","André Ramalho","Ramalho","200095","./assoc/200095_NED.svg","./logo/50062.png","UEFA","NED","50062","FAME","PSV","","https://img.uefa.com/imgml/TP/teams/logos/70x70/50062.png","https://img.uefa.com/imgml/TP/teams/logos/240x240/50062.png","250062","PSV","DOMESTIC_MEN_TEAM_A","","DOMESTIC","Pays-Bas","PSV","PSV Eindhoven","PSV","424","MINUTE","6","0","0","52.29","KILOMETER","32","KILOMETER_PER_HOUR"
"250122732","52973","31","1993-11-29","29","Lazzari","ITA","CENTRAL_MIDFIELDER","DEFENDER","MALE","","./image/250122732.jpg","Manuel Lazzari","DEFENDER","2","Lazzari","66","","Italie","Défenseur","Manuel","Lazzari","Manuel Lazzari","Lazzari","200066","./assoc/200066_ITA.svg","./logo/52973.png","UEFA","ITA","52973","FAME","Lazio","","https://img.uefa.com/imgml/TP/teams/logos/70x70/52973.png","https://img.uefa.com/imgml/TP/teams/logos/240x240/52973.png","252973","LAZ","DOMESTIC_MEN_TEAM_A","","DOMESTIC","Italie","Lazio","S.S. Lazio","LAZ","423","MINUTE","7","0","0","51.27","KILOMETER","33","KILOMETER_PER_HOUR"
"250052957","50138","37","1988-02-10","15","Acerbi","ITA","CENTRE_BACK","DEFENDER","MALE","193","./image/250052957.jpg","Francesco Acerbi","DEFENDER","15","Acerbi","66","87","Italie","Défenseur","Francesco","Acerbi","Francesco Acerbi","Acerbi","200066","./assoc/200066_ITA.svg","./logo/50138.png","UEFA","ITA","50138","FAME","Inter","","https://img.uefa.com/imgml/TP/teams/logos/70x70/50138.png","https://img.uefa.com/imgml/TP/teams/logos/240x240/50138.png","250138","INT","DOMESTIC_MEN_TEAM_A","","DOMESTIC","Italie","Inter","FC Internazionale Milano","INT","421","MINUTE","6","0","1","51.95","KILOMETER","30.5","KILOMETER_PER_HOUR"
"250136465","52747","23","2002-06-19","25","N.MENDES","POR","FULL_BACK","DEFENDER","MALE","","./image/250136465.jpg","Nuno Mendes","DEFENDER","19","N. MENDES","110","","Portugal","Défenseur","","Nuno Mendes","Nuno Mendes","Nuno Mendes","200043","./assoc/200043_FRA.svg","./logo/52747.png","UEFA","FRA","52747","FAME","Paris","","https://img.uefa.com/imgml/TP/teams/logos/70x70/52747.png","https://img.uefa.com/imgml/TP/teams/logos/240x240/52747.png","252747","PSG","DOMESTIC_MEN_TEAM_A","","DOMESTIC","France","Paris","Paris Saint-Germain","PSG","421","MINUTE","5","0","0","44.9","KILOMETER","37.21","KILOMETER_PER_HOUR"
"1906511","50069","34","1991-04-02","23","Rodić","SRB","FULL_BACK","DEFENDER","MALE","185","./image/1906511.jpg","Milan Rodić","DEFENDER","5","Rodić","147","","Serbie","Défenseur","Milan","Rodić","Milan Rodić","Rodić","200147","./assoc/200147_SRB.svg","./logo/50069.png","UEFA","SRB","50069","FAME","Crvena Zvezda","","https://img.uefa.com/imgml/TP/teams/logos/70x70/50069.png","https://img.uefa.com/imgml/TP/teams/logos/240x240/50069.png","250069","ZVE","DOMESTIC_MEN_TEAM_A","","DOMESTIC","Serbie","Crvena Zvezda","FK Crvena Zvezda","ZVE","417","MINUTE","6","0","0","49.19","KILOMETER","32.6","KILOMETER_PER_HOUR"
"74699","50051","40","1985-09-09","10","MODRIĆ","CRO","CENTRAL_MIDFIELDER","MIDFIELDER","MALE","174","./image/74699.jpg","Luka Modrić","MIDFIELDER","10","Modrić","56370","65","Croatie","Milieu","Luka","Modrić","Luka Modrić","Modrić","200122","./assoc/200122_ESP.svg","./logo/50051.png","UEFA","ESP","50051","FAME","Real Madrid","","https://img.uefa.com/imgml/TP/teams/logos/70x70/50051.png","https://img.uefa.com/imgml/TP/teams/logos/240x240/50051.png","250051","RMA","DOMESTIC_MEN_TEAM_A","","DOMESTIC","Espagne","Real Madrid","Real Madrid C.F.","RMA","416","MINUTE","11","0","0","53.3","KILOMETER","31.6","KILOMETER_PER_HOUR"
"1905153","50147","37","1988-02-14","11","Di Maria","ARG","UNKNOWN","FORWARD","MALE","180","./image/1905153.jpg","Ángel Di María","FORWARD","11","Di María","6","75","Argentine","Attaquant","Ángel","Di María","Ángel Di María","Di María","200110","./assoc/200110_POR.svg","./logo/50147.png","UEFA","POR","50147","FAME","Benfica","","https://img.uefa.com/imgml/TP/teams/logos/70x70/50147.png","https://img.uefa.com/imgml/TP/teams/logos/240x240/50147.png","250147","BEN","DOMESTIC_MEN_TEAM_A","","DOMESTIC","Portugal","Benfica","SL Benfica","BEN","416","MINUTE","5","1","1","47.47","KILOMETER","30.7","KILOMETER_PER_HOUR"
"250078379","77977","30","1995-08-16","18","Juranovic","CRO","UNKNOWN","DEFENDER","MALE","","./image/250078379.jpg","Josip Juranović","DEFENDER","22","Juranović","56370","","Croatie","Défenseur","Josip","Juranović","Josip Juranović","Juranović","200047","./assoc/200047_GER.svg","./logo/77977.png","UEFA","GER","77977","FAME","Union Berlin","","https://img.uefa.com/imgml/TP/teams/logos/70x70/77977.png","https://img.uefa.com/imgml/TP/teams/logos/240x240/77977.png","277977","UBE","DOMESTIC_MEN_TEAM_A","","DOMESTIC","Allemagne","Union Berlin","1. FC Union Berlin","UBE","416","MINUTE","5","0","0","50.34","KILOMETER","32.4","KILOMETER_PER_HOUR"
"1907998","50124","34","1991-01-08","15","SAVIC","MNE","CENTRE_BACK","DEFENDER","MALE","186","./image/1907998.jpg","Stefan Savić","DEFENDER","15","Savić","92853","73","Monténégro","Défenseur","Stefan","Savić","Stefan Savić","Savić","200122","./assoc/200122_ESP.svg","./logo/50124.png","UEFA","ESP","50124","FAME","Atleti","","https://img.uefa.com/imgml/TP/teams/logos/70x70/50124.png","https://img.uefa.com/imgml/TP/teams/logos/240x240/50124.png","250124","ATM","DOMESTIC_MEN_TEAM_A","","DOMESTIC","Espagne","Atleti","Atlético de Madrid","ATM","414","MINUTE","6","0","0","51.8","KILOMETER","33.1","KILOMETER_PER_HOUR"
"250109224","59324","31","1994-02-10","24","Almiron","PAR","UNKNOWN","MIDFIELDER","MALE","","./image/250109224.jpg","Miguel Almirón","MIDFIELDER","","Almirón","106","","Paraguay","Milieu","Miguel","Almirón","Miguel Almirón","Almirón","200039","./assoc/200039_ENG.svg","./logo/59324.png","UEFA","ENG","59324","FAME","Newcastle","","https://img.uefa.com/imgml/TP/teams/logos/70x70/59324.png","https://img.uefa.com/imgml/TP/teams/logos/240x240/59324.png","259324","NEW","DOMESTIC_MEN_TEAM_A","","DOMESTIC","Angleterre","Newcastle","Newcastle United FC","NEW","413","MINUTE","6","1","1","50.68","KILOMETER","33.71","KILOMETER_PER_HOUR"
"250085434","50113","31","1994-06-15","18","Janssen","NED","STRIKER","FORWARD","MALE","180","./image/250085434.jpg","Vincent Janssen","FORWARD","9","Janssen","95","79","Pays-Bas","Attaquant","Vincent","Janssen","Vincent Janssen","Janssen","200013","./assoc/200013_BEL.svg","./logo/50113.png","UEFA","BEL","50113","FAME","Antwerp","","https://img.uefa.com/imgml/TP/teams/logos/70x70/50113.png","https://img.uefa.com/imgml/TP/teams/logos/240x240/50113.png","250113","ANT","DOMESTIC_MEN_TEAM_A","","DOMESTIC","Belgique","Antwerp","Royal Antwerp FC","ANT","411","MINUTE","6","1","0","50.33","KILOMETER","32.3","KILOMETER_PER_HOUR"
"250013469","2603790","33","1991-10-23","10","Forsberg","SWE","WINGER","FORWARD","MALE","179","./image/250013469.jpg","Emil Forsberg","MIDFIELDER","10","Forsberg","127","78","Suède","Attaquant","Emil","Forsberg","Emil Forsberg","Forsberg","200047","./assoc/200047_GER.svg","./logo/2603790.png","UEFA","GER","2603790","FAME","Leipzig","","https://img.uefa.com/imgml/TP/teams/logos/70x70/2603790.png","https://img.uefa.com/imgml/TP/teams/logos/240x240/2603790.png","250002563","RBL","DOMESTIC_MEN_TEAM_A","","DOMESTIC","Allemagne","Leipzig","RB Leipzig","RBL","411","MINUTE","6","1","0","49.19","KILOMETER","31.7","KILOMETER_PER_HOUR"
"250111123","50113","26","1999-05-20","25","BATALLIE","BEL","","DEFENDER","MALE","","./image/250111123.jpg","Jelle Bataille","DEFENDER","17","Bataille","200013","","Belgique","Défenseur","Jelle","Bataille","Jelle Bataille","Bataille","200013","./assoc/200013_BEL.svg","./logo/50113.png","UEFA","BEL","50113","FAME","Antwerp","","https://img.uefa.com/imgml/TP/teams/logos/70x70/50113.png","https://img.uefa.com/imgml/TP/teams/logos/240x240/50113.png","250113","ANT","DOMESTIC_MEN_TEAM_A","","DOMESTIC","Belgique","Antwerp","Royal Antwerp FC","ANT","409","MINUTE","6","0","1","51.13","KILOMETER","34.1","KILOMETER_PER_HOUR"
"250139025","52336","26","1999-08-16","11","A. Djaló","GNB","WINGER","FORWARD","MALE","","./image/250139025.jpg","Álvaro Djaló","MIDFIELDER","","A. Djaló","","","Guinée-Bissau","Attaquant","","Álvaro Djaló","Álvaro Djaló","Álvaro Djaló","200110","./assoc/200110_POR.svg","./logo/52336.png","UEFA","POR","52336","FAME","Braga","","https://img.uefa.com/imgml/TP/teams/logos/70x70/52336.png","https://img.uefa.com/imgml/TP/teams/logos/240x240/52336.png","252336","BRA","DOMESTIC_MEN_TEAM_A","","DOMESTIC","Portugal","Braga","SC Braga","BRA","409","MINUTE","5","2","0","46.27","KILOMETER","34.4","KILOMETER_PER_HOUR"
"250193442","52747","21","2003-11-24","4","BERALDO","BRA","UNKNOWN","DEFENDER","MALE","","./image/250193442.jpg","Lucas Beraldo","DEFENDER","25","Beraldo","18","","Brésil","Défenseur","","Lucas Beraldo","Lucas Beraldo","Lucas Beraldo","200043","./assoc/200043_FRA.svg","./logo/52747.png","UEFA","FRA","52747","FAME","Paris","","https://img.uefa.com/imgml/TP/teams/logos/70x70/52747.png","https://img.uefa.com/imgml/TP/teams/logos/240x240/52747.png","252747","PSG","DOMESTIC_MEN_TEAM_A","","DOMESTIC","France","Paris","Paris Saint-Germain","PSG","408","MINUTE","5","0","0","45.59","KILOMETER","33.71","KILOMETER_PER_HOUR"
"250106649","52280","28","1997-04-03","9","G.JESUS","BRA","STRIKER","FORWARD","MALE","","./image/250106649.jpg","Gabriel Jesus","FORWARD","18","G. Jesus","18","","Brésil","Attaquant","Gabriel","Jesus","Gabriel Jesus","Jesus","200039","./assoc/200039_ENG.svg","./logo/52280.png","UEFA","ENG","52280","FAME","Arsenal","","https://img.uefa.com/imgml/TP/teams/logos/70x70/52280.png","https://img.uefa.com/imgml/TP/teams/logos/240x240/52280.png","252280","ARS","DOMESTIC_MEN_TEAM_A","","DOMESTIC","Angleterre","Arsenal","Arsenal FC","ARS","407","MINUTE","8","4","3","49.45","KILOMETER","32.3","KILOMETER_PER_HOUR"
"250019346","50031","33","1992-01-07","23","BENITO","SUI","FULL_BACK","DEFENDER","MALE","184","./image/250019346.jpg","Loris Benito","DEFENDER","3","Benito","128","80","Suisse","Défenseur","Loris","Benito","Loris Benito","Benito","200128","./assoc/200128_SUI.svg","./logo/50031.png","UEFA","SUI","50031","FAME","Young Boys","","https://img.uefa.com/imgml/TP/teams/logos/70x70/50031.png","https://img.uefa.com/imgml/TP/teams/logos/240x240/50031.png","250031","YB","DOMESTIC_MEN_TEAM_A","","DOMESTIC","Suisse","Young Boys","BSC Young Boys","YB","407","MINUTE","5","0","1","50.61","KILOMETER","34.71","KILOMETER_PER_HOUR"
"103806","50138","35","1989-12-02","36","Darmian","ITA","FULL_BACK","DEFENDER","MALE","182","./image/103806.jpg","Matteo Darmian","DEFENDER","13","Darmian","66","70","Italie","Défenseur","Matteo","Darmian","Matteo Darmian","Darmian","200066","./assoc/200066_ITA.svg","./logo/50138.png","UEFA","ITA","50138","FAME","Inter","","https://img.uefa.com/imgml/TP/teams/logos/70x70/50138.png","https://img.uefa.com/imgml/TP/teams/logos/240x240/50138.png","250138","INT","DOMESTIC_MEN_TEAM_A","","DOMESTIC","Italie","Inter","FC Internazionale Milano","INT","405","MINUTE","7","0","0","50.59","KILOMETER","32.1","KILOMETER_PER_HOUR"
"250127111","2603790","22","2003-05-31","30","Šeško","SVN","UNKNOWN","FORWARD","MALE","","./image/250127111.jpg","Benjamin Šeško","FORWARD","11","Šeško","57163","","Slovénie","Attaquant","Benjamin","Šeško","Benjamin Šeško","Šeško","200047","./assoc/200047_GER.svg","./logo/2603790.png","UEFA","GER","2603790","FAME","Leipzig","","https://img.uefa.com/imgml/TP/teams/logos/70x70/2603790.png","https://img.uefa.com/imgml/TP/teams/logos/240x240/2603790.png","250002563","RBL","DOMESTIC_MEN_TEAM_A","","DOMESTIC","Allemagne","Leipzig","RB Leipzig","RBL","403","MINUTE","8","2","0","55.89","KILOMETER","34","KILOMETER_PER_HOUR"
"250045867","50067","32","1992-11-10","12","Zaha","CIV","UNKNOWN","FORWARD","MALE","180","./image/250045867.jpg","Wilfried Zaha","MIDFIELDER","15","Zaha","67","","Côte d'Ivoire","Attaquant","Wilfried","Zaha","Wilfried Zaha","Zaha","200135","./assoc/200135_TUR.svg","./logo/50067.png","UEFA","TUR","50067","FAME","Galatasaray","","https://img.uefa.com/imgml/TP/teams/logos/70x70/50067.png","https://img.uefa.com/imgml/TP/teams/logos/240x240/50067.png","250067","GAL","DOMESTIC_MEN_TEAM_A","","DOMESTIC","Turquie","Galatasaray","Galatasaray A.Ş.","GAL","401","MINUTE","6","1","1","45.99","KILOMETER","34.21","KILOMETER_PER_HOUR"
"250177886","52749","25","2000-06-28","14","Paixão","BRA","UNKNOWN","FORWARD","MALE","","./image/250177886.jpg","Igor Paixão","FORWARD","","Paixão","","","Brésil","Attaquant","Igor","Paixão","Igor Paixão","Paixão","200095","./assoc/200095_NED.svg","./logo/52749.png","UEFA","NED","52749","FAME","Feyenoord","","https://img.uefa.com/imgml/TP/teams/logos/70x70/52749.png","https://img.uefa.com/imgml/TP/teams/logos/240x240/52749.png","252749","FEY","DOMESTIC_MEN_TEAM_A","","DOMESTIC","Pays-Bas","Feyenoord","Feyenoord","FEY","401","MINUTE","6","0","0","51.8","KILOMETER","33.3","KILOMETER_PER_HOUR"
"250128398","50030","22","2003-08-05","29","Gourna.D","FRA","UNKNOWN","MIDFIELDER","MALE","","./image/250128398.jpg","Lucas Gourna-Douath","MIDFIELDER","6","GOURNA","200043","","France","Milieu","Lucas","Gourna-Douath","Lucas Gourna-Douath","Gourna-Douath","200008","./assoc/200008_AUT.svg","./logo/50030.png","UEFA","AUT","50030","FAME","Salzburg","","https://img.uefa.com/imgml/TP/teams/logos/70x70/50030.png","https://img.uefa.com/imgml/TP/teams/logos/240x240/50030.png","250030","SAL","DOMESTIC_MEN_TEAM_A","","DOMESTIC","Autriche","Salzburg","FC Salzburg","SAL","400","MINUTE","5","0","0","50.1","KILOMETER","32.21","KILOMETER_PER_HOUR"
"250128806","50123","23","2001-12-27","7","Barrene","ESP","WINGER","FORWARD","MALE","","./image/250128806.jpg","Ander Barrenetxea","FORWARD","11","BARRENE","200122","","Espagne","Attaquant","Ander","Barrenetxea","Ander Barrenetxea","Barrenetxea","200122","./assoc/200122_ESP.svg","./logo/50123.png","UEFA","ESP","50123","FAME","Real Sociedad","","https://img.uefa.com/imgml/TP/teams/logos/70x70/50123.png","https://img.uefa.com/imgml/TP/teams/logos/240x240/50123.png","250123","RSO","DOMESTIC_MEN_TEAM_A","","DOMESTIC","Espagne","Real Sociedad","Real Sociedad de Fútbol","RSO","399","MINUTE","7","1","1","48.41","KILOMETER","32.6","KILOMETER_PER_HOUR"
"250187727","52336","26","1999-08-12","10","Zalazar","URU","UNKNOWN","MIDFIELDER","MALE","","./image/250187727.jpg","Rodrigo Zalazar","MIDFIELDER","","Zalazar","","","Uruguay","Milieu","Rodrigo","Zalazar","Rodrigo Zalazar","Zalazar","200110","./assoc/200110_POR.svg","./logo/52336.png","UEFA","POR","52336","FAME","Braga","","https://img.uefa.com/imgml/TP/teams/logos/70x70/52336.png","https://img.uefa.com/imgml/TP/teams/logos/240x240/52336.png","252336","BRA","DOMESTIC_MEN_TEAM_A","","DOMESTIC","Portugal","Braga","SC Braga","BRA","397","MINUTE","6","0","1","51.68","KILOMETER","32.8","KILOMETER_PER_HOUR"
"250041781","52758","30","1995-09-03","25","Süle","GER","UNKNOWN","DEFENDER","MALE","","./image/250041781.jpg","Niklas Süle","DEFENDER","15","Süle","47","","Allemagne","Défenseur","Niklas","Süle","Niklas Süle","Süle","200047","./assoc/200047_GER.svg","./logo/52758.png","UEFA","GER","52758","FAME","B. Dortmund","","https://img.uefa.com/imgml/TP/teams/logos/70x70/52758.png","https://img.uefa.com/imgml/TP/teams/logos/240x240/52758.png","252758","BVB","DOMESTIC_MEN_TEAM_A","","DOMESTIC","Allemagne","B. Dortmund","Borussia Dortmund","BVB","395","MINUTE","6","0","0","44.99","KILOMETER","32.9","KILOMETER_PER_HOUR"
"50327423","50080","28","1997-05-12","21","F. de Jong","NED","CENTRAL_MIDFIELDER","MIDFIELDER","MALE","178","https://img.uefa.com/imgml/TP/players/1/2024/324x324/50327423.jpg","Frenkie de Jong","MIDFIELDER","21","F. de Jong","95","68","Pays-Bas","Milieu","Frenkie","de Jong","Frenkie de Jong","De Jong","200122","./assoc/200122_ESP.svg","./logo/50080.png","UEFA","ESP","50080","FAME","Barcelona","","https://img.uefa.com/imgml/TP/teams/logos/70x70/50080.png","https://img.uefa.com/imgml/TP/teams/logos/240x240/50080.png","250080","BAR","DOMESTIC_MEN_TEAM_A","","DOMESTIC","Espagne","Barcelona","FC Barcelona","BAR","395","MINUTE","5","0","0","51.19","KILOMETER","31.4","KILOMETER_PER_HOUR"
"250161762","52747","24","2001-04-11","25","Ugarte","URU","UNKNOWN","MIDFIELDER","MALE","","./image/250161762.jpg","Manuel Ugarte","MIDFIELDER","25","Ugarte","138","","Uruguay","Milieu","Manuel","Ugarte","Manuel Ugarte","Ugarte","200043","./assoc/200043_FRA.svg","./logo/52747.png","UEFA","FRA","52747","FAME","Paris","","https://img.uefa.com/imgml/TP/teams/logos/70x70/52747.png","https://img.uefa.com/imgml/TP/teams/logos/240x240/52747.png","252747","PSG","DOMESTIC_MEN_TEAM_A","","DOMESTIC","France","Paris","Paris Saint-Germain","PSG","392","MINUTE","8","0","0","52.3","KILOMETER","31.6","KILOMETER_PER_HOUR"
"250127293","50030","23","2002-09-08","24","Sučić","CRO","CENTRAL_MIDFIELDER","MIDFIELDER","MALE","","./image/250127293.jpg","Luka Sučić","MIDFIELDER","21","Sučić","56370","","Croatie","Milieu","Luka","Sučić","Luka Sučić","L. Sučić","200008","./assoc/200008_AUT.svg","./logo/50030.png","UEFA","AUT","50030","FAME","Salzburg","","https://img.uefa.com/imgml/TP/teams/logos/70x70/50030.png","https://img.uefa.com/imgml/TP/teams/logos/240x240/50030.png","250030","SAL","DOMESTIC_MEN_TEAM_A","","DOMESTIC","Autriche","Salzburg","FC Salzburg","SAL","391","MINUTE","6","1","0","51.74","KILOMETER","30.4","KILOMETER_PER_HOUR"
"250112978","52707","25","2000-10-06","8","Kryskiv","UKR","","MIDFIELDER","MALE","","./image/250112978.jpg","Dmytro Kryskiv","MIDFIELDER","15","Kryskiv","57166","","Ukraine","Milieu","Dmytro","Kryskiv","Dmytro Kryskiv","Kryskiv","257166","./assoc/257166_UKR.svg","./logo/52707.png","UEFA","UKR","52707","FAME","Shakhtar","","https://img.uefa.com/imgml/TP/teams/logos/70x70/52707.png","https://img.uefa.com/imgml/TP/teams/logos/240x240/52707.png","252707","SHK","DOMESTIC_MEN_TEAM_A","","DOMESTIC","Ukraine","Shakhtar","FC Shakhtar Donetsk","SHK","391","MINUTE","5","0","0","49.69","KILOMETER","31.5","KILOMETER_PER_HOUR"
"250118065","52336","26","1999-07-10","4","Niakaté","MLI","","DEFENDER","MALE","","./image/250118065.jpg","Sikou Niakaté","DEFENDER","3","Niakaté","300043","","Mali","Défenseur","Sikou","Niakaté","Sikou Niakaté","Niakaté","200110","./assoc/200110_POR.svg","./logo/52336.png","UEFA","POR","52336","FAME","Braga","","https://img.uefa.com/imgml/TP/teams/logos/70x70/52336.png","https://img.uefa.com/imgml/TP/teams/logos/240x240/52336.png","252336","BRA","DOMESTIC_MEN_TEAM_A","","DOMESTIC","Portugal","Braga","SC Braga","BRA","390","MINUTE","5","1","0","37.85","KILOMETER","32.8","KILOMETER_PER_HOUR"
"250066156","50037","31","1993-12-22","22","Guerreiro","POR","FULL_BACK","DEFENDER","MALE","170","./image/250066156.jpg","Raphaël Guerreiro","DEFENDER","5","Raphael","110","67","Portugal","Défenseur","Raphaël","Guerreiro","Raphaël Guerreiro","Guerreiro","200047","./assoc/200047_GER.svg","./logo/50037.png","UEFA","GER","50037","FAME","Bayern München","","https://img.uefa.com/imgml/TP/teams/logos/70x70/50037.png","https://img.uefa.com/imgml/TP/teams/logos/240x240/50037.png","250037","BAY","DOMESTIC_MEN_TEAM_A","","DOMESTIC","Allemagne","Bayern München","FC Bayern München","BAY","388","MINUTE","7","0","2","50.58","KILOMETER","30","KILOMETER_PER_HOUR"
"250177964","52280","26","1998-11-05","18","Tomiyasu","JPN","UNKNOWN","DEFENDER","MALE","","./image/250177964.jpg","Takehiro Tomiyasu","DEFENDER","16","Tomiyasu","69","","Japon","Défenseur","Takehiro","Tomiyasu","Takehiro Tomiyasu","Tomiyasu","200039","./assoc/200039_ENG.svg","./logo/52280.png","UEFA","ENG","52280","FAME","Arsenal","","https://img.uefa.com/imgml/TP/teams/logos/70x70/52280.png","https://img.uefa.com/imgml/TP/teams/logos/240x240/52280.png","252280","ARS","DOMESTIC_MEN_TEAM_A","","DOMESTIC","Angleterre","Arsenal","Arsenal FC","ARS","388","MINUTE","6","0","1","48.09","KILOMETER","32.5","KILOMETER_PER_HOUR"
"250074376","50064","32","1993-07-20","18","Wendell","BRA","FULL_BACK","DEFENDER","MALE","176","./image/250074376.jpg","Wendell","DEFENDER","6","Wendell","18","71","Brésil","Défenseur","","Wendell","Wendell","Wendell","200110","./assoc/200110_POR.svg","./logo/50064.png","UEFA","POR","50064","FAME","Porto","","https://img.uefa.com/imgml/TP/teams/logos/70x70/50064.png","https://img.uefa.com/imgml/TP/teams/logos/240x240/50064.png","250064","POR","DOMESTIC_MEN_TEAM_A","","DOMESTIC","Portugal","Porto","FC Porto","POR","388","MINUTE","5","0","0","44.14","KILOMETER","34.1","KILOMETER_PER_HOUR"
"250121978","50113","24","2001-05-10","10","Balikwisha","BEL","STRIKER","FORWARD","MALE","","./image/250121978.jpg","Michel-Ange Balikwisha","FORWARD","10","Balikwisha","13","","Belgique","Attaquant","Michel-Ange","Balikwisha","Michel-Ange Balikwisha","Balikwisha","200013","./assoc/200013_BEL.svg","./logo/50113.png","UEFA","BEL","50113","FAME","Antwerp","","https://img.uefa.com/imgml/TP/teams/logos/70x70/50113.png","https://img.uefa.com/imgml/TP/teams/logos/240x240/50113.png","250113","ANT","DOMESTIC_MEN_TEAM_A","","DOMESTIC","Belgique","Antwerp","Royal Antwerp FC","ANT","385","MINUTE","5","1","0","44.77","KILOMETER","33.6","KILOMETER_PER_HOUR"
"250023940","50067","30","1994-11-10","23","KAAN AYHAN","TUR","CENTRE_BACK","DEFENDER","MALE","185","./image/250023940.jpg","Kaan Ayhan","DEFENDER","22","KAAN","135","84","Turquie","Défenseur","","Kaan Ayhan","Kaan Ayhan","Kaan Ayhan","200135","./assoc/200135_TUR.svg","./logo/50067.png","UEFA","TUR","50067","FAME","Galatasaray","","https://img.uefa.com/imgml/TP/teams/logos/70x70/50067.png","https://img.uefa.com/imgml/TP/teams/logos/240x240/50067.png","250067","GAL","DOMESTIC_MEN_TEAM_A","","DOMESTIC","Turquie","Galatasaray","Galatasaray A.Ş.","GAL","384","MINUTE","5","0","0","45.37","KILOMETER","31.9","KILOMETER_PER_HOUR"
"250105681","52280","25","2000-02-15","4","Kiwior","POL","UNKNOWN","DEFENDER","MALE","","./image/250105681.jpg","Jakub Kiwior","DEFENDER","14","Kiwior","109","","Pologne","Défenseur","Jakub","Kiwior","Jakub Kiwior","Kiwior","200039","./assoc/200039_ENG.svg","./logo/52280.png","UEFA","ENG","52280","FAME","Arsenal","","https://img.uefa.com/imgml/TP/teams/logos/70x70/52280.png","https://img.uefa.com/imgml/TP/teams/logos/240x240/52280.png","252280","ARS","DOMESTIC_MEN_TEAM_A","","DOMESTIC","Angleterre","Arsenal","Arsenal FC","ARS","383","MINUTE","7","0","0","49.31","KILOMETER","33.4","KILOMETER_PER_HOUR"
"250027008","52919","30","1995-02-18","6","Aké","NED","UNKNOWN","DEFENDER","MALE","180","./image/250027008.jpg","Nathan Aké","DEFENDER","5","Ake","95","75","Pays-Bas","Défenseur","Nathan","Aké","Nathan Aké","Aké","200039","./assoc/200039_ENG.svg","./logo/52919.png","UEFA","ENG","52919","FAME","Man City","","https://img.uefa.com/imgml/TP/teams/logos/70x70/52919.png","https://img.uefa.com/imgml/TP/teams/logos/240x240/52919.png","252919","MCI","DOMESTIC_MEN_TEAM_A","","DOMESTIC","Angleterre","Man City","Manchester City","MCI","382","MINUTE","7","0","0","46.09","KILOMETER","32.3","KILOMETER_PER_HOUR"
"250088240","52682","28","1996-12-08","8","McTominay","SCO","DEFENSIVE_MIDFIELDER","FORWARD","MALE","","./image/250088240.jpg","Scott McTominay","MIDFIELDER","4","McTominay","117","","Écosse","Attaquant","Scott","McTominay","Scott McTominay","McTominay","200039","./assoc/200039_ENG.svg","./logo/52682.png","UEFA","ENG","52682","FAME","Man Utd","","https://img.uefa.com/imgml/TP/teams/logos/70x70/52682.png","https://img.uefa.com/imgml/TP/teams/logos/240x240/52682.png","252682","MUN","DOMESTIC_MEN_TEAM_A","","DOMESTIC","Angleterre","Man Utd","Manchester United","MUN","381","MINUTE","5","1","1","53.49","KILOMETER","32.5","KILOMETER_PER_HOUR"
"250144506","50113","25","2000-07-20","8","Yusuf","NGA","UNKNOWN","MIDFIELDER","MALE","","./image/250144506.jpg","Alhassan Yusuf ","MIDFIELDER","","Yusuf","","","Nigeria","Milieu","","Alhassan Yussuf","Alhassan Yusuf ","Alhassan Yussuf","200013","./assoc/200013_BEL.svg","./logo/50113.png","UEFA","BEL","50113","FAME","Antwerp","","https://img.uefa.com/imgml/TP/teams/logos/70x70/50113.png","https://img.uefa.com/imgml/TP/teams/logos/240x240/50113.png","250113","ANT","DOMESTIC_MEN_TEAM_A","","DOMESTIC","Belgique","Antwerp","Royal Antwerp FC","ANT","380","MINUTE","6","1","1","54.68","KILOMETER","32.71","KILOMETER_PER_HOUR"
"250106789","50062","30","1995-07-30","27","H. LOZANO","MEX","WINGER","FORWARD","MALE","","./image/250106789.jpg","Hirving Lozano","FORWARD","22","H. Lozano","91","","Mexique","Attaquant","Hirving","Lozano","Hirving Lozano","Lozano","200095","./assoc/200095_NED.svg","./logo/50062.png","UEFA","NED","50062","FAME","PSV","","https://img.uefa.com/imgml/TP/teams/logos/70x70/50062.png","https://img.uefa.com/imgml/TP/teams/logos/240x240/50062.png","250062","PSV","DOMESTIC_MEN_TEAM_A","","DOMESTIC","Pays-Bas","PSV","PSV Eindhoven","PSV","378","MINUTE","7","0","0","40.39","KILOMETER","33.71","KILOMETER_PER_HOUR"
"250088320","50080","25","2000-02-29","7","Ferran","ESP","WINGER","FORWARD","MALE","","./image/250088320.jpg","Ferran Torres","FORWARD","11","FERRAN","122","","Espagne","Attaquant","","Ferran Torres","Ferran Torres","Ferran Torres","200122","./assoc/200122_ESP.svg","./logo/50080.png","UEFA","ESP","50080","FAME","Barcelona","","https://img.uefa.com/imgml/TP/teams/logos/70x70/50080.png","https://img.uefa.com/imgml/TP/teams/logos/240x240/50080.png","250080","BAR","DOMESTIC_MEN_TEAM_A","","DOMESTIC","Espagne","Barcelona","FC Barcelona","BAR","376","MINUTE","8","3","1","50.16","KILOMETER","33.4","KILOMETER_PER_HOUR"
"250052849","50069","32","1993-09-13","4","Ivanić","MNE","ATTACKING_MIDFIELDER","MIDFIELDER","MALE","","./image/250052849.jpg","Mirko Ivanić","MIDFIELDER","20","Ivanić","92853","","Monténégro","Milieu","Mirko","Ivanić","Mirko Ivanić","Ivanić","200147","./assoc/200147_SRB.svg","./logo/50069.png","UEFA","SRB","50069","FAME","Crvena Zvezda","","https://img.uefa.com/imgml/TP/teams/logos/70x70/50069.png","https://img.uefa.com/imgml/TP/teams/logos/240x240/50069.png","250069","ZVE","DOMESTIC_MEN_TEAM_A","","DOMESTIC","Serbie","Crvena Zvezda","FK Crvena Zvezda","ZVE","376","MINUTE","5","0","1","46.77","KILOMETER","32.4","KILOMETER_PER_HOUR"
"250119677","52758","30","1995-04-16","5","Bensebaini","ALG","CENTRE_BACK","DEFENDER","MALE","","./image/250119677.jpg","Ramy Bensebaini","DEFENDER","21","Bensebaini","3","","Algérie","Défenseur","Ramy","Bensebaini","Ramy Bensebaini","Bensebaini","200047","./assoc/200047_GER.svg","./logo/52758.png","UEFA","GER","52758","FAME","B. Dortmund","","https://img.uefa.com/imgml/TP/teams/logos/70x70/52758.png","https://img.uefa.com/imgml/TP/teams/logos/240x240/52758.png","252758","BVB","DOMESTIC_MEN_TEAM_A","","DOMESTIC","Allemagne","B. Dortmund","Borussia Dortmund","BVB","374","MINUTE","5","0","0","42.2","KILOMETER","33.4","KILOMETER_PER_HOUR"
"250040521","50051","34","1991-07-01","21","Lucas V.","ESP","STRIKER","DEFENDER","MALE","173","./image/250040521.jpg","Lucas Vázquez","MIDFIELDER","19","Lucas V.","122","70","Espagne","Défenseur","","Lucas Vázquez","Lucas Vázquez","Lucas Vázquez","200122","./assoc/200122_ESP.svg","./logo/50051.png","UEFA","ESP","50051","FAME","Real Madrid","","https://img.uefa.com/imgml/TP/teams/logos/70x70/50051.png","https://img.uefa.com/imgml/TP/teams/logos/240x240/50051.png","250051","RMA","DOMESTIC_MEN_TEAM_A","","DOMESTIC","Espagne","Real Madrid","Real Madrid C.F.","RMA","373","MINUTE","9","0","1","50.04","KILOMETER","32.21","KILOMETER_PER_HOUR"
"250065420","52714","28","1997-02-06","18","Sow","SUI","CENTRAL_MIDFIELDER","MIDFIELDER","MALE","","./image/250065420.jpg","Djibril Sow","MIDFIELDER","15","Sow","128","","Suisse","Milieu","Djibril","Sow","Djibril Sow","Sow","200122","./assoc/200122_ESP.svg","./logo/52714.png","UEFA","ESP","52714","FAME","Sevilla","","https://img.uefa.com/imgml/TP/teams/logos/70x70/52714.png","https://img.uefa.com/imgml/TP/teams/logos/240x240/52714.png","252714","SEV","DOMESTIC_MEN_TEAM_A","","DOMESTIC","Espagne","Sevilla","Sevilla FC","SEV","372","MINUTE","6","0","0","49.02","KILOMETER","33","KILOMETER_PER_HOUR"
"250007197","52277","33","1992-06-23","26","Mendy","SEN","DEFENSIVE_MIDFIELDER","MIDFIELDER","MALE","168","./image/250007197.jpg","Nampalys Mendy","MIDFIELDER","6","Mendy","118","68","Sénégal","Milieu","Nampalys","Mendy","Nampalys Mendy","N. Mendy","200043","./assoc/200043_FRA.svg","./logo/52277.png","UEFA","FRA","52277","FAME","Lens","","https://img.uefa.com/imgml/TP/teams/logos/70x70/52277.png","https://img.uefa.com/imgml/TP/teams/logos/240x240/52277.png","252277","LEN","DOMESTIC_MEN_TEAM_A","","DOMESTIC","France","Lens","RC Lens","LEN","371","MINUTE","6","0","0","44.47","KILOMETER","29.6","KILOMETER_PER_HOUR"
"250014115","52336","30","1994-10-24","27","Bruma","POR","ATTACKING_MIDFIELDER","FORWARD","MALE","173","./image/250014115.jpg","Bruma","FORWARD","17","Bruma","110","","Portugal","Attaquant","","Bruma","Bruma","Bruma","200110","./assoc/200110_POR.svg","./logo/52336.png","UEFA","POR","52336","FAME","Braga","","https://img.uefa.com/imgml/TP/teams/logos/70x70/52336.png","https://img.uefa.com/imgml/TP/teams/logos/240x240/52336.png","252336","BRA","DOMESTIC_MEN_TEAM_A","","DOMESTIC","Portugal","Braga","SC Braga","BRA","371","MINUTE","5","2","1","42.83","KILOMETER","31.3","KILOMETER_PER_HOUR"
"250110954","52277","32","1993-09-02","3","Machado","COL","UNKNOWN","DEFENDER","MALE","","./image/250110954.jpg","Deiver Machado","DEFENDER","","Machado","29","","Colombie","Défenseur","Deiver","Machado","Deiver Machado","Machado","200043","./assoc/200043_FRA.svg","./logo/52277.png","UEFA","FRA","52277","FAME","Lens","","https://img.uefa.com/imgml/TP/teams/logos/70x70/52277.png","https://img.uefa.com/imgml/TP/teams/logos/240x240/52277.png","252277","LEN","DOMESTIC_MEN_TEAM_A","","DOMESTIC","France","Lens","RC Lens","LEN","371","MINUTE","5","0","0","44.84","KILOMETER","32.71","KILOMETER_PER_HOUR"
"250065837","52973","32","1993-04-17","4","Patric","ESP","FULL_BACK","DEFENDER","MALE","","./image/250065837.jpg","Patric","DEFENDER","","Patric","","","Espagne","Défenseur","","Patric","Patric","Patric","200066","./assoc/200066_ITA.svg","./logo/52973.png","UEFA","ITA","52973","FAME","Lazio","","https://img.uefa.com/imgml/TP/teams/logos/70x70/52973.png","https://img.uefa.com/imgml/TP/teams/logos/240x240/52973.png","252973","LAZ","DOMESTIC_MEN_TEAM_A","","DOMESTIC","Italie","Lazio","S.S. Lazio","LAZ","369","MINUTE","5","0","0","44.33","KILOMETER","32.3","KILOMETER_PER_HOUR"
"250101463","50080","25","1999-11-10","14","JOÃO FÈLIX","POR","STRIKER","FORWARD","MALE","","./image/250101463.jpg","João Félix","FORWARD","11","JOÃO FÉLIX","110","","Portugal","Attaquant","","João Félix","João Félix","João Félix","200122","./assoc/200122_ESP.svg","./logo/50080.png","UEFA","ESP","50080","FAME","Barcelona","","https://img.uefa.com/imgml/TP/teams/logos/70x70/50080.png","https://img.uefa.com/imgml/TP/teams/logos/240x240/50080.png","250080","BAR","DOMESTIC_MEN_TEAM_A","","DOMESTIC","Espagne","Barcelona","FC Barcelona","BAR","368","MINUTE","9","3","1","48.43","KILOMETER","33.4","KILOMETER_PER_HOUR"
"250123978","50058","24","2001-08-08","12","Thiaw","GER","UNKNOWN","DEFENDER","MALE","","./image/250123978.jpg","Malick Thiaw","DEFENDER","3","Thiaw","47","","Allemagne","Défenseur","Malick","Thiaw","Malick Thiaw","Thiaw","200066","./assoc/200066_ITA.svg","./logo/50058.png","UEFA","ITA","50058","FAME","Milan","","https://img.uefa.com/imgml/TP/teams/logos/70x70/50058.png","https://img.uefa.com/imgml/TP/teams/logos/240x240/50058.png","250058","MIL","DOMESTIC_MEN_TEAM_A","","DOMESTIC","Italie","Milan","AC Milan","MIL","368","MINUTE","5","0","0","41.71","KILOMETER","32.3","KILOMETER_PER_HOUR"
"250056189","50138","27","1997-11-10","32","Dimarco","ITA","UNKNOWN","DEFENDER","MALE","174","./image/250056189.jpg","Federico Dimarco","DEFENDER","3","Dimarco","66","","Italie","Défenseur","Federico","Dimarco","Federico Dimarco","Dimarco","200066","./assoc/200066_ITA.svg","./logo/50138.png","UEFA","ITA","50138","FAME","Inter","","https://img.uefa.com/imgml/TP/teams/logos/70x70/50138.png","https://img.uefa.com/imgml/TP/teams/logos/240x240/50138.png","250138","INT","DOMESTIC_MEN_TEAM_A","","DOMESTIC","Italie","Inter","FC Internazionale Milano","INT","365","MINUTE","7","1","0","45.66","KILOMETER","32","KILOMETER_PER_HOUR"
"250187238","50069","29","1996-01-23","9","Ndiaye","SEN","UNKNOWN","FORWARD","MALE","","./image/250187238.jpg","Cherif Ndiaye","FORWARD","","CHERIF","118","","Sénégal","Attaquant","Cherif","Ndiaye","Cherif Ndiaye","C. Ndiaye","200147","./assoc/200147_SRB.svg","./logo/50069.png","UEFA","SRB","50069","FAME","Crvena Zvezda","","https://img.uefa.com/imgml/TP/teams/logos/70x70/50069.png","https://img.uefa.com/imgml/TP/teams/logos/240x240/50069.png","250069","ZVE","DOMESTIC_MEN_TEAM_A","","DOMESTIC","Serbie","Crvena Zvezda","FK Crvena Zvezda","ZVE","360","MINUTE","6","1","0","43.62","KILOMETER","34","KILOMETER_PER_HOUR"
"250099374","50067","29","1996-06-12","6","SANCHEZ","COL","CENTRE_BACK","DEFENDER","MALE","187","./image/250099374.jpg","Davinson Sánchez","DEFENDER","","Sanchez","29","79","Colombie","Défenseur","Davinson","Sánchez","Davinson Sánchez","Sánchez","200135","./assoc/200135_TUR.svg","./logo/50067.png","UEFA","TUR","50067","FAME","Galatasaray","","https://img.uefa.com/imgml/TP/teams/logos/70x70/50067.png","https://img.uefa.com/imgml/TP/teams/logos/240x240/50067.png","250067","GAL","DOMESTIC_MEN_TEAM_A","","DOMESTIC","Turquie","Galatasaray","Galatasaray A.Ş.","GAL","360","MINUTE","4","0","2","43.45","KILOMETER","33.1","KILOMETER_PER_HOUR"
"250117455","50064","26","1999-07-19","16","David Carmo","ANG","CENTRE_BACK","DEFENDER","MALE","","./image/250117455.jpg","David Carmo","DEFENDER","5","David Carmo","110","","Angola","Défenseur","","David Carmo","David Carmo","David Carmo","200110","./assoc/200110_POR.svg","./logo/50064.png","UEFA","POR","50064","FAME","Porto","","https://img.uefa.com/imgml/TP/teams/logos/70x70/50064.png","https://img.uefa.com/imgml/TP/teams/logos/240x240/50064.png","250064","POR","DOMESTIC_MEN_TEAM_A","","DOMESTIC","Portugal","Porto","FC Porto","POR","360","MINUTE","4","0","0","43.14","KILOMETER","31.8","KILOMETER_PER_HOUR"
"250087118","52707","26","1999-02-27","5","Bondar","UKR","CENTRE_BACK","DEFENDER","MALE","","./image/250087118.jpg","Valeriy Bondar","DEFENDER","5","Bondar","57166","","Ukraine","Défenseur","Valeriy","Bondar","Valeriy Bondar","Bondar","257166","./assoc/257166_UKR.svg","./logo/52707.png","UEFA","UKR","52707","FAME","Shakhtar","","https://img.uefa.com/imgml/TP/teams/logos/70x70/52707.png","https://img.uefa.com/imgml/TP/teams/logos/240x240/52707.png","252707","SHK","DOMESTIC_MEN_TEAM_A","","DOMESTIC","Ukraine","Shakhtar","FC Shakhtar Donetsk","SHK","360","MINUTE","4","0","0","41.25","KILOMETER","32","KILOMETER_PER_HOUR"
"101788","52336","41","1983-12-22","6","FONTE","POR","CENTRE_BACK","DEFENDER","MALE","187","./image/101788.jpg","José Fonte","DEFENDER","6","Fonte","110","81","Portugal","Défenseur","José","Fonte","José Fonte","Fonte","200110","./assoc/200110_POR.svg","./logo/52336.png","UEFA","POR","52336","FAME","Braga","","https://img.uefa.com/imgml/TP/teams/logos/70x70/52336.png","https://img.uefa.com/imgml/TP/teams/logos/240x240/52336.png","252336","BRA","DOMESTIC_MEN_TEAM_A","","DOMESTIC","Portugal","Braga","SC Braga","BRA","360","MINUTE","4","0","0","37.73","KILOMETER","30","KILOMETER_PER_HOUR"
"250069830","52749","27","1998-01-22","1","Bijlow","NED","GOALKEEPER","GOALKEEPER","MALE","","./image/250069830.jpg","Justin Bijlow","GOALKEEPER","13","Bijlow","95","","Pays-Bas","Gardien","Justin","Bijlow","Justin Bijlow","Bijlow","200095","./assoc/200095_NED.svg","./logo/52749.png","UEFA","NED","52749","FAME","Feyenoord","","https://img.uefa.com/imgml/TP/teams/logos/70x70/52749.png","https://img.uefa.com/imgml/TP/teams/logos/240x240/52749.png","252749","FEY","DOMESTIC_MEN_TEAM_A","","DOMESTIC","Pays-Bas","Feyenoord","Feyenoord","FEY","360","MINUTE","4","0","0","26.75","KILOMETER","29.3","KILOMETER_PER_HOUR"
"250005610","52714","33","1992-01-24","1","Dmitrović","SRB","UNKNOWN","GOALKEEPER","MALE","","./image/250005610.jpg","Marko Dmitrović","GOALKEEPER","1","Dmitrović","147","","Serbie","Gardien","Marko","Dmitrović","Marko Dmitrović","Dmitrović","200122","./assoc/200122_ESP.svg","./logo/52714.png","UEFA","ESP","52714","FAME","Sevilla","","https://img.uefa.com/imgml/TP/teams/logos/70x70/52714.png","https://img.uefa.com/imgml/TP/teams/logos/240x240/52714.png","252714","SEV","DOMESTIC_MEN_TEAM_A","","DOMESTIC","Espagne","Sevilla","Sevilla FC","SEV","360","MINUTE","4","0","0","25.2","KILOMETER","24.9","KILOMETER_PER_HOUR"
"250039900","50051","31","1994-10-03","13","Arrizabalaga","ESP","GOALKEEPER","GOALKEEPER","MALE","186","./image/250039900.jpg","Kepa Arrizabalaga","GOALKEEPER","1","Arrizabalaga","122","85","Espagne","Gardien","Kepa","Arrizabalaga","Kepa Arrizabalaga","Arrizabalaga","200122","./assoc/200122_ESP.svg","./logo/50051.png","UEFA","ESP","50051","FAME","Real Madrid","","https://img.uefa.com/imgml/TP/teams/logos/70x70/50051.png","https://img.uefa.com/imgml/TP/teams/logos/240x240/50051.png","250051","RMA","DOMESTIC_MEN_TEAM_A","","DOMESTIC","Espagne","Real Madrid","Real Madrid C.F.","RMA","360","MINUTE","4","0","0","20.66","KILOMETER","23.3","KILOMETER_PER_HOUR"
"250109524","50113","26","1998-11-29","7","Muja","ALB","UNKNOWN","FORWARD","MALE","","./image/250109524.jpg","Arbnor Muja","FORWARD","16","Muja","2","","Albanie","Attaquant","Arbnor","Muja","Arbnor Muja","Muja","200013","./assoc/200013_BEL.svg","./logo/50113.png","UEFA","BEL","50113","FAME","Antwerp","","https://img.uefa.com/imgml/TP/teams/logos/70x70/50113.png","https://img.uefa.com/imgml/TP/teams/logos/240x240/50113.png","250113","ANT","DOMESTIC_MEN_TEAM_A","","DOMESTIC","Belgique","Antwerp","Royal Antwerp FC","ANT","359","MINUTE","5","1","0","43.74","KILOMETER","32.8","KILOMETER_PER_HOUR"
"250090993","77977","31","1994-04-02","19","Haberer","GER","UNKNOWN","MIDFIELDER","MALE","","./image/250090993.jpg","Janik Haberer","FORWARD","19","Haberer","200047","","Allemagne","Milieu","Janik","Haberer","Janik Haberer","Haberer","200047","./assoc/200047_GER.svg","./logo/77977.png","UEFA","GER","77977","FAME","Union Berlin","","https://img.uefa.com/imgml/TP/teams/logos/70x70/77977.png","https://img.uefa.com/imgml/TP/teams/logos/240x240/77977.png","277977","UBE","DOMESTIC_MEN_TEAM_A","","DOMESTIC","Allemagne","Union Berlin","1. FC Union Berlin","UBE","358","MINUTE","5","0","0","49.59","KILOMETER","31.4","KILOMETER_PER_HOUR"
"250174849","52749","27","1998-05-26","6","Zerrouki","ALG","UNKNOWN","MIDFIELDER","MALE","","./image/250174849.jpg","Ramiz Zerrouki","MIDFIELDER","6","Zerrouki","3","","Algérie","Milieu","Ramiz","Zerrouki","Ramiz Zerrouki","Zerrouki","200095","./assoc/200095_NED.svg","./logo/52749.png","UEFA","NED","52749","FAME","Feyenoord","","https://img.uefa.com/imgml/TP/teams/logos/70x70/52749.png","https://img.uefa.com/imgml/TP/teams/logos/240x240/52749.png","252749","FEY","DOMESTIC_MEN_TEAM_A","","DOMESTIC","Pays-Bas","Feyenoord","Feyenoord","FEY","355","MINUTE","5","1","0","47.96","KILOMETER","31.1","KILOMETER_PER_HOUR"
"250186147","59324","27","1997-10-30","36","Longstaff","ENG","UNKNOWN","MIDFIELDER","MALE","","./image/250186147.jpg","Sean Longstaff","MIDFIELDER","","Longstaff","","","Angleterre","Milieu","Sean","Longstaff","Sean Longstaff","Longstaff","200039","./assoc/200039_ENG.svg","./logo/59324.png","UEFA","ENG","59324","FAME","Newcastle","","https://img.uefa.com/imgml/TP/teams/logos/70x70/59324.png","https://img.uefa.com/imgml/TP/teams/logos/240x240/59324.png","259324","NEW","DOMESTIC_MEN_TEAM_A","","DOMESTIC","Angleterre","Newcastle","Newcastle United FC","NEW","354","MINUTE","5","1","0","47","KILOMETER","32.71","KILOMETER_PER_HOUR"
"250058260","2603790","29","1996-06-03","16","Klostermann","GER","FULL_BACK","DEFENDER","MALE","","./image/250058260.jpg","Lukas Klostermann","DEFENDER","16","Klostermann","47","","Allemagne","Défenseur","Lukas","Klostermann","Lukas Klostermann","Klostermann","200047","./assoc/200047_GER.svg","./logo/2603790.png","UEFA","GER","2603790","FAME","Leipzig","","https://img.uefa.com/imgml/TP/teams/logos/70x70/2603790.png","https://img.uefa.com/imgml/TP/teams/logos/240x240/2603790.png","250002563","RBL","DOMESTIC_MEN_TEAM_A","","DOMESTIC","Allemagne","Leipzig","RB Leipzig","RBL","353","MINUTE","6","0","0","41.37","KILOMETER","33.6","KILOMETER_PER_HOUR"
"250117511","50058","22","2002-11-29","6","Musah","USA","","MIDFIELDER","MALE","","./image/250117511.jpg","Yunus Musah","MIDFIELDER","6","Musah","140","","Etats-Unis","Milieu","Yunus","Musah","Yunus Musah","Musah","200066","./assoc/200066_ITA.svg","./logo/50058.png","UEFA","ITA","50058","FAME","Milan","","https://img.uefa.com/imgml/TP/teams/logos/70x70/50058.png","https://img.uefa.com/imgml/TP/teams/logos/240x240/50058.png","250058","MIL","DOMESTIC_MEN_TEAM_A","","DOMESTIC","Italie","Milan","AC Milan","MIL","352","MINUTE","5","0","0","46.52","KILOMETER","34.21","KILOMETER_PER_HOUR"
"250125051","52973","25","2000-08-29","34","Gila","ESP","UNKNOWN","DEFENDER","MALE","","./image/250125051.jpg","Mario Gila","DEFENDER","15","MARIO GILA","200122","","Espagne","Défenseur","","Mario Gila","Mario Gila","Mario Gila","200066","./assoc/200066_ITA.svg","./logo/52973.png","UEFA","ITA","52973","FAME","Lazio","","https://img.uefa.com/imgml/TP/teams/logos/70x70/52973.png","https://img.uefa.com/imgml/TP/teams/logos/240x240/52973.png","252973","LAZ","DOMESTIC_MEN_TEAM_A","","DOMESTIC","Italie","Lazio","S.S. Lazio","LAZ","351","MINUTE","4","0","0","40.97","KILOMETER","34.71","KILOMETER_PER_HOUR"
"250177879","52749","24","2001-04-18","7","GIMENEZ","MEX","UNKNOWN","FORWARD","MALE","","./image/250177879.jpg","Santiago Giménez","FORWARD","","Gimenez","","","Mexique","Attaquant","Santiago","Giménez","Santiago Giménez","Giménez","200095","./assoc/200095_NED.svg","./logo/52749.png","UEFA","NED","52749","FAME","Feyenoord","","https://img.uefa.com/imgml/TP/teams/logos/70x70/52749.png","https://img.uefa.com/imgml/TP/teams/logos/240x240/52749.png","252749","FEY","DOMESTIC_MEN_TEAM_A","","DOMESTIC","Pays-Bas","Feyenoord","Feyenoord","FEY","348","MINUTE","4","2","1","41.96","KILOMETER","31.6","KILOMETER_PER_HOUR"
"250112224","52758","25","2000-10-10","8","Nmecha","GER","","MIDFIELDER","MALE","","./image/250112224.jpg","Felix Nmecha","MIDFIELDER","13","Nmecha","47","","Allemagne","Milieu","Felix","Nmecha","Felix Nmecha","Nmecha","200047","./assoc/200047_GER.svg","./logo/52758.png","UEFA","GER","52758","FAME","B. Dortmund","","https://img.uefa.com/imgml/TP/teams/logos/70x70/52758.png","https://img.uefa.com/imgml/TP/teams/logos/240x240/52758.png","252758","BVB","DOMESTIC_MEN_TEAM_A","","DOMESTIC","Allemagne","B. Dortmund","Borussia Dortmund","BVB","347","MINUTE","8","1","0","46.25","KILOMETER","35.1","KILOMETER_PER_HOUR"
"250067936","52714","31","1994-07-11","5","L. Ocampos","ARG","WINGER","FORWARD","MALE","187","./image/250067936.jpg","Lucas Ocampos","MIDFIELDER","","L. Ocampos","6","","Argentine","Attaquant","Lucas","Ocampos","Lucas Ocampos","Ocampos","200122","./assoc/200122_ESP.svg","./logo/52714.png","UEFA","ESP","52714","FAME","Sevilla","","https://img.uefa.com/imgml/TP/teams/logos/70x70/52714.png","https://img.uefa.com/imgml/TP/teams/logos/240x240/52714.png","252714","SEV","DOMESTIC_MEN_TEAM_A","","DOMESTIC","Espagne","Sevilla","Sevilla FC","SEV","347","MINUTE","5","1","0","36.16","KILOMETER","32.5","KILOMETER_PER_HOUR"
"1906768","50080","34","1991-09-24","14","Oriol Romeu","ESP","DEFENSIVE_MIDFIELDER","MIDFIELDER","MALE","183","./image/1906768.jpg","Oriol Romeu","MIDFIELDER","6","Oriol","200122","75","Espagne","Milieu","","Oriol Romeu","Oriol Romeu","Oriol Romeu","200122","./assoc/200122_ESP.svg","./logo/50080.png","UEFA","ESP","50080","FAME","Barcelona","","https://img.uefa.com/imgml/TP/teams/logos/70x70/50080.png","https://img.uefa.com/imgml/TP/teams/logos/240x240/50080.png","250080","BAR","DOMESTIC_MEN_TEAM_A","","DOMESTIC","Espagne","Barcelona","FC Barcelona","BAR","344","MINUTE","7","0","0","47.82","KILOMETER","30.1","KILOMETER_PER_HOUR"
"250008930","52707","36","1989-08-03","44","RAKITSKYI","UKR","CENTRE_BACK","DEFENDER","MALE","180","./image/250008930.jpg","Yaroslav Rakitskyy","DEFENDER","20","RAKITSKYI","57166","70","Ukraine","Défenseur","Yaroslav","Rakitskyy","Yaroslav Rakitskyy","Rakitskyy","257166","./assoc/257166_UKR.svg","./logo/52707.png","UEFA","UKR","52707","FAME","Shakhtar","","https://img.uefa.com/imgml/TP/teams/logos/70x70/52707.png","https://img.uefa.com/imgml/TP/teams/logos/240x240/52707.png","252707","SHK","DOMESTIC_MEN_TEAM_A","","DOMESTIC","Ukraine","Shakhtar","FC Shakhtar Donetsk","SHK","344","MINUTE","5","1","0","37.56","KILOMETER","29","KILOMETER_PER_HOUR"
"250023520","52973","31","1994-02-02","23","Hysaj","ALB","FULL_BACK","DEFENDER","MALE","182","./image/250023520.jpg","Elseid Hysaj","DEFENDER","4","Hysaj","2","70","Albanie","Défenseur","Elseid","Hysaj","Elseid Hysaj","Hysaj","200066","./assoc/200066_ITA.svg","./logo/52973.png","UEFA","ITA","52973","FAME","Lazio","","https://img.uefa.com/imgml/TP/teams/logos/70x70/52973.png","https://img.uefa.com/imgml/TP/teams/logos/240x240/52973.png","252973","LAZ","DOMESTIC_MEN_TEAM_A","","DOMESTIC","Italie","Lazio","S.S. Lazio","LAZ","343","MINUTE","5","0","0","38.52","KILOMETER","32.8","KILOMETER_PER_HOUR"
"250121584","52747","24","2001-02-19","19","KANG IN","KOR","STRIKER","MIDFIELDER","MALE","","./image/250121584.jpg","Kang-in Lee","MIDFIELDER","18","KANG IN","74","","République de Corée","Milieu","Kang-in","Lee","Kang-in Lee","Lee","200043","./assoc/200043_FRA.svg","./logo/52747.png","UEFA","FRA","52747","FAME","Paris","","https://img.uefa.com/imgml/TP/teams/logos/70x70/52747.png","https://img.uefa.com/imgml/TP/teams/logos/240x240/52747.png","252747","PSG","DOMESTIC_MEN_TEAM_A","","DOMESTIC","France","Paris","Paris Saint-Germain","PSG","342","MINUTE","9","1","1","43.93","KILOMETER","30","KILOMETER_PER_HOUR"
"250064233","52919","31","1994-05-28","5","Stones","ENG","CENTRE_BACK","DEFENDER","MALE","188","./image/250064233.jpg","John Stones","DEFENDER","5","Stones","39","70","Angleterre","Défenseur","John","Stones","John Stones","Stones","200039","./assoc/200039_ENG.svg","./logo/52919.png","UEFA","ENG","52919","FAME","Man City","","https://img.uefa.com/imgml/TP/teams/logos/70x70/52919.png","https://img.uefa.com/imgml/TP/teams/logos/240x240/52919.png","252919","MCI","DOMESTIC_MEN_TEAM_A","","DOMESTIC","Angleterre","Man City","Manchester City","MCI","341","MINUTE","6","0","1","40.6","KILOMETER","31.8","KILOMETER_PER_HOUR"
"250129734","50030","22","2003-09-10","23","Simic","CRO","UNKNOWN","FORWARD","MALE","","./image/250129734.jpg","Roko Šimić","FORWARD","9","Simic","256370","","Croatie","Attaquant","Roko","Šimić","Roko Šimić","Šimić","200008","./assoc/200008_AUT.svg","./logo/50030.png","UEFA","AUT","50030","FAME","Salzburg","","https://img.uefa.com/imgml/TP/teams/logos/70x70/50030.png","https://img.uefa.com/imgml/TP/teams/logos/240x240/50030.png","250030","SAL","DOMESTIC_MEN_TEAM_A","","DOMESTIC","Autriche","Salzburg","FC Salzburg","SAL","340","MINUTE","6","1","1","43.13","KILOMETER","32.4","KILOMETER_PER_HOUR"
"250177907","52336","29","1996-08-13","23","Banza","CGO","UNKNOWN","FORWARD","MALE","","./image/250177907.jpg","Simon Banza","FORWARD","","Banza","","","Congo","Attaquant","Simon","Banza","Simon Banza","Banza","200110","./assoc/200110_POR.svg","./logo/52336.png","UEFA","POR","52336","FAME","Braga","","https://img.uefa.com/imgml/TP/teams/logos/70x70/52336.png","https://img.uefa.com/imgml/TP/teams/logos/240x240/52336.png","252336","BRA","DOMESTIC_MEN_TEAM_A","","DOMESTIC","Portugal","Braga","SC Braga","BRA","340","MINUTE","6","0","1","40.18","KILOMETER","31.3","KILOMETER_PER_HOUR"
"250022869","2603790","31","1994-06-15","9","Poulsen","DEN","STRIKER","FORWARD","MALE","193","./image/250022869.jpg","Yussuf Poulsen","FORWARD","20","Yurary","35","78","Danemark","Attaquant","Yussuf","Poulsen","Yussuf Poulsen","Poulsen","200047","./assoc/200047_GER.svg","./logo/2603790.png","UEFA","GER","2603790","FAME","Leipzig","","https://img.uefa.com/imgml/TP/teams/logos/70x70/2603790.png","https://img.uefa.com/imgml/TP/teams/logos/240x240/2603790.png","250002563","RBL","DOMESTIC_MEN_TEAM_A","","DOMESTIC","Allemagne","Leipzig","RB Leipzig","RBL","339","MINUTE","7","0","1","45.34","KILOMETER","32.3","KILOMETER_PER_HOUR"
"250003528","50138","36","1988-12-19","70","Alexis","CHI","STRIKER","FORWARD","MALE","168","./image/250003528.jpg","Alexis Sánchez","FORWARD","10","Alexis","26","62","Chili","Attaquant","","Alexis Sánchez","Alexis Sánchez","Alexis Sánchez","200066","./assoc/200066_ITA.svg","./logo/50138.png","UEFA","ITA","50138","FAME","Inter","","https://img.uefa.com/imgml/TP/teams/logos/70x70/50138.png","https://img.uefa.com/imgml/TP/teams/logos/240x240/50138.png","250138","INT","DOMESTIC_MEN_TEAM_A","","DOMESTIC","Italie","Inter","FC Internazionale Milano","INT","335","MINUTE","8","2","0","40.95","KILOMETER","32.21","KILOMETER_PER_HOUR"
"250086067","59324","29","1996-08-14","7","Joelinton","BRA","STRIKER","MIDFIELDER","MALE","186","./image/250086067.jpg","Joelinton","FORWARD","","de Lira","","81","Brésil","Milieu","","Joelinton","Joelinton","Joelinton","200039","./assoc/200039_ENG.svg","./logo/59324.png","UEFA","ENG","59324","FAME","Newcastle","","https://img.uefa.com/imgml/TP/teams/logos/70x70/59324.png","https://img.uefa.com/imgml/TP/teams/logos/240x240/59324.png","259324","NEW","DOMESTIC_MEN_TEAM_A","","DOMESTIC","Angleterre","Newcastle","Newcastle United FC","NEW","335","MINUTE","4","1","0","40.55","KILOMETER","33.1","KILOMETER_PER_HOUR"
"250025891","52682","32","1993-04-25","19","R.Varane","FRA","CENTRE_BACK","DEFENDER","MALE","191","./image/250025891.jpg","Raphaël Varane","DEFENDER","4","Varane","43","78","France","Défenseur","Raphaël","Varane","Raphaël Varane","Varane","200039","./assoc/200039_ENG.svg","./logo/52682.png","UEFA","ENG","52682","FAME","Man Utd","","https://img.uefa.com/imgml/TP/teams/logos/70x70/52682.png","https://img.uefa.com/imgml/TP/teams/logos/240x240/52682.png","252682","MUN","DOMESTIC_MEN_TEAM_A","","DOMESTIC","Angleterre","Man Utd","Manchester United","MUN","335","MINUTE","4","0","0","39.62","KILOMETER","31.1","KILOMETER_PER_HOUR"
"250003327","52714","38","1987-07-25","20","Fernando","BRA","DEFENSIVE_MIDFIELDER","MIDFIELDER","MALE","185","./image/250003327.jpg","Fernando","MIDFIELDER","","Fernando","","76","Brésil","Milieu","","Fernando","Fernando","Fernando","200122","./assoc/200122_ESP.svg","./logo/52714.png","UEFA","ESP","52714","FAME","Sevilla","","https://img.uefa.com/imgml/TP/teams/logos/70x70/52714.png","https://img.uefa.com/imgml/TP/teams/logos/240x240/52714.png","252714","SEV","DOMESTIC_MEN_TEAM_A","","DOMESTIC","Espagne","Sevilla","Sevilla FC","SEV","330","MINUTE","4","0","0","40.03","KILOMETER","32.6","KILOMETER_PER_HOUR"
"250135416","50080","21","2003-10-18","3","Balde","ESP","UNKNOWN","DEFENDER","MALE","","./image/250135416.jpg","Alejandro Balde","DEFENDER","3","Balde","122","","Espagne","Défenseur","Alejandro","Balde","Alejandro Balde","Balde","200122","./assoc/200122_ESP.svg","./logo/50080.png","UEFA","ESP","50080","FAME","Barcelona","","https://img.uefa.com/imgml/TP/teams/logos/70x70/50080.png","https://img.uefa.com/imgml/TP/teams/logos/240x240/50080.png","250080","BAR","DOMESTIC_MEN_TEAM_A","","DOMESTIC","Espagne","Barcelona","FC Barcelona","BAR","329","MINUTE","6","0","0","42.68","KILOMETER","33.71","KILOMETER_PER_HOUR"
"250132179","52714","27","1998-05-13","3","Pedrosa","ESP","FULL_BACK","DEFENDER","MALE","","./image/250132179.jpg","Adriá Pedrosa","DEFENDER","3","PEDROSA","200122","","Espagne","Défenseur","Adriá","Pedrosa","Adriá Pedrosa","Pedrosa","200122","./assoc/200122_ESP.svg","./logo/52714.png","UEFA","ESP","52714","FAME","Sevilla","","https://img.uefa.com/imgml/TP/teams/logos/70x70/52714.png","https://img.uefa.com/imgml/TP/teams/logos/240x240/52714.png","252714","SEV","DOMESTIC_MEN_TEAM_A","","DOMESTIC","Espagne","Sevilla","Sevilla FC","SEV","329","MINUTE","4","0","0","38.02","KILOMETER","33.3","KILOMETER_PER_HOUR"
"250143693","50080","22","2002-11-25","8","Pedri","ESP","UNKNOWN","MIDFIELDER","MALE","","./image/250143693.jpg","Pedri","MIDFIELDER","20","PEDRI","122","","Espagne","Milieu","","Pedri","Pedri","Pedri","200122","./assoc/200122_ESP.svg","./logo/50080.png","UEFA","ESP","50080","FAME","Barcelona","","https://img.uefa.com/imgml/TP/teams/logos/70x70/50080.png","https://img.uefa.com/imgml/TP/teams/logos/240x240/50080.png","250080","BAR","DOMESTIC_MEN_TEAM_A","","DOMESTIC","Espagne","Barcelona","FC Barcelona","BAR","327","MINUTE","6","0","3","47.31","KILOMETER","32.9","KILOMETER_PER_HOUR"
"250111362","52682","29","1996-08-21","14","AMRABAT","MAR","CENTRAL_MIDFIELDER","MIDFIELDER","MALE","","./image/250111362.jpg","Sofyan Amrabat","MIDFIELDER","4","Amrabat","92","","Maroc","Milieu","Sofyan","Amrabat","Sofyan Amrabat","Amrabat","200039","./assoc/200039_ENG.svg","./logo/52682.png","UEFA","ENG","52682","FAME","Man Utd","","https://img.uefa.com/imgml/TP/teams/logos/70x70/52682.png","https://img.uefa.com/imgml/TP/teams/logos/240x240/52682.png","252682","MUN","DOMESTIC_MEN_TEAM_A","","DOMESTIC","Angleterre","Man Utd","Manchester United","MUN","327","MINUTE","5","0","0","42.43","KILOMETER","33.6","KILOMETER_PER_HOUR"
"250134196","50136","27","1997-10-31","17","M. Olivera","URU","FULL_BACK","DEFENDER","MALE","","./image/250134196.jpg","Mathías Olivera","DEFENDER","16","Olivera","138","","Uruguay","Défenseur","Mathías","Olivera","Mathías Olivera","Olivera","200066","./assoc/200066_ITA.svg","./logo/50136.png","UEFA","ITA","50136","FAME","Napoli","","https://img.uefa.com/imgml/TP/teams/logos/70x70/50136.png","https://img.uefa.com/imgml/TP/teams/logos/240x240/50136.png","250136","NAP","DOMESTIC_MEN_TEAM_A","","DOMESTIC","Italie","Napoli","SSC Napoli","NAP","326","MINUTE","6","0","0","40.96","KILOMETER","33.8","KILOMETER_PER_HOUR"
"250056566","50058","29","1996-01-23","8","LOFTUS-CHEEK","ENG","CENTRAL_MIDFIELDER","MIDFIELDER","MALE","192","./image/250056566.jpg","Ruben Loftus-Cheek","MIDFIELDER","8","Loftus-Cheek","39","83","Angleterre","Milieu","Ruben","Loftus-Cheek","Ruben Loftus-Cheek","Loftus-Cheek","200066","./assoc/200066_ITA.svg","./logo/50058.png","UEFA","ITA","50058","FAME","Milan","","https://img.uefa.com/imgml/TP/teams/logos/70x70/50058.png","https://img.uefa.com/imgml/TP/teams/logos/240x240/50058.png","250058","MIL","DOMESTIC_MEN_TEAM_A","","DOMESTIC","Italie","Milan","AC Milan","MIL","325","MINUTE","4","0","0","39.4","KILOMETER","34.5","KILOMETER_PER_HOUR"
"250014109","50147","32","1993-01-19","18","J.Mario","POR","UNKNOWN","MIDFIELDER","MALE","179","./image/250014109.jpg","João Mário","MIDFIELDER","17","J. Mário","110","73","Portugal","Milieu","João","Mário","João Mário","João Mário","200110","./assoc/200110_POR.svg","./logo/50147.png","UEFA","POR","50147","FAME","Benfica","","https://img.uefa.com/imgml/TP/teams/logos/70x70/50147.png","https://img.uefa.com/imgml/TP/teams/logos/240x240/50147.png","250147","BEN","DOMESTIC_MEN_TEAM_A","","DOMESTIC","Portugal","Benfica","SL Benfica","BEN","324","MINUTE","5","3","0","40.73","KILOMETER","31","KILOMETER_PER_HOUR"
"250066211","50031","29","1995-10-22","17","JANKO","GAM","FULL_BACK","DEFENDER","MALE","178","./image/250066211.jpg","Saidy Janko","DEFENDER","7","Janko","200128","70","Gambie","Défenseur","Saidy","Janko","Saidy Janko","Janko","200128","./assoc/200128_SUI.svg","./logo/50031.png","UEFA","SUI","50031","FAME","Young Boys","","https://img.uefa.com/imgml/TP/teams/logos/70x70/50031.png","https://img.uefa.com/imgml/TP/teams/logos/240x240/50031.png","250031","YB","DOMESTIC_MEN_TEAM_A","","DOMESTIC","Suisse","Young Boys","BSC Young Boys","YB","324","MINUTE","5","0","0","42.68","KILOMETER","34.4","KILOMETER_PER_HOUR"
"250145827","52336","22","2003-02-14","5","Serdar","TUR","UNKNOWN","DEFENDER","MALE","","./image/250145827.jpg","Serdar Saatçı","DEFENDER","22","","200135","","Turquie","Défenseur","","Serdar Saatçı","Serdar Saatçı","Serdar Saatçı","200110","./assoc/200110_POR.svg","./logo/52336.png","UEFA","POR","52336","FAME","Braga","","https://img.uefa.com/imgml/TP/teams/logos/70x70/52336.png","https://img.uefa.com/imgml/TP/teams/logos/240x240/52336.png","252336","BRA","DOMESTIC_MEN_TEAM_A","","DOMESTIC","Portugal","Braga","SC Braga","BRA","324","MINUTE","4","0","0","36.01","KILOMETER","33.6","KILOMETER_PER_HOUR"
"250088039","50051","26","1999-08-03","21","BRAHIM","MAR","ATTACKING_MIDFIELDER","FORWARD","MALE","","./image/250088039.jpg","Brahim Díaz","MIDFIELDER","7","Brahim","122","","Maroc","Attaquant","","Brahim Díaz","Brahim Díaz","Brahim Díaz","200122","./assoc/200122_ESP.svg","./logo/50051.png","UEFA","ESP","50051","FAME","Real Madrid","","https://img.uefa.com/imgml/TP/teams/logos/70x70/50051.png","https://img.uefa.com/imgml/TP/teams/logos/240x240/50051.png","250051","RMA","DOMESTIC_MEN_TEAM_A","","DOMESTIC","Espagne","Real Madrid","Real Madrid C.F.","RMA","323","MINUTE","9","2","1","44.01","KILOMETER","33.3","KILOMETER_PER_HOUR"
"250112690","50138","29","1996-04-18","2","Dumfries","NED","FULL_BACK","DEFENDER","MALE","","./image/250112690.jpg","Denzel Dumfries","DEFENDER","22","Dumfries","95","","Pays-Bas","Défenseur","Denzel","Dumfries","Denzel Dumfries","Dumfries","200066","./assoc/200066_ITA.svg","./logo/50138.png","UEFA","ITA","50138","FAME","Inter","","https://img.uefa.com/imgml/TP/teams/logos/70x70/50138.png","https://img.uefa.com/imgml/TP/teams/logos/240x240/50138.png","250138","INT","DOMESTIC_MEN_TEAM_A","","DOMESTIC","Italie","Inter","FC Internazionale Milano","INT","322","MINUTE","5","0","1","40.57","KILOMETER","33.71","KILOMETER_PER_HOUR"
"250129981","52714","22","2003-08-15","26","Juanlu","ESP","UNKNOWN","MIDFIELDER","MALE","","./image/250129981.jpg","Juanlu","MIDFIELDER","16","JUANLU","200122","","Espagne","Milieu","","Juanlu","Juanlu","Juanlu","200122","./assoc/200122_ESP.svg","./logo/52714.png","UEFA","ESP","52714","FAME","Sevilla","","https://img.uefa.com/imgml/TP/teams/logos/70x70/52714.png","https://img.uefa.com/imgml/TP/teams/logos/240x240/52714.png","252714","SEV","DOMESTIC_MEN_TEAM_A","","DOMESTIC","Espagne","Sevilla","Sevilla FC","SEV","321","MINUTE","6","0","1","40.22","KILOMETER","33.3","KILOMETER_PER_HOUR"
"250086315","50124","30","1995-03-09","10","CORREA","ARG","WINGER","FORWARD","MALE","174","./image/250086315.jpg","Ángel Correa","MIDFIELDER","15","Correa","6","70","Argentine","Attaquant","Ángel","Correa","Ángel Correa","Correa","200122","./assoc/200122_ESP.svg","./logo/50124.png","UEFA","ESP","50124","FAME","Atleti","","https://img.uefa.com/imgml/TP/teams/logos/70x70/50124.png","https://img.uefa.com/imgml/TP/teams/logos/240x240/50124.png","250124","ATM","DOMESTIC_MEN_TEAM_A","","DOMESTIC","Espagne","Atleti","Atlético de Madrid","ATM","318","MINUTE","10","1","0","42.04","KILOMETER","32.9","KILOMETER_PER_HOUR"
"250040471","50080","34","1991-05-17","5","Martinez Berridi","ESP","CENTRE_BACK","DEFENDER","MALE","181","./image/250040471.jpg","Iñigo Martínez","DEFENDER","5","I. Martínez","122","75","Espagne","Défenseur","","Iñigo Martínez","Iñigo Martínez","Iñigo Martínez","200122","./assoc/200122_ESP.svg","./logo/50080.png","UEFA","ESP","50080","FAME","Barcelona","","https://img.uefa.com/imgml/TP/teams/logos/70x70/50080.png","https://img.uefa.com/imgml/TP/teams/logos/240x240/50080.png","250080","BAR","DOMESTIC_MEN_TEAM_A","","DOMESTIC","Espagne","Barcelona","FC Barcelona","BAR","318","MINUTE","4","0","0","37.12","KILOMETER","29.9","KILOMETER_PER_HOUR"
"250134320","50062","24","2001-01-28","34","SAIBARI","MAR","ATTACKING_MIDFIELDER","MIDFIELDER","MALE","","./image/250134320.jpg","Ismael Saibari","MIDFIELDER","","Saibari","","","Maroc","Milieu","Ismael","Saibari","Ismael Saibari","Saibari","200095","./assoc/200095_NED.svg","./logo/50062.png","UEFA","NED","50062","FAME","PSV","","https://img.uefa.com/imgml/TP/teams/logos/70x70/50062.png","https://img.uefa.com/imgml/TP/teams/logos/240x240/50062.png","250062","PSV","DOMESTIC_MEN_TEAM_A","","DOMESTIC","Pays-Bas","PSV","PSV Eindhoven","PSV","317","MINUTE","7","1","0","42.28","KILOMETER","33.1","KILOMETER_PER_HOUR"
"250101313","50124","25","2000-04-02","17","RIQUELME","ESP","UNKNOWN","MIDFIELDER","MALE","","./image/250101313.jpg","Rodrigo Riquelme","MIDFIELDER","10","Riquelme","122","","Espagne","Milieu","Rodrigo","Riquelme","Rodrigo Riquelme","Riquelme","200122","./assoc/200122_ESP.svg","./logo/50124.png","UEFA","ESP","50124","FAME","Atleti","","https://img.uefa.com/imgml/TP/teams/logos/70x70/50124.png","https://img.uefa.com/imgml/TP/teams/logos/240x240/50124.png","250124","ATM","DOMESTIC_MEN_TEAM_A","","DOMESTIC","Espagne","Atleti","Atlético de Madrid","ATM","316","MINUTE","8","0","0","46.05","KILOMETER","34.8","KILOMETER_PER_HOUR"
"250135303","50031","22","2003-07-31","5","Amenda","SUI","UNKNOWN","DEFENDER","MALE","","./image/250135303.jpg","Aurele Amenda","DEFENDER","18","Amenda","128","","Suisse","Défenseur","Aurele","Amenda","Aurele Amenda","Amenda","200128","./assoc/200128_SUI.svg","./logo/50031.png","UEFA","SUI","50031","FAME","Young Boys","","https://img.uefa.com/imgml/TP/teams/logos/70x70/50031.png","https://img.uefa.com/imgml/TP/teams/logos/240x240/50031.png","250031","YB","DOMESTIC_MEN_TEAM_A","","DOMESTIC","Suisse","Young Boys","BSC Young Boys","YB","314","MINUTE","4","0","0","37.29","KILOMETER","33.71","KILOMETER_PER_HOUR"
"250107061","52336","25","2000-04-01","2","Victor G.","ESP","FULL_BACK","DEFENDER","MALE","","./image/250107061.jpg","Victor Gómez","DEFENDER","2","VICTOR G.","200122","","Espagne","Défenseur","Victor","Gómez","Victor Gómez","Victor Gómez","200110","./assoc/200110_POR.svg","./logo/52336.png","UEFA","POR","52336","FAME","Braga","","https://img.uefa.com/imgml/TP/teams/logos/70x70/52336.png","https://img.uefa.com/imgml/TP/teams/logos/240x240/52336.png","252336","BRA","DOMESTIC_MEN_TEAM_A","","DOMESTIC","Portugal","Braga","SC Braga","BRA","314","MINUTE","4","0","0","35.89","KILOMETER","32.3","KILOMETER_PER_HOUR"
"250089868","59324","26","1999-09-21","9","Isak","SWE","STRIKER","FORWARD","MALE","","./image/250089868.jpg","Alexander Isak","FORWARD","9","Isak","127","","Suède","Attaquant","Alexander","Isak","Alexander Isak","Isak","200039","./assoc/200039_ENG.svg","./logo/59324.png","UEFA","ENG","59324","FAME","Newcastle","","https://img.uefa.com/imgml/TP/teams/logos/70x70/59324.png","https://img.uefa.com/imgml/TP/teams/logos/240x240/59324.png","259324","NEW","DOMESTIC_MEN_TEAM_A","","DOMESTIC","Angleterre","Newcastle","Newcastle United FC","NEW","312","MINUTE","5","1","1","36.15","KILOMETER","33.6","KILOMETER_PER_HOUR"
"250117406","50050","23","2002-01-24","28","P.Bernardo","POR","CENTRAL_MIDFIELDER","MIDFIELDER","MALE","","./image/250117406.jpg","Paulo Bernardo","MIDFIELDER","8","PAULO B.","200110","","Portugal","Milieu","","Paulo Bernardo","Paulo Bernardo","Paulo Bernardo","200117","./assoc/200117_SCO.svg","./logo/50050.png","UEFA","SCO","50050","FAME","Celtic","","https://img.uefa.com/imgml/TP/teams/logos/70x70/50050.png","https://img.uefa.com/imgml/TP/teams/logos/240x240/50050.png","250050","CEL","DOMESTIC_MEN_TEAM_A","","DOMESTIC","Écosse","Celtic","Celtic FC","CEL","310","MINUTE","6","0","0","44.47","KILOMETER","33.71","KILOMETER_PER_HOUR"
"250075007","52682","32","1993-03-05","5","Maguire","ENG","CENTRE_BACK","DEFENDER","MALE","","./image/250075007.jpg","Harry Maguire","DEFENDER","6","Maguire","39","","Angleterre","Défenseur","Harry","Maguire","Harry Maguire","Maguire","200039","./assoc/200039_ENG.svg","./logo/52682.png","UEFA","ENG","52682","FAME","Man Utd","","https://img.uefa.com/imgml/TP/teams/logos/70x70/52682.png","https://img.uefa.com/imgml/TP/teams/logos/240x240/52682.png","252682","MUN","DOMESTIC_MEN_TEAM_A","","DOMESTIC","Angleterre","Man Utd","Manchester United","MUN","310","MINUTE","4","1","0","35.35","KILOMETER","30.1","KILOMETER_PER_HOUR"
"250132338","52336","29","1996-04-06","28","Al Musrati","POR","DEFENSIVE_MIDFIELDER","MIDFIELDER","MALE","","./image/250132338.jpg","Al-Musrati","MIDFIELDER","","Al Musrati","","","Portugal","Milieu","","Al-Musrati","Al-Musrati","Al-Musrati","200110","./assoc/200110_POR.svg","./logo/52336.png","UEFA","POR","52336","FAME","Braga","","https://img.uefa.com/imgml/TP/teams/logos/70x70/52336.png","https://img.uefa.com/imgml/TP/teams/logos/240x240/52336.png","252336","BRA","DOMESTIC_MEN_TEAM_A","","DOMESTIC","Portugal","Braga","SC Braga","BRA","308","MINUTE","5","0","0","39.35","KILOMETER","30.4","KILOMETER_PER_HOUR"
"250144327","50064","28","1997-06-13","12","Zaidu M.","NGA","UNKNOWN","DEFENDER","MALE","","./image/250144327.jpg","Zaidu","DEFENDER","","Zaidu","","","Nigeria","Défenseur","","Zaidu","Zaidu","Zaidu","200110","./assoc/200110_POR.svg","./logo/50064.png","UEFA","POR","50064","FAME","Porto","","https://img.uefa.com/imgml/TP/teams/logos/70x70/50064.png","https://img.uefa.com/imgml/TP/teams/logos/240x240/50064.png","250064","POR","DOMESTIC_MEN_TEAM_A","","DOMESTIC","Portugal","Porto","FC Porto","POR","308","MINUTE","4","0","0","34.95","KILOMETER","34.21","KILOMETER_PER_HOUR"
"250135496","52682","21","2004-07-01","49","Garnacho","ARG","UNKNOWN","FORWARD","MALE","","./image/250135496.jpg","Alejandro Garnacho","FORWARD","","GARNACHO","","","Argentine","Attaquant","Alejandro","Garnacho","Alejandro Garnacho","Garnacho","200039","./assoc/200039_ENG.svg","./logo/52682.png","UEFA","ENG","52682","FAME","Man Utd","","https://img.uefa.com/imgml/TP/teams/logos/70x70/52682.png","https://img.uefa.com/imgml/TP/teams/logos/240x240/52682.png","252682","MUN","DOMESTIC_MEN_TEAM_A","","DOMESTIC","Angleterre","Man Utd","Manchester United","MUN","302","MINUTE","6","1","1","37.39","KILOMETER","34.21","KILOMETER_PER_HOUR"
"250139010","50030","21","2004-03-31","6","Baidoo","AUT","UNKNOWN","DEFENDER","MALE","","./image/250139010.jpg","Samson Baidoo","DEFENDER","5","Baidoo","8","","Autriche","Défenseur","Samson","Baidoo","Samson Baidoo","Baidoo","200008","./assoc/200008_AUT.svg","./logo/50030.png","UEFA","AUT","50030","FAME","Salzburg","","https://img.uefa.com/imgml/TP/teams/logos/70x70/50030.png","https://img.uefa.com/imgml/TP/teams/logos/240x240/50030.png","250030","SAL","DOMESTIC_MEN_TEAM_A","","DOMESTIC","Autriche","Salzburg","FC Salzburg","SAL","302","MINUTE","5","0","0","36.21","KILOMETER","32.71","KILOMETER_PER_HOUR"
"250161586","77977","34","1991-02-03","91","Behrens","GER","UNKNOWN","FORWARD","MALE","","./image/250161586.jpg","Kevin Behrens","FORWARD","24","Behrens","47","","Allemagne","Attaquant","Kevin","Behrens","Kevin Behrens","Behrens","200047","./assoc/200047_GER.svg","./logo/77977.png","UEFA","GER","77977","FAME","Union Berlin","","https://img.uefa.com/imgml/TP/teams/logos/70x70/77977.png","https://img.uefa.com/imgml/TP/teams/logos/240x240/77977.png","277977","UBE","DOMESTIC_MEN_TEAM_A","","DOMESTIC","Allemagne","Union Berlin","1. FC Union Berlin","UBE","301","MINUTE","5","0","0","38.6","KILOMETER","31.2","KILOMETER_PER_HOUR"
"250113142","52919","23","2002-05-27","11","Doku","BEL","STRIKER","MIDFIELDER","MALE","","./image/250113142.jpg","Jeremy Doku","FORWARD","11","Doku","13","","Belgique","Milieu","Jeremy","Doku","Jeremy Doku","Doku","200039","./assoc/200039_ENG.svg","./logo/52919.png","UEFA","ENG","52919","FAME","Man City","","https://img.uefa.com/imgml/TP/teams/logos/70x70/52919.png","https://img.uefa.com/imgml/TP/teams/logos/240x240/52919.png","252919","MCI","DOMESTIC_MEN_TEAM_A","","DOMESTIC","Angleterre","Man City","Manchester City","MCI","300","MINUTE","7","1","1","36.7","KILOMETER","32.4","KILOMETER_PER_HOUR"
"250162129","50069","23","2002-02-19","8","Stamenic","NZL","UNKNOWN","MIDFIELDER","MALE","","./image/250162129.jpg","Marko Stamenic","MIDFIELDER","8","Stamenic","97","","Nouvelle-Zélande","Milieu","Marko","Stamenic","Marko Stamenic","Stamenic","200147","./assoc/200147_SRB.svg","./logo/50069.png","UEFA","SRB","50069","FAME","Crvena Zvezda","","https://img.uefa.com/imgml/TP/teams/logos/70x70/50069.png","https://img.uefa.com/imgml/TP/teams/logos/240x240/50069.png","250069","ZVE","DOMESTIC_MEN_TEAM_A","","DOMESTIC","Serbie","Crvena Zvezda","FK Crvena Zvezda","ZVE","299","MINUTE","4","1","0","38.21","KILOMETER","33.4","KILOMETER_PER_HOUR"
"250094540","50050","27","1997-12-31","20","Carter-Vickers","USA","CENTRE_BACK","DEFENDER","MALE","186","./image/250094540.jpg","Cameron Carter-Vickers","DEFENDER","20","C.Vickers","140","","Etats-Unis","Défenseur","Cameron","Carter-Vickers","Cameron Carter-Vickers","Carter-Vickers","200117","./assoc/200117_SCO.svg","./logo/50050.png","UEFA","SCO","50050","FAME","Celtic","","https://img.uefa.com/imgml/TP/teams/logos/70x70/50050.png","https://img.uefa.com/imgml/TP/teams/logos/240x240/50050.png","250050","CEL","DOMESTIC_MEN_TEAM_A","","DOMESTIC","Écosse","Celtic","Celtic FC","CEL","298","MINUTE","4","0","0","31.14","KILOMETER","32.1","KILOMETER_PER_HOUR"
"250055905","52682","31","1994-07-17","3","Lindelöf","SWE","CENTRE_BACK","DEFENDER","MALE","187","./image/250055905.jpg","Victor Lindelöf","DEFENDER","3","Lindelöf","127","80","Suède","Défenseur","Victor","Lindelöf","Victor Lindelöf","Lindelöf","200039","./assoc/200039_ENG.svg","./logo/52682.png","UEFA","ENG","52682","FAME","Man Utd","","https://img.uefa.com/imgml/TP/teams/logos/70x70/52682.png","https://img.uefa.com/imgml/TP/teams/logos/240x240/52682.png","252682","MUN","DOMESTIC_MEN_TEAM_A","","DOMESTIC","Angleterre","Man Utd","Manchester United","MUN","297","MINUTE","4","0","0","33.63","KILOMETER","33","KILOMETER_PER_HOUR"
"250108031","52707","23","2002-02-21","16","Azarov","GEO","UNKNOWN","DEFENDER","MALE","","./image/250108031.jpg","Irakli Azarov","DEFENDER","16","Azarov","57157","","Géorgie","Défenseur","Irakli","Azarov","Irakli Azarov","Azarov","257166","./assoc/257166_UKR.svg","./logo/52707.png","UEFA","UKR","52707","FAME","Shakhtar","","https://img.uefa.com/imgml/TP/teams/logos/70x70/52707.png","https://img.uefa.com/imgml/TP/teams/logos/240x240/52707.png","252707","SHK","DOMESTIC_MEN_TEAM_A","","DOMESTIC","Ukraine","Shakhtar","FC Shakhtar Donetsk","SHK","295","MINUTE","4","0","1","36.28","KILOMETER","34.6","KILOMETER_PER_HOUR"
"250054030","77977","31","1994-01-27","8","Khedira","GER","UNKNOWN","MIDFIELDER","MALE","188","./image/250054030.jpg","Rani Khedira","MIDFIELDER","","Khedira","300047","","Allemagne","Milieu","Rani","Khedira","Rani Khedira","Khedira","200047","./assoc/200047_GER.svg","./logo/77977.png","UEFA","GER","77977","FAME","Union Berlin","","https://img.uefa.com/imgml/TP/teams/logos/70x70/77977.png","https://img.uefa.com/imgml/TP/teams/logos/240x240/77977.png","277977","UBE","DOMESTIC_MEN_TEAM_A","","DOMESTIC","Allemagne","Union Berlin","1. FC Union Berlin","UBE","293","MINUTE","4","0","0","36.72","KILOMETER","29.4","KILOMETER_PER_HOUR"
"70098","52336","39","1986-09-08","8","J. Moutinho","POR","CENTRAL_MIDFIELDER","MIDFIELDER","MALE","171","./image/70098.jpg","João Moutinho","MIDFIELDER","8","J. Moutinho","110","61","Portugal","Milieu","João","Moutinho","João Moutinho","João Moutinho","200110","./assoc/200110_POR.svg","./logo/52336.png","UEFA","POR","52336","FAME","Braga","","https://img.uefa.com/imgml/TP/teams/logos/70x70/52336.png","https://img.uefa.com/imgml/TP/teams/logos/240x240/52336.png","252336","BRA","DOMESTIC_MEN_TEAM_A","","DOMESTIC","Portugal","Braga","SC Braga","BRA","290","MINUTE","5","0","0","38.24","KILOMETER","28.5","KILOMETER_PER_HOUR"
"250057933","52277","29","1996-08-20","11","Fulgini","FRA","","FORWARD","MALE","","./image/250057933.jpg","Angelo Fulgini","DEFENDER","6","Fulgini","200043","","France","Attaquant","Angelo","Fulgini","Angelo Fulgini","Fulgini","200043","./assoc/200043_FRA.svg","./logo/52277.png","UEFA","FRA","52277","FAME","Lens","","https://img.uefa.com/imgml/TP/teams/logos/70x70/52277.png","https://img.uefa.com/imgml/TP/teams/logos/240x240/52277.png","252277","LEN","DOMESTIC_MEN_TEAM_A","","DOMESTIC","France","Lens","RC Lens","LEN","289","MINUTE","6","2","0","39.64","KILOMETER","31.1","KILOMETER_PER_HOUR"
"250088246","52682","27","1997-10-31","14","Rashford","ENG","STRIKER","FORWARD","MALE","180","./image/250088246.jpg","Marcus Rashford","FORWARD","11","Rashford","39","70","Angleterre","Attaquant","Marcus","Rashford","Marcus Rashford","Rashford","200039","./assoc/200039_ENG.svg","./logo/52682.png","UEFA","ENG","52682","FAME","Man Utd","","https://img.uefa.com/imgml/TP/teams/logos/70x70/52682.png","https://img.uefa.com/imgml/TP/teams/logos/240x240/52682.png","252682","MUN","DOMESTIC_MEN_TEAM_A","","DOMESTIC","Angleterre","Man Utd","Manchester United","MUN","289","MINUTE","4","0","2","32.68","KILOMETER","35.71","KILOMETER_PER_HOUR"
"103827","50124","36","1989-08-28","3","AZPILICUETA","ESP","FULL_BACK","DEFENDER","MALE","178","./image/103827.jpg","César Azpilicueta","DEFENDER","2","Azpilicueta","122","75","Espagne","Défenseur","César","Azpilicueta","César Azpilicueta","Azpilicueta","200122","./assoc/200122_ESP.svg","./logo/50124.png","UEFA","ESP","50124","FAME","Atleti","","https://img.uefa.com/imgml/TP/teams/logos/70x70/50124.png","https://img.uefa.com/imgml/TP/teams/logos/240x240/50124.png","250124","ATM","DOMESTIC_MEN_TEAM_A","","DOMESTIC","Espagne","Atleti","Atlético de Madrid","ATM","288","MINUTE","6","0","0","34.22","KILOMETER","31","KILOMETER_PER_HOUR"
"250169706","50050","27","1997-10-20","38","Daizen","JPN","UNKNOWN","FORWARD","MALE","","./image/250169706.jpg","Daizen Maeda","FORWARD","25","Daizen","69","","Japon","Attaquant","Daizen","Maeda","Daizen Maeda","Maeda","200117","./assoc/200117_SCO.svg","./logo/50050.png","UEFA","SCO","50050","FAME","Celtic","","https://img.uefa.com/imgml/TP/teams/logos/70x70/50050.png","https://img.uefa.com/imgml/TP/teams/logos/240x240/50050.png","250050","CEL","DOMESTIC_MEN_TEAM_A","","DOMESTIC","Écosse","Celtic","Celtic FC","CEL","285","MINUTE","4","0","1","33.5","KILOMETER","35.6","KILOMETER_PER_HOUR"
"250088942","52758","30","1995-05-27","17","Wolf","GER","WINGER","MIDFIELDER","MALE","","./image/250088942.jpg","Marius Wolf","DEFENDER","25","Wolf","47","","Allemagne","Milieu","Marius","Wolf","Marius Wolf","Wolf","200047","./assoc/200047_GER.svg","./logo/52758.png","UEFA","GER","52758","FAME","B. Dortmund","","https://img.uefa.com/imgml/TP/teams/logos/70x70/52758.png","https://img.uefa.com/imgml/TP/teams/logos/240x240/52758.png","252758","BVB","DOMESTIC_MEN_TEAM_A","","DOMESTIC","Allemagne","B. Dortmund","Borussia Dortmund","BVB","284","MINUTE","6","0","0","35.31","KILOMETER","32.5","KILOMETER_PER_HOUR"
"250114145","52707","24","2001-02-14","12","Gocholeishvili","GEO","UNKNOWN","DEFENDER","MALE","","./image/250114145.jpg","Giorgi Gocholeishvili","DEFENDER","13","Gocholeishvili","57157","","Géorgie","Défenseur","Giorgi","Gocholeishvili","Giorgi Gocholeishvili","Gocholeishvili","257166","./assoc/257166_UKR.svg","./logo/52707.png","UEFA","UKR","52707","FAME","Shakhtar","","https://img.uefa.com/imgml/TP/teams/logos/70x70/52707.png","https://img.uefa.com/imgml/TP/teams/logos/240x240/52707.png","252707","SHK","DOMESTIC_MEN_TEAM_A","","DOMESTIC","Ukraine","Shakhtar","FC Shakhtar Donetsk","SHK","284","MINUTE","4","0","1","32.48","KILOMETER","33.5","KILOMETER_PER_HOUR"
"250014636","2603790","35","1990-10-09","44","Kampl","SVN","CENTRAL_MIDFIELDER","MIDFIELDER","MALE","180","./image/250014636.jpg","Kevin Kampl","MIDFIELDER","10","Kampl","57163","67","Slovénie","Milieu","Kevin","Kampl","Kevin Kampl","Kampl","200047","./assoc/200047_GER.svg","./logo/2603790.png","UEFA","GER","2603790","FAME","Leipzig","","https://img.uefa.com/imgml/TP/teams/logos/70x70/2603790.png","https://img.uefa.com/imgml/TP/teams/logos/240x240/2603790.png","250002563","RBL","DOMESTIC_MEN_TEAM_A","","DOMESTIC","Allemagne","Leipzig","RB Leipzig","RBL","282","MINUTE","7","0","2","37.39","KILOMETER","29.3","KILOMETER_PER_HOUR"
"250019573","52749","33","1992-03-25","18","Trauner","AUT","CENTRE_BACK","DEFENDER","MALE","","./image/250019573.jpg","Gernot Trauner","DEFENDER","5","Trauner","8","","Autriche","Défenseur","Gernot","Trauner","Gernot Trauner","Trauner","200095","./assoc/200095_NED.svg","./logo/52749.png","UEFA","NED","52749","FAME","Feyenoord","","https://img.uefa.com/imgml/TP/teams/logos/70x70/52749.png","https://img.uefa.com/imgml/TP/teams/logos/240x240/52749.png","252749","FEY","DOMESTIC_MEN_TEAM_A","","DOMESTIC","Pays-Bas","Feyenoord","Feyenoord","FEY","282","MINUTE","4","0","0","31.26","KILOMETER","31.7","KILOMETER_PER_HOUR"
"250064273","50031","28","1996-12-27","9","ITTEN","SUI","STRIKER","FORWARD","MALE","","./image/250064273.jpg","Cédric Itten","FORWARD","19","Itten","128","","Suisse","Attaquant","Cédric","Itten","Cédric Itten","Itten","200128","./assoc/200128_SUI.svg","./logo/50031.png","UEFA","SUI","50031","FAME","Young Boys","","https://img.uefa.com/imgml/TP/teams/logos/70x70/50031.png","https://img.uefa.com/imgml/TP/teams/logos/240x240/50031.png","250031","YB","DOMESTIC_MEN_TEAM_A","","DOMESTIC","Suisse","Young Boys","BSC Young Boys","YB","280","MINUTE","4","1","0","33.82","KILOMETER","31","KILOMETER_PER_HOUR"
"250085751","50031","28","1996-10-25","30","LAUPER","SUI","CENTRE_BACK","MIDFIELDER","MALE","","./image/250085751.jpg","Sandro Lauper","MIDFIELDER","17","Lauper","128","","Suisse","Milieu","Sandro","Lauper","Sandro Lauper","Lauper","200128","./assoc/200128_SUI.svg","./logo/50031.png","UEFA","SUI","50031","FAME","Young Boys","","https://img.uefa.com/imgml/TP/teams/logos/70x70/50031.png","https://img.uefa.com/imgml/TP/teams/logos/240x240/50031.png","250031","YB","DOMESTIC_MEN_TEAM_A","","DOMESTIC","Suisse","Young Boys","BSC Young Boys","YB","280","MINUTE","4","0","0","34.97","KILOMETER","31.7","KILOMETER_PER_HOUR"
"250172668","52919","25","2000-01-31","19","J.ALVAREZ","ARG","UNKNOWN","FORWARD","MALE","","./image/250172668.jpg","Julián Alvarez","FORWARD","9","Alvarez","6","","Argentine","Attaquant","Julián","Alvarez","Julián Alvarez","Alvarez","200039","./assoc/200039_ENG.svg","./logo/52919.png","UEFA","ENG","52919","FAME","Man City","","https://img.uefa.com/imgml/TP/teams/logos/70x70/52919.png","https://img.uefa.com/imgml/TP/teams/logos/240x240/52919.png","252919","MCI","DOMESTIC_MEN_TEAM_A","","DOMESTIC","Angleterre","Man City","Manchester City","MCI","279","MINUTE","7","5","2","36.35","KILOMETER","32.71","KILOMETER_PER_HOUR"
"250186141","59324","33","1992-05-09","33","Burn","ENG","UNKNOWN","DEFENDER","MALE","","./image/250186141.jpg","Dan Burn","DEFENDER","","Burn","39","","Angleterre","Défenseur","Dan","Burn","Dan Burn","Burn","200039","./assoc/200039_ENG.svg","./logo/59324.png","UEFA","ENG","59324","FAME","Newcastle","","https://img.uefa.com/imgml/TP/teams/logos/70x70/59324.png","https://img.uefa.com/imgml/TP/teams/logos/240x240/59324.png","259324","NEW","DOMESTIC_MEN_TEAM_A","","DOMESTIC","Angleterre","Newcastle","Newcastle United FC","NEW","278","MINUTE","4","1","0","32.79","KILOMETER","31.9","KILOMETER_PER_HOUR"
"250164780","50080","22","2003-05-11","16","Fermin","ESP","CENTRAL_MIDFIELDER","FORWARD","MALE","","./image/250164780.jpg","Fermín López","FORWARD","8","FERMÍN","122","","Espagne","Attaquant","","Fermín López","Fermín López","Fermín López","200122","./assoc/200122_ESP.svg","./logo/50080.png","UEFA","ESP","50080","FAME","Barcelona","","https://img.uefa.com/imgml/TP/teams/logos/70x70/50080.png","https://img.uefa.com/imgml/TP/teams/logos/240x240/50080.png","250080","BAR","DOMESTIC_MEN_TEAM_A","","DOMESTIC","Espagne","Barcelona","FC Barcelona","BAR","277","MINUTE","8","2","1","42.24","KILOMETER","32.71","KILOMETER_PER_HOUR"
"250056861","52280","28","1996-12-15","35","Zinchenko","UKR","FULL_BACK","DEFENDER","MALE","175","./image/250056861.jpg","Oleksandr Zinchenko","DEFENDER","17","Zinchenko","57166","61","Ukraine","Défenseur","Oleksandr","Zinchenko","Oleksandr Zinchenko","Zinchenko","200039","./assoc/200039_ENG.svg","./logo/52280.png","UEFA","ENG","52280","FAME","Arsenal","","https://img.uefa.com/imgml/TP/teams/logos/70x70/52280.png","https://img.uefa.com/imgml/TP/teams/logos/240x240/52280.png","252280","ARS","DOMESTIC_MEN_TEAM_A","","DOMESTIC","Angleterre","Arsenal","Arsenal FC","ARS","277","MINUTE","6","0","0","34.86","KILOMETER","29.5","KILOMETER_PER_HOUR"
"250128468","50147","21","2003-10-30","4","António S.","POR","UNKNOWN","DEFENDER","MALE","","./image/250128468.jpg","António Silva","DEFENDER","4","ANTÓNIO S.","110","","Portugal","Défenseur","","António Silva","António Silva","António Silva","200110","./assoc/200110_POR.svg","./logo/50147.png","UEFA","POR","50147","FAME","Benfica","","https://img.uefa.com/imgml/TP/teams/logos/70x70/50147.png","https://img.uefa.com/imgml/TP/teams/logos/240x240/50147.png","250147","BEN","DOMESTIC_MEN_TEAM_A","","DOMESTIC","Portugal","Benfica","SL Benfica","BEN","277","MINUTE","4","0","0","31.69","KILOMETER","32.5","KILOMETER_PER_HOUR"
"250141220","77977","28","1996-12-13","20","Laïdouni","TUN","UNKNOWN","MIDFIELDER","MALE","","./image/250141220.jpg","Aïssa Laïdouni","MIDFIELDER","14","Laïdouni","134","","Tunisie","Milieu","Aïssa","Laïdouni","Aïssa Laïdouni","Laïdouni","200047","./assoc/200047_GER.svg","./logo/77977.png","UEFA","GER","77977","FAME","Union Berlin","","https://img.uefa.com/imgml/TP/teams/logos/70x70/77977.png","https://img.uefa.com/imgml/TP/teams/logos/240x240/77977.png","277977","UBE","DOMESTIC_MEN_TEAM_A","","DOMESTIC","Allemagne","Union Berlin","1. FC Union Berlin","UBE","276","MINUTE","6","0","1","37.42","KILOMETER","31.8","KILOMETER_PER_HOUR"
"250101721","50113","25","2000-04-05","24","Ekkelenkamp","NED","ATTACKING_MIDFIELDER","MIDFIELDER","MALE","","./image/250101721.jpg","Jurgen Ekkelenkamp","MIDFIELDER","11","Ekkelenkamp","200095","","Pays-Bas","Milieu","Jurgen","Ekkelenkamp","Jurgen Ekkelenkamp","Ekkelenkamp","200013","./assoc/200013_BEL.svg","./logo/50113.png","UEFA","BEL","50113","FAME","Antwerp","","https://img.uefa.com/imgml/TP/teams/logos/70x70/50113.png","https://img.uefa.com/imgml/TP/teams/logos/240x240/50113.png","250113","ANT","DOMESTIC_MEN_TEAM_A","","DOMESTIC","Belgique","Antwerp","Royal Antwerp FC","ANT","274","MINUTE","4","0","0","35.85","KILOMETER","32","KILOMETER_PER_HOUR"
"250005193","50051","35","1990-03-27","14","JOSELU","ESP","UNKNOWN","FORWARD","MALE","","./image/250005193.jpg","Joselu","FORWARD","9","Joselu","122","","Espagne","Attaquant","","Joselu","Joselu","Joselu","200122","./assoc/200122_ESP.svg","./logo/50051.png","UEFA","ESP","50051","FAME","Real Madrid","","https://img.uefa.com/imgml/TP/teams/logos/70x70/50051.png","https://img.uefa.com/imgml/TP/teams/logos/240x240/50051.png","250051","RMA","DOMESTIC_MEN_TEAM_A","","DOMESTIC","Espagne","Real Madrid","Real Madrid C.F.","RMA","273","MINUTE","11","5","0","37.67","KILOMETER","31.8","KILOMETER_PER_HOUR"
"250114167","2603790","24","2001-05-04","13","Seiwald","AUT","UNKNOWN","MIDFIELDER","MALE","","./image/250114167.jpg","Nicolas Seiwald","MIDFIELDER","6","Seiwald","8","","Autriche","Milieu","Nicolas","Seiwald","Nicolas Seiwald","Seiwald","200047","./assoc/200047_GER.svg","./logo/2603790.png","UEFA","GER","2603790","FAME","Leipzig","","https://img.uefa.com/imgml/TP/teams/logos/70x70/2603790.png","https://img.uefa.com/imgml/TP/teams/logos/240x240/2603790.png","250002563","RBL","DOMESTIC_MEN_TEAM_A","","DOMESTIC","Allemagne","Leipzig","RB Leipzig","RBL","272","MINUTE","4","0","0","36.81","KILOMETER","32","KILOMETER_PER_HOUR"
"250117508","59324","22","2002-11-12","21","Livramento","ENG","UNKNOWN","DEFENDER","MALE","","./image/250117508.jpg","Tino Livramento","DEFENDER","14","Livramento","39","","Angleterre","Défenseur","Tino","Livramento","Tino Livramento","Livramento","200039","./assoc/200039_ENG.svg","./logo/59324.png","UEFA","ENG","59324","FAME","Newcastle","","https://img.uefa.com/imgml/TP/teams/logos/70x70/59324.png","https://img.uefa.com/imgml/TP/teams/logos/240x240/59324.png","259324","NEW","DOMESTIC_MEN_TEAM_A","","DOMESTIC","Angleterre","Newcastle","Newcastle United FC","NEW","270","MINUTE","3","0","0","34.17","KILOMETER","34.1","KILOMETER_PER_HOUR"
"250176453","50080","18","2007-01-22","5","Cubarsi","ESP","UNKNOWN","DEFENDER","MALE","","./image/250176453.jpg","Pau Cubarsí","DEFENDER","4","CUBARSÍ","122","","Espagne","Défenseur","Pau","Cubarsí","Pau Cubarsí","Cubarsí","200122","./assoc/200122_ESP.svg","./logo/50080.png","UEFA","ESP","50080","FAME","Barcelona","","https://img.uefa.com/imgml/TP/teams/logos/70x70/50080.png","https://img.uefa.com/imgml/TP/teams/logos/240x240/50080.png","250080","BAR","DOMESTIC_MEN_TEAM_A","","DOMESTIC","Espagne","Barcelona","FC Barcelona","BAR","270","MINUTE","3","0","0","33.17","KILOMETER","33.21","KILOMETER_PER_HOUR"
"250064226","77977","33","1992-05-22","31","Knoche","GER","CENTRE_BACK","DEFENDER","MALE","190","./image/250064226.jpg","Robin Knoche","DEFENDER","16","Knoche","200047","77","Allemagne","Défenseur","Robin","Knoche","Robin Knoche","Knoche","200047","./assoc/200047_GER.svg","./logo/77977.png","UEFA","GER","77977","FAME","Union Berlin","","https://img.uefa.com/imgml/TP/teams/logos/70x70/77977.png","https://img.uefa.com/imgml/TP/teams/logos/240x240/77977.png","277977","UBE","DOMESTIC_MEN_TEAM_A","","DOMESTIC","Allemagne","Union Berlin","1. FC Union Berlin","UBE","270","MINUTE","3","0","0","32.43","KILOMETER","29.7","KILOMETER_PER_HOUR"
"250028705","52919","32","1992-11-06","18","Ortega Moreno","GER","UNKNOWN","GOALKEEPER","MALE","","./image/250028705.jpg","Stefan Ortega","GOALKEEPER","21","Ortega Moreno","47","","Allemagne","Gardien","Stefan","Ortega","Stefan Ortega","Ortega","200039","./assoc/200039_ENG.svg","./logo/52919.png","UEFA","ENG","52919","FAME","Man City","","https://img.uefa.com/imgml/TP/teams/logos/70x70/52919.png","https://img.uefa.com/imgml/TP/teams/logos/240x240/52919.png","252919","MCI","DOMESTIC_MEN_TEAM_A","","DOMESTIC","Angleterre","Man City","Manchester City","MCI","270","MINUTE","3","0","0","19.41","KILOMETER","26.5","KILOMETER_PER_HOUR"
"102420","2603790","35","1990-05-06","1","Gulacsi","HUN","GOALKEEPER","GOALKEEPER","MALE","190","./image/102420.jpg","Péter Gulácsi","GOALKEEPER","12","Gulacsi","57","83","Hongrie","Gardien","Péter","Gulácsi","Péter Gulácsi","Gulácsi","200047","./assoc/200047_GER.svg","./logo/2603790.png","UEFA","GER","2603790","FAME","Leipzig","","https://img.uefa.com/imgml/TP/teams/logos/70x70/2603790.png","https://img.uefa.com/imgml/TP/teams/logos/240x240/2603790.png","250002563","RBL","DOMESTIC_MEN_TEAM_A","","DOMESTIC","Allemagne","Leipzig","RB Leipzig","RBL","270","MINUTE","3","0","0","17.9","KILOMETER","23.4","KILOMETER_PER_HOUR"
"1902445","50037","37","1988-08-03","26","Ulreich","GER","UNKNOWN","GOALKEEPER","MALE","192","./image/1902445.jpg","Sven Ulreich","GOALKEEPER","22","Ulreich","47","84","Allemagne","Gardien","Sven","Ulreich","Sven Ulreich","Ulreich","200047","./assoc/200047_GER.svg","./logo/50037.png","UEFA","GER","50037","FAME","Bayern München","","https://img.uefa.com/imgml/TP/teams/logos/70x70/50037.png","https://img.uefa.com/imgml/TP/teams/logos/240x240/50037.png","250037","BAY","DOMESTIC_MEN_TEAM_A","","DOMESTIC","Allemagne","Bayern München","FC Bayern München","BAY","270","MINUTE","3","0","0","15.36","KILOMETER","25.1","KILOMETER_PER_HOUR"
"250054426","50064","31","1994-04-19","2","Cardoso","POR","UNKNOWN","DEFENDER","MALE","187","./image/250054426.jpg","Fábio Cardoso","DEFENDER","19","Fábio Cardoso","200110","","Portugal","Défenseur","","Fábio Cardoso","Fábio Cardoso","Fábio Cardoso","200110","./assoc/200110_POR.svg","./logo/50064.png","UEFA","POR","50064","FAME","Porto","","https://img.uefa.com/imgml/TP/teams/logos/70x70/50064.png","https://img.uefa.com/imgml/TP/teams/logos/240x240/50064.png","250064","POR","DOMESTIC_MEN_TEAM_A","","DOMESTIC","Portugal","Porto","FC Porto","POR","269","MINUTE","3","0","0","33.48","KILOMETER","30.9","KILOMETER_PER_HOUR"
"250174602","50050","25","2000-01-17","77","Palma","HON","UNKNOWN","MIDFIELDER","MALE","","./image/250174602.jpg","Luis Palma","MIDFIELDER","","PALMA","","","Honduras","Milieu","Luis","Palma","Luis Palma","Palma","200117","./assoc/200117_SCO.svg","./logo/50050.png","UEFA","SCO","50050","FAME","Celtic","","https://img.uefa.com/imgml/TP/teams/logos/70x70/50050.png","https://img.uefa.com/imgml/TP/teams/logos/240x240/50050.png","250050","CEL","DOMESTIC_MEN_TEAM_A","","DOMESTIC","Écosse","Celtic","Celtic FC","CEL","268","MINUTE","5","2","0","31.59","KILOMETER","33.71","KILOMETER_PER_HOUR"
"250102866","2603790","27","1998-01-31","8","Haidara","MLI","CENTRAL_MIDFIELDER","MIDFIELDER","MALE","","./image/250102866.jpg","Amadou Haidara","MIDFIELDER","","Haidara","","","Mali","Milieu","Amadou","Haidara","Amadou Haidara","Haidara","200047","./assoc/200047_GER.svg","./logo/2603790.png","UEFA","GER","2603790","FAME","Leipzig","","https://img.uefa.com/imgml/TP/teams/logos/70x70/2603790.png","https://img.uefa.com/imgml/TP/teams/logos/240x240/2603790.png","250002563","RBL","DOMESTIC_MEN_TEAM_A","","DOMESTIC","Allemagne","Leipzig","RB Leipzig","RBL","266","MINUTE","5","0","0","32.87","KILOMETER","30.5","KILOMETER_PER_HOUR"
"250174903","52336","28","1997-05-27","6","Vitor C.","BRA","UNKNOWN","MIDFIELDER","MALE","","./image/250174903.jpg","Vitor Carvalho","MIDFIELDER","","Vitor C.","","","Brésil","Milieu","Vitor","Carvalho","Vitor Carvalho","Vitor Carvalho","200110","./assoc/200110_POR.svg","./logo/52336.png","UEFA","POR","52336","FAME","Braga","","https://img.uefa.com/imgml/TP/teams/logos/70x70/52336.png","https://img.uefa.com/imgml/TP/teams/logos/240x240/52336.png","252336","BRA","DOMESTIC_MEN_TEAM_A","","DOMESTIC","Portugal","Braga","SC Braga","BRA","266","MINUTE","5","0","0","32.75","KILOMETER","29.9","KILOMETER_PER_HOUR"
"250113211","50147","24","2000-12-29","10","Orkun Kökcü","TUR","ATTACKING_MIDFIELDER","MIDFIELDER","MALE","","./image/250113211.jpg","Orkun Kökçü","MIDFIELDER","6","ORKUN KÖKÇÜ","135","","Turquie","Milieu","","Orkun Kökçü","Orkun Kökçü","Orkun Kökçü","200110","./assoc/200110_POR.svg","./logo/50147.png","UEFA","POR","50147","FAME","Benfica","","https://img.uefa.com/imgml/TP/teams/logos/70x70/50147.png","https://img.uefa.com/imgml/TP/teams/logos/240x240/50147.png","250147","BEN","DOMESTIC_MEN_TEAM_A","","DOMESTIC","Portugal","Benfica","SL Benfica","BEN","264","MINUTE","5","0","0","33.78","KILOMETER","32","KILOMETER_PER_HOUR"
"250157930","50031","26","1999-08-05","77","J. MONTEIRO","SUI","UNKNOWN","FORWARD","MALE","","./image/250157930.jpg","Joel Monteiro","FORWARD","14","Monteiro","128","","Suisse","Attaquant","Joel","Monteiro","Joel Monteiro","Monteiro","200128","./assoc/200128_SUI.svg","./logo/50031.png","UEFA","SUI","50031","FAME","Young Boys","","https://img.uefa.com/imgml/TP/teams/logos/70x70/50031.png","https://img.uefa.com/imgml/TP/teams/logos/240x240/50031.png","250031","YB","DOMESTIC_MEN_TEAM_A","","DOMESTIC","Suisse","Young Boys","BSC Young Boys","YB","264","MINUTE","4","0","1","34.29","KILOMETER","33.71","KILOMETER_PER_HOUR"
"250169373","50113","23","2002-05-10","27","Keita","BEL","UNKNOWN","DEFENDER","MALE","","./image/250169373.jpg","Mandela Keita","DEFENDER","6","Keita","13","","Belgique","Défenseur","Mandela","Keita","Mandela Keita","Keita","200013","./assoc/200013_BEL.svg","./logo/50113.png","UEFA","BEL","50113","FAME","Antwerp","","https://img.uefa.com/imgml/TP/teams/logos/70x70/50113.png","https://img.uefa.com/imgml/TP/teams/logos/240x240/50113.png","250113","ANT","DOMESTIC_MEN_TEAM_A","","DOMESTIC","Belgique","Antwerp","Royal Antwerp FC","ANT","263","MINUTE","3","0","0","35.29","KILOMETER","29.4","KILOMETER_PER_HOUR"
"250029032","77977","32","1993-01-06","26","Roussillon","FRA","FULL_BACK","DEFENDER","MALE","","./image/250029032.jpg","Jérôme Roussillon","DEFENDER","","Roussillon","300043","","France","Défenseur","Jérôme","Roussillon","Jérôme Roussillon","Roussillon","200047","./assoc/200047_GER.svg","./logo/77977.png","UEFA","GER","77977","FAME","Union Berlin","","https://img.uefa.com/imgml/TP/teams/logos/70x70/77977.png","https://img.uefa.com/imgml/TP/teams/logos/240x240/77977.png","277977","UBE","DOMESTIC_MEN_TEAM_A","","DOMESTIC","Allemagne","Union Berlin","1. FC Union Berlin","UBE","262","MINUTE","4","0","1","31.9","KILOMETER","32","KILOMETER_PER_HOUR"
"250101715","77977","27","1998-06-30","5","Doekhi","NED","UNKNOWN","DEFENDER","MALE","","./image/250101715.jpg","Danilho Doekhi","DEFENDER","13","Danilho","200095","","Pays-Bas","Défenseur","Danilho","Doekhi","Danilho Doekhi","Doekhi","200047","./assoc/200047_GER.svg","./logo/77977.png","UEFA","GER","77977","FAME","Union Berlin","","https://img.uefa.com/imgml/TP/teams/logos/70x70/77977.png","https://img.uefa.com/imgml/TP/teams/logos/240x240/77977.png","277977","UBE","DOMESTIC_MEN_TEAM_A","","DOMESTIC","Allemagne","Union Berlin","1. FC Union Berlin","UBE","260","MINUTE","3","0","0","31.6","KILOMETER","30","KILOMETER_PER_HOUR"
"250017925","77977","38","1987-05-01","23","BONUCCI","ITA","CENTRE_BACK","DEFENDER","MALE","190","./image/250017925.jpg","Leonardo Bonucci","DEFENDER","19","Bonucci","66","86","Italie","Défenseur","Leonardo","Bonucci","Leonardo Bonucci","Bonucci","200047","./assoc/200047_GER.svg","./logo/77977.png","UEFA","GER","77977","FAME","Union Berlin","","https://img.uefa.com/imgml/TP/teams/logos/70x70/77977.png","https://img.uefa.com/imgml/TP/teams/logos/240x240/77977.png","277977","UBE","DOMESTIC_MEN_TEAM_A","","DOMESTIC","Allemagne","Union Berlin","1. FC Union Berlin","UBE","260","MINUTE","3","0","0","28.71","KILOMETER","28.8","KILOMETER_PER_HOUR"
"250139036","50124","22","2003-06-15","8","BARRIOS","ESP","UNKNOWN","MIDFIELDER","MALE","","./image/250139036.jpg","Pablo Barrios","MIDFIELDER","15","BARRIOS","122","","Espagne","Milieu","Pablo","Barrios","Pablo Barrios","Barrios","200122","./assoc/200122_ESP.svg","./logo/50124.png","UEFA","ESP","50124","FAME","Atleti","","https://img.uefa.com/imgml/TP/teams/logos/70x70/50124.png","https://img.uefa.com/imgml/TP/teams/logos/240x240/50124.png","250124","ATM","DOMESTIC_MEN_TEAM_A","","DOMESTIC","Espagne","Atleti","Atlético de Madrid","ATM","258","MINUTE","7","1","1","36.99","KILOMETER","32.6","KILOMETER_PER_HOUR"
"250132313","52973","29","1996-08-05","18","Kamada","JPN","ATTACKING_MIDFIELDER","MIDFIELDER","MALE","","./image/250132313.jpg","Daichi Kamada","MIDFIELDER","8","Kamada","69","","Japon","Milieu","Daichi","Kamada","Daichi Kamada","Kamada","200066","./assoc/200066_ITA.svg","./logo/52973.png","UEFA","ITA","52973","FAME","Lazio","","https://img.uefa.com/imgml/TP/teams/logos/70x70/52973.png","https://img.uefa.com/imgml/TP/teams/logos/240x240/52973.png","252973","LAZ","DOMESTIC_MEN_TEAM_A","","DOMESTIC","Italie","Lazio","S.S. Lazio","LAZ","257","MINUTE","7","0","0","35.25","KILOMETER","30.5","KILOMETER_PER_HOUR"
"250112974","52707","26","1999-08-26","26","Konoplia","UKR","UNKNOWN","DEFENDER","MALE","","./image/250112974.jpg","Yukhym Konoplia","DEFENDER","2","Konoplia","57166","","Ukraine","Défenseur","Yukhym","Konoplia","Yukhym Konoplia","Konoplia","257166","./assoc/257166_UKR.svg","./logo/52707.png","UEFA","UKR","52707","FAME","Shakhtar","","https://img.uefa.com/imgml/TP/teams/logos/70x70/52707.png","https://img.uefa.com/imgml/TP/teams/logos/240x240/52707.png","252707","SHK","DOMESTIC_MEN_TEAM_A","","DOMESTIC","Ukraine","Shakhtar","FC Shakhtar Donetsk","SHK","256","MINUTE","3","0","1","29.96","KILOMETER","31.4","KILOMETER_PER_HOUR"
"250053191","50067","32","1993-03-19","22","ZIYECH","MAR","CENTRAL_MIDFIELDER","MIDFIELDER","MALE","180","./image/250053191.jpg","Hakim Ziyech","MIDFIELDER","7","Ziyech","92","70","Maroc","Milieu","Hakim","Ziyech","Hakim Ziyech","Ziyech","200135","./assoc/200135_TUR.svg","./logo/50067.png","UEFA","TUR","50067","FAME","Galatasaray","","https://img.uefa.com/imgml/TP/teams/logos/70x70/50067.png","https://img.uefa.com/imgml/TP/teams/logos/240x240/50067.png","250067","GAL","DOMESTIC_MEN_TEAM_A","","DOMESTIC","Turquie","Galatasaray","Galatasaray A.Ş.","GAL","251","MINUTE","5","2","1","29.07","KILOMETER","30.5","KILOMETER_PER_HOUR"
"250186923","50123","30","1994-11-19","21","JAVI GALÁN","ESP","UNKNOWN","DEFENDER","MALE","","./image/250186923.jpg","Javier Galán","DEFENDER","","Galán","","","Espagne","Défenseur","Javier","Galán","Javier Galán","Galán","200122","./assoc/200122_ESP.svg","./logo/50123.png","UEFA","ESP","50123","FAME","Real Sociedad","","https://img.uefa.com/imgml/TP/teams/logos/70x70/50123.png","https://img.uefa.com/imgml/TP/teams/logos/240x240/50123.png","250123","RSO","DOMESTIC_MEN_TEAM_A","","DOMESTIC","Espagne","Real Sociedad","Real Sociedad de Fútbol","RSO","251","MINUTE","4","0","0","29.79","KILOMETER","33.1","KILOMETER_PER_HOUR"
"1906540","50051","33","1992-06-24","4","ALABA","AUT","FULL_BACK","DEFENDER","MALE","180","./image/1906540.jpg","David Alaba","DEFENDER","8","Alaba","8","75","Autriche","Défenseur","David","Alaba","David Alaba","Alaba","200122","./assoc/200122_ESP.svg","./logo/50051.png","UEFA","ESP","50051","FAME","Real Madrid","","https://img.uefa.com/imgml/TP/teams/logos/70x70/50051.png","https://img.uefa.com/imgml/TP/teams/logos/240x240/50051.png","250051","RMA","DOMESTIC_MEN_TEAM_A","","DOMESTIC","Espagne","Real Madrid","Real Madrid C.F.","RMA","251","MINUTE","3","0","1","27.69","KILOMETER","33.3","KILOMETER_PER_HOUR"
"250105617","50136","25","2000-02-18","22","Raspadori","ITA","UNKNOWN","FORWARD","MALE","","./image/250105617.jpg","Giacomo Raspadori","FORWARD","10","Raspadori","66","","Italie","Attaquant","Giacomo","Raspadori","Giacomo Raspadori","Raspadori","200066","./assoc/200066_ITA.svg","./logo/50136.png","UEFA","ITA","50136","FAME","Napoli","","https://img.uefa.com/imgml/TP/teams/logos/70x70/50136.png","https://img.uefa.com/imgml/TP/teams/logos/240x240/50136.png","250136","NAP","DOMESTIC_MEN_TEAM_A","","DOMESTIC","Italie","Napoli","SSC Napoli","NAP","250","MINUTE","8","1","0","36.12","KILOMETER","32.3","KILOMETER_PER_HOUR"
"250077921","77977","27","1998-05-19","33","Král","CZE","UNKNOWN","MIDFIELDER","MALE","","./image/250077921.jpg","Alex Král","MIDFIELDER","21","Král","58837","","Tchéquie","Milieu","Alex","Král","Alex Král","Král","200047","./assoc/200047_GER.svg","./logo/77977.png","UEFA","GER","77977","FAME","Union Berlin","","https://img.uefa.com/imgml/TP/teams/logos/70x70/77977.png","https://img.uefa.com/imgml/TP/teams/logos/240x240/77977.png","277977","UBE","DOMESTIC_MEN_TEAM_A","","DOMESTIC","Allemagne","Union Berlin","1. FC Union Berlin","UBE","247","MINUTE","6","1","1","35.08","KILOMETER","30.7","KILOMETER_PER_HOUR"
"250067658","52714","28","1997-09-24","11","Lukebakio","BEL","UNKNOWN","FORWARD","MALE","","./image/250067658.jpg","Dodi Lukébakio","FORWARD","14","Lukebakio","13","","Belgique","Attaquant","Dodi","Lukébakio","Dodi Lukébakio","Lukébakio","200122","./assoc/200122_ESP.svg","./logo/52714.png","UEFA","ESP","52714","FAME","Sevilla","","https://img.uefa.com/imgml/TP/teams/logos/70x70/52714.png","https://img.uefa.com/imgml/TP/teams/logos/240x240/52714.png","252714","SEV","DOMESTIC_MEN_TEAM_A","","DOMESTIC","Espagne","Sevilla","Sevilla FC","SEV","247","MINUTE","4","0","0","28.37","KILOMETER","33.6","KILOMETER_PER_HOUR"
"250101877","52973","24","2001-04-19","18","Isaksen","DEN","WINGER","FORWARD","MALE","","./image/250101877.jpg","Gustav Isaksen","FORWARD","8","Isaksen","35","","Danemark","Attaquant","Gustav","Isaksen","Gustav Isaksen","Isaksen","200066","./assoc/200066_ITA.svg","./logo/52973.png","UEFA","ITA","52973","FAME","Lazio","","https://img.uefa.com/imgml/TP/teams/logos/70x70/52973.png","https://img.uefa.com/imgml/TP/teams/logos/240x240/52973.png","252973","LAZ","DOMESTIC_MEN_TEAM_A","","DOMESTIC","Italie","Lazio","S.S. Lazio","LAZ","243","MINUTE","5","0","1","31.76","KILOMETER","32","KILOMETER_PER_HOUR"
"250117405","50064","22","2002-12-14","7","F. Conceição","POR","UNKNOWN","FORWARD","MALE","","./image/250117405.jpg","Francisco Conceição","FORWARD","20","F. CONCEIÇÃO","110","","Portugal","Attaquant","","Francisco Conceição","Francisco Conceição","Francisco Conceição","200110","./assoc/200110_POR.svg","./logo/50064.png","UEFA","POR","50064","FAME","Porto","","https://img.uefa.com/imgml/TP/teams/logos/70x70/50064.png","https://img.uefa.com/imgml/TP/teams/logos/240x240/50064.png","250064","POR","DOMESTIC_MEN_TEAM_A","","DOMESTIC","Portugal","Porto","FC Porto","POR","241","MINUTE","8","1","1","35","KILOMETER","32.8","KILOMETER_PER_HOUR"
"250102294","50064","27","1998-04-12","20","A. Franco","POR","UNKNOWN","MIDFIELDER","MALE","","./image/250102294.jpg","André Franco","FORWARD","","","","","Portugal","Milieu","","André Franco","André Franco","André Franco","200110","./assoc/200110_POR.svg","./logo/50064.png","UEFA","POR","50064","FAME","Porto","","https://img.uefa.com/imgml/TP/teams/logos/70x70/50064.png","https://img.uefa.com/imgml/TP/teams/logos/240x240/50064.png","250064","POR","DOMESTIC_MEN_TEAM_A","","DOMESTIC","Portugal","Porto","FC Porto","POR","240","MINUTE","4","0","1","35.24","KILOMETER","31.9","KILOMETER_PER_HOUR"
"250081923","77977","28","1997-04-29","29","Tousart","FRA","DEFENSIVE_MIDFIELDER","MIDFIELDER","MALE","185","./image/250081923.jpg","Lucas Tousart","MIDFIELDER","6","TOUSART","200043","83","France","Milieu","Lucas","Tousart","Lucas Tousart","Tousart","200047","./assoc/200047_GER.svg","./logo/77977.png","UEFA","GER","77977","FAME","Union Berlin","","https://img.uefa.com/imgml/TP/teams/logos/70x70/77977.png","https://img.uefa.com/imgml/TP/teams/logos/240x240/77977.png","277977","UBE","DOMESTIC_MEN_TEAM_A","","DOMESTIC","Allemagne","Union Berlin","1. FC Union Berlin","UBE","238","MINUTE","5","0","1","34.21","KILOMETER","31.1","KILOMETER_PER_HOUR"
"250171301","50030","21","2004-03-21","19","Konate","CIV","UNKNOWN","FORWARD","MALE","","./image/250171301.jpg","Karim Konaté","FORWARD","","Konaté","67","","Côte d'Ivoire","Attaquant","Karim","Konaté","Karim Konaté","Konaté","200008","./assoc/200008_AUT.svg","./logo/50030.png","UEFA","AUT","50030","FAME","Salzburg","","https://img.uefa.com/imgml/TP/teams/logos/70x70/50030.png","https://img.uefa.com/imgml/TP/teams/logos/240x240/50030.png","250030","SAL","DOMESTIC_MEN_TEAM_A","","DOMESTIC","Autriche","Salzburg","FC Salzburg","SAL","238","MINUTE","5","0","0","31.83","KILOMETER","34.4","KILOMETER_PER_HOUR"
"250164008","50069","19","2005-12-16","20","Nedeljković","SRB","UNKNOWN","DEFENDER","MALE","","./image/250164008.jpg","Kosta Nedeljković","DEFENDER","2","Nedeljković","147","","Serbie","Défenseur","Kosta","Nedeljković","Kosta Nedeljković","Nedeljković","200147","./assoc/200147_SRB.svg","./logo/50069.png","UEFA","SRB","50069","FAME","Crvena Zvezda","","https://img.uefa.com/imgml/TP/teams/logos/70x70/50069.png","https://img.uefa.com/imgml/TP/teams/logos/240x240/50069.png","250069","ZVE","DOMESTIC_MEN_TEAM_A","","DOMESTIC","Serbie","Crvena Zvezda","FK Crvena Zvezda","ZVE","238","MINUTE","4","0","0","29.94","KILOMETER","32.21","KILOMETER_PER_HOUR"
"250127450","59324","33","1992-02-27","9","Wilson","ENG","","FORWARD","MALE","","./image/250127450.jpg","Callum Wilson","FORWARD","24","Wilson","39","","Angleterre","Attaquant","Callum","Wilson","Callum Wilson","Wilson","200039","./assoc/200039_ENG.svg","./logo/59324.png","UEFA","ENG","59324","FAME","Newcastle","","https://img.uefa.com/imgml/TP/teams/logos/70x70/59324.png","https://img.uefa.com/imgml/TP/teams/logos/240x240/59324.png","259324","NEW","DOMESTIC_MEN_TEAM_A","","DOMESTIC","Angleterre","Newcastle","Newcastle United FC","NEW","237","MINUTE","4","0","0","25.77","KILOMETER","33.5","KILOMETER_PER_HOUR"
"250138608","50147","27","1998-03-04","33","Musa","CRO","STRIKER","FORWARD","MALE","","./image/250138608.jpg","Petar Musa","FORWARD","18","Musa","56370","","Croatie","Attaquant","Petar","Musa","Petar Musa","Musa","200110","./assoc/200110_POR.svg","./logo/50147.png","UEFA","POR","50147","FAME","Benfica","","https://img.uefa.com/imgml/TP/teams/logos/70x70/50147.png","https://img.uefa.com/imgml/TP/teams/logos/240x240/50147.png","250147","BEN","DOMESTIC_MEN_TEAM_A","","DOMESTIC","Portugal","Benfica","SL Benfica","BEN","233","MINUTE","6","0","0","32.77","KILOMETER","34.3","KILOMETER_PER_HOUR"
"250023705","77977","33","1992-07-30","10","Volland","GER","STRIKER","FORWARD","MALE","179","./image/250023705.jpg","Kevin Volland","FORWARD","9","Volland","47","82","Allemagne","Attaquant","Kevin","Volland","Kevin Volland","Volland","200047","./assoc/200047_GER.svg","./logo/77977.png","UEFA","GER","77977","FAME","Union Berlin","","https://img.uefa.com/imgml/TP/teams/logos/70x70/77977.png","https://img.uefa.com/imgml/TP/teams/logos/240x240/77977.png","277977","UBE","DOMESTIC_MEN_TEAM_A","","DOMESTIC","Allemagne","Union Berlin","1. FC Union Berlin","UBE","233","MINUTE","5","1","0","30.6","KILOMETER","32.3","KILOMETER_PER_HOUR"
"250144211","52682","25","2000-02-24","7","ANTONY","BRA","WINGER","FORWARD","MALE","","./image/250144211.jpg","Antony","FORWARD","19","Antony","18","","Brésil","Attaquant","","Antony","Antony","Antony","200039","./assoc/200039_ENG.svg","./logo/52682.png","UEFA","ENG","52682","FAME","Man Utd","","https://img.uefa.com/imgml/TP/teams/logos/70x70/52682.png","https://img.uefa.com/imgml/TP/teams/logos/240x240/52682.png","252682","MUN","DOMESTIC_MEN_TEAM_A","","DOMESTIC","Angleterre","Man Utd","Manchester United","MUN","233","MINUTE","4","0","0","28.27","KILOMETER","34.3","KILOMETER_PER_HOUR"
"250132526","50067","25","2000-02-15","10","TETE","BRA","WINGER","FORWARD","MALE","","./image/250132526.jpg","Tetê","MIDFIELDER","","Cardoso Lemos Martins","","","Brésil","Attaquant","","Tetê","Tetê","Tetê","200135","./assoc/200135_TUR.svg","./logo/50067.png","UEFA","TUR","50067","FAME","Galatasaray","","https://img.uefa.com/imgml/TP/teams/logos/70x70/50067.png","https://img.uefa.com/imgml/TP/teams/logos/240x240/50067.png","250067","GAL","DOMESTIC_MEN_TEAM_A","","DOMESTIC","Turquie","Galatasaray","Galatasaray A.Ş.","GAL","230","MINUTE","5","1","1","28.75","KILOMETER","32","KILOMETER_PER_HOUR"
"250139255","50080","21","2004-08-05","6","Gavi","ESP","UNKNOWN","MIDFIELDER","MALE","","./image/250139255.jpg","Gavi","MIDFIELDER","9","GAVI","122","","Espagne","Milieu","","Gavi","Gavi","Gavi","200122","./assoc/200122_ESP.svg","./logo/50080.png","UEFA","ESP","50080","FAME","Barcelona","","https://img.uefa.com/imgml/TP/teams/logos/70x70/50080.png","https://img.uefa.com/imgml/TP/teams/logos/240x240/50080.png","250080","BAR","DOMESTIC_MEN_TEAM_A","","DOMESTIC","Espagne","Barcelona","FC Barcelona","BAR","229","MINUTE","3","1","0","32.96","KILOMETER","31.9","KILOMETER_PER_HOUR"
"250132409","52277","31","1993-12-10","28","Thomasson","FRA","","MIDFIELDER","MALE","","./image/250132409.jpg","Adrien Thomasson","MIDFIELDER","","Thomasson","","","France","Milieu","Adrien","Thomasson","Adrien Thomasson","Thomasson","200043","./assoc/200043_FRA.svg","./logo/52277.png","UEFA","FRA","52277","FAME","Lens","","https://img.uefa.com/imgml/TP/teams/logos/70x70/52277.png","https://img.uefa.com/imgml/TP/teams/logos/240x240/52277.png","252277","LEN","DOMESTIC_MEN_TEAM_A","","DOMESTIC","France","Lens","RC Lens","LEN","224","MINUTE","5","1","0","34.49","KILOMETER","29.6","KILOMETER_PER_HOUR"
"250012092","50113","36","1988-11-28","2","De Laet","BEL","CENTRE_BACK","DEFENDER","MALE","","./image/250012092.jpg","Ritchie De Laet","DEFENDER","","De Laet","200013","","Belgique","Défenseur","Ritchie","De Laet","Ritchie De Laet","De Laet","200013","./assoc/200013_BEL.svg","./logo/50113.png","UEFA","BEL","50113","FAME","Antwerp","","https://img.uefa.com/imgml/TP/teams/logos/70x70/50113.png","https://img.uefa.com/imgml/TP/teams/logos/240x240/50113.png","250113","ANT","DOMESTIC_MEN_TEAM_A","","DOMESTIC","Belgique","Antwerp","Royal Antwerp FC","ANT","224","MINUTE","4","0","0","27.67","KILOMETER","34.21","KILOMETER_PER_HOUR"
"250123952","50064","23","2002-01-03","14","Nico","ESP","UNKNOWN","MIDFIELDER","MALE","","./image/250123952.jpg","Nico González","MIDFIELDER","16","NICO","200122","","Espagne","Milieu","","Nico González","Nico González","Nico González","200110","./assoc/200110_POR.svg","./logo/50064.png","UEFA","POR","50064","FAME","Porto","","https://img.uefa.com/imgml/TP/teams/logos/70x70/50064.png","https://img.uefa.com/imgml/TP/teams/logos/240x240/50064.png","250064","POR","DOMESTIC_MEN_TEAM_A","","DOMESTIC","Portugal","Porto","FC Porto","POR","222","MINUTE","6","0","0","33.21","KILOMETER","31.5","KILOMETER_PER_HOUR"
"250112969","52707","25","2000-08-21","21","Bondarenko","UKR","CENTRAL_MIDFIELDER","MIDFIELDER","MALE","","./image/250112969.jpg","Artem Bondarenko","MIDFIELDER","17","Bondarenko","57166","","Ukraine","Milieu","Artem","Bondarenko","Artem Bondarenko","Bondarenko","257166","./assoc/257166_UKR.svg","./logo/52707.png","UEFA","UKR","52707","FAME","Shakhtar","","https://img.uefa.com/imgml/TP/teams/logos/70x70/52707.png","https://img.uefa.com/imgml/TP/teams/logos/240x240/52707.png","252707","SHK","DOMESTIC_MEN_TEAM_A","","DOMESTIC","Ukraine","Shakhtar","FC Shakhtar Donetsk","SHK","220","MINUTE","4","0","0","30.02","KILOMETER","31.4","KILOMETER_PER_HOUR"
"69173","52714","39","1985-11-21","16","J. Navas","ESP","FULL_BACK","FORWARD","MALE","170","./image/69173.jpg","Jesús Navas","FORWARD","22","J. Navas","122","60","Espagne","Attaquant","","Jesús Navas","Jesús Navas","Jesús Navas","200122","./assoc/200122_ESP.svg","./logo/52714.png","UEFA","ESP","52714","FAME","Sevilla","","https://img.uefa.com/imgml/TP/teams/logos/70x70/52714.png","https://img.uefa.com/imgml/TP/teams/logos/240x240/52714.png","252714","SEV","DOMESTIC_MEN_TEAM_A","","DOMESTIC","Espagne","Sevilla","Sevilla FC","SEV","219","MINUTE","4","0","0","26.73","KILOMETER","32.21","KILOMETER_PER_HOUR"
"101177","50030","39","1985-10-30","17","Ulmer","AUT","FULL_BACK","DEFENDER","MALE","175","./image/101177.jpg","Andreas Ulmer","DEFENDER","2","Ulmer","8","69","Autriche","Défenseur","Andreas","Ulmer","Andreas Ulmer","Ulmer","200008","./assoc/200008_AUT.svg","./logo/50030.png","UEFA","AUT","50030","FAME","Salzburg","","https://img.uefa.com/imgml/TP/teams/logos/70x70/50030.png","https://img.uefa.com/imgml/TP/teams/logos/240x240/50030.png","250030","SAL","DOMESTIC_MEN_TEAM_A","","DOMESTIC","Autriche","Salzburg","FC Salzburg","SAL","219","MINUTE","3","0","0","25.9","KILOMETER","33.3","KILOMETER_PER_HOUR"
"250129880","50123","22","2003-05-26","8","Zakharyan","RUS","UNKNOWN","MIDFIELDER","MALE","","./image/250129880.jpg","Arsen Zakharyan","MIDFIELDER","8","Zakharian","57451","","Russie","Milieu","Arsen","Zakharyan","Arsen Zakharyan","Zakharyan","200122","./assoc/200122_ESP.svg","./logo/50123.png","UEFA","ESP","50123","FAME","Real Sociedad","","https://img.uefa.com/imgml/TP/teams/logos/70x70/50123.png","https://img.uefa.com/imgml/TP/teams/logos/240x240/50123.png","250123","RSO","DOMESTIC_MEN_TEAM_A","","DOMESTIC","Espagne","Real Sociedad","Real Sociedad de Fútbol","RSO","217","MINUTE","5","0","0","29.14","KILOMETER","32.9","KILOMETER_PER_HOUR"
"250129162","52919","22","2003-07-12","52","Bobb","NOR","UNKNOWN","MIDFIELDER","MALE","","./image/250129162.jpg","Oscar Bobb","MIDFIELDER","22","Bobb","101","","Norvège","Milieu","Oscar","Bobb","Oscar Bobb","Bobb","200039","./assoc/200039_ENG.svg","./logo/52919.png","UEFA","ENG","52919","FAME","Man City","","https://img.uefa.com/imgml/TP/teams/logos/70x70/52919.png","https://img.uefa.com/imgml/TP/teams/logos/240x240/52919.png","252919","MCI","DOMESTIC_MEN_TEAM_A","","DOMESTIC","Angleterre","Man City","Manchester City","MCI","217","MINUTE","4","1","0","28.95","KILOMETER","32.5","KILOMETER_PER_HOUR"
"250124169","50031","24","2001-07-27","27","BLUM","SUI","FULL_BACK","DEFENDER","MALE","","./image/250124169.jpg","Lewin Blum","DEFENDER","2","Blum","200128","","Suisse","Défenseur","Lewin","Blum","Lewin Blum","Blum","200128","./assoc/200128_SUI.svg","./logo/50031.png","UEFA","SUI","50031","FAME","Young Boys","","https://img.uefa.com/imgml/TP/teams/logos/70x70/50031.png","https://img.uefa.com/imgml/TP/teams/logos/240x240/50031.png","250031","YB","DOMESTIC_MEN_TEAM_A","","DOMESTIC","Suisse","Young Boys","BSC Young Boys","YB","217","MINUTE","4","1","0","27.45","KILOMETER","33","KILOMETER_PER_HOUR"
"250187671","52707","20","2005-06-03","11","Newertton","BRA","UNKNOWN","MIDFIELDER","MALE","","./image/250187671.jpg","Newertton","MIDFIELDER","","Newertton","","","Brésil","Milieu","","Newertton","Newertton","Newertton","257166","./assoc/257166_UKR.svg","./logo/52707.png","UEFA","UKR","52707","FAME","Shakhtar","","https://img.uefa.com/imgml/TP/teams/logos/70x70/52707.png","https://img.uefa.com/imgml/TP/teams/logos/240x240/52707.png","252707","SHK","DOMESTIC_MEN_TEAM_A","","DOMESTIC","Ukraine","Shakhtar","FC Shakhtar Donetsk","SHK","217","MINUTE","4","0","0","27.73","KILOMETER","33","KILOMETER_PER_HOUR"
"250087425","52714","26","1999-02-27","24","B. Soumaré","FRA","DEFENSIVE_MIDFIELDER","MIDFIELDER","MALE","","./image/250087425.jpg","Boubakary Soumaré","MIDFIELDER","20","Soumaré","200043","","France","Milieu","Boubakary","Soumaré","Boubakary Soumaré","Soumaré","200122","./assoc/200122_ESP.svg","./logo/52714.png","UEFA","ESP","52714","FAME","Sevilla","","https://img.uefa.com/imgml/TP/teams/logos/70x70/52714.png","https://img.uefa.com/imgml/TP/teams/logos/240x240/52714.png","252714","SEV","DOMESTIC_MEN_TEAM_A","","DOMESTIC","Espagne","Sevilla","Sevilla FC","SEV","215","MINUTE","4","0","0","25.2","KILOMETER","32.71","KILOMETER_PER_HOUR"
"1907928","50136","34","1991-05-27","6","Mario Rui","POR","FULL_BACK","DEFENDER","MALE","","./image/1907928.jpg","Mário Rui","DEFENDER","19","Mário Rui","110","","Portugal","Défenseur","","Mário Rui","Mário Rui","Mário Rui","200066","./assoc/200066_ITA.svg","./logo/50136.png","UEFA","ITA","50136","FAME","Napoli","","https://img.uefa.com/imgml/TP/teams/logos/70x70/50136.png","https://img.uefa.com/imgml/TP/teams/logos/240x240/50136.png","250136","NAP","DOMESTIC_MEN_TEAM_A","","DOMESTIC","Italie","Napoli","SSC Napoli","NAP","214","MINUTE","4","0","1","24.35","KILOMETER","32.8","KILOMETER_PER_HOUR"
"250187694","52973","27","1998-10-03","11","Taty","ARG","UNKNOWN","FORWARD","MALE","","./image/250187694.jpg","Taty Castellanos","FORWARD","","Taty","","","Argentine","Attaquant","Taty","Castellanos","Taty Castellanos","Castellanos","200066","./assoc/200066_ITA.svg","./logo/52973.png","UEFA","ITA","52973","FAME","Lazio","","https://img.uefa.com/imgml/TP/teams/logos/70x70/52973.png","https://img.uefa.com/imgml/TP/teams/logos/240x240/52973.png","252973","LAZ","DOMESTIC_MEN_TEAM_A","","DOMESTIC","Italie","Lazio","S.S. Lazio","LAZ","213","MINUTE","7","0","0","28.88","KILOMETER","32.1","KILOMETER_PER_HOUR"
"250123067","52682","27","1997-11-26","29","Wan-Bissaka","ENG","FULL_BACK","DEFENDER","MALE","","./image/250123067.jpg","Aaron Wan-Bissaka","DEFENDER","2","Wan-Bissaka","39","","Angleterre","Défenseur","Aaron","Wan-Bissaka","Aaron Wan-Bissaka","Wan-Bissaka","200039","./assoc/200039_ENG.svg","./logo/52682.png","UEFA","ENG","52682","FAME","Man Utd","","https://img.uefa.com/imgml/TP/teams/logos/70x70/52682.png","https://img.uefa.com/imgml/TP/teams/logos/240x240/52682.png","252682","MUN","DOMESTIC_MEN_TEAM_A","","DOMESTIC","Angleterre","Man Utd","Manchester United","MUN","213","MINUTE","3","0","1","25.55","KILOMETER","32.6","KILOMETER_PER_HOUR"
"250116654","52747","24","2001-06-20","9","G.RAMOS","POR","STRIKER","FORWARD","MALE","","./image/250116654.jpg","Gonçalo Ramos","FORWARD","9","G. RAMOS","110","","Portugal","Attaquant","","Gonçalo Ramos","Gonçalo Ramos","Gonçalo Ramos","200043","./assoc/200043_FRA.svg","./logo/52747.png","UEFA","FRA","52747","FAME","Paris","","https://img.uefa.com/imgml/TP/teams/logos/70x70/52747.png","https://img.uefa.com/imgml/TP/teams/logos/240x240/52747.png","252747","PSG","DOMESTIC_MEN_TEAM_A","","DOMESTIC","France","Paris","Paris Saint-Germain","PSG","211","MINUTE","7","0","0","30.41","KILOMETER","29.8","KILOMETER_PER_HOUR"
"250172594","50030","22","2003-08-18","21","Ratkov","SRB","UNKNOWN","FORWARD","MALE","","./image/250172594.jpg","Petar Ratkov","FORWARD","9","Ratkov","147","","Serbie","Attaquant","Petar","Ratkov","Petar Ratkov","Ratkov","200008","./assoc/200008_AUT.svg","./logo/50030.png","UEFA","AUT","50030","FAME","Salzburg","","https://img.uefa.com/imgml/TP/teams/logos/70x70/50030.png","https://img.uefa.com/imgml/TP/teams/logos/240x240/50030.png","250030","SAL","DOMESTIC_MEN_TEAM_A","","DOMESTIC","Autriche","Salzburg","FC Salzburg","SAL","211","MINUTE","6","0","0","29.16","KILOMETER","31.8","KILOMETER_PER_HOUR"
"250087542","52336","25","2000-01-28","9","Abel Ruiz","ESP","STRIKER","FORWARD","MALE","","./image/250087542.jpg","Abel Ruiz","FORWARD","19","Abel Ruiz","122","","Espagne","Attaquant","","Abel Ruiz","Abel Ruiz","Abel Ruiz","200110","./assoc/200110_POR.svg","./logo/52336.png","UEFA","POR","52336","FAME","Braga","","https://img.uefa.com/imgml/TP/teams/logos/70x70/52336.png","https://img.uefa.com/imgml/TP/teams/logos/240x240/52336.png","252336","BRA","DOMESTIC_MEN_TEAM_A","","DOMESTIC","Portugal","Braga","SC Braga","BRA","211","MINUTE","6","0","0","26.33","KILOMETER","32.21","KILOMETER_PER_HOUR"
"250169412","50069","23","2002-08-15","80","Mitrović","SRB","UNKNOWN","MIDFIELDER","MALE","","./image/250169412.jpg","Stefan Mitrović","MIDFIELDER","22","S. Mitrović","147","","Serbie","Milieu","Stefan","Mitrović","Stefan Mitrović","Mitrović","200147","./assoc/200147_SRB.svg","./logo/50069.png","UEFA","SRB","50069","FAME","Crvena Zvezda","","https://img.uefa.com/imgml/TP/teams/logos/70x70/50069.png","https://img.uefa.com/imgml/TP/teams/logos/240x240/50069.png","250069","ZVE","DOMESTIC_MEN_TEAM_A","","DOMESTIC","Serbie","Crvena Zvezda","FK Crvena Zvezda","ZVE","211","MINUTE","3","0","0","26.9","KILOMETER","31.5","KILOMETER_PER_HOUR"
"250161140","50030","27","1998-09-14","7","Capaldo","ARG","UNKNOWN","MIDFIELDER","MALE","","./image/250161140.jpg","Nicolás Capaldo","MIDFIELDER","","Capaldo","","","Argentine","Milieu","Nicolás","Capaldo","Nicolás Capaldo","Capaldo","200008","./assoc/200008_AUT.svg","./logo/50030.png","UEFA","AUT","50030","FAME","Salzburg","","https://img.uefa.com/imgml/TP/teams/logos/70x70/50030.png","https://img.uefa.com/imgml/TP/teams/logos/240x240/50030.png","250030","SAL","DOMESTIC_MEN_TEAM_A","","DOMESTIC","Autriche","Salzburg","FC Salzburg","SAL","210","MINUTE","4","0","0","27.39","KILOMETER","32.8","KILOMETER_PER_HOUR"
"250064252","50058","32","1993-10-07","33","Krunić","BIH","CENTRAL_MIDFIELDER","MIDFIELDER","MALE","184","./image/250064252.jpg","Rade Krunić","MIDFIELDER","8","Krunić","60094","74","Bosnie-Herzégovine","Milieu","Rade","Krunić","Rade Krunić","Krunić","200066","./assoc/200066_ITA.svg","./logo/50058.png","UEFA","ITA","50058","FAME","Milan","","https://img.uefa.com/imgml/TP/teams/logos/70x70/50058.png","https://img.uefa.com/imgml/TP/teams/logos/240x240/50058.png","250058","MIL","DOMESTIC_MEN_TEAM_A","","DOMESTIC","Italie","Milan","AC Milan","MIL","210","MINUTE","4","0","0","26.43","KILOMETER","29.7","KILOMETER_PER_HOUR"
"250193527","50064","23","2002-04-21","4","Otávio","BRA","UNKNOWN","DEFENDER","MALE","","./image/250193527.jpg","Otávio","FORWARD","","Ataide da Silva","","","Brésil","Défenseur","","Otávio","Otávio","Otávio","200110","./assoc/200110_POR.svg","./logo/50064.png","UEFA","POR","50064","FAME","Porto","","https://img.uefa.com/imgml/TP/teams/logos/70x70/50064.png","https://img.uefa.com/imgml/TP/teams/logos/240x240/50064.png","250064","POR","DOMESTIC_MEN_TEAM_A","","DOMESTIC","Portugal","Porto","FC Porto","POR","210","MINUTE","2","0","1","23","KILOMETER","33.8","KILOMETER_PER_HOUR"
"250181428","50050","23","2002-05-25","13","Yang","KOR","","MIDFIELDER","MALE","","./image/250181428.jpg","Hyunjun","MIDFIELDER","17","HJ YANG","74","","République de Corée","Milieu","Hyunjun","Yang","Hyunjun","Yang","200117","./assoc/200117_SCO.svg","./logo/50050.png","UEFA","SCO","50050","FAME","Celtic","","https://img.uefa.com/imgml/TP/teams/logos/70x70/50050.png","https://img.uefa.com/imgml/TP/teams/logos/240x240/50050.png","250050","CEL","DOMESTIC_MEN_TEAM_A","","DOMESTIC","Écosse","Celtic","Celtic FC","CEL","209","MINUTE","4","0","0","24.61","KILOMETER","33.21","KILOMETER_PER_HOUR"
"250110611","50113","29","1995-12-02","7","Kerk","NED","UNKNOWN","MIDFIELDER","MALE","","./image/250110611.jpg","Gyrano Kerk","FORWARD","","Kerk","","","Pays-Bas","Milieu","Gyrano","Kerk","Gyrano Kerk","Kerk","200013","./assoc/200013_BEL.svg","./logo/50113.png","UEFA","BEL","50113","FAME","Antwerp","","https://img.uefa.com/imgml/TP/teams/logos/70x70/50113.png","https://img.uefa.com/imgml/TP/teams/logos/240x240/50113.png","250113","ANT","DOMESTIC_MEN_TEAM_A","","DOMESTIC","Belgique","Antwerp","Royal Antwerp FC","ANT","207","MINUTE","5","0","0","28.54","KILOMETER","33.21","KILOMETER_PER_HOUR"
"250129343","50030","22","2003-06-26","14","Kjaergaard","DEN","UNKNOWN","MIDFIELDER","MALE","","./image/250129343.jpg","Maurits Kjærgaard","MIDFIELDER","10","Kjaergaard","200035","","Danemark","Milieu","Maurits","Kjærgaard","Maurits Kjærgaard","Kjærgaard","200008","./assoc/200008_AUT.svg","./logo/50030.png","UEFA","AUT","50030","FAME","Salzburg","","https://img.uefa.com/imgml/TP/teams/logos/70x70/50030.png","https://img.uefa.com/imgml/TP/teams/logos/240x240/50030.png","250030","SAL","DOMESTIC_MEN_TEAM_A","","DOMESTIC","Autriche","Salzburg","FC Salzburg","SAL","206","MINUTE","3","0","1","29.95","KILOMETER","32.1","KILOMETER_PER_HOUR"
"250163777","50037","21","2004-05-03","45","Pavlovic","GER","UNKNOWN","MIDFIELDER","MALE","","./image/250163777.jpg","Aleksandar Pavlović","MIDFIELDER","5","Pavlovic","47","","Allemagne","Milieu","Aleksandar","Pavlović","Aleksandar Pavlović","Pavlović","200047","./assoc/200047_GER.svg","./logo/50037.png","UEFA","GER","50037","FAME","Bayern München","","https://img.uefa.com/imgml/TP/teams/logos/70x70/50037.png","https://img.uefa.com/imgml/TP/teams/logos/240x240/50037.png","250037","BAY","DOMESTIC_MEN_TEAM_A","","DOMESTIC","Allemagne","Bayern München","FC Bayern München","BAY","206","MINUTE","3","0","0","28.71","KILOMETER","31.3","KILOMETER_PER_HOUR"
"250158935","52336","22","2002-12-31","2","Mendes","SWE","","DEFENDER","MALE","","./image/250158935.jpg","Josafat Mendes","DEFENDER","2","Mendes","200127","","Suède","Défenseur","Josafat","Mendes","Josafat Mendes","Mendes","200110","./assoc/200110_POR.svg","./logo/52336.png","UEFA","POR","52336","FAME","Braga","","https://img.uefa.com/imgml/TP/teams/logos/70x70/52336.png","https://img.uefa.com/imgml/TP/teams/logos/240x240/52336.png","252336","BRA","DOMESTIC_MEN_TEAM_A","","DOMESTIC","Portugal","Braga","SC Braga","BRA","205","MINUTE","5","0","0","27.35","KILOMETER","33.4","KILOMETER_PER_HOUR"
"250098468","52749","26","1998-11-26","18","Ivanušec","CRO","ATTACKING_MIDFIELDER","FORWARD","MALE","","./image/250098468.jpg","Luka Ivanušec","FORWARD","18","Ivanušec","56370","","Croatie","Attaquant","Luka","Ivanušec","Luka Ivanušec","Ivanušec","200095","./assoc/200095_NED.svg","./logo/52749.png","UEFA","NED","52749","FAME","Feyenoord","","https://img.uefa.com/imgml/TP/teams/logos/70x70/52749.png","https://img.uefa.com/imgml/TP/teams/logos/240x240/52749.png","252749","FEY","DOMESTIC_MEN_TEAM_A","","DOMESTIC","Pays-Bas","Feyenoord","Feyenoord","FEY","204","MINUTE","5","0","1","28.82","KILOMETER","29.9","KILOMETER_PER_HOUR"
"1905884","52682","33","1992-02-14","14","Eriksen","DEN","ATTACKING_MIDFIELDER","MIDFIELDER","MALE","175","./image/1905884.jpg","Christian Eriksen","MIDFIELDER","10","Eriksen","35","65","Danemark","Milieu","Christian","Eriksen","Christian Eriksen","Eriksen","200039","./assoc/200039_ENG.svg","./logo/52682.png","UEFA","ENG","52682","FAME","Man Utd","","https://img.uefa.com/imgml/TP/teams/logos/70x70/52682.png","https://img.uefa.com/imgml/TP/teams/logos/240x240/52682.png","252682","MUN","DOMESTIC_MEN_TEAM_A","","DOMESTIC","Angleterre","Man Utd","Manchester United","MUN","204","MINUTE","4","0","1","28.72","KILOMETER","30.2","KILOMETER_PER_HOUR"
"250123440","52707","28","1997-07-10","29","Nazaryna","UKR","CENTRAL_MIDFIELDER","MIDFIELDER","MALE","","./image/250123440.jpg","Yehor Nazaryna","MIDFIELDER","5","Nazaryna","57166","","Ukraine","Milieu","Yehor","Nazaryna","Yehor Nazaryna","Nazaryna","257166","./assoc/257166_UKR.svg","./logo/52707.png","UEFA","UKR","52707","FAME","Shakhtar","","https://img.uefa.com/imgml/TP/teams/logos/70x70/52707.png","https://img.uefa.com/imgml/TP/teams/logos/240x240/52707.png","252707","SHK","DOMESTIC_MEN_TEAM_A","","DOMESTIC","Ukraine","Shakhtar","FC Shakhtar Donetsk","SHK","203","MINUTE","4","0","1","27.95","KILOMETER","30.4","KILOMETER_PER_HOUR"
"250153402","52758","21","2004-08-08","11","Gittens","ENG","UNKNOWN","MIDFIELDER","MALE","","./image/250153402.jpg","Jamie Gittens","FORWARD","11","Gittens","200039","","Angleterre","Milieu","Jamie","Gittens","Jamie Gittens","Gittens","200047","./assoc/200047_GER.svg","./logo/52758.png","UEFA","GER","52758","FAME","B. Dortmund","","https://img.uefa.com/imgml/TP/teams/logos/70x70/52758.png","https://img.uefa.com/imgml/TP/teams/logos/240x240/52758.png","252758","BVB","DOMESTIC_MEN_TEAM_A","","DOMESTIC","Allemagne","B. Dortmund","Borussia Dortmund","BVB","202","MINUTE","7","1","0","28.27","KILOMETER","34.5","KILOMETER_PER_HOUR"
"250143669","50138","23","2002-03-09","21","Asllani","ALB","UNKNOWN","MIDFIELDER","MALE","","./image/250143669.jpg","Kristjan Asllani","MIDFIELDER","8","Asllani","2","","Albanie","Milieu","Kristjan","Asllani","Kristjan Asllani","Asllani","200066","./assoc/200066_ITA.svg","./logo/50138.png","UEFA","ITA","50138","FAME","Inter","","https://img.uefa.com/imgml/TP/teams/logos/70x70/50138.png","https://img.uefa.com/imgml/TP/teams/logos/240x240/50138.png","250138","INT","DOMESTIC_MEN_TEAM_A","","DOMESTIC","Italie","Inter","FC Internazionale Milano","INT","202","MINUTE","6","0","0","30.73","KILOMETER","29.3","KILOMETER_PER_HOUR"
"250174960","50069","23","2002-06-28","37","Lučić","SRB","UNKNOWN","MIDFIELDER","MALE","","./image/250174960.jpg","Vladimir Lučić","MIDFIELDER","11","Lučić","200147","","Serbie","Milieu","Vladimir","Lučić","Vladimir Lučić","Lučić","200147","./assoc/200147_SRB.svg","./logo/50069.png","UEFA","SRB","50069","FAME","Crvena Zvezda","","https://img.uefa.com/imgml/TP/teams/logos/70x70/50069.png","https://img.uefa.com/imgml/TP/teams/logos/240x240/50069.png","250069","ZVE","DOMESTIC_MEN_TEAM_A","","DOMESTIC","Serbie","Crvena Zvezda","FK Crvena Zvezda","ZVE","202","MINUTE","6","0","0","28.37","KILOMETER","31.4","KILOMETER_PER_HOUR"
"250006092","50080","33","1992-02-07","20","S. Roberto","ESP","FULL_BACK","MIDFIELDER","MALE","177","./image/250006092.jpg","Sergi Roberto","DEFENDER","10","S. Roberto","122","71","Espagne","Milieu","","Sergi Roberto","Sergi Roberto","Sergi Roberto","200122","./assoc/200122_ESP.svg","./logo/50080.png","UEFA","ESP","50080","FAME","Barcelona","","https://img.uefa.com/imgml/TP/teams/logos/70x70/50080.png","https://img.uefa.com/imgml/TP/teams/logos/240x240/50080.png","250080","BAR","DOMESTIC_MEN_TEAM_A","","DOMESTIC","Espagne","Barcelona","FC Barcelona","BAR","202","MINUTE","5","0","1","32.47","KILOMETER","30.9","KILOMETER_PER_HOUR"
"250008901","52919","34","1991-06-28","11","De Bruyne","BEL","ATTACKING_MIDFIELDER","MIDFIELDER","MALE","181","./image/250008901.jpg","Kevin De Bruyne","MIDFIELDER","7","De Bruyne","13","68","Belgique","Milieu","Kevin","De Bruyne","Kevin De Bruyne","De Bruyne","200039","./assoc/200039_ENG.svg","./logo/52919.png","UEFA","ENG","52919","FAME","Man City","","https://img.uefa.com/imgml/TP/teams/logos/70x70/52919.png","https://img.uefa.com/imgml/TP/teams/logos/240x240/52919.png","252919","MCI","DOMESTIC_MEN_TEAM_A","","DOMESTIC","Angleterre","Man City","Manchester City","MCI","202","MINUTE","2","2","1","25.42","KILOMETER","32.71","KILOMETER_PER_HOUR"
"250041770","50037","30","1995-07-14","7","Gnabry","GER","WINGER","FORWARD","MALE","173","./image/250041770.jpg","Serge Gnabry","MIDFIELDER","20","Gnabry","47","73","Allemagne","Attaquant","Serge","Gnabry","Serge Gnabry","Gnabry","200047","./assoc/200047_GER.svg","./logo/50037.png","UEFA","GER","50037","FAME","Bayern München","","https://img.uefa.com/imgml/TP/teams/logos/70x70/50037.png","https://img.uefa.com/imgml/TP/teams/logos/240x240/50037.png","250037","BAY","DOMESTIC_MEN_TEAM_A","","DOMESTIC","Allemagne","Bayern München","FC Bayern München","BAY","200","MINUTE","7","2","0","24.48","KILOMETER","33.1","KILOMETER_PER_HOUR"
"250019924","50067","38","1987-05-06","10","MERTENS","BEL","STRIKER","FORWARD","MALE","169","./image/250019924.jpg","Dries Mertens","FORWARD","14","Mertens","13","61","Belgique","Attaquant","Dries","Mertens","Dries Mertens","Mertens","200135","./assoc/200135_TUR.svg","./logo/50067.png","UEFA","TUR","50067","FAME","Galatasaray","","https://img.uefa.com/imgml/TP/teams/logos/70x70/50067.png","https://img.uefa.com/imgml/TP/teams/logos/240x240/50067.png","250067","GAL","DOMESTIC_MEN_TEAM_A","","DOMESTIC","Turquie","Galatasaray","Galatasaray A.Ş.","GAL","200","MINUTE","5","0","0","24.26","KILOMETER","30.3","KILOMETER_PER_HOUR"
"250153357","77977","22","2002-12-22","11","Fofana","CIV","STRIKER","FORWARD","MALE","","./image/250153357.jpg","David Fofana","FORWARD","","Fofana","","","Côte d'Ivoire","Attaquant","David","Fofana","David Fofana","Fofana","200047","./assoc/200047_GER.svg","./logo/77977.png","UEFA","GER","77977","FAME","Union Berlin","","https://img.uefa.com/imgml/TP/teams/logos/70x70/77977.png","https://img.uefa.com/imgml/TP/teams/logos/240x240/77977.png","277977","UBE","DOMESTIC_MEN_TEAM_A","","DOMESTIC","Allemagne","Union Berlin","1. FC Union Berlin","UBE","198","MINUTE","4","1","0","25.96","KILOMETER","34.5","KILOMETER_PER_HOUR"
"250187219","52749","21","2004-07-22","19","Minteh","GAM","UNKNOWN","FORWARD","MALE","","./image/250187219.jpg","Yankuba Minteh","FORWARD","","Minteh","","","Gambie","Attaquant","Yankuba","Minteh","Yankuba Minteh","Minteh","200095","./assoc/200095_NED.svg","./logo/52749.png","UEFA","NED","52749","FAME","Feyenoord","","https://img.uefa.com/imgml/TP/teams/logos/70x70/52749.png","https://img.uefa.com/imgml/TP/teams/logos/240x240/52749.png","252749","FEY","DOMESTIC_MEN_TEAM_A","","DOMESTIC","Pays-Bas","Feyenoord","Feyenoord","FEY","197","MINUTE","4","1","0","25.37","KILOMETER","34.1","KILOMETER_PER_HOUR"
"250111308","52714","33","1991-10-28","19","Acuña","ARG","ATTACKING_MIDFIELDER","DEFENDER","MALE","","./image/250111308.jpg","Marcos Acuña","MIDFIELDER","8","Acuña","6","","Argentine","Défenseur","Marcos","Acuña","Marcos Acuña","Acuña","200122","./assoc/200122_ESP.svg","./logo/52714.png","UEFA","ESP","52714","FAME","Sevilla","","https://img.uefa.com/imgml/TP/teams/logos/70x70/52714.png","https://img.uefa.com/imgml/TP/teams/logos/240x240/52714.png","252714","SEV","DOMESTIC_MEN_TEAM_A","","DOMESTIC","Espagne","Sevilla","Sevilla FC","SEV","197","MINUTE","3","0","1","22.07","KILOMETER","33.3","KILOMETER_PER_HOUR"
"250101274","52919","25","2000-09-04","17","Sergio Gómez","ESP","UNKNOWN","DEFENDER","MALE","","./image/250101274.jpg","Sergio Gómez","DEFENDER","19","Sergio Gómez","122","","Espagne","Défenseur","","Sergio Gómez","Sergio Gómez","Sergio Gómez","200039","./assoc/200039_ENG.svg","./logo/52919.png","UEFA","ENG","52919","FAME","Man City","","https://img.uefa.com/imgml/TP/teams/logos/70x70/52919.png","https://img.uefa.com/imgml/TP/teams/logos/240x240/52919.png","252919","MCI","DOMESTIC_MEN_TEAM_A","","DOMESTIC","Angleterre","Man City","Manchester City","MCI","195","MINUTE","5","0","0","25.8","KILOMETER","31.3","KILOMETER_PER_HOUR"
"1903428","50138","36","1989-04-19","89","Arnautović","AUT","WINGER","FORWARD","MALE","192","./image/1903428.jpg","Marko Arnautović","FORWARD","7","Arnautovic","8","83","Autriche","Attaquant","Marko","Arnautović","Marko Arnautović","Arnautović","200066","./assoc/200066_ITA.svg","./logo/50138.png","UEFA","ITA","50138","FAME","Inter","","https://img.uefa.com/imgml/TP/teams/logos/70x70/50138.png","https://img.uefa.com/imgml/TP/teams/logos/240x240/50138.png","250138","INT","DOMESTIC_MEN_TEAM_A","","DOMESTIC","Italie","Inter","FC Internazionale Milano","INT","193","MINUTE","4","2","0","23.15","KILOMETER","31.9","KILOMETER_PER_HOUR"
"250145629","50147","27","1997-12-09","6","Bah","DEN","FULL_BACK","DEFENDER","MALE","","./image/250145629.jpg","Alexander Bah","DEFENDER","18","Bah","35","","Danemark","Défenseur","Alexander","Bah","Alexander Bah","Bah","200110","./assoc/200110_POR.svg","./logo/50147.png","UEFA","POR","50147","FAME","Benfica","","https://img.uefa.com/imgml/TP/teams/logos/70x70/50147.png","https://img.uefa.com/imgml/TP/teams/logos/240x240/50147.png","250147","BEN","DOMESTIC_MEN_TEAM_A","","DOMESTIC","Portugal","Benfica","SL Benfica","BEN","193","MINUTE","3","0","0","25.67","KILOMETER","33","KILOMETER_PER_HOUR"
"250082812","52709","30","1994-12-17","24","Meling","NOR","FULL_BACK","DEFENDER","MALE","","./image/250082812.jpg","Birger Meling","DEFENDER","5","Meling","101","","Norvège","Défenseur","Birger","Meling","Birger Meling","Meling","200035","./assoc/200035_DEN.svg","./logo/52709.png","UEFA","DEN","52709","FAME","Copenhagen","","https://img.uefa.com/imgml/TP/teams/logos/70x70/52709.png","https://img.uefa.com/imgml/TP/teams/logos/240x240/52709.png","252709","CPH","DOMESTIC_MEN_TEAM_A","","DOMESTIC","Danemark","Copenhagen","F.C. Copenhagen","CPH","192","MINUTE","3","0","1","26.24","KILOMETER","31.6","KILOMETER_PER_HOUR"
"250091175","50051","26","1999-08-14","20","FRAN GARCÍA","ESP","FULL_BACK","DEFENDER","MALE","","./image/250091175.jpg","Fran García","DEFENDER","19","Fran García","122","","Espagne","Défenseur","","Fran García","Fran García","Fran García","200122","./assoc/200122_ESP.svg","./logo/50051.png","UEFA","ESP","50051","FAME","Real Madrid","","https://img.uefa.com/imgml/TP/teams/logos/70x70/50051.png","https://img.uefa.com/imgml/TP/teams/logos/240x240/50051.png","250051","RMA","DOMESTIC_MEN_TEAM_A","","DOMESTIC","Espagne","Real Madrid","Real Madrid C.F.","RMA","189","MINUTE","4","0","1","25.4","KILOMETER","34.6","KILOMETER_PER_HOUR"
"250129415","50123","23","2002-01-31","22","Turrientes","ESP","CENTRE_BACK","MIDFIELDER","MALE","","./image/250129415.jpg","Beñat Turrientes","MIDFIELDER","8","TURRIENTES","200122","","Espagne","Milieu","Beñat","Turrientes","Beñat Turrientes","Turrientes","200122","./assoc/200122_ESP.svg","./logo/50123.png","UEFA","ESP","50123","FAME","Real Sociedad","","https://img.uefa.com/imgml/TP/teams/logos/70x70/50123.png","https://img.uefa.com/imgml/TP/teams/logos/240x240/50123.png","250123","RSO","DOMESTIC_MEN_TEAM_A","","DOMESTIC","Espagne","Real Sociedad","Real Sociedad de Fútbol","RSO","188","MINUTE","6","0","0","26.55","KILOMETER","30.7","KILOMETER_PER_HOUR"
"250002701","52973","38","1987-07-28","9","Pedro","ESP","WINGER","FORWARD","MALE","167","./image/250002701.jpg","Pedro Rodríguez","MIDFIELDER","11","Pedro","122","62","Espagne","Attaquant","","Pedro Rodríguez","Pedro Rodríguez","Pedro Rodríguez","200066","./assoc/200066_ITA.svg","./logo/52973.png","UEFA","ITA","52973","FAME","Lazio","","https://img.uefa.com/imgml/TP/teams/logos/70x70/52973.png","https://img.uefa.com/imgml/TP/teams/logos/240x240/52973.png","252973","LAZ","DOMESTIC_MEN_TEAM_A","","DOMESTIC","Italie","Lazio","S.S. Lazio","LAZ","187","MINUTE","8","2","0","26.62","KILOMETER","31.8","KILOMETER_PER_HOUR"
"250038224","52714","33","1992-03-04","9","Lamela","ARG","STRIKER","FORWARD","MALE","183","./image/250038224.jpg","Erik Lamela","FORWARD","","Lamela","6","79","Argentine","Attaquant","Erik","Lamela","Erik Lamela","Lamela","200122","./assoc/200122_ESP.svg","./logo/52714.png","UEFA","ESP","52714","FAME","Sevilla","","https://img.uefa.com/imgml/TP/teams/logos/70x70/52714.png","https://img.uefa.com/imgml/TP/teams/logos/240x240/52714.png","252714","SEV","DOMESTIC_MEN_TEAM_A","","DOMESTIC","Espagne","Sevilla","Sevilla FC","SEV","186","MINUTE","3","0","0","25.1","KILOMETER","31.5","KILOMETER_PER_HOUR"
"250091222","50136","25","1999-11-28","55","ØSTIGÅRD","NOR","UNKNOWN","DEFENDER","MALE","","./image/250091222.jpg","Leo Østigård","DEFENDER","4","Østigård","101","","Norvège","Défenseur","Leo","Østigård","Leo Østigård","Østigård","200066","./assoc/200066_ITA.svg","./logo/50136.png","UEFA","ITA","50136","FAME","Napoli","","https://img.uefa.com/imgml/TP/teams/logos/70x70/50136.png","https://img.uefa.com/imgml/TP/teams/logos/240x240/50136.png","250136","NAP","DOMESTIC_MEN_TEAM_A","","DOMESTIC","Italie","Napoli","SSC Napoli","NAP","185","MINUTE","4","1","0","21.84","KILOMETER","30.1","KILOMETER_PER_HOUR"
"250099671","50062","27","1997-12-22","20","Til","NED","CENTRAL_MIDFIELDER","MIDFIELDER","MALE","","./image/250099671.jpg","Guus Til","MIDFIELDER","20","Til","95","","Pays-Bas","Milieu","Guus","Til","Guus Til","Til","200095","./assoc/200095_NED.svg","./logo/50062.png","UEFA","NED","50062","FAME","PSV","","https://img.uefa.com/imgml/TP/teams/logos/70x70/50062.png","https://img.uefa.com/imgml/TP/teams/logos/240x240/50062.png","250062","PSV","DOMESTIC_MEN_TEAM_A","","DOMESTIC","Pays-Bas","PSV","PSV Eindhoven","PSV","184","MINUTE","5","0","0","24.15","KILOMETER","33.5","KILOMETER_PER_HOUR"
"250122213","50062","26","1999-05-06","17","MAURO","BRA","ATTACKING_MIDFIELDER","DEFENDER","MALE","","./image/250122213.jpg","Mauro Júnior","MIDFIELDER","","Mauro jr","","","Brésil","Défenseur","","Mauro Júnior","Mauro Júnior","Mauro Júnior","200095","./assoc/200095_NED.svg","./logo/50062.png","UEFA","NED","50062","FAME","PSV","","https://img.uefa.com/imgml/TP/teams/logos/70x70/50062.png","https://img.uefa.com/imgml/TP/teams/logos/240x240/50062.png","250062","PSV","DOMESTIC_MEN_TEAM_A","","DOMESTIC","Pays-Bas","PSV","PSV Eindhoven","PSV","183","MINUTE","3","0","0","24.02","KILOMETER","29.1","KILOMETER_PER_HOUR"
"250090668","50064","27","1997-12-10","15","Sánchez Ramos","MEX","UNKNOWN","DEFENDER","MALE","","./image/250090668.jpg","Jorge Sánchez","MIDFIELDER","19","Sanchez Ramos","91","","Mexique","Défenseur","Jorge","Sánchez","Jorge Sánchez","Sánchez","200110","./assoc/200110_POR.svg","./logo/50064.png","UEFA","POR","50064","FAME","Porto","","https://img.uefa.com/imgml/TP/teams/logos/70x70/50064.png","https://img.uefa.com/imgml/TP/teams/logos/240x240/50064.png","250064","POR","DOMESTIC_MEN_TEAM_A","","DOMESTIC","Portugal","Porto","FC Porto","POR","182","MINUTE","6","0","0","25.59","KILOMETER","32.1","KILOMETER_PER_HOUR"
"250127492","50030","25","2000-06-21","91","Piątkowski","POL","UNKNOWN","DEFENDER","MALE","","./image/250127492.jpg","Kamil Piątkowski","DEFENDER","15","Piątkowski","109","","Pologne","Défenseur","Kamil","Piątkowski","Kamil Piątkowski","Piątkowski","200008","./assoc/200008_AUT.svg","./logo/50030.png","UEFA","AUT","50030","FAME","Salzburg","","https://img.uefa.com/imgml/TP/teams/logos/70x70/50030.png","https://img.uefa.com/imgml/TP/teams/logos/240x240/50030.png","250030","SAL","DOMESTIC_MEN_TEAM_A","","DOMESTIC","Autriche","Salzburg","FC Salzburg","SAL","181","MINUTE","3","0","0","22.07","KILOMETER","32.71","KILOMETER_PER_HOUR"
"250081720","2603790","27","1998-05-07","20","Olmo","ESP","WINGER","FORWARD","MALE","176","./image/250081720.jpg","Dani Olmo","FORWARD","10","OLMO","122","68","Espagne","Attaquant","Dani","Olmo","Dani Olmo","Olmo","200047","./assoc/200047_GER.svg","./logo/2603790.png","UEFA","GER","2603790","FAME","Leipzig","","https://img.uefa.com/imgml/TP/teams/logos/70x70/2603790.png","https://img.uefa.com/imgml/TP/teams/logos/240x240/2603790.png","250002563","RBL","DOMESTIC_MEN_TEAM_A","","DOMESTIC","Allemagne","Leipzig","RB Leipzig","RBL","180","MINUTE","3","1","0","21.07","KILOMETER","31.4","KILOMETER_PER_HOUR"
"250051754","2603790","32","1992-11-03","4","Orbán","HUN","CENTRE_BACK","DEFENDER","MALE","","./image/250051754.jpg","Willi Orbán","DEFENDER","6","Orbán","57","","Hongrie","Défenseur","Willi","Orbán","Willi Orbán","Orbán","200047","./assoc/200047_GER.svg","./logo/2603790.png","UEFA","GER","2603790","FAME","Leipzig","","https://img.uefa.com/imgml/TP/teams/logos/70x70/2603790.png","https://img.uefa.com/imgml/TP/teams/logos/240x240/2603790.png","250002563","RBL","DOMESTIC_MEN_TEAM_A","","DOMESTIC","Allemagne","Leipzig","RB Leipzig","RBL","180","MINUTE","2","1","0","20.18","KILOMETER","30.6","KILOMETER_PER_HOUR"
"250089719","50030","26","1999-08-17","3","Terzic","SRB","UNKNOWN","DEFENDER","MALE","","./image/250089719.jpg","Aleksa Terzić","DEFENDER","7","Terzić","147","","Serbie","Défenseur","Aleksa","Terzić","Aleksa Terzić","Terzić","200008","./assoc/200008_AUT.svg","./logo/50030.png","UEFA","AUT","50030","FAME","Salzburg","","https://img.uefa.com/imgml/TP/teams/logos/70x70/50030.png","https://img.uefa.com/imgml/TP/teams/logos/240x240/50030.png","250030","SAL","DOMESTIC_MEN_TEAM_A","","DOMESTIC","Autriche","Salzburg","FC Salzburg","SAL","180","MINUTE","2","0","0","24.05","KILOMETER","34","KILOMETER_PER_HOUR"
"250066203","52709","28","1996-11-12","26","McKenna","SCO","UNKNOWN","DEFENDER","MALE","","./image/250066203.jpg","Scott McKenna","DEFENDER","16","McKenna","117","","Écosse","Défenseur","Scott","McKenna","Scott McKenna","McKenna","200035","./assoc/200035_DEN.svg","./logo/52709.png","UEFA","DEN","52709","FAME","Copenhagen","","https://img.uefa.com/imgml/TP/teams/logos/70x70/52709.png","https://img.uefa.com/imgml/TP/teams/logos/240x240/52709.png","252709","CPH","DOMESTIC_MEN_TEAM_A","","DOMESTIC","Danemark","Copenhagen","F.C. Copenhagen","CPH","180","MINUTE","2","0","0","21.89","KILOMETER","30.5","KILOMETER_PER_HOUR"
"250138626","52973","27","1998-02-14","16","Casale","ITA","","DEFENDER","MALE","","./image/250138626.jpg","Nicolò Casale","DEFENDER","19","Casale","66","","Italie","Défenseur","Nicolò","Casale","Nicolò Casale","Casale","200066","./assoc/200066_ITA.svg","./logo/52973.png","UEFA","ITA","52973","FAME","Lazio","","https://img.uefa.com/imgml/TP/teams/logos/70x70/52973.png","https://img.uefa.com/imgml/TP/teams/logos/240x240/52973.png","252973","LAZ","DOMESTIC_MEN_TEAM_A","","DOMESTIC","Italie","Lazio","S.S. Lazio","LAZ","180","MINUTE","2","0","0","21.85","KILOMETER","33.3","KILOMETER_PER_HOUR"
"108923","52714","35","1990-09-10","13","Nyland","NOR","UNKNOWN","GOALKEEPER","MALE","","./image/108923.jpg","Ørjan Nyland","GOALKEEPER","1","Nyland","101","","Norvège","Gardien","Ørjan","Nyland","Ørjan Nyland","Nyland","200122","./assoc/200122_ESP.svg","./logo/52714.png","UEFA","ESP","52714","FAME","Sevilla","","https://img.uefa.com/imgml/TP/teams/logos/70x70/52714.png","https://img.uefa.com/imgml/TP/teams/logos/240x240/52714.png","252714","SEV","DOMESTIC_MEN_TEAM_A","","DOMESTIC","Espagne","Sevilla","Sevilla FC","SEV","180","MINUTE","2","0","0","12.68","KILOMETER","25.6","KILOMETER_PER_HOUR"
"250063980","52749","29","1995-12-03","22","Wellenreuther","GER","UNKNOWN","GOALKEEPER","MALE","186","./image/250063980.jpg","Timon Wellenreuther","GOALKEEPER","12","Wellenreuther","200047","","Allemagne","Gardien","Timon","Wellenreuther","Timon Wellenreuther","Wellenreuther","200095","./assoc/200095_NED.svg","./logo/52749.png","UEFA","NED","52749","FAME","Feyenoord","","https://img.uefa.com/imgml/TP/teams/logos/70x70/52749.png","https://img.uefa.com/imgml/TP/teams/logos/240x240/52749.png","252749","FEY","DOMESTIC_MEN_TEAM_A","","DOMESTIC","Pays-Bas","Feyenoord","Feyenoord","FEY","180","MINUTE","2","0","0","11.65","KILOMETER","24.8","KILOMETER_PER_HOUR"
"250081721","50080","26","1999-03-02","13","Peña Sotorres","ESP","UNKNOWN","GOALKEEPER","MALE","","./image/250081721.jpg","Iñaki Peña","GOALKEEPER","23","Iñaki Peña","122","","Espagne","Gardien","","Iñaki Peña","Iñaki Peña","Iñaki Peña","200122","./assoc/200122_ESP.svg","./logo/50080.png","UEFA","ESP","50080","FAME","Barcelona","","https://img.uefa.com/imgml/TP/teams/logos/70x70/50080.png","https://img.uefa.com/imgml/TP/teams/logos/240x240/50080.png","250080","BAR","DOMESTIC_MEN_TEAM_A","","DOMESTIC","Espagne","Barcelona","FC Barcelona","BAR","180","MINUTE","2","0","0","11.08","KILOMETER","21.7","KILOMETER_PER_HOUR"
"250106648","50147","28","1997-03-03","7","Neres","BRA","STRIKER","FORWARD","MALE","","./image/250106648.jpg","David Neres","FORWARD","","Neres","18","","Brésil","Attaquant","David","Neres","David Neres","Neres","200110","./assoc/200110_POR.svg","./logo/50147.png","UEFA","POR","50147","FAME","Benfica","","https://img.uefa.com/imgml/TP/teams/logos/70x70/50147.png","https://img.uefa.com/imgml/TP/teams/logos/240x240/50147.png","250147","BEN","DOMESTIC_MEN_TEAM_A","","DOMESTIC","Portugal","Benfica","SL Benfica","BEN","178","MINUTE","3","0","0","22.24","KILOMETER","35.4","KILOMETER_PER_HOUR"
"250088175","77977","27","1998-07-22","3","Jaeckel","GER","UNKNOWN","DEFENDER","MALE","","./image/250088175.jpg","Paul Jaeckel","DEFENDER","14","Jaeckel","200047","","Allemagne","Défenseur","Paul","Jaeckel","Paul Jaeckel","Jaeckel","200047","./assoc/200047_GER.svg","./logo/77977.png","UEFA","GER","77977","FAME","Union Berlin","","https://img.uefa.com/imgml/TP/teams/logos/70x70/77977.png","https://img.uefa.com/imgml/TP/teams/logos/240x240/77977.png","277977","UBE","DOMESTIC_MEN_TEAM_A","","DOMESTIC","Allemagne","Union Berlin","1. FC Union Berlin","UBE","175","MINUTE","3","0","0","21.06","KILOMETER","30","KILOMETER_PER_HOUR"
"250077450","52280","25","1999-12-10","24","Nelson","ENG","WINGER","FORWARD","MALE","","./image/250077450.jpg","Reiss Nelson","FORWARD","7","Nelson","39","","Angleterre","Attaquant","Reiss","Nelson","Reiss Nelson","Nelson","200039","./assoc/200039_ENG.svg","./logo/52280.png","UEFA","ENG","52280","FAME","Arsenal","","https://img.uefa.com/imgml/TP/teams/logos/70x70/52280.png","https://img.uefa.com/imgml/TP/teams/logos/240x240/52280.png","252280","ARS","DOMESTIC_MEN_TEAM_A","","DOMESTIC","Angleterre","Arsenal","Arsenal FC","ARS","174","MINUTE","5","0","2","22.56","KILOMETER","32.71","KILOMETER_PER_HOUR"
"250086263","50069","29","1995-11-16","14","Olayinka","NGA","STRIKER","FORWARD","MALE","188","./image/250086263.jpg","Peter Olayinka","FORWARD","","Olayinka","","","Nigeria","Attaquant","Peter","Olayinka","Peter Olayinka","Olayinka","200147","./assoc/200147_SRB.svg","./logo/50069.png","UEFA","SRB","50069","FAME","Crvena Zvezda","","https://img.uefa.com/imgml/TP/teams/logos/70x70/50069.png","https://img.uefa.com/imgml/TP/teams/logos/240x240/50069.png","250069","ZVE","DOMESTIC_MEN_TEAM_A","","DOMESTIC","Serbie","Crvena Zvezda","FK Crvena Zvezda","ZVE","174","MINUTE","5","0","0","22.7","KILOMETER","32.21","KILOMETER_PER_HOUR"
"250183854","59324","19","2006-05-01","67","Miley","ENG","UNKNOWN","MIDFIELDER","MALE","","./image/250183854.jpg","Lewis Miley","MIDFIELDER","8","Miley","200039","","Angleterre","Milieu","Lewis","Miley","Lewis Miley","Miley","200039","./assoc/200039_ENG.svg","./logo/59324.png","UEFA","ENG","59324","FAME","Newcastle","","https://img.uefa.com/imgml/TP/teams/logos/70x70/59324.png","https://img.uefa.com/imgml/TP/teams/logos/240x240/59324.png","259324","NEW","DOMESTIC_MEN_TEAM_A","","DOMESTIC","Angleterre","Newcastle","Newcastle United FC","NEW","171","MINUTE","3","0","1","24.74","KILOMETER","31.9","KILOMETER_PER_HOUR"
"250116951","50138","24","2000-11-29","31","Bisseck","GER","UNKNOWN","DEFENDER","MALE","","./image/250116951.jpg","Yann Bisseck","DEFENDER","17","Bisseck","47","","Allemagne","Défenseur","Yann","Bisseck","Yann Bisseck","Bisseck","200066","./assoc/200066_ITA.svg","./logo/50138.png","UEFA","ITA","50138","FAME","Inter","","https://img.uefa.com/imgml/TP/teams/logos/70x70/50138.png","https://img.uefa.com/imgml/TP/teams/logos/240x240/50138.png","250138","INT","DOMESTIC_MEN_TEAM_A","","DOMESTIC","Italie","Inter","FC Internazionale Milano","INT","171","MINUTE","3","0","1","21.1","KILOMETER","32.6","KILOMETER_PER_HOUR"
"250074621","50123","31","1994-03-28","6","Aritz","ESP","FULL_BACK","DEFENDER","MALE","","./image/250074621.jpg","Aritz Elustondo","DEFENDER","","Elustondo Iribarria","200122","","Espagne","Défenseur","Aritz","Elustondo","Aritz Elustondo","Elustondo","200122","./assoc/200122_ESP.svg","./logo/50123.png","UEFA","ESP","50123","FAME","Real Sociedad","","https://img.uefa.com/imgml/TP/teams/logos/70x70/50123.png","https://img.uefa.com/imgml/TP/teams/logos/240x240/50123.png","250123","RSO","DOMESTIC_MEN_TEAM_A","","DOMESTIC","Espagne","Real Sociedad","Real Sociedad de Fútbol","RSO","170","MINUTE","5","0","0","20.85","KILOMETER","32.71","KILOMETER_PER_HOUR"
"250057680","52682","33","1992-02-23","18","Casemiro","BRA","UNKNOWN","MIDFIELDER","MALE","184","./image/250057680.jpg","Casemiro","MIDFIELDER","5","Casemiro","18","76","Brésil","Milieu","","Casemiro","Casemiro","Casemiro","200039","./assoc/200039_ENG.svg","./logo/52682.png","UEFA","ENG","52682","FAME","Man Utd","","https://img.uefa.com/imgml/TP/teams/logos/70x70/52682.png","https://img.uefa.com/imgml/TP/teams/logos/240x240/52682.png","252682","MUN","DOMESTIC_MEN_TEAM_A","","DOMESTIC","Angleterre","Man Utd","Manchester United","MUN","167","MINUTE","2","2","0","20.94","KILOMETER","29.8","KILOMETER_PER_HOUR"
"250122746","50058","26","1999-05-22","21","CHUKWUEZE","NGA","WINGER","FORWARD","MALE","","./image/250122746.jpg","Samuel Chukwueze","MIDFIELDER","11","Chukweze","100","","Nigeria","Attaquant","Samuel","Chukwueze","Samuel Chukwueze","Chukwueze","200066","./assoc/200066_ITA.svg","./logo/50058.png","UEFA","ITA","50058","FAME","Milan","","https://img.uefa.com/imgml/TP/teams/logos/70x70/50058.png","https://img.uefa.com/imgml/TP/teams/logos/240x240/50058.png","250058","MIL","DOMESTIC_MEN_TEAM_A","","DOMESTIC","Italie","Milan","AC Milan","MIL","166","MINUTE","4","2","0","21.51","KILOMETER","31.9","KILOMETER_PER_HOUR"
"250091165","50062","26","1999-06-17","70","Lang","NED","WINGER","FORWARD","MALE","","./image/250091165.jpg","Noa Lang","FORWARD","17","Lang","95","","Pays-Bas","Attaquant","Noa","Lang","Noa Lang","Lang","200095","./assoc/200095_NED.svg","./logo/50062.png","UEFA","NED","50062","FAME","PSV","","https://img.uefa.com/imgml/TP/teams/logos/70x70/50062.png","https://img.uefa.com/imgml/TP/teams/logos/240x240/50062.png","250062","PSV","DOMESTIC_MEN_TEAM_A","","DOMESTIC","Pays-Bas","PSV","PSV Eindhoven","PSV","166","MINUTE","2","0","0","20.81","KILOMETER","33.5","KILOMETER_PER_HOUR"
"250153668","52714","23","2002-04-23","27","Kike Salas","ESP","UNKNOWN","DEFENDER","MALE","","./image/250153668.jpg","Kike Salas","DEFENDER","","Kike Salas","","","Espagne","Défenseur","","Kike Salas","Kike Salas","Kike Salas","200122","./assoc/200122_ESP.svg","./logo/52714.png","UEFA","ESP","52714","FAME","Sevilla","","https://img.uefa.com/imgml/TP/teams/logos/70x70/52714.png","https://img.uefa.com/imgml/TP/teams/logos/240x240/52714.png","252714","SEV","DOMESTIC_MEN_TEAM_A","","DOMESTIC","Espagne","Sevilla","Sevilla FC","SEV","166","MINUTE","2","0","0","19.09","KILOMETER","31.7","KILOMETER_PER_HOUR"
"250091841","2603790","26","1999-09-24","20","Elmas","MKD","CENTRAL_MIDFIELDER","MIDFIELDER","MALE","","./image/250091841.jpg","Eljif Elmas","MIDFIELDER","7","Elmas","59205","","Macédoine du Nord","Milieu","Eljif","Elmas","Eljif Elmas","Elmas","200047","./assoc/200047_GER.svg","./logo/2603790.png","UEFA","GER","2603790","FAME","Leipzig","","https://img.uefa.com/imgml/TP/teams/logos/70x70/2603790.png","https://img.uefa.com/imgml/TP/teams/logos/240x240/2603790.png","250002563","RBL","DOMESTIC_MEN_TEAM_A","","DOMESTIC","Allemagne","Leipzig","RB Leipzig","RBL","164","MINUTE","7","0","0","23.57","KILOMETER","31.4","KILOMETER_PER_HOUR"
"250132465","50031","24","2001-05-03","39","MALES","SUI","STRIKER","MIDFIELDER","MALE","","./image/250132465.jpg","Darian Males","FORWARD","19","Males","200128","","Suisse","Milieu","Darian","Males","Darian Males","Males","200128","./assoc/200128_SUI.svg","./logo/50031.png","UEFA","SUI","50031","FAME","Young Boys","","https://img.uefa.com/imgml/TP/teams/logos/70x70/50031.png","https://img.uefa.com/imgml/TP/teams/logos/240x240/50031.png","250031","YB","DOMESTIC_MEN_TEAM_A","","DOMESTIC","Suisse","Young Boys","BSC Young Boys","YB","164","MINUTE","6","0","0","23.8","KILOMETER","31.7","KILOMETER_PER_HOUR"
"250117809","59324","25","2000-05-08","8","Tonali","ITA","DEFENSIVE_MIDFIELDER","MIDFIELDER","MALE","","./image/250117809.jpg","Sandro Tonali","MIDFIELDER","8","Tonali","66","","Italie","Milieu","Sandro","Tonali","Sandro Tonali","Tonali","200039","./assoc/200039_ENG.svg","./logo/59324.png","UEFA","ENG","59324","FAME","Newcastle","","https://img.uefa.com/imgml/TP/teams/logos/70x70/59324.png","https://img.uefa.com/imgml/TP/teams/logos/240x240/59324.png","259324","NEW","DOMESTIC_MEN_TEAM_A","","DOMESTIC","Angleterre","Newcastle","Newcastle United FC","NEW","162","MINUTE","3","0","0","21.26","KILOMETER","35.5","KILOMETER_PER_HOUR"
"250110921","50031","32","1993-05-01","18","Nsame","CMR","STRIKER","FORWARD","MALE","","./image/250110921.jpg","Jean-Pierre Nsame","FORWARD","9","Nsame","23","","Cameroun","Attaquant","Jean-Pierre","Nsame","Jean-Pierre Nsame","Nsame","200128","./assoc/200128_SUI.svg","./logo/50031.png","UEFA","SUI","50031","FAME","Young Boys","","https://img.uefa.com/imgml/TP/teams/logos/70x70/50031.png","https://img.uefa.com/imgml/TP/teams/logos/240x240/50031.png","250031","YB","DOMESTIC_MEN_TEAM_A","","DOMESTIC","Suisse","Young Boys","BSC Young Boys","YB","160","MINUTE","4","0","1","19.5","KILOMETER","31.9","KILOMETER_PER_HOUR"
"250088146","52973","26","1999-03-07","3","Pellegrini","ITA","UNKNOWN","DEFENDER","MALE","","./image/250088146.jpg","Luca Pellegrini","DEFENDER","11","Pellegrini","66","","Italie","Défenseur","Luca","Pellegrini","Luca Pellegrini","Pellegrini","200066","./assoc/200066_ITA.svg","./logo/52973.png","UEFA","ITA","52973","FAME","Lazio","","https://img.uefa.com/imgml/TP/teams/logos/70x70/52973.png","https://img.uefa.com/imgml/TP/teams/logos/240x240/52973.png","252973","LAZ","DOMESTIC_MEN_TEAM_A","","DOMESTIC","Italie","Lazio","S.S. Lazio","LAZ","160","MINUTE","4","0","0","19.86","KILOMETER","34.21","KILOMETER_PER_HOUR"
"250117410","50147","23","2002-05-16","44","Tomás A.","POR","CENTRE_BACK","DEFENDER","MALE","","./image/250117410.jpg","Tomás Araújo","DEFENDER","3","TOMÁS ARAÚJO","110","","Portugal","Défenseur","","Tomás Araújo","Tomás Araújo","Tomás Araújo","200110","./assoc/200110_POR.svg","./logo/50147.png","UEFA","POR","50147","FAME","Benfica","","https://img.uefa.com/imgml/TP/teams/logos/70x70/50147.png","https://img.uefa.com/imgml/TP/teams/logos/240x240/50147.png","250147","BEN","DOMESTIC_MEN_TEAM_A","","DOMESTIC","Portugal","Benfica","SL Benfica","BEN","159","MINUTE","3","0","0","20.28","KILOMETER","31.2","KILOMETER_PER_HOUR"
"250014528","52747","34","1991-09-09","15","DANILO","POR","DEFENSIVE_MIDFIELDER","MIDFIELDER","MALE","188","./image/250014528.jpg","Danilo","MIDFIELDER","13","Danilo","110","83","Portugal","Milieu","","Danilo","Danilo","Danilo","200043","./assoc/200043_FRA.svg","./logo/52747.png","UEFA","FRA","52747","FAME","Paris","","https://img.uefa.com/imgml/TP/teams/logos/70x70/52747.png","https://img.uefa.com/imgml/TP/teams/logos/240x240/52747.png","252747","PSG","DOMESTIC_MEN_TEAM_A","","DOMESTIC","France","Paris","Paris Saint-Germain","PSG","159","MINUTE","3","0","0","17.5","KILOMETER","30.8","KILOMETER_PER_HOUR"
"250121175","50136","26","1999-08-10","24","Cajuste","SWE","UNKNOWN","MIDFIELDER","MALE","","./image/250121175.jpg","Jens Cajuste","MIDFIELDER","8","Cajuste","127","","Suède","Milieu","Jens","Cajuste","Jens Cajuste","Cajuste","200066","./assoc/200066_ITA.svg","./logo/50136.png","UEFA","ITA","50136","FAME","Napoli","","https://img.uefa.com/imgml/TP/teams/logos/70x70/50136.png","https://img.uefa.com/imgml/TP/teams/logos/240x240/50136.png","250136","NAP","DOMESTIC_MEN_TEAM_A","","DOMESTIC","Italie","Napoli","SSC Napoli","NAP","158","MINUTE","6","0","0","22.91","KILOMETER","32.1","KILOMETER_PER_HOUR"
"250116363","50062","24","2001-01-08","11","Vertessen","BEL","STRIKER","FORWARD","MALE","","./image/250116363.jpg","Yorbe Vertessen","FORWARD","9","Vertessen","200013","","Belgique","Attaquant","Yorbe","Vertessen","Yorbe Vertessen","Vertessen","200095","./assoc/200095_NED.svg","./logo/50062.png","UEFA","NED","50062","FAME","PSV","","https://img.uefa.com/imgml/TP/teams/logos/70x70/50062.png","https://img.uefa.com/imgml/TP/teams/logos/240x240/50062.png","250062","PSV","DOMESTIC_MEN_TEAM_A","","DOMESTIC","Pays-Bas","PSV","PSV Eindhoven","PSV","158","MINUTE","5","1","2","20.82","KILOMETER","34.3","KILOMETER_PER_HOUR"
"250026962","50058","34","1991-03-11","24","FLORENZI","ITA","CENTRAL_MIDFIELDER","DEFENDER","MALE","173","./image/250026962.jpg","Alessandro Florenzi","DEFENDER","7","Florenzi","66","67","Italie","Défenseur","Alessandro","Florenzi","Alessandro Florenzi","Florenzi","200066","./assoc/200066_ITA.svg","./logo/50058.png","UEFA","ITA","50058","FAME","Milan","","https://img.uefa.com/imgml/TP/teams/logos/70x70/50058.png","https://img.uefa.com/imgml/TP/teams/logos/240x240/50058.png","250058","MIL","DOMESTIC_MEN_TEAM_A","","DOMESTIC","Italie","Milan","AC Milan","MIL","157","MINUTE","4","0","0","20.22","KILOMETER","30.4","KILOMETER_PER_HOUR"
"250039679","52973","31","1994-08-06","32","Cataldi","ITA","CENTRAL_MIDFIELDER","MIDFIELDER","MALE","180","./image/250039679.jpg","Danilo Cataldi","MIDFIELDER","21","Cataldi","66","75","Italie","Milieu","Danilo","Cataldi","Danilo Cataldi","Cataldi","200066","./assoc/200066_ITA.svg","./logo/52973.png","UEFA","ITA","52973","FAME","Lazio","","https://img.uefa.com/imgml/TP/teams/logos/70x70/52973.png","https://img.uefa.com/imgml/TP/teams/logos/240x240/52973.png","252973","LAZ","DOMESTIC_MEN_TEAM_A","","DOMESTIC","Italie","Lazio","S.S. Lazio","LAZ","156","MINUTE","5","0","0","25.46","KILOMETER","30.7","KILOMETER_PER_HOUR"
"250117377","50030","25","2000-02-07","22","Solet","FRA","CENTRE_BACK","DEFENDER","MALE","","./image/250117377.jpg","Oumar Solet","DEFENDER","4","Solet","300043","","France","Défenseur","Oumar","Solet","Oumar Solet","Solet","200008","./assoc/200008_AUT.svg","./logo/50030.png","UEFA","AUT","50030","FAME","Salzburg","","https://img.uefa.com/imgml/TP/teams/logos/70x70/50030.png","https://img.uefa.com/imgml/TP/teams/logos/240x240/50030.png","250030","SAL","DOMESTIC_MEN_TEAM_A","","DOMESTIC","Autriche","Salzburg","FC Salzburg","SAL","154","MINUTE","3","0","0","18.29","KILOMETER","32.4","KILOMETER_PER_HOUR"
"250188225","50113","19","2006-08-16","19","ILENIKHENA","NGA","UNKNOWN","FORWARD","MALE","","./image/250188225.jpg","George Ilenikhena","FORWARD","","George","","","Nigeria","Attaquant","George","Ilenikhena","George Ilenikhena","Ilenikhena","200013","./assoc/200013_BEL.svg","./logo/50113.png","UEFA","BEL","50113","FAME","Antwerp","","https://img.uefa.com/imgml/TP/teams/logos/70x70/50113.png","https://img.uefa.com/imgml/TP/teams/logos/240x240/50113.png","250113","ANT","DOMESTIC_MEN_TEAM_A","","DOMESTIC","Belgique","Antwerp","Royal Antwerp FC","ANT","153","MINUTE","6","1","0","19.63","KILOMETER","32.9","KILOMETER_PER_HOUR"
"250076708","52682","28","1996-12-16","15","Reguilón","ESP","FULL_BACK","DEFENDER","MALE","","./image/250076708.jpg","Sergio Reguilón","DEFENDER","14","Reguilón","122","","Espagne","Défenseur","Sergio","Reguilón","Sergio Reguilón","Reguilón","200039","./assoc/200039_ENG.svg","./logo/52682.png","UEFA","ENG","52682","FAME","Man Utd","","https://img.uefa.com/imgml/TP/teams/logos/70x70/52682.png","https://img.uefa.com/imgml/TP/teams/logos/240x240/52682.png","252682","MUN","DOMESTIC_MEN_TEAM_A","","DOMESTIC","Angleterre","Man Utd","Manchester United","MUN","153","MINUTE","2","0","0","19.39","KILOMETER","33.3","KILOMETER_PER_HOUR"
"250147325","50113","27","1998-01-02","19","Ejuke","NGA","WINGER","MIDFIELDER","MALE","","./image/250147325.jpg","Chidera Ejuke","MIDFIELDER","","Ejuke","","","Nigeria","Milieu","Chidera","Ejuke","Chidera Ejuke","Ejuke","200013","./assoc/200013_BEL.svg","./logo/50113.png","UEFA","BEL","50113","FAME","Antwerp","","https://img.uefa.com/imgml/TP/teams/logos/70x70/50113.png","https://img.uefa.com/imgml/TP/teams/logos/240x240/50113.png","250113","ANT","DOMESTIC_MEN_TEAM_A","","DOMESTIC","Belgique","Antwerp","Royal Antwerp FC","ANT","152","MINUTE","4","0","0","21.5","KILOMETER","32","KILOMETER_PER_HOUR"
"250086709","50051","29","1996-08-07","19","D. CEBALLOS","ESP","CENTRAL_MIDFIELDER","MIDFIELDER","MALE","176","./image/250086709.jpg","Dani Ceballos","MIDFIELDER","10","D. Ceballos","122","65","Espagne","Milieu","Dani","Ceballos","Dani Ceballos","Ceballos","200122","./assoc/200122_ESP.svg","./logo/50051.png","UEFA","ESP","50051","FAME","Real Madrid","","https://img.uefa.com/imgml/TP/teams/logos/70x70/50051.png","https://img.uefa.com/imgml/TP/teams/logos/240x240/50051.png","250051","RMA","DOMESTIC_MEN_TEAM_A","","DOMESTIC","Espagne","Real Madrid","Real Madrid C.F.","RMA","152","MINUTE","3","1","0","20.74","KILOMETER","29.2","KILOMETER_PER_HOUR"
"250181460","52749","27","1998-08-28","9","Ueda","JPN","UNKNOWN","FORWARD","MALE","","./image/250181460.jpg","Ayase Ueda","FORWARD","9","Ayase","69","","Japon","Attaquant","Ayase","Ueda","Ayase Ueda","Ueda","200095","./assoc/200095_NED.svg","./logo/52749.png","UEFA","NED","52749","FAME","Feyenoord","","https://img.uefa.com/imgml/TP/teams/logos/70x70/52749.png","https://img.uefa.com/imgml/TP/teams/logos/240x240/52749.png","252749","FEY","DOMESTIC_MEN_TEAM_A","","DOMESTIC","Pays-Bas","Feyenoord","Feyenoord","FEY","149","MINUTE","5","0","1","19.41","KILOMETER","30.2","KILOMETER_PER_HOUR"
"250112117","50058","26","1999-07-15","4","Pobega","ITA","CENTRAL_MIDFIELDER","MIDFIELDER","MALE","","./image/250112117.jpg","Tommaso Pobega","MIDFIELDER","6","Pobega","66","","Italie","Milieu","Tommaso","Pobega","Tommaso Pobega","Pobega","200066","./assoc/200066_ITA.svg","./logo/50058.png","UEFA","ITA","50058","FAME","Milan","","https://img.uefa.com/imgml/TP/teams/logos/70x70/50058.png","https://img.uefa.com/imgml/TP/teams/logos/240x240/50058.png","250058","MIL","DOMESTIC_MEN_TEAM_A","","DOMESTIC","Italie","Milan","AC Milan","MIL","149","MINUTE","4","0","0","21.48","KILOMETER","32.4","KILOMETER_PER_HOUR"
"250056982","50069","35","1990-09-01","8","Kanga","GAB","ATTACKING_MIDFIELDER","MIDFIELDER","MALE","","./image/250056982.jpg","Guélor Kanga","MIDFIELDER","","Kanga","","","Gabon","Milieu","Guélor","Kanga","Guélor Kanga","Kanga","200147","./assoc/200147_SRB.svg","./logo/50069.png","UEFA","SRB","50069","FAME","Crvena Zvezda","","https://img.uefa.com/imgml/TP/teams/logos/70x70/50069.png","https://img.uefa.com/imgml/TP/teams/logos/240x240/50069.png","250069","ZVE","DOMESTIC_MEN_TEAM_A","","DOMESTIC","Serbie","Crvena Zvezda","FK Crvena Zvezda","ZVE","148","MINUTE","3","0","1","20.51","KILOMETER","28.4","KILOMETER_PER_HOUR"
"250165617","52709","19","2005-11-15","28","Roony","SWE","UNKNOWN","FORWARD","MALE","","./image/250165617.jpg","Roony Bardghji","FORWARD","19","Roony","127","","Suède","Attaquant","Roony","Bardghji","Roony Bardghji","Bardghji","200035","./assoc/200035_DEN.svg","./logo/52709.png","UEFA","DEN","52709","FAME","Copenhagen","","https://img.uefa.com/imgml/TP/teams/logos/70x70/52709.png","https://img.uefa.com/imgml/TP/teams/logos/240x240/52709.png","252709","CPH","DOMESTIC_MEN_TEAM_A","","DOMESTIC","Danemark","Copenhagen","F.C. Copenhagen","CPH","144","MINUTE","4","1","0","21.98","KILOMETER","28.7","KILOMETER_PER_HOUR"
"250129690","52709","21","2004-08-29","9","Óskarsson","ISL","UNKNOWN","FORWARD","MALE","","./image/250129690.jpg","Orri Óskarsson","FORWARD","9","Oskarsson","58","","Islande","Attaquant","Orri","Óskarsson","Orri Óskarsson","Óskarsson","200035","./assoc/200035_DEN.svg","./logo/52709.png","UEFA","DEN","52709","FAME","Copenhagen","","https://img.uefa.com/imgml/TP/teams/logos/70x70/52709.png","https://img.uefa.com/imgml/TP/teams/logos/240x240/52709.png","252709","CPH","DOMESTIC_MEN_TEAM_A","","DOMESTIC","Danemark","Copenhagen","F.C. Copenhagen","CPH","142","MINUTE","6","0","1","21.81","KILOMETER","30.9","KILOMETER_PER_HOUR"
"250140936","50037","20","2005-04-27","11","Tel","FRA","UNKNOWN","FORWARD","MALE","","./image/250140936.jpg","Mathys Tel","FORWARD","7","TEL","200043","","France","Attaquant","Mathys","Tel","Mathys Tel","Tel","200047","./assoc/200047_GER.svg","./logo/50037.png","UEFA","GER","50037","FAME","Bayern München","","https://img.uefa.com/imgml/TP/teams/logos/70x70/50037.png","https://img.uefa.com/imgml/TP/teams/logos/240x240/50037.png","250037","BAY","DOMESTIC_MEN_TEAM_A","","DOMESTIC","Allemagne","Bayern München","FC Bayern München","BAY","139","MINUTE","8","2","1","20.33","KILOMETER","33.1","KILOMETER_PER_HOUR"
"250187184","50030","22","2002-12-23","45","D.NENE","MLI","UNKNOWN","FORWARD","MALE","","./image/250187184.jpg","Dorgeles Nene","FORWARD","","D. Nene","","","Mali","Attaquant","Dorgeles","Nene","Dorgeles Nene","Nene","200008","./assoc/200008_AUT.svg","./logo/50030.png","UEFA","AUT","50030","FAME","Salzburg","","https://img.uefa.com/imgml/TP/teams/logos/70x70/50030.png","https://img.uefa.com/imgml/TP/teams/logos/240x240/50030.png","250030","SAL","DOMESTIC_MEN_TEAM_A","","DOMESTIC","Autriche","Salzburg","FC Salzburg","SAL","139","MINUTE","4","0","0","19.62","KILOMETER","33.5","KILOMETER_PER_HOUR"
"250008348","50080","34","1990-12-28","20","MARCOS A.","ESP","FULL_BACK","DEFENDER","MALE","188","./image/250008348.jpg","Marcos Alonso","DEFENDER","17","Marcos A.","122","","Espagne","Défenseur","Marcos","Alonso","Marcos Alonso","Alonso","200122","./assoc/200122_ESP.svg","./logo/50080.png","UEFA","ESP","50080","FAME","Barcelona","","https://img.uefa.com/imgml/TP/teams/logos/70x70/50080.png","https://img.uefa.com/imgml/TP/teams/logos/240x240/50080.png","250080","BAR","DOMESTIC_MEN_TEAM_A","","DOMESTIC","Espagne","Barcelona","FC Barcelona","BAR","139","MINUTE","3","0","0","19.25","KILOMETER","31.2","KILOMETER_PER_HOUR"
"250187059","52277","24","2001-07-02","8","El Aynaoui","MAR","","MIDFIELDER","MALE","","./image/250187059.jpg","Neil El Aynaoui","MIDFIELDER","","El Aynaoui","","","Maroc","Milieu","Neil","El Aynaoui","Neil El Aynaoui","El Aynaoui","200043","./assoc/200043_FRA.svg","./logo/52277.png","UEFA","FRA","52277","FAME","Lens","","https://img.uefa.com/imgml/TP/teams/logos/70x70/52277.png","https://img.uefa.com/imgml/TP/teams/logos/240x240/52277.png","252277","LEN","DOMESTIC_MEN_TEAM_A","","DOMESTIC","France","Lens","RC Lens","LEN","137","MINUTE","3","0","0","19.75","KILOMETER","33","KILOMETER_PER_HOUR"
"250169705","50050","27","1997-11-21","41","Reo","JPN","UNKNOWN","DEFENDER","MALE","","./image/250169705.jpg","Reo Hatate","DEFENDER","","REO","","","Japon","Défenseur","Reo","Hatate","Reo Hatate","Hatate","200117","./assoc/200117_SCO.svg","./logo/50050.png","UEFA","SCO","50050","FAME","Celtic","","https://img.uefa.com/imgml/TP/teams/logos/70x70/50050.png","https://img.uefa.com/imgml/TP/teams/logos/240x240/50050.png","250050","CEL","DOMESTIC_MEN_TEAM_A","","DOMESTIC","Écosse","Celtic","Celtic FC","CEL","137","MINUTE","3","0","0","16.73","KILOMETER","27.3","KILOMETER_PER_HOUR"
"250118783","52973","23","2001-12-04","6","Rovella","ITA","UNKNOWN","MIDFIELDER","MALE","","./image/250118783.jpg","Nicolò Rovella","MIDFIELDER","6","Rovella","66","","Italie","Milieu","Nicolò","Rovella","Nicolò Rovella","Rovella","200066","./assoc/200066_ITA.svg","./logo/52973.png","UEFA","ITA","52973","FAME","Lazio","","https://img.uefa.com/imgml/TP/teams/logos/70x70/52973.png","https://img.uefa.com/imgml/TP/teams/logos/240x240/52973.png","252973","LAZ","DOMESTIC_MEN_TEAM_A","","DOMESTIC","Italie","Lazio","S.S. Lazio","LAZ","136","MINUTE","3","0","0","21.7","KILOMETER","31.1","KILOMETER_PER_HOUR"
"250077451","52280","26","1999-05-30","9","Nketiah","ENG","STRIKER","FORWARD","MALE","","./image/250077451.jpg","Eddie Nketiah","FORWARD","9","Nketiah","39","","Angleterre","Attaquant","Eddie","Nketiah","Eddie Nketiah","Nketiah","200039","./assoc/200039_ENG.svg","./logo/52280.png","UEFA","ENG","52280","FAME","Arsenal","","https://img.uefa.com/imgml/TP/teams/logos/70x70/52280.png","https://img.uefa.com/imgml/TP/teams/logos/240x240/52280.png","252280","ARS","DOMESTIC_MEN_TEAM_A","","DOMESTIC","Angleterre","Arsenal","Arsenal FC","ARS","135","MINUTE","6","1","0","18.81","KILOMETER","32.21","KILOMETER_PER_HOUR"
"250101874","50147","25","2000-06-01","17","Tengstedt","DEN","UNKNOWN","FORWARD","MALE","","./image/250101874.jpg","Casper Tengstedt","MIDFIELDER","11","Tengstedt","200035","","Danemark","Attaquant","Casper","Tengstedt","Casper Tengstedt","Tengstedt","200110","./assoc/200110_POR.svg","./logo/50147.png","UEFA","POR","50147","FAME","Benfica","","https://img.uefa.com/imgml/TP/teams/logos/70x70/50147.png","https://img.uefa.com/imgml/TP/teams/logos/240x240/50147.png","250147","BEN","DOMESTIC_MEN_TEAM_A","","DOMESTIC","Portugal","Benfica","SL Benfica","BEN","135","MINUTE","4","0","2","18.95","KILOMETER","32.3","KILOMETER_PER_HOUR"
"250042705","52682","30","1995-07-12","23","Shaw","ENG","FULL_BACK","DEFENDER","MALE","185","./image/250042705.jpg","Luke Shaw","DEFENDER","3","Shaw","39","75","Angleterre","Défenseur","Luke","Shaw","Luke Shaw","Shaw","200039","./assoc/200039_ENG.svg","./logo/52682.png","UEFA","ENG","52682","FAME","Man Utd","","https://img.uefa.com/imgml/TP/teams/logos/70x70/52682.png","https://img.uefa.com/imgml/TP/teams/logos/240x240/52682.png","252682","MUN","DOMESTIC_MEN_TEAM_A","","DOMESTIC","Angleterre","Man Utd","Manchester United","MUN","135","MINUTE","2","0","1","15.61","KILOMETER","32.6","KILOMETER_PER_HOUR"
"250153214","77977","24","2000-10-22","7","Aaronson","USA","WINGER","MIDFIELDER","MALE","","./image/250153214.jpg","Brenden Aaronson","MIDFIELDER","11","Aaronson","140","","Etats-Unis","Milieu","Brenden","Aaronson","Brenden Aaronson","Aaronson","200047","./assoc/200047_GER.svg","./logo/77977.png","UEFA","GER","77977","FAME","Union Berlin","","https://img.uefa.com/imgml/TP/teams/logos/70x70/77977.png","https://img.uefa.com/imgml/TP/teams/logos/240x240/77977.png","277977","UBE","DOMESTIC_MEN_TEAM_A","","DOMESTIC","Allemagne","Union Berlin","1. FC Union Berlin","UBE","134","MINUTE","6","0","0","24.59","KILOMETER","32.8","KILOMETER_PER_HOUR"
"250187620","50062","22","2003-01-09","9","Pepi","USA","UNKNOWN","FORWARD","MALE","","./image/250187620.jpg","Ricardo Pepi","FORWARD","","Pepi","","","Etats-Unis","Attaquant","Ricardo","Pepi","Ricardo Pepi","Pepi","200095","./assoc/200095_NED.svg","./logo/50062.png","UEFA","NED","50062","FAME","PSV","","https://img.uefa.com/imgml/TP/teams/logos/70x70/50062.png","https://img.uefa.com/imgml/TP/teams/logos/240x240/50062.png","250062","PSV","DOMESTIC_MEN_TEAM_A","","DOMESTIC","Pays-Bas","PSV","PSV Eindhoven","PSV","133","MINUTE","8","1","1","20.36","KILOMETER","32.3","KILOMETER_PER_HOUR"
"250182327","52707","21","2004-07-27","18","Kelsy Genes","VEN","UNKNOWN","FORWARD","MALE","","./image/250182327.jpg","Kevin Kelsy","FORWARD","","Kevin","","","Vénézuéla","Attaquant","Kevin","Kelsy","Kevin Kelsy","Kelsy","257166","./assoc/257166_UKR.svg","./logo/52707.png","UEFA","UKR","52707","FAME","Shakhtar","","https://img.uefa.com/imgml/TP/teams/logos/70x70/52707.png","https://img.uefa.com/imgml/TP/teams/logos/240x240/52707.png","252707","SHK","DOMESTIC_MEN_TEAM_A","","DOMESTIC","Ukraine","Shakhtar","FC Shakhtar Donetsk","SHK","131","MINUTE","5","1","0","17.87","KILOMETER","31.2","KILOMETER_PER_HOUR"
"250163235","50123","21","2004-01-19","25","CHO","FRA","UNKNOWN","FORWARD","MALE","","./image/250163235.jpg","Mohamed Ali Cho","FORWARD","17","CHO","200043","","France","Attaquant","Mohamed Ali","Cho","Mohamed Ali Cho","Cho","200122","./assoc/200122_ESP.svg","./logo/50123.png","UEFA","ESP","50123","FAME","Real Sociedad","","https://img.uefa.com/imgml/TP/teams/logos/70x70/50123.png","https://img.uefa.com/imgml/TP/teams/logos/240x240/50123.png","250123","RSO","DOMESTIC_MEN_TEAM_A","","DOMESTIC","Espagne","Real Sociedad","Real Sociedad de Fútbol","RSO","130","MINUTE","4","0","0","16.16","KILOMETER","32.5","KILOMETER_PER_HOUR"
"250143242","52919","29","1995-12-02","4","Phillips","ENG","DEFENSIVE_MIDFIELDER","MIDFIELDER","MALE","","./image/250143242.jpg","Kalvin Phillips","MIDFIELDER","14","Phillips","39","","Angleterre","Milieu","Kalvin","Phillips","Kalvin Phillips","Phillips","200039","./assoc/200039_ENG.svg","./logo/52919.png","UEFA","ENG","52919","FAME","Man City","","https://img.uefa.com/imgml/TP/teams/logos/70x70/52919.png","https://img.uefa.com/imgml/TP/teams/logos/240x240/52919.png","252919","MCI","DOMESTIC_MEN_TEAM_A","","DOMESTIC","Angleterre","Man City","Manchester City","MCI","128","MINUTE","4","1","0","18.2","KILOMETER","31.8","KILOMETER_PER_HOUR"
"250166772","50147","25","2000-08-07","39","Jurasek","CZE","UNKNOWN","DEFENDER","MALE","","./image/250166772.jpg","David Jurásek","DEFENDER","17","Jurásek","58837","","Tchéquie","Défenseur","David","Jurásek","David Jurásek","Jurásek","200110","./assoc/200110_POR.svg","./logo/50147.png","UEFA","POR","50147","FAME","Benfica","","https://img.uefa.com/imgml/TP/teams/logos/70x70/50147.png","https://img.uefa.com/imgml/TP/teams/logos/240x240/50147.png","250147","BEN","DOMESTIC_MEN_TEAM_A","","DOMESTIC","Portugal","Benfica","SL Benfica","BEN","128","MINUTE","3","0","0","17.52","KILOMETER","33.71","KILOMETER_PER_HOUR"
"250132730","50031","25","2000-02-01","11","COLLEY","GAM","WINGER","FORWARD","MALE","","./image/250132730.jpg","Ebrima Colley","MIDFIELDER","","Colley","45","","Gambie","Attaquant","Ebrima","Colley","Ebrima Colley","Colley","200128","./assoc/200128_SUI.svg","./logo/50031.png","UEFA","SUI","50031","FAME","Young Boys","","https://img.uefa.com/imgml/TP/teams/logos/70x70/50031.png","https://img.uefa.com/imgml/TP/teams/logos/240x240/50031.png","250031","YB","DOMESTIC_MEN_TEAM_A","","DOMESTIC","Suisse","Young Boys","BSC Young Boys","YB","127","MINUTE","2","1","0","16.14","KILOMETER","31.8","KILOMETER_PER_HOUR"
"250003853","50067","33","1992-06-02","27","Sérgio","POR","CENTRAL_MIDFIELDER","MIDFIELDER","MALE","181","./image/250003853.jpg","Sérgio Oliveira","MIDFIELDER","24","Sérgio","110","72","Portugal","Milieu","","Sérgio Oliveira","Sérgio Oliveira","Sérgio Oliveira","200135","./assoc/200135_TUR.svg","./logo/50067.png","UEFA","TUR","50067","FAME","Galatasaray","","https://img.uefa.com/imgml/TP/teams/logos/70x70/50067.png","https://img.uefa.com/imgml/TP/teams/logos/240x240/50067.png","250067","GAL","DOMESTIC_MEN_TEAM_A","","DOMESTIC","Turquie","Galatasaray","Galatasaray A.Ş.","GAL","124","MINUTE","5","0","1","18.07","KILOMETER","28.9","KILOMETER_PER_HOUR"
"250010552","77977","38","1987-02-24","28","Trimmel","AUT","UNKNOWN","DEFENDER","MALE","189","./image/250010552.jpg","Christopher Trimmel","MIDFIELDER","16","Trimmel","8","","Autriche","Défenseur","Christopher","Trimmel","Christopher Trimmel","Trimmel","200047","./assoc/200047_GER.svg","./logo/77977.png","UEFA","GER","77977","FAME","Union Berlin","","https://img.uefa.com/imgml/TP/teams/logos/70x70/77977.png","https://img.uefa.com/imgml/TP/teams/logos/240x240/77977.png","277977","UBE","DOMESTIC_MEN_TEAM_A","","DOMESTIC","Allemagne","Union Berlin","1. FC Union Berlin","UBE","124","MINUTE","3","0","0","17.02","KILOMETER","31.1","KILOMETER_PER_HOUR"
"250158929","50067","25","2000-05-23","53","BARIŞ","TUR","UNKNOWN","FORWARD","MALE","","./image/250158929.jpg","Barış Alper Yılmaz","FORWARD","9","BARIŞ","135","","Turquie","Attaquant","","Barış Alper Yılmaz","Barış Alper Yılmaz","Barış Alper Yılmaz","200135","./assoc/200135_TUR.svg","./logo/50067.png","UEFA","TUR","50067","FAME","Galatasaray","","https://img.uefa.com/imgml/TP/teams/logos/70x70/50067.png","https://img.uefa.com/imgml/TP/teams/logos/240x240/50067.png","250067","GAL","DOMESTIC_MEN_TEAM_A","","DOMESTIC","Turquie","Galatasaray","Galatasaray A.Ş.","GAL","123","MINUTE","6","0","1","17.75","KILOMETER","33.3","KILOMETER_PER_HOUR"
"250101473","50058","25","2000-07-29","29","Adli","FRA","UNKNOWN","MIDFIELDER","MALE","","./image/250101473.jpg","Yacine Adli","MIDFIELDER","7","Adli","300043","","France","Milieu","Yacine","Adli","Yacine Adli","Adli","200066","./assoc/200066_ITA.svg","./logo/50058.png","UEFA","ITA","50058","FAME","Milan","","https://img.uefa.com/imgml/TP/teams/logos/70x70/50058.png","https://img.uefa.com/imgml/TP/teams/logos/240x240/50058.png","250058","MIL","DOMESTIC_MEN_TEAM_A","","DOMESTIC","Italie","Milan","AC Milan","MIL","122","MINUTE","3","0","0","17.39","KILOMETER","31.3","KILOMETER_PER_HOUR"
"250118766","50123","24","2001-01-08","20","Pacheco","ESP","CENTRE_BACK","DEFENDER","MALE","","./image/250118766.jpg","Jon Pacheco","DEFENDER","5","J. PACHECO","200122","","Espagne","Défenseur","Jon","Pacheco","Jon Pacheco","Pacheco","200122","./assoc/200122_ESP.svg","./logo/50123.png","UEFA","ESP","50123","FAME","Real Sociedad","","https://img.uefa.com/imgml/TP/teams/logos/70x70/50123.png","https://img.uefa.com/imgml/TP/teams/logos/240x240/50123.png","250123","RSO","DOMESTIC_MEN_TEAM_A","","DOMESTIC","Espagne","Real Sociedad","Real Sociedad de Fútbol","RSO","121","MINUTE","5","0","0","15.16","KILOMETER","30.9","KILOMETER_PER_HOUR"
"250117502","2603790","23","2002-08-30","18","Leandro Freitas Gouveia De Car","POR","UNKNOWN","MIDFIELDER","MALE","","./image/250117502.jpg","Fabio Carvalho","MIDFIELDER","7","FÁBIO CARVALHO","200110","","Portugal","Milieu","Fabio","Carvalho","Fabio Carvalho","Carvalho","200047","./assoc/200047_GER.svg","./logo/2603790.png","UEFA","GER","2603790","FAME","Leipzig","","https://img.uefa.com/imgml/TP/teams/logos/70x70/2603790.png","https://img.uefa.com/imgml/TP/teams/logos/240x240/2603790.png","250002563","RBL","DOMESTIC_MEN_TEAM_A","","DOMESTIC","Allemagne","Leipzig","RB Leipzig","RBL","121","MINUTE","3","0","0","17.55","KILOMETER","30.8","KILOMETER_PER_HOUR"
"250134190","50147","27","1998-04-25","9","A. Cabral","BRA","STRIKER","FORWARD","MALE","","./image/250134190.jpg","Arthur Cabral","FORWARD","","A. CABRAL","","","Brésil","Attaquant","Arthur","Cabral","Arthur Cabral","Cabral","200110","./assoc/200110_POR.svg","./logo/50147.png","UEFA","POR","50147","FAME","Benfica","","https://img.uefa.com/imgml/TP/teams/logos/70x70/50147.png","https://img.uefa.com/imgml/TP/teams/logos/240x240/50147.png","250147","BEN","DOMESTIC_MEN_TEAM_A","","DOMESTIC","Portugal","Benfica","SL Benfica","BEN","120","MINUTE","4","1","0","14.62","KILOMETER","34.8","KILOMETER_PER_HOUR"
"250080570","52747","29","1996-01-21","21","M.ASENSIO","ESP","ATTACKING_MIDFIELDER","FORWARD","MALE","178","./image/250080570.jpg","Marco Asensio","FORWARD","10","M. Asensio","122","70","Espagne","Attaquant","Marco","Asensio","Marco Asensio","Asensio","200043","./assoc/200043_FRA.svg","./logo/52747.png","UEFA","FRA","52747","FAME","Paris","","https://img.uefa.com/imgml/TP/teams/logos/70x70/52747.png","https://img.uefa.com/imgml/TP/teams/logos/240x240/52747.png","252747","PSG","DOMESTIC_MEN_TEAM_A","","DOMESTIC","France","Paris","Paris Saint-Germain","PSG","119","MINUTE","6","0","0","19.05","KILOMETER","31.4","KILOMETER_PER_HOUR"
"250027780","52277","32","1992-12-02","21","HAÏDARA","MLI","UNKNOWN","DEFENDER","MALE","","./image/250027780.jpg","Massadio Haïdara","DEFENDER","","Haidara","200043","","Mali","Défenseur","Massadio","Haïdara","Massadio Haïdara","Haïdara","200043","./assoc/200043_FRA.svg","./logo/52277.png","UEFA","FRA","52277","FAME","Lens","","https://img.uefa.com/imgml/TP/teams/logos/70x70/52277.png","https://img.uefa.com/imgml/TP/teams/logos/240x240/52277.png","252277","LEN","DOMESTIC_MEN_TEAM_A","","DOMESTIC","France","Lens","RC Lens","LEN","115","MINUTE","4","0","0","16.55","KILOMETER","32.21","KILOMETER_PER_HOUR"
"250153777","50069","20","2005-07-11","22","Mijatović","SRB","UNKNOWN","FORWARD","MALE","","./image/250153777.jpg","Jovan Mijatović","FORWARD","11","Mijatović","200147","","Serbie","Attaquant","Jovan","Mijatović","Jovan Mijatović","Mijatović","200147","./assoc/200147_SRB.svg","./logo/50069.png","UEFA","SRB","50069","FAME","Crvena Zvezda","","https://img.uefa.com/imgml/TP/teams/logos/70x70/50069.png","https://img.uefa.com/imgml/TP/teams/logos/240x240/50069.png","250069","ZVE","DOMESTIC_MEN_TEAM_A","","DOMESTIC","Serbie","Crvena Zvezda","FK Crvena Zvezda","ZVE","115","MINUTE","4","0","0","14.01","KILOMETER","29.7","KILOMETER_PER_HOUR"
"250089289","2603790","26","1999-08-01","14","Baumgartner","AUT","ATTACKING_MIDFIELDER","MIDFIELDER","MALE","","./image/250089289.jpg","Christoph Baumgartner","MIDFIELDER","19","Baumgartner","8","","Autriche","Milieu","Christoph","Baumgartner","Christoph Baumgartner","Baumgartner","200047","./assoc/200047_GER.svg","./logo/2603790.png","UEFA","GER","2603790","FAME","Leipzig","","https://img.uefa.com/imgml/TP/teams/logos/70x70/2603790.png","https://img.uefa.com/imgml/TP/teams/logos/240x240/2603790.png","250002563","RBL","DOMESTIC_MEN_TEAM_A","","DOMESTIC","Allemagne","Leipzig","RB Leipzig","RBL","113","MINUTE","6","0","1","20.3","KILOMETER","30.8","KILOMETER_PER_HOUR"
"250112186","50031","29","1996-06-29","35","GANVOULA","CGO","","FORWARD","MALE","","./image/250112186.jpg","Silvère Ganvoula","FORWARD","","GANVOULA","","","Congo","Attaquant","Silvère","Ganvoula","Silvère Ganvoula","Ganvoula","200128","./assoc/200128_SUI.svg","./logo/50031.png","UEFA","SUI","50031","FAME","Young Boys","","https://img.uefa.com/imgml/TP/teams/logos/70x70/50031.png","https://img.uefa.com/imgml/TP/teams/logos/240x240/50031.png","250031","YB","DOMESTIC_MEN_TEAM_A","","DOMESTIC","Suisse","Young Boys","BSC Young Boys","YB","113","MINUTE","6","0","0","14.96","KILOMETER","33.1","KILOMETER_PER_HOUR"
"250172438","52277","24","2001-01-05","10","Pereira Da Costa","POR","UNKNOWN","MIDFIELDER","MALE","","./image/250172438.jpg","David Pereira Da Costa","MIDFIELDER","16","Pereira Da Costa","200110","","Portugal","Milieu","David","Pereira Da Costa","David Pereira Da Costa","Pereira Da Costa","200043","./assoc/200043_FRA.svg","./logo/52277.png","UEFA","FRA","52277","FAME","Lens","","https://img.uefa.com/imgml/TP/teams/logos/70x70/52277.png","https://img.uefa.com/imgml/TP/teams/logos/240x240/52277.png","252277","LEN","DOMESTIC_MEN_TEAM_A","","DOMESTIC","France","Lens","RC Lens","LEN","113","MINUTE","3","0","0","14.6","KILOMETER","33.3","KILOMETER_PER_HOUR"
"250116664","52709","26","1999-02-25","8","Elkjær Mattsson","DEN","UNKNOWN","MIDFIELDER","MALE","","./image/250116664.jpg","Magnus Mattsson","MIDFIELDER","18","Elkjær Mattsson","300035","","Danemark","Milieu","Magnus","Mattsson","Magnus Mattsson","Mattsson","200035","./assoc/200035_DEN.svg","./logo/52709.png","UEFA","DEN","52709","FAME","Copenhagen","","https://img.uefa.com/imgml/TP/teams/logos/70x70/52709.png","https://img.uefa.com/imgml/TP/teams/logos/240x240/52709.png","252709","CPH","DOMESTIC_MEN_TEAM_A","","DOMESTIC","Danemark","Copenhagen","F.C. Copenhagen","CPH","113","MINUTE","2","1","0","15.76","KILOMETER","30.3","KILOMETER_PER_HOUR"
"250015966","50138","37","1988-05-26","7","Cuadrado","COL","UNKNOWN","MIDFIELDER","MALE","176","./image/250015966.jpg","Juan Cuadrado","MIDFIELDER","11","Cuadrado","29","66","Colombie","Milieu","Juan","Cuadrado","Juan Cuadrado","Cuadrado","200066","./assoc/200066_ITA.svg","./logo/50138.png","UEFA","ITA","50138","FAME","Inter","","https://img.uefa.com/imgml/TP/teams/logos/70x70/50138.png","https://img.uefa.com/imgml/TP/teams/logos/240x240/50138.png","250138","INT","DOMESTIC_MEN_TEAM_A","","DOMESTIC","Italie","Inter","FC Internazionale Milano","INT","113","MINUTE","2","0","0","14.32","KILOMETER","32.5","KILOMETER_PER_HOUR"
"250089225","50147","26","1999-08-19","61","Florentino","POR","DEFENSIVE_MIDFIELDER","MIDFIELDER","MALE","","./image/250089225.jpg","Florentino","MIDFIELDER","6","FLORENTINO","110","","Portugal","Milieu","","Florentino","Florentino","Florentino","200110","./assoc/200110_POR.svg","./logo/50147.png","UEFA","POR","50147","FAME","Benfica","","https://img.uefa.com/imgml/TP/teams/logos/70x70/50147.png","https://img.uefa.com/imgml/TP/teams/logos/240x240/50147.png","250147","BEN","DOMESTIC_MEN_TEAM_A","","DOMESTIC","Portugal","Benfica","SL Benfica","BEN","111","MINUTE","3","0","0","14.92","KILOMETER","29.4","KILOMETER_PER_HOUR"
"250013892","50147","32","1993-03-01","14","Juan Bernat","ESP","FULL_BACK","DEFENDER","MALE","170","./image/250013892.jpg","Juan Bernat","DEFENDER","14","Juan Bernat","122","67","Espagne","Défenseur","Juan","Bernat","Juan Bernat","Bernat","200110","./assoc/200110_POR.svg","./logo/50147.png","UEFA","POR","50147","FAME","Benfica","","https://img.uefa.com/imgml/TP/teams/logos/70x70/50147.png","https://img.uefa.com/imgml/TP/teams/logos/240x240/50147.png","250147","BEN","DOMESTIC_MEN_TEAM_A","","DOMESTIC","Portugal","Benfica","SL Benfica","BEN","111","MINUTE","2","0","0","13.22","KILOMETER","31.2","KILOMETER_PER_HOUR"
"250186115","50069","28","1997-07-17","17","Krasso","CIV","UNKNOWN","FORWARD","MALE","","./image/250186115.jpg","Jean-Philippe Krasso","FORWARD","","Krasso","","","Côte d'Ivoire","Attaquant","Jean-Philippe","Krasso","Jean-Philippe Krasso","Krasso","200147","./assoc/200147_SRB.svg","./logo/50069.png","UEFA","SRB","50069","FAME","Crvena Zvezda","","https://img.uefa.com/imgml/TP/teams/logos/70x70/50069.png","https://img.uefa.com/imgml/TP/teams/logos/240x240/50069.png","250069","ZVE","DOMESTIC_MEN_TEAM_A","","DOMESTIC","Serbie","Crvena Zvezda","FK Crvena Zvezda","ZVE","108","MINUTE","4","0","1","15.29","KILOMETER","29.1","KILOMETER_PER_HOUR"
"250147240","52682","23","2001-12-20","28","F. PELLISTRI","URU","","MIDFIELDER","MALE","","./image/250147240.jpg","Facundo Pellistri","MIDFIELDER","8","Pellistri","138","","Uruguay","Milieu","Facundo","Pellistri","Facundo Pellistri","Pellistri","200039","./assoc/200039_ENG.svg","./logo/52682.png","UEFA","ENG","52682","FAME","Man Utd","","https://img.uefa.com/imgml/TP/teams/logos/70x70/52682.png","https://img.uefa.com/imgml/TP/teams/logos/240x240/52682.png","252682","MUN","DOMESTIC_MEN_TEAM_A","","DOMESTIC","Angleterre","Man Utd","Manchester United","MUN","108","MINUTE","3","0","0","14.02","KILOMETER","33.3","KILOMETER_PER_HOUR"
"250162810","52919","21","2003-11-13","","Hamilton","ENG","","MIDFIELDER","MALE","","./image/250162810.jpg","Micah Hamilton","MIDFIELDER","","Hamilton","","","Angleterre","Milieu","Micah","Hamilton","Micah Hamilton","Hamilton","200039","./assoc/200039_ENG.svg","./logo/52919.png","UEFA","ENG","52919","FAME","Man City","","https://img.uefa.com/imgml/TP/teams/logos/70x70/52919.png","https://img.uefa.com/imgml/TP/teams/logos/240x240/52919.png","252919","MCI","DOMESTIC_MEN_TEAM_A","","DOMESTIC","Angleterre","Man City","Manchester City","MCI","106","MINUTE","2","1","0","9.83","KILOMETER","31.7","KILOMETER_PER_HOUR"
"250105821","50067","27","1998-10-14","25","NELSSON","DEN","CENTRE_BACK","DEFENDER","MALE","","./image/250105821.jpg","Victor Nelsson","DEFENDER","4","Nelsson","35","","Danemark","Défenseur","Victor","Nelsson","Victor Nelsson","Nelsson","200135","./assoc/200135_TUR.svg","./logo/50067.png","UEFA","TUR","50067","FAME","Galatasaray","","https://img.uefa.com/imgml/TP/teams/logos/70x70/50067.png","https://img.uefa.com/imgml/TP/teams/logos/240x240/50067.png","250067","GAL","DOMESTIC_MEN_TEAM_A","","DOMESTIC","Turquie","Galatasaray","Galatasaray A.Ş.","GAL","102","MINUTE","4","0","0","12.57","KILOMETER","30.2","KILOMETER_PER_HOUR"
"250024860","50124","31","1994-02-13","9","MEMPHIS","NED","WINGER","FORWARD","MALE","176","./image/250024860.jpg","Memphis Depay","FORWARD","10","Memphis","95","78","Pays-Bas","Attaquant","Memphis","Depay","Memphis Depay","Depay","200122","./assoc/200122_ESP.svg","./logo/50124.png","UEFA","ESP","50124","FAME","Atleti","","https://img.uefa.com/imgml/TP/teams/logos/70x70/50124.png","https://img.uefa.com/imgml/TP/teams/logos/240x240/50124.png","250124","ATM","DOMESTIC_MEN_TEAM_A","","DOMESTIC","Espagne","Atleti","Atlético de Madrid","ATM","102","MINUTE","3","1","0","13.73","KILOMETER","31.2","KILOMETER_PER_HOUR"
"250090718","52709","28","1997-06-20","11","Larsson","SWE","UNKNOWN","FORWARD","MALE","","./image/250090718.jpg","Jordan Larsson","FORWARD","15","Larsson","127","","Suède","Attaquant","Jordan","Larsson","Jordan Larsson","J. Larsson","200035","./assoc/200035_DEN.svg","./logo/52709.png","UEFA","DEN","52709","FAME","Copenhagen","","https://img.uefa.com/imgml/TP/teams/logos/70x70/52709.png","https://img.uefa.com/imgml/TP/teams/logos/240x240/52709.png","252709","CPH","DOMESTIC_MEN_TEAM_A","","DOMESTIC","Danemark","Copenhagen","F.C. Copenhagen","CPH","101","MINUTE","5","0","0","15.15","KILOMETER","33.5","KILOMETER_PER_HOUR"
"250088136","50123","28","1997-02-02","19","Sadiq","NGA","STRIKER","FORWARD","MALE","","./image/250088136.jpg","Umar Sadiq","FORWARD","","Umar","","","Nigeria","Attaquant","Umar","Sadiq","Umar Sadiq","Sadiq","200122","./assoc/200122_ESP.svg","./logo/50123.png","UEFA","ESP","50123","FAME","Real Sociedad","","https://img.uefa.com/imgml/TP/teams/logos/70x70/50123.png","https://img.uefa.com/imgml/TP/teams/logos/240x240/50123.png","250123","RSO","DOMESTIC_MEN_TEAM_A","","DOMESTIC","Espagne","Real Sociedad","Real Sociedad de Fútbol","RSO","101","MINUTE","4","0","0","14.11","KILOMETER","31.4","KILOMETER_PER_HOUR"
"250050353","52714","30","1994-11-10","21","Óliver T.","ESP","ATTACKING_MIDFIELDER","MIDFIELDER","MALE","178","./image/250050353.jpg","Óliver Torres","MIDFIELDER","16","Óliver","122","70","Espagne","Milieu","","Óliver Torres","Óliver Torres","Óliver Torres","200122","./assoc/200122_ESP.svg","./logo/52714.png","UEFA","ESP","52714","FAME","Sevilla","","https://img.uefa.com/imgml/TP/teams/logos/70x70/52714.png","https://img.uefa.com/imgml/TP/teams/logos/240x240/52714.png","252714","SEV","DOMESTIC_MEN_TEAM_A","","DOMESTIC","Espagne","Sevilla","Sevilla FC","SEV","101","MINUTE","3","0","0","14.36","KILOMETER","31.4","KILOMETER_PER_HOUR"
"250076081","59324","26","1999-08-20","28","Willock","ENG","CENTRAL_MIDFIELDER","MIDFIELDER","MALE","","./image/250076081.jpg","Joe Willock","FORWARD","8","Willock","200039","","Angleterre","Milieu","Joe","Willock","Joe Willock","Willock","200039","./assoc/200039_ENG.svg","./logo/59324.png","UEFA","ENG","59324","FAME","Newcastle","","https://img.uefa.com/imgml/TP/teams/logos/70x70/59324.png","https://img.uefa.com/imgml/TP/teams/logos/240x240/59324.png","259324","NEW","DOMESTIC_MEN_TEAM_A","","DOMESTIC","Angleterre","Newcastle","Newcastle United FC","NEW","101","MINUTE","2","0","0","11.42","KILOMETER","33.8","KILOMETER_PER_HOUR"
"250181426","50050","24","2001-04-12","9","Oh","KOR","UNKNOWN","FORWARD","MALE","","./image/250181426.jpg","Hyeongyu Oh","FORWARD","18","HG OH","74","","République de Corée","Attaquant","Hyeongyu","Oh","Hyeongyu Oh","HG Oh","200117","./assoc/200117_SCO.svg","./logo/50050.png","UEFA","SCO","50050","FAME","Celtic","","https://img.uefa.com/imgml/TP/teams/logos/70x70/50050.png","https://img.uefa.com/imgml/TP/teams/logos/240x240/50050.png","250050","CEL","DOMESTIC_MEN_TEAM_A","","DOMESTIC","Écosse","Celtic","Celtic FC","CEL","100","MINUTE","5","0","0","14.18","KILOMETER","34.1","KILOMETER_PER_HOUR"
"250193477","50136","25","2000-02-16","20","Traoré","CIV","UNKNOWN","MIDFIELDER","MALE","","./image/250193477.jpg","Hamed Traorè","MIDFIELDER","","Traoré","","","Côte d'Ivoire","Milieu","Hamed","Traorè","Hamed Traorè","Traorè","200066","./assoc/200066_ITA.svg","./logo/50136.png","UEFA","ITA","50136","FAME","Napoli","","https://img.uefa.com/imgml/TP/teams/logos/70x70/50136.png","https://img.uefa.com/imgml/TP/teams/logos/240x240/50136.png","250136","NAP","DOMESTIC_MEN_TEAM_A","","DOMESTIC","Italie","Napoli","SSC Napoli","NAP","100","MINUTE","2","0","0","13","KILOMETER","31.9","KILOMETER_PER_HOUR"
"108915","50062","35","1990-08-29","30","Van Aanholt","NED","UNKNOWN","DEFENDER","MALE","","./image/108915.jpg","Patrick Van Aanholt","DEFENDER","12","van Aanholt","95","","Pays-Bas","Défenseur","Patrick","Van Aanholt","Patrick Van Aanholt","Van Aanholt","200095","./assoc/200095_NED.svg","./logo/50062.png","UEFA","NED","50062","FAME","PSV","","https://img.uefa.com/imgml/TP/teams/logos/70x70/50062.png","https://img.uefa.com/imgml/TP/teams/logos/240x240/50062.png","250062","PSV","DOMESTIC_MEN_TEAM_A","","DOMESTIC","Pays-Bas","PSV","PSV Eindhoven","PSV","99","MINUTE","2","0","0","13.39","KILOMETER","33","KILOMETER_PER_HOUR"
"250061132","52277","32","1993-04-26","2","Aguilar","FRA","UNKNOWN","DEFENDER","MALE","","./image/250061132.jpg","Ruben Aguilar","DEFENDER","8","Aguilar","43","","France","Défenseur","Ruben","Aguilar","Ruben Aguilar","Aguilar","200043","./assoc/200043_FRA.svg","./logo/52277.png","UEFA","FRA","52277","FAME","Lens","","https://img.uefa.com/imgml/TP/teams/logos/70x70/52277.png","https://img.uefa.com/imgml/TP/teams/logos/240x240/52277.png","252277","LEN","DOMESTIC_MEN_TEAM_A","","DOMESTIC","France","Lens","RC Lens","LEN","99","MINUTE","2","0","0","12.55","KILOMETER","30.2","KILOMETER_PER_HOUR"
"250087765","50050","26","1999-04-19","90","Johnston","IRL","ATTACKING_MIDFIELDER","FORWARD","MALE","","./image/250087765.jpg","Mikey Johnston","FORWARD","19","Johnston","64","","Eire","Attaquant","Mikey","Johnston","Mikey Johnston","Johnston","200117","./assoc/200117_SCO.svg","./logo/50050.png","UEFA","SCO","50050","FAME","Celtic","","https://img.uefa.com/imgml/TP/teams/logos/70x70/50050.png","https://img.uefa.com/imgml/TP/teams/logos/240x240/50050.png","250050","CEL","DOMESTIC_MEN_TEAM_A","","DOMESTIC","Écosse","Celtic","Celtic FC","CEL","97","MINUTE","2","0","0","11.62","KILOMETER","32.8","KILOMETER_PER_HOUR"
"250064469","50123","29","1995-12-14","2","Odriozola","ESP","FULL_BACK","DEFENDER","MALE","","./image/250064469.jpg","Álvaro Odriozola","DEFENDER","21","Odriozola","122","","Espagne","Défenseur","Álvaro","Odriozola","Álvaro Odriozola","Odriozola","200122","./assoc/200122_ESP.svg","./logo/50123.png","UEFA","ESP","50123","FAME","Real Sociedad","","https://img.uefa.com/imgml/TP/teams/logos/70x70/50123.png","https://img.uefa.com/imgml/TP/teams/logos/240x240/50123.png","250123","RSO","DOMESTIC_MEN_TEAM_A","","DOMESTIC","Espagne","Real Sociedad","Real Sociedad de Fútbol","RSO","96","MINUTE","3","0","0","13.62","KILOMETER","33.5","KILOMETER_PER_HOUR"
"250176138","50136","30","1995-07-05","18","Simeone Baldini","ARG","UNKNOWN","FORWARD","MALE","","./image/250176138.jpg","Giovanni Simeone","FORWARD","","SIMEONE BALDINI","","","Argentine","Attaquant","Giovanni","Simeone","Giovanni Simeone","Simeone","200066","./assoc/200066_ITA.svg","./logo/50136.png","UEFA","ITA","50136","FAME","Napoli","","https://img.uefa.com/imgml/TP/teams/logos/70x70/50136.png","https://img.uefa.com/imgml/TP/teams/logos/240x240/50136.png","250136","NAP","DOMESTIC_MEN_TEAM_A","","DOMESTIC","Italie","Napoli","SSC Napoli","NAP","94","MINUTE","6","1","0","15.2","KILOMETER","33","KILOMETER_PER_HOUR"
"250147496","50113","22","2003-07-06","33","Van Den Bosch","BEL","CENTRAL_MIDFIELDER","DEFENDER","MALE","","./image/250147496.jpg","Zeno Van Den Bosch","DEFENDER","4","Van Den Bosch","200013","","Belgique","Défenseur","Zeno","Van Den Bosch","Zeno Van Den Bosch","Van Den Bosch","200013","./assoc/200013_BEL.svg","./logo/50113.png","UEFA","BEL","50113","FAME","Antwerp","","https://img.uefa.com/imgml/TP/teams/logos/70x70/50113.png","https://img.uefa.com/imgml/TP/teams/logos/240x240/50113.png","250113","ANT","DOMESTIC_MEN_TEAM_A","","DOMESTIC","Belgique","Antwerp","Royal Antwerp FC","ANT","94","MINUTE","3","0","0","11.87","KILOMETER","31.9","KILOMETER_PER_HOUR"
"1909868","50050","34","1991-07-07","49","Forrest","SCO","WINGER","MIDFIELDER","MALE","170","./image/1909868.jpg","James Forrest","MIDFIELDER","25","Forrest","117","67","Écosse","Milieu","James","Forrest","James Forrest","Forrest","200117","./assoc/200117_SCO.svg","./logo/50050.png","UEFA","SCO","50050","FAME","Celtic","","https://img.uefa.com/imgml/TP/teams/logos/70x70/50050.png","https://img.uefa.com/imgml/TP/teams/logos/240x240/50050.png","250050","CEL","DOMESTIC_MEN_TEAM_A","","DOMESTIC","Écosse","Celtic","Celtic FC","CEL","93","MINUTE","3","0","0","12.67","KILOMETER","30.4","KILOMETER_PER_HOUR"
"250161164","52714","25","2000-04-11","5","Badé","FRA","UNKNOWN","DEFENDER","MALE","","./image/250161164.jpg","Loïc Badé","DEFENDER","4","Bade","43","","France","Défenseur","Loïc","Badé","Loïc Badé","Badé","200122","./assoc/200122_ESP.svg","./logo/52714.png","UEFA","ESP","52714","FAME","Sevilla","","https://img.uefa.com/imgml/TP/teams/logos/70x70/52714.png","https://img.uefa.com/imgml/TP/teams/logos/240x240/52714.png","252714","SEV","DOMESTIC_MEN_TEAM_A","","DOMESTIC","Espagne","Sevilla","Sevilla FC","SEV","93","MINUTE","2","0","0","12.05","KILOMETER","32.1","KILOMETER_PER_HOUR"
"1905874","52709","33","1992-02-16","20","Boilesen","DEN","FULL_BACK","DEFENDER","MALE","184","./image/1905874.jpg","Nicolai Boilesen","DEFENDER","20","Boilesen","35","70","Danemark","Défenseur","Nicolai","Boilesen","Nicolai Boilesen","Boilesen","200035","./assoc/200035_DEN.svg","./logo/52709.png","UEFA","DEN","52709","FAME","Copenhagen","","https://img.uefa.com/imgml/TP/teams/logos/70x70/52709.png","https://img.uefa.com/imgml/TP/teams/logos/240x240/52709.png","252709","CPH","DOMESTIC_MEN_TEAM_A","","DOMESTIC","Danemark","Copenhagen","F.C. Copenhagen","CPH","92","MINUTE","3","0","0","11.2","KILOMETER","28.4","KILOMETER_PER_HOUR"
"250055958","2603790","31","1994-09-22","3","Lenz","GER","","DEFENDER","MALE","180","./image/250055958.jpg","Christopher Lenz","DEFENDER","3","Lenz","300047","","Allemagne","Défenseur","Christopher","Lenz","Christopher Lenz","Lenz","200047","./assoc/200047_GER.svg","./logo/2603790.png","UEFA","GER","2603790","FAME","Leipzig","","https://img.uefa.com/imgml/TP/teams/logos/70x70/2603790.png","https://img.uefa.com/imgml/TP/teams/logos/240x240/2603790.png","250002563","RBL","DOMESTIC_MEN_TEAM_A","","DOMESTIC","Allemagne","Leipzig","RB Leipzig","RBL","92","MINUTE","2","0","0","12.34","KILOMETER","31.4","KILOMETER_PER_HOUR"
"250042521","50123","29","1995-11-06","19","Silva","POR","STRIKER","FORWARD","MALE","182","./image/250042521.jpg","André Silva","FORWARD","9","André Silva","110","78","Portugal","Attaquant","","André Silva","André Silva","André Silva","200122","./assoc/200122_ESP.svg","./logo/50123.png","UEFA","ESP","50123","FAME","Real Sociedad","","https://img.uefa.com/imgml/TP/teams/logos/70x70/50123.png","https://img.uefa.com/imgml/TP/teams/logos/240x240/50123.png","250123","RSO","DOMESTIC_MEN_TEAM_A","","DOMESTIC","Espagne","Real Sociedad","Real Sociedad de Fútbol","RSO","92","MINUTE","2","0","0","10.92","KILOMETER","30.3","KILOMETER_PER_HOUR"
"250076240","52682","26","1999-01-10","7","Mount","ENG","ATTACKING_MIDFIELDER","MIDFIELDER","MALE","","./image/250076240.jpg","Mason Mount","MIDFIELDER","19","Mount","39","","Angleterre","Milieu","Mason","Mount","Mason Mount","Mount","200039","./assoc/200039_ENG.svg","./logo/52682.png","UEFA","ENG","52682","FAME","Man Utd","","https://img.uefa.com/imgml/TP/teams/logos/70x70/52682.png","https://img.uefa.com/imgml/TP/teams/logos/240x240/52682.png","252682","MUN","DOMESTIC_MEN_TEAM_A","","DOMESTIC","Angleterre","Man Utd","Manchester United","MUN","91","MINUTE","2","0","0","11.61","KILOMETER","31.2","KILOMETER_PER_HOUR"
"250088117","50062","26","1999-03-05","4","Obispo","NED","CENTRE_BACK","DEFENDER","MALE","","./image/250088117.jpg","Armando Obispo","DEFENDER","4","Obispo","300095","","Pays-Bas","Défenseur","Armando","Obispo","Armando Obispo","Obispo","200095","./assoc/200095_NED.svg","./logo/50062.png","UEFA","NED","50062","FAME","PSV","","https://img.uefa.com/imgml/TP/teams/logos/70x70/50062.png","https://img.uefa.com/imgml/TP/teams/logos/240x240/50062.png","250062","PSV","DOMESTIC_MEN_TEAM_A","","DOMESTIC","Pays-Bas","PSV","PSV Eindhoven","PSV","91","MINUTE","2","0","0","11.04","KILOMETER","29.7","KILOMETER_PER_HOUR"
"250112778","50067","28","1996-12-28","22","Ndombele Alvaro","FRA","CENTRAL_MIDFIELDER","MIDFIELDER","MALE","","./image/250112778.jpg","Tanguy Ndombélé","MIDFIELDER","13","Ndombele","43","","France","Milieu","Tanguy","Ndombélé","Tanguy Ndombélé","Ndombélé","200135","./assoc/200135_TUR.svg","./logo/50067.png","UEFA","TUR","50067","FAME","Galatasaray","","https://img.uefa.com/imgml/TP/teams/logos/70x70/50067.png","https://img.uefa.com/imgml/TP/teams/logos/240x240/50067.png","250067","GAL","DOMESTIC_MEN_TEAM_A","","DOMESTIC","Turquie","Galatasaray","Galatasaray A.Ş.","GAL","90","MINUTE","4","0","0","11.83","KILOMETER","31.1","KILOMETER_PER_HOUR"
"150515920","50050","28","1997-03-21","6","Phillips","ENG","CENTRE_BACK","DEFENDER","MALE","","./image/150515920.jpg","Nathaniel Phillips","DEFENDER","","Phillips","","","Angleterre","Défenseur","Nathaniel","Phillips","Nathaniel Phillips","Phillips","200117","./assoc/200117_SCO.svg","./logo/50050.png","UEFA","SCO","50050","FAME","Celtic","","https://img.uefa.com/imgml/TP/teams/logos/70x70/50050.png","https://img.uefa.com/imgml/TP/teams/logos/240x240/50050.png","250050","CEL","DOMESTIC_MEN_TEAM_A","","DOMESTIC","Écosse","Celtic","Celtic FC","CEL","90","MINUTE","2","0","0","10.39","KILOMETER","30.3","KILOMETER_PER_HOUR"
"250158211","52707","23","2002-09-02","25","Miroshi","TAN","UNKNOWN","MIDFIELDER","MALE","","./image/250158211.jpg","Novatus Miroshi","FORWARD","20","Miroshi","130","","Tanzanie","Milieu","Novatus","Miroshi","Novatus Miroshi","Miroshi","257166","./assoc/257166_UKR.svg","./logo/52707.png","UEFA","UKR","52707","FAME","Shakhtar","","https://img.uefa.com/imgml/TP/teams/logos/70x70/52707.png","https://img.uefa.com/imgml/TP/teams/logos/240x240/52707.png","252707","SHK","DOMESTIC_MEN_TEAM_A","","DOMESTIC","Ukraine","Shakhtar","FC Shakhtar Donetsk","SHK","90","MINUTE","1","0","0","11.33","KILOMETER","29.5","KILOMETER_PER_HOUR"
"250122983","50058","25","2000-06-05","15","Kalulu","FRA","FULL_BACK","DEFENDER","MALE","","./image/250122983.jpg","Pierre Kalulu","DEFENDER","19","Kalulu","43","","France","Défenseur","Pierre","Kalulu","Pierre Kalulu","Kalulu","200066","./assoc/200066_ITA.svg","./logo/50058.png","UEFA","ITA","50058","FAME","Milan","","https://img.uefa.com/imgml/TP/teams/logos/70x70/50058.png","https://img.uefa.com/imgml/TP/teams/logos/240x240/50058.png","250058","MIL","DOMESTIC_MEN_TEAM_A","","DOMESTIC","Italie","Milan","AC Milan","MIL","90","MINUTE","1","0","0","10.59","KILOMETER","29.9","KILOMETER_PER_HOUR"
"1905562","50031","37","1988-05-02","28","Lustenberger","SUI","DEFENSIVE_MIDFIELDER","DEFENDER","MALE","180","./image/1905562.jpg","Fabian Lustenberger","MIDFIELDER","5","Lustenberger","128","70","Suisse","Défenseur","Fabian","Lustenberger","Fabian Lustenberger","Lustenberger","200128","./assoc/200128_SUI.svg","./logo/50031.png","UEFA","SUI","50031","FAME","Young Boys","","https://img.uefa.com/imgml/TP/teams/logos/70x70/50031.png","https://img.uefa.com/imgml/TP/teams/logos/240x240/50031.png","250031","YB","DOMESTIC_MEN_TEAM_A","","DOMESTIC","Suisse","Young Boys","BSC Young Boys","YB","90","MINUTE","1","0","0","10.01","KILOMETER","28.8","KILOMETER_PER_HOUR"
"250101719","59324","25","2000-01-12","4","Botman","NED","CENTRE_BACK","DEFENDER","MALE","","./image/250101719.jpg","Sven Botman","DEFENDER","14","Botman","95","","Pays-Bas","Défenseur","Sven","Botman","Sven Botman","Botman","200039","./assoc/200039_ENG.svg","./logo/59324.png","UEFA","ENG","59324","FAME","Newcastle","","https://img.uefa.com/imgml/TP/teams/logos/70x70/59324.png","https://img.uefa.com/imgml/TP/teams/logos/240x240/59324.png","259324","NEW","DOMESTIC_MEN_TEAM_A","","DOMESTIC","Angleterre","Newcastle","Newcastle United FC","NEW","90","MINUTE","1","0","0","9.69","KILOMETER","28.6","KILOMETER_PER_HOUR"
"250132803","52682","27","1998-01-18","6","Martinez","ARG","CENTRE_BACK","DEFENDER","MALE","","./image/250132803.jpg","Lisandro Martínez","DEFENDER","16","Martínez","6","","Argentine","Défenseur","Lisandro","Martínez","Lisandro Martínez","Li. Martínez","200039","./assoc/200039_ENG.svg","./logo/52682.png","UEFA","ENG","52682","FAME","Man Utd","","https://img.uefa.com/imgml/TP/teams/logos/70x70/52682.png","https://img.uefa.com/imgml/TP/teams/logos/240x240/52682.png","252682","MUN","DOMESTIC_MEN_TEAM_A","","DOMESTIC","Angleterre","Man Utd","Manchester United","MUN","90","MINUTE","1","0","0","9.56","KILOMETER","31.2","KILOMETER_PER_HOUR"
"250174737","52758","34","1991-04-13","33","Meyer","GER","UNKNOWN","GOALKEEPER","MALE","","./image/250174737.jpg","Alexander Meyer","GOALKEEPER","","Meyer","","","Allemagne","Gardien","Alexander","Meyer","Alexander Meyer","Meyer","200047","./assoc/200047_GER.svg","./logo/52758.png","UEFA","GER","52758","FAME","B. Dortmund","","https://img.uefa.com/imgml/TP/teams/logos/70x70/52758.png","https://img.uefa.com/imgml/TP/teams/logos/240x240/52758.png","252758","BVB","DOMESTIC_MEN_TEAM_A","","DOMESTIC","Allemagne","B. Dortmund","Borussia Dortmund","BVB","90","MINUTE","1","0","0","6.59","KILOMETER","24.6","KILOMETER_PER_HOUR"
"250118908","50113","23","2002-07-07","91","Lammens","BEL","GOALKEEPER","GOALKEEPER","MALE","","./image/250118908.jpg","Senne Lammens","GOALKEEPER","12","Lammens","13","","Belgique","Gardien","Senne","Lammens","Senne Lammens","Lammens","200013","./assoc/200013_BEL.svg","./logo/50113.png","UEFA","BEL","50113","FAME","Antwerp","","https://img.uefa.com/imgml/TP/teams/logos/70x70/50113.png","https://img.uefa.com/imgml/TP/teams/logos/240x240/50113.png","250113","ANT","DOMESTIC_MEN_TEAM_A","","DOMESTIC","Belgique","Antwerp","Royal Antwerp FC","ANT","90","MINUTE","1","0","0","6.45","KILOMETER","20.7","KILOMETER_PER_HOUR"
"250105912","52280","27","1998-05-14","32","Ramsdale","ENG","UNKNOWN","GOALKEEPER","MALE","","./image/250105912.jpg","Aaron Ramsdale","GOALKEEPER","13","Ramsdale","39","","Angleterre","Gardien","Aaron","Ramsdale","Aaron Ramsdale","Ramsdale","200039","./assoc/200039_ENG.svg","./logo/52280.png","UEFA","ENG","52280","FAME","Arsenal","","https://img.uefa.com/imgml/TP/teams/logos/70x70/52280.png","https://img.uefa.com/imgml/TP/teams/logos/240x240/52280.png","252280","ARS","DOMESTIC_MEN_TEAM_A","","DOMESTIC","Angleterre","Arsenal","Arsenal FC","ARS","90","MINUTE","1","0","0","6.44","KILOMETER","23.4","KILOMETER_PER_HOUR"
"250052744","50031","30","1994-12-30","26","VON BALLMOOS","SUI","GOALKEEPER","GOALKEEPER","MALE","192","./image/250052744.jpg","David von Ballmoos","GOALKEEPER","21","Von Ballmoos","128","","Suisse","Gardien","David","von Ballmoos","David von Ballmoos","Von Ballmoos","200128","./assoc/200128_SUI.svg","./logo/50031.png","UEFA","SUI","50031","FAME","Young Boys","","https://img.uefa.com/imgml/TP/teams/logos/70x70/50031.png","https://img.uefa.com/imgml/TP/teams/logos/240x240/50031.png","250031","YB","DOMESTIC_MEN_TEAM_A","","DOMESTIC","Suisse","Young Boys","BSC Young Boys","YB","90","MINUTE","1","0","0","6.06","KILOMETER","21.7","KILOMETER_PER_HOUR"
"250058117","50138","28","1997-01-18","77","Audero","ITA","UNKNOWN","GOALKEEPER","MALE","189","./image/250058117.jpg","Emil Audero","GOALKEEPER","1","Audero","200066","78","Italie","Gardien","Emil","Audero","Emil Audero","Audero","200066","./assoc/200066_ITA.svg","./logo/50138.png","UEFA","ITA","50138","FAME","Inter","","https://img.uefa.com/imgml/TP/teams/logos/70x70/50138.png","https://img.uefa.com/imgml/TP/teams/logos/240x240/50138.png","250138","INT","DOMESTIC_MEN_TEAM_A","","DOMESTIC","Italie","Inter","FC Internazionale Milano","INT","90","MINUTE","1","0","0","5.77","KILOMETER","27.3","KILOMETER_PER_HOUR"
"1904029","59324","36","1989-01-15","1","Dúbravka","SVK","GOALKEEPER","GOALKEEPER","MALE","190","./image/1904029.jpg","Martin Dúbravka","GOALKEEPER","1","Dúbravka","58836","83","Slovaquie","Gardien","Martin","Dúbravka","Martin Dúbravka","Dúbravka","200039","./assoc/200039_ENG.svg","./logo/59324.png","UEFA","ENG","59324","FAME","Newcastle","","https://img.uefa.com/imgml/TP/teams/logos/70x70/59324.png","https://img.uefa.com/imgml/TP/teams/logos/240x240/59324.png","259324","NEW","DOMESTIC_MEN_TEAM_A","","DOMESTIC","Angleterre","Newcastle","Newcastle United FC","NEW","90","MINUTE","1","0","0","5.47","KILOMETER","29.6","KILOMETER_PER_HOUR"
"250011668","50051","33","1992-05-11","1","COURTOIS","BEL","GOALKEEPER","GOALKEEPER","MALE","199","./image/250011668.jpg","Thibaut Courtois","GOALKEEPER","1","Courtois","13","91","Belgique","Gardien","Thibaut","Courtois","Thibaut Courtois","Courtois","200122","./assoc/200122_ESP.svg","./logo/50051.png","UEFA","ESP","50051","FAME","Real Madrid","","https://img.uefa.com/imgml/TP/teams/logos/70x70/50051.png","https://img.uefa.com/imgml/TP/teams/logos/240x240/50051.png","250051","RMA","DOMESTIC_MEN_TEAM_A","","DOMESTIC","Espagne","Real Madrid","Real Madrid C.F.","RMA","90","MINUTE","1","0","0","4.82","KILOMETER","22.7","KILOMETER_PER_HOUR"
"250102736","50064","25","2000-09-26","17","Ivan Jaime","ESP","UNKNOWN","MIDFIELDER","MALE","","./image/250102736.jpg","Iván Jaime","MIDFIELDER","17","Jaime Pajuelo","300122","","Espagne","Milieu","Iván","Jaime","Iván Jaime","Jaime","200110","./assoc/200110_POR.svg","./logo/50064.png","UEFA","POR","50064","FAME","Porto","","https://img.uefa.com/imgml/TP/teams/logos/70x70/50064.png","https://img.uefa.com/imgml/TP/teams/logos/240x240/50064.png","250064","POR","DOMESTIC_MEN_TEAM_A","","DOMESTIC","Portugal","Porto","FC Porto","POR","89","MINUTE","4","0","0","14.02","KILOMETER","29.3","KILOMETER_PER_HOUR"
"250109276","59324","30","1995-02-24","23","Murphy","ENG","UNKNOWN","FORWARD","MALE","","./image/250109276.jpg","Jacob Murphy","FORWARD","14","Murphy","200039","","Angleterre","Attaquant","Jacob","Murphy","Jacob Murphy","J. Murphy","200039","./assoc/200039_ENG.svg","./logo/59324.png","UEFA","ENG","59324","FAME","Newcastle","","https://img.uefa.com/imgml/TP/teams/logos/70x70/59324.png","https://img.uefa.com/imgml/TP/teams/logos/240x240/59324.png","259324","NEW","DOMESTIC_MEN_TEAM_A","","DOMESTIC","Angleterre","Newcastle","Newcastle United FC","NEW","87","MINUTE","3","0","1","11.27","KILOMETER","32.5","KILOMETER_PER_HOUR"
"250113351","52280","25","2000-05-30","10","Ferreira Vieira","POR","UNKNOWN","MIDFIELDER","MALE","","./image/250113351.jpg","Fábio Vieira","MIDFIELDER","23","Fábio Vieira","110","","Portugal","Milieu","","Fábio Vieira","Fábio Vieira","Fábio Vieira","200039","./assoc/200039_ENG.svg","./logo/52280.png","UEFA","ENG","52280","FAME","Arsenal","","https://img.uefa.com/imgml/TP/teams/logos/70x70/52280.png","https://img.uefa.com/imgml/TP/teams/logos/240x240/52280.png","252280","ARS","DOMESTIC_MEN_TEAM_A","","DOMESTIC","Angleterre","Arsenal","Arsenal FC","ARS","86","MINUTE","3","0","0","11.36","KILOMETER","32.21","KILOMETER_PER_HOUR"
"250163289","50062","23","2001-12-11","6","Bella-Kotchap","GER","UNKNOWN","DEFENDER","MALE","","./image/250163289.jpg","Armel Bella-Kotchap","DEFENDER","17","Bella Kotchap","47","","Allemagne","Défenseur","Armel","Bella-Kotchap","Armel Bella-Kotchap","Bella-Kotchap","200095","./assoc/200095_NED.svg","./logo/50062.png","UEFA","NED","50062","FAME","PSV","","https://img.uefa.com/imgml/TP/teams/logos/70x70/50062.png","https://img.uefa.com/imgml/TP/teams/logos/240x240/50062.png","250062","PSV","DOMESTIC_MEN_TEAM_A","","DOMESTIC","Pays-Bas","PSV","PSV Eindhoven","PSV","84","MINUTE","2","0","0","9.7","KILOMETER","31.4","KILOMETER_PER_HOUR"
"250013855","50138","32","1993-02-21","18","Klaassen","NED","ATTACKING_MIDFIELDER","MIDFIELDER","MALE","178","./image/250013855.jpg","Davy Klaassen","MIDFIELDER","14","Klaassen","95","78","Pays-Bas","Milieu","Davy","Klaassen","Davy Klaassen","Klaassen","200066","./assoc/200066_ITA.svg","./logo/50138.png","UEFA","ITA","50138","FAME","Inter","","https://img.uefa.com/imgml/TP/teams/logos/70x70/50138.png","https://img.uefa.com/imgml/TP/teams/logos/240x240/50138.png","250138","INT","DOMESTIC_MEN_TEAM_A","","DOMESTIC","Italie","Inter","FC Internazionale Milano","INT","83","MINUTE","4","0","0","13.15","KILOMETER","29.7","KILOMETER_PER_HOUR"
"250086646","52714","31","1994-07-06","8","Jordán","ESP","CENTRAL_MIDFIELDER","MIDFIELDER","MALE","184","./image/250086646.jpg","Joan Jordán","MIDFIELDER","","Jordán","","74","Espagne","Milieu","Joan","Jordán","Joan Jordán","Jordán","200122","./assoc/200122_ESP.svg","./logo/52714.png","UEFA","ESP","52714","FAME","Sevilla","","https://img.uefa.com/imgml/TP/teams/logos/70x70/52714.png","https://img.uefa.com/imgml/TP/teams/logos/240x240/52714.png","252714","SEV","DOMESTIC_MEN_TEAM_A","","DOMESTIC","Espagne","Sevilla","Sevilla FC","SEV","82","MINUTE","2","0","0","10.93","KILOMETER","28.9","KILOMETER_PER_HOUR"
"250013897","52714","31","1993-11-19","7","Suso","ESP","WINGER","FORWARD","MALE","176","./image/250013897.jpg","Suso","MIDFIELDER","11","Suso","122","","Espagne","Attaquant","","Suso","Suso","Suso","200122","./assoc/200122_ESP.svg","./logo/52714.png","UEFA","ESP","52714","FAME","Sevilla","","https://img.uefa.com/imgml/TP/teams/logos/70x70/52714.png","https://img.uefa.com/imgml/TP/teams/logos/240x240/52714.png","252714","SEV","DOMESTIC_MEN_TEAM_A","","DOMESTIC","Espagne","Sevilla","Sevilla FC","SEV","82","MINUTE","2","0","0","10.35","KILOMETER","28.6","KILOMETER_PER_HOUR"
"250056685","52749","29","1996-03-07","2","Nieuwkoop","NED","FULL_BACK","DEFENDER","MALE","180","./image/250056685.jpg","Bart Nieuwkoop","DEFENDER","15","Nieuwkoop","200095","","Pays-Bas","Défenseur","Bart","Nieuwkoop","Bart Nieuwkoop","Nieuwkoop","200095","./assoc/200095_NED.svg","./logo/52749.png","UEFA","NED","52749","FAME","Feyenoord","","https://img.uefa.com/imgml/TP/teams/logos/70x70/52749.png","https://img.uefa.com/imgml/TP/teams/logos/240x240/52749.png","252749","FEY","DOMESTIC_MEN_TEAM_A","","DOMESTIC","Pays-Bas","Feyenoord","Feyenoord","FEY","81","MINUTE","3","0","0","10.93","KILOMETER","32.4","KILOMETER_PER_HOUR"
"250041664","52709","32","1993-03-16","14","Cornelius","DEN","STRIKER","FORWARD","MALE","193","./image/250041664.jpg","Andreas Cornelius","FORWARD","21","Cornelius","35","91","Danemark","Attaquant","Andreas","Cornelius","Andreas Cornelius","Cornelius","200035","./assoc/200035_DEN.svg","./logo/52709.png","UEFA","DEN","52709","FAME","Copenhagen","","https://img.uefa.com/imgml/TP/teams/logos/70x70/52709.png","https://img.uefa.com/imgml/TP/teams/logos/240x240/52709.png","252709","CPH","DOMESTIC_MEN_TEAM_A","","DOMESTIC","Danemark","Copenhagen","F.C. Copenhagen","CPH","80","MINUTE","3","0","0","11.32","KILOMETER","30.2","KILOMETER_PER_HOUR"
"250187221","52749","24","2001-06-11","3","Beelen","NED","UNKNOWN","DEFENDER","MALE","","./image/250187221.jpg","Thomas Beelen","DEFENDER","","Beelen","","","Pays-Bas","Défenseur","Thomas","Beelen","Thomas Beelen","Beelen","200095","./assoc/200095_NED.svg","./logo/52749.png","UEFA","NED","52749","FAME","Feyenoord","","https://img.uefa.com/imgml/TP/teams/logos/70x70/52749.png","https://img.uefa.com/imgml/TP/teams/logos/240x240/52749.png","252749","FEY","DOMESTIC_MEN_TEAM_A","","DOMESTIC","Pays-Bas","Feyenoord","Feyenoord","FEY","79","MINUTE","1","0","0","8.49","KILOMETER","32.4","KILOMETER_PER_HOUR"
"250110983","50050","25","2000-04-10","14","Lagerbielke","SWE","UNKNOWN","DEFENDER","MALE","","./image/250110983.jpg","Gustaf Lagerbielke","DEFENDER","22","Lagerbielke","127","","Suède","Défenseur","Gustaf","Lagerbielke","Gustaf Lagerbielke","Lagerbielke","200117","./assoc/200117_SCO.svg","./logo/50050.png","UEFA","SCO","50050","FAME","Celtic","","https://img.uefa.com/imgml/TP/teams/logos/70x70/50050.png","https://img.uefa.com/imgml/TP/teams/logos/240x240/50050.png","250050","CEL","DOMESTIC_MEN_TEAM_A","","DOMESTIC","Écosse","Celtic","Celtic FC","CEL","78","MINUTE","2","1","0","10.76","KILOMETER","30.6","KILOMETER_PER_HOUR"
"250029862","50069","34","1991-02-06","10","Katai","SRB","WINGER","MIDFIELDER","MALE","182","./image/250029862.jpg","Aleksandar Katai","MIDFIELDER","22","Katai","147","74","Serbie","Milieu","Aleksandar","Katai","Aleksandar Katai","Katai","200147","./assoc/200147_SRB.svg","./logo/50069.png","UEFA","SRB","50069","FAME","Crvena Zvezda","","https://img.uefa.com/imgml/TP/teams/logos/70x70/50069.png","https://img.uefa.com/imgml/TP/teams/logos/240x240/50069.png","250069","ZVE","DOMESTIC_MEN_TEAM_A","","DOMESTIC","Serbie","Crvena Zvezda","FK Crvena Zvezda","ZVE","76","MINUTE","5","1","0","13.81","KILOMETER","31","KILOMETER_PER_HOUR"
"250101698","50050","25","2000-01-19","57","Welsh","SCO","CENTRE_BACK","DEFENDER","MALE","","./image/250101698.jpg","Stephen Welsh","DEFENDER","5","Welsh","200117","","Écosse","Défenseur","Stephen","Welsh","Stephen Welsh","Welsh","200117","./assoc/200117_SCO.svg","./logo/50050.png","UEFA","SCO","50050","FAME","Celtic","","https://img.uefa.com/imgml/TP/teams/logos/70x70/50050.png","https://img.uefa.com/imgml/TP/teams/logos/240x240/50050.png","250050","CEL","DOMESTIC_MEN_TEAM_A","","DOMESTIC","Écosse","Celtic","Celtic FC","CEL","75","MINUTE","1","0","0","8.14","KILOMETER","31.1","KILOMETER_PER_HOUR"
"250169222","50067","22","2003-01-16","88","K.KARATAŞ","TUR","UNKNOWN","DEFENDER","MALE","","./image/250169222.jpg","Kazımcan Karataş","DEFENDER","20","","135","","Turquie","Défenseur","","Kazımcan Karataş","Kazımcan Karataş","Kazımcan Karataş","200135","./assoc/200135_TUR.svg","./logo/50067.png","UEFA","TUR","50067","FAME","Galatasaray","","https://img.uefa.com/imgml/TP/teams/logos/70x70/50067.png","https://img.uefa.com/imgml/TP/teams/logos/240x240/50067.png","250067","GAL","DOMESTIC_MEN_TEAM_A","","DOMESTIC","Turquie","Galatasaray","Galatasaray A.Ş.","GAL","74","MINUTE","1","0","0","8.65","KILOMETER","33.1","KILOMETER_PER_HOUR"
"250070322","52749","32","1993-08-11","7","Alireza","IRN","WINGER","FORWARD","MALE","190","./image/250070322.jpg","Alireza Jahanbakhsh","MIDFIELDER","7","Alireza","61","84","Iran","Attaquant","Alireza","Jahanbakhsh","Alireza Jahanbakhsh","Jahanbakhsh","200095","./assoc/200095_NED.svg","./logo/52749.png","UEFA","NED","52749","FAME","Feyenoord","","https://img.uefa.com/imgml/TP/teams/logos/70x70/52749.png","https://img.uefa.com/imgml/TP/teams/logos/240x240/52749.png","252749","FEY","DOMESTIC_MEN_TEAM_A","","DOMESTIC","Pays-Bas","Feyenoord","Feyenoord","FEY","70","MINUTE","4","1","0","10.65","KILOMETER","32.8","KILOMETER_PER_HOUR"
"250187060","52277","27","1998-03-10","27","Guilavogui","GUI","UNKNOWN","FORWARD","MALE","","./image/250187060.jpg","Morgan Guilavogui","MIDFIELDER","","Guilavogui","","","Guinée","Attaquant","Morgan","Guilavogui","Morgan Guilavogui","Guilavogui","200043","./assoc/200043_FRA.svg","./logo/52277.png","UEFA","FRA","52277","FAME","Lens","","https://img.uefa.com/imgml/TP/teams/logos/70x70/52277.png","https://img.uefa.com/imgml/TP/teams/logos/240x240/52277.png","252277","LEN","DOMESTIC_MEN_TEAM_A","","DOMESTIC","France","Lens","RC Lens","LEN","68","MINUTE","4","0","0","7.95","KILOMETER","31.4","KILOMETER_PER_HOUR"
"250169615","52709","21","2004-06-20","36","Clem","DEN","UNKNOWN","MIDFIELDER","MALE","","./image/250169615.jpg","William Clem","MIDFIELDER","","Clem","","","Danemark","Milieu","William","Clem","William Clem","Clem","200035","./assoc/200035_DEN.svg","./logo/52709.png","UEFA","DEN","52709","FAME","Copenhagen","","https://img.uefa.com/imgml/TP/teams/logos/70x70/52709.png","https://img.uefa.com/imgml/TP/teams/logos/240x240/52709.png","252709","CPH","DOMESTIC_MEN_TEAM_A","","DOMESTIC","Danemark","Copenhagen","F.C. Copenhagen","CPH","68","MINUTE","1","0","0","9.25","KILOMETER","30.1","KILOMETER_PER_HOUR"
"250077922","52749","27","1998-10-07","32","Lingr","CZE","ATTACKING_MIDFIELDER","FORWARD","MALE","","./image/250077922.jpg","Ondřej Lingr","FORWARD","13","Lingr","58837","","Tchéquie","Attaquant","Ondřej","Lingr","Ondřej Lingr","Lingr","200095","./assoc/200095_NED.svg","./logo/52749.png","UEFA","NED","52749","FAME","Feyenoord","","https://img.uefa.com/imgml/TP/teams/logos/70x70/52749.png","https://img.uefa.com/imgml/TP/teams/logos/240x240/52749.png","252749","FEY","DOMESTIC_MEN_TEAM_A","","DOMESTIC","Pays-Bas","Feyenoord","Feyenoord","FEY","66","MINUTE","4","0","0","12.3","KILOMETER","29.9","KILOMETER_PER_HOUR"
"250182368","50030","22","2002-12-31","32","Forson","GHA","","MIDFIELDER","MALE","","./image/250182368.jpg","Amankwah Forson","MIDFIELDER","","Forson","","","Ghana","Milieu","Amankwah","Forson","Amankwah Forson","Forson","200008","./assoc/200008_AUT.svg","./logo/50030.png","UEFA","AUT","50030","FAME","Salzburg","","https://img.uefa.com/imgml/TP/teams/logos/70x70/50030.png","https://img.uefa.com/imgml/TP/teams/logos/240x240/50030.png","250030","SAL","DOMESTIC_MEN_TEAM_A","","DOMESTIC","Autriche","Salzburg","FC Salzburg","SAL","66","MINUTE","4","0","0","10.12","KILOMETER","29.4","KILOMETER_PER_HOUR"
"250117359","50030","25","1999-11-28","20","Koita","MLI","STRIKER","FORWARD","MALE","","./image/250117359.jpg","Sékou Koita","FORWARD","","Koita","","","Mali","Attaquant","Sékou","Koita","Sékou Koita","Koita","200008","./assoc/200008_AUT.svg","./logo/50030.png","UEFA","AUT","50030","FAME","Salzburg","","https://img.uefa.com/imgml/TP/teams/logos/70x70/50030.png","https://img.uefa.com/imgml/TP/teams/logos/240x240/50030.png","250030","SAL","DOMESTIC_MEN_TEAM_A","","DOMESTIC","Autriche","Salzburg","FC Salzburg","SAL","66","MINUTE","2","0","0","9.31","KILOMETER","30.4","KILOMETER_PER_HOUR"
"250067541","50123","28","1997-06-05","63","Tierney","SCO","FULL_BACK","DEFENDER","MALE","178","./image/250067541.jpg","Kieran Tierney","DEFENDER","6","Tierney","117","70","Écosse","Défenseur","Kieran","Tierney","Kieran Tierney","Tierney","200122","./assoc/200122_ESP.svg","./logo/50123.png","UEFA","ESP","50123","FAME","Real Sociedad","","https://img.uefa.com/imgml/TP/teams/logos/70x70/50123.png","https://img.uefa.com/imgml/TP/teams/logos/240x240/50123.png","250123","RSO","DOMESTIC_MEN_TEAM_A","","DOMESTIC","Espagne","Real Sociedad","Real Sociedad de Fútbol","RSO","66","MINUTE","2","0","0","8.47","KILOMETER","32.9","KILOMETER_PER_HOUR"
"250067964","50123","29","1996-05-22","9","Carlos Fdez.","ESP","STRIKER","FORWARD","MALE","186","./image/250067964.jpg","Carlos Fernández","FORWARD","9","Fernández Luna","200122","67","Espagne","Attaquant","","Carlos Fernández","Carlos Fernández","Carlos Fernández","200122","./assoc/200122_ESP.svg","./logo/50123.png","UEFA","ESP","50123","FAME","Real Sociedad","","https://img.uefa.com/imgml/TP/teams/logos/70x70/50123.png","https://img.uefa.com/imgml/TP/teams/logos/240x240/50123.png","250123","RSO","DOMESTIC_MEN_TEAM_A","","DOMESTIC","Espagne","Real Sociedad","Real Sociedad de Fútbol","RSO","65","MINUTE","4","0","0","10.57","KILOMETER","31.8","KILOMETER_PER_HOUR"
"98171","52682","37","1988-01-03","35","Evans","NIR","CENTRE_BACK","DEFENDER","MALE","188","./image/98171.jpg","Jonny Evans","DEFENDER","5","J. Evans","63","77","Irlande du Nord","Défenseur","Jonny","Evans","Jonny Evans","J. Evans","200039","./assoc/200039_ENG.svg","./logo/52682.png","UEFA","ENG","52682","FAME","Man Utd","","https://img.uefa.com/imgml/TP/teams/logos/70x70/52682.png","https://img.uefa.com/imgml/TP/teams/logos/240x240/52682.png","252682","MUN","DOMESTIC_MEN_TEAM_A","","DOMESTIC","Angleterre","Man Utd","Manchester United","MUN","65","MINUTE","2","0","0","8.27","KILOMETER","30.9","KILOMETER_PER_HOUR"
"250016616","50069","32","1993-02-13","5","Spajić","SRB","CENTRE_BACK","DEFENDER","MALE","","./image/250016616.jpg","Uroš Spajić","DEFENDER","24","Spajić","147","","Serbie","Défenseur","Uroš","Spajić","Uroš Spajić","Spajić","200147","./assoc/200147_SRB.svg","./logo/50069.png","UEFA","SRB","50069","FAME","Crvena Zvezda","","https://img.uefa.com/imgml/TP/teams/logos/70x70/50069.png","https://img.uefa.com/imgml/TP/teams/logos/240x240/50069.png","250069","ZVE","DOMESTIC_MEN_TEAM_A","","DOMESTIC","Serbie","Crvena Zvezda","FK Crvena Zvezda","ZVE","65","MINUTE","1","0","0","7.32","KILOMETER","30.7","KILOMETER_PER_HOUR"
"250169127","52707","22","2003-04-02","4","Lemkin","ISR","","DEFENDER","MALE","","./image/250169127.jpg","Stav Lemkin","DEFENDER","12","Lemkin","65","","Israël","Défenseur","Stav","Lemkin","Stav Lemkin","Lemkin","257166","./assoc/257166_UKR.svg","./logo/52707.png","UEFA","UKR","52707","FAME","Shakhtar","","https://img.uefa.com/imgml/TP/teams/logos/70x70/52707.png","https://img.uefa.com/imgml/TP/teams/logos/240x240/52707.png","252707","SHK","DOMESTIC_MEN_TEAM_A","","DOMESTIC","Ukraine","Shakhtar","FC Shakhtar Donetsk","SHK","65","MINUTE","1","0","0","7.19","KILOMETER","31.5","KILOMETER_PER_HOUR"
"250101440","50064","25","2000-01-25","28","Silva Baró","POR","CENTRAL_MIDFIELDER","MIDFIELDER","MALE","","./image/250101440.jpg","Romário Baró","MIDFIELDER","16","ROMÁRIO","200110","","Portugal","Milieu","","Romário Baró","Romário Baró","Romário Baró","200110","./assoc/200110_POR.svg","./logo/50064.png","UEFA","POR","50064","FAME","Porto","","https://img.uefa.com/imgml/TP/teams/logos/70x70/50064.png","https://img.uefa.com/imgml/TP/teams/logos/240x240/50064.png","250064","POR","DOMESTIC_MEN_TEAM_A","","DOMESTIC","Portugal","Porto","FC Porto","POR","64","MINUTE","1","0","0","8.83","KILOMETER","29.1","KILOMETER_PER_HOUR"
"250056993","52280","33","1992-07-11","25","M. Elneny","EGY","DEFENSIVE_MIDFIELDER","MIDFIELDER","MALE","180","./image/250056993.jpg","Mohamed Elneny","MIDFIELDER","","M. Elneny","38","77","Égypte","Milieu","Mohamed","Elneny","Mohamed Elneny","Elneny","200039","./assoc/200039_ENG.svg","./logo/52280.png","UEFA","ENG","52280","FAME","Arsenal","","https://img.uefa.com/imgml/TP/teams/logos/70x70/52280.png","https://img.uefa.com/imgml/TP/teams/logos/240x240/52280.png","252280","ARS","DOMESTIC_MEN_TEAM_A","","DOMESTIC","Angleterre","Arsenal","Arsenal FC","ARS","62","MINUTE","2","0","0","8.8","KILOMETER","28","KILOMETER_PER_HOUR"
"250027043","52758","31","1994-06-22","91","Haller","CIV","STRIKER","FORWARD","MALE","","./image/250027043.jpg","Sébastien Haller","FORWARD","11","Haller","67","","Côte d'Ivoire","Attaquant","Sébastien","Haller","Sébastien Haller","Haller","200047","./assoc/200047_GER.svg","./logo/52758.png","UEFA","GER","52758","FAME","B. Dortmund","","https://img.uefa.com/imgml/TP/teams/logos/70x70/52758.png","https://img.uefa.com/imgml/TP/teams/logos/240x240/52758.png","252758","BVB","DOMESTIC_MEN_TEAM_A","","DOMESTIC","Allemagne","B. Dortmund","Borussia Dortmund","BVB","61","MINUTE","4","1","0","8.88","KILOMETER","31.1","KILOMETER_PER_HOUR"
"250186113","50050","28","1997-04-07","24","Iwata","JPN","","MIDFIELDER","MALE","","./image/250186113.jpg","Tomoki Iwata","MIDFIELDER","","Iwata","","","Japon","Milieu","Tomoki","Iwata","Tomoki Iwata","Iwata","200117","./assoc/200117_SCO.svg","./logo/50050.png","UEFA","SCO","50050","FAME","Celtic","","https://img.uefa.com/imgml/TP/teams/logos/70x70/50050.png","https://img.uefa.com/imgml/TP/teams/logos/240x240/50050.png","250050","CEL","DOMESTIC_MEN_TEAM_A","","DOMESTIC","Écosse","Celtic","Celtic FC","CEL","61","MINUTE","3","0","0","8.23","KILOMETER","30.7","KILOMETER_PER_HOUR"
"250082943","50067","32","1993-07-03","8","DEMİRBAY","GER","ATTACKING_MIDFIELDER","MIDFIELDER","MALE","","./image/250082943.jpg","Kerem Demirbay","MIDFIELDER","10","Demirbay","47","","Allemagne","Milieu","Kerem","Demirbay","Kerem Demirbay","Demirbay","200135","./assoc/200135_TUR.svg","./logo/50067.png","UEFA","TUR","50067","FAME","Galatasaray","","https://img.uefa.com/imgml/TP/teams/logos/70x70/50067.png","https://img.uefa.com/imgml/TP/teams/logos/240x240/50067.png","250067","GAL","DOMESTIC_MEN_TEAM_A","","DOMESTIC","Turquie","Galatasaray","Galatasaray A.Ş.","GAL","61","MINUTE","2","0","0","8.14","KILOMETER","30.4","KILOMETER_PER_HOUR"
"1907940","52280","34","1991-08-31","17","CÉDRIC","POR","FULL_BACK","DEFENDER","MALE","172","./image/1907940.jpg","Cédric","DEFENDER","21","Cédric","110","67","Portugal","Défenseur","","Cédric","Cédric","Cédric","200039","./assoc/200039_ENG.svg","./logo/52280.png","UEFA","ENG","52280","FAME","Arsenal","","https://img.uefa.com/imgml/TP/teams/logos/70x70/52280.png","https://img.uefa.com/imgml/TP/teams/logos/240x240/52280.png","252280","ARS","DOMESTIC_MEN_TEAM_A","","DOMESTIC","Angleterre","Arsenal","Arsenal FC","ARS","61","MINUTE","1","0","0","8.06","KILOMETER","30.7","KILOMETER_PER_HOUR"
"250110724","50136","25","2000-02-29","29","Lindstrøm","DEN","UNKNOWN","MIDFIELDER","MALE","","./image/250110724.jpg","Jesper Lindstrøm","MIDFIELDER","18","Lindstrøm","35","","Danemark","Milieu","Jesper","Lindstrøm","Jesper Lindstrøm","Lindstrøm","200066","./assoc/200066_ITA.svg","./logo/50136.png","UEFA","ITA","50136","FAME","Napoli","","https://img.uefa.com/imgml/TP/teams/logos/70x70/50136.png","https://img.uefa.com/imgml/TP/teams/logos/240x240/50136.png","250136","NAP","DOMESTIC_MEN_TEAM_A","","DOMESTIC","Italie","Napoli","SSC Napoli","NAP","60","MINUTE","4","0","0","10.14","KILOMETER","33.9","KILOMETER_PER_HOUR"
"250096713","52714","32","1993-08-01","12","Mariano","ESP","STRIKER","FORWARD","MALE","178","./image/250096713.jpg","Mariano Díaz","FORWARD","","Mariano","","79","Espagne","Attaquant","","Mariano Díaz","Mariano Díaz","Mariano Díaz","200122","./assoc/200122_ESP.svg","./logo/52714.png","UEFA","ESP","52714","FAME","Sevilla","","https://img.uefa.com/imgml/TP/teams/logos/70x70/52714.png","https://img.uefa.com/imgml/TP/teams/logos/240x240/52714.png","252714","SEV","DOMESTIC_MEN_TEAM_A","","DOMESTIC","Espagne","Sevilla","Sevilla FC","SEV","60","MINUTE","3","0","0","7.54","KILOMETER","32","KILOMETER_PER_HOUR"
"250124413","52682","22","2003-01-21","46","Mejbri","TUN","","MIDFIELDER","MALE","","./image/250124413.jpg","Hannibal Mejbri","MIDFIELDER","8","Mejbri","134","","Tunisie","Milieu","Hannibal","Mejbri","Hannibal Mejbri","Mejbri","200039","./assoc/200039_ENG.svg","./logo/52682.png","UEFA","ENG","52682","FAME","Man Utd","","https://img.uefa.com/imgml/TP/teams/logos/70x70/52682.png","https://img.uefa.com/imgml/TP/teams/logos/240x240/52682.png","252682","MUN","DOMESTIC_MEN_TEAM_A","","DOMESTIC","Angleterre","Man Utd","Manchester United","MUN","60","MINUTE","2","0","0","8.77","KILOMETER","33.71","KILOMETER_PER_HOUR"
"250171667","50080","19","2006-08-02","32","Fort Garcia","ESP","UNKNOWN","DEFENDER","MALE","","./image/250171667.jpg","Héctor Fort","DEFENDER","2","Fort Garcia","300122","","Espagne","Défenseur","Héctor","Fort","Héctor Fort","Fort","200122","./assoc/200122_ESP.svg","./logo/50080.png","UEFA","ESP","50080","FAME","Barcelona","","https://img.uefa.com/imgml/TP/teams/logos/70x70/50080.png","https://img.uefa.com/imgml/TP/teams/logos/240x240/50080.png","250080","BAR","DOMESTIC_MEN_TEAM_A","","DOMESTIC","Espagne","Barcelona","FC Barcelona","BAR","60","MINUTE","1","0","0","9.23","KILOMETER","26","KILOMETER_PER_HOUR"
"250082679","50124","29","1996-05-23","4","ÇAĞLAR","TUR","CENTRE_BACK","DEFENDER","MALE","187","./image/250082679.jpg","Çağlar Söyüncü","DEFENDER","4","ÇAĞLAR","135","80","Turquie","Défenseur","","Çağlar Söyüncü","Çağlar Söyüncü","Çağlar Söyüncü","200122","./assoc/200122_ESP.svg","./logo/50124.png","UEFA","ESP","50124","FAME","Atleti","","https://img.uefa.com/imgml/TP/teams/logos/70x70/50124.png","https://img.uefa.com/imgml/TP/teams/logos/240x240/50124.png","250124","ATM","DOMESTIC_MEN_TEAM_A","","DOMESTIC","Espagne","Atleti","Atlético de Madrid","ATM","58","MINUTE","2","0","0","6.59","KILOMETER","31.9","KILOMETER_PER_HOUR"
"250169957","52709","19","2006-02-25","8","Froholdt","DEN","UNKNOWN","MIDFIELDER","MALE","","./image/250169957.jpg","Victor Froholdt","MIDFIELDER","12","Froholdt","35","","Danemark","Milieu","Victor","Froholdt","Victor Froholdt","Froholdt","200035","./assoc/200035_DEN.svg","./logo/52709.png","UEFA","DEN","52709","FAME","Copenhagen","","https://img.uefa.com/imgml/TP/teams/logos/70x70/52709.png","https://img.uefa.com/imgml/TP/teams/logos/240x240/52709.png","252709","CPH","DOMESTIC_MEN_TEAM_A","","DOMESTIC","Danemark","Copenhagen","F.C. Copenhagen","CPH","58","MINUTE","1","0","0","8.09","KILOMETER","29.9","KILOMETER_PER_HOUR"
"250174331","50031","21","2004-06-07","14","Chaiwa","ZAM","UNKNOWN","MIDFIELDER","MALE","","./image/250174331.jpg","Miguel Chaiwa","MIDFIELDER","","Chaiwa","","","Zambie","Milieu","Miguel","Chaiwa","Miguel Chaiwa","Chaiwa","200128","./assoc/200128_SUI.svg","./logo/50031.png","UEFA","SUI","50031","FAME","Young Boys","","https://img.uefa.com/imgml/TP/teams/logos/70x70/50031.png","https://img.uefa.com/imgml/TP/teams/logos/240x240/50031.png","250031","YB","DOMESTIC_MEN_TEAM_A","","DOMESTIC","Suisse","Young Boys","BSC Young Boys","YB","57","MINUTE","3","0","0","9.24","KILOMETER","32.4","KILOMETER_PER_HOUR"
"250121329","52747","27","1997-11-01","23","Mukiele","FRA","FULL_BACK","DEFENDER","MALE","","./image/250121329.jpg","Nordi Mukiele","DEFENDER","5","Mukiele","43","","France","Défenseur","Nordi","Mukiele","Nordi Mukiele","Mukiele","200043","./assoc/200043_FRA.svg","./logo/52747.png","UEFA","FRA","52747","FAME","Paris","","https://img.uefa.com/imgml/TP/teams/logos/70x70/52747.png","https://img.uefa.com/imgml/TP/teams/logos/240x240/52747.png","252747","PSG","DOMESTIC_MEN_TEAM_A","","DOMESTIC","France","Paris","Paris Saint-Germain","PSG","56","MINUTE","3","0","0","6.7","KILOMETER","29.9","KILOMETER_PER_HOUR"
"250131924","50147","30","1995-07-19","22","Chiquinho","POR","ATTACKING_MIDFIELDER","FORWARD","MALE","","https://img.uefa.com/imgml/TP/players/1/2024/324x324/250131924.jpg","Chiquinho","MIDFIELDER","","Lima Silva Machado","","","Portugal","Attaquant","","Chiquinho","Chiquinho","Chiquinho","200110","./assoc/200110_POR.svg","./logo/50147.png","UEFA","POR","50147","FAME","Benfica","","https://img.uefa.com/imgml/TP/teams/logos/70x70/50147.png","https://img.uefa.com/imgml/TP/teams/logos/240x240/50147.png","250147","BEN","DOMESTIC_MEN_TEAM_A","","DOMESTIC","Portugal","Benfica","SL Benfica","BEN","55","MINUTE","5","0","0","9.59","KILOMETER","32.5","KILOMETER_PER_HOUR"
"250129170","50050","22","2003-01-18","15","Holm","NOR","","MIDFIELDER","MALE","","./image/250129170.jpg","Odin Thiago Holm","MIDFIELDER","15","Holm","200101","","Norvège","Milieu","Odin Thiago","Holm","Odin Thiago Holm","Holm","200117","./assoc/200117_SCO.svg","./logo/50050.png","UEFA","SCO","50050","FAME","Celtic","","https://img.uefa.com/imgml/TP/teams/logos/70x70/50050.png","https://img.uefa.com/imgml/TP/teams/logos/240x240/50050.png","250050","CEL","DOMESTIC_MEN_TEAM_A","","DOMESTIC","Écosse","Celtic","Celtic FC","CEL","55","MINUTE","2","0","0","7.7","KILOMETER","29.7","KILOMETER_PER_HOUR"
"250047034","52277","30","1995-04-19","22","Said","FRA","UNKNOWN","FORWARD","MALE","","./image/250047034.jpg","Wesley Saïd","FORWARD","7","Saïd","300043","","France","Attaquant","Wesley","Saïd","Wesley Saïd","Saïd","200043","./assoc/200043_FRA.svg","./logo/52277.png","UEFA","FRA","52277","FAME","Lens","","https://img.uefa.com/imgml/TP/teams/logos/70x70/52277.png","https://img.uefa.com/imgml/TP/teams/logos/240x240/52277.png","252277","LEN","DOMESTIC_MEN_TEAM_A","","DOMESTIC","France","Lens","RC Lens","LEN","52","MINUTE","3","0","0","6.38","KILOMETER","30.9","KILOMETER_PER_HOUR"
"250075765","52336","36","1989-10-06","21","PIZZI","POR","CENTRAL_MIDFIELDER","MIDFIELDER","MALE","172","./image/250075765.jpg","Pizzi","MIDFIELDER","15","Pizzi","110","66","Portugal","Milieu","","Pizzi","Pizzi","Pizzi","200110","./assoc/200110_POR.svg","./logo/52336.png","UEFA","POR","52336","FAME","Braga","","https://img.uefa.com/imgml/TP/teams/logos/70x70/52336.png","https://img.uefa.com/imgml/TP/teams/logos/240x240/52336.png","252336","BRA","DOMESTIC_MEN_TEAM_A","","DOMESTIC","Portugal","Braga","SC Braga","BRA","50","MINUTE","2","0","0","6.53","KILOMETER","28.6","KILOMETER_PER_HOUR"
"250055207","50064","29","1996-04-13","4","Grujić","SRB","UNKNOWN","MIDFIELDER","MALE","","./image/250055207.jpg","Marko Grujić","MIDFIELDER","20","Grujić","147","","Serbie","Milieu","Marko","Grujić","Marko Grujić","Grujić","200110","./assoc/200110_POR.svg","./logo/50064.png","UEFA","POR","50064","FAME","Porto","","https://img.uefa.com/imgml/TP/teams/logos/70x70/50064.png","https://img.uefa.com/imgml/TP/teams/logos/240x240/50064.png","250064","POR","DOMESTIC_MEN_TEAM_A","","DOMESTIC","Portugal","Porto","FC Porto","POR","48","MINUTE","3","0","0","8.98","KILOMETER","28.4","KILOMETER_PER_HOUR"
"250166946","52709","20","2005-01-04","6","HØJLUND","DEN","UNKNOWN","MIDFIELDER","MALE","","./image/250166946.jpg","Oscar Højlund","MIDFIELDER","8","Winther Højlund","200035","","Danemark","Milieu","Oscar","Højlund","Oscar Højlund","Højlund","200035","./assoc/200035_DEN.svg","./logo/52709.png","UEFA","DEN","52709","FAME","Copenhagen","","https://img.uefa.com/imgml/TP/teams/logos/70x70/52709.png","https://img.uefa.com/imgml/TP/teams/logos/240x240/52709.png","252709","CPH","DOMESTIC_MEN_TEAM_A","","DOMESTIC","Danemark","Copenhagen","F.C. Copenhagen","CPH","46","MINUTE","6","0","0","7.98","KILOMETER","29","KILOMETER_PER_HOUR"
"250042781","52682","29","1995-12-05","26","Martial","FRA","UNKNOWN","FORWARD","MALE","181","./image/250042781.jpg","Anthony Martial","FORWARD","9","Martial","43","76","France","Attaquant","Anthony","Martial","Anthony Martial","Martial","200039","./assoc/200039_ENG.svg","./logo/52682.png","UEFA","ENG","52682","FAME","Man Utd","","https://img.uefa.com/imgml/TP/teams/logos/70x70/52682.png","https://img.uefa.com/imgml/TP/teams/logos/240x240/52682.png","252682","MUN","DOMESTIC_MEN_TEAM_A","","DOMESTIC","Angleterre","Man Utd","Manchester United","MUN","46","MINUTE","4","0","1","7.48","KILOMETER","29.5","KILOMETER_PER_HOUR"
"250049183","2603790","29","1996-03-06","16","Werner","GER","STRIKER","FORWARD","MALE","","./image/250049183.jpg","Timo Werner","FORWARD","11","Werner","47","","Allemagne","Attaquant","Timo","Werner","Timo Werner","Werner","200047","./assoc/200047_GER.svg","./logo/2603790.png","UEFA","GER","2603790","FAME","Leipzig","","https://img.uefa.com/imgml/TP/teams/logos/70x70/2603790.png","https://img.uefa.com/imgml/TP/teams/logos/240x240/2603790.png","250002563","RBL","DOMESTIC_MEN_TEAM_A","","DOMESTIC","Allemagne","Leipzig","RB Leipzig","RBL","46","MINUTE","4","0","0","8.48","KILOMETER","33.4","KILOMETER_PER_HOUR"
"250122937","52749","25","1999-11-20","15","Lopez","PER","UNKNOWN","DEFENDER","MALE","","./image/250122937.jpg","Marcos Lopez","DEFENDER","26","Lopez","107","","Pérou","Défenseur","Marcos","Lopez","Marcos Lopez","Lopez","200095","./assoc/200095_NED.svg","./logo/52749.png","UEFA","NED","52749","FAME","Feyenoord","","https://img.uefa.com/imgml/TP/teams/logos/70x70/52749.png","https://img.uefa.com/imgml/TP/teams/logos/240x240/52749.png","252749","FEY","DOMESTIC_MEN_TEAM_A","","DOMESTIC","Pays-Bas","Feyenoord","Feyenoord","FEY","45","MINUTE","1","0","0","5.62","KILOMETER","32.6","KILOMETER_PER_HOUR"
"250178782","50030","21","2004-09-13","39","Morgalla","GER","UNKNOWN","DEFENDER","MALE","","./image/250178782.jpg","Leandro Morgalla","DEFENDER","2","Morgalla","200047","","Allemagne","Défenseur","Leandro","Morgalla","Leandro Morgalla","Morgalla","200008","./assoc/200008_AUT.svg","./logo/50030.png","UEFA","AUT","50030","FAME","Salzburg","","https://img.uefa.com/imgml/TP/teams/logos/70x70/50030.png","https://img.uefa.com/imgml/TP/teams/logos/240x240/50030.png","250030","SAL","DOMESTIC_MEN_TEAM_A","","DOMESTIC","Autriche","Salzburg","FC Salzburg","SAL","45","MINUTE","1","0","0","5.53","KILOMETER","34.21","KILOMETER_PER_HOUR"
"250139204","59324","21","2004-09-08","3","Hall","ENG","UNKNOWN","DEFENDER","MALE","","./image/250139204.jpg","Lewis Hall","DEFENDER","12","Hall","39","","Angleterre","Défenseur","Lewis","Hall","Lewis Hall","Hall","200039","./assoc/200039_ENG.svg","./logo/59324.png","UEFA","ENG","59324","FAME","Newcastle","","https://img.uefa.com/imgml/TP/teams/logos/70x70/59324.png","https://img.uefa.com/imgml/TP/teams/logos/240x240/59324.png","259324","NEW","DOMESTIC_MEN_TEAM_A","","DOMESTIC","Angleterre","Newcastle","Newcastle United FC","NEW","45","MINUTE","1","0","0","5.29","KILOMETER","32.71","KILOMETER_PER_HOUR"
"250007241","52709","33","1992-08-06","15","C. Sørensen","DEN","UNKNOWN","DEFENDER","MALE","179","./image/250007241.jpg","Christian Sørensen","MIDFIELDER","18","Sorensen","300035","73","Danemark","Défenseur","Christian","Sørensen","Christian Sørensen","Sørensen","200035","./assoc/200035_DEN.svg","./logo/52709.png","UEFA","DEN","52709","FAME","Copenhagen","","https://img.uefa.com/imgml/TP/teams/logos/70x70/52709.png","https://img.uefa.com/imgml/TP/teams/logos/240x240/52709.png","252709","CPH","DOMESTIC_MEN_TEAM_A","","DOMESTIC","Danemark","Copenhagen","F.C. Copenhagen","CPH","43","MINUTE","3","0","0","7.34","KILOMETER","30.2","KILOMETER_PER_HOUR"
"250117617","59324","22","2002-11-06","8","Anderson","ENG","","MIDFIELDER","MALE","","./image/250117617.jpg","Elliot Anderson","MIDFIELDER","8","Anderson","39","","Angleterre","Milieu","Elliot","Anderson","Elliot Anderson","Anderson","200039","./assoc/200039_ENG.svg","./logo/59324.png","UEFA","ENG","59324","FAME","Newcastle","","https://img.uefa.com/imgml/TP/teams/logos/70x70/59324.png","https://img.uefa.com/imgml/TP/teams/logos/240x240/59324.png","259324","NEW","DOMESTIC_MEN_TEAM_A","","DOMESTIC","Angleterre","Newcastle","Newcastle United FC","NEW","43","MINUTE","2","0","0","7.22","KILOMETER","31.4","KILOMETER_PER_HOUR"
"250087672","52280","25","2000-07-28","10","Smith Rowe","ENG","ATTACKING_MIDFIELDER","FORWARD","MALE","","./image/250087672.jpg","Emile Smith Rowe","FORWARD","10","Smith Rowe","39","","Angleterre","Attaquant","Emile","Smith Rowe","Emile Smith Rowe","Smith Rowe","200039","./assoc/200039_ENG.svg","./logo/52280.png","UEFA","ENG","52280","FAME","Arsenal","","https://img.uefa.com/imgml/TP/teams/logos/70x70/52280.png","https://img.uefa.com/imgml/TP/teams/logos/240x240/52280.png","252280","ARS","DOMESTIC_MEN_TEAM_A","","DOMESTIC","Angleterre","Arsenal","Arsenal FC","ARS","42","MINUTE","3","0","0","7.47","KILOMETER","29.5","KILOMETER_PER_HOUR"
"250165175","52682","20","2005-04-19","37","Mainoo","ENG","UNKNOWN","MIDFIELDER","MALE","","./image/250165175.jpg","Kobbie Mainoo","MIDFIELDER","18","Mainoo","39","","Angleterre","Milieu","Kobbie","Mainoo","Kobbie Mainoo","Mainoo","200039","./assoc/200039_ENG.svg","./logo/52682.png","UEFA","ENG","52682","FAME","Man Utd","","https://img.uefa.com/imgml/TP/teams/logos/70x70/52682.png","https://img.uefa.com/imgml/TP/teams/logos/240x240/52682.png","252682","MUN","DOMESTIC_MEN_TEAM_A","","DOMESTIC","Angleterre","Man Utd","Manchester United","MUN","42","MINUTE","2","0","0","6.19","KILOMETER","27.6","KILOMETER_PER_HOUR"
"1904338","50037","36","1989-03-23","13","Choupo-Moting","CMR","UNKNOWN","MIDFIELDER","MALE","191","./image/1904338.jpg","Eric Maxim Choupo-Moting","FORWARD","13","Choupo-Moting","23","91","Cameroun","Milieu","Eric Maxim","Choupo-Moting","Eric Maxim Choupo-Moting","Choupo-Moting","200047","./assoc/200047_GER.svg","./logo/50037.png","UEFA","GER","50037","FAME","Bayern München","","https://img.uefa.com/imgml/TP/teams/logos/70x70/50037.png","https://img.uefa.com/imgml/TP/teams/logos/240x240/50037.png","250037","BAY","DOMESTIC_MEN_TEAM_A","","DOMESTIC","Allemagne","Bayern München","FC Bayern München","BAY","40","MINUTE","5","0","0","8.34","KILOMETER","30.1","KILOMETER_PER_HOUR"
"250153621","50051","21","2004-09-08","27","NICO PAZ","ESP","UNKNOWN","MIDFIELDER","MALE","","./image/250153621.jpg","Nicolás Paz","MIDFIELDER","","Paz","","","Espagne","Milieu","Nicolás","Paz","Nicolás Paz","Paz","200122","./assoc/200122_ESP.svg","./logo/50051.png","UEFA","ESP","50051","FAME","Real Madrid","","https://img.uefa.com/imgml/TP/teams/logos/70x70/50051.png","https://img.uefa.com/imgml/TP/teams/logos/240x240/50051.png","250051","RMA","DOMESTIC_MEN_TEAM_A","","DOMESTIC","Espagne","Real Madrid","Real Madrid C.F.","RMA","39","MINUTE","3","1","0","6.84","KILOMETER","31.9","KILOMETER_PER_HOUR"
"250019497","50067","34","1991-04-11","11","BAKAMBU","COD","UNKNOWN","FORWARD","MALE","182","./image/250019497.jpg","Cédric Bakambu","FORWARD","17","Bakambu","148","73","RD Congo","Attaquant","Cédric","Bakambu","Cédric Bakambu","Bakambu","200135","./assoc/200135_TUR.svg","./logo/50067.png","UEFA","TUR","50067","FAME","Galatasaray","","https://img.uefa.com/imgml/TP/teams/logos/70x70/50067.png","https://img.uefa.com/imgml/TP/teams/logos/240x240/50067.png","250067","GAL","DOMESTIC_MEN_TEAM_A","","DOMESTIC","Turquie","Galatasaray","Galatasaray A.Ş.","GAL","37","MINUTE","2","1","0","5.33","KILOMETER","32.4","KILOMETER_PER_HOUR"
"250136353","52277","22","2003-05-17","17","Diouf","FRA","UNKNOWN","MIDFIELDER","MALE","","./image/250136353.jpg","Andy Diouf","MIDFIELDER","20","DIOUF","200043","","France","Milieu","Andy","Diouf","Andy Diouf","Diouf","200043","./assoc/200043_FRA.svg","./logo/52277.png","UEFA","FRA","52277","FAME","Lens","","https://img.uefa.com/imgml/TP/teams/logos/70x70/52277.png","https://img.uefa.com/imgml/TP/teams/logos/240x240/52277.png","252277","LEN","DOMESTIC_MEN_TEAM_A","","DOMESTIC","France","Lens","RC Lens","LEN","37","MINUTE","2","0","0","5.78","KILOMETER","33.1","KILOMETER_PER_HOUR"
"250088335","52714","28","1997-06-18","9","Rafa Mir","ESP","UNKNOWN","FORWARD","MALE","","./image/250088335.jpg","Rafa Mir","FORWARD","18","RAFA MIR","200122","","Espagne","Attaquant","","Rafa Mir","Rafa Mir","Rafa Mir","200122","./assoc/200122_ESP.svg","./logo/52714.png","UEFA","ESP","52714","FAME","Sevilla","","https://img.uefa.com/imgml/TP/teams/logos/70x70/52714.png","https://img.uefa.com/imgml/TP/teams/logos/240x240/52714.png","252714","SEV","DOMESTIC_MEN_TEAM_A","","DOMESTIC","Espagne","Sevilla","Sevilla FC","SEV","37","MINUTE","2","0","0","5.36","KILOMETER","29.8","KILOMETER_PER_HOUR"
"250185952","50031","22","2003-07-16","19","PERSSON","SWE","UNKNOWN","DEFENDER","MALE","","./image/250185952.jpg","Noah Persson","DEFENDER","15","Persson","200127","","Suède","Défenseur","Noah","Persson","Noah Persson","Persson","200128","./assoc/200128_SUI.svg","./logo/50031.png","UEFA","SUI","50031","FAME","Young Boys","","https://img.uefa.com/imgml/TP/teams/logos/70x70/50031.png","https://img.uefa.com/imgml/TP/teams/logos/240x240/50031.png","250031","YB","DOMESTIC_MEN_TEAM_A","","DOMESTIC","Suisse","Young Boys","BSC Young Boys","YB","36","MINUTE","3","0","0","7.34","KILOMETER","31.1","KILOMETER_PER_HOUR"
"250187220","52749","24","2001-06-18","16","Van Den Belt","NED","","MIDFIELDER","MALE","","./image/250187220.jpg","Thomas Van Den Belt","MIDFIELDER","","van den Belt","","","Pays-Bas","Milieu","Thomas","Van Den Belt","Thomas Van Den Belt","Van Den Belt","200095","./assoc/200095_NED.svg","./logo/52749.png","UEFA","NED","52749","FAME","Feyenoord","","https://img.uefa.com/imgml/TP/teams/logos/70x70/52749.png","https://img.uefa.com/imgml/TP/teams/logos/240x240/52749.png","252749","FEY","DOMESTIC_MEN_TEAM_A","","DOMESTIC","Pays-Bas","Feyenoord","Feyenoord","FEY","36","MINUTE","1","0","0","4.83","KILOMETER","27.9","KILOMETER_PER_HOUR"
"250174134","50113","22","2003-07-21","55","Valencia","ECU","UNKNOWN","FORWARD","MALE","","./image/250174134.jpg","Anthony Valencia","FORWARD","","Valencia","","","Équateur","Attaquant","Anthony","Valencia","Anthony Valencia","Valencia","200013","./assoc/200013_BEL.svg","./logo/50113.png","UEFA","BEL","50113","FAME","Antwerp","","https://img.uefa.com/imgml/TP/teams/logos/70x70/50113.png","https://img.uefa.com/imgml/TP/teams/logos/240x240/50113.png","250113","ANT","DOMESTIC_MEN_TEAM_A","","DOMESTIC","Belgique","Antwerp","Royal Antwerp FC","ANT","35","MINUTE","3","0","0","5.71","KILOMETER","32.21","KILOMETER_PER_HOUR"
"250159544","52749","20","2005-04-03","27","Milambo","NED","UNKNOWN","MIDFIELDER","MALE","","./image/250159544.jpg","Antoni Milambo","MIDFIELDER","6","Milambo","200095","","Pays-Bas","Milieu","Antoni","Milambo","Antoni Milambo","Milambo","200095","./assoc/200095_NED.svg","./logo/52749.png","UEFA","NED","52749","FAME","Feyenoord","","https://img.uefa.com/imgml/TP/teams/logos/70x70/52749.png","https://img.uefa.com/imgml/TP/teams/logos/240x240/52749.png","252749","FEY","DOMESTIC_MEN_TEAM_A","","DOMESTIC","Pays-Bas","Feyenoord","Feyenoord","FEY","35","MINUTE","2","0","0","5.76","KILOMETER","29.8","KILOMETER_PER_HOUR"
"250121492","50030","26","1999-03-01","11","Fernando","BRA","STRIKER","FORWARD","MALE","","./image/250121492.jpg","Fernando","FORWARD","","Fernando","","","Brésil","Attaquant","","Fernando","Fernando","Fernando","200008","./assoc/200008_AUT.svg","./logo/50030.png","UEFA","AUT","50030","FAME","Salzburg","","https://img.uefa.com/imgml/TP/teams/logos/70x70/50030.png","https://img.uefa.com/imgml/TP/teams/logos/240x240/50030.png","250030","SAL","DOMESTIC_MEN_TEAM_A","","DOMESTIC","Autriche","Salzburg","FC Salzburg","SAL","35","MINUTE","1","0","0","4.41","KILOMETER","30.8","KILOMETER_PER_HOUR"
"250101696","50058","25","2000-05-24","17","OKAFOR","SUI","WINGER","FORWARD","MALE","","./image/250101696.jpg","Noah Okafor","FORWARD","9","Okafor","128","","Suisse","Attaquant","Noah","Okafor","Noah Okafor","Okafor","200066","./assoc/200066_ITA.svg","./logo/50058.png","UEFA","ITA","50058","FAME","Milan","","https://img.uefa.com/imgml/TP/teams/logos/70x70/50058.png","https://img.uefa.com/imgml/TP/teams/logos/240x240/50058.png","250058","MIL","DOMESTIC_MEN_TEAM_A","","DOMESTIC","Italie","Milan","AC Milan","MIL","34","MINUTE","3","0","1","6.09","KILOMETER","33.21","KILOMETER_PER_HOUR"
"250188224","50113","20","2005-05-10","52","Corbanie","BEL","UNKNOWN","DEFENDER","MALE","","./image/250188224.jpg","Kobe Corbanie","DEFENDER","2","Corbanie","300013","","Belgique","Défenseur","Kobe","Corbanie","Kobe Corbanie","Corbanie","200013","./assoc/200013_BEL.svg","./logo/50113.png","UEFA","BEL","50113","FAME","Antwerp","","https://img.uefa.com/imgml/TP/teams/logos/70x70/50113.png","https://img.uefa.com/imgml/TP/teams/logos/240x240/50113.png","250113","ANT","DOMESTIC_MEN_TEAM_A","","DOMESTIC","Belgique","Antwerp","Royal Antwerp FC","ANT","34","MINUTE","2","0","0","5.39","KILOMETER","30.8","KILOMETER_PER_HOUR"
"250176455","50080","19","2006-01-04","38","Guiu","ESP","UNKNOWN","FORWARD","MALE","","./image/250176455.jpg","Marc Guiu","FORWARD","9","Marc Guiu","200122","","Espagne","Attaquant","Marc","Guiu","Marc Guiu","Guiu","200122","./assoc/200122_ESP.svg","./logo/50080.png","UEFA","ESP","50080","FAME","Barcelona","","https://img.uefa.com/imgml/TP/teams/logos/70x70/50080.png","https://img.uefa.com/imgml/TP/teams/logos/240x240/50080.png","250080","BAR","DOMESTIC_MEN_TEAM_A","","DOMESTIC","Espagne","Barcelona","FC Barcelona","BAR","33","MINUTE","2","1","0","5.03","KILOMETER","32.3","KILOMETER_PER_HOUR"
"250141857","50050","26","1999-07-10","14","Turnbull","SCO","CENTRAL_MIDFIELDER","FORWARD","MALE","","./image/250141857.jpg","David Turnbull","FORWARD","18","Turnbull","117","","Écosse","Attaquant","David","Turnbull","David Turnbull","Turnbull","200117","./assoc/200117_SCO.svg","./logo/50050.png","UEFA","SCO","50050","FAME","Celtic","","https://img.uefa.com/imgml/TP/teams/logos/70x70/50050.png","https://img.uefa.com/imgml/TP/teams/logos/240x240/50050.png","250050","CEL","DOMESTIC_MEN_TEAM_A","","DOMESTIC","Écosse","Celtic","Celtic FC","CEL","33","MINUTE","2","0","0","5.24","KILOMETER","28.3","KILOMETER_PER_HOUR"
"250113342","50064","24","2001-03-29","11","Borges","POR","UNKNOWN","FORWARD","MALE","","./image/250113342.jpg","Gonçalo Borges","FORWARD","17","GONÇALO BORGES","200110","","Portugal","Attaquant","","Gonçalo Borges","Gonçalo Borges","Gonçalo Borges","200110","./assoc/200110_POR.svg","./logo/50064.png","UEFA","POR","50064","FAME","Porto","","https://img.uefa.com/imgml/TP/teams/logos/70x70/50064.png","https://img.uefa.com/imgml/TP/teams/logos/240x240/50064.png","250064","POR","DOMESTIC_MEN_TEAM_A","","DOMESTIC","Portugal","Porto","FC Porto","POR","32","MINUTE","3","0","0","5.54","KILOMETER","32.1","KILOMETER_PER_HOUR"
"250080473","52336","28","1996-11-07","21","Andre Horta","POR","ATTACKING_MIDFIELDER","MIDFIELDER","MALE","167","./image/250080473.jpg","André Horta","MIDFIELDER","7","André Horta","200110","55","Portugal","Milieu","André","Horta","André Horta","André Horta","200110","./assoc/200110_POR.svg","./logo/52336.png","UEFA","POR","52336","FAME","Braga","","https://img.uefa.com/imgml/TP/teams/logos/70x70/52336.png","https://img.uefa.com/imgml/TP/teams/logos/240x240/52336.png","252336","BRA","DOMESTIC_MEN_TEAM_A","","DOMESTIC","Portugal","Braga","SC Braga","BRA","31","MINUTE","3","0","0","6.22","KILOMETER","26.5","KILOMETER_PER_HOUR"
"250118959","52714","23","2002-06-07","14","Nianzou","FRA","UNKNOWN","DEFENDER","MALE","","./image/250118959.jpg","Tanguy Nianzou","DEFENDER","22","KOUASSI","200043","","France","Défenseur","Tanguy","Nianzou","Tanguy Nianzou","Nianzou","200122","./assoc/200122_ESP.svg","./logo/52714.png","UEFA","ESP","52714","FAME","Sevilla","","https://img.uefa.com/imgml/TP/teams/logos/70x70/52714.png","https://img.uefa.com/imgml/TP/teams/logos/240x240/52714.png","252714","SEV","DOMESTIC_MEN_TEAM_A","","DOMESTIC","Espagne","Sevilla","Sevilla FC","SEV","31","MINUTE","2","0","0","4.64","KILOMETER","30.7","KILOMETER_PER_HOUR"
"250058244","50058","27","1997-12-23","9","JOVIC","SRB","STRIKER","FORWARD","MALE","","./image/250058244.jpg","Luka Jović","FORWARD","8","Jović","147","","Serbie","Attaquant","Luka","Jović","Luka Jović","Jović","200066","./assoc/200066_ITA.svg","./logo/50058.png","UEFA","ITA","50058","FAME","Milan","","https://img.uefa.com/imgml/TP/teams/logos/70x70/50058.png","https://img.uefa.com/imgml/TP/teams/logos/240x240/50058.png","250058","MIL","DOMESTIC_MEN_TEAM_A","","DOMESTIC","Italie","Milan","AC Milan","MIL","30","MINUTE","2","0","0","4.91","KILOMETER","31.3","KILOMETER_PER_HOUR"
"250117890","50147","24","2001-01-18","47","T.GOUVEIA","POR","UNKNOWN","FORWARD","MALE","","./image/250117890.jpg","Tiago Gouveia","FORWARD","18","Tiago Gouveia","300110","","Portugal","Attaquant","","Tiago Gouveia","Tiago Gouveia","Tiago Gouveia","200110","./assoc/200110_POR.svg","./logo/50147.png","UEFA","POR","50147","FAME","Benfica","","https://img.uefa.com/imgml/TP/teams/logos/70x70/50147.png","https://img.uefa.com/imgml/TP/teams/logos/240x240/50147.png","250147","BEN","DOMESTIC_MEN_TEAM_A","","DOMESTIC","Portugal","Benfica","SL Benfica","BEN","29","MINUTE","3","0","0","4.79","KILOMETER","31.3","KILOMETER_PER_HOUR"
"250187698","52277","21","2004-02-29","45","Khusanov","UZB","UNKNOWN","DEFENDER","MALE","","./image/250187698.jpg","Abdukodir Khusanov","DEFENDER","","Khusanov","","","Ouzbékistan","Défenseur","Abdukodir","Khusanov","Abdukodir Khusanov","Khusanov","200043","./assoc/200043_FRA.svg","./logo/52277.png","UEFA","FRA","52277","FAME","Lens","","https://img.uefa.com/imgml/TP/teams/logos/70x70/52277.png","https://img.uefa.com/imgml/TP/teams/logos/240x240/52277.png","252277","LEN","DOMESTIC_MEN_TEAM_A","","DOMESTIC","France","Lens","RC Lens","LEN","29","MINUTE","2","0","0","5.49","KILOMETER","32.8","KILOMETER_PER_HOUR"
"250054760","50147","28","1996-11-29","17","Guedes","POR","WINGER","FORWARD","MALE","179","./image/250054760.jpg","Gonçalo Guedes","MIDFIELDER","17","Guedes","110","73","Portugal","Attaquant","","Gonçalo Guedes","Gonçalo Guedes","Gonçalo Guedes","200110","./assoc/200110_POR.svg","./logo/50147.png","UEFA","POR","50147","FAME","Benfica","","https://img.uefa.com/imgml/TP/teams/logos/70x70/50147.png","https://img.uefa.com/imgml/TP/teams/logos/240x240/50147.png","250147","BEN","DOMESTIC_MEN_TEAM_A","","DOMESTIC","Portugal","Benfica","SL Benfica","BEN","27","MINUTE","2","0","0","4.66","KILOMETER","32.4","KILOMETER_PER_HOUR"
"250130224","52709","22","2003-05-28","4","Lund","DEN","UNKNOWN","DEFENDER","MALE","","./image/250130224.jpg","Valdemar Lund","DEFENDER","21","Jensen","200035","","Danemark","Défenseur","Valdemar","Lund","Valdemar Lund","Lund","200035","./assoc/200035_DEN.svg","./logo/52709.png","UEFA","DEN","52709","FAME","Copenhagen","","https://img.uefa.com/imgml/TP/teams/logos/70x70/52709.png","https://img.uefa.com/imgml/TP/teams/logos/240x240/52709.png","252709","CPH","DOMESTIC_MEN_TEAM_A","","DOMESTIC","Danemark","Copenhagen","F.C. Copenhagen","CPH","27","MINUTE","2","0","0","4.1","KILOMETER","30.4","KILOMETER_PER_HOUR"
"250092182","52707","25","2000-06-29","21","Kashchuk","UKR","UNKNOWN","MIDFIELDER","MALE","","./image/250092182.jpg","Olexiy Kashchuk","MIDFIELDER","20","Kashchuk","257166","","Ukraine","Milieu","Olexiy","Kashchuk","Olexiy Kashchuk","Kashchuk","257166","./assoc/257166_UKR.svg","./logo/52707.png","UEFA","UKR","52707","FAME","Shakhtar","","https://img.uefa.com/imgml/TP/teams/logos/70x70/52707.png","https://img.uefa.com/imgml/TP/teams/logos/240x240/52707.png","252707","SHK","DOMESTIC_MEN_TEAM_A","","DOMESTIC","Ukraine","Shakhtar","FC Shakhtar Donetsk","SHK","25","MINUTE","1","0","0","3.48","KILOMETER","29.7","KILOMETER_PER_HOUR"
"250129965","50080","22","2003-09-14","17","M.Casado","ESP","UNKNOWN","DEFENDER","MALE","","./image/250129965.jpg","Marc Casadó","MIDFIELDER","16","M. Casadó","122","","Espagne","Défenseur","Marc","Casadó","Marc Casadó","Casadó","200122","./assoc/200122_ESP.svg","./logo/50080.png","UEFA","ESP","50080","FAME","Barcelona","","https://img.uefa.com/imgml/TP/teams/logos/70x70/50080.png","https://img.uefa.com/imgml/TP/teams/logos/240x240/50080.png","250080","BAR","DOMESTIC_MEN_TEAM_A","","DOMESTIC","Espagne","Barcelona","FC Barcelona","BAR","22","MINUTE","2","0","0","4.5","KILOMETER","29.4","KILOMETER_PER_HOUR"
"250068977","52336","28","1997-01-09","19","Adrián Marín","ESP","FULL_BACK","DEFENDER","MALE","185","./image/250068977.jpg","Adrián Marín","DEFENDER","3","Adrián Marín","200122","","Espagne","Défenseur","Adrián","Marín","Adrián Marín","Adrián Marín","200110","./assoc/200110_POR.svg","./logo/52336.png","UEFA","POR","52336","FAME","Braga","","https://img.uefa.com/imgml/TP/teams/logos/70x70/52336.png","https://img.uefa.com/imgml/TP/teams/logos/240x240/52336.png","252336","BRA","DOMESTIC_MEN_TEAM_A","","DOMESTIC","Portugal","Braga","SC Braga","BRA","22","MINUTE","2","0","0","3.87","KILOMETER","29.5","KILOMETER_PER_HOUR"
"250132831","50124","31","1994-01-21","23","REINILDO","MOZ","FULL_BACK","DEFENDER","MALE","","./image/250132831.jpg","Reinildo","DEFENDER","","Reinildo","","","Mozambique","Défenseur","","Reinildo","Reinildo","Reinildo","200122","./assoc/200122_ESP.svg","./logo/50124.png","UEFA","ESP","50124","FAME","Atleti","","https://img.uefa.com/imgml/TP/teams/logos/70x70/50124.png","https://img.uefa.com/imgml/TP/teams/logos/240x240/50124.png","250124","ATM","DOMESTIC_MEN_TEAM_A","","DOMESTIC","Espagne","Atleti","Atlético de Madrid","ATM","22","MINUTE","1","0","0","2.89","KILOMETER","31.1","KILOMETER_PER_HOUR"
"250134661","52758","22","2002-11-13","7","Reyna","USA","UNKNOWN","MIDFIELDER","MALE","","./image/250134661.jpg","Giovanni Reyna","MIDFIELDER","7","","140","","Etats-Unis","Milieu","Giovanni","Reyna","Giovanni Reyna","Reyna","200047","./assoc/200047_GER.svg","./logo/52758.png","UEFA","GER","52758","FAME","B. Dortmund","","https://img.uefa.com/imgml/TP/teams/logos/70x70/52758.png","https://img.uefa.com/imgml/TP/teams/logos/240x240/52758.png","252758","BVB","DOMESTIC_MEN_TEAM_A","","DOMESTIC","Allemagne","B. Dortmund","Borussia Dortmund","BVB","21","MINUTE","2","0","0","3.6","KILOMETER","27.3","KILOMETER_PER_HOUR"
"250070191","59324","30","1995-09-18","13","Targett","ENG","FULL_BACK","DEFENDER","MALE","","./image/250070191.jpg","Matt Targett","DEFENDER","12","Targett","39","","Angleterre","Défenseur","Matt","Targett","Matt Targett","Targett","200039","./assoc/200039_ENG.svg","./logo/59324.png","UEFA","ENG","59324","FAME","Newcastle","","https://img.uefa.com/imgml/TP/teams/logos/70x70/59324.png","https://img.uefa.com/imgml/TP/teams/logos/240x240/59324.png","259324","NEW","DOMESTIC_MEN_TEAM_A","","DOMESTIC","Angleterre","Newcastle","Newcastle United FC","NEW","21","MINUTE","2","0","0","2.18","KILOMETER","30.1","KILOMETER_PER_HOUR"
"250101412","50136","25","2000-05-05","70","Gaetano","ITA","","FORWARD","MALE","","./image/250101412.jpg","Gianluca Gaetano","MIDFIELDER","14","Gaetano","200066","","Italie","Attaquant","Gianluca","Gaetano","Gianluca Gaetano","Gaetano","200066","./assoc/200066_ITA.svg","./logo/50136.png","UEFA","ITA","50136","FAME","Napoli","","https://img.uefa.com/imgml/TP/teams/logos/70x70/50136.png","https://img.uefa.com/imgml/TP/teams/logos/240x240/50136.png","250136","NAP","DOMESTIC_MEN_TEAM_A","","DOMESTIC","Italie","Napoli","SSC Napoli","NAP","21","MINUTE","1","0","0","3.34","KILOMETER","27.4","KILOMETER_PER_HOUR"
"250169763","50062","20","2005-04-06","26","Babadi","NED","UNKNOWN","MIDFIELDER","MALE","","./image/250169763.jpg","Isaac Babadi","FORWARD","20","Babadi","200095","","Pays-Bas","Milieu","Isaac","Babadi","Isaac Babadi","Babadi","200095","./assoc/200095_NED.svg","./logo/50062.png","UEFA","NED","50062","FAME","PSV","","https://img.uefa.com/imgml/TP/teams/logos/70x70/50062.png","https://img.uefa.com/imgml/TP/teams/logos/240x240/50062.png","250062","PSV","DOMESTIC_MEN_TEAM_A","","DOMESTIC","Pays-Bas","PSV","PSV Eindhoven","PSV","20","MINUTE","2","0","0","4.26","KILOMETER","29","KILOMETER_PER_HOUR"
"250113947","50031","24","2001-01-18","8","ŁAKOMY","POL","UNKNOWN","MIDFIELDER","MALE","","./image/250113947.jpg","Łukasz Łakomy","MIDFIELDER","19","Łakomy","200109","","Pologne","Milieu","Łukasz","Łakomy","Łukasz Łakomy","Łakomy","200128","./assoc/200128_SUI.svg","./logo/50031.png","UEFA","SUI","50031","FAME","Young Boys","","https://img.uefa.com/imgml/TP/teams/logos/70x70/50031.png","https://img.uefa.com/imgml/TP/teams/logos/240x240/50031.png","250031","YB","DOMESTIC_MEN_TEAM_A","","DOMESTIC","Suisse","Young Boys","BSC Young Boys","YB","20","MINUTE","1","0","0","2.92","KILOMETER","28.2","KILOMETER_PER_HOUR"
"250134659","52758","20","2004-11-20","9","Youssoufa","GER","UNKNOWN","FORWARD","MALE","","./image/250134659.jpg","Youssoufa Moukoko","FORWARD","9","Moukoko","47","","Allemagne","Attaquant","Youssoufa","Moukoko","Youssoufa Moukoko","Moukoko","200047","./assoc/200047_GER.svg","./logo/52758.png","UEFA","GER","52758","FAME","B. Dortmund","","https://img.uefa.com/imgml/TP/teams/logos/70x70/52758.png","https://img.uefa.com/imgml/TP/teams/logos/240x240/52758.png","252758","BVB","DOMESTIC_MEN_TEAM_A","","DOMESTIC","Allemagne","B. Dortmund","Borussia Dortmund","BVB","17","MINUTE","4","0","0","4.72","KILOMETER","30.7","KILOMETER_PER_HOUR"
"250165396","52336","23","2002-04-10","47","Fonseca","POR","","DEFENDER","MALE","","./image/250165396.jpg","Diogo Fonseca","DEFENDER","","Fonseca","","","Portugal","Défenseur","","Diogo Fonseca","Diogo Fonseca","Diogo Fonseca","200110","./assoc/200110_POR.svg","./logo/52336.png","UEFA","POR","52336","FAME","Braga","","https://img.uefa.com/imgml/TP/teams/logos/70x70/52336.png","https://img.uefa.com/imgml/TP/teams/logos/240x240/52336.png","252336","BRA","DOMESTIC_MEN_TEAM_A","","DOMESTIC","Portugal","Braga","SC Braga","BRA","17","MINUTE","1","0","0","2.59","KILOMETER","27.6","KILOMETER_PER_HOUR"
"250187759","52707","21","2004-08-09","7","Eguinaldo","BRA","UNKNOWN","FORWARD","MALE","","./image/250187759.jpg","Eguinaldo","FORWARD","","EGUINALDO","","","Brésil","Attaquant","","Eguinaldo","Eguinaldo","Eguinaldo","257166","./assoc/257166_UKR.svg","./logo/52707.png","UEFA","UKR","52707","FAME","Shakhtar","","https://img.uefa.com/imgml/TP/teams/logos/70x70/52707.png","https://img.uefa.com/imgml/TP/teams/logos/240x240/52707.png","252707","SHK","DOMESTIC_MEN_TEAM_A","","DOMESTIC","Ukraine","Shakhtar","FC Shakhtar Donetsk","SHK","15","MINUTE","3","1","0","3.71","KILOMETER","32.1","KILOMETER_PER_HOUR"
"250176939","50050","19","2006-01-25","40","Frame","SCO","UNKNOWN","DEFENDER","MALE","","./image/250176939.jpg","Mitchel Frame","DEFENDER","19","Frame","200117","","Écosse","Défenseur","Mitchel","Frame","Mitchel Frame","Frame","200117","./assoc/200117_SCO.svg","./logo/50050.png","UEFA","SCO","50050","FAME","Celtic","","https://img.uefa.com/imgml/TP/teams/logos/70x70/50050.png","https://img.uefa.com/imgml/TP/teams/logos/240x240/50050.png","250050","CEL","DOMESTIC_MEN_TEAM_A","","DOMESTIC","Écosse","Celtic","Celtic FC","CEL","15","MINUTE","1","0","0","2.82","KILOMETER","32.71","KILOMETER_PER_HOUR"
"250164852","52919","20","2005-01-20","4","Susoho Sissoho","ESP","UNKNOWN","MIDFIELDER","MALE","","./image/250164852.jpg","Mahamadou Susoho","MIDFIELDER","12","M. SUSOHO","400122","","Espagne","Milieu","Mahamadou","Susoho","Mahamadou Susoho","Susoho","200039","./assoc/200039_ENG.svg","./logo/52919.png","UEFA","ENG","52919","FAME","Man City","","https://img.uefa.com/imgml/TP/teams/logos/70x70/52919.png","https://img.uefa.com/imgml/TP/teams/logos/240x240/52919.png","252919","MCI","DOMESTIC_MEN_TEAM_A","","DOMESTIC","Angleterre","Man City","Manchester City","MCI","14","MINUTE","1","0","0","2.34","KILOMETER","27.6","KILOMETER_PER_HOUR"
"250104093","50064","25","2000-08-28","19","Namaso","ENG","UNKNOWN","FORWARD","MALE","","./image/250104093.jpg","Danny Namaso","FORWARD","9","Loader","300039","","Angleterre","Attaquant","Danny","Namaso","Danny Namaso","Namaso","200110","./assoc/200110_POR.svg","./logo/50064.png","UEFA","POR","50064","FAME","Porto","","https://img.uefa.com/imgml/TP/teams/logos/70x70/50064.png","https://img.uefa.com/imgml/TP/teams/logos/240x240/50064.png","250064","POR","DOMESTIC_MEN_TEAM_A","","DOMESTIC","Portugal","Porto","FC Porto","POR","13","MINUTE","3","0","0","4.58","KILOMETER","34.3","KILOMETER_PER_HOUR"
"250164450","52749","19","2005-12-16","16","Sauer","SVK","UNKNOWN","FORWARD","MALE","","./image/250164450.jpg","Leo Sauer","FORWARD","7","L. Sauer","58836","","Slovaquie","Attaquant","Leo","Sauer","Leo Sauer","Sauer","200095","./assoc/200095_NED.svg","./logo/52749.png","UEFA","NED","52749","FAME","Feyenoord","","https://img.uefa.com/imgml/TP/teams/logos/70x70/52749.png","https://img.uefa.com/imgml/TP/teams/logos/240x240/52749.png","252749","FEY","DOMESTIC_MEN_TEAM_A","","DOMESTIC","Pays-Bas","Feyenoord","Feyenoord","FEY","13","MINUTE","2","0","0","3.23","KILOMETER","32.8","KILOMETER_PER_HOUR"
"250163316","50123","24","2001-07-13","25","Magunazelaia","ESP","","MIDFIELDER","MALE","","./image/250163316.jpg","Jon Magunacelaya","MIDFIELDER","","Magunacelaya","","","Espagne","Milieu","Jon","Magunacelaya","Jon Magunacelaya","Magunacelaya","200122","./assoc/200122_ESP.svg","./logo/50123.png","UEFA","ESP","50123","FAME","Real Sociedad","","https://img.uefa.com/imgml/TP/teams/logos/70x70/50123.png","https://img.uefa.com/imgml/TP/teams/logos/240x240/50123.png","250123","RSO","DOMESTIC_MEN_TEAM_A","","DOMESTIC","Espagne","Real Sociedad","Real Sociedad de Fútbol","RSO","13","MINUTE","1","0","0","2.51","KILOMETER","28.5","KILOMETER_PER_HOUR"
"250164055","50058","20","2004-12-23","70","CHAKA","CIV","UNKNOWN","FORWARD","MALE","","./image/250164055.jpg","Chaka Traore","FORWARD","","CHAKA","","","Côte d'Ivoire","Attaquant","Chaka","Traore","Chaka Traore","Traore","200066","./assoc/200066_ITA.svg","./logo/50058.png","UEFA","ITA","50058","FAME","Milan","","https://img.uefa.com/imgml/TP/teams/logos/70x70/50058.png","https://img.uefa.com/imgml/TP/teams/logos/240x240/50058.png","250058","MIL","DOMESTIC_MEN_TEAM_A","","DOMESTIC","Italie","Milan","AC Milan","MIL","13","MINUTE","1","0","0","2.5","KILOMETER","27.3","KILOMETER_PER_HOUR"
"250121965","50051","27","1998-01-18","3","E. MILITÃO","BRA","FULL_BACK","DEFENDER","MALE","","./image/250121965.jpg","Éder Militão","DEFENDER","14","E. Militão","18","","Brésil","Défenseur","","Éder Militão","Éder Militão","Éder Militão","200122","./assoc/200122_ESP.svg","./logo/50051.png","UEFA","ESP","50051","FAME","Real Madrid","","https://img.uefa.com/imgml/TP/teams/logos/70x70/50051.png","https://img.uefa.com/imgml/TP/teams/logos/240x240/50051.png","250051","RMA","DOMESTIC_MEN_TEAM_A","","DOMESTIC","Espagne","Real Madrid","Real Madrid C.F.","RMA","12","MINUTE","3","0","0","2.36","KILOMETER","34.71","KILOMETER_PER_HOUR"
"250187130","50069","21","2004-01-01","70","Kabić","SRB","","MIDFIELDER","MALE","","./image/250187130.jpg","Uroš Kabić","FORWARD","","Kabić","","","Serbie","Milieu","Uroš","Kabić","Uroš Kabić","Kabić","200147","./assoc/200147_SRB.svg","./logo/50069.png","UEFA","SRB","50069","FAME","Crvena Zvezda","","https://img.uefa.com/imgml/TP/teams/logos/70x70/50069.png","https://img.uefa.com/imgml/TP/teams/logos/240x240/50069.png","250069","ZVE","DOMESTIC_MEN_TEAM_A","","DOMESTIC","Serbie","Crvena Zvezda","FK Crvena Zvezda","ZVE","12","MINUTE","1","0","0","2.03","KILOMETER","31.4","KILOMETER_PER_HOUR"
"250086985","50037","33","1992-01-31","20","Sarr","SEN","FULL_BACK","DEFENDER","MALE","","./image/250086985.jpg","Bouna Sarr","DEFENDER","","SARR","","","Sénégal","Défenseur","Bouna","Sarr","Bouna Sarr","Sarr","200047","./assoc/200047_GER.svg","./logo/50037.png","UEFA","GER","50037","FAME","Bayern München","","https://img.uefa.com/imgml/TP/teams/logos/70x70/50037.png","https://img.uefa.com/imgml/TP/teams/logos/240x240/50037.png","250037","BAY","DOMESTIC_MEN_TEAM_A","","DOMESTIC","Allemagne","Bayern München","FC Bayern München","BAY","12","MINUTE","1","0","0","1.83","KILOMETER","31.7","KILOMETER_PER_HOUR"
"250076594","52749","27","1998-06-22","11","Dilrosun","NED","UNKNOWN","FORWARD","MALE","","./image/250076594.jpg","Javairo Dilrosun","MIDFIELDER","21","Dilrosun","95","","Pays-Bas","Attaquant","Javairo","Dilrosun","Javairo Dilrosun","Dilrosun","200095","./assoc/200095_NED.svg","./logo/52749.png","UEFA","NED","52749","FAME","Feyenoord","","https://img.uefa.com/imgml/TP/teams/logos/70x70/52749.png","https://img.uefa.com/imgml/TP/teams/logos/240x240/52749.png","252749","FEY","DOMESTIC_MEN_TEAM_A","","DOMESTIC","Pays-Bas","Feyenoord","Feyenoord","FEY","11","MINUTE","1","0","0","2.17","KILOMETER","30.3","KILOMETER_PER_HOUR"
"250088328","52747","28","1997-01-02","28","C. SOLER","ESP","CENTRAL_MIDFIELDER","MIDFIELDER","MALE","","./image/250088328.jpg","Carlos Soler","MIDFIELDER","19","C. Soler","122","","Espagne","Milieu","Carlos","Soler","Carlos Soler","Soler","200043","./assoc/200043_FRA.svg","./logo/52747.png","UEFA","FRA","52747","FAME","Paris","","https://img.uefa.com/imgml/TP/teams/logos/70x70/52747.png","https://img.uefa.com/imgml/TP/teams/logos/240x240/52747.png","252747","PSG","DOMESTIC_MEN_TEAM_A","","DOMESTIC","France","Paris","Paris Saint-Germain","PSG","9","MINUTE","2","0","0","1.48","KILOMETER","29.3","KILOMETER_PER_HOUR"
"250163729","52336","19","2005-11-21","7","Roger","POR","UNKNOWN","FORWARD","MALE","","./image/250163729.jpg","Roger Fernandes","FORWARD","21","ROGER FERNANDES","200110","","Portugal","Attaquant","","Roger Fernandes","Roger Fernandes","Roger Fernandes","200110","./assoc/200110_POR.svg","./logo/52336.png","UEFA","POR","52336","FAME","Braga","","https://img.uefa.com/imgml/TP/teams/logos/70x70/52336.png","https://img.uefa.com/imgml/TP/teams/logos/240x240/52336.png","252336","BRA","DOMESTIC_MEN_TEAM_A","","DOMESTIC","Portugal","Braga","SC Braga","BRA","9","MINUTE","1","0","0","2.02","KILOMETER","26.2","KILOMETER_PER_HOUR"
"250138356","50031","26","1999-05-02","22","Rrudhani","KOS","UNKNOWN","MIDFIELDER","MALE","","./image/250138356.jpg","Donat Rrudhani","MIDFIELDER","21","Rrudhani","2608110","","Kosovo","Milieu","Donat","Rrudhani","Donat Rrudhani","Rrudhani","200128","./assoc/200128_SUI.svg","./logo/50031.png","UEFA","SUI","50031","FAME","Young Boys","","https://img.uefa.com/imgml/TP/teams/logos/70x70/50031.png","https://img.uefa.com/imgml/TP/teams/logos/240x240/50031.png","250031","YB","DOMESTIC_MEN_TEAM_A","","DOMESTIC","Suisse","Young Boys","BSC Young Boys","YB","9","MINUTE","1","0","0","1.8","KILOMETER","31","KILOMETER_PER_HOUR"
"250174872","50069","26","1999-06-04","20","Kangwa","ZAM","UNKNOWN","MIDFIELDER","MALE","","./image/250174872.jpg","Kings Kangwa","MIDFIELDER","17","Kangwa","149","","Zambie","Milieu","Kings","Kangwa","Kings Kangwa","Kangwa","200147","./assoc/200147_SRB.svg","./logo/50069.png","UEFA","SRB","50069","FAME","Crvena Zvezda","","https://img.uefa.com/imgml/TP/teams/logos/70x70/50069.png","https://img.uefa.com/imgml/TP/teams/logos/240x240/50069.png","250069","ZVE","DOMESTIC_MEN_TEAM_A","","DOMESTIC","Serbie","Crvena Zvezda","FK Crvena Zvezda","ZVE","9","MINUTE","1","0","0","1.54","KILOMETER","23.7","KILOMETER_PER_HOUR"
"250082738","50058","33","1992-05-10","57","Sportiello","ITA","UNKNOWN","GOALKEEPER","MALE","","./image/250082738.jpg","Marco Sportiello","GOALKEEPER","14","Sportiello","200066","","Italie","Gardien","Marco","Sportiello","Marco Sportiello","Sportiello","200066","./assoc/200066_ITA.svg","./logo/50058.png","UEFA","ITA","50058","FAME","Milan","","https://img.uefa.com/imgml/TP/teams/logos/70x70/50058.png","https://img.uefa.com/imgml/TP/teams/logos/240x240/50058.png","250058","MIL","DOMESTIC_MEN_TEAM_A","","DOMESTIC","Italie","Milan","AC Milan","MIL","9","MINUTE","1","0","0","0.99","KILOMETER","21.7","KILOMETER_PER_HOUR"
"250141023","50030","21","2004-04-20","8","Kameri","AUT","UNKNOWN","MIDFIELDER","MALE","","./image/250141023.jpg","Dijon Kameri","MIDFIELDER","10","Kameri","200008","","Autriche","Milieu","Dijon","Kameri","Dijon Kameri","Kameri","200008","./assoc/200008_AUT.svg","./logo/50030.png","UEFA","AUT","50030","FAME","Salzburg","","https://img.uefa.com/imgml/TP/teams/logos/70x70/50030.png","https://img.uefa.com/imgml/TP/teams/logos/240x240/50030.png","250030","SAL","DOMESTIC_MEN_TEAM_A","","DOMESTIC","Autriche","Salzburg","FC Salzburg","SAL","8","MINUTE","1","0","0","1.73","KILOMETER","31.4","KILOMETER_PER_HOUR"
"250056008","50069","31","1994-04-28","32","Degenek","AUS","CENTRE_BACK","DEFENDER","MALE","","./image/250056008.jpg","Miloš Degenek","DEFENDER","2","Degenek","7","","Australie","Défenseur","Miloš","Degenek","Miloš Degenek","Degenek","200147","./assoc/200147_SRB.svg","./logo/50069.png","UEFA","SRB","50069","FAME","Crvena Zvezda","","https://img.uefa.com/imgml/TP/teams/logos/70x70/50069.png","https://img.uefa.com/imgml/TP/teams/logos/240x240/50069.png","250069","ZVE","DOMESTIC_MEN_TEAM_A","","DOMESTIC","Serbie","Crvena Zvezda","FK Crvena Zvezda","ZVE","8","MINUTE","1","0","0","1.23","KILOMETER","29.8","KILOMETER_PER_HOUR"
"250079395","50064","27","1998-02-03","39","F. Navarro","ESP","","FORWARD","MALE","","./image/250079395.jpg","Fran Navarro","FORWARD","9","Navarro Aliaga","300122","","Espagne","Attaquant","","Fran Navarro","Fran Navarro","Fran Navarro","200110","./assoc/200110_POR.svg","./logo/50064.png","UEFA","POR","50064","FAME","Porto","","https://img.uefa.com/imgml/TP/teams/logos/70x70/50064.png","https://img.uefa.com/imgml/TP/teams/logos/240x240/50064.png","250064","POR","DOMESTIC_MEN_TEAM_A","","DOMESTIC","Portugal","Porto","FC Porto","POR","7","MINUTE","1","0","0","1.92","KILOMETER","29.4","KILOMETER_PER_HOUR"
"250177930","77977","21","2004-08-02","6","Kemlein","GER","UNKNOWN","MIDFIELDER","MALE","","./image/250177930.jpg","Aljoscha Kemlein","MIDFIELDER","8","Kemlein","200047","","Allemagne","Milieu","Aljoscha","Kemlein","Aljoscha Kemlein","Kemlein","200047","./assoc/200047_GER.svg","./logo/77977.png","UEFA","GER","77977","FAME","Union Berlin","","https://img.uefa.com/imgml/TP/teams/logos/70x70/77977.png","https://img.uefa.com/imgml/TP/teams/logos/240x240/77977.png","277977","UBE","DOMESTIC_MEN_TEAM_A","","DOMESTIC","Allemagne","Union Berlin","1. FC Union Berlin","UBE","7","MINUTE","1","0","0","1.63","KILOMETER","27.3","KILOMETER_PER_HOUR"
"250147530","50123","25","2000-08-16","16","Olasagasti","ESP","CENTRAL_MIDFIELDER","MIDFIELDER","MALE","","./image/250147530.jpg","Jon Ander Olasagasti","MIDFIELDER","8","Olasagasti Imizcoz","200122","","Espagne","Milieu","Jon Ander","Olasagasti","Jon Ander Olasagasti","Olasagasti","200122","./assoc/200122_ESP.svg","./logo/50123.png","UEFA","ESP","50123","FAME","Real Sociedad","","https://img.uefa.com/imgml/TP/teams/logos/70x70/50123.png","https://img.uefa.com/imgml/TP/teams/logos/240x240/50123.png","250123","RSO","DOMESTIC_MEN_TEAM_A","","DOMESTIC","Espagne","Real Sociedad","Real Sociedad de Fútbol","RSO","7","MINUTE","1","0","0","1.35","KILOMETER","27.8","KILOMETER_PER_HOUR"
"250068973","50064","28","1997-06-30","29","López","ESP","UNKNOWN","FORWARD","MALE","","./image/250068973.jpg","Toni Martínez","FORWARD","17","Antonio","400122","","Espagne","Attaquant","","Toni Martínez","Toni Martínez","Toni Martínez","200110","./assoc/200110_POR.svg","./logo/50064.png","UEFA","POR","50064","FAME","Porto","","https://img.uefa.com/imgml/TP/teams/logos/70x70/50064.png","https://img.uefa.com/imgml/TP/teams/logos/240x240/50064.png","250064","POR","DOMESTIC_MEN_TEAM_A","","DOMESTIC","Portugal","Porto","FC Porto","POR","6","MINUTE","2","0","0","1.03","KILOMETER","27.9","KILOMETER_PER_HOUR"
"250082625","52707","28","1997-07-16","9","Shved","UKR","WINGER","MIDFIELDER","MALE","","./image/250082625.jpg","Marian Shved","FORWARD","8","Shved","57166","","Ukraine","Milieu","Marian","Shved","Marian Shved","Shved","257166","./assoc/257166_UKR.svg","./logo/52707.png","UEFA","UKR","52707","FAME","Shakhtar","","https://img.uefa.com/imgml/TP/teams/logos/70x70/52707.png","https://img.uefa.com/imgml/TP/teams/logos/240x240/52707.png","252707","SHK","DOMESTIC_MEN_TEAM_A","","DOMESTIC","Ukraine","Shakhtar","FC Shakhtar Donetsk","SHK","4","MINUTE","2","0","0","1.5","KILOMETER","28","KILOMETER_PER_HOUR"
"98796","52336","37","1988-04-02","88","Castro","POR","CENTRAL_MIDFIELDER","MIDFIELDER","MALE","","./image/98796.jpg","André Castro","MIDFIELDER","8","Castro","","","Portugal","Milieu","","André Castro","André Castro","André Castro","200110","./assoc/200110_POR.svg","./logo/52336.png","UEFA","POR","52336","FAME","Braga","","https://img.uefa.com/imgml/TP/teams/logos/70x70/52336.png","https://img.uefa.com/imgml/TP/teams/logos/240x240/52336.png","252336","BRA","DOMESTIC_MEN_TEAM_A","","DOMESTIC","Portugal","Braga","SC Braga","BRA","4","MINUTE","1","1","0","1.23","KILOMETER","28.5","KILOMETER_PER_HOUR"
"250086316","52280","32","1993-06-13","16","T. Partey","GHA","DEFENSIVE_MIDFIELDER","MIDFIELDER","MALE","185","./image/250086316.jpg","Thomas Partey","MIDFIELDER","5","Partey","48","73","Ghana","Milieu","Thomas","Partey","Thomas Partey","Partey","200039","./assoc/200039_ENG.svg","./logo/52280.png","UEFA","ENG","52280","FAME","Arsenal","","https://img.uefa.com/imgml/TP/teams/logos/70x70/52280.png","https://img.uefa.com/imgml/TP/teams/logos/240x240/52280.png","252280","ARS","DOMESTIC_MEN_TEAM_A","","DOMESTIC","Angleterre","Arsenal","Arsenal FC","ARS","4","MINUTE","1","0","0","1.28","KILOMETER","24.4","KILOMETER_PER_HOUR"
"250153412","50037","22","2003-01-14","13","Krätzig","GER","UNKNOWN","DEFENDER","MALE","","./image/250153412.jpg","Frans Krätzig","DEFENDER","13","Krätzig","200047","","Allemagne","Défenseur","Frans","Krätzig","Frans Krätzig","Krätzig","200047","./assoc/200047_GER.svg","./logo/50037.png","UEFA","GER","50037","FAME","Bayern München","","https://img.uefa.com/imgml/TP/teams/logos/70x70/50037.png","https://img.uefa.com/imgml/TP/teams/logos/240x240/50037.png","250037","BAY","DOMESTIC_MEN_TEAM_A","","DOMESTIC","Allemagne","Bayern München","FC Bayern München","BAY","4","MINUTE","1","0","0","1.17","KILOMETER","26.9","KILOMETER_PER_HOUR"
"250124296","50136","25","2000-10-03","59","Zanoli","ITA","UNKNOWN","DEFENDER","MALE","","./image/250124296.jpg","Alessandro Zanoli","DEFENDER","2","Zanoli","200066","","Italie","Défenseur","Alessandro","Zanoli","Alessandro Zanoli","Zanoli","200066","./assoc/200066_ITA.svg","./logo/50136.png","UEFA","ITA","50136","FAME","Napoli","","https://img.uefa.com/imgml/TP/teams/logos/70x70/50136.png","https://img.uefa.com/imgml/TP/teams/logos/240x240/50136.png","250136","NAP","DOMESTIC_MEN_TEAM_A","","DOMESTIC","Italie","Napoli","SSC Napoli","NAP","3","MINUTE","1","0","0","1.28","KILOMETER","33.4","KILOMETER_PER_HOUR"
"250042514","52336","29","1995-12-28","29","Rony Lopes","POR","WINGER","FORWARD","MALE","174","./image/250042514.jpg","Rony Lopes","MIDFIELDER","10","Rony Lopes","110","68","Portugal","Attaquant","","Rony Lopes","Rony Lopes","Rony Lopes","200110","./assoc/200110_POR.svg","./logo/52336.png","UEFA","POR","52336","FAME","Braga","","https://img.uefa.com/imgml/TP/teams/logos/70x70/52336.png","https://img.uefa.com/imgml/TP/teams/logos/240x240/52336.png","252336","BRA","DOMESTIC_MEN_TEAM_A","","DOMESTIC","Portugal","Braga","SC Braga","BRA","2","MINUTE","1","0","0","1.11","KILOMETER","31.6","KILOMETER_PER_HOUR"
"250177381","50058","19","2005-12-29","35","Bartesaghi","ITA","UNKNOWN","DEFENDER","MALE","","./image/250177381.jpg","Davide Bartesaghi","DEFENDER","13","Bartesaghi","200066","","Italie","Défenseur","Davide","Bartesaghi","Davide Bartesaghi","Bartesaghi","200066","./assoc/200066_ITA.svg","./logo/50058.png","UEFA","ITA","50058","FAME","Milan","","https://img.uefa.com/imgml/TP/teams/logos/70x70/50058.png","https://img.uefa.com/imgml/TP/teams/logos/240x240/50058.png","250058","MIL","DOMESTIC_MEN_TEAM_A","","DOMESTIC","Italie","Milan","AC Milan","MIL","2","MINUTE","1","0","0","0.93","KILOMETER","27.5","KILOMETER_PER_HOUR"
"250193521","50123","23","2002-07-23","19","Aramburu","VEN","","DEFENDER","MALE","","./image/250193521.jpg","Jon Aramburu","DEFENDER","","Aramburu","142","","Vénézuéla","Défenseur","Jon","Aramburu","Jon Aramburu","Aramburu","200122","./assoc/200122_ESP.svg","./logo/50123.png","UEFA","ESP","50123","FAME","Real Sociedad","","https://img.uefa.com/imgml/TP/teams/logos/70x70/50123.png","https://img.uefa.com/imgml/TP/teams/logos/240x240/50123.png","250123","RSO","DOMESTIC_MEN_TEAM_A","","DOMESTIC","Espagne","Real Sociedad","Real Sociedad de Fútbol","RSO","2","MINUTE","1","0","0","0.85","KILOMETER","27.4","KILOMETER_PER_HOUR"
"250177819","52919","20","2005-09-21","56","Wright","ENG","","MIDFIELDER","MALE","","./image/250177819.jpg","Jacob Wright","MIDFIELDER","","Wright","","","Angleterre","Milieu","Jacob","Wright","Jacob Wright","Wright","200039","./assoc/200039_ENG.svg","./logo/52919.png","UEFA","ENG","52919","FAME","Man City","","https://img.uefa.com/imgml/TP/teams/logos/70x70/52919.png","https://img.uefa.com/imgml/TP/teams/logos/240x240/52919.png","252919","MCI","DOMESTIC_MEN_TEAM_A","","DOMESTIC","Angleterre","Man City","Manchester City","MCI","2","MINUTE","1","0","0","0.82","KILOMETER","25.8","KILOMETER_PER_HOUR"
"250127024","50062","23","2002-08-07","35","Oppegård","NOR","FULL_BACK","DEFENDER","MALE","","./image/250127024.jpg","Fredrik Oppegård","DEFENDER","18","Oppegård","200101","","Norvège","Défenseur","Fredrik","Oppegård","Fredrik Oppegård","Oppegård","200095","./assoc/200095_NED.svg","./logo/50062.png","UEFA","NED","50062","FAME","PSV","","https://img.uefa.com/imgml/TP/teams/logos/70x70/50062.png","https://img.uefa.com/imgml/TP/teams/logos/240x240/50062.png","250062","PSV","DOMESTIC_MEN_TEAM_A","","DOMESTIC","Pays-Bas","PSV","PSV Eindhoven","PSV","1","MINUTE","1","0","0","0.96","KILOMETER","26.7","KILOMETER_PER_HOUR"
"250102497","59324","27","1997-12-09","11","Barnes","ENG","WINGER","FORWARD","MALE","","./image/250102497.jpg","Harvey Barnes","MIDFIELDER","17","Barnes","39","","Angleterre","Attaquant","Harvey","Barnes","Harvey Barnes","Barnes","200039","./assoc/200039_ENG.svg","./logo/59324.png","UEFA","ENG","59324","FAME","Newcastle","","https://img.uefa.com/imgml/TP/teams/logos/70x70/59324.png","https://img.uefa.com/imgml/TP/teams/logos/240x240/59324.png","259324","NEW","DOMESTIC_MEN_TEAM_A","","DOMESTIC","Angleterre","Newcastle","Newcastle United FC","NEW","1","MINUTE","1","0","0","0.73","KILOMETER","29.5","KILOMETER_PER_HOUR"
"108509","50058","36","1989-03-26","24","Kjær","DEN","CENTRE_BACK","DEFENDER","MALE","189","./image/108509.jpg","Simon Kjær","DEFENDER","4","Kjær","35","82","Danemark","Défenseur","Simon","Kjær","Simon Kjær","Kjær","200066","./assoc/200066_ITA.svg","./logo/50058.png","UEFA","ITA","50058","FAME","Milan","","https://img.uefa.com/imgml/TP/teams/logos/70x70/50058.png","https://img.uefa.com/imgml/TP/teams/logos/240x240/50058.png","250058","MIL","DOMESTIC_MEN_TEAM_A","","DOMESTIC","Italie","Milan","AC Milan","MIL","1","MINUTE","1","0","0","0.5","KILOMETER","25.5","KILOMETER_PER_HOUR"
"250102420","50136","25","2000-05-26","26","Ngonge","BEL","STRIKER","FORWARD","MALE","","./image/250102420.jpg","Cyril Ngonge","FORWARD","22","Ngonge","13","","Belgique","Attaquant","Cyril","Ngonge","Cyril Ngonge","Ngonge","200066","./assoc/200066_ITA.svg","./logo/50136.png","UEFA","ITA","50136","FAME","Napoli","","https://img.uefa.com/imgml/TP/teams/logos/70x70/50136.png","https://img.uefa.com/imgml/TP/teams/logos/240x240/50136.png","250136","NAP","DOMESTIC_MEN_TEAM_A","","DOMESTIC","Italie","Napoli","SSC Napoli","NAP","1","MINUTE","1","0","0","0.37","KILOMETER","31.1","KILOMETER_PER_HOUR"
"250129831","50124","22","2003-02-27","27","KOSTIS","GRE","UNKNOWN","DEFENDER","MALE","","./image/250129831.jpg","Ilias Kostis","DEFENDER","4","Kostis","200049","","Grèce","Défenseur","Ilias","Kostis","Ilias Kostis","Kostis","200122","./assoc/200122_ESP.svg","./logo/50124.png","UEFA","ESP","50124","FAME","Atleti","","https://img.uefa.com/imgml/TP/teams/logos/70x70/50124.png","https://img.uefa.com/imgml/TP/teams/logos/240x240/50124.png","250124","ATM","DOMESTIC_MEN_TEAM_A","","DOMESTIC","Espagne","Atleti","Atlético de Madrid","ATM","1","MINUTE","1","0","0","0.27","KILOMETER","28.9","KILOMETER_PER_HOUR"
"250024341","52336","33","1992-01-08","15","P. Oliveira","POR","CENTRE_BACK","DEFENDER","MALE","187","./image/250024341.jpg","Paulo Oliveira","DEFENDER","2","P.Oliveira","110","80","Portugal","Défenseur","Paulo","Oliveira","Paulo Oliveira","Paulo Oliveira","200110","./assoc/200110_POR.svg","./logo/52336.png","UEFA","POR","52336","FAME","Braga","","https://img.uefa.com/imgml/TP/teams/logos/70x70/52336.png","https://img.uefa.com/imgml/TP/teams/logos/240x240/52336.png","252336","BRA","DOMESTIC_MEN_TEAM_A","","DOMESTIC","Portugal","Braga","SC Braga","BRA","","","","","","0.57","KILOMETER","26.5","KILOMETER_PER_HOUR"
"250163409","50138","20","2005-08-03","25","Stanković","SRB","UNKNOWN","MIDFIELDER","MALE","","./image/250163409.jpg","Aleksandar Stanković","MIDFIELDER","7","Stanković","147","","Serbie","Milieu","Aleksandar","Stanković","Aleksandar Stanković","Stanković","200066","./assoc/200066_ITA.svg","./logo/50138.png","UEFA","ITA","50138","FAME","Inter","","https://img.uefa.com/imgml/TP/teams/logos/70x70/50138.png","https://img.uefa.com/imgml/TP/teams/logos/240x240/50138.png","250138","INT","DOMESTIC_MEN_TEAM_A","","DOMESTIC","Italie","Inter","FC Internazionale Milano","INT","","","","","","0.09","KILOMETER","21.1","KILOMETER_PER_HOUR"
"250081666","52277","27","1998-07-06","20","Maouassa","FRA","FULL_BACK","DEFENDER","MALE","","./image/250081666.jpg","Faitout Maouassa","DEFENDER","21","Maouassa","200043","","France","Défenseur","Faitout","Maouassa","Faitout Maouassa","Maouassa","200043","./assoc/200043_FRA.svg","./logo/52277.png","UEFA","FRA","52277","FAME","Lens","","https://img.uefa.com/imgml/TP/teams/logos/70x70/52277.png","https://img.uefa.com/imgml/TP/teams/logos/240x240/52277.png","252277","LEN","DOMESTIC_MEN_TEAM_A","","DOMESTIC","France","Lens","RC Lens","LEN","","","","","","0.08","KILOMETER","23.2","KILOMETER_PER_HOUR"
"250187061","52707","21","2004-03-24","21","Castillo","ECU","UNKNOWN","MIDFIELDER","MALE","","./image/250187061.jpg","Denil Castillo","MIDFIELDER","","Castillo","","","Équateur","Milieu","Denil","Castillo","Denil Castillo","Castillo","257166","./assoc/257166_UKR.svg","./logo/52707.png","UEFA","UKR","52707","FAME","Shakhtar","","https://img.uefa.com/imgml/TP/teams/logos/70x70/52707.png","https://img.uefa.com/imgml/TP/teams/logos/240x240/52707.png","252707","SHK","DOMESTIC_MEN_TEAM_A","","DOMESTIC","Ukraine","Shakhtar","FC Shakhtar Donetsk","SHK","","","","","","0","KILOMETER","11.3","KILOMETER_PER_HOUR"
"250163024","50138","21","2004-08-02","10","Kamate","FRA","","MIDFIELDER","MALE","","./image/250163024.jpg","Issiaka Kamate","MIDFIELDER","","Kamate","","","France","Milieu","Issiaka","Kamate","Issiaka Kamate","Kamate","200066","./assoc/200066_ITA.svg","./logo/50138.png","UEFA","ITA","50138","FAME","Inter","","https://img.uefa.com/imgml/TP/teams/logos/70x70/50138.png","https://img.uefa.com/imgml/TP/teams/logos/240x240/50138.png","250138","INT","DOMESTIC_MEN_TEAM_A","","DOMESTIC","Italie","Inter","FC Internazionale Milano","INT","","","","","","0","KILOMETER","3.9","KILOMETER_PER_HOUR"
"1909059","50064","33","1991-11-16","14","Claudio R.","POR","UNKNOWN","GOALKEEPER","MALE","","./image/1909059.jpg","Cláudio Ramos","GOALKEEPER","12","Cláudio R.","110","","Portugal","Gardien","","Cláudio Ramos","Cláudio Ramos","Cláudio Ramos","200110","./assoc/200110_POR.svg","./logo/50064.png","UEFA","POR","50064","FAME","Porto","","https://img.uefa.com/imgml/TP/teams/logos/70x70/50064.png","https://img.uefa.com/imgml/TP/teams/logos/240x240/50064.png","250064","POR","DOMESTIC_MEN_TEAM_A","","DOMESTIC","Portugal","Porto","FC Porto","POR","","","","","","0","KILOMETER","2.4","KILOMETER_PER_HOUR"
"250004261","52709","32","1993-02-08","5","Khocholava","GEO","CENTRE_BACK","DEFENDER","MALE","192","./image/250004261.jpg","David Khocholava","DEFENDER","3","Khocholava","57157","80","Géorgie","Défenseur","David","Khocholava","David Khocholava","Khocholava","200035","./assoc/200035_DEN.svg","./logo/52709.png","UEFA","DEN","52709","FAME","Copenhagen","","https://img.uefa.com/imgml/TP/teams/logos/70x70/52709.png","https://img.uefa.com/imgml/TP/teams/logos/240x240/52709.png","252709","CPH","DOMESTIC_MEN_TEAM_A","","DOMESTIC","Danemark","Copenhagen","F.C. Copenhagen","CPH","","","","","","0","KILOMETER","2.21","KILOMETER_PER_HOUR"
"69582","52682","39","1986-04-15","22","Heaton","ENG","GOALKEEPER","GOALKEEPER","MALE","188","./image/69582.jpg","Tom Heaton","GOALKEEPER","23","Heaton","39","85","Angleterre","Gardien","Tom","Heaton","Tom Heaton","Heaton","200039","./assoc/200039_ENG.svg","./logo/52682.png","UEFA","ENG","52682","FAME","Man Utd","","https://img.uefa.com/imgml/TP/teams/logos/70x70/52682.png","https://img.uefa.com/imgml/TP/teams/logos/240x240/52682.png","252682","MUN","DOMESTIC_MEN_TEAM_A","","DOMESTIC","Angleterre","Man Utd","Manchester United","MUN","","","","","","","","",""
"69178","52919","40","1985-09-03","33","Carson","ENG","UNKNOWN","GOALKEEPER","MALE","190","./image/69178.jpg","Scott Carson","GOALKEEPER","1","Carson","","86","Angleterre","Gardien","Scott","Carson","Scott Carson","Carson","200039","./assoc/200039_ENG.svg","./logo/52919.png","UEFA","ENG","52919","FAME","Man City","","https://img.uefa.com/imgml/TP/teams/logos/70x70/52919.png","https://img.uefa.com/imgml/TP/teams/logos/240x240/52919.png","252919","MCI","DOMESTIC_MEN_TEAM_A","","DOMESTIC","Angleterre","Man City","Manchester City","MCI","","","","","","","","",""
"68335","52707","38","1986-11-07","19","CHYGRYNSKYY","UKR","CENTRE_BACK","DEFENDER","MALE","190","./image/68335.jpg","Dmytro Chygrynskiy","DEFENDER","40","CHYGRYNSKYY","57166","81","Ukraine","Défenseur","Dmytro","Chygrynskiy","Dmytro Chygrynskiy","Chygrynskiy","257166","./assoc/257166_UKR.svg","./logo/52707.png","UEFA","UKR","52707","FAME","Shakhtar","","https://img.uefa.com/imgml/TP/teams/logos/70x70/52707.png","https://img.uefa.com/imgml/TP/teams/logos/240x240/52707.png","252707","SHK","DOMESTIC_MEN_TEAM_A","","DOMESTIC","Ukraine","Shakhtar","FC Shakhtar Donetsk","SHK","","","","","","","","",""
"63838","50058","42","1983-07-08","83","Mirante","ITA","GOALKEEPER","GOALKEEPER","MALE","","./image/63838.jpg","Antonio Mirante","GOALKEEPER","","Mirante","66","","Italie","Gardien","Antonio","Mirante","Antonio Mirante","Mirante","200066","./assoc/200066_ITA.svg","./logo/50058.png","UEFA","ITA","50058","FAME","Milan","","https://img.uefa.com/imgml/TP/teams/logos/70x70/50058.png","https://img.uefa.com/imgml/TP/teams/logos/240x240/50058.png","250058","MIL","DOMESTIC_MEN_TEAM_A","","DOMESTIC","Italie","Milan","AC Milan","MIL","","","","","","","","",""
"52563","50062","41","1984-01-24","24","Waterman","NED","GOALKEEPER","GOALKEEPER","MALE","188","./image/52563.jpg","Boy Waterman","GOALKEEPER","1","Waterman","","80","Pays-Bas","Gardien","Boy","Waterman","Boy Waterman","Waterman","200095","./assoc/200095_NED.svg","./logo/50062.png","UEFA","NED","50062","FAME","PSV","","https://img.uefa.com/imgml/TP/teams/logos/70x70/50062.png","https://img.uefa.com/imgml/TP/teams/logos/240x240/50062.png","250062","PSV","DOMESTIC_MEN_TEAM_A","","DOMESTIC","Pays-Bas","PSV","PSV Eindhoven","PSV","","","","","","","","",""
"250193542","50064","28","1997-06-06","3","Zé Pedro","POR","","DEFENDER","MALE","","./image/250193542.jpg","Zé Pedro","DEFENDER","","Zé Pedro","","","Portugal","Défenseur","","Zé Pedro","Zé Pedro","Zé Pedro","200110","./assoc/200110_POR.svg","./logo/50064.png","UEFA","POR","50064","FAME","Porto","","https://img.uefa.com/imgml/TP/teams/logos/70x70/50064.png","https://img.uefa.com/imgml/TP/teams/logos/240x240/50064.png","250064","POR","DOMESTIC_MEN_TEAM_A","","DOMESTIC","Portugal","Porto","FC Porto","POR","","","","","","","","",""
"250193528","50037","24","2001-09-09","15","BRYAN","ESP","UNKNOWN","FORWARD","MALE","","./image/250193528.jpg","Bryan Zaragoza","FORWARD","15","Zaragoza Martinez","122","","Espagne","Attaquant","Bryan","Zaragoza","Bryan Zaragoza","Zaragoza","200047","./assoc/200047_GER.svg","./logo/50037.png","UEFA","GER","50037","FAME","Bayern München","","https://img.uefa.com/imgml/TP/teams/logos/70x70/50037.png","https://img.uefa.com/imgml/TP/teams/logos/240x240/50037.png","250037","BAY","DOMESTIC_MEN_TEAM_A","","DOMESTIC","Allemagne","Bayern München","FC Bayern München","BAY","","","","","","","","",""
"250193497","50124","27","1998-01-20","1","MOLDOVAN","ROU","UNKNOWN","GOALKEEPER","MALE","","./image/250193497.jpg","Horațiu Moldovan","GOALKEEPER","12","Moldovan","113","","Roumanie","Gardien","Horațiu","Moldovan","Horațiu Moldovan","Moldovan","200122","./assoc/200122_ESP.svg","./logo/50124.png","UEFA","ESP","50124","FAME","Atleti","","https://img.uefa.com/imgml/TP/teams/logos/70x70/50124.png","https://img.uefa.com/imgml/TP/teams/logos/240x240/50124.png","250124","ATM","DOMESTIC_MEN_TEAM_A","","DOMESTIC","Espagne","Atleti","Atlético de Madrid","ATM","","","","","","","","",""
"250193460","50080","20","2005-02-28","8","VITOR ROQUE","BRA","UNKNOWN","FORWARD","MALE","","./image/250193460.jpg","Vitor Roque","FORWARD","","Roque","","","Brésil","Attaquant","Vitor","Roque","Vitor Roque","Roque","200122","./assoc/200122_ESP.svg","./logo/50080.png","UEFA","ESP","50080","FAME","Barcelona","","https://img.uefa.com/imgml/TP/teams/logos/70x70/50080.png","https://img.uefa.com/imgml/TP/teams/logos/240x240/50080.png","250080","BAR","DOMESTIC_MEN_TEAM_A","","DOMESTIC","Espagne","Barcelona","FC Barcelona","BAR","","","","","","","","",""
"250191075","59324","21","2003-12-02","55","Ndiweni","ENG","","FORWARD","MALE","","./image/250191075.jpg","Michael Ndiweni","FORWARD","","Ndiweni","","","Angleterre","Attaquant","Michael","Ndiweni","Michael Ndiweni","Ndiweni","200039","./assoc/200039_ENG.svg","./logo/59324.png","UEFA","ENG","59324","FAME","Newcastle","","https://img.uefa.com/imgml/TP/teams/logos/70x70/59324.png","https://img.uefa.com/imgml/TP/teams/logos/240x240/59324.png","259324","NEW","DOMESTIC_MEN_TEAM_A","","DOMESTIC","Angleterre","Newcastle","Newcastle United FC","NEW","","","","","","","","",""
"250191059","52277","22","2003-06-18","34","Pouilly","FRA","","MIDFIELDER","MALE","","./image/250191059.jpg","Tom Pouilly","MIDFIELDER","","Pouilly","","","France","Milieu","Tom","Pouilly","Tom Pouilly","Pouilly","200043","./assoc/200043_FRA.svg","./logo/52277.png","UEFA","FRA","52277","FAME","Lens","","https://img.uefa.com/imgml/TP/teams/logos/70x70/52277.png","https://img.uefa.com/imgml/TP/teams/logos/240x240/52277.png","252277","LEN","DOMESTIC_MEN_TEAM_A","","DOMESTIC","France","Lens","RC Lens","LEN","","","","","","","","",""
"250190826","52973","19","2005-11-23","15","Duțu","ROU","","DEFENDER","MALE","","./image/250190826.jpg","Matteo Duțu","DEFENDER","3","Duțu","200113","","Roumanie","Défenseur","Matteo","Duțu","Matteo Duțu","Duțu","200066","./assoc/200066_ITA.svg","./logo/52973.png","UEFA","ITA","52973","FAME","Lazio","","https://img.uefa.com/imgml/TP/teams/logos/70x70/52973.png","https://img.uefa.com/imgml/TP/teams/logos/240x240/52973.png","252973","LAZ","DOMESTIC_MEN_TEAM_A","","DOMESTIC","Italie","Lazio","S.S. Lazio","LAZ","","","","","","","","",""
"250190817","52973","21","2004-01-10","10","Napolitano","ITA","","MIDFIELDER","MALE","","./image/250190817.jpg","Luca Napolitano","MIDFIELDER","","Napolitano","","","Italie","Milieu","Luca","Napolitano","Luca Napolitano","Napolitano","200066","./assoc/200066_ITA.svg","./logo/52973.png","UEFA","ITA","52973","FAME","Lazio","","https://img.uefa.com/imgml/TP/teams/logos/70x70/52973.png","https://img.uefa.com/imgml/TP/teams/logos/240x240/52973.png","252973","LAZ","DOMESTIC_MEN_TEAM_A","","DOMESTIC","Italie","Lazio","S.S. Lazio","LAZ","","","","","","","","",""
"250190699","50113","19","2005-12-07","18","","BEL","","DEFENDER","MALE","","./image/250190699.jpg","Eran Tuypens","DEFENDER","","Tuypens","","","Belgique","Défenseur","Eran","Tuypens","Eran Tuypens","Tuypens","200013","./assoc/200013_BEL.svg","./logo/50113.png","UEFA","BEL","50113","FAME","Antwerp","","https://img.uefa.com/imgml/TP/teams/logos/70x70/50113.png","https://img.uefa.com/imgml/TP/teams/logos/240x240/50113.png","250113","ANT","DOMESTIC_MEN_TEAM_A","","DOMESTIC","Belgique","Antwerp","Royal Antwerp FC","ANT","","","","","","","","",""
"250190256","59324","18","2006-10-20","59","Harrison","ENG","","GOALKEEPER","MALE","","./image/250190256.jpg","Adam Harrison","GOALKEEPER","","","","","Angleterre","Gardien","Adam","Harrison","Adam Harrison","Harrison","200039","./assoc/200039_ENG.svg","./logo/59324.png","UEFA","ENG","59324","FAME","Newcastle","","https://img.uefa.com/imgml/TP/teams/logos/70x70/59324.png","https://img.uefa.com/imgml/TP/teams/logos/240x240/59324.png","259324","NEW","DOMESTIC_MEN_TEAM_A","","DOMESTIC","Angleterre","Newcastle","Newcastle United FC","NEW","","","","","","","","",""
"250190255","59324","18","2006-12-16","84","Harris","ENG","","GOALKEEPER","MALE","","./image/250190255.jpg","Aidan Harris","GOALKEEPER","","","","","Angleterre","Gardien","Aidan","Harris","Aidan Harris","Harris","200039","./assoc/200039_ENG.svg","./logo/59324.png","UEFA","ENG","59324","FAME","Newcastle","","https://img.uefa.com/imgml/TP/teams/logos/70x70/59324.png","https://img.uefa.com/imgml/TP/teams/logos/240x240/59324.png","259324","NEW","DOMESTIC_MEN_TEAM_A","","DOMESTIC","Angleterre","Newcastle","Newcastle United FC","NEW","","","","","","","","",""
"250190041","59324","21","2004-03-02","58","","ENG","","MIDFIELDER","MALE","","./image/250190041.jpg","James Huntley","MIDFIELDER","","Huntley","","","Angleterre","Milieu","James","Huntley","James Huntley","Huntley","200039","./assoc/200039_ENG.svg","./logo/59324.png","UEFA","ENG","59324","FAME","Newcastle","","https://img.uefa.com/imgml/TP/teams/logos/70x70/59324.png","https://img.uefa.com/imgml/TP/teams/logos/240x240/59324.png","259324","NEW","DOMESTIC_MEN_TEAM_A","","DOMESTIC","Angleterre","Newcastle","Newcastle United FC","NEW","","","","","","","","",""
"250189295","52280","19","2006-09-22","26","Heaven","ENG","CENTRE_BACK","DEFENDER","MALE","","./image/250189295.jpg","Ayden Heaven","DEFENDER","","Heaven","","","Angleterre","Défenseur","Ayden","Heaven","Ayden Heaven","Heaven","200039","./assoc/200039_ENG.svg","./logo/52280.png","UEFA","ENG","52280","FAME","Arsenal","","https://img.uefa.com/imgml/TP/teams/logos/70x70/52280.png","https://img.uefa.com/imgml/TP/teams/logos/240x240/52280.png","252280","ARS","DOMESTIC_MEN_TEAM_A","","DOMESTIC","Angleterre","Arsenal","Arsenal FC","ARS","","","","","","","","",""
"250189163","50124","26","1999-01-13","40","Guerrero","ESP","","MIDFIELDER","MALE","","./image/250189163.jpg","Sergio Guerrero","MIDFIELDER","","S. GUERRERO","","","Espagne","Milieu","Sergio","Guerrero","Sergio Guerrero","Guerrero","200122","./assoc/200122_ESP.svg","./logo/50124.png","UEFA","ESP","50124","FAME","Atleti","","https://img.uefa.com/imgml/TP/teams/logos/70x70/50124.png","https://img.uefa.com/imgml/TP/teams/logos/240x240/50124.png","250124","ATM","DOMESTIC_MEN_TEAM_A","","DOMESTIC","Espagne","Atleti","Atlético de Madrid","ATM","","","","","","","","",""
"250189153","50124","25","2000-06-22","36","Calatrava","ESP","","FORWARD","MALE","","./image/250189153.jpg","Álex Calatrava","FORWARD","","CALA","","","Espagne","Attaquant","Álex","Calatrava","Álex Calatrava","Calatrava","200122","./assoc/200122_ESP.svg","./logo/50124.png","UEFA","ESP","50124","FAME","Atleti","","https://img.uefa.com/imgml/TP/teams/logos/70x70/50124.png","https://img.uefa.com/imgml/TP/teams/logos/240x240/50124.png","250124","ATM","DOMESTIC_MEN_TEAM_A","","DOMESTIC","Espagne","Atleti","Atlético de Madrid","ATM","","","","","","","","",""
"250189110","52747","18","2006-12-29","8","E.MBAPPE","FRA","UNKNOWN","MIDFIELDER","MALE","","./image/250189110.jpg","Ethan Mbappé","MIDFIELDER","","E. Mbappé","","","France","Milieu","Ethan","Mbappé","Ethan Mbappé","Mbappé","200043","./assoc/200043_FRA.svg","./logo/52747.png","UEFA","FRA","52747","FAME","Paris","","https://img.uefa.com/imgml/TP/teams/logos/70x70/52747.png","https://img.uefa.com/imgml/TP/teams/logos/240x240/52747.png","252747","PSG","DOMESTIC_MEN_TEAM_A","","DOMESTIC","France","Paris","Paris Saint-Germain","PSG","","","","","","","","",""
"250188421","50113","19","2006-05-18","9","","BEL","UNKNOWN","MIDFIELDER","MALE","","./image/250188421.jpg","Milo Horemans","MIDFIELDER","","Horemans","","","Belgique","Milieu","Milo","Horemans","Milo Horemans","Horemans","200013","./assoc/200013_BEL.svg","./logo/50113.png","UEFA","BEL","50113","FAME","Antwerp","","https://img.uefa.com/imgml/TP/teams/logos/70x70/50113.png","https://img.uefa.com/imgml/TP/teams/logos/240x240/50113.png","250113","ANT","DOMESTIC_MEN_TEAM_A","","DOMESTIC","Belgique","Antwerp","Royal Antwerp FC","ANT","","","","","","","","",""
"250188419","50113","20","2004-11-13","8","Smits","BEL","UNKNOWN","MIDFIELDER","MALE","","./image/250188419.jpg","Milan Smits","MIDFIELDER","","Smits","","","Belgique","Milieu","Milan","Smits","Milan Smits","Smits","200013","./assoc/200013_BEL.svg","./logo/50113.png","UEFA","BEL","50113","FAME","Antwerp","","https://img.uefa.com/imgml/TP/teams/logos/70x70/50113.png","https://img.uefa.com/imgml/TP/teams/logos/240x240/50113.png","250113","ANT","DOMESTIC_MEN_TEAM_A","","DOMESTIC","Belgique","Antwerp","Royal Antwerp FC","ANT","","","","","","","","",""
"250187707","50050","26","1999-04-19","90","M. Johnston","IRL","","FORWARD","MALE","","./image/250187707.jpg","Mikey Johnston","FORWARD","","Johnston","","","Eire","Attaquant","Mikey","Johnston","Mikey Johnston","M. Johnston","200117","./assoc/200117_SCO.svg","./logo/50050.png","UEFA","SCO","50050","FAME","Celtic","","https://img.uefa.com/imgml/TP/teams/logos/70x70/50050.png","https://img.uefa.com/imgml/TP/teams/logos/240x240/50050.png","250050","CEL","DOMESTIC_MEN_TEAM_A","","DOMESTIC","Écosse","Celtic","Celtic FC","CEL","","","","","","","","",""
"250187699","52277","20","2005-02-02","11","Sishuba","BEL","UNKNOWN","FORWARD","MALE","","./image/250187699.jpg","Ayanda Sishuba","FORWARD","10","Sishuba","300013","","Belgique","Attaquant","Ayanda","Sishuba","Ayanda Sishuba","Sishuba","200043","./assoc/200043_FRA.svg","./logo/52277.png","UEFA","FRA","52277","FAME","Lens","","https://img.uefa.com/imgml/TP/teams/logos/70x70/52277.png","https://img.uefa.com/imgml/TP/teams/logos/240x240/52277.png","252277","LEN","DOMESTIC_MEN_TEAM_A","","DOMESTIC","France","Lens","RC Lens","LEN","","","","","","","","",""
"250187682","59324","20","2005-03-10","40","Parkinson","ENG","UNKNOWN","MIDFIELDER","MALE","","./image/250187682.jpg","Ben Parkinson","MIDFIELDER","","Parkinson","","","Angleterre","Milieu","Ben","Parkinson","Ben Parkinson","Parkinson","200039","./assoc/200039_ENG.svg","./logo/59324.png","UEFA","ENG","59324","FAME","Newcastle","","https://img.uefa.com/imgml/TP/teams/logos/70x70/59324.png","https://img.uefa.com/imgml/TP/teams/logos/240x240/59324.png","259324","NEW","DOMESTIC_MEN_TEAM_A","","DOMESTIC","Angleterre","Newcastle","Newcastle United FC","NEW","","","","","","","","",""
"250187681","59324","21","2004-01-14","47","Miley","ENG","","MIDFIELDER","MALE","","./image/250187681.jpg","Jamie Miley","MIDFIELDER","","Miley","","","Angleterre","Milieu","Jamie","Miley","Jamie Miley","Miley","200039","./assoc/200039_ENG.svg","./logo/59324.png","UEFA","ENG","59324","FAME","Newcastle","","https://img.uefa.com/imgml/TP/teams/logos/70x70/59324.png","https://img.uefa.com/imgml/TP/teams/logos/240x240/59324.png","259324","NEW","DOMESTIC_MEN_TEAM_A","","DOMESTIC","Angleterre","Newcastle","Newcastle United FC","NEW","","","","","","","","",""
"250187672","52707","23","2002-07-11","13","Pedro Henrique","BRA","UNKNOWN","DEFENDER","MALE","","./image/250187672.jpg","Pedro Henrique","DEFENDER","","Pedrinho","","","Brésil","Défenseur","","Pedro Henrique","Pedro Henrique","Pedro Henrique","257166","./assoc/257166_UKR.svg","./logo/52707.png","UEFA","UKR","52707","FAME","Shakhtar","","https://img.uefa.com/imgml/TP/teams/logos/70x70/52707.png","https://img.uefa.com/imgml/TP/teams/logos/240x240/52707.png","252707","SHK","DOMESTIC_MEN_TEAM_A","","DOMESTIC","Ukraine","Shakhtar","FC Shakhtar Donetsk","SHK","","","","","","","","",""
"250187575","52758","23","2002-09-18","45","Bueno Lopez","ESP","","DEFENDER","MALE","","./image/250187575.jpg","Guillermo Bueno","DEFENDER","","Bueno","","","Espagne","Défenseur","Guillermo","Bueno","Guillermo Bueno","Bueno","200047","./assoc/200047_GER.svg","./logo/52758.png","UEFA","GER","52758","FAME","B. Dortmund","","https://img.uefa.com/imgml/TP/teams/logos/70x70/52758.png","https://img.uefa.com/imgml/TP/teams/logos/240x240/52758.png","252758","BVB","DOMESTIC_MEN_TEAM_A","","DOMESTIC","Allemagne","B. Dortmund","Borussia Dortmund","BVB","","","","","","","","",""
"250186151","52714","26","1999-02-16","2","F. Gattoni","ARG","","DEFENDER","MALE","","./image/250186151.jpg","Federico Gattoni","DEFENDER","","Gattoni","","","Argentine","Défenseur","Federico","Gattoni","Federico Gattoni","Gattoni","200122","./assoc/200122_ESP.svg","./logo/52714.png","UEFA","ESP","52714","FAME","Sevilla","","https://img.uefa.com/imgml/TP/teams/logos/70x70/52714.png","https://img.uefa.com/imgml/TP/teams/logos/240x240/52714.png","252714","SEV","DOMESTIC_MEN_TEAM_A","","DOMESTIC","Espagne","Sevilla","Sevilla FC","SEV","","","","","","","","",""
"250186124","52277","24","2001-05-01","40","Pandor","COM","","GOALKEEPER","MALE","","./image/250186124.jpg","Yannick Pandor","GOALKEEPER","16","Pandor","94084","","Comores","Gardien","Yannick","Pandor","Yannick Pandor","Pandor","200043","./assoc/200043_FRA.svg","./logo/52277.png","UEFA","FRA","52277","FAME","Lens","","https://img.uefa.com/imgml/TP/teams/logos/70x70/52277.png","https://img.uefa.com/imgml/TP/teams/logos/240x240/52277.png","252277","LEN","DOMESTIC_MEN_TEAM_A","","DOMESTIC","France","Lens","RC Lens","LEN","","","","","","","","",""
"250182972","52280","20","2004-12-16","76","Walters","ENG","","DEFENDER","MALE","","./image/250182972.jpg","Reuell Walters","DEFENDER","2","Walters","300039","","Angleterre","Défenseur","Reuell","Walters","Reuell Walters","Walters","200039","./assoc/200039_ENG.svg","./logo/52280.png","UEFA","ENG","52280","FAME","Arsenal","","https://img.uefa.com/imgml/TP/teams/logos/70x70/52280.png","https://img.uefa.com/imgml/TP/teams/logos/240x240/52280.png","252280","ARS","DOMESTIC_MEN_TEAM_A","","DOMESTIC","Angleterre","Arsenal","Arsenal FC","ARS","","","","","","","","",""
"250182825","52973","19","2006-06-09","59","Renzetti","ITA","","GOALKEEPER","MALE","","./image/250182825.jpg","Davide Renzetti","GOALKEEPER","","Renzetti","","","Italie","Gardien","Davide","Renzetti","Davide Renzetti","Renzetti","200066","./assoc/200066_ITA.svg","./logo/52973.png","UEFA","ITA","52973","FAME","Lazio","","https://img.uefa.com/imgml/TP/teams/logos/70x70/52973.png","https://img.uefa.com/imgml/TP/teams/logos/240x240/52973.png","252973","LAZ","DOMESTIC_MEN_TEAM_A","","DOMESTIC","Italie","Lazio","S.S. Lazio","LAZ","","","","","","","","",""
"250182365","52280","20","2005-01-19","72","Sousa","ENG","UNKNOWN","DEFENDER","MALE","","./image/250182365.jpg","Lino Sousa","DEFENDER","18","Sousa","300039","","Angleterre","Défenseur","Lino","Sousa","Lino Sousa","Sousa","200039","./assoc/200039_ENG.svg","./logo/52280.png","UEFA","ENG","52280","FAME","Arsenal","","https://img.uefa.com/imgml/TP/teams/logos/70x70/52280.png","https://img.uefa.com/imgml/TP/teams/logos/240x240/52280.png","252280","ARS","DOMESTIC_MEN_TEAM_A","","DOMESTIC","Angleterre","Arsenal","Arsenal FC","ARS","","","","","","","","",""
"250182333","52709","22","2003-08-12","8","TANLONGO","ARG","","MIDFIELDER","MALE","","./image/250182333.jpg","Mateo Tanlongo","MIDFIELDER","","Tanlongo","","","Argentine","Milieu","Mateo","Tanlongo","Mateo Tanlongo","Tanlongo","200035","./assoc/200035_DEN.svg","./logo/52709.png","UEFA","DEN","52709","FAME","Copenhagen","","https://img.uefa.com/imgml/TP/teams/logos/70x70/52709.png","https://img.uefa.com/imgml/TP/teams/logos/240x240/52709.png","252709","CPH","DOMESTIC_MEN_TEAM_A","","DOMESTIC","Danemark","Copenhagen","F.C. Copenhagen","CPH","","","","","","","","",""
"250181082","52280","19","2006-09-26","49","Lewis-Skelly","ENG","UNKNOWN","MIDFIELDER","MALE","","./image/250181082.jpg","Myles Lewis-Skelly","MIDFIELDER","19","Lewis-Skelly","39","","Angleterre","Milieu","Myles","Lewis-Skelly","Myles Lewis-Skelly","Lewis-Skelly","200039","./assoc/200039_ENG.svg","./logo/52280.png","UEFA","ENG","52280","FAME","Arsenal","","https://img.uefa.com/imgml/TP/teams/logos/70x70/52280.png","https://img.uefa.com/imgml/TP/teams/logos/240x240/52280.png","252280","ARS","DOMESTIC_MEN_TEAM_A","","DOMESTIC","Angleterre","Arsenal","Arsenal FC","ARS","","","","","","","","",""
"250180112","50062","19","2006-01-11","28","Land","NED","UNKNOWN","MIDFIELDER","MALE","","./image/250180112.jpg","Tygo Land","MIDFIELDER","21","Land","200095","","Pays-Bas","Milieu","Tygo","Land","Tygo Land","Land","200095","./assoc/200095_NED.svg","./logo/50062.png","UEFA","NED","50062","FAME","PSV","","https://img.uefa.com/imgml/TP/teams/logos/70x70/50062.png","https://img.uefa.com/imgml/TP/teams/logos/240x240/50062.png","250062","PSV","DOMESTIC_MEN_TEAM_A","","DOMESTIC","Pays-Bas","PSV","PSV Eindhoven","PSV","","","","","","","","",""
"250178595","50136","30","1995-07-27","30","Mazzocchi","ITA","UNKNOWN","DEFENDER","MALE","","./image/250178595.jpg","Pasquale Mazzocchi","DEFENDER","17","Mazzocchi","66","","Italie","Défenseur","Pasquale","Mazzocchi","Pasquale Mazzocchi","Mazzocchi","200066","./assoc/200066_ITA.svg","./logo/50136.png","UEFA","ITA","50136","FAME","Napoli","","https://img.uefa.com/imgml/TP/teams/logos/70x70/50136.png","https://img.uefa.com/imgml/TP/teams/logos/240x240/50136.png","250136","NAP","DOMESTIC_MEN_TEAM_A","","DOMESTIC","Italie","Napoli","SSC Napoli","NAP","","","","","","","","",""
"250178090","52280","20","2005-05-29","7","Cozier-Duberry","ENG","","FORWARD","MALE","","./image/250178090.jpg","Amario Cozier-Duberry","FORWARD","20","Cozier-Duberry","300039","","Angleterre","Attaquant","Amario","Cozier-Duberry","Amario Cozier-Duberry","Cozier-Duberry","200039","./assoc/200039_ENG.svg","./logo/52280.png","UEFA","ENG","52280","FAME","Arsenal","","https://img.uefa.com/imgml/TP/teams/logos/70x70/52280.png","https://img.uefa.com/imgml/TP/teams/logos/240x240/52280.png","252280","ARS","DOMESTIC_MEN_TEAM_A","","DOMESTIC","Angleterre","Arsenal","Arsenal FC","ARS","","","","","","","","",""
"250178066","52280","21","2004-07-24","53","Sagoe Jr","ENG","","MIDFIELDER","MALE","","./image/250178066.jpg","Charles Sagoe Jr","MIDFIELDER","","Sagoe Jr","","","Angleterre","Milieu","Charles","Sagoe Jr","Charles Sagoe Jr","Sagoe Jr","200039","./assoc/200039_ENG.svg","./logo/52280.png","UEFA","ENG","52280","FAME","Arsenal","","https://img.uefa.com/imgml/TP/teams/logos/70x70/52280.png","https://img.uefa.com/imgml/TP/teams/logos/240x240/52280.png","252280","ARS","DOMESTIC_MEN_TEAM_A","","DOMESTIC","Angleterre","Arsenal","Arsenal FC","ARS","","","","","","","","",""
"250177917","50123","22","2003-07-03","28","Marin","ESP","","MIDFIELDER","MALE","","./image/250177917.jpg","Pablo Marín","MIDFIELDER","21","MARIN","200122","","Espagne","Milieu","Pablo","Marín","Pablo Marín","Marín","200122","./assoc/200122_ESP.svg","./logo/50123.png","UEFA","ESP","50123","FAME","Real Sociedad","","https://img.uefa.com/imgml/TP/teams/logos/70x70/50123.png","https://img.uefa.com/imgml/TP/teams/logos/240x240/50123.png","250123","RSO","DOMESTIC_MEN_TEAM_A","","DOMESTIC","Espagne","Real Sociedad","Real Sociedad de Fútbol","RSO","","","","","","","","",""
"250177689","52709","18","2006-10-29","1","Gadeberg Buur","DEN","UNKNOWN","GOALKEEPER","MALE","","./image/250177689.jpg","Oscar Buur","GOALKEEPER","","","300035","","Danemark","Gardien","Oscar","Buur","Oscar Buur","Buur","200035","./assoc/200035_DEN.svg","./logo/52709.png","UEFA","DEN","52709","FAME","Copenhagen","","https://img.uefa.com/imgml/TP/teams/logos/70x70/52709.png","https://img.uefa.com/imgml/TP/teams/logos/240x240/52709.png","252709","CPH","DOMESTIC_MEN_TEAM_A","","DOMESTIC","Danemark","Copenhagen","F.C. Copenhagen","CPH","","","","","","","","",""
"250177612","52747","19","2006-05-15","22","Zague","FRA","UNKNOWN","DEFENDER","MALE","","./image/250177612.jpg","Yoram Zague","DEFENDER","12","Zague","300043","","France","Défenseur","Yoram","Zague","Yoram Zague","Zague","200043","./assoc/200043_FRA.svg","./logo/52747.png","UEFA","FRA","52747","FAME","Paris","","https://img.uefa.com/imgml/TP/teams/logos/70x70/52747.png","https://img.uefa.com/imgml/TP/teams/logos/240x240/52747.png","252747","PSG","DOMESTIC_MEN_TEAM_A","","DOMESTIC","France","Paris","Paris Saint-Germain","PSG","","","","","","","","",""
"250177597","52747","19","2006-05-17","24","MAYULU","FRA","UNKNOWN","MIDFIELDER","MALE","","./image/250177597.jpg","Senny Mayulu","MIDFIELDER","14","Mayulu","300043","","France","Milieu","Senny","Mayulu","Senny Mayulu","Mayulu","200043","./assoc/200043_FRA.svg","./logo/52747.png","UEFA","FRA","52747","FAME","Paris","","https://img.uefa.com/imgml/TP/teams/logos/70x70/52747.png","https://img.uefa.com/imgml/TP/teams/logos/240x240/52747.png","252747","PSG","DOMESTIC_MEN_TEAM_A","","DOMESTIC","France","Paris","Paris Saint-Germain","PSG","","","","","","","","",""
"250177594","52747","18","2007-01-17","23","Gadou","FRA","UNKNOWN","DEFENDER","MALE","","./image/250177594.jpg","Kouakou Gadou","DEFENDER","4","Gadou","300043","","France","Défenseur","Kouakou","Gadou","Kouakou Gadou","Gadou","200043","./assoc/200043_FRA.svg","./logo/52747.png","UEFA","FRA","52747","FAME","Paris","","https://img.uefa.com/imgml/TP/teams/logos/70x70/52747.png","https://img.uefa.com/imgml/TP/teams/logos/240x240/52747.png","252747","PSG","DOMESTIC_MEN_TEAM_A","","DOMESTIC","France","Paris","Paris Saint-Germain","PSG","","","","","","","","",""
"250177190","50067","20","2005-03-29","38","ATAKAN","TUR","","GOALKEEPER","MALE","","./image/250177190.jpg","Atakan Ordu","GOALKEEPER","","ATAKAN","","","Turquie","Gardien","","Atakan Ordu","Atakan Ordu","Atakan Ordu","200135","./assoc/200135_TUR.svg","./logo/50067.png","UEFA","TUR","50067","FAME","Galatasaray","","https://img.uefa.com/imgml/TP/teams/logos/70x70/50067.png","https://img.uefa.com/imgml/TP/teams/logos/240x240/50067.png","250067","GAL","DOMESTIC_MEN_TEAM_A","","DOMESTIC","Turquie","Galatasaray","Galatasaray A.Ş.","GAL","","","","","","","","",""
"250176642","50136","19","2005-12-08","50","D'Avino","ITA","","DEFENDER","MALE","","./image/250176642.jpg","Luigi D'Avino","DEFENDER","","D'AVINO","","","Italie","Défenseur","Luigi","D'Avino","Luigi D'Avino","D'Avino","200066","./assoc/200066_ITA.svg","./logo/50136.png","UEFA","ITA","50136","FAME","Napoli","","https://img.uefa.com/imgml/TP/teams/logos/70x70/50136.png","https://img.uefa.com/imgml/TP/teams/logos/240x240/50136.png","250136","NAP","DOMESTIC_MEN_TEAM_A","","DOMESTIC","Italie","Napoli","SSC Napoli","NAP","","","","","","","","",""
"250176532","50051","20","2005-06-24","26","FRAN GONZÁLEZ","ESP","UNKNOWN","GOALKEEPER","MALE","","./image/250176532.jpg","Fran González","GOALKEEPER","1","Fran González","200122","","Espagne","Gardien","Fran","González","Fran González","González","200122","./assoc/200122_ESP.svg","./logo/50051.png","UEFA","ESP","50051","FAME","Real Madrid","","https://img.uefa.com/imgml/TP/teams/logos/70x70/50051.png","https://img.uefa.com/imgml/TP/teams/logos/240x240/50051.png","250051","RMA","DOMESTIC_MEN_TEAM_A","","DOMESTIC","Espagne","Real Madrid","Real Madrid C.F.","RMA","","","","","","","","",""
"250176491","50051","21","2004-02-23","17","V.Tobias","BRA","UNKNOWN","DEFENDER","MALE","","./image/250176491.jpg","Vinícius Tobías","DEFENDER","","Tobias","","","Brésil","Défenseur","Vinícius","Tobías","Vinícius Tobías","Tobías","200122","./assoc/200122_ESP.svg","./logo/50051.png","UEFA","ESP","50051","FAME","Real Madrid","","https://img.uefa.com/imgml/TP/teams/logos/70x70/50051.png","https://img.uefa.com/imgml/TP/teams/logos/240x240/50051.png","250051","RMA","DOMESTIC_MEN_TEAM_A","","DOMESTIC","Espagne","Real Madrid","Real Madrid C.F.","RMA","","","","","","","","",""
"250176488","50051","20","2005-01-06","4","JACOBO","ESP","UNKNOWN","DEFENDER","MALE","","./image/250176488.jpg","Jacobo Ramón","DEFENDER","14","Jacobo","200122","","Espagne","Défenseur","Jacobo","Ramón","Jacobo Ramón","Ramón","200122","./assoc/200122_ESP.svg","./logo/50051.png","UEFA","ESP","50051","FAME","Real Madrid","","https://img.uefa.com/imgml/TP/teams/logos/70x70/50051.png","https://img.uefa.com/imgml/TP/teams/logos/240x240/50051.png","250051","RMA","DOMESTIC_MEN_TEAM_A","","DOMESTIC","Espagne","Real Madrid","Real Madrid C.F.","RMA","","","","","","","","",""
"250176448","50080","20","2004-12-14","27","Unai","ESP","UNKNOWN","FORWARD","MALE","","./image/250176448.jpg","Unai Hernandez","MIDFIELDER","","Unai","","","Espagne","Attaquant","","Unai Hernandez","Unai Hernandez","Unai Hernandez","200122","./assoc/200122_ESP.svg","./logo/50080.png","UEFA","ESP","50080","FAME","Barcelona","","https://img.uefa.com/imgml/TP/teams/logos/70x70/50080.png","https://img.uefa.com/imgml/TP/teams/logos/240x240/50080.png","250080","BAR","DOMESTIC_MEN_TEAM_A","","DOMESTIC","Espagne","Barcelona","FC Barcelona","BAR","","","","","","","","",""
"250176275","2603790","19","2006-03-15","11","Jatta","GER","UNKNOWN","MIDFIELDER","MALE","","./image/250176275.jpg","Nuha Jatta","FORWARD","19","Jatta","300047","","Allemagne","Milieu","Nuha","Jatta","Nuha Jatta","Jatta","200047","./assoc/200047_GER.svg","./logo/2603790.png","UEFA","GER","2603790","FAME","Leipzig","","https://img.uefa.com/imgml/TP/teams/logos/70x70/2603790.png","https://img.uefa.com/imgml/TP/teams/logos/240x240/2603790.png","250002563","RBL","DOMESTIC_MEN_TEAM_A","","DOMESTIC","Allemagne","Leipzig","RB Leipzig","RBL","","","","","","","","",""
"250176229","50037","19","2006-01-18","35","Schmitt","GER","UNKNOWN","GOALKEEPER","MALE","","./image/250176229.jpg","Max Schmitt","GOALKEEPER","23","Schmitt","300047","","Allemagne","Gardien","Max","Schmitt","Max Schmitt","Schmitt","200047","./assoc/200047_GER.svg","./logo/50037.png","UEFA","GER","50037","FAME","Bayern München","","https://img.uefa.com/imgml/TP/teams/logos/70x70/50037.png","https://img.uefa.com/imgml/TP/teams/logos/240x240/50037.png","250037","BAY","DOMESTIC_MEN_TEAM_A","","DOMESTIC","Allemagne","Bayern München","FC Bayern München","BAY","","","","","","","","",""
"250176214","50138","20","2005-04-12","6","Stabile","ITA","","DEFENDER","MALE","","./image/250176214.jpg","Giacomo Stabile","DEFENDER","","STABILE","","","Italie","Défenseur","Giacomo","Stabile","Giacomo Stabile","Stabile","200066","./assoc/200066_ITA.svg","./logo/50138.png","UEFA","ITA","50138","FAME","Inter","","https://img.uefa.com/imgml/TP/teams/logos/70x70/50138.png","https://img.uefa.com/imgml/TP/teams/logos/240x240/50138.png","250138","INT","DOMESTIC_MEN_TEAM_A","","DOMESTIC","Italie","Inter","FC Internazionale Milano","INT","","","","","","","","",""
"250175765","52709","20","2005-08-01","1","Dithmer","DEN","","GOALKEEPER","MALE","","./image/250175765.jpg","Andreas Dithmer","GOALKEEPER","1","Dithmer","300035","","Danemark","Gardien","Andreas","Dithmer","Andreas Dithmer","Dithmer","200035","./assoc/200035_DEN.svg","./logo/52709.png","UEFA","DEN","52709","FAME","Copenhagen","","https://img.uefa.com/imgml/TP/teams/logos/70x70/52709.png","https://img.uefa.com/imgml/TP/teams/logos/240x240/52709.png","252709","CPH","DOMESTIC_MEN_TEAM_A","","DOMESTIC","Danemark","Copenhagen","F.C. Copenhagen","CPH","","","","","","","","",""
"250174837","50147","27","1998-07-17","38","João Victor","BRA","UNKNOWN","DEFENDER","MALE","","./image/250174837.jpg","João Victor","DEFENDER","","João Victor","","","Brésil","Défenseur","João","Victor","João Victor","Victor","200110","./assoc/200110_POR.svg","./logo/50147.png","UEFA","POR","50147","FAME","Benfica","","https://img.uefa.com/imgml/TP/teams/logos/70x70/50147.png","https://img.uefa.com/imgml/TP/teams/logos/240x240/50147.png","250147","BEN","DOMESTIC_MEN_TEAM_A","","DOMESTIC","Portugal","Benfica","SL Benfica","BEN","","","","","","","","",""
"250174538","50113","21","2004-05-17","81","Devalckeneer","BEL","UNKNOWN","GOALKEEPER","MALE","","./image/250174538.jpg","Niels Devalckeneer","GOALKEEPER","","Devalckeneer","","","Belgique","Gardien","Niels","Devalckeneer","Niels Devalckeneer","Devalckeneer","200013","./assoc/200013_BEL.svg","./logo/50113.png","UEFA","BEL","50113","FAME","Antwerp","","https://img.uefa.com/imgml/TP/teams/logos/70x70/50113.png","https://img.uefa.com/imgml/TP/teams/logos/240x240/50113.png","250113","ANT","DOMESTIC_MEN_TEAM_A","","DOMESTIC","Belgique","Antwerp","Royal Antwerp FC","ANT","","","","","","","","",""
"250173127","50138","26","1999-02-08","17","Buchanan","CAN","WINGER","FORWARD","MALE","","./image/250173127.jpg","Tajon Buchanan","MIDFIELDER","17","Buchanan","24","","Canada","Attaquant","Tajon","Buchanan","Tajon Buchanan","Buchanan","200066","./assoc/200066_ITA.svg","./logo/50138.png","UEFA","ITA","50138","FAME","Inter","","https://img.uefa.com/imgml/TP/teams/logos/70x70/50138.png","https://img.uefa.com/imgml/TP/teams/logos/240x240/50138.png","250138","INT","DOMESTIC_MEN_TEAM_A","","DOMESTIC","Italie","Inter","FC Internazionale Milano","INT","","","","","","","","",""
"250172227","52758","19","2006-05-05","16","Duranville","BEL","UNKNOWN","MIDFIELDER","MALE","","./image/250172227.jpg","Julien Duranville","MIDFIELDER","14","Duranville","13","","Belgique","Milieu","Julien","Duranville","Julien Duranville","Duranville","200047","./assoc/200047_GER.svg","./logo/52758.png","UEFA","GER","52758","FAME","B. Dortmund","","https://img.uefa.com/imgml/TP/teams/logos/70x70/52758.png","https://img.uefa.com/imgml/TP/teams/logos/240x240/52758.png","252758","BVB","DOMESTIC_MEN_TEAM_A","","DOMESTIC","Allemagne","B. Dortmund","Borussia Dortmund","BVB","","","","","","","","",""
"250171273","59324","22","2002-10-22","34","De Bolle","SCO","","MIDFIELDER","MALE","","./image/250171273.jpg","Lucas De Bolle","MIDFIELDER","22","De Bolle","200117","","Écosse","Milieu","Lucas","De Bolle","Lucas De Bolle","De Bolle","200039","./assoc/200039_ENG.svg","./logo/59324.png","UEFA","ENG","59324","FAME","Newcastle","","https://img.uefa.com/imgml/TP/teams/logos/70x70/59324.png","https://img.uefa.com/imgml/TP/teams/logos/240x240/59324.png","259324","NEW","DOMESTIC_MEN_TEAM_A","","DOMESTIC","Angleterre","Newcastle","Newcastle United FC","NEW","","","","","","","","",""
"250170141","52758","19","2006-02-16","38","Wätjen","GER","UNKNOWN","MIDFIELDER","MALE","","./image/250170141.jpg","Kjell Wätjen","MIDFIELDER","18","Wätjen","300047","","Allemagne","Milieu","Kjell","Wätjen","Kjell Wätjen","Wätjen","200047","./assoc/200047_GER.svg","./logo/52758.png","UEFA","GER","52758","FAME","B. Dortmund","","https://img.uefa.com/imgml/TP/teams/logos/70x70/52758.png","https://img.uefa.com/imgml/TP/teams/logos/240x240/52758.png","252758","BVB","DOMESTIC_MEN_TEAM_A","","DOMESTIC","Allemagne","B. Dortmund","Borussia Dortmund","BVB","","","","","","","","",""
"250170117","52280","18","2007-03-21","22","Nwaneri","ENG","UNKNOWN","MIDFIELDER","MALE","","./image/250170117.jpg","Ethan Nwaneri","MIDFIELDER","10","Nwaneri","200039","","Angleterre","Milieu","Ethan","Nwaneri","Ethan Nwaneri","Nwaneri","200039","./assoc/200039_ENG.svg","./logo/52280.png","UEFA","ENG","52280","FAME","Arsenal","","https://img.uefa.com/imgml/TP/teams/logos/70x70/52280.png","https://img.uefa.com/imgml/TP/teams/logos/240x240/52280.png","252280","ARS","DOMESTIC_MEN_TEAM_A","","DOMESTIC","Angleterre","Arsenal","Arsenal FC","ARS","","","","","","","","",""
"250169576","50080","19","2006-03-19","31","Kochen","USA","UNKNOWN","GOALKEEPER","MALE","","./image/250169576.jpg","Diego Kochen","GOALKEEPER","","Kochen","","","Etats-Unis","Gardien","Diego","Kochen","Diego Kochen","Kochen","200122","./assoc/200122_ESP.svg","./logo/50080.png","UEFA","ESP","50080","FAME","Barcelona","","https://img.uefa.com/imgml/TP/teams/logos/70x70/50080.png","https://img.uefa.com/imgml/TP/teams/logos/240x240/50080.png","250080","BAR","DOMESTIC_MEN_TEAM_A","","DOMESTIC","Espagne","Barcelona","FC Barcelona","BAR","","","","","","","","",""
"250169566","52919","20","2005-07-21","68","Alleyne","ENG","UNKNOWN","DEFENDER","MALE","","./image/250169566.jpg","Max Alleyne","DEFENDER","3","Alleyne","200039","","Angleterre","Défenseur","Max","Alleyne","Max Alleyne","Alleyne","200039","./assoc/200039_ENG.svg","./logo/52919.png","UEFA","ENG","52919","FAME","Man City","","https://img.uefa.com/imgml/TP/teams/logos/70x70/52919.png","https://img.uefa.com/imgml/TP/teams/logos/240x240/52919.png","252919","MCI","DOMESTIC_MEN_TEAM_A","","DOMESTIC","Angleterre","Man City","Manchester City","MCI","","","","","","","","",""
"250169301","50051","21","2004-07-14","34","A. RODRIGUEZ","ESP","STRIKER","FORWARD","MALE","","./image/250169301.jpg","Álvaro Rodríguez","FORWARD","","Álvaro","","","Espagne","Attaquant","Álvaro","Rodríguez","Álvaro Rodríguez","Rodríguez","200122","./assoc/200122_ESP.svg","./logo/50051.png","UEFA","ESP","50051","FAME","Real Madrid","","https://img.uefa.com/imgml/TP/teams/logos/70x70/50051.png","https://img.uefa.com/imgml/TP/teams/logos/240x240/50051.png","250051","RMA","DOMESTIC_MEN_TEAM_A","","DOMESTIC","Espagne","Real Madrid","Real Madrid C.F.","RMA","","","","","","","","",""
"250168870","50051","21","2004-03-05","28","MARIO MARTÍN","ESP","UNKNOWN","MIDFIELDER","MALE","","./image/250168870.jpg","Mario Martín","MIDFIELDER","19","Martín Rielves","200122","","Espagne","Milieu","","Mario Martín","Mario Martín","Mario Martín","200122","./assoc/200122_ESP.svg","./logo/50051.png","UEFA","ESP","50051","FAME","Real Madrid","","https://img.uefa.com/imgml/TP/teams/logos/70x70/50051.png","https://img.uefa.com/imgml/TP/teams/logos/240x240/50051.png","250051","RMA","DOMESTIC_MEN_TEAM_A","","DOMESTIC","Espagne","Real Madrid","Real Madrid C.F.","RMA","","","","","","","","",""
"250168731","52973","20","2005-01-10","1","Magro","ITA","","GOALKEEPER","MALE","","./image/250168731.jpg","Federico Magro","GOALKEEPER","1","Magro","300066","","Italie","Gardien","Federico","Magro","Federico Magro","Magro","200066","./assoc/200066_ITA.svg","./logo/52973.png","UEFA","ITA","52973","FAME","Lazio","","https://img.uefa.com/imgml/TP/teams/logos/70x70/52973.png","https://img.uefa.com/imgml/TP/teams/logos/240x240/52973.png","252973","LAZ","DOMESTIC_MEN_TEAM_A","","DOMESTIC","Italie","Lazio","S.S. Lazio","LAZ","","","","","","","","",""
"250167073","52709","20","2005-01-08","21","Sander","DEN","","GOALKEEPER","MALE","","./image/250167073.jpg","Theo Sander","GOALKEEPER","1","Sander","200035","","Danemark","Gardien","Theo","Sander","Theo Sander","Sander","200035","./assoc/200035_DEN.svg","./logo/52709.png","UEFA","DEN","52709","FAME","Copenhagen","","https://img.uefa.com/imgml/TP/teams/logos/70x70/52709.png","https://img.uefa.com/imgml/TP/teams/logos/240x240/52709.png","252709","CPH","DOMESTIC_MEN_TEAM_A","","DOMESTIC","Danemark","Copenhagen","F.C. Copenhagen","CPH","","","","","","","","",""
"250166953","52280","22","2003-09-06","73","Lannin-Sweet","ENG","","DEFENDER","MALE","","./image/250166953.jpg","James Sweet","MIDFIELDER","7","Lannin-Sweet","300144","","Angleterre","Défenseur","James","Sweet","James Sweet","Sweet","200039","./assoc/200039_ENG.svg","./logo/52280.png","UEFA","ENG","52280","FAME","Arsenal","","https://img.uefa.com/imgml/TP/teams/logos/70x70/52280.png","https://img.uefa.com/imgml/TP/teams/logos/240x240/52280.png","252280","ARS","DOMESTIC_MEN_TEAM_A","","DOMESTIC","Angleterre","Arsenal","Arsenal FC","ARS","","","","","","","","",""
"250165759","2603790","20","2005-05-02","13","Köhler","GER","UNKNOWN","DEFENDER","MALE","","./image/250165759.jpg","Tim Köhler","DEFENDER","","Köhler","","","Allemagne","Défenseur","Tim","Köhler","Tim Köhler","Köhler","200047","./assoc/200047_GER.svg","./logo/2603790.png","UEFA","GER","2603790","FAME","Leipzig","","https://img.uefa.com/imgml/TP/teams/logos/70x70/2603790.png","https://img.uefa.com/imgml/TP/teams/logos/240x240/2603790.png","250002563","RBL","DOMESTIC_MEN_TEAM_A","","DOMESTIC","Allemagne","Leipzig","RB Leipzig","RBL","","","","","","","","",""
"250165565","50050","21","2004-06-01","43","Morrison","SCO","","GOALKEEPER","MALE","","./image/250165565.jpg","Joe Morrison","GOALKEEPER","","MORRISON","","","Écosse","Gardien","Joe","Morrison","Joe Morrison","Morrison","200117","./assoc/200117_SCO.svg","./logo/50050.png","UEFA","SCO","50050","FAME","Celtic","","https://img.uefa.com/imgml/TP/teams/logos/70x70/50050.png","https://img.uefa.com/imgml/TP/teams/logos/240x240/50050.png","250050","CEL","DOMESTIC_MEN_TEAM_A","","DOMESTIC","Écosse","Celtic","Celtic FC","CEL","","","","","","","","",""
"250165384","52973","20","2004-12-13","13","Ruggeri","ITA","","DEFENDER","MALE","","./image/250165384.jpg","Fabio Ruggeri","DEFENDER","","Ruggeri","","","Italie","Défenseur","Fabio","Ruggeri","Fabio Ruggeri","Ruggeri","200066","./assoc/200066_ITA.svg","./logo/52973.png","UEFA","ITA","52973","FAME","Lazio","","https://img.uefa.com/imgml/TP/teams/logos/70x70/52973.png","https://img.uefa.com/imgml/TP/teams/logos/240x240/52973.png","252973","LAZ","DOMESTIC_MEN_TEAM_A","","DOMESTIC","Italie","Lazio","S.S. Lazio","LAZ","","","","","","","","",""
"250165217","52919","19","2005-11-02","1","Grant","ENG","","GOALKEEPER","MALE","","./image/250165217.jpg","True Grant","GOALKEEPER","13","Grant","400039","","Angleterre","Gardien","True","Grant","True Grant","Grant","200039","./assoc/200039_ENG.svg","./logo/52919.png","UEFA","ENG","52919","FAME","Man City","","https://img.uefa.com/imgml/TP/teams/logos/70x70/52919.png","https://img.uefa.com/imgml/TP/teams/logos/240x240/52919.png","252919","MCI","DOMESTIC_MEN_TEAM_A","","DOMESTIC","Angleterre","Man City","Manchester City","MCI","","","","","","","","",""
"250165170","52682","21","2004-09-26","44","Gore","ENG","","MIDFIELDER","MALE","","./image/250165170.jpg","Daniel Gore","MIDFIELDER","","Gore","","","Angleterre","Milieu","Daniel","Gore","Daniel Gore","Gore","200039","./assoc/200039_ENG.svg","./logo/52682.png","UEFA","ENG","52682","FAME","Man Utd","","https://img.uefa.com/imgml/TP/teams/logos/70x70/52682.png","https://img.uefa.com/imgml/TP/teams/logos/240x240/52682.png","252682","MUN","DOMESTIC_MEN_TEAM_A","","DOMESTIC","Angleterre","Man Utd","Manchester United","MUN","","","","","","","","",""
"250164776","50080","21","2004-02-22","29","Aleix Garrido","ESP","UNKNOWN","MIDFIELDER","MALE","","./image/250164776.jpg","Aleix Garrido","MIDFIELDER","16","A. Garrido","300122","","Espagne","Milieu","Aleix","Garrido","Aleix Garrido","Garrido","200122","./assoc/200122_ESP.svg","./logo/50080.png","UEFA","ESP","50080","FAME","Barcelona","","https://img.uefa.com/imgml/TP/teams/logos/70x70/50080.png","https://img.uefa.com/imgml/TP/teams/logos/240x240/50080.png","250080","BAR","DOMESTIC_MEN_TEAM_A","","DOMESTIC","Espagne","Barcelona","FC Barcelona","BAR","","","","","","","","",""
"250164626","50080","21","2004-03-03","26","Astralaga","ESP","UNKNOWN","GOALKEEPER","MALE","","./image/250164626.jpg","Ander Astralaga","GOALKEEPER","23","Astralaga","200122","","Espagne","Gardien","Ander","Astralaga","Ander Astralaga","Astralaga","200122","./assoc/200122_ESP.svg","./logo/50080.png","UEFA","ESP","50080","FAME","Barcelona","","https://img.uefa.com/imgml/TP/teams/logos/70x70/50080.png","https://img.uefa.com/imgml/TP/teams/logos/240x240/50080.png","250080","BAR","DOMESTIC_MEN_TEAM_A","","DOMESTIC","Espagne","Barcelona","FC Barcelona","BAR","","","","","","","","",""
"250164226","50051","21","2004-03-24","16","GONZALO","ESP","STRIKER","FORWARD","MALE","","./image/250164226.jpg","Gonzalo","FORWARD","7","Gonzalo","200122","","Espagne","Attaquant","","Gonzalo","Gonzalo","Gonzalo","200122","./assoc/200122_ESP.svg","./logo/50051.png","UEFA","ESP","50051","FAME","Real Madrid","","https://img.uefa.com/imgml/TP/teams/logos/70x70/50051.png","https://img.uefa.com/imgml/TP/teams/logos/240x240/50051.png","250051","RMA","DOMESTIC_MEN_TEAM_A","","DOMESTIC","Espagne","Real Madrid","Real Madrid C.F.","RMA","","","","","","","","",""
"250164223","50051","22","2003-01-07","35","Marvel","ESP","UNKNOWN","DEFENDER","MALE","","./image/250164223.jpg","Marvel","DEFENDER","4","Marvel","300122","","Espagne","Défenseur","","Marvel","Marvel","Marvel","200122","./assoc/200122_ESP.svg","./logo/50051.png","UEFA","ESP","50051","FAME","Real Madrid","","https://img.uefa.com/imgml/TP/teams/logos/70x70/50051.png","https://img.uefa.com/imgml/TP/teams/logos/240x240/50051.png","250051","RMA","DOMESTIC_MEN_TEAM_A","","DOMESTIC","Espagne","Real Madrid","Real Madrid C.F.","RMA","","","","","","","","",""
"250164068","50058","21","2004-01-22","69","NAVA","ITA","","GOALKEEPER","MALE","","./image/250164068.jpg","Lapo Nava","GOALKEEPER","22","Nava","200066","","Italie","Gardien","Lapo","Nava","Lapo Nava","Nava","200066","./assoc/200066_ITA.svg","./logo/50058.png","UEFA","ITA","50058","FAME","Milan","","https://img.uefa.com/imgml/TP/teams/logos/70x70/50058.png","https://img.uefa.com/imgml/TP/teams/logos/240x240/50058.png","250058","MIL","DOMESTIC_MEN_TEAM_A","","DOMESTIC","Italie","Milan","AC Milan","MIL","","","","","","","","",""
"250164067","50058","21","2004-01-17","19","Nsiala Makengo","FRA","UNKNOWN","DEFENDER","MALE","","./image/250164067.jpg","Clinton Nsiala","DEFENDER","","NSIALA","","","France","Défenseur","Clinton","Nsiala","Clinton Nsiala","Nsiala","200066","./assoc/200066_ITA.svg","./logo/50058.png","UEFA","ITA","50058","FAME","Milan","","https://img.uefa.com/imgml/TP/teams/logos/70x70/50058.png","https://img.uefa.com/imgml/TP/teams/logos/240x240/50058.png","250058","MIL","DOMESTIC_MEN_TEAM_A","","DOMESTIC","Italie","Milan","AC Milan","MIL","","","","","","","","",""
"250163671","52714","20","2005-04-16","10","Collado López","ESP","","MIDFIELDER","MALE","","./image/250163671.jpg","Alberto Collado","MIDFIELDER","","Collado","","","Espagne","Milieu","Alberto","Collado","Alberto Collado","Collado","200122","./assoc/200122_ESP.svg","./logo/52714.png","UEFA","ESP","52714","FAME","Sevilla","","https://img.uefa.com/imgml/TP/teams/logos/70x70/52714.png","https://img.uefa.com/imgml/TP/teams/logos/240x240/52714.png","252714","SEV","DOMESTIC_MEN_TEAM_A","","DOMESTIC","Espagne","Sevilla","Sevilla FC","SEV","","","","","","","","",""
"250163315","50123","23","2002-07-20","39","Dadie","ESP","","MIDFIELDER","MALE","","./image/250163315.jpg","Alberto Dadie","MIDFIELDER","","Dadie","","","Espagne","Milieu","Alberto","Dadie","Alberto Dadie","Dadie","200122","./assoc/200122_ESP.svg","./logo/50123.png","UEFA","ESP","50123","FAME","Real Sociedad","","https://img.uefa.com/imgml/TP/teams/logos/70x70/50123.png","https://img.uefa.com/imgml/TP/teams/logos/240x240/50123.png","250123","RSO","DOMESTIC_MEN_TEAM_A","","DOMESTIC","Espagne","Real Sociedad","Real Sociedad de Fútbol","RSO","","","","","","","","",""
"250163035","50138","21","2004-06-28","9","Sarr","ITA","","FORWARD","MALE","","./image/250163035.jpg","Amadou Sarr","FORWARD","","Sarr","","","Italie","Attaquant","Amadou","Sarr","Amadou Sarr","Sarr","200066","./assoc/200066_ITA.svg","./logo/50138.png","UEFA","ITA","50138","FAME","Inter","","https://img.uefa.com/imgml/TP/teams/logos/70x70/50138.png","https://img.uefa.com/imgml/TP/teams/logos/240x240/50138.png","250138","INT","DOMESTIC_MEN_TEAM_A","","DOMESTIC","Italie","Inter","FC Internazionale Milano","INT","","","","","","","","",""
"250161881","50051","20","2005-02-25","15","ARDA GÜLER","TUR","UNKNOWN","MIDFIELDER","MALE","","./image/250161881.jpg","Arda Güler","FORWARD","8","ARDA GÜLER","135","","Turquie","Milieu","","Arda Güler","Arda Güler","Arda Güler","200122","./assoc/200122_ESP.svg","./logo/50051.png","UEFA","ESP","50051","FAME","Real Madrid","","https://img.uefa.com/imgml/TP/teams/logos/70x70/50051.png","https://img.uefa.com/imgml/TP/teams/logos/240x240/50051.png","250051","RMA","DOMESTIC_MEN_TEAM_A","","DOMESTIC","Espagne","Real Madrid","Real Madrid C.F.","RMA","","","","","","","","",""
"250161602","77977","21","2004-09-17","1","Stein","GER","UNKNOWN","GOALKEEPER","MALE","","./image/250161602.jpg","Yannic Stein","GOALKEEPER","","Stein","","","Allemagne","Gardien","Yannic","Stein","Yannic Stein","Stein","200047","./assoc/200047_GER.svg","./logo/77977.png","UEFA","GER","77977","FAME","Union Berlin","","https://img.uefa.com/imgml/TP/teams/logos/70x70/77977.png","https://img.uefa.com/imgml/TP/teams/logos/240x240/77977.png","277977","UBE","DOMESTIC_MEN_TEAM_A","","DOMESTIC","Allemagne","Union Berlin","1. FC Union Berlin","UBE","","","","","","","","",""
"250161587","77977","23","2001-12-12","38","Dehl","GER","UNKNOWN","MIDFIELDER","MALE","","./image/250161587.jpg","Laurenz Dehl","MIDFIELDER","","Dehl","","","Allemagne","Milieu","Laurenz","Dehl","Laurenz Dehl","Dehl","200047","./assoc/200047_GER.svg","./logo/77977.png","UEFA","GER","77977","FAME","Union Berlin","","https://img.uefa.com/imgml/TP/teams/logos/70x70/77977.png","https://img.uefa.com/imgml/TP/teams/logos/240x240/77977.png","277977","UBE","DOMESTIC_MEN_TEAM_A","","DOMESTIC","Allemagne","Union Berlin","1. FC Union Berlin","UBE","","","","","","","","",""
"250161141","50030","22","2002-11-11","15","M. Diambou","MLI","UNKNOWN","MIDFIELDER","MALE","","./image/250161141.jpg","Mamady Diambou","MIDFIELDER","","M. Diambou","","","Mali","Milieu","Mamady","Diambou","Mamady Diambou","Diambou","200008","./assoc/200008_AUT.svg","./logo/50030.png","UEFA","AUT","50030","FAME","Salzburg","","https://img.uefa.com/imgml/TP/teams/logos/70x70/50030.png","https://img.uefa.com/imgml/TP/teams/logos/240x240/50030.png","250030","SAL","DOMESTIC_MEN_TEAM_A","","DOMESTIC","Autriche","Salzburg","FC Salzburg","SAL","","","","","","","","",""
"250154323","50123","24","2001-10-09","13","Marrero","ESP","GOALKEEPER","GOALKEEPER","MALE","","./image/250154323.jpg","Unai Marrero","GOALKEEPER","","Marrero","","","Espagne","Gardien","","Unai Marrero","Unai Marrero","Unai Marrero","200122","./assoc/200122_ESP.svg","./logo/50123.png","UEFA","ESP","50123","FAME","Real Sociedad","","https://img.uefa.com/imgml/TP/teams/logos/70x70/50123.png","https://img.uefa.com/imgml/TP/teams/logos/240x240/50123.png","250123","RSO","DOMESTIC_MEN_TEAM_A","","DOMESTIC","Espagne","Real Sociedad","Real Sociedad de Fútbol","RSO","","","","","","","","",""
"250154302","52758","21","2004-08-21","4","Blank","GER","UNKNOWN","DEFENDER","MALE","","./image/250154302.jpg","Hendry Blank","DEFENDER","4","Blank","200047","","Allemagne","Défenseur","Hendry","Blank","Hendry Blank","Blank","200047","./assoc/200047_GER.svg","./logo/52758.png","UEFA","GER","52758","FAME","B. Dortmund","","https://img.uefa.com/imgml/TP/teams/logos/70x70/52758.png","https://img.uefa.com/imgml/TP/teams/logos/240x240/52758.png","252758","BVB","DOMESTIC_MEN_TEAM_A","","DOMESTIC","Allemagne","B. Dortmund","Borussia Dortmund","BVB","","","","","","","","",""
"250154300","50124","20","2005-06-03","32","J. BOÑAR","ESP","","DEFENDER","MALE","","./image/250154300.jpg","Javier Boñar","DEFENDER","4","Boñar Franco","300122","","Espagne","Défenseur","Javier","Boñar","Javier Boñar","Boñar","200122","./assoc/200122_ESP.svg","./logo/50124.png","UEFA","ESP","50124","FAME","Atleti","","https://img.uefa.com/imgml/TP/teams/logos/70x70/50124.png","https://img.uefa.com/imgml/TP/teams/logos/240x240/50124.png","250124","ATM","DOMESTIC_MEN_TEAM_A","","DOMESTIC","Espagne","Atleti","Atlético de Madrid","ATM","","","","","","","","",""
"250154054","50124","21","2004-06-19","32","NIÑO","ESP","","FORWARD","MALE","","./image/250154054.jpg","Adrian Niño ","FORWARD","21","Niño","200122","","Espagne","Attaquant","Adrian","Niño ","Adrian Niño ","Niño ","200122","./assoc/200122_ESP.svg","./logo/50124.png","UEFA","ESP","50124","FAME","Atleti","","https://img.uefa.com/imgml/TP/teams/logos/70x70/50124.png","https://img.uefa.com/imgml/TP/teams/logos/240x240/50124.png","250124","ATM","DOMESTIC_MEN_TEAM_A","","DOMESTIC","Espagne","Atleti","Atlético de Madrid","ATM","","","","","","","","",""
"250154047","50124","21","2004-02-05","34","EL JEBARI","ESP","UNKNOWN","FORWARD","MALE","","./image/250154047.jpg","Salim El Jebari","MIDFIELDER","","El Jebari El Hannouni","","","Espagne","Attaquant","Salim","El Jebari","Salim El Jebari","El Jebari","200122","./assoc/200122_ESP.svg","./logo/50124.png","UEFA","ESP","50124","FAME","Atleti","","https://img.uefa.com/imgml/TP/teams/logos/70x70/50124.png","https://img.uefa.com/imgml/TP/teams/logos/240x240/50124.png","250124","ATM","DOMESTIC_MEN_TEAM_A","","DOMESTIC","Espagne","Atleti","Atlético de Madrid","ATM","","","","","","","","",""
"250153955","52682","21","2003-10-19","52","Hugill","ENG","","FORWARD","MALE","","./image/250153955.jpg","Joseph Hugill","","","Hugill","","","Angleterre","Attaquant","Joseph","Hugill","Joseph Hugill","Hugill","200039","./assoc/200039_ENG.svg","./logo/52682.png","UEFA","ENG","52682","FAME","Man Utd","","https://img.uefa.com/imgml/TP/teams/logos/70x70/52682.png","https://img.uefa.com/imgml/TP/teams/logos/240x240/52682.png","252682","MUN","DOMESTIC_MEN_TEAM_A","","DOMESTIC","Angleterre","Man Utd","Manchester United","MUN","","","","","","","","",""
"250153946","52682","21","2004-07-20","62","Forson","ENG","","MIDFIELDER","MALE","","https://img.uefa.com/imgml/TP/players/1/2024/324x324/250153946.jpg","Omari Forson","MIDFIELDER","12","Forson","300039","","Angleterre","Milieu","Omari","Forson","Omari Forson","Forson","200039","./assoc/200039_ENG.svg","./logo/52682.png","UEFA","ENG","52682","FAME","Man Utd","","https://img.uefa.com/imgml/TP/teams/logos/70x70/52682.png","https://img.uefa.com/imgml/TP/teams/logos/240x240/52682.png","252682","MUN","DOMESTIC_MEN_TEAM_A","","DOMESTIC","Angleterre","Man Utd","Manchester United","MUN","","","","","","","","",""
"250153851","2603790","20","2005-05-16","5","Bitshiabu","FRA","UNKNOWN","DEFENDER","MALE","","./image/250153851.jpg","El Chadaille Bitshiabu","DEFENDER","5","Bitshiabu","300043","","France","Défenseur","El Chadaille","Bitshiabu","El Chadaille Bitshiabu","Bitshiabu","200047","./assoc/200047_GER.svg","./logo/2603790.png","UEFA","GER","2603790","FAME","Leipzig","","https://img.uefa.com/imgml/TP/teams/logos/70x70/2603790.png","https://img.uefa.com/imgml/TP/teams/logos/240x240/2603790.png","250002563","RBL","DOMESTIC_MEN_TEAM_A","","DOMESTIC","Allemagne","Leipzig","RB Leipzig","RBL","","","","","","","","",""
"250153756","52714","21","2003-11-10","31","Alberto F.","ESP","","GOALKEEPER","MALE","","./image/250153756.jpg","Alberto Flores","GOALKEEPER","","Alberto Flores","","","Espagne","Gardien","","Alberto Flores","Alberto Flores","Alberto Flores","200122","./assoc/200122_ESP.svg","./logo/52714.png","UEFA","ESP","52714","FAME","Sevilla","","https://img.uefa.com/imgml/TP/teams/logos/70x70/52714.png","https://img.uefa.com/imgml/TP/teams/logos/240x240/52714.png","252714","SEV","DOMESTIC_MEN_TEAM_A","","DOMESTIC","Espagne","Sevilla","Sevilla FC","SEV","","","","","","","","",""
"250153751","52714","21","2004-07-27","28","Manu Bueno","ESP","","MIDFIELDER","MALE","","./image/250153751.jpg","Manuel Bueno","MIDFIELDER","","Manu Bueno","","","Espagne","Milieu","Manuel","Bueno","Manuel Bueno","Bueno","200122","./assoc/200122_ESP.svg","./logo/52714.png","UEFA","ESP","52714","FAME","Sevilla","","https://img.uefa.com/imgml/TP/teams/logos/70x70/52714.png","https://img.uefa.com/imgml/TP/teams/logos/240x240/52714.png","252714","SEV","DOMESTIC_MEN_TEAM_A","","DOMESTIC","Espagne","Sevilla","Sevilla FC","SEV","","","","","","","","",""
"250153750","52714","22","2003-01-12","29","Dario","ESP","UNKNOWN","DEFENDER","MALE","","./image/250153750.jpg","Darío Benavides","DEFENDER","","Darío Benavides","","","Espagne","Défenseur","Darío","Benavides","Darío Benavides","Benavides","200122","./assoc/200122_ESP.svg","./logo/52714.png","UEFA","ESP","52714","FAME","Sevilla","","https://img.uefa.com/imgml/TP/teams/logos/70x70/52714.png","https://img.uefa.com/imgml/TP/teams/logos/240x240/52714.png","252714","SEV","DOMESTIC_MEN_TEAM_A","","DOMESTIC","Espagne","Sevilla","Sevilla FC","SEV","","","","","","","","",""
"250153635","52714","23","2002-09-12","33","Matías","ESP","","GOALKEEPER","MALE","","./image/250153635.jpg","Matías Árbol","GOALKEEPER","","Matías Árbol","","","Espagne","Gardien","Matías","Árbol","Matías Árbol","Árbol","200122","./assoc/200122_ESP.svg","./logo/52714.png","UEFA","ESP","52714","FAME","Sevilla","","https://img.uefa.com/imgml/TP/teams/logos/70x70/52714.png","https://img.uefa.com/imgml/TP/teams/logos/240x240/52714.png","252714","SEV","DOMESTIC_MEN_TEAM_A","","DOMESTIC","Espagne","Sevilla","Sevilla FC","SEV","","","","","","","","",""
"250153622","50051","21","2004-02-13","26","Piñeiro","ESP","GOALKEEPER","GOALKEEPER","MALE","","./image/250153622.jpg","Diego Piñeiro","GOALKEEPER","","Diego Piñeiro","","","Espagne","Gardien","Diego","Piñeiro","Diego Piñeiro","Piñeiro","200122","./assoc/200122_ESP.svg","./logo/50051.png","UEFA","ESP","50051","FAME","Real Madrid","","https://img.uefa.com/imgml/TP/teams/logos/70x70/50051.png","https://img.uefa.com/imgml/TP/teams/logos/240x240/50051.png","250051","RMA","DOMESTIC_MEN_TEAM_A","","DOMESTIC","Espagne","Real Madrid","Real Madrid C.F.","RMA","","","","","","","","",""
"250153323","50030","25","2000-02-06","1","Mantl","GER","GOALKEEPER","GOALKEEPER","MALE","","./image/250153323.jpg","Nico Mantl","GOALKEEPER","12","Mantl","200047","","Allemagne","Gardien","Nico","Mantl","Nico Mantl","Mantl","200008","./assoc/200008_AUT.svg","./logo/50030.png","UEFA","AUT","50030","FAME","Salzburg","","https://img.uefa.com/imgml/TP/teams/logos/70x70/50030.png","https://img.uefa.com/imgml/TP/teams/logos/240x240/50030.png","250030","SAL","DOMESTIC_MEN_TEAM_A","","DOMESTIC","Autriche","Salzburg","FC Salzburg","SAL","","","","","","","","",""
"250147526","50123","24","2001-03-20","15","G. De Zarate","ESP","CENTRE_BACK","DEFENDER","MALE","","./image/250147526.jpg","Urko González","DEFENDER","12","URKO","200122","","Espagne","Défenseur","Urko","González","Urko González","González","200122","./assoc/200122_ESP.svg","./logo/50123.png","UEFA","ESP","50123","FAME","Real Sociedad","","https://img.uefa.com/imgml/TP/teams/logos/70x70/50123.png","https://img.uefa.com/imgml/TP/teams/logos/240x240/50123.png","250123","RSO","DOMESTIC_MEN_TEAM_A","","DOMESTIC","Espagne","Real Sociedad","Real Sociedad de Fútbol","RSO","","","","","","","","",""
"250147522","50123","24","2001-04-02","30","Ayesa Burgui","ESP","GOALKEEPER","GOALKEEPER","MALE","","./image/250147522.jpg","Gaizka Ayesa","GOALKEEPER","23","G. AYESA","200122","","Espagne","Gardien","Gaizka","Ayesa","Gaizka Ayesa","Ayesa","200122","./assoc/200122_ESP.svg","./logo/50123.png","UEFA","ESP","50123","FAME","Real Sociedad","","https://img.uefa.com/imgml/TP/teams/logos/70x70/50123.png","https://img.uefa.com/imgml/TP/teams/logos/240x240/50123.png","250123","RSO","DOMESTIC_MEN_TEAM_A","","DOMESTIC","Espagne","Real Sociedad","Real Sociedad de Fútbol","RSO","","","","","","","","",""
"250139356","50067","21","2004-08-16","50","JANKAT","TUR","UNKNOWN","GOALKEEPER","MALE","","./image/250139356.jpg","Jankat Yılmaz","GOALKEEPER","12","","200135","","Turquie","Gardien","","Jankat Yılmaz","Jankat Yılmaz","Jankat Yılmaz","200135","./assoc/200135_TUR.svg","./logo/50067.png","UEFA","TUR","50067","FAME","Galatasaray","","https://img.uefa.com/imgml/TP/teams/logos/70x70/50067.png","https://img.uefa.com/imgml/TP/teams/logos/240x240/50067.png","250067","GAL","DOMESTIC_MEN_TEAM_A","","DOMESTIC","Turquie","Galatasaray","Galatasaray A.Ş.","GAL","","","","","","","","",""
"250139254","50051","21","2004-02-24","3","Obrador","ESP","CENTRE_BACK","DEFENDER","MALE","","./image/250139254.jpg","Rafel Obrador","DEFENDER","20","Obrador","200122","","Espagne","Défenseur","Rafel","Obrador","Rafel Obrador","Obrador","200122","./assoc/200122_ESP.svg","./logo/50051.png","UEFA","ESP","50051","FAME","Real Madrid","","https://img.uefa.com/imgml/TP/teams/logos/70x70/50051.png","https://img.uefa.com/imgml/TP/teams/logos/240x240/50051.png","250051","RMA","DOMESTIC_MEN_TEAM_A","","DOMESTIC","Espagne","Real Madrid","Real Madrid C.F.","RMA","","","","","","","","",""
"250139075","52749","21","2004-02-29","39","Van Sas","NED","","GOALKEEPER","MALE","","./image/250139075.jpg","Mikki van Sas","GOALKEEPER","1","Van Sas","300095","","Pays-Bas","Gardien","Mikki","van Sas","Mikki van Sas","van Sas","200095","./assoc/200095_NED.svg","./logo/52749.png","UEFA","NED","52749","FAME","Feyenoord","","https://img.uefa.com/imgml/TP/teams/logos/70x70/52749.png","https://img.uefa.com/imgml/TP/teams/logos/240x240/52749.png","252749","FEY","DOMESTIC_MEN_TEAM_A","","DOMESTIC","Pays-Bas","Feyenoord","Feyenoord","FEY","","","","","","","","",""
"250139013","50030","21","2003-11-25","41","Krumrey","GER","UNKNOWN","GOALKEEPER","MALE","","./image/250139013.jpg","Jonas Krumrey","GOALKEEPER","","Krumrey","","","Allemagne","Gardien","Jonas","Krumrey","Jonas Krumrey","Krumrey","200008","./assoc/200008_AUT.svg","./logo/50030.png","UEFA","AUT","50030","FAME","Salzburg","","https://img.uefa.com/imgml/TP/teams/logos/70x70/50030.png","https://img.uefa.com/imgml/TP/teams/logos/240x240/50030.png","250030","SAL","DOMESTIC_MEN_TEAM_A","","DOMESTIC","Autriche","Salzburg","FC Salzburg","SAL","","","","","","","","",""
"250136441","50123","22","2003-03-12","32","Fraga","ESP","UNKNOWN","GOALKEEPER","MALE","","./image/250136441.jpg","Aitor Fraga","GOALKEEPER","13","FRAGA","200122","","Espagne","Gardien","Aitor","Fraga","Aitor Fraga","Fraga","200122","./assoc/200122_ESP.svg","./logo/50123.png","UEFA","ESP","50123","FAME","Real Sociedad","","https://img.uefa.com/imgml/TP/teams/logos/70x70/50123.png","https://img.uefa.com/imgml/TP/teams/logos/240x240/50123.png","250123","RSO","DOMESTIC_MEN_TEAM_A","","DOMESTIC","Espagne","Real Sociedad","Real Sociedad de Fútbol","RSO","","","","","","","","",""
"250135929","50064","23","2002-03-23","87","Folha","POR","UNKNOWN","MIDFIELDER","MALE","","./image/250135929.jpg","Bernardo Folha","MIDFIELDER","16","BERNARDO FOLHA","200110","","Portugal","Milieu","","Bernardo Folha","Bernardo Folha","Bernardo Folha","200110","./assoc/200110_POR.svg","./logo/50064.png","UEFA","POR","50064","FAME","Porto","","https://img.uefa.com/imgml/TP/teams/logos/70x70/50064.png","https://img.uefa.com/imgml/TP/teams/logos/240x240/50064.png","250064","POR","DOMESTIC_MEN_TEAM_A","","DOMESTIC","Portugal","Porto","FC Porto","POR","","","","","","","","",""
"250135499","50124","22","2003-03-20","31","A.GOMIS","ESP","","GOALKEEPER","MALE","","./image/250135499.jpg","Antonio Gomis","GOALKEEPER","","GOMIS","","","Espagne","Gardien","","Antonio Gomis","Antonio Gomis","Antonio Gomis","200122","./assoc/200122_ESP.svg","./logo/50124.png","UEFA","ESP","50124","FAME","Atleti","","https://img.uefa.com/imgml/TP/teams/logos/70x70/50124.png","https://img.uefa.com/imgml/TP/teams/logos/240x240/50124.png","250124","ATM","DOMESTIC_MEN_TEAM_A","","DOMESTIC","Espagne","Atleti","Atlético de Madrid","ATM","","","","","","","","",""
"250135497","50124","21","2004-02-21","28","GISMERA","ESP","UNKNOWN","MIDFIELDER","MALE","","./image/250135497.jpg","Aitor Gismera","MIDFIELDER","18","Gismera Monge","2300122","","Espagne","Milieu","","Aitor Gismera","Aitor Gismera","Aitor Gismera","200122","./assoc/200122_ESP.svg","./logo/50124.png","UEFA","ESP","50124","FAME","Atleti","","https://img.uefa.com/imgml/TP/teams/logos/70x70/50124.png","https://img.uefa.com/imgml/TP/teams/logos/240x240/50124.png","250124","ATM","DOMESTIC_MEN_TEAM_A","","DOMESTIC","Espagne","Atleti","Atlético de Madrid","ATM","","","","","","","","",""
"250134776","52707","22","2003-05-25","27","Ocheretko","UKR","","MIDFIELDER","MALE","","./image/250134776.jpg","Oleh Ocheretko","MIDFIELDER","15","Ocheretko","57166","","Ukraine","Milieu","Oleh","Ocheretko","Oleh Ocheretko","Ocheretko","257166","./assoc/257166_UKR.svg","./logo/52707.png","UEFA","UKR","52707","FAME","Shakhtar","","https://img.uefa.com/imgml/TP/teams/logos/70x70/52707.png","https://img.uefa.com/imgml/TP/teams/logos/240x240/52707.png","252707","SHK","DOMESTIC_MEN_TEAM_A","","DOMESTIC","Ukraine","Shakhtar","FC Shakhtar Donetsk","SHK","","","","","","","","",""
"250134651","52758","21","2004-02-13","48","","GER","","FORWARD","MALE","","./image/250134651.jpg","Samuel Bamba","FORWARD","17","Bamba","2300047","","Allemagne","Attaquant","Samuel","Bamba","Samuel Bamba","Bamba","200047","./assoc/200047_GER.svg","./logo/52758.png","UEFA","GER","52758","FAME","B. Dortmund","","https://img.uefa.com/imgml/TP/teams/logos/70x70/52758.png","https://img.uefa.com/imgml/TP/teams/logos/240x240/52758.png","252758","BVB","DOMESTIC_MEN_TEAM_A","","DOMESTIC","Allemagne","B. Dortmund","Borussia Dortmund","BVB","","","","","","","","",""
"250132195","50062","25","2000-09-06","37","Ledezma","USA","CENTRAL_MIDFIELDER","MIDFIELDER","MALE","","./image/250132195.jpg","Richard Ledezma","MIDFIELDER","","Ledezma","140","","Etats-Unis","Milieu","Richard","Ledezma","Richard Ledezma","Ledezma","200095","./assoc/200095_NED.svg","./logo/50062.png","UEFA","NED","50062","FAME","PSV","","https://img.uefa.com/imgml/TP/teams/logos/70x70/50062.png","https://img.uefa.com/imgml/TP/teams/logos/240x240/50062.png","250062","PSV","DOMESTIC_MEN_TEAM_A","","DOMESTIC","Pays-Bas","PSV","PSV Eindhoven","PSV","","","","","","","","",""
"250130270","52707","22","2003-03-04","12","Puzankov","UKR","","GOALKEEPER","MALE","","./image/250130270.jpg","Tymur Puzankov","GOALKEEPER","12","Puzankov","357166","","Ukraine","Gardien","Tymur","Puzankov","Tymur Puzankov","Puzankov","257166","./assoc/257166_UKR.svg","./logo/52707.png","UEFA","UKR","52707","FAME","Shakhtar","","https://img.uefa.com/imgml/TP/teams/logos/70x70/52707.png","https://img.uefa.com/imgml/TP/teams/logos/240x240/52707.png","252707","SHK","DOMESTIC_MEN_TEAM_A","","DOMESTIC","Ukraine","Shakhtar","FC Shakhtar Donetsk","SHK","","","","","","","","",""
"250130264","52707","22","2003-04-19","32","Kozik","UKR","CENTRE_BACK","DEFENDER","MALE","","./image/250130264.jpg","Eduard Kozik","DEFENDER","14","Kozik","257166","","Ukraine","Défenseur","Eduard","Kozik","Eduard Kozik","Kozik","257166","./assoc/257166_UKR.svg","./logo/52707.png","UEFA","UKR","52707","FAME","Shakhtar","","https://img.uefa.com/imgml/TP/teams/logos/70x70/52707.png","https://img.uefa.com/imgml/TP/teams/logos/240x240/52707.png","252707","SHK","DOMESTIC_MEN_TEAM_A","","DOMESTIC","Ukraine","Shakhtar","FC Shakhtar Donetsk","SHK","","","","","","","","",""
"250129976","50051","21","2004-08-07","37","EDGAR","ESP","UNKNOWN","DEFENDER","MALE","","./image/250129976.jpg","Edgar Pujol","DEFENDER","6","EDGAR","300122","","Espagne","Défenseur","Edgar","Pujol","Edgar Pujol","Pujol","200122","./assoc/200122_ESP.svg","./logo/50051.png","UEFA","ESP","50051","FAME","Real Madrid","","https://img.uefa.com/imgml/TP/teams/logos/70x70/50051.png","https://img.uefa.com/imgml/TP/teams/logos/240x240/50051.png","250051","RMA","DOMESTIC_MEN_TEAM_A","","DOMESTIC","Espagne","Real Madrid","Real Madrid C.F.","RMA","","","","","","","","",""
"250129963","50080","21","2004-05-15","47","A. Alarcón","ESP","UNKNOWN","FORWARD","MALE","","./image/250129963.jpg","Angel Alarcon","FORWARD","11","Alarcón Galiot","300122","","Espagne","Attaquant","Angel","Alarcon","Angel Alarcon","Alarcon","200122","./assoc/200122_ESP.svg","./logo/50080.png","UEFA","ESP","50080","FAME","Barcelona","","https://img.uefa.com/imgml/TP/teams/logos/70x70/50080.png","https://img.uefa.com/imgml/TP/teams/logos/240x240/50080.png","250080","BAR","DOMESTIC_MEN_TEAM_A","","DOMESTIC","Espagne","Barcelona","FC Barcelona","BAR","","","","","","","","",""
"250129928","50030","22","2003-05-16","5","Okoh","SUI","","DEFENDER","MALE","","./image/250129928.jpg","Bryan Okoh","DEFENDER","5","Okoh","128","","Suisse","Défenseur","Bryan","Okoh","Bryan Okoh","Okoh","200008","./assoc/200008_AUT.svg","./logo/50030.png","UEFA","AUT","50030","FAME","Salzburg","","https://img.uefa.com/imgml/TP/teams/logos/70x70/50030.png","https://img.uefa.com/imgml/TP/teams/logos/240x240/50030.png","250030","SAL","DOMESTIC_MEN_TEAM_A","","DOMESTIC","Autriche","Salzburg","FC Salzburg","SAL","","","","","","","","",""
"250128320","50147","24","2001-01-23","45","Leo K.","JPN","GOALKEEPER","GOALKEEPER","MALE","","./image/250128320.jpg","Leo Kokubo","GOALKEEPER","","Leo K.","","","Japon","Gardien","Leo","Kokubo","Leo Kokubo","Kokubo","200110","./assoc/200110_POR.svg","./logo/50147.png","UEFA","POR","50147","FAME","Benfica","","https://img.uefa.com/imgml/TP/teams/logos/70x70/50147.png","https://img.uefa.com/imgml/TP/teams/logos/240x240/50147.png","250147","BEN","DOMESTIC_MEN_TEAM_A","","DOMESTIC","Portugal","Benfica","SL Benfica","BEN","","","","","","","","",""
"250127047","52336","23","2002-07-13","1","Horníček","CZE","GOALKEEPER","GOALKEEPER","MALE","","./image/250127047.jpg","Lukáš Horníček","GOALKEEPER","23","Horníček","58837","","Tchéquie","Gardien","Lukáš","Horníček","Lukáš Horníček","Horníček","200110","./assoc/200110_POR.svg","./logo/52336.png","UEFA","POR","52336","FAME","Braga","","https://img.uefa.com/imgml/TP/teams/logos/70x70/52336.png","https://img.uefa.com/imgml/TP/teams/logos/240x240/52336.png","252336","BRA","DOMESTIC_MEN_TEAM_A","","DOMESTIC","Portugal","Braga","SC Braga","BRA","","","","","","","","",""
"250126911","50051","23","2002-04-06","34","Carrillo","ESP","UNKNOWN","DEFENDER","MALE","","./image/250126911.jpg","Alvaro Carrillo","DEFENDER","4","Carrillo","200122","","Espagne","Défenseur","","Alvaro Carrillo","Alvaro Carrillo","Alvaro Carrillo","200122","./assoc/200122_ESP.svg","./logo/50051.png","UEFA","ESP","50051","FAME","Real Madrid","","https://img.uefa.com/imgml/TP/teams/logos/70x70/50051.png","https://img.uefa.com/imgml/TP/teams/logos/240x240/50051.png","250051","RMA","DOMESTIC_MEN_TEAM_A","","DOMESTIC","Espagne","Real Madrid","Real Madrid C.F.","RMA","","","","","","","","",""
"250126910","50051","23","2002-05-10","31","Cañizares","ESP","GOALKEEPER","GOALKEEPER","MALE","","./image/250126910.jpg","Lucas Cañizares","GOALKEEPER","13","Cañizares","400122","","Espagne","Gardien","Lucas","Cañizares","Lucas Cañizares","Cañizares","200122","./assoc/200122_ESP.svg","./logo/50051.png","UEFA","ESP","50051","FAME","Real Madrid","","https://img.uefa.com/imgml/TP/teams/logos/70x70/50051.png","https://img.uefa.com/imgml/TP/teams/logos/240x240/50051.png","250051","RMA","DOMESTIC_MEN_TEAM_A","","DOMESTIC","Espagne","Real Madrid","Real Madrid C.F.","RMA","","","","","","","","",""
"250125063","50051","23","2002-05-18","38","Zidane","FRA","UNKNOWN","MIDFIELDER","MALE","","./image/250125063.jpg","Théo Zidane","MIDFIELDER","10","Zidane","400043","","France","Milieu","Théo","Zidane","Théo Zidane","Zidane","200122","./assoc/200122_ESP.svg","./logo/50051.png","UEFA","ESP","50051","FAME","Real Madrid","","https://img.uefa.com/imgml/TP/teams/logos/70x70/50051.png","https://img.uefa.com/imgml/TP/teams/logos/240x240/50051.png","250051","RMA","DOMESTIC_MEN_TEAM_A","","DOMESTIC","Espagne","Real Madrid","Real Madrid C.F.","RMA","","","","","","","","",""
"250124913","52682","21","2003-10-24","40","Vitek","CZE","","GOALKEEPER","MALE","","./image/250124913.jpg","Radek Vítek","GOALKEEPER","23","","258837","","Tchéquie","Gardien","Radek","Vítek","Radek Vítek","Vítek","200039","./assoc/200039_ENG.svg","./logo/52682.png","UEFA","ENG","52682","FAME","Man Utd","","https://img.uefa.com/imgml/TP/teams/logos/70x70/52682.png","https://img.uefa.com/imgml/TP/teams/logos/240x240/52682.png","252682","MUN","DOMESTIC_MEN_TEAM_A","","DOMESTIC","Angleterre","Man Utd","Manchester United","MUN","","","","","","","","",""
"250124307","50136","23","2002-02-03","16","Idasiak","POL","GOALKEEPER","GOALKEEPER","MALE","","./image/250124307.jpg","Hubert Idasiak","GOALKEEPER","","Idasiak","400109","","Pologne","Gardien","Hubert","Idasiak","Hubert Idasiak","Idasiak","200066","./assoc/200066_ITA.svg","./logo/50136.png","UEFA","ITA","50136","FAME","Napoli","","https://img.uefa.com/imgml/TP/teams/logos/70x70/50136.png","https://img.uefa.com/imgml/TP/teams/logos/240x240/50136.png","250136","NAP","DOMESTIC_MEN_TEAM_A","","DOMESTIC","Italie","Napoli","SSC Napoli","NAP","","","","","","","","",""
"250124034","52707","23","2002-05-21","17","Viunnyk","UKR","STRIKER","FORWARD","MALE","","./image/250124034.jpg","Bohdan Viunnyk","FORWARD","10","Viunnyk","257166","","Ukraine","Attaquant","Bohdan","Viunnyk","Bohdan Viunnyk","Viunnyk","257166","./assoc/257166_UKR.svg","./logo/52707.png","UEFA","UKR","52707","FAME","Shakhtar","","https://img.uefa.com/imgml/TP/teams/logos/70x70/52707.png","https://img.uefa.com/imgml/TP/teams/logos/240x240/52707.png","252707","SHK","DOMESTIC_MEN_TEAM_A","","DOMESTIC","Ukraine","Shakhtar","FC Shakhtar Donetsk","SHK","","","","","","","","",""
"250123457","50069","29","1996-06-24","27","Vasiljević","SRB","UNKNOWN","GOALKEEPER","MALE","","./image/250123457.jpg","Nikola Vasiljević","GOALKEEPER","23","Vasiljevic","147","","Serbie","Gardien","Nikola","Vasiljević","Nikola Vasiljević","Vasiljević","200147","./assoc/200147_SRB.svg","./logo/50069.png","UEFA","SRB","50069","FAME","Crvena Zvezda","","https://img.uefa.com/imgml/TP/teams/logos/70x70/50069.png","https://img.uefa.com/imgml/TP/teams/logos/240x240/50069.png","250069","ZVE","DOMESTIC_MEN_TEAM_A","","DOMESTIC","Serbie","Crvena Zvezda","FK Crvena Zvezda","ZVE","","","","","","","","",""
"250118152","50113","28","1997-04-23","26","De Wolf","BEL","GOALKEEPER","GOALKEEPER","MALE","","./image/250118152.jpg","Ortwin De Wolf","GOALKEEPER","13","De Wolf","13","","Belgique","Gardien","Ortwin","De Wolf","Ortwin De Wolf","De Wolf","200013","./assoc/200013_BEL.svg","./logo/50113.png","UEFA","BEL","50113","FAME","Antwerp","","https://img.uefa.com/imgml/TP/teams/logos/70x70/50113.png","https://img.uefa.com/imgml/TP/teams/logos/240x240/50113.png","250113","ANT","DOMESTIC_MEN_TEAM_A","","DOMESTIC","Belgique","Antwerp","Royal Antwerp FC","ANT","","","","","","","","",""
"250117408","50147","23","2002-06-15","24","Samuel S.","POR","GOALKEEPER","GOALKEEPER","MALE","","./image/250117408.jpg","Samuel Soares","GOALKEEPER","1","SAMUEL S.","110","","Portugal","Gardien","","Samuel Soares","Samuel Soares","Samuel Soares","200110","./assoc/200110_POR.svg","./logo/50147.png","UEFA","POR","50147","FAME","Benfica","","https://img.uefa.com/imgml/TP/teams/logos/70x70/50147.png","https://img.uefa.com/imgml/TP/teams/logos/240x240/50147.png","250147","BEN","DOMESTIC_MEN_TEAM_A","","DOMESTIC","Portugal","Benfica","SL Benfica","BEN","","","","","","","","",""
"250116186","52280","23","2002-04-13","31","Hein","EST","","GOALKEEPER","MALE","","./image/250116186.jpg","Karl Hein","GOALKEEPER","1","Hein","56556","","Estonie","Gardien","Karl","Hein","Karl Hein","Hein","200039","./assoc/200039_ENG.svg","./logo/52280.png","UEFA","ENG","52280","FAME","Arsenal","","https://img.uefa.com/imgml/TP/teams/logos/70x70/52280.png","https://img.uefa.com/imgml/TP/teams/logos/240x240/52280.png","252280","ARS","DOMESTIC_MEN_TEAM_A","","DOMESTIC","Angleterre","Arsenal","Arsenal FC","ARS","","","","","","","","",""
"250112609","50136","26","1999-03-03","23","Zerbin","ITA","UNKNOWN","FORWARD","MALE","","./image/250112609.jpg","Alessio Zerbin","FORWARD","22","Zerbin","66","","Italie","Attaquant","Alessio","Zerbin","Alessio Zerbin","Zerbin","200066","./assoc/200066_ITA.svg","./logo/50136.png","UEFA","ITA","50136","FAME","Napoli","","https://img.uefa.com/imgml/TP/teams/logos/70x70/50136.png","https://img.uefa.com/imgml/TP/teams/logos/240x240/50136.png","250136","NAP","DOMESTIC_MEN_TEAM_A","","DOMESTIC","Italie","Napoli","SSC Napoli","NAP","","","","","","","","",""
"250109378","52758","24","2001-05-25","35","Lotka","GER","","GOALKEEPER","MALE","","./image/250109378.jpg","Marcel Lotka","GOALKEEPER","1","Lotka","200109","","Allemagne","Gardien","Marcel","Lotka","Marcel Lotka","Lotka","200047","./assoc/200047_GER.svg","./logo/52758.png","UEFA","GER","52758","FAME","B. Dortmund","","https://img.uefa.com/imgml/TP/teams/logos/70x70/52758.png","https://img.uefa.com/imgml/TP/teams/logos/240x240/52758.png","252758","BVB","DOMESTIC_MEN_TEAM_A","","DOMESTIC","Allemagne","B. Dortmund","Borussia Dortmund","BVB","","","","","","","","",""
"250107375","52682","27","1998-04-14","1","Bayındır","TUR","UNKNOWN","GOALKEEPER","MALE","","./image/250107375.jpg","Altay Bayındır","GOALKEEPER","12","ALTAY","135","","Turquie","Gardien","","Altay Bayındır","Altay Bayındır","Altay Bayındır","200039","./assoc/200039_ENG.svg","./logo/52682.png","UEFA","ENG","52682","FAME","Man Utd","","https://img.uefa.com/imgml/TP/teams/logos/70x70/52682.png","https://img.uefa.com/imgml/TP/teams/logos/240x240/52682.png","252682","MUN","DOMESTIC_MEN_TEAM_A","","DOMESTIC","Angleterre","Man Utd","Manchester United","MUN","","","","","","","","",""
"250106979","52747","24","2001-05-30","25","Arnau Tenas","ESP","UNKNOWN","GOALKEEPER","MALE","","./image/250106979.jpg","Arnau Tenas","GOALKEEPER","1","ARNAU TENAS","122","","Espagne","Gardien","Arnau","Tenas","Arnau Tenas","Tenas","200043","./assoc/200043_FRA.svg","./logo/52747.png","UEFA","FRA","52747","FAME","Paris","","https://img.uefa.com/imgml/TP/teams/logos/70x70/52747.png","https://img.uefa.com/imgml/TP/teams/logos/240x240/52747.png","252747","PSG","DOMESTIC_MEN_TEAM_A","","DOMESTIC","France","Paris","Paris Saint-Germain","PSG","","","","","","","","",""
"250106755","50062","24","2001-08-19","2","Sambo","NED","FULL_BACK","DEFENDER","MALE","","./image/250106755.jpg","Shurandy Sambo","DEFENDER","13","Sambo","200095","","Pays-Bas","Défenseur","Shurandy","Sambo","Shurandy Sambo","Sambo","200095","./assoc/200095_NED.svg","./logo/50062.png","UEFA","NED","50062","FAME","PSV","","https://img.uefa.com/imgml/TP/teams/logos/70x70/50062.png","https://img.uefa.com/imgml/TP/teams/logos/240x240/50062.png","250062","PSV","DOMESTIC_MEN_TEAM_A","","DOMESTIC","Pays-Bas","PSV","PSV Eindhoven","PSV","","","","","","","","",""
"250105664","50037","25","2000-07-10","18","Peretz","ISR","GOALKEEPER","GOALKEEPER","MALE","","./image/250105664.jpg","Daniel Peretz","GOALKEEPER","1","Da. Peretz","65","","Israël","Gardien","Daniel","Peretz","Daniel Peretz","Da. Peretz","200047","./assoc/200047_GER.svg","./logo/50037.png","UEFA","GER","50037","FAME","Bayern München","","https://img.uefa.com/imgml/TP/teams/logos/70x70/50037.png","https://img.uefa.com/imgml/TP/teams/logos/240x240/50037.png","250037","BAY","DOMESTIC_MEN_TEAM_A","","DOMESTIC","Allemagne","Bayern München","FC Bayern München","BAY","","","","","","","","",""
"250104939","50031","25","2000-06-27","10","IMERI","SUI","UNKNOWN","MIDFIELDER","MALE","","./image/250104939.jpg","Kastriot Imeri","MIDFIELDER","10","Imeri","128","","Suisse","Milieu","Kastriot","Imeri","Kastriot Imeri","Imeri","200128","./assoc/200128_SUI.svg","./logo/50031.png","UEFA","SUI","50031","FAME","Young Boys","","https://img.uefa.com/imgml/TP/teams/logos/70x70/50031.png","https://img.uefa.com/imgml/TP/teams/logos/240x240/50031.png","250031","YB","DOMESTIC_MEN_TEAM_A","","DOMESTIC","Suisse","Young Boys","BSC Young Boys","YB","","","","","","","","",""
"250096737","50050","26","1998-11-16","56","Ralston","SCO","FULL_BACK","DEFENDER","MALE","","./image/250096737.jpg","Anthony Ralston","DEFENDER","2","Ralston","117","","Écosse","Défenseur","Anthony","Ralston","Anthony Ralston","Ralston","200117","./assoc/200117_SCO.svg","./logo/50050.png","UEFA","SCO","50050","FAME","Celtic","","https://img.uefa.com/imgml/TP/teams/logos/70x70/50050.png","https://img.uefa.com/imgml/TP/teams/logos/240x240/50050.png","250050","CEL","DOMESTIC_MEN_TEAM_A","","DOMESTIC","Écosse","Celtic","Celtic FC","CEL","","","","","","","","",""
"250081931","50062","28","1996-11-16","16","Drommel","NED","UNKNOWN","GOALKEEPER","MALE","","./image/250081931.jpg","Joël Drommel","GOALKEEPER","23","Drommel","95","","Pays-Bas","Gardien","Joël","Drommel","Joël Drommel","Drommel","200095","./assoc/200095_NED.svg","./logo/50062.png","UEFA","NED","50062","FAME","PSV","","https://img.uefa.com/imgml/TP/teams/logos/70x70/50062.png","https://img.uefa.com/imgml/TP/teams/logos/240x240/50062.png","250062","PSV","DOMESTIC_MEN_TEAM_A","","DOMESTIC","Pays-Bas","PSV","PSV Eindhoven","PSV","","","","","","","","",""
"250081349","52707","27","1998-03-12","20","Topalov","UKR","","MIDFIELDER","MALE","","./image/250081349.jpg","Dmytro Topalov","MIDFIELDER","8","Topalov","257166","","Ukraine","Milieu","Dmytro","Topalov","Dmytro Topalov","Topalov","257166","./assoc/257166_UKR.svg","./logo/52707.png","UEFA","UKR","52707","FAME","Shakhtar","","https://img.uefa.com/imgml/TP/teams/logos/70x70/52707.png","https://img.uefa.com/imgml/TP/teams/logos/240x240/52707.png","252707","SHK","DOMESTIC_MEN_TEAM_A","","DOMESTIC","Ukraine","Shakhtar","FC Shakhtar Donetsk","SHK","","","","","","","","",""
"250074556","50124","34","1990-11-26","3","G.Paulista","BRA","CENTRE_BACK","DEFENDER","MALE","185","./image/250074556.jpg","Gabriel Paulista","DEFENDER","","Gabriel","","72","Brésil","Défenseur","Gabriel","Paulista","Gabriel Paulista","Paulista","200122","./assoc/200122_ESP.svg","./logo/50124.png","UEFA","ESP","50124","FAME","Atleti","","https://img.uefa.com/imgml/TP/teams/logos/70x70/50124.png","https://img.uefa.com/imgml/TP/teams/logos/240x240/50124.png","250124","ATM","DOMESTIC_MEN_TEAM_A","","DOMESTIC","Espagne","Atleti","Atlético de Madrid","ATM","","","","","","","","",""
"250074072","50031","29","1996-09-19","40","MARZINO","SUI","GOALKEEPER","GOALKEEPER","MALE","184","./image/250074072.jpg","Dario Marzino","GOALKEEPER","","Marzino","","","Suisse","Gardien","Dario","Marzino","Dario Marzino","Marzino","200128","./assoc/200128_SUI.svg","./logo/50031.png","UEFA","SUI","50031","FAME","Young Boys","","https://img.uefa.com/imgml/TP/teams/logos/70x70/50031.png","https://img.uefa.com/imgml/TP/teams/logos/240x240/50031.png","250031","YB","DOMESTIC_MEN_TEAM_A","","DOMESTIC","Suisse","Young Boys","BSC Young Boys","YB","","","","","","","","",""
"250073722","50067","34","1991-06-25","19","GÜNAY","TUR","UNKNOWN","GOALKEEPER","MALE","","./image/250073722.jpg","Günay Güvenç","GOALKEEPER","","Güvenç","","","Turquie","Gardien","","Günay Güvenç","Günay Güvenç","Günay Güvenç","200135","./assoc/200135_TUR.svg","./logo/50067.png","UEFA","TUR","50067","FAME","Galatasaray","","https://img.uefa.com/imgml/TP/teams/logos/70x70/50067.png","https://img.uefa.com/imgml/TP/teams/logos/240x240/50067.png","250067","GAL","DOMESTIC_MEN_TEAM_A","","DOMESTIC","Turquie","Galatasaray","Galatasaray A.Ş.","GAL","","","","","","","","",""
"250064393","50136","29","1996-05-21","14","Contini","ITA","GOALKEEPER","GOALKEEPER","MALE","190","./image/250064393.jpg","Nikita Contini","GOALKEEPER","","Contini Baranovsky","","","Italie","Gardien","Nikita","Contini","Nikita Contini","Contini","200066","./assoc/200066_ITA.svg","./logo/50136.png","UEFA","ITA","50136","FAME","Napoli","","https://img.uefa.com/imgml/TP/teams/logos/70x70/50136.png","https://img.uefa.com/imgml/TP/teams/logos/240x240/50136.png","250136","NAP","DOMESTIC_MEN_TEAM_A","","DOMESTIC","Italie","Napoli","SSC Napoli","NAP","","","","","","","","",""
"250062632","50069","37","1988-05-28","1","Popović","SRB","GOALKEEPER","GOALKEEPER","MALE","","./image/250062632.jpg","Zoran Popović","GOALKEEPER","","Popović","","","Serbie","Gardien","Zoran","Popović","Zoran Popović","Popović","200147","./assoc/200147_SRB.svg","./logo/50069.png","UEFA","SRB","50069","FAME","Crvena Zvezda","","https://img.uefa.com/imgml/TP/teams/logos/70x70/50069.png","https://img.uefa.com/imgml/TP/teams/logos/240x240/50069.png","250069","ZVE","DOMESTIC_MEN_TEAM_A","","DOMESTIC","Serbie","Crvena Zvezda","FK Crvena Zvezda","ZVE","","","","","","","","",""
"250058930","50136","30","1995-03-18","95","GOLLINI","ITA","GOALKEEPER","GOALKEEPER","MALE","","./image/250058930.jpg","Pierluigi Gollini","GOALKEEPER","14","Gollini","66","","Italie","Gardien","Pierluigi","Gollini","Pierluigi Gollini","Gollini","200066","./assoc/200066_ITA.svg","./logo/50136.png","UEFA","ITA","50136","FAME","Napoli","","https://img.uefa.com/imgml/TP/teams/logos/70x70/50136.png","https://img.uefa.com/imgml/TP/teams/logos/240x240/50136.png","250136","NAP","DOMESTIC_MEN_TEAM_A","","DOMESTIC","Italie","Napoli","SSC Napoli","NAP","","","","","","","","",""
"250056074","50124","29","1996-01-18","1","GRBIĆ","CRO","UNKNOWN","GOALKEEPER","MALE","","./image/250056074.jpg","Ivo Grbić","GOALKEEPER","12","Grbić","56370","","Croatie","Gardien","Ivo","Grbić","Ivo Grbić","Grbić","200122","./assoc/200122_ESP.svg","./logo/50124.png","UEFA","ESP","50124","FAME","Atleti","","https://img.uefa.com/imgml/TP/teams/logos/70x70/50124.png","https://img.uefa.com/imgml/TP/teams/logos/240x240/50124.png","250124","ATM","DOMESTIC_MEN_TEAM_A","","DOMESTIC","Espagne","Atleti","Atlético de Madrid","ATM","","","","","","","","",""
"250054578","52336","30","1995-01-11","12","Tiago Sá","POR","GOALKEEPER","GOALKEEPER","MALE","185","./image/250054578.jpg","Tiago Sá","GOALKEEPER","1","Tiago Sá","300110","78","Portugal","Gardien","Tiago","Sá","Tiago Sá","Tiago Sá","200110","./assoc/200110_POR.svg","./logo/52336.png","UEFA","POR","52336","FAME","Braga","","https://img.uefa.com/imgml/TP/teams/logos/70x70/52336.png","https://img.uefa.com/imgml/TP/teams/logos/240x240/52336.png","252336","BRA","DOMESTIC_MEN_TEAM_A","","DOMESTIC","Portugal","Braga","SC Braga","BRA","","","","","","","","",""
"250054306","2603790","31","1994-04-10","25","Zingerle","GER","UNKNOWN","GOALKEEPER","MALE","188","./image/250054306.jpg","Leopold Zingerle","GOALKEEPER","12","Zingerle","300047","","Allemagne","Gardien","Leopold","Zingerle","Leopold Zingerle","Zingerle","200047","./assoc/200047_GER.svg","./logo/2603790.png","UEFA","GER","2603790","FAME","Leipzig","","https://img.uefa.com/imgml/TP/teams/logos/70x70/2603790.png","https://img.uefa.com/imgml/TP/teams/logos/240x240/2603790.png","250002563","RBL","DOMESTIC_MEN_TEAM_A","","DOMESTIC","Allemagne","Leipzig","RB Leipzig","RBL","","","","","","","","",""
"250043858","50113","31","1994-09-15","3","Engels","BEL","CENTRE_BACK","DEFENDER","MALE","193","./image/250043858.jpg","Björn Engels","DEFENDER","4","Engels","13","83","Belgique","Défenseur","Björn","Engels","Björn Engels","Engels","200013","./assoc/200013_BEL.svg","./logo/50113.png","UEFA","BEL","50113","FAME","Antwerp","","https://img.uefa.com/imgml/TP/teams/logos/70x70/50113.png","https://img.uefa.com/imgml/TP/teams/logos/240x240/50113.png","250113","ANT","DOMESTIC_MEN_TEAM_A","","DOMESTIC","Belgique","Antwerp","Royal Antwerp FC","ANT","","","","","","","","",""
"250042038","52709","30","1995-02-18","31","Runarsson","ISL","GOALKEEPER","GOALKEEPER","MALE","","./image/250042038.jpg","Rúnar Rúnarsson","GOALKEEPER","1","Runarsson","58","","Islande","Gardien","Rúnar","Rúnarsson","Rúnar Rúnarsson","Rúnarsson","200035","./assoc/200035_DEN.svg","./logo/52709.png","UEFA","DEN","52709","FAME","Copenhagen","","https://img.uefa.com/imgml/TP/teams/logos/70x70/52709.png","https://img.uefa.com/imgml/TP/teams/logos/240x240/52709.png","252709","CPH","DOMESTIC_MEN_TEAM_A","","DOMESTIC","Danemark","Copenhagen","F.C. Copenhagen","CPH","","","","","","","","",""
"250031037","52747","38","1986-12-15","1","K. Navas","CRC","UNKNOWN","GOALKEEPER","MALE","184","./image/250031037.jpg","Keylor Navas","GOALKEEPER","1","K. Navas","31","78","Costa Rica","Gardien","Keylor","Navas","Keylor Navas","Navas","200043","./assoc/200043_FRA.svg","./logo/52747.png","UEFA","FRA","52747","FAME","Paris","","https://img.uefa.com/imgml/TP/teams/logos/70x70/52747.png","https://img.uefa.com/imgml/TP/teams/logos/240x240/52747.png","252747","PSG","DOMESTIC_MEN_TEAM_A","","DOMESTIC","France","Paris","Paris Saint-Germain","PSG","","","","","","","","",""
"250028212","77977","33","1992-06-02","37","Schwolow","GER","","GOALKEEPER","MALE","","./image/250028212.jpg","Alexander Schwolow","GOALKEEPER","","Schwolow","300047","","Allemagne","Gardien","Alexander","Schwolow","Alexander Schwolow","Schwolow","200047","./assoc/200047_GER.svg","./logo/77977.png","UEFA","GER","77977","FAME","Union Berlin","","https://img.uefa.com/imgml/TP/teams/logos/70x70/77977.png","https://img.uefa.com/imgml/TP/teams/logos/240x240/77977.png","277977","UBE","DOMESTIC_MEN_TEAM_A","","DOMESTIC","Allemagne","Union Berlin","1. FC Union Berlin","UBE","","","","","","","","",""
"250025058","52747","34","1990-12-11","30","Letellier","FRA","UNKNOWN","GOALKEEPER","MALE","","./image/250025058.jpg","Alexandre Letellier","GOALKEEPER","","Letellier","","","France","Gardien","Alexandre","Letellier","Alexandre Letellier","Letellier","200043","./assoc/200043_FRA.svg","./logo/52747.png","UEFA","FRA","52747","FAME","Paris","","https://img.uefa.com/imgml/TP/teams/logos/70x70/52747.png","https://img.uefa.com/imgml/TP/teams/logos/240x240/52747.png","252747","PSG","DOMESTIC_MEN_TEAM_A","","DOMESTIC","France","Paris","Paris Saint-Germain","PSG","","","","","","","","",""
"250020857","52707","33","1992-05-07","1","Rudko","UKR","GOALKEEPER","GOALKEEPER","MALE","190","./image/250020857.jpg","Artur Rudko","GOALKEEPER","22","Rudko","57166","83","Ukraine","Gardien","Artur","Rudko","Artur Rudko","Rudko","257166","./assoc/257166_UKR.svg","./logo/52707.png","UEFA","UKR","52707","FAME","Shakhtar","","https://img.uefa.com/imgml/TP/teams/logos/70x70/52707.png","https://img.uefa.com/imgml/TP/teams/logos/240x240/52707.png","252707","SHK","DOMESTIC_MEN_TEAM_A","","DOMESTIC","Ukraine","Shakhtar","FC Shakhtar Donetsk","SHK","","","","","","","","",""
"250017814","50138","32","1993-10-03","12","Di Gennaro","ITA","GOALKEEPER","GOALKEEPER","MALE","","./image/250017814.jpg","Raffaele Di Gennaro","GOALKEEPER","","Di Gennaro","300066","","Italie","Gardien","Raffaele","Di Gennaro","Raffaele Di Gennaro","Di Gennaro","200066","./assoc/200066_ITA.svg","./logo/50138.png","UEFA","ITA","50138","FAME","Inter","","https://img.uefa.com/imgml/TP/teams/logos/70x70/50138.png","https://img.uefa.com/imgml/TP/teams/logos/240x240/50138.png","250138","INT","DOMESTIC_MEN_TEAM_A","","DOMESTIC","Italie","Inter","FC Internazionale Milano","INT","","","","","","","","",""
"250016034","52277","40","1985-09-21","16","Leca","FRA","UNKNOWN","GOALKEEPER","MALE","","./image/250016034.jpg","Jean-Louis Leca","GOALKEEPER","","Leca","","","France","Gardien","Jean-Louis","Leca","Jean-Louis Leca","Leca","200043","./assoc/200043_FRA.svg","./logo/52277.png","UEFA","FRA","52277","FAME","Lens","","https://img.uefa.com/imgml/TP/teams/logos/70x70/52277.png","https://img.uefa.com/imgml/TP/teams/logos/240x240/52277.png","252277","LEN","DOMESTIC_MEN_TEAM_A","","DOMESTIC","France","Lens","RC Lens","LEN","","","","","","","","",""
"250014327","59324","32","1993-06-22","18","Karius","GER","GOALKEEPER","GOALKEEPER","MALE","","./image/250014327.jpg","Loris Karius","GOALKEEPER","12","Karius","200047","","Allemagne","Gardien","Loris","Karius","Loris Karius","Karius","200039","./assoc/200039_ENG.svg","./logo/59324.png","UEFA","ENG","59324","FAME","Newcastle","","https://img.uefa.com/imgml/TP/teams/logos/70x70/59324.png","https://img.uefa.com/imgml/TP/teams/logos/240x240/59324.png","259324","NEW","DOMESTIC_MEN_TEAM_A","","DOMESTIC","Angleterre","Newcastle","Newcastle United FC","NEW","","","","","","","","",""
"250011547","52709","32","1993-03-17","15","Babacar","SEN","STRIKER","FORWARD","MALE","184","./image/250011547.jpg","Khouma Babacar","","","Babacar","","68","Sénégal","Attaquant","Khouma","Babacar","Khouma Babacar","Babacar","200035","./assoc/200035_DEN.svg","./logo/52709.png","UEFA","DEN","52709","FAME","Copenhagen","","https://img.uefa.com/imgml/TP/teams/logos/70x70/52709.png","https://img.uefa.com/imgml/TP/teams/logos/240x240/52709.png","252709","CPH","DOMESTIC_MEN_TEAM_A","","DOMESTIC","Danemark","Copenhagen","F.C. Copenhagen","CPH","","","","","","","","",""
"250011071","50050","33","1991-11-22","29","Bain","SCO","GOALKEEPER","GOALKEEPER","MALE","","./image/250011071.jpg","Scott Bain","GOALKEEPER","","Bain","117","","Écosse","Gardien","Scott","Bain","Scott Bain","Bain","200117","./assoc/200117_SCO.svg","./logo/50050.png","UEFA","SCO","50050","FAME","Celtic","","https://img.uefa.com/imgml/TP/teams/logos/70x70/50050.png","https://img.uefa.com/imgml/TP/teams/logos/240x240/50050.png","250050","CEL","DOMESTIC_MEN_TEAM_A","","DOMESTIC","Écosse","Celtic","Celtic FC","CEL","","","","","","","","",""
"250006405","59324","34","1991-09-26","3","Dummett","WAL","CENTRE_BACK","DEFENDER","MALE","183","./image/250006405.jpg","Paul Dummett","DEFENDER","3","Dummett","144","77","Pays de Galles","Défenseur","Paul","Dummett","Paul Dummett","Dummett","200039","./assoc/200039_ENG.svg","./logo/59324.png","UEFA","ENG","59324","FAME","Newcastle","","https://img.uefa.com/imgml/TP/teams/logos/70x70/59324.png","https://img.uefa.com/imgml/TP/teams/logos/240x240/59324.png","259324","NEW","DOMESTIC_MEN_TEAM_A","","DOMESTIC","Angleterre","Newcastle","Newcastle United FC","NEW","","","","","","","","",""
"250002190","52973","34","1991-05-08","33","Sepe","ITA","GOALKEEPER","GOALKEEPER","MALE","185","./image/250002190.jpg","Luigi Sepe","GOALKEEPER","","Sepe","","75","Italie","Gardien","Luigi","Sepe","Luigi Sepe","Sepe","200066","./assoc/200066_ITA.svg","./logo/52973.png","UEFA","ITA","52973","FAME","Lazio","","https://img.uefa.com/imgml/TP/teams/logos/70x70/52973.png","https://img.uefa.com/imgml/TP/teams/logos/240x240/52973.png","252973","LAZ","DOMESTIC_MEN_TEAM_A","","DOMESTIC","Italie","Lazio","S.S. Lazio","LAZ","","","","","","","","",""
"250001842","50069","36","1989-05-31","19","Milunovic","SRB","CENTRE_BACK","DEFENDER","MALE","","./image/250001842.jpg","Nemanja Milunović","DEFENDER","19","Milunovic","147","","Serbie","Défenseur","Nemanja","Milunović","Nemanja Milunović","Milunović","200147","./assoc/200147_SRB.svg","./logo/50069.png","UEFA","SRB","50069","FAME","Crvena Zvezda","","https://img.uefa.com/imgml/TP/teams/logos/70x70/50069.png","https://img.uefa.com/imgml/TP/teams/logos/240x240/50069.png","250069","ZVE","DOMESTIC_MEN_TEAM_A","","DOMESTIC","Serbie","Crvena Zvezda","FK Crvena Zvezda","ZVE","","","","","","","","",""
"1907817","52749","34","1991-09-18","31","Lamprou","GRE","UNKNOWN","GOALKEEPER","MALE","","./image/1907817.jpg","Kostas Lamprou","GOALKEEPER","","Lamprou","200049","","Grèce","Gardien","Kostas","Lamprou","Kostas Lamprou","Lamprou","200095","./assoc/200095_NED.svg","./logo/52749.png","UEFA","NED","52749","FAME","Feyenoord","","https://img.uefa.com/imgml/TP/teams/logos/70x70/52749.png","https://img.uefa.com/imgml/TP/teams/logos/240x240/52749.png","252749","FEY","DOMESTIC_MEN_TEAM_A","","DOMESTIC","Pays-Bas","Feyenoord","Feyenoord","FEY","","","","","","","","",""
