PlayerId,TeamId,PlayerAge,PlayerBirthDate,PlayerClubJerseyNumber,PlayerClubShirtName,PlayerCountryCode,PlayerDetailedFieldPosition,PlayerFieldPosition,PlayerGender,PlayerHeight,PlayerImageUrl,PlayerInternationalName,PlayerNationalFieldPosition,PlayerNationalJerseyNumber,PlayerNationalShirtName,PlayerNationalTeamId,PlayerWeight,PlayerCountryName,PlayerFieldPositionFR,PlayerFirstName,PlayerLastName,PlayerName,PlayerShortName,TeamAssociationId,TeamAssociationLogoUrl,TeamBigLogoUrl,TeamConfederationType,TeamCountryCode,TeamId_Full,TeamIdProvider,TeamInternationalName,TeamIsPlaceHolder,TeamLogoUrl,TeamMediumLogoUrl,TeamOrganizationId,TeamCode,TeamTypeDetail,TeamTypeIsNational,TeamType,TeamCountryName,TeamDisplayName,TeamDisplayOfficialName,TeamDisplayTeamCode,minutesplayedofficial,minutesplayedofficial_Unit,matchesappearance,goals,assists,distancecovered,distancecovered_Unit,topspeed,topspeed_Unit
"250011668","50051","33","1992-05-11","1","COURTOIS","BEL","GOALKEEPER","GOALKEEPER","MALE","199","./image/250011668.jpg","Thibaut Courtois","GOALKEEPER","1","Courtois","13","91","Belgique","Gardien","Thibaut","Courtois","Thibaut Courtois","Courtois","200122","./assoc/200122_ESP.svg","./logo/50051.png","UEFA","ESP","50051","FAME","Real Madrid","","https://img.uefa.com/imgml/TP/teams/logos/70x70/50051.png","https://img.uefa.com/imgml/TP/teams/logos/240x240/50051.png","250051","RMA","DOMESTIC_MEN_TEAM_A","","DOMESTIC","Espagne","Real Madrid","Real Madrid C.F.","RMA","1230","MINUTE","13","0","0","64.35","KILOMETER","29.2","KILOMETER_PER_HOUR"
"250121533","50051","25","2000-07-12","7","VINI JR.","BRA","UNKNOWN","FORWARD","MALE","","./image/250121533.jpg","Vinícius Júnior","FORWARD","7","Vini Jr.","18","","Brésil","Attaquant","","Vinícius Júnior","Vinícius Júnior","Vinícius Júnior","200122","./assoc/200122_ESP.svg","./logo/50051.png","UEFA","ESP","50051","FAME","Real Madrid","","https://img.uefa.com/imgml/TP/teams/logos/70x70/50051.png","https://img.uefa.com/imgml/TP/teams/logos/240x240/50051.png","250051","RMA","DOMESTIC_MEN_TEAM_A","","DOMESTIC","Espagne","Real Madrid","Real Madrid C.F.","RMA","1199","MINUTE","13","4","6","133.19","KILOMETER","35.4","KILOMETER_PER_HOUR"
"250099867","7889","33","1992-10-02","1","A.Becker","BRA","GOALKEEPER","GOALKEEPER","MALE","191","./image/250099867.jpg","Alisson Becker","GOALKEEPER","1","A. Becker","18","91","Brésil","Gardien","","Alisson Becker","Alisson Becker","Alisson Becker","200039","./assoc/200039_ENG.svg","./logo/7889.png","UEFA","ENG","7889","FAME","Liverpool","","https://img.uefa.com/imgml/TP/teams/logos/70x70/7889.png","https://img.uefa.com/imgml/TP/teams/logos/240x240/7889.png","207889","LIV","DOMESTIC_MEN_TEAM_A","","DOMESTIC","Angleterre","Liverpool","Liverpool FC","LIV","1170","MINUTE","13","0","0","68.8","KILOMETER","28.5","KILOMETER_PER_HOUR"
"93321","50051","37","1987-12-19","9","Benzema","FRA","STRIKER","FORWARD","MALE","187","./image/93321.jpg","Karim Benzema","FORWARD","19","Benzema","43","79","France","Attaquant","Karim","Benzema","Karim Benzema","Benzema","200122","./assoc/200122_ESP.svg","./logo/50051.png","UEFA","ESP","50051","FAME","Real Madrid","","https://img.uefa.com/imgml/TP/teams/logos/70x70/50051.png","https://img.uefa.com/imgml/TP/teams/logos/240x240/50051.png","250051","RMA","DOMESTIC_MEN_TEAM_A","","DOMESTIC","Espagne","Real Madrid","Real Madrid C.F.","RMA","1106","MINUTE","12","15","1","121.62","KILOMETER","32.21","KILOMETER_PER_HOUR"
"250088461","70691","28","1997-01-16","14","Pau","ESP","CENTRE_BACK","DEFENDER","MALE","","./image/250088461.jpg","Pau Torres","DEFENDER","4","Pau","122","","Espagne","Défenseur","","Pau Torres","Pau Torres","Pau Torres","200122","./assoc/200122_ESP.svg","./logo/70691.png","UEFA","ESP","70691","FAME","Villarreal","","https://img.uefa.com/imgml/TP/teams/logos/70x70/70691.png","https://img.uefa.com/imgml/TP/teams/logos/240x240/70691.png","270691","VIL","DOMESTIC_MEN_TEAM_A","","DOMESTIC","Espagne","Villarreal","Villarreal CF","VIL","1080","MINUTE","12","1","0","124.25","KILOMETER","31.8","KILOMETER_PER_HOUR"
"250073918","70691","33","1992-05-20","1","Rulli","ARG","GOALKEEPER","GOALKEEPER","MALE","189","./image/250073918.jpg","Gerónimo Rulli","GOALKEEPER","12","Rulli","6","90","Argentine","Gardien","Gerónimo","Rulli","Gerónimo Rulli","Rulli","200122","./assoc/200122_ESP.svg","./logo/70691.png","UEFA","ESP","70691","FAME","Villarreal","","https://img.uefa.com/imgml/TP/teams/logos/70x70/70691.png","https://img.uefa.com/imgml/TP/teams/logos/240x240/70691.png","270691","VIL","DOMESTIC_MEN_TEAM_A","","DOMESTIC","Espagne","Villarreal","Villarreal CF","VIL","1080","MINUTE","12","0","0","61.22","KILOMETER","27.6","KILOMETER_PER_HOUR"
"74699","50051","40","1985-09-09","10","MODRIĆ","CRO","CENTRAL_MIDFIELDER","MIDFIELDER","MALE","174","./image/74699.jpg","Luka Modrić","MIDFIELDER","10","Modrić","56370","65","Croatie","Milieu","Luka","Modrić","Luka Modrić","Modrić","200122","./assoc/200122_ESP.svg","./logo/50051.png","UEFA","ESP","50051","FAME","Real Madrid","","https://img.uefa.com/imgml/TP/teams/logos/70x70/50051.png","https://img.uefa.com/imgml/TP/teams/logos/240x240/50051.png","250051","RMA","DOMESTIC_MEN_TEAM_A","","DOMESTIC","Espagne","Real Madrid","Real Madrid C.F.","RMA","1077","MINUTE","13","0","4","124.52","KILOMETER","33.5","KILOMETER_PER_HOUR"
"250121965","50051","27","1998-01-18","3","E. MILITÃO","BRA","FULL_BACK","DEFENDER","MALE","","./image/250121965.jpg","Éder Militão","DEFENDER","14","E. Militão","18","","Brésil","Défenseur","","Éder Militão","Éder Militão","Éder Militão","200122","./assoc/200122_ESP.svg","./logo/50051.png","UEFA","ESP","50051","FAME","Real Madrid","","https://img.uefa.com/imgml/TP/teams/logos/70x70/50051.png","https://img.uefa.com/imgml/TP/teams/logos/240x240/50051.png","250051","RMA","DOMESTIC_MEN_TEAM_A","","DOMESTIC","Espagne","Real Madrid","Real Madrid C.F.","RMA","1076","MINUTE","12","0","0","110.42","KILOMETER","38.3","KILOMETER_PER_HOUR"
"104033","70691","36","1989-04-16","10","Parejo","ESP","CENTRAL_MIDFIELDER","MIDFIELDER","MALE","178","./image/104033.jpg","Daniel Parejo","MIDFIELDER","21","Parejo","122","73","Espagne","Milieu","Daniel","Parejo","Daniel Parejo","Parejo","200122","./assoc/200122_ESP.svg","./logo/70691.png","UEFA","ESP","70691","FAME","Villarreal","","https://img.uefa.com/imgml/TP/teams/logos/70x70/70691.png","https://img.uefa.com/imgml/TP/teams/logos/240x240/70691.png","270691","VIL","DOMESTIC_MEN_TEAM_A","","DOMESTIC","Espagne","Villarreal","Villarreal CF","VIL","1055","MINUTE","12","1","3","130.95","KILOMETER","28.6","KILOMETER_PER_HOUR"
"108395","70691","37","1988-07-11","6","Capoue","FRA","DEFENSIVE_MIDFIELDER","MIDFIELDER","MALE","189","./image/108395.jpg","Étienne Capoue","MIDFIELDER","7","Capoue","200043","","France","Milieu","Étienne","Capoue","Étienne Capoue","Capoue","200122","./assoc/200122_ESP.svg","./logo/70691.png","UEFA","ESP","70691","FAME","Villarreal","","https://img.uefa.com/imgml/TP/teams/logos/70x70/70691.png","https://img.uefa.com/imgml/TP/teams/logos/240x240/70691.png","270691","VIL","DOMESTIC_MEN_TEAM_A","","DOMESTIC","Espagne","Villarreal","Villarreal CF","VIL","1046","MINUTE","12","2","4","130.97","KILOMETER","31.1","KILOMETER_PER_HOUR"
"69168","70691","40","1985-09-04","3","R. Albiol","ESP","CENTRE_BACK","DEFENDER","MALE","190","./image/69168.jpg","Raúl Albiol","DEFENDER","3","R. Albiol","122","82","Espagne","Défenseur","Raúl","Albiol","Raúl Albiol","Albiol","200122","./assoc/200122_ESP.svg","./logo/70691.png","UEFA","ESP","70691","FAME","Villarreal","","https://img.uefa.com/imgml/TP/teams/logos/70x70/70691.png","https://img.uefa.com/imgml/TP/teams/logos/240x240/70691.png","270691","VIL","DOMESTIC_MEN_TEAM_A","","DOMESTIC","Espagne","Villarreal","Villarreal CF","VIL","1045","MINUTE","12","0","0","115.71","KILOMETER","32.8","KILOMETER_PER_HOUR"
"1906540","50051","33","1992-06-24","4","ALABA","AUT","FULL_BACK","DEFENDER","MALE","180","./image/1906540.jpg","David Alaba","DEFENDER","8","Alaba","8","75","Autriche","Défenseur","David","Alaba","David Alaba","Alaba","200122","./assoc/200122_ESP.svg","./logo/50051.png","UEFA","ESP","50051","FAME","Real Madrid","","https://img.uefa.com/imgml/TP/teams/logos/70x70/50051.png","https://img.uefa.com/imgml/TP/teams/logos/240x240/50051.png","250051","RMA","DOMESTIC_MEN_TEAM_A","","DOMESTIC","Espagne","Real Madrid","Real Madrid C.F.","RMA","1040","MINUTE","12","1","0","112.33","KILOMETER","36.6","KILOMETER_PER_HOUR"
"250052469","7889","33","1992-06-15","11","M.Salah","EGY","WINGER","FORWARD","MALE","175","./image/250052469.jpg","Mohamed Salah","FORWARD","","Salah","38","72","Égypte","Attaquant","Mohamed","Salah","Mohamed Salah","Salah","200039","./assoc/200039_ENG.svg","./logo/7889.png","UEFA","ENG","7889","FAME","Liverpool","","https://img.uefa.com/imgml/TP/teams/logos/70x70/7889.png","https://img.uefa.com/imgml/TP/teams/logos/240x240/7889.png","207889","LIV","DOMESTIC_MEN_TEAM_A","","DOMESTIC","Angleterre","Liverpool","Liverpool FC","LIV","1008","MINUTE","13","8","2","112.01","KILOMETER","33.71","KILOMETER_PER_HOUR"
"250073809","52919","32","1993-08-17","31","EDERSON M.","BRA","UNKNOWN","GOALKEEPER","MALE","188","./image/250073809.jpg","Ederson","GOALKEEPER","23","EDERSON","18","81","Brésil","Gardien","","Ederson","Ederson","Ederson","200039","./assoc/200039_ENG.svg","./logo/52919.png","UEFA","ENG","52919","FAME","Man City","","https://img.uefa.com/imgml/TP/teams/logos/70x70/52919.png","https://img.uefa.com/imgml/TP/teams/logos/240x240/52919.png","252919","MCI","DOMESTIC_MEN_TEAM_A","","DOMESTIC","Angleterre","Man City","Manchester City","MCI","1003","MINUTE","11","0","0","51.64","KILOMETER","28.3","KILOMETER_PER_HOUR"
"250070687","52919","34","1991-02-21","26","Mahrez","ALG","WINGER","MIDFIELDER","MALE","179","./image/250070687.jpg","Riyad Mahrez","MIDFIELDER","7","Mahrez","3","62","Algérie","Milieu","Riyad","Mahrez","Riyad Mahrez","Mahrez","200039","./assoc/200039_ENG.svg","./logo/52919.png","UEFA","ENG","52919","FAME","Man City","","https://img.uefa.com/imgml/TP/teams/logos/70x70/52919.png","https://img.uefa.com/imgml/TP/teams/logos/240x240/52919.png","252919","MCI","DOMESTIC_MEN_TEAM_A","","DOMESTIC","Angleterre","Man City","Manchester City","MCI","986","MINUTE","12","7","2","120.55","KILOMETER","31.9","KILOMETER_PER_HOUR"
"250024448","50051","33","1992-01-11","2","CARVAJAL","ESP","FULL_BACK","DEFENDER","MALE","173","./image/250024448.jpg","Dani Carvajal","DEFENDER","2","CARVAJAL","122","73","Espagne","Défenseur","Dani","Carvajal","Dani Carvajal","Carvajal","200122","./assoc/200122_ESP.svg","./logo/50051.png","UEFA","ESP","50051","FAME","Real Madrid","","https://img.uefa.com/imgml/TP/teams/logos/70x70/50051.png","https://img.uefa.com/imgml/TP/teams/logos/240x240/50051.png","250051","RMA","DOMESTIC_MEN_TEAM_A","","DOMESTIC","Espagne","Real Madrid","Real Madrid C.F.","RMA","959","MINUTE","11","0","1","112.9","KILOMETER","33.6","KILOMETER_PER_HOUR"
"250057680","50051","33","1992-02-23","18","Casemiro","BRA","UNKNOWN","MIDFIELDER","MALE","184","./image/250057680.jpg","Casemiro","MIDFIELDER","5","Casemiro","18","76","Brésil","Milieu","","Casemiro","Casemiro","Casemiro","200122","./assoc/200122_ESP.svg","./logo/50051.png","UEFA","ESP","50051","FAME","Real Madrid","","https://img.uefa.com/imgml/TP/teams/logos/70x70/50051.png","https://img.uefa.com/imgml/TP/teams/logos/240x240/50051.png","250051","RMA","DOMESTIC_MEN_TEAM_A","","DOMESTIC","Espagne","Real Madrid","Real Madrid C.F.","RMA","914","MINUTE","11","0","0","107.75","KILOMETER","33.5","KILOMETER_PER_HOUR"
"250132811","7889","28","1997-01-13","14","Luis Díaz","COL","CENTRAL_MIDFIELDER","FORWARD","MALE","","./image/250132811.jpg","Luis Díaz","MIDFIELDER","7","Luis Diaz","29","","Colombie","Attaquant","","Luis Díaz","Luis Díaz","Luis Díaz","200039","./assoc/200039_ENG.svg","./logo/7889.png","UEFA","ENG","7889","FAME","Liverpool","","https://img.uefa.com/imgml/TP/teams/logos/70x70/7889.png","https://img.uefa.com/imgml/TP/teams/logos/240x240/7889.png","207889","LIV","DOMESTIC_MEN_TEAM_A","","DOMESTIC","Angleterre","Liverpool","Liverpool FC","LIV","908","MINUTE","13","4","1","111.41","KILOMETER","35.5","KILOMETER_PER_HOUR"
"250088104","70691","28","1997-01-31","11","Danjuma","NED","STRIKER","MIDFIELDER","MALE","","./image/250088104.jpg","Arnaut Danjuma","MIDFIELDER","9","Danjuma","95","","Pays-Bas","Milieu","Arnaut","Danjuma","Arnaut Danjuma","Danjuma","200122","./assoc/200122_ESP.svg","./logo/70691.png","UEFA","ESP","70691","FAME","Villarreal","","https://img.uefa.com/imgml/TP/teams/logos/70x70/70691.png","https://img.uefa.com/imgml/TP/teams/logos/240x240/70691.png","270691","VIL","DOMESTIC_MEN_TEAM_A","","DOMESTIC","Espagne","Villarreal","Villarreal CF","VIL","906","MINUTE","11","6","2","107.75","KILOMETER","34","KILOMETER_PER_HOUR"
"103147","50051","35","1990-01-04","8","KROOS","GER","CENTRAL_MIDFIELDER","MIDFIELDER","MALE","182","./image/103147.jpg","Toni Kroos","MIDFIELDER","8","Kroos","47","78","Allemagne","Milieu","Toni","Kroos","Toni Kroos","Kroos","200122","./assoc/200122_ESP.svg","./logo/50051.png","UEFA","ESP","50051","FAME","Real Madrid","","https://img.uefa.com/imgml/TP/teams/logos/70x70/50051.png","https://img.uefa.com/imgml/TP/teams/logos/240x240/50051.png","250051","RMA","DOMESTIC_MEN_TEAM_A","","DOMESTIC","Espagne","Real Madrid","Real Madrid C.F.","RMA","902","MINUTE","12","2","0","116.55","KILOMETER","30.7","KILOMETER_PER_HOUR"
"103704","50147","38","1987-04-24","14","Vertonghen","BEL","CENTRE_BACK","DEFENDER","MALE","189","./image/103704.jpg","Jan Vertonghen","DEFENDER","5","Vertonghen","13","79","Belgique","Défenseur","Jan","Vertonghen","Jan Vertonghen","Vertonghen","200110","./assoc/200110_POR.svg","./logo/50147.png","UEFA","POR","50147","FAME","Benfica","","https://img.uefa.com/imgml/TP/teams/logos/70x70/50147.png","https://img.uefa.com/imgml/TP/teams/logos/240x240/50147.png","250147","BEN","DOMESTIC_MEN_TEAM_A","","DOMESTIC","Portugal","Benfica","SL Benfica","BEN","900","MINUTE","10","0","1","97.88","KILOMETER","32.21","KILOMETER_PER_HOUR"
"250023938","50147","31","1994-04-26","99","Odysseas","GRE","GOALKEEPER","GOALKEEPER","MALE","","./image/250023938.jpg","Odysseas Vlachodimos","GOALKEEPER","1","ODYSSEAS","49","","Grèce","Gardien","Odysseas","Vlachodimos","Odysseas Vlachodimos","Vlachodimos","200110","./assoc/200110_POR.svg","./logo/50147.png","UEFA","POR","50147","FAME","Benfica","","https://img.uefa.com/imgml/TP/teams/logos/70x70/50147.png","https://img.uefa.com/imgml/TP/teams/logos/240x240/50147.png","250147","BEN","DOMESTIC_MEN_TEAM_A","","DOMESTIC","Portugal","Benfica","SL Benfica","BEN","900","MINUTE","10","0","0","55.37","KILOMETER","25.4","KILOMETER_PER_HOUR"
"250012069","50124","32","1993-01-07","13","OBLAK","SVN","GOALKEEPER","GOALKEEPER","MALE","186","./image/250012069.jpg","Jan Oblak","GOALKEEPER","1","Oblak","57163","87","Slovénie","Gardien","Jan","Oblak","Jan Oblak","Oblak","200122","./assoc/200122_ESP.svg","./logo/50124.png","UEFA","ESP","50124","FAME","Atleti","","https://img.uefa.com/imgml/TP/teams/logos/70x70/50124.png","https://img.uefa.com/imgml/TP/teams/logos/240x240/50124.png","250124","ATM","DOMESTIC_MEN_TEAM_A","","DOMESTIC","Espagne","Atleti","Atlético de Madrid","ATM","900","MINUTE","10","0","0","52.67","KILOMETER","26.7","KILOMETER_PER_HOUR"
"250147278","70691","27","1998-01-12","8","Foyth","ARG","CENTRE_BACK","DEFENDER","MALE","","./image/250147278.jpg","Juan Foyth","DEFENDER","2","Foyth","6","","Argentine","Défenseur","Juan","Foyth","Juan Foyth","Foyth","200122","./assoc/200122_ESP.svg","./logo/70691.png","UEFA","ESP","70691","FAME","Villarreal","","https://img.uefa.com/imgml/TP/teams/logos/70x70/70691.png","https://img.uefa.com/imgml/TP/teams/logos/240x240/70691.png","270691","VIL","DOMESTIC_MEN_TEAM_A","","DOMESTIC","Espagne","Villarreal","Villarreal CF","VIL","891","MINUTE","10","0","0","98.65","KILOMETER","33.9","KILOMETER_PER_HOUR"
"250059115","52919","31","1994-08-10","20","Bernardo","POR","ATTACKING_MIDFIELDER","MIDFIELDER","MALE","173","./image/250059115.jpg","Bernardo Silva","MIDFIELDER","10","BERNARDO","110","64","Portugal","Milieu","","Bernardo Silva","Bernardo Silva","Bernardo Silva","200039","./assoc/200039_ENG.svg","./logo/52919.png","UEFA","ENG","52919","FAME","Man City","","https://img.uefa.com/imgml/TP/teams/logos/70x70/52919.png","https://img.uefa.com/imgml/TP/teams/logos/240x240/52919.png","252919","MCI","DOMESTIC_MEN_TEAM_A","","DOMESTIC","Angleterre","Man City","Manchester City","MCI","878","MINUTE","11","3","3","120.4","KILOMETER","31.3","KILOMETER_PER_HOUR"
"250002096","50037","37","1988-08-21","9","Lewandowski","POL","STRIKER","FORWARD","MALE","184","./image/250002096.jpg","Robert Lewandowski","FORWARD","9","Lewandowski","109","78","Pologne","Attaquant","Robert","Lewandowski","Robert Lewandowski","Lewandowski","200047","./assoc/200047_GER.svg","./logo/50037.png","UEFA","GER","50037","FAME","Bayern München","","https://img.uefa.com/imgml/TP/teams/logos/70x70/50037.png","https://img.uefa.com/imgml/TP/teams/logos/240x240/50037.png","250037","BAY","DOMESTIC_MEN_TEAM_A","","DOMESTIC","Allemagne","Bayern München","FC Bayern München","BAY","876","MINUTE","10","13","3","99.73","KILOMETER","32.9","KILOMETER_PER_HOUR"
"250112803","50051","30","1995-06-08","23","F. MENDY","FRA","FULL_BACK","DEFENDER","MALE","","./image/250112803.jpg","Ferland Mendy","DEFENDER","3","Mendy","43","","France","Défenseur","Ferland","Mendy","Ferland Mendy","Mendy","200122","./assoc/200122_ESP.svg","./logo/50051.png","UEFA","ESP","50051","FAME","Real Madrid","","https://img.uefa.com/imgml/TP/teams/logos/70x70/50051.png","https://img.uefa.com/imgml/TP/teams/logos/240x240/50051.png","250051","RMA","DOMESTIC_MEN_TEAM_A","","DOMESTIC","Espagne","Real Madrid","Real Madrid C.F.","RMA","867","MINUTE","10","0","2","96.42","KILOMETER","33.71","KILOMETER_PER_HOUR"
"250042422","50147","30","1995-09-20","20","Grimaldo","ESP","FULL_BACK","DEFENDER","MALE","170","./image/250042422.jpg","Alejandro Grimaldo","DEFENDER","17","GRIMALDO","122","64","Espagne","Défenseur","Alejandro","Grimaldo","Alejandro Grimaldo","Grimaldo","200110","./assoc/200110_POR.svg","./logo/50147.png","UEFA","POR","50147","FAME","Benfica","","https://img.uefa.com/imgml/TP/teams/logos/70x70/50147.png","https://img.uefa.com/imgml/TP/teams/logos/240x240/50147.png","250147","BEN","DOMESTIC_MEN_TEAM_A","","DOMESTIC","Portugal","Benfica","SL Benfica","BEN","863","MINUTE","10","0","3","107.67","KILOMETER","32","KILOMETER_PER_HOUR"
"250053907","7889","31","1993-10-23","3","Fabinho","BRA","UNKNOWN","MIDFIELDER","MALE","188","./image/250053907.jpg","Fabinho","MIDFIELDER","15","Tavares","18","78","Brésil","Milieu","","Fabinho","Fabinho","Fabinho","200039","./assoc/200039_ENG.svg","./logo/7889.png","UEFA","ENG","7889","FAME","Liverpool","","https://img.uefa.com/imgml/TP/teams/logos/70x70/7889.png","https://img.uefa.com/imgml/TP/teams/logos/240x240/7889.png","207889","LIV","DOMESTIC_MEN_TEAM_A","","DOMESTIC","Angleterre","Liverpool","Liverpool FC","LIV","849","MINUTE","13","1","0","105.54","KILOMETER","31.1","KILOMETER_PER_HOUR"
"250082664","52919","29","1996-06-22","16","Rodrigo","ESP","DEFENSIVE_MIDFIELDER","MIDFIELDER","MALE","","./image/250082664.jpg","Rodri","MIDFIELDER","16","RODRIGO","122","","Espagne","Milieu","","Rodri","Rodri","Rodri","200039","./assoc/200039_ENG.svg","./logo/52919.png","UEFA","ENG","52919","FAME","Man City","","https://img.uefa.com/imgml/TP/teams/logos/70x70/52919.png","https://img.uefa.com/imgml/TP/teams/logos/240x240/52919.png","252919","MCI","DOMESTIC_MEN_TEAM_A","","DOMESTIC","Angleterre","Man City","Manchester City","MCI","842","MINUTE","10","0","0","114.64","KILOMETER","33.4","KILOMETER_PER_HOUR"
"250024746","52919","31","1994-05-27","7","João Cancelo","POR","FULL_BACK","DEFENDER","MALE","","./image/250024746.jpg","João Cancelo","DEFENDER","20","JOÃO CANCELO","110","","Portugal","Défenseur","","João Cancelo","João Cancelo","João Cancelo","200039","./assoc/200039_ENG.svg","./logo/52919.png","UEFA","ENG","52919","FAME","Man City","","https://img.uefa.com/imgml/TP/teams/logos/70x70/52919.png","https://img.uefa.com/imgml/TP/teams/logos/240x240/52919.png","252919","MCI","DOMESTIC_MEN_TEAM_A","","DOMESTIC","Angleterre","Man City","Manchester City","MCI","840","MINUTE","9","2","3","100.51","KILOMETER","32.6","KILOMETER_PER_HOUR"
"250028211","52914","32","1993-03-03","22","RÜDIGER","GER","CENTRE_BACK","DEFENDER","MALE","190","./image/250028211.jpg","Antonio Rüdiger","DEFENDER","2","Rüdiger","47","85","Allemagne","Défenseur","Antonio","Rüdiger","Antonio Rüdiger","Rüdiger","200039","./assoc/200039_ENG.svg","./logo/52914.png","UEFA","ENG","52914","FAME","Chelsea","","https://img.uefa.com/imgml/TP/teams/logos/70x70/52914.png","https://img.uefa.com/imgml/TP/teams/logos/240x240/52914.png","252914","CHE","DOMESTIC_MEN_TEAM_A","","DOMESTIC","Angleterre","Chelsea","Chelsea FC","CHE","840","MINUTE","9","1","0","88.36","KILOMETER","35.21","KILOMETER_PER_HOUR"
"250134380","52914","33","1992-03-01","16","Mendy","SEN","GOALKEEPER","GOALKEEPER","MALE","","./image/250134380.jpg","Edouard Mendy","GOALKEEPER","16","Mendy","118","","Sénégal","Gardien","Edouard","Mendy","Edouard Mendy","E. Mendy","200039","./assoc/200039_ENG.svg","./logo/52914.png","UEFA","ENG","52914","FAME","Chelsea","","https://img.uefa.com/imgml/TP/teams/logos/70x70/52914.png","https://img.uefa.com/imgml/TP/teams/logos/240x240/52914.png","252914","CHE","DOMESTIC_MEN_TEAM_A","","DOMESTIC","Angleterre","Chelsea","Chelsea FC","CHE","840","MINUTE","9","0","0","57.43","KILOMETER","34.71","KILOMETER_PER_HOUR"
"250066157","7889","31","1994-03-11","26","Robertson","SCO","UNKNOWN","DEFENDER","MALE","","./image/250066157.jpg","Andy Robertson","DEFENDER","3","Robertson","117","","Écosse","Défenseur","Andy","Robertson","Andy Robertson","Robertson","200039","./assoc/200039_ENG.svg","./logo/7889.png","UEFA","ENG","7889","FAME","Liverpool","","https://img.uefa.com/imgml/TP/teams/logos/70x70/7889.png","https://img.uefa.com/imgml/TP/teams/logos/240x240/7889.png","207889","LIV","DOMESTIC_MEN_TEAM_A","","DOMESTIC","Angleterre","Liverpool","Liverpool FC","LIV","826","MINUTE","10","0","2","97.68","KILOMETER","34.1","KILOMETER_PER_HOUR"
"250061119","7889","33","1992-04-10","17","Mané","SEN","STRIKER","FORWARD","MALE","","./image/250061119.jpg","Sadio Mané","FORWARD","","Mané","118","","Sénégal","Attaquant","Sadio","Mané","Sadio Mané","Mané","200039","./assoc/200039_ENG.svg","./logo/7889.png","UEFA","ENG","7889","FAME","Liverpool","","https://img.uefa.com/imgml/TP/teams/logos/70x70/7889.png","https://img.uefa.com/imgml/TP/teams/logos/240x240/7889.png","207889","LIV","DOMESTIC_MEN_TEAM_A","","DOMESTIC","Angleterre","Liverpool","Liverpool FC","LIV","822","MINUTE","13","5","1","100.35","KILOMETER","33.1","KILOMETER_PER_HOUR"
"250132831","50124","31","1994-01-21","23","REINILDO","MOZ","FULL_BACK","DEFENDER","MALE","","./image/250132831.jpg","Reinildo","DEFENDER","","Reinildo","","","Mozambique","Défenseur","","Reinildo","Reinildo","Reinildo","200122","./assoc/200122_ESP.svg","./logo/50124.png","UEFA","ESP","50124","FAME","Atleti","","https://img.uefa.com/imgml/TP/teams/logos/70x70/50124.png","https://img.uefa.com/imgml/TP/teams/logos/240x240/50124.png","250124","ATM","DOMESTIC_MEN_TEAM_A","","DOMESTIC","Espagne","Atleti","Atlético de Madrid","ATM","816","MINUTE","10","0","0","88.76","KILOMETER","37.9","KILOMETER_PER_HOUR"
"50327420","7889","34","1991-07-08","4","Virgil","NED","CENTRE_BACK","DEFENDER","MALE","193","https://img.uefa.com/imgml/TP/players/1/2022/324x324/50327420.jpg","Virgil van Dijk","DEFENDER","4","Virgil","95","92","Pays-Bas","Défenseur","Virgil","van Dijk","Virgil van Dijk","Van Dijk","200039","./assoc/200039_ENG.svg","./logo/7889.png","UEFA","ENG","7889","FAME","Liverpool","","https://img.uefa.com/imgml/TP/teams/logos/70x70/7889.png","https://img.uefa.com/imgml/TP/teams/logos/240x240/7889.png","207889","LIV","DOMESTIC_MEN_TEAM_A","","DOMESTIC","Angleterre","Liverpool","Liverpool FC","LIV","810","MINUTE","9","0","1","82.86","KILOMETER","33.71","KILOMETER_PER_HOUR"
"97923","50037","39","1986-03-27","1","Neuer","GER","GOALKEEPER","GOALKEEPER","MALE","193","./image/97923.jpg","Manuel Neuer","GOALKEEPER","1","Neuer","47","92","Allemagne","Gardien","Manuel","Neuer","Manuel Neuer","Neuer","200047","./assoc/200047_GER.svg","./logo/50037.png","UEFA","GER","50037","FAME","Bayern München","","https://img.uefa.com/imgml/TP/teams/logos/70x70/50037.png","https://img.uefa.com/imgml/TP/teams/logos/240x240/50037.png","250037","BAY","DOMESTIC_MEN_TEAM_A","","DOMESTIC","Allemagne","Bayern München","FC Bayern München","BAY","810","MINUTE","9","0","1","51.22","KILOMETER","26.3","KILOMETER_PER_HOUR"
"250070415","50147","30","1995-09-08","28","J. WEIGL","GER","DEFENSIVE_MIDFIELDER","MIDFIELDER","MALE","186","./image/250070415.jpg","Julian Weigl","MIDFIELDER","15","Weigl","47","71","Allemagne","Milieu","Julian","Weigl","Julian Weigl","Weigl","200110","./assoc/200110_POR.svg","./logo/50147.png","UEFA","POR","50147","FAME","Benfica","","https://img.uefa.com/imgml/TP/teams/logos/70x70/50147.png","https://img.uefa.com/imgml/TP/teams/logos/240x240/50147.png","250147","BEN","DOMESTIC_MEN_TEAM_A","","DOMESTIC","Portugal","Benfica","SL Benfica","BEN","810","MINUTE","9","0","0","112.05","KILOMETER","29.9","KILOMETER_PER_HOUR"
"250017040","50147","37","1988-02-12","30","Otamendi","ARG","UNKNOWN","DEFENDER","MALE","183","./image/250017040.jpg","Nicolás Otamendi","DEFENDER","19","Otamendi","6","78","Argentine","Défenseur","Nicolás","Otamendi","Nicolás Otamendi","Otamendi","200110","./assoc/200110_POR.svg","./logo/50147.png","UEFA","POR","50147","FAME","Benfica","","https://img.uefa.com/imgml/TP/teams/logos/70x70/50147.png","https://img.uefa.com/imgml/TP/teams/logos/240x240/50147.png","250147","BEN","DOMESTIC_MEN_TEAM_A","","DOMESTIC","Portugal","Benfica","SL Benfica","BEN","810","MINUTE","9","0","0","91.19","KILOMETER","31.2","KILOMETER_PER_HOUR"
"250101284","50051","27","1998-07-22","8","VALVERDE","URU","UNKNOWN","MIDFIELDER","MALE","","./image/250101284.jpg","Federico Valverde","MIDFIELDER","15","Valverde","138","","Uruguay","Milieu","Federico","Valverde","Federico Valverde","Valverde","200122","./assoc/200122_ESP.svg","./logo/50051.png","UEFA","ESP","50051","FAME","Real Madrid","","https://img.uefa.com/imgml/TP/teams/logos/70x70/50051.png","https://img.uefa.com/imgml/TP/teams/logos/240x240/50051.png","250051","RMA","DOMESTIC_MEN_TEAM_A","","DOMESTIC","Espagne","Real Madrid","Real Madrid C.F.","RMA","804","MINUTE","11","0","1","96.87","KILOMETER","37.4","KILOMETER_PER_HOUR"
"250063984","50037","29","1996-01-11","10","SANÉ","GER","WINGER","MIDFIELDER","MALE","183","./image/250063984.jpg","Leroy Sané","MIDFIELDER","19","Sané","47","75","Allemagne","Milieu","Leroy","Sané","Leroy Sané","Sané","200047","./assoc/200047_GER.svg","./logo/50037.png","UEFA","GER","50037","FAME","Bayern München","","https://img.uefa.com/imgml/TP/teams/logos/70x70/50037.png","https://img.uefa.com/imgml/TP/teams/logos/240x240/50037.png","250037","BAY","DOMESTIC_MEN_TEAM_A","","DOMESTIC","Allemagne","Bayern München","FC Bayern München","BAY","798","MINUTE","10","6","6","93.95","KILOMETER","35.3","KILOMETER_PER_HOUR"
"250076357","7889","27","1998-10-07","66","Alexander-Arnold","ENG","UNKNOWN","DEFENDER","MALE","","./image/250076357.jpg","Trent Alexander-Arnold","DEFENDER","2","Alexander-Arnold","39","","Angleterre","Défenseur","Trent","Alexander-Arnold","Trent Alexander-Arnold","Alexander-Arnold","200039","./assoc/200039_ENG.svg","./logo/7889.png","UEFA","ENG","7889","FAME","Liverpool","","https://img.uefa.com/imgml/TP/teams/logos/70x70/7889.png","https://img.uefa.com/imgml/TP/teams/logos/240x240/7889.png","207889","LIV","DOMESTIC_MEN_TEAM_A","","DOMESTIC","Angleterre","Liverpool","Liverpool FC","LIV","794","MINUTE","9","0","4","86.82","KILOMETER","32.9","KILOMETER_PER_HOUR"
"250027046","52919","31","1994-05-27","14","Laporte","ESP","CENTRE_BACK","DEFENDER","MALE","189","./image/250027046.jpg","Aymeric Laporte","DEFENDER","10","LAPORTE","122","85","Espagne","Défenseur","Aymeric","Laporte","Aymeric Laporte","Laporte","200039","./assoc/200039_ENG.svg","./logo/52919.png","UEFA","ENG","52919","FAME","Man City","","https://img.uefa.com/imgml/TP/teams/logos/70x70/52919.png","https://img.uefa.com/imgml/TP/teams/logos/240x240/52919.png","252919","MCI","DOMESTIC_MEN_TEAM_A","","DOMESTIC","Angleterre","Man City","Manchester City","MCI","794","MINUTE","9","0","0","90.98","KILOMETER","33.9","KILOMETER_PER_HOUR"
"250003318","50037","36","1989-09-13","25","Müller","GER","WINGER","FORWARD","MALE","186","./image/250003318.jpg","Thomas Müller","FORWARD","13","Müller","47","74","Allemagne","Attaquant","Thomas","Müller","Thomas Müller","Müller","200047","./assoc/200047_GER.svg","./logo/50037.png","UEFA","GER","50037","FAME","Bayern München","","https://img.uefa.com/imgml/TP/teams/logos/70x70/50037.png","https://img.uefa.com/imgml/TP/teams/logos/240x240/50037.png","250037","BAY","DOMESTIC_MEN_TEAM_A","","DOMESTIC","Allemagne","Bayern München","FC Bayern München","BAY","778","MINUTE","10","4","3","98.46","KILOMETER","30.5","KILOMETER_PER_HOUR"
"250081921","50037","29","1996-03-28","28","Pavard","FRA","","DEFENDER","MALE","","./image/250081921.jpg","Benjamin Pavard","DEFENDER","15","Pavard","43","","France","Défenseur","Benjamin","Pavard","Benjamin Pavard","Pavard","200047","./assoc/200047_GER.svg","./logo/50037.png","UEFA","GER","50037","FAME","Bayern München","","https://img.uefa.com/imgml/TP/teams/logos/70x70/50037.png","https://img.uefa.com/imgml/TP/teams/logos/240x240/50037.png","250037","BAY","DOMESTIC_MEN_TEAM_A","","DOMESTIC","Allemagne","Bayern München","FC Bayern München","BAY","764","MINUTE","10","0","1","96.74","KILOMETER","33.9","KILOMETER_PER_HOUR"
"250011954","52914","41","1984-09-22","6","T.Silva","BRA","CENTRE_BACK","DEFENDER","MALE","183","./image/250011954.jpg","Thiago Silva","DEFENDER","3","T. Silva","18","79","Brésil","Défenseur","","Thiago Silva","Thiago Silva","Thiago Silva","200039","./assoc/200039_ENG.svg","./logo/52914.png","UEFA","ENG","52914","FAME","Chelsea","","https://img.uefa.com/imgml/TP/teams/logos/70x70/52914.png","https://img.uefa.com/imgml/TP/teams/logos/240x240/52914.png","252914","CHE","DOMESTIC_MEN_TEAM_A","","DOMESTIC","Angleterre","Chelsea","Chelsea FC","CHE","757","MINUTE","9","0","1","71.69","KILOMETER","32.1","KILOMETER_PER_HOUR"
"250008901","52919","34","1991-06-28","11","De Bruyne","BEL","ATTACKING_MIDFIELDER","MIDFIELDER","MALE","181","./image/250008901.jpg","Kevin De Bruyne","MIDFIELDER","7","De Bruyne","13","68","Belgique","Milieu","Kevin","De Bruyne","Kevin De Bruyne","De Bruyne","200039","./assoc/200039_ENG.svg","./logo/52919.png","UEFA","ENG","52919","FAME","Man City","","https://img.uefa.com/imgml/TP/teams/logos/70x70/52919.png","https://img.uefa.com/imgml/TP/teams/logos/240x240/52919.png","252919","MCI","DOMESTIC_MEN_TEAM_A","","DOMESTIC","Angleterre","Man City","Manchester City","MCI","734","MINUTE","10","2","4","95.51","KILOMETER","39.1","KILOMETER_PER_HOUR"
"250091013","7889","26","1999-05-25","5","Konaté","FRA","CENTRE_BACK","DEFENDER","MALE","","./image/250091013.jpg","Ibrahima Konaté","DEFENDER","15","Konate","43","","France","Défenseur","Ibrahima","Konaté","Ibrahima Konaté","Konaté","200039","./assoc/200039_ENG.svg","./logo/7889.png","UEFA","ENG","7889","FAME","Liverpool","","https://img.uefa.com/imgml/TP/teams/logos/70x70/7889.png","https://img.uefa.com/imgml/TP/teams/logos/240x240/7889.png","207889","LIV","DOMESTIC_MEN_TEAM_A","","DOMESTIC","Angleterre","Liverpool","Liverpool FC","LIV","720","MINUTE","8","2","0","78.76","KILOMETER","33.8","KILOMETER_PER_HOUR"
"250041563","50138","30","1995-02-11","37","ŠKRINIAR","SVK","CENTRE_BACK","DEFENDER","MALE","187","./image/250041563.jpg","Milan Škriniar","DEFENDER","14","Škriniar","58836","80","Slovaquie","Défenseur","Milan","Škriniar","Milan Škriniar","Škriniar","200066","./assoc/200066_ITA.svg","./logo/50138.png","UEFA","ITA","50138","FAME","Inter","","https://img.uefa.com/imgml/TP/teams/logos/70x70/50138.png","https://img.uefa.com/imgml/TP/teams/logos/240x240/50138.png","250138","INT","DOMESTIC_MEN_TEAM_A","","DOMESTIC","Italie","Inter","FC Internazionale Milano","INT","720","MINUTE","8","1","0","85.13","KILOMETER","31.8","KILOMETER_PER_HOUR"
"250074850","50030","28","1997-07-11","13","Kristensen","DEN","FULL_BACK","DEFENDER","MALE","","./image/250074850.jpg","Rasmus Kristensen","DEFENDER","13","Kristensen","35","","Danemark","Défenseur","Rasmus","Kristensen","Rasmus Kristensen","Kristensen","200008","./assoc/200008_AUT.svg","./logo/50030.png","UEFA","AUT","50030","FAME","Salzburg","","https://img.uefa.com/imgml/TP/teams/logos/70x70/50030.png","https://img.uefa.com/imgml/TP/teams/logos/240x240/50030.png","250030","SAL","DOMESTIC_MEN_TEAM_A","","DOMESTIC","Autriche","Salzburg","FC Salzburg","SAL","720","MINUTE","8","0","1","85.53","KILOMETER","33","KILOMETER_PER_HOUR"
"250132803","50143","27","1998-01-18","6","Martinez","ARG","CENTRE_BACK","DEFENDER","MALE","","./image/250132803.jpg","Lisandro Martínez","DEFENDER","16","Martínez","6","","Argentine","Défenseur","Lisandro","Martínez","Lisandro Martínez","Li. Martínez","200095","./assoc/200095_NED.svg","./logo/50143.png","UEFA","NED","50143","FAME","Ajax","","https://img.uefa.com/imgml/TP/teams/logos/70x70/50143.png","https://img.uefa.com/imgml/TP/teams/logos/240x240/50143.png","250143","AJX","DOMESTIC_MEN_TEAM_A","","DOMESTIC","Pays-Bas","Ajax","AFC Ajax","AJX","720","MINUTE","8","0","1","83.32","KILOMETER","32.5","KILOMETER_PER_HOUR"
"250064064","52747","31","1994-05-14","5","MARQUINHOS","BRA","CENTRE_BACK","DEFENDER","MALE","183","./image/250064064.jpg","Marquinhos","DEFENDER","4","Marquinhos","18","75","Brésil","Défenseur","","Marquinhos","Marquinhos","Marquinhos","200043","./assoc/200043_FRA.svg","./logo/52747.png","UEFA","FRA","52747","FAME","Paris","","https://img.uefa.com/imgml/TP/teams/logos/70x70/52747.png","https://img.uefa.com/imgml/TP/teams/logos/240x240/52747.png","252747","PSG","DOMESTIC_MEN_TEAM_A","","DOMESTIC","France","Paris","Paris Saint-Germain","PSG","720","MINUTE","8","0","1","78.49","KILOMETER","33.71","KILOMETER_PER_HOUR"
"101788","75797","41","1983-12-22","6","FONTE","POR","CENTRE_BACK","DEFENDER","MALE","187","./image/101788.jpg","José Fonte","DEFENDER","6","Fonte","110","81","Portugal","Défenseur","José","Fonte","José Fonte","Fonte","200043","./assoc/200043_FRA.svg","./logo/75797.png","UEFA","FRA","75797","FAME","Lille","","https://img.uefa.com/imgml/TP/teams/logos/70x70/75797.png","https://img.uefa.com/imgml/TP/teams/logos/240x240/75797.png","275797","LIL","DOMESTIC_MEN_TEAM_A","","DOMESTIC","France","Lille","LOSC Lille","LIL","720","MINUTE","8","0","0","81.25","KILOMETER","30.7","KILOMETER_PER_HOUR"
"250090955","50030","27","1998-04-02","16","KÖHN","SUI","GOALKEEPER","GOALKEEPER","MALE","","./image/250090955.jpg","Philipp Köhn","GOALKEEPER","21","Köhn","128","","Suisse","Gardien","Philipp","Köhn","Philipp Köhn","Köhn","200008","./assoc/200008_AUT.svg","./logo/50030.png","UEFA","AUT","50030","FAME","Salzburg","","https://img.uefa.com/imgml/TP/teams/logos/70x70/50030.png","https://img.uefa.com/imgml/TP/teams/logos/240x240/50030.png","250030","SAL","DOMESTIC_MEN_TEAM_A","","DOMESTIC","Autriche","Salzburg","FC Salzburg","SAL","720","MINUTE","8","0","0","43.79","KILOMETER","24.9","KILOMETER_PER_HOUR"
"68842","50138","41","1984-07-14","1","Handanovic","SVN","GOALKEEPER","GOALKEEPER","MALE","193","./image/68842.jpg","Samir Handanovič","GOALKEEPER","1","Handanovic","","92","Slovénie","Gardien","Samir","Handanovič","Samir Handanovič","Handanovič","200066","./assoc/200066_ITA.svg","./logo/50138.png","UEFA","ITA","50138","FAME","Inter","","https://img.uefa.com/imgml/TP/teams/logos/70x70/50138.png","https://img.uefa.com/imgml/TP/teams/logos/240x240/50138.png","250138","INT","DOMESTIC_MEN_TEAM_A","","DOMESTIC","Italie","Inter","FC Internazionale Milano","INT","720","MINUTE","8","0","0","32.05","KILOMETER","27.7","KILOMETER_PER_HOUR"
"250088061","52747","26","1998-11-04","2","HAKIMI","MAR","WINGER","DEFENDER","MALE","179","./image/250088061.jpg","Achraf Hakimi","MIDFIELDER","2","Hakimi","92","68","Maroc","Défenseur","Achraf","Hakimi","Achraf Hakimi","Hakimi","200043","./assoc/200043_FRA.svg","./logo/52747.png","UEFA","FRA","52747","FAME","Paris","","https://img.uefa.com/imgml/TP/teams/logos/70x70/52747.png","https://img.uefa.com/imgml/TP/teams/logos/240x240/52747.png","252747","PSG","DOMESTIC_MEN_TEAM_A","","DOMESTIC","France","Paris","Paris Saint-Germain","PSG","718","MINUTE","8","0","0","85.26","KILOMETER","35.1","KILOMETER_PER_HOUR"
"101177","50030","39","1985-10-30","17","Ulmer","AUT","FULL_BACK","DEFENDER","MALE","175","./image/101177.jpg","Andreas Ulmer","DEFENDER","2","Ulmer","8","69","Autriche","Défenseur","Andreas","Ulmer","Andreas Ulmer","Ulmer","200008","./assoc/200008_AUT.svg","./logo/50030.png","UEFA","AUT","50030","FAME","Salzburg","","https://img.uefa.com/imgml/TP/teams/logos/70x70/50030.png","https://img.uefa.com/imgml/TP/teams/logos/240x240/50030.png","250030","SAL","DOMESTIC_MEN_TEAM_A","","DOMESTIC","Autriche","Salzburg","FC Salzburg","SAL","716","MINUTE","8","0","0","84.2","KILOMETER","33.3","KILOMETER_PER_HOUR"
"250086713","50147","32","1993-03-07","2","Gilberto","BRA","FULL_BACK","DEFENDER","MALE","179","./image/250086713.jpg","Gilberto","DEFENDER","","Gilberto","","","Brésil","Défenseur","","Gilberto","Gilberto","Gilberto","200110","./assoc/200110_POR.svg","./logo/50147.png","UEFA","POR","50147","FAME","Benfica","","https://img.uefa.com/imgml/TP/teams/logos/70x70/50147.png","https://img.uefa.com/imgml/TP/teams/logos/240x240/50147.png","250147","BEN","DOMESTIC_MEN_TEAM_A","","DOMESTIC","Portugal","Benfica","SL Benfica","BEN","715","MINUTE","9","1","0","85.65","KILOMETER","32.3","KILOMETER_PER_HOUR"
"250153214","50030","24","2000-10-22","7","Aaronson","USA","WINGER","MIDFIELDER","MALE","","./image/250153214.jpg","Brenden Aaronson","MIDFIELDER","11","Aaronson","140","","Etats-Unis","Milieu","Brenden","Aaronson","Brenden Aaronson","Aaronson","200008","./assoc/200008_AUT.svg","./logo/50030.png","UEFA","AUT","50030","FAME","Salzburg","","https://img.uefa.com/imgml/TP/teams/logos/70x70/50030.png","https://img.uefa.com/imgml/TP/teams/logos/240x240/50030.png","250030","SAL","DOMESTIC_MEN_TEAM_A","","DOMESTIC","Autriche","Salzburg","FC Salzburg","SAL","715","MINUTE","8","0","2","103.51","KILOMETER","33.1","KILOMETER_PER_HOUR"
"250063447","50147","32","1993-05-17","27","Rafa","POR","STRIKER","MIDFIELDER","MALE","170","./image/250063447.jpg","Rafa Silva","FORWARD","15","Rafa","110","63","Portugal","Milieu","","Rafa Silva","Rafa Silva","Rafa Silva","200110","./assoc/200110_POR.svg","./logo/50147.png","UEFA","POR","50147","FAME","Benfica","","https://img.uefa.com/imgml/TP/teams/logos/70x70/50147.png","https://img.uefa.com/imgml/TP/teams/logos/240x240/50147.png","250147","BEN","DOMESTIC_MEN_TEAM_A","","DOMESTIC","Portugal","Benfica","SL Benfica","BEN","704","MINUTE","9","1","1","85.71","KILOMETER","34.9","KILOMETER_PER_HOUR"
"250113001","50143","23","2002-05-16","38","Gravenberch","NED","CENTRAL_MIDFIELDER","MIDFIELDER","MALE","","./image/250113001.jpg","Ryan Gravenberch","MIDFIELDER","8","Gravenberch","95","","Pays-Bas","Milieu","Ryan","Gravenberch","Ryan Gravenberch","Gravenberch","200095","./assoc/200095_NED.svg","./logo/50143.png","UEFA","NED","50143","FAME","Ajax","","https://img.uefa.com/imgml/TP/teams/logos/70x70/50143.png","https://img.uefa.com/imgml/TP/teams/logos/240x240/50143.png","250143","AJX","DOMESTIC_MEN_TEAM_A","","DOMESTIC","Pays-Bas","Ajax","AFC Ajax","AJX","703","MINUTE","8","0","1","89.1","KILOMETER","31.5","KILOMETER_PER_HOUR"
"250070417","50037","30","1995-02-08","6","Kimmich","GER","CENTRE_BACK","MIDFIELDER","MALE","176","./image/250070417.jpg","Joshua Kimmich","MIDFIELDER","6","Kimmich","47","70","Allemagne","Milieu","Joshua","Kimmich","Joshua Kimmich","Kimmich","200047","./assoc/200047_GER.svg","./logo/50037.png","UEFA","GER","50037","FAME","Bayern München","","https://img.uefa.com/imgml/TP/teams/logos/70x70/50037.png","https://img.uefa.com/imgml/TP/teams/logos/240x240/50037.png","250037","BAY","DOMESTIC_MEN_TEAM_A","","DOMESTIC","Allemagne","Bayern München","FC Bayern München","BAY","702","MINUTE","8","0","0","96.41","KILOMETER","31.4","KILOMETER_PER_HOUR"
"250079670","50124","30","1995-01-30","14","M. LLORENTE","ESP","UNKNOWN","MIDFIELDER","MALE","182","./image/250079670.jpg","Marcos Llorente","MIDFIELDER","14","M. LLORENTE","122","71","Espagne","Milieu","Marcos","Llorente","Marcos Llorente","Llorente","200122","./assoc/200122_ESP.svg","./logo/50124.png","UEFA","ESP","50124","FAME","Atleti","","https://img.uefa.com/imgml/TP/teams/logos/70x70/50124.png","https://img.uefa.com/imgml/TP/teams/logos/240x240/50124.png","250124","ATM","DOMESTIC_MEN_TEAM_A","","DOMESTIC","Espagne","Atleti","Atlético de Madrid","ATM","700","MINUTE","9","0","0","83.61","KILOMETER","34.71","KILOMETER_PER_HOUR"
"103827","52914","36","1989-08-28","3","AZPILICUETA","ESP","FULL_BACK","DEFENDER","MALE","178","./image/103827.jpg","César Azpilicueta","DEFENDER","2","Azpilicueta","122","75","Espagne","Défenseur","César","Azpilicueta","César Azpilicueta","Azpilicueta","200039","./assoc/200039_ENG.svg","./logo/52914.png","UEFA","ENG","52914","FAME","Chelsea","","https://img.uefa.com/imgml/TP/teams/logos/70x70/52914.png","https://img.uefa.com/imgml/TP/teams/logos/240x240/52914.png","252914","CHE","DOMESTIC_MEN_TEAM_A","","DOMESTIC","Angleterre","Chelsea","Chelsea FC","CHE","679","MINUTE","9","1","1","82.02","KILOMETER","33","KILOMETER_PER_HOUR"
"250102035","75797","25","2000-01-14","30","J. David","CAN","ATTACKING_MIDFIELDER","FORWARD","MALE","","./image/250102035.jpg","Jonathan David","MIDFIELDER","20","David","24","","Canada","Attaquant","Jonathan","David","Jonathan David","David","200043","./assoc/200043_FRA.svg","./logo/75797.png","UEFA","FRA","75797","FAME","Lille","","https://img.uefa.com/imgml/TP/teams/logos/70x70/75797.png","https://img.uefa.com/imgml/TP/teams/logos/240x240/75797.png","275797","LIL","DOMESTIC_MEN_TEAM_A","","DOMESTIC","France","Lille","LOSC Lille","LIL","679","MINUTE","8","3","0","86.06","KILOMETER","32.6","KILOMETER_PER_HOUR"
"250076574","52747","26","1998-12-20","10","MBAPPÉ","FRA","STRIKER","FORWARD","MALE","178","./image/250076574.jpg","Kylian Mbappé","FORWARD","10","Mbappe","43","67","France","Attaquant","Kylian","Mbappé","Kylian Mbappé","Mbappé","200043","./assoc/200043_FRA.svg","./logo/52747.png","UEFA","FRA","52747","FAME","Paris","","https://img.uefa.com/imgml/TP/teams/logos/70x70/52747.png","https://img.uefa.com/imgml/TP/teams/logos/240x240/52747.png","252747","PSG","DOMESTIC_MEN_TEAM_A","","DOMESTIC","France","Paris","Paris Saint-Germain","PSG","673","MINUTE","8","6","4","65.17","KILOMETER","36.71","KILOMETER_PER_HOUR"
"250087938","52914","26","1999-06-11","29","Havertz","GER","STRIKER","MIDFIELDER","MALE","","./image/250087938.jpg","Kai Havertz","FORWARD","7","Havertz","47","","Allemagne","Milieu","Kai","Havertz","Kai Havertz","Havertz","200039","./assoc/200039_ENG.svg","./logo/52914.png","UEFA","ENG","52914","FAME","Chelsea","","https://img.uefa.com/imgml/TP/teams/logos/70x70/52914.png","https://img.uefa.com/imgml/TP/teams/logos/240x240/52914.png","252914","CHE","DOMESTIC_MEN_TEAM_A","","DOMESTIC","Angleterre","Chelsea","Chelsea FC","CHE","672","MINUTE","9","3","0","86.27","KILOMETER","33.9","KILOMETER_PER_HOUR"
"250117375","50030","25","2000-01-06","4","Camara","MLI","CENTRAL_MIDFIELDER","MIDFIELDER","MALE","","./image/250117375.jpg","Mohamed Camara","MIDFIELDER","","Camara","","","Mali","Milieu","Mohamed","Camara","Mohamed Camara","Camara","200008","./assoc/200008_AUT.svg","./logo/50030.png","UEFA","AUT","50030","FAME","Salzburg","","https://img.uefa.com/imgml/TP/teams/logos/70x70/50030.png","https://img.uefa.com/imgml/TP/teams/logos/240x240/50030.png","250030","SAL","DOMESTIC_MEN_TEAM_A","","DOMESTIC","Autriche","Salzburg","FC Salzburg","SAL","672","MINUTE","8","0","0","80.91","KILOMETER","31.6","KILOMETER_PER_HOUR"
"250027043","50143","31","1994-06-22","91","Haller","CIV","STRIKER","FORWARD","MALE","","./image/250027043.jpg","Sébastien Haller","FORWARD","11","Haller","67","","Côte d'Ivoire","Attaquant","Sébastien","Haller","Sébastien Haller","Haller","200095","./assoc/200095_NED.svg","./logo/50143.png","UEFA","NED","50143","FAME","Ajax","","https://img.uefa.com/imgml/TP/teams/logos/70x70/50143.png","https://img.uefa.com/imgml/TP/teams/logos/240x240/50143.png","250143","AJX","DOMESTIC_MEN_TEAM_A","","DOMESTIC","Pays-Bas","Ajax","AFC Ajax","AJX","668","MINUTE","8","11","1","82.19","KILOMETER","31.8","KILOMETER_PER_HOUR"
"250010260","7889","35","1990-06-17","6","Henderson","ENG","CENTRAL_MIDFIELDER","MIDFIELDER","MALE","182","./image/250010260.jpg","Jordan Henderson","MIDFIELDER","8","Henderson","39","67","Angleterre","Milieu","Jordan","Henderson","Jordan Henderson","J. Henderson","200039","./assoc/200039_ENG.svg","./logo/7889.png","UEFA","ENG","7889","FAME","Liverpool","","https://img.uefa.com/imgml/TP/teams/logos/70x70/7889.png","https://img.uefa.com/imgml/TP/teams/logos/240x240/7889.png","207889","LIV","DOMESTIC_MEN_TEAM_A","","DOMESTIC","Angleterre","Liverpool","Liverpool FC","LIV","666","MINUTE","12","1","2","85.71","KILOMETER","31.3","KILOMETER_PER_HOUR"
"250091199","50138","26","1999-04-13","95","Bastoni","ITA","CENTRE_BACK","DEFENDER","MALE","","./image/250091199.jpg","Alessandro Bastoni","DEFENDER","21","Bastoni","66","","Italie","Défenseur","Alessandro","Bastoni","Alessandro Bastoni","Bastoni","200066","./assoc/200066_ITA.svg","./logo/50138.png","UEFA","ITA","50138","FAME","Inter","","https://img.uefa.com/imgml/TP/teams/logos/70x70/50138.png","https://img.uefa.com/imgml/TP/teams/logos/240x240/50138.png","250138","INT","DOMESTIC_MEN_TEAM_A","","DOMESTIC","Italie","Inter","FC Internazionale Milano","INT","666","MINUTE","8","0","0","76.64","KILOMETER","35.9","KILOMETER_PER_HOUR"
"1909917","50124","33","1992-01-08","6","KOKE","ESP","CENTRAL_MIDFIELDER","MIDFIELDER","MALE","178","./image/1909917.jpg","Koke","MIDFIELDER","8","Koke","122","74","Espagne","Milieu","","Koke","Koke","Koke","200122","./assoc/200122_ESP.svg","./logo/50124.png","UEFA","ESP","50124","FAME","Atleti","","https://img.uefa.com/imgml/TP/teams/logos/70x70/50124.png","https://img.uefa.com/imgml/TP/teams/logos/240x240/50124.png","250124","ATM","DOMESTIC_MEN_TEAM_A","","DOMESTIC","Espagne","Atleti","Atlético de Madrid","ATM","665","MINUTE","9","0","1","91.2","KILOMETER","28.1","KILOMETER_PER_HOUR"
"250058220","52919","28","1997-05-14","3","Rúben","POR","CENTRE_BACK","DEFENDER","MALE","","./image/250058220.jpg","Rúben Dias","DEFENDER","3","RÚBEN DIAS","110","","Portugal","Défenseur","","Rúben Dias","Rúben Dias","Rúben Dias","200039","./assoc/200039_ENG.svg","./logo/52919.png","UEFA","ENG","52919","FAME","Man City","","https://img.uefa.com/imgml/TP/teams/logos/70x70/52919.png","https://img.uefa.com/imgml/TP/teams/logos/240x240/52919.png","252919","MCI","DOMESTIC_MEN_TEAM_A","","DOMESTIC","Angleterre","Man City","Manchester City","MCI","664","MINUTE","8","0","0","83.25","KILOMETER","32.3","KILOMETER_PER_HOUR"
"250075995","50143","27","1997-11-14","3","Mazraoui","NED","FULL_BACK","DEFENDER","MALE","","./image/250075995.jpg","Noussair Mazraoui","DEFENDER","3","Mazraoui","92","","Pays-Bas","Défenseur","Noussair","Mazraoui","Noussair Mazraoui","Mazraoui","200095","./assoc/200095_NED.svg","./logo/50143.png","UEFA","NED","50143","FAME","Ajax","","https://img.uefa.com/imgml/TP/teams/logos/70x70/50143.png","https://img.uefa.com/imgml/TP/teams/logos/240x240/50143.png","250143","AJX","DOMESTIC_MEN_TEAM_A","","DOMESTIC","Pays-Bas","Ajax","AFC Ajax","AJX","661","MINUTE","8","0","2","81.52","KILOMETER","32.21","KILOMETER_PER_HOUR"
"250005335","52919","34","1990-10-24","20","GÜNDOĞAN","GER","CENTRAL_MIDFIELDER","MIDFIELDER","MALE","180","./image/250005335.jpg","İlkay Gündoğan","MIDFIELDER","21","Gündoğan","47","80","Allemagne","Milieu","İlkay","Gündoğan","İlkay Gündoğan","Gündoğan","200039","./assoc/200039_ENG.svg","./logo/52919.png","UEFA","ENG","52919","FAME","Man City","","https://img.uefa.com/imgml/TP/teams/logos/70x70/52919.png","https://img.uefa.com/imgml/TP/teams/logos/240x240/52919.png","252919","MCI","DOMESTIC_MEN_TEAM_A","","DOMESTIC","Angleterre","Man City","Manchester City","MCI","660","MINUTE","10","0","2","86.48","KILOMETER","32.1","KILOMETER_PER_HOUR"
"250079545","50037","26","1998-10-27","2","Upamecano","FRA","CENTRE_BACK","DEFENDER","MALE","185","./image/250079545.jpg","Dayot Upamecano","DEFENDER","4","Upamecano","43","83","France","Défenseur","Dayot","Upamecano","Dayot Upamecano","Upamecano","200047","./assoc/200047_GER.svg","./logo/50037.png","UEFA","GER","50037","FAME","Bayern München","","https://img.uefa.com/imgml/TP/teams/logos/70x70/50037.png","https://img.uefa.com/imgml/TP/teams/logos/240x240/50037.png","250037","BAY","DOMESTIC_MEN_TEAM_A","","DOMESTIC","Allemagne","Bayern München","FC Bayern München","BAY","660","MINUTE","8","0","0","82.29","KILOMETER","34.4","KILOMETER_PER_HOUR"
"250101534","52919","25","2000-05-28","47","Foden","ENG","UNKNOWN","MIDFIELDER","MALE","","./image/250101534.jpg","Phil Foden","MIDFIELDER","10","Foden","39","","Angleterre","Milieu","Phil","Foden","Phil Foden","Foden","200039","./assoc/200039_ENG.svg","./logo/52919.png","UEFA","ENG","52919","FAME","Man City","","https://img.uefa.com/imgml/TP/teams/logos/70x70/52919.png","https://img.uefa.com/imgml/TP/teams/logos/240x240/52919.png","252919","MCI","DOMESTIC_MEN_TEAM_A","","DOMESTIC","Angleterre","Man City","Manchester City","MCI","658","MINUTE","11","3","2","89.22","KILOMETER","32.8","KILOMETER_PER_HOUR"
"250114167","50030","24","2001-05-04","13","Seiwald","AUT","UNKNOWN","MIDFIELDER","MALE","","./image/250114167.jpg","Nicolas Seiwald","MIDFIELDER","6","Seiwald","8","","Autriche","Milieu","Nicolas","Seiwald","Nicolas Seiwald","Seiwald","200008","./assoc/200008_AUT.svg","./logo/50030.png","UEFA","AUT","50030","FAME","Salzburg","","https://img.uefa.com/imgml/TP/teams/logos/70x70/50030.png","https://img.uefa.com/imgml/TP/teams/logos/240x240/50030.png","250030","SAL","DOMESTIC_MEN_TEAM_A","","DOMESTIC","Autriche","Salzburg","FC Salzburg","SAL","649","MINUTE","8","0","1","85.33","KILOMETER","32.8","KILOMETER_PER_HOUR"
"250147277","70691","27","1998-01-21","30","Estupinan","ECU","FULL_BACK","DEFENDER","MALE","","./image/250147277.jpg","Pervis Estupiñán","DEFENDER","7","Estupiñán","37","","Équateur","Défenseur","Pervis","Estupiñán","Pervis Estupiñán","Estupiñán","200122","./assoc/200122_ESP.svg","./logo/70691.png","UEFA","ESP","70691","FAME","Villarreal","","https://img.uefa.com/imgml/TP/teams/logos/70x70/70691.png","https://img.uefa.com/imgml/TP/teams/logos/240x240/70691.png","270691","VIL","DOMESTIC_MEN_TEAM_A","","DOMESTIC","Espagne","Villarreal","Villarreal CF","VIL","645","MINUTE","10","0","0","76.42","KILOMETER","32.9","KILOMETER_PER_HOUR"
"250064233","52919","31","1994-05-28","5","Stones","ENG","CENTRE_BACK","DEFENDER","MALE","188","./image/250064233.jpg","John Stones","DEFENDER","5","Stones","39","70","Angleterre","Défenseur","John","Stones","John Stones","Stones","200039","./assoc/200039_ENG.svg","./logo/52919.png","UEFA","ENG","52919","FAME","Man City","","https://img.uefa.com/imgml/TP/teams/logos/70x70/52919.png","https://img.uefa.com/imgml/TP/teams/logos/240x240/52919.png","252919","MCI","DOMESTIC_MEN_TEAM_A","","DOMESTIC","Angleterre","Man City","Manchester City","MCI","637","MINUTE","8","0","0","73.23","KILOMETER","32.5","KILOMETER_PER_HOUR"
"250040564","50138","32","1992-11-16","77","Brozović","CRO","DEFENSIVE_MIDFIELDER","MIDFIELDER","MALE","181","./image/250040564.jpg","Marcelo Brozović","MIDFIELDER","11","Brozović","56370","68","Croatie","Milieu","Marcelo","Brozović","Marcelo Brozović","Brozović","200066","./assoc/200066_ITA.svg","./logo/50138.png","UEFA","ITA","50138","FAME","Inter","","https://img.uefa.com/imgml/TP/teams/logos/70x70/50138.png","https://img.uefa.com/imgml/TP/teams/logos/240x240/50138.png","250138","INT","DOMESTIC_MEN_TEAM_A","","DOMESTIC","Italie","Inter","FC Internazionale Milano","INT","635","MINUTE","8","1","0","89.31","KILOMETER","32.9","KILOMETER_PER_HOUR"
"250054949","50037","29","1996-06-13","11","Coman","FRA","WINGER","FORWARD","MALE","178","./image/250054949.jpg","Kingsley Coman","FORWARD","7","Coman","43","71","France","Attaquant","Kingsley","Coman","Kingsley Coman","Coman","200047","./assoc/200047_GER.svg","./logo/50037.png","UEFA","GER","50037","FAME","Bayern München","","https://img.uefa.com/imgml/TP/teams/logos/70x70/50037.png","https://img.uefa.com/imgml/TP/teams/logos/240x240/50037.png","250037","BAY","DOMESTIC_MEN_TEAM_A","","DOMESTIC","Allemagne","Bayern München","FC Bayern München","BAY","632","MINUTE","9","2","3","76.27","KILOMETER","35.71","KILOMETER_PER_HOUR"
"95803","52747","38","1987-06-24","30","Messi","ARG","UNKNOWN","FORWARD","MALE","169","./image/95803.jpg","Lionel Messi","FORWARD","10","Messi","6","72","Argentine","Attaquant","Lionel","Messi","Lionel Messi","Messi","200043","./assoc/200043_FRA.svg","./logo/52747.png","UEFA","FRA","52747","FAME","Paris","","https://img.uefa.com/imgml/TP/teams/logos/70x70/52747.png","https://img.uefa.com/imgml/TP/teams/logos/240x240/52747.png","252747","PSG","DOMESTIC_MEN_TEAM_A","","DOMESTIC","France","Paris","Paris Saint-Germain","PSG","630","MINUTE","7","5","0","58.73","KILOMETER","30.6","KILOMETER_PER_HOUR"
"1902464","50143","36","1988-11-20","10","TADIĆ","SRB","STRIKER","FORWARD","MALE","181","./image/1902464.jpg","Dušan Tadić","FORWARD","10","Tadić","147","79","Serbie","Attaquant","Dušan","Tadić","Dušan Tadić","Tadić","200095","./assoc/200095_NED.svg","./logo/50143.png","UEFA","NED","50143","FAME","Ajax","","https://img.uefa.com/imgml/TP/teams/logos/70x70/50143.png","https://img.uefa.com/imgml/TP/teams/logos/240x240/50143.png","250143","AJX","DOMESTIC_MEN_TEAM_A","","DOMESTIC","Pays-Bas","Ajax","AFC Ajax","AJX","630","MINUTE","7","2","2","78.92","KILOMETER","29.9","KILOMETER_PER_HOUR"
"250025791","75797","35","1990-08-03","21","ANDRE","FRA","CENTRAL_MIDFIELDER","MIDFIELDER","MALE","","./image/250025791.jpg","Benjamin André","MIDFIELDER","","Andre","200043","","France","Milieu","Benjamin","André","Benjamin André","André","200043","./assoc/200043_FRA.svg","./logo/75797.png","UEFA","FRA","75797","FAME","Lille","","https://img.uefa.com/imgml/TP/teams/logos/70x70/75797.png","https://img.uefa.com/imgml/TP/teams/logos/240x240/75797.png","275797","LIL","DOMESTIC_MEN_TEAM_A","","DOMESTIC","France","Lille","LOSC Lille","LIL","630","MINUTE","7","0","0","80.04","KILOMETER","31.5","KILOMETER_PER_HOUR"
"250018116","7889","34","1991-08-08","32","Matip","CMR","UNKNOWN","DEFENDER","MALE","192","./image/250018116.jpg","Joël Matip","DEFENDER","21","Matip","","","Cameroun","Défenseur","Joël","Matip","Joël Matip","Matip","200039","./assoc/200039_ENG.svg","./logo/7889.png","UEFA","ENG","7889","FAME","Liverpool","","https://img.uefa.com/imgml/TP/teams/logos/70x70/7889.png","https://img.uefa.com/imgml/TP/teams/logos/240x240/7889.png","207889","LIV","DOMESTIC_MEN_TEAM_A","","DOMESTIC","Angleterre","Liverpool","Liverpool FC","LIV","630","MINUTE","7","0","0","66.19","KILOMETER","31.7","KILOMETER_PER_HOUR"
"250064583","52747","30","1995-08-13","3","Kimpembe","FRA","UNKNOWN","DEFENDER","MALE","183","./image/250064583.jpg","Presnel Kimpembe","DEFENDER","3","Kimpembe","43","67","France","Défenseur","Presnel","Kimpembe","Presnel Kimpembe","Kimpembe","200043","./assoc/200043_FRA.svg","./logo/52747.png","UEFA","FRA","52747","FAME","Paris","","https://img.uefa.com/imgml/TP/teams/logos/70x70/52747.png","https://img.uefa.com/imgml/TP/teams/logos/240x240/52747.png","252747","PSG","DOMESTIC_MEN_TEAM_A","","DOMESTIC","France","Paris","Paris Saint-Germain","PSG","630","MINUTE","7","0","0","64.36","KILOMETER","32.3","KILOMETER_PER_HOUR"
"69543","50149","38","1987-05-13","1","Adán","ESP","UNKNOWN","GOALKEEPER","MALE","190","./image/69543.jpg","Antonio Adán","GOALKEEPER","23","Adán","200122","88","Espagne","Gardien","Antonio","Adán","Antonio Adán","Adán","200110","./assoc/200110_POR.svg","./logo/50149.png","UEFA","POR","50149","FAME","Sporting CP","","https://img.uefa.com/imgml/TP/teams/logos/70x70/50149.png","https://img.uefa.com/imgml/TP/teams/logos/240x240/50149.png","250149","SPO","DOMESTIC_MEN_TEAM_A","","DOMESTIC","Portugal","Sporting CP","Sporting Clube de Portugal","SPO","630","MINUTE","7","0","0","36.29","KILOMETER","26.2","KILOMETER_PER_HOUR"
"108501","50139","35","1990-04-18","25","Szczęsny","POL","GOALKEEPER","GOALKEEPER","MALE","196","./image/108501.jpg","Wojciech Szczęsny","GOALKEEPER","1","Szczęsny","109","84","Pologne","Gardien","Wojciech","Szczęsny","Wojciech Szczęsny","Szczęsny","200066","./assoc/200066_ITA.svg","./logo/50139.png","UEFA","ITA","50139","FAME","Juventus","","https://img.uefa.com/imgml/TP/teams/logos/70x70/50139.png","https://img.uefa.com/imgml/TP/teams/logos/240x240/50139.png","250139","JUV","DOMESTIC_MEN_TEAM_A","","DOMESTIC","Italie","Juventus","Juventus","JUV","630","MINUTE","7","0","0","31.37","KILOMETER","28.6","KILOMETER_PER_HOUR"
"1901746","52682","34","1990-11-07","43","De Gea","ESP","GOALKEEPER","GOALKEEPER","MALE","192","./image/1901746.jpg","David de Gea","GOALKEEPER","1","De Gea","122","76","Espagne","Gardien","David","de Gea","David de Gea","De Gea","200039","./assoc/200039_ENG.svg","./logo/52682.png","UEFA","ENG","52682","FAME","Man Utd","","https://img.uefa.com/imgml/TP/teams/logos/70x70/52682.png","https://img.uefa.com/imgml/TP/teams/logos/240x240/52682.png","252682","MUN","DOMESTIC_MEN_TEAM_A","","DOMESTIC","Angleterre","Man Utd","Manchester United","MUN","630","MINUTE","7","0","0","26.38","KILOMETER","23.5","KILOMETER_PER_HOUR"
"250014668","50143","33","1991-12-19","23","Berghuis","NED","WINGER","FORWARD","MALE","182","./image/250014668.jpg","Steven Berghuis","FORWARD","11","Berghuis","95","75","Pays-Bas","Attaquant","Steven","Berghuis","Steven Berghuis","Berghuis","200095","./assoc/200095_NED.svg","./logo/50143.png","UEFA","NED","50143","FAME","Ajax","","https://img.uefa.com/imgml/TP/teams/logos/70x70/50143.png","https://img.uefa.com/imgml/TP/teams/logos/240x240/50143.png","250143","AJX","DOMESTIC_MEN_TEAM_A","","DOMESTIC","Pays-Bas","Ajax","AFC Ajax","AJX","628","MINUTE","8","3","1","79.8","KILOMETER","32.21","KILOMETER_PER_HOUR"
"50327424","50139","26","1999-08-12","4","de Ligt","NED","CENTRE_BACK","DEFENDER","MALE","","https://img.uefa.com/imgml/TP/players/1/2022/324x324/50327424.jpg","Matthijs de Ligt","DEFENDER","15","de Ligt","95","","Pays-Bas","Défenseur","Matthijs","De Ligt","Matthijs de Ligt","De Ligt","200066","./assoc/200066_ITA.svg","./logo/50139.png","UEFA","ITA","50139","FAME","Juventus","","https://img.uefa.com/imgml/TP/teams/logos/70x70/50139.png","https://img.uefa.com/imgml/TP/teams/logos/240x240/50139.png","250139","JUV","DOMESTIC_MEN_TEAM_A","","DOMESTIC","Italie","Juventus","Juventus","JUV","627","MINUTE","7","0","0","71.45","KILOMETER","31.6","KILOMETER_PER_HOUR"
"250144965","50147","26","1999-06-24","9","Nunez Ribeiro","URU","STRIKER","FORWARD","MALE","","./image/250144965.jpg","Darwin Núñez","FORWARD","11","Darwin","138","","Uruguay","Attaquant","Darwin","Núñez","Darwin Núñez","Núñez","200110","./assoc/200110_POR.svg","./logo/50147.png","UEFA","POR","50147","FAME","Benfica","","https://img.uefa.com/imgml/TP/teams/logos/70x70/50147.png","https://img.uefa.com/imgml/TP/teams/logos/240x240/50147.png","250147","BEN","DOMESTIC_MEN_TEAM_A","","DOMESTIC","Portugal","Benfica","SL Benfica","BEN","613","MINUTE","10","6","0","72.44","KILOMETER","36.5","KILOMETER_PER_HOUR"
"250121330","50149","30","1995-02-18","2","Matheus R.","BRA","UNKNOWN","DEFENDER","MALE","","./image/250121330.jpg","Matheus Reis","DEFENDER","","M. Reis","","","Brésil","Défenseur","","Matheus Reis","Matheus Reis","Matheus Reis","200110","./assoc/200110_POR.svg","./logo/50149.png","UEFA","POR","50149","FAME","Sporting CP","","https://img.uefa.com/imgml/TP/teams/logos/70x70/50149.png","https://img.uefa.com/imgml/TP/teams/logos/240x240/50149.png","250149","SPO","DOMESTIC_MEN_TEAM_A","","DOMESTIC","Portugal","Sporting CP","Sporting Clube de Portugal","SPO","611","MINUTE","8","0","0","75.26","KILOMETER","32.8","KILOMETER_PER_HOUR"
"63706","52682","40","1985-02-05","7","Ronaldo","POR","STRIKER","FORWARD","MALE","185","./image/63706.jpg","Cristiano Ronaldo","FORWARD","7","RONALDO","110","80","Portugal","Attaquant","Cristiano","Ronaldo","Cristiano Ronaldo","Ronaldo","200039","./assoc/200039_ENG.svg","./logo/52682.png","UEFA","ENG","52682","FAME","Man Utd","","https://img.uefa.com/imgml/TP/teams/logos/70x70/52682.png","https://img.uefa.com/imgml/TP/teams/logos/240x240/52682.png","252682","MUN","DOMESTIC_MEN_TEAM_A","","DOMESTIC","Angleterre","Man Utd","Manchester United","MUN","611","MINUTE","7","6","0","59.22","KILOMETER","33.3","KILOMETER_PER_HOUR"
"250127347","50030","23","2002-01-18","27","Adeyemi","GER","STRIKER","FORWARD","MALE","","./image/250127347.jpg","Karim Adeyemi","MIDFIELDER","14","Adeyemi","47","","Allemagne","Attaquant","Karim","Adeyemi","Karim Adeyemi","Adeyemi","200008","./assoc/200008_AUT.svg","./logo/50030.png","UEFA","AUT","50030","FAME","Salzburg","","https://img.uefa.com/imgml/TP/teams/logos/70x70/50030.png","https://img.uefa.com/imgml/TP/teams/logos/240x240/50030.png","250030","SAL","DOMESTIC_MEN_TEAM_A","","DOMESTIC","Autriche","Salzburg","FC Salzburg","SAL","607","MINUTE","8","3","1","69.2","KILOMETER","34.4","KILOMETER_PER_HOUR"
"1906776","7889","34","1991-04-11","6","Thiago","ESP","CENTRAL_MIDFIELDER","MIDFIELDER","MALE","172","./image/1906776.jpg","Thiago Alcántara","MIDFIELDER","10","Thiago","122","71","Espagne","Milieu","","Thiago Alcántara","Thiago Alcántara","Thiago Alcántara","200039","./assoc/200039_ENG.svg","./logo/7889.png","UEFA","ENG","7889","FAME","Liverpool","","https://img.uefa.com/imgml/TP/teams/logos/70x70/7889.png","https://img.uefa.com/imgml/TP/teams/logos/240x240/7889.png","207889","LIV","DOMESTIC_MEN_TEAM_A","","DOMESTIC","Angleterre","Liverpool","Liverpool FC","LIV","604","MINUTE","10","1","0","77.95","KILOMETER","29.1","KILOMETER_PER_HOUR"
"250041718","52914","29","1996-04-10","15","Christensen","DEN","CENTRE_BACK","DEFENDER","MALE","188","./image/250041718.jpg","Andreas  Christensen","DEFENDER","6","Christensen","35","74","Danemark","Défenseur","Andreas","Christensen","Andreas  Christensen","Christensen","200039","./assoc/200039_ENG.svg","./logo/52914.png","UEFA","ENG","52914","FAME","Chelsea","","https://img.uefa.com/imgml/TP/teams/logos/70x70/52914.png","https://img.uefa.com/imgml/TP/teams/logos/240x240/52914.png","252914","CHE","DOMESTIC_MEN_TEAM_A","","DOMESTIC","Angleterre","Chelsea","Chelsea FC","CHE","603","MINUTE","8","1","1","62.65","KILOMETER","34.1","KILOMETER_PER_HOUR"
"250067420","75797","28","1997-02-17","19","ÇELİK","TUR","FULL_BACK","DEFENDER","MALE","","./image/250067420.jpg","Zeki Çelik","DEFENDER","2","ZEKİ ÇELİK","135","","Turquie","Défenseur","","Zeki Çelik","Zeki Çelik","Zeki Çelik","200043","./assoc/200043_FRA.svg","./logo/75797.png","UEFA","FRA","75797","FAME","Lille","","https://img.uefa.com/imgml/TP/teams/logos/70x70/75797.png","https://img.uefa.com/imgml/TP/teams/logos/240x240/75797.png","275797","LIL","DOMESTIC_MEN_TEAM_A","","DOMESTIC","France","Lille","LOSC Lille","LIL","591","MINUTE","7","0","1","71.28","KILOMETER","32.6","KILOMETER_PER_HOUR"
"250118281","50138","28","1997-08-22","10","Lautaro","ARG","STRIKER","FORWARD","MALE","","./image/250118281.jpg","Lautaro Martínez","FORWARD","22","L. Martínez","6","","Argentine","Attaquant","Lautaro","Martínez","Lautaro Martínez","L. Martínez","200066","./assoc/200066_ITA.svg","./logo/50138.png","UEFA","ITA","50138","FAME","Inter","","https://img.uefa.com/imgml/TP/teams/logos/70x70/50138.png","https://img.uefa.com/imgml/TP/teams/logos/240x240/50138.png","250138","INT","DOMESTIC_MEN_TEAM_A","","DOMESTIC","Italie","Inter","FC Internazionale Milano","INT","587","MINUTE","8","1","0","67.36","KILOMETER","32.21","KILOMETER_PER_HOUR"
"250063505","50124","30","1995-01-20","2","J. M. GIMÉNEZ","URU","CENTRE_BACK","DEFENDER","MALE","185","./image/250063505.jpg","José María Giménez","DEFENDER","2","Giménez","138","76","Uruguay","Défenseur","José María","Giménez","José María Giménez","Giménez","200122","./assoc/200122_ESP.svg","./logo/50124.png","UEFA","ESP","50124","FAME","Atleti","","https://img.uefa.com/imgml/TP/teams/logos/70x70/50124.png","https://img.uefa.com/imgml/TP/teams/logos/240x240/50124.png","250124","ATM","DOMESTIC_MEN_TEAM_A","","DOMESTIC","Espagne","Atleti","Atlético de Madrid","ATM","585","MINUTE","7","0","0","63.32","KILOMETER","33.9","KILOMETER_PER_HOUR"
"250111288","50149","32","1992-11-09","20","Paulinho","POR","STRIKER","FORWARD","MALE","","./image/250111288.jpg","Paulinho","FORWARD","9","Paulinho","110","","Portugal","Attaquant","","Paulinho","Paulinho","Paulinho","200110","./assoc/200110_POR.svg","./logo/50149.png","UEFA","POR","50149","FAME","Sporting CP","","https://img.uefa.com/imgml/TP/teams/logos/70x70/50149.png","https://img.uefa.com/imgml/TP/teams/logos/240x240/50149.png","250149","SPO","DOMESTIC_MEN_TEAM_A","","DOMESTIC","Portugal","Sporting CP","Sporting Clube de Portugal","SPO","582","MINUTE","8","3","1","68.19","KILOMETER","32","KILOMETER_PER_HOUR"
"250024795","52919","30","1994-12-08","30","Sterling","ENG","WINGER","MIDFIELDER","MALE","170","./image/250024795.jpg","Raheem Sterling","FORWARD","10","Sterling","39","69","Angleterre","Milieu","Raheem","Sterling","Raheem Sterling","Sterling","200039","./assoc/200039_ENG.svg","./logo/52919.png","UEFA","ENG","52919","FAME","Man City","","https://img.uefa.com/imgml/TP/teams/logos/70x70/52919.png","https://img.uefa.com/imgml/TP/teams/logos/240x240/52919.png","252919","MCI","DOMESTIC_MEN_TEAM_A","","DOMESTIC","Angleterre","Man City","Manchester City","MCI","581","MINUTE","12","3","2","71.19","KILOMETER","34.3","KILOMETER_PER_HOUR"
"250136465","52747","23","2002-06-19","25","N.MENDES","POR","FULL_BACK","DEFENDER","MALE","","./image/250136465.jpg","Nuno Mendes","DEFENDER","19","N. MENDES","110","","Portugal","Défenseur","","Nuno Mendes","Nuno Mendes","Nuno Mendes","200043","./assoc/200043_FRA.svg","./logo/52747.png","UEFA","FRA","52747","FAME","Paris","","https://img.uefa.com/imgml/TP/teams/logos/70x70/52747.png","https://img.uefa.com/imgml/TP/teams/logos/240x240/52747.png","252747","PSG","DOMESTIC_MEN_TEAM_A","","DOMESTIC","France","Paris","Paris Saint-Germain","PSG","581","MINUTE","8","0","0","62.2","KILOMETER","34.71","KILOMETER_PER_HOUR"
"250017925","50139","38","1987-05-01","23","BONUCCI","ITA","CENTRE_BACK","DEFENDER","MALE","190","./image/250017925.jpg","Leonardo Bonucci","DEFENDER","19","Bonucci","66","86","Italie","Défenseur","Leonardo","Bonucci","Leonardo Bonucci","Bonucci","200066","./assoc/200066_ITA.svg","./logo/50139.png","UEFA","ITA","50139","FAME","Juventus","","https://img.uefa.com/imgml/TP/teams/logos/70x70/50139.png","https://img.uefa.com/imgml/TP/teams/logos/240x240/50139.png","250139","JUV","DOMESTIC_MEN_TEAM_A","","DOMESTIC","Italie","Juventus","Juventus","JUV","580","MINUTE","7","0","0","60.64","KILOMETER","30.3","KILOMETER_PER_HOUR"
"250080471","7889","28","1996-12-04","20","Diogo J","POR","STRIKER","FORWARD","MALE","178","./image/250080471.jpg","Diogo Jota","FORWARD","21","DIOGO J.","110","70","Portugal","Attaquant","","Diogo Jota","Diogo Jota","Diogo Jota","200039","./assoc/200039_ENG.svg","./logo/7889.png","UEFA","ENG","7889","FAME","Liverpool","","https://img.uefa.com/imgml/TP/teams/logos/70x70/7889.png","https://img.uefa.com/imgml/TP/teams/logos/240x240/7889.png","207889","LIV","DOMESTIC_MEN_TEAM_A","","DOMESTIC","Angleterre","Liverpool","Liverpool FC","LIV","578","MINUTE","11","1","1","73.94","KILOMETER","32.9","KILOMETER_PER_HOUR"
"250014009","50124","32","1993-02-15","19","Kondogbia","CTA","DEFENSIVE_MIDFIELDER","MIDFIELDER","MALE","188","./image/250014009.jpg","Geoffrey Kondogbia","MIDFIELDER","12","Kondogbia","43","","République Centrafricaine","Milieu","Geoffrey","Kondogbia","Geoffrey Kondogbia","Kondogbia","200122","./assoc/200122_ESP.svg","./logo/50124.png","UEFA","ESP","50124","FAME","Atleti","","https://img.uefa.com/imgml/TP/teams/logos/70x70/50124.png","https://img.uefa.com/imgml/TP/teams/logos/240x240/50124.png","250124","ATM","DOMESTIC_MEN_TEAM_A","","DOMESTIC","Espagne","Atleti","Atlético de Madrid","ATM","578","MINUTE","9","0","0","71.25","KILOMETER","32.3","KILOMETER_PER_HOUR"
"250086037","50124","31","1994-05-24","5","R. DE PAUL","ARG","UNKNOWN","MIDFIELDER","MALE","","./image/250086037.jpg","Rodrigo De Paul","FORWARD","7","De Paul","6","","Argentine","Milieu","Rodrigo","De Paul","Rodrigo De Paul","De Paul","200122","./assoc/200122_ESP.svg","./logo/50124.png","UEFA","ESP","50124","FAME","Atleti","","https://img.uefa.com/imgml/TP/teams/logos/70x70/50124.png","https://img.uefa.com/imgml/TP/teams/logos/240x240/50124.png","250124","ATM","DOMESTIC_MEN_TEAM_A","","DOMESTIC","Espagne","Atleti","Atlético de Madrid","ATM","577","MINUTE","9","1","0","74.47","KILOMETER","32.8","KILOMETER_PER_HOUR"
"250144211","50143","25","2000-02-24","7","ANTONY","BRA","WINGER","FORWARD","MALE","","./image/250144211.jpg","Antony","FORWARD","19","Antony","18","","Brésil","Attaquant","","Antony","Antony","Antony","200095","./assoc/200095_NED.svg","./logo/50143.png","UEFA","NED","50143","FAME","Ajax","","https://img.uefa.com/imgml/TP/teams/logos/70x70/50143.png","https://img.uefa.com/imgml/TP/teams/logos/240x240/50143.png","250143","AJX","DOMESTIC_MEN_TEAM_A","","DOMESTIC","Pays-Bas","Ajax","AFC Ajax","AJX","577","MINUTE","7","2","5","65.07","KILOMETER","35.71","KILOMETER_PER_HOUR"
"250010259","52919","35","1990-05-28","32","WALKER","ENG","FULL_BACK","DEFENDER","MALE","178","./image/250010259.jpg","Kyle Walker","DEFENDER","2","Walker","39","70","Angleterre","Défenseur","Kyle","Walker","Kyle Walker","Walker","200039","./assoc/200039_ENG.svg","./logo/52919.png","UEFA","ENG","52919","FAME","Man City","","https://img.uefa.com/imgml/TP/teams/logos/70x70/52919.png","https://img.uefa.com/imgml/TP/teams/logos/240x240/52919.png","252919","MCI","DOMESTIC_MEN_TEAM_A","","DOMESTIC","Angleterre","Man City","Manchester City","MCI","577","MINUTE","7","1","0","64.07","KILOMETER","35.21","KILOMETER_PER_HOUR"
"1900122","50051","35","1990-01-18","6","NACHO","ESP","CENTRE_BACK","DEFENDER","MALE","179","./image/1900122.jpg","Nacho","DEFENDER","4","Nacho","122","75","Espagne","Défenseur","","Nacho","Nacho","Nacho","200122","./assoc/200122_ESP.svg","./logo/50051.png","UEFA","ESP","50051","FAME","Real Madrid","","https://img.uefa.com/imgml/TP/teams/logos/70x70/50051.png","https://img.uefa.com/imgml/TP/teams/logos/240x240/50051.png","250051","RMA","DOMESTIC_MEN_TEAM_A","","DOMESTIC","Espagne","Real Madrid","Real Madrid C.F.","RMA","574","MINUTE","9","0","0","61.99","KILOMETER","33.21","KILOMETER_PER_HOUR"
"250101463","50124","25","1999-11-10","14","JOÃO FÈLIX","POR","STRIKER","FORWARD","MALE","","./image/250101463.jpg","João Félix","FORWARD","11","JOÃO FÉLIX","110","","Portugal","Attaquant","","João Félix","João Félix","João Félix","200122","./assoc/200122_ESP.svg","./logo/50124.png","UEFA","ESP","50124","FAME","Atleti","","https://img.uefa.com/imgml/TP/teams/logos/70x70/50124.png","https://img.uefa.com/imgml/TP/teams/logos/240x240/50124.png","250124","ATM","DOMESTIC_MEN_TEAM_A","","DOMESTIC","Espagne","Atleti","Atlético de Madrid","ATM","573","MINUTE","8","1","1","68.46","KILOMETER","32.9","KILOMETER_PER_HOUR"
"250081701","50030","27","1998-02-04","39","Wöber","AUT","CENTRE_BACK","DEFENDER","MALE","188","./image/250081701.jpg","Maximilian Wöber","DEFENDER","2","Wöber","8","84","Autriche","Défenseur","Maximilian","Wöber","Maximilian Wöber","Wöber","200008","./assoc/200008_AUT.svg","./logo/50030.png","UEFA","AUT","50030","FAME","Salzburg","","https://img.uefa.com/imgml/TP/teams/logos/70x70/50030.png","https://img.uefa.com/imgml/TP/teams/logos/240x240/50030.png","250030","SAL","DOMESTIC_MEN_TEAM_A","","DOMESTIC","Autriche","Salzburg","FC Salzburg","SAL","573","MINUTE","7","1","0","66.53","KILOMETER","31.9","KILOMETER_PER_HOUR"
"108908","50143","35","1990-03-09","17","Blind","NED","CENTRE_BACK","DEFENDER","MALE","180","./image/108908.jpg","Daley Blind","DEFENDER","17","Blind","95","72","Pays-Bas","Défenseur","Daley","Blind","Daley Blind","Blind","200095","./assoc/200095_NED.svg","./logo/50143.png","UEFA","NED","50143","FAME","Ajax","","https://img.uefa.com/imgml/TP/teams/logos/70x70/50143.png","https://img.uefa.com/imgml/TP/teams/logos/240x240/50143.png","250143","AJX","DOMESTIC_MEN_TEAM_A","","DOMESTIC","Pays-Bas","Ajax","AFC Ajax","AJX","572","MINUTE","8","1","1","70.86","KILOMETER","37","KILOMETER_PER_HOUR"
"250063803","50037","29","1996-02-14","21","L.HERNANDEZ","FRA","CENTRE_BACK","DEFENDER","MALE","180","./image/250063803.jpg","Lucas Hernández","DEFENDER","21","L. Hernandez","43","76","France","Défenseur","Lucas","Hernández","Lucas Hernández","L. Hernández","200047","./assoc/200047_GER.svg","./logo/50037.png","UEFA","GER","50037","FAME","Bayern München","","https://img.uefa.com/imgml/TP/teams/logos/70x70/50037.png","https://img.uefa.com/imgml/TP/teams/logos/240x240/50037.png","250037","BAY","DOMESTIC_MEN_TEAM_A","","DOMESTIC","Allemagne","Bayern München","FC Bayern München","BAY","572","MINUTE","8","0","0","69.4","KILOMETER","33.71","KILOMETER_PER_HOUR"
"250101728","50143","24","2001-06-17","12","J.Timber","NED","FULL_BACK","DEFENDER","MALE","","./image/250101728.jpg","Jurriën Timber","DEFENDER","3","J.Timber","95","","Pays-Bas","Défenseur","Jurriën","Timber","Jurriën Timber","Timber","200095","./assoc/200095_NED.svg","./logo/50143.png","UEFA","NED","50143","FAME","Ajax","","https://img.uefa.com/imgml/TP/teams/logos/70x70/50143.png","https://img.uefa.com/imgml/TP/teams/logos/240x240/50143.png","250143","AJX","DOMESTIC_MEN_TEAM_A","","DOMESTIC","Pays-Bas","Ajax","AFC Ajax","AJX","570","MINUTE","8","0","0","64.91","KILOMETER","33.21","KILOMETER_PER_HOUR"
"250067749","52914","33","1991-12-20","20","Jorginho","ITA","CENTRAL_MIDFIELDER","MIDFIELDER","MALE","180","./image/250067749.jpg","Jorginho","MIDFIELDER","8","Jorginho","66","65","Italie","Milieu","","Jorginho","Jorginho","Jorginho","200039","./assoc/200039_ENG.svg","./logo/52914.png","UEFA","ENG","52914","FAME","Chelsea","","https://img.uefa.com/imgml/TP/teams/logos/70x70/52914.png","https://img.uefa.com/imgml/TP/teams/logos/240x240/52914.png","252914","CHE","DOMESTIC_MEN_TEAM_A","","DOMESTIC","Angleterre","Chelsea","Chelsea FC","CHE","561","MINUTE","8","2","2","68.69","KILOMETER","30","KILOMETER_PER_HOUR"
"250136464","50149","24","2001-08-25","25","G. Inácio","POR","CENTRE_BACK","DEFENDER","MALE","","./image/250136464.jpg","Gonçalo Inácio","DEFENDER","14","G. INÁCIO","110","","Portugal","Défenseur","","Gonçalo Inácio","Gonçalo Inácio","Gonçalo Inácio","200110","./assoc/200110_POR.svg","./logo/50149.png","UEFA","POR","50149","FAME","Sporting CP","","https://img.uefa.com/imgml/TP/teams/logos/70x70/50149.png","https://img.uefa.com/imgml/TP/teams/logos/240x240/50149.png","250149","SPO","DOMESTIC_MEN_TEAM_A","","DOMESTIC","Portugal","Sporting CP","Sporting Clube de Portugal","SPO","561","MINUTE","7","0","1","60.72","KILOMETER","32.3","KILOMETER_PER_HOUR"
"250090656","50143","27","1997-10-24","11","ÁLVAREZ","MEX","CENTRE_BACK","MIDFIELDER","MALE","","./image/250090656.jpg","Edson Álvarez","DEFENDER","4","Álvarez","91","","Mexique","Milieu","Edson","Álvarez","Edson Álvarez","Álvarez","200095","./assoc/200095_NED.svg","./logo/50143.png","UEFA","NED","50143","FAME","Ajax","","https://img.uefa.com/imgml/TP/teams/logos/70x70/50143.png","https://img.uefa.com/imgml/TP/teams/logos/240x240/50143.png","250143","AJX","DOMESTIC_MEN_TEAM_A","","DOMESTIC","Pays-Bas","Ajax","AFC Ajax","AJX","558","MINUTE","7","0","0","73.05","KILOMETER","30.9","KILOMETER_PER_HOUR"
"250039930","50139","34","1991-01-26","12","Alex Sandro","BRA","UNKNOWN","DEFENDER","MALE","179","./image/250039930.jpg","Alex Sandro","DEFENDER","6","Lobo Silva","18","79","Brésil","Défenseur","","Alex Sandro","Alex Sandro","Alex Sandro","200066","./assoc/200066_ITA.svg","./logo/50139.png","UEFA","ITA","50139","FAME","Juventus","","https://img.uefa.com/imgml/TP/teams/logos/70x70/50139.png","https://img.uefa.com/imgml/TP/teams/logos/240x240/50139.png","250139","JUV","DOMESTIC_MEN_TEAM_A","","DOMESTIC","Italie","Juventus","Juventus","JUV","553","MINUTE","7","1","0","68.95","KILOMETER","30.8","KILOMETER_PER_HOUR"
"250008348","52914","34","1990-12-28","20","MARCOS A.","ESP","FULL_BACK","DEFENDER","MALE","188","./image/250008348.jpg","Marcos Alonso","DEFENDER","17","Marcos A.","122","","Espagne","Défenseur","Marcos","Alonso","Marcos Alonso","Alonso","200039","./assoc/200039_ENG.svg","./logo/52914.png","UEFA","ENG","52914","FAME","Chelsea","","https://img.uefa.com/imgml/TP/teams/logos/70x70/52914.png","https://img.uefa.com/imgml/TP/teams/logos/240x240/52914.png","252914","CHE","DOMESTIC_MEN_TEAM_A","","DOMESTIC","Angleterre","Chelsea","Chelsea FC","CHE","548","MINUTE","8","0","0","68.91","KILOMETER","30.6","KILOMETER_PER_HOUR"
"250129537","50147","29","1996-03-22","7","EVERTON","BRA","WINGER","FORWARD","MALE","","./image/250129537.jpg","Everton","MIDFIELDER","","Sousa Soares","18","","Brésil","Attaquant","","Everton","Everton","Everton","200110","./assoc/200110_POR.svg","./logo/50147.png","UEFA","POR","50147","FAME","Benfica","","https://img.uefa.com/imgml/TP/teams/logos/70x70/50147.png","https://img.uefa.com/imgml/TP/teams/logos/240x240/50147.png","250147","BEN","DOMESTIC_MEN_TEAM_A","","DOMESTIC","Portugal","Benfica","SL Benfica","BEN","543","MINUTE","9","0","0","67.07","KILOMETER","32.5","KILOMETER_PER_HOUR"
"72048","50138","39","1986-03-17","9","Dzeko","BIH","STRIKER","FORWARD","MALE","193","./image/72048.jpg","Edin Džeko","FORWARD","11","Džeko","60094","84","Bosnie-Herzégovine","Attaquant","Edin","Džeko","Edin Džeko","Džeko","200066","./assoc/200066_ITA.svg","./logo/50138.png","UEFA","ITA","50138","FAME","Inter","","https://img.uefa.com/imgml/TP/teams/logos/70x70/50138.png","https://img.uefa.com/imgml/TP/teams/logos/240x240/50138.png","250138","INT","DOMESTIC_MEN_TEAM_A","","DOMESTIC","Italie","Inter","FC Internazionale Milano","INT","541","MINUTE","7","3","1","64.59","KILOMETER","31.8","KILOMETER_PER_HOUR"
"250064188","50043","33","1992-08-24","20","Vanaken","BEL","ATTACKING_MIDFIELDER","MIDFIELDER","MALE","194","./image/250064188.jpg","Hans Vanaken","MIDFIELDER","20","Vanaken","13","77","Belgique","Milieu","Hans","Vanaken","Hans Vanaken","Vanaken","200013","./assoc/200013_BEL.svg","./logo/50043.png","UEFA","BEL","50043","FAME","Club Brugge","","https://img.uefa.com/imgml/TP/teams/logos/70x70/50043.png","https://img.uefa.com/imgml/TP/teams/logos/240x240/50043.png","250043","BRU","DOMESTIC_MEN_TEAM_A","","DOMESTIC","Belgique","Club Brugge","Club Brugge KV","BRU","540","MINUTE","6","3","1","69.41","KILOMETER","29.8","KILOMETER_PER_HOUR"
"250083558","69606","31","1993-12-29","31","S.THILL","LUX","UNKNOWN","MIDFIELDER","MALE","177","./image/250083558.jpg","Sébastien Thill","MIDFIELDER","21","Thill S.","82","70","Luxembourg","Milieu","Sébastien","Thill","Sébastien Thill","S. Thill","257160","./assoc/257160_MDA.svg","./logo/69606.png","UEFA","MDA","69606","FAME","Sheriff","","https://img.uefa.com/imgml/TP/teams/logos/70x70/69606.png","https://img.uefa.com/imgml/TP/teams/logos/240x240/69606.png","269606","SHE","DOMESTIC_MEN_TEAM_A","","DOMESTIC","Moldavie","Sheriff","FC Sheriff Tiraspol","SHE","540","MINUTE","6","2","1","76.85","KILOMETER","30.3","KILOMETER_PER_HOUR"
"250016979","50149","35","1990-10-07","4","S. Coates","URU","CENTRE_BACK","DEFENDER","MALE","196","./image/250016979.jpg","Sebastián Coates","DEFENDER","19","Coates","138","92","Uruguay","Défenseur","Sebastián","Coates","Sebastián Coates","Coates","200110","./assoc/200110_POR.svg","./logo/50149.png","UEFA","POR","50149","FAME","Sporting CP","","https://img.uefa.com/imgml/TP/teams/logos/70x70/50149.png","https://img.uefa.com/imgml/TP/teams/logos/240x240/50149.png","250149","SPO","DOMESTIC_MEN_TEAM_A","","DOMESTIC","Portugal","Sporting CP","Sporting Clube de Portugal","SPO","540","MINUTE","6","2","0","50.89","KILOMETER","31.4","KILOMETER_PER_HOUR"
"250024713","64332","31","1994-05-27","27","Arnold","GER","DEFENSIVE_MIDFIELDER","MIDFIELDER","MALE","184","./image/250024713.jpg","Maximilian Arnold","MIDFIELDER","8","Arnold","47","74","Allemagne","Milieu","Maximilian","Arnold","Maximilian Arnold","Arnold","200047","./assoc/200047_GER.svg","./logo/64332.png","UEFA","GER","64332","FAME","Wolfsburg","","https://img.uefa.com/imgml/TP/teams/logos/70x70/64332.png","https://img.uefa.com/imgml/TP/teams/logos/240x240/64332.png","264332","WOB","DOMESTIC_MEN_TEAM_A","","DOMESTIC","Allemagne","Wolfsburg","VfL Wolfsburg","WOL","540","MINUTE","6","0","3","67.29","KILOMETER","30.3","KILOMETER_PER_HOUR"
"250110437","69606","32","1993-08-29","15","CRIS SILVA","BRA","FULL_BACK","DEFENDER","MALE","","./image/250110437.jpg","Cristiano","DEFENDER","","CRIS SILVA","","","Brésil","Défenseur","","Cristiano","Cristiano","Cristiano","257160","./assoc/257160_MDA.svg","./logo/69606.png","UEFA","MDA","69606","FAME","Sheriff","","https://img.uefa.com/imgml/TP/teams/logos/70x70/69606.png","https://img.uefa.com/imgml/TP/teams/logos/240x240/69606.png","269606","SHE","DOMESTIC_MEN_TEAM_A","","DOMESTIC","Moldavie","Sheriff","FC Sheriff Tiraspol","SHE","540","MINUTE","6","0","3","63.24","KILOMETER","34.8","KILOMETER_PER_HOUR"
"250119185","52723","23","2002-09-01","6","ZABARNYI","UKR","CENTRE_BACK","DEFENDER","MALE","","./image/250119185.jpg","Illia Zabarnyi","DEFENDER","13","Zabarnyi","57166","","Ukraine","Défenseur","Illia","Zabarnyi","Illia Zabarnyi","Zabarnyi","257166","./assoc/257166_UKR.svg","./logo/52723.png","UEFA","UKR","52723","FAME","Dynamo Kyiv","","https://img.uefa.com/imgml/TP/teams/logos/70x70/52723.png","https://img.uefa.com/imgml/TP/teams/logos/240x240/52723.png","252723","DKY","DOMESTIC_MEN_TEAM_A","","DOMESTIC","Ukraine","Dynamo Kyiv","FC Dynamo Kyiv","DKY","540","MINUTE","6","0","0","67.1","KILOMETER","30.9","KILOMETER_PER_HOUR"
"250003327","52714","38","1987-07-25","20","Fernando","BRA","DEFENSIVE_MIDFIELDER","MIDFIELDER","MALE","185","./image/250003327.jpg","Fernando","MIDFIELDER","","Fernando","","76","Brésil","Milieu","","Fernando","Fernando","Fernando","200122","./assoc/200122_ESP.svg","./logo/52714.png","UEFA","ESP","52714","FAME","Sevilla","","https://img.uefa.com/imgml/TP/teams/logos/70x70/52714.png","https://img.uefa.com/imgml/TP/teams/logos/240x240/52714.png","252714","SEV","DOMESTIC_MEN_TEAM_A","","DOMESTIC","Espagne","Sevilla","Sevilla FC","SEV","540","MINUTE","6","0","0","66.64","KILOMETER","33.1","KILOMETER_PER_HOUR"
"250157098","69606","26","1998-11-29","13","F.COSTANZA","ITA","UNKNOWN","DEFENDER","MALE","","./image/250157098.jpg","Fernando Costanza","DEFENDER","","F.COSTANZA","","","Italie","Défenseur","","Fernando Costanza","Fernando Costanza","Fernando Costanza","257160","./assoc/257160_MDA.svg","./logo/69606.png","UEFA","MDA","69606","FAME","Sheriff","","https://img.uefa.com/imgml/TP/teams/logos/70x70/69606.png","https://img.uefa.com/imgml/TP/teams/logos/240x240/69606.png","269606","SHE","DOMESTIC_MEN_TEAM_A","","DOMESTIC","Moldavie","Sheriff","FC Sheriff Tiraspol","SHE","540","MINUTE","6","0","0","64.61","KILOMETER","39.4","KILOMETER_PER_HOUR"
"250117429","52707","26","1998-11-17","2","Dodo","BRA","FULL_BACK","DEFENDER","MALE","","./image/250117429.jpg","Dodô","DEFENDER","","Dodo","","","Brésil","Défenseur","","Dodô","Dodô","Dodô","257166","./assoc/257166_UKR.svg","./logo/52707.png","UEFA","UKR","52707","FAME","Shakhtar","","https://img.uefa.com/imgml/TP/teams/logos/70x70/52707.png","https://img.uefa.com/imgml/TP/teams/logos/240x240/52707.png","252707","SHK","DOMESTIC_MEN_TEAM_A","","DOMESTIC","Ukraine","Shakhtar","FC Shakhtar Donetsk","SHK","540","MINUTE","6","0","0","64.45","KILOMETER","34.71","KILOMETER_PER_HOUR"
"250118244","52826","31","1993-10-16","5","Barrios","COL","DEFENSIVE_MIDFIELDER","MIDFIELDER","MALE","","./image/250118244.jpg","Wílmar Barrios","MIDFIELDER","","Barrios","29","","Colombie","Milieu","Wílmar","Barrios","Wílmar Barrios","Barrios","257451","./assoc/257451_RUS.svg","./logo/52826.png","UEFA","RUS","52826","FAME","Zenit","","https://img.uefa.com/imgml/TP/teams/logos/70x70/52826.png","https://img.uefa.com/imgml/TP/teams/logos/240x240/52826.png","252826","ZEN","DOMESTIC_MEN_TEAM_A","","DOMESTIC","Russie","Zenit","FC Zenit","ZEN","540","MINUTE","6","0","0","61.55","KILOMETER","31.5","KILOMETER_PER_HOUR"
"250108290","64332","25","2000-04-06","5","Lacroix","FRA","","DEFENDER","MALE","","./image/250108290.jpg","Maxence Lacroix","DEFENDER","17","Lacroix","400043","","France","Défenseur","Maxence","Lacroix","Maxence Lacroix","Lacroix","200047","./assoc/200047_GER.svg","./logo/64332.png","UEFA","GER","64332","FAME","Wolfsburg","","https://img.uefa.com/imgml/TP/teams/logos/70x70/64332.png","https://img.uefa.com/imgml/TP/teams/logos/240x240/64332.png","264332","WOB","DOMESTIC_MEN_TEAM_A","","DOMESTIC","Allemagne","Wolfsburg","VfL Wolfsburg","WOL","540","MINUTE","6","0","0","61.31","KILOMETER","34.5","KILOMETER_PER_HOUR"
"250117436","50043","30","1995-05-07","5","Hendry","SCO","CENTRE_BACK","DEFENDER","MALE","","./image/250117436.jpg","Jack Hendry","DEFENDER","13","Hendry","117","","Écosse","Défenseur","Jack","Hendry","Jack Hendry","Hendry","200013","./assoc/200013_BEL.svg","./logo/50043.png","UEFA","BEL","50043","FAME","Club Brugge","","https://img.uefa.com/imgml/TP/teams/logos/70x70/50043.png","https://img.uefa.com/imgml/TP/teams/logos/240x240/50043.png","250043","BRU","DOMESTIC_MEN_TEAM_A","","DOMESTIC","Belgique","Club Brugge","Club Brugge KV","BRU","540","MINUTE","6","0","0","61","KILOMETER","33.21","KILOMETER_PER_HOUR"
"250157095","69606","30","1995-05-16","2","D.ARBOLEDA","COL","UNKNOWN","DEFENDER","MALE","","./image/250157095.jpg","Danilo Arboleda","DEFENDER","","D.ARBOLEDA","","","Colombie","Défenseur","Danilo","Arboleda","Danilo Arboleda","Arboleda","257160","./assoc/257160_MDA.svg","./logo/69606.png","UEFA","MDA","69606","FAME","Sheriff","","https://img.uefa.com/imgml/TP/teams/logos/70x70/69606.png","https://img.uefa.com/imgml/TP/teams/logos/240x240/69606.png","269606","SHE","DOMESTIC_MEN_TEAM_A","","DOMESTIC","Moldavie","Sheriff","FC Sheriff Tiraspol","SHE","540","MINUTE","6","0","0","53.3","KILOMETER","34.6","KILOMETER_PER_HOUR"
"250157099","69606","30","1995-05-09","55","Sanguinetti","PER","UNKNOWN","DEFENDER","MALE","","./image/250157099.jpg","Gustavo Dulanto","DEFENDER","","SANGUINETTI","","","Pérou","Défenseur","Gustavo","Dulanto","Gustavo Dulanto","Dulanto","257160","./assoc/257160_MDA.svg","./logo/69606.png","UEFA","MDA","69606","FAME","Sheriff","","https://img.uefa.com/imgml/TP/teams/logos/70x70/69606.png","https://img.uefa.com/imgml/TP/teams/logos/240x240/69606.png","269606","SHE","DOMESTIC_MEN_TEAM_A","","DOMESTIC","Moldavie","Sheriff","FC Sheriff Tiraspol","SHE","540","MINUTE","6","0","0","52.98","KILOMETER","31.9","KILOMETER_PER_HOUR"
"250118302","52714","34","1991-04-05","13","Bono","MAR","GOALKEEPER","GOALKEEPER","MALE","","./image/250118302.jpg","Yassine Bounou","GOALKEEPER","1","Bono","92","","Maroc","Gardien","Yassine","Bounou","Yassine Bounou","Bounou","200122","./assoc/200122_ESP.svg","./logo/52714.png","UEFA","ESP","52714","FAME","Sevilla","","https://img.uefa.com/imgml/TP/teams/logos/70x70/52714.png","https://img.uefa.com/imgml/TP/teams/logos/240x240/52714.png","252714","SEV","DOMESTIC_MEN_TEAM_A","","DOMESTIC","Espagne","Sevilla","Sevilla FC","SEV","540","MINUTE","6","0","0","37.19","KILOMETER","28","KILOMETER_PER_HOUR"
"250069832","52758","27","1997-12-06","1","Kobel","SUI","GOALKEEPER","GOALKEEPER","MALE","","./image/250069832.jpg","Gregor Kobel","GOALKEEPER","1","Kobel","128","","Suisse","Gardien","Gregor","Kobel","Gregor Kobel","Kobel","200047","./assoc/200047_GER.svg","./logo/52758.png","UEFA","GER","52758","FAME","B. Dortmund","","https://img.uefa.com/imgml/TP/teams/logos/70x70/52758.png","https://img.uefa.com/imgml/TP/teams/logos/240x240/52758.png","252758","BVB","DOMESTIC_MEN_TEAM_A","","DOMESTIC","Allemagne","B. Dortmund","Borussia Dortmund","BVB","540","MINUTE","6","0","0","35.42","KILOMETER","24.2","KILOMETER_PER_HOUR"
"98078","50043","37","1988-03-06","22","Mignolet","BEL","GOALKEEPER","GOALKEEPER","MALE","193","./image/98078.jpg","Simon Mignolet","GOALKEEPER","12","Mignolet","13","87","Belgique","Gardien","Simon","Mignolet","Simon Mignolet","Mignolet","200013","./assoc/200013_BEL.svg","./logo/50043.png","UEFA","BEL","50043","FAME","Club Brugge","","https://img.uefa.com/imgml/TP/teams/logos/70x70/50043.png","https://img.uefa.com/imgml/TP/teams/logos/240x240/50043.png","250043","BRU","DOMESTIC_MEN_TEAM_A","","DOMESTIC","Belgique","Club Brugge","Club Brugge KV","BRU","540","MINUTE","6","0","0","33.21","KILOMETER","26.3","KILOMETER_PER_HOUR"
"250137521","52816","31","1994-05-06","1","J. MUSSO","ARG","UNKNOWN","GOALKEEPER","MALE","","./image/250137521.jpg","Juan Musso","GOALKEEPER","","Musso","6","","Argentine","Gardien","Juan","Musso","Juan Musso","Musso","200066","./assoc/200066_ITA.svg","./logo/52816.png","UEFA","ITA","52816","FAME","Atalanta","","https://img.uefa.com/imgml/TP/teams/logos/70x70/52816.png","https://img.uefa.com/imgml/TP/teams/logos/240x240/52816.png","252816","ATA","DOMESTIC_MEN_TEAM_A","","DOMESTIC","Italie","Atalanta","Atalanta BC","ATA","540","MINUTE","6","0","0","32.74","KILOMETER","28.8","KILOMETER_PER_HOUR"
"98834","50143","41","1983-11-08","22","Pasveer","NED","GOALKEEPER","GOALKEEPER","MALE","186","./image/98834.jpg","Remko Pasveer","GOALKEEPER","1","Pasveer","95","87","Pays-Bas","Gardien","Remko","Pasveer","Remko Pasveer","Pasveer","200095","./assoc/200095_NED.svg","./logo/50143.png","UEFA","NED","50143","FAME","Ajax","","https://img.uefa.com/imgml/TP/teams/logos/70x70/50143.png","https://img.uefa.com/imgml/TP/teams/logos/240x240/50143.png","250143","AJX","DOMESTIC_MEN_TEAM_A","","DOMESTIC","Pays-Bas","Ajax","AFC Ajax","AJX","540","MINUTE","6","0","0","32.69","KILOMETER","25.9","KILOMETER_PER_HOUR"
"250056074","75797","29","1996-01-18","1","GRBIĆ","CRO","UNKNOWN","GOALKEEPER","MALE","","./image/250056074.jpg","Ivo Grbić","GOALKEEPER","12","Grbić","56370","","Croatie","Gardien","Ivo","Grbić","Ivo Grbić","Grbić","200043","./assoc/200043_FRA.svg","./logo/75797.png","UEFA","FRA","75797","FAME","Lille","","https://img.uefa.com/imgml/TP/teams/logos/70x70/75797.png","https://img.uefa.com/imgml/TP/teams/logos/240x240/75797.png","275797","LIL","DOMESTIC_MEN_TEAM_A","","DOMESTIC","France","Lille","LOSC Lille","LIL","540","MINUTE","6","0","0","31.87","KILOMETER","25.3","KILOMETER_PER_HOUR"
"250076675","50064","26","1999-09-19","99","D. Costa","POR","GOALKEEPER","GOALKEEPER","MALE","","./image/250076675.jpg","Diogo Costa","GOALKEEPER","1","DIOGO COSTA","110","","Portugal","Gardien","","Diogo Costa","Diogo Costa","Diogo Costa","200110","./assoc/200110_POR.svg","./logo/50064.png","UEFA","POR","50064","FAME","Porto","","https://img.uefa.com/imgml/TP/teams/logos/70x70/50064.png","https://img.uefa.com/imgml/TP/teams/logos/240x240/50064.png","250064","POR","DOMESTIC_MEN_TEAM_A","","DOMESTIC","Portugal","Porto","FC Porto","POR","540","MINUTE","6","0","0","31.67","KILOMETER","30.8","KILOMETER_PER_HOUR"
"250007631","50080","33","1992-04-30","1","Ter Stegen","GER","GOALKEEPER","GOALKEEPER","MALE","187","./image/250007631.jpg","Marc-André ter Stegen","GOALKEEPER","1","Ter Stegen","47","85","Allemagne","Gardien","Marc-André","ter Stegen","Marc-André ter Stegen","Ter Stegen","200122","./assoc/200122_ESP.svg","./logo/50080.png","UEFA","ESP","50080","FAME","Barcelona","","https://img.uefa.com/imgml/TP/teams/logos/70x70/50080.png","https://img.uefa.com/imgml/TP/teams/logos/240x240/50080.png","250080","BAR","DOMESTIC_MEN_TEAM_A","","DOMESTIC","Espagne","Barcelona","FC Barcelona","BAR","540","MINUTE","6","0","0","29.01","KILOMETER","24.9","KILOMETER_PER_HOUR"
"250066747","50139","27","1998-01-08","5","Locatelli","ITA","DEFENSIVE_MIDFIELDER","MIDFIELDER","MALE","","./image/250066747.jpg","Manuel Locatelli","MIDFIELDER","5","Locatelli","66","","Italie","Milieu","Manuel","Locatelli","Manuel Locatelli","Locatelli","200066","./assoc/200066_ITA.svg","./logo/50139.png","UEFA","ITA","50139","FAME","Juventus","","https://img.uefa.com/imgml/TP/teams/logos/70x70/50139.png","https://img.uefa.com/imgml/TP/teams/logos/240x240/50139.png","250139","JUV","DOMESTIC_MEN_TEAM_A","","DOMESTIC","Italie","Juventus","Juventus","JUV","539","MINUTE","7","0","0","69.79","KILOMETER","30.9","KILOMETER_PER_HOUR"
"250086136","52714","32","1993-03-15","3","DIEGO CARLOS","BRA","UNKNOWN","DEFENDER","MALE","","./image/250086136.jpg","Diego Carlos","DEFENDER","","Diego Carlos","","","Brésil","Défenseur","","Diego Carlos","Diego Carlos","Diego Carlos","200122","./assoc/200122_ESP.svg","./logo/52714.png","UEFA","ESP","52714","FAME","Sevilla","","https://img.uefa.com/imgml/TP/teams/logos/70x70/52714.png","https://img.uefa.com/imgml/TP/teams/logos/240x240/52714.png","252714","SEV","DOMESTIC_MEN_TEAM_A","","DOMESTIC","Espagne","Sevilla","Sevilla FC","SEV","539","MINUTE","6","0","0","58.7","KILOMETER","32.9","KILOMETER_PER_HOUR"
"250076240","52914","26","1999-01-10","7","Mount","ENG","ATTACKING_MIDFIELDER","MIDFIELDER","MALE","","./image/250076240.jpg","Mason Mount","MIDFIELDER","19","Mount","39","","Angleterre","Milieu","Mason","Mount","Mason Mount","Mount","200039","./assoc/200039_ENG.svg","./logo/52914.png","UEFA","ENG","52914","FAME","Chelsea","","https://img.uefa.com/imgml/TP/teams/logos/70x70/52914.png","https://img.uefa.com/imgml/TP/teams/logos/240x240/52914.png","252914","CHE","DOMESTIC_MEN_TEAM_A","","DOMESTIC","Angleterre","Chelsea","Chelsea FC","CHE","538","MINUTE","7","1","2","60.3","KILOMETER","35","KILOMETER_PER_HOUR"
"250053905","50139","30","1995-04-03","25","Rabiot","FRA","CENTRAL_MIDFIELDER","MIDFIELDER","MALE","188","./image/250053905.jpg","Adrien Rabiot","MIDFIELDER","14","Rabiot","43","71","France","Milieu","Adrien","Rabiot","Adrien Rabiot","Rabiot","200066","./assoc/200066_ITA.svg","./logo/50139.png","UEFA","ITA","50139","FAME","Juventus","","https://img.uefa.com/imgml/TP/teams/logos/70x70/50139.png","https://img.uefa.com/imgml/TP/teams/logos/240x240/50139.png","250139","JUV","DOMESTIC_MEN_TEAM_A","","DOMESTIC","Italie","Juventus","Juventus","JUV","536","MINUTE","7","0","0","67.57","KILOMETER","36.8","KILOMETER_PER_HOUR"
"250008250","52723","34","1991-05-02","5","Sydorchuk","UKR","CENTRAL_MIDFIELDER","MIDFIELDER","MALE","189","./image/250008250.jpg","Serhiy Sydorchuk","MIDFIELDER","5","Sydorchuk","57166","90","Ukraine","Milieu","Serhiy","Sydorchuk","Serhiy Sydorchuk","Sydorchuk","257166","./assoc/257166_UKR.svg","./logo/52723.png","UEFA","UKR","52723","FAME","Dynamo Kyiv","","https://img.uefa.com/imgml/TP/teams/logos/70x70/52723.png","https://img.uefa.com/imgml/TP/teams/logos/240x240/52723.png","252723","DKY","DOMESTIC_MEN_TEAM_A","","DOMESTIC","Ukraine","Dynamo Kyiv","FC Dynamo Kyiv","DKY","536","MINUTE","6","0","0","69.11","KILOMETER","31","KILOMETER_PER_HOUR"
"250075007","52682","32","1993-03-05","5","Maguire","ENG","CENTRE_BACK","DEFENDER","MALE","","./image/250075007.jpg","Harry Maguire","DEFENDER","6","Maguire","39","","Angleterre","Défenseur","Harry","Maguire","Harry Maguire","Maguire","200039","./assoc/200039_ENG.svg","./logo/52682.png","UEFA","ENG","52682","FAME","Man Utd","","https://img.uefa.com/imgml/TP/teams/logos/70x70/52682.png","https://img.uefa.com/imgml/TP/teams/logos/240x240/52682.png","252682","MUN","DOMESTIC_MEN_TEAM_A","","DOMESTIC","Angleterre","Man Utd","Manchester United","MUN","534","MINUTE","6","1","0","49.29","KILOMETER","30.5","KILOMETER_PER_HOUR"
"250067295","50149","30","1995-07-09","6","J. PALHINHA","POR","DEFENSIVE_MIDFIELDER","MIDFIELDER","MALE","189","./image/250067295.jpg","João Palhinha","MIDFIELDER","6","J. PALHINHA","110","","Portugal","Milieu","","João Palhinha","João Palhinha","João Palhinha","200110","./assoc/200110_POR.svg","./logo/50149.png","UEFA","POR","50149","FAME","Sporting CP","","https://img.uefa.com/imgml/TP/teams/logos/70x70/50149.png","https://img.uefa.com/imgml/TP/teams/logos/240x240/50149.png","250149","SPO","DOMESTIC_MEN_TEAM_A","","DOMESTIC","Portugal","Sporting CP","Sporting Clube de Portugal","SPO","534","MINUTE","6","0","0","66.44","KILOMETER","30.3","KILOMETER_PER_HOUR"
"250102315","75797","25","2000-04-09","3","Embalo Djalo","POR","CENTRE_BACK","DEFENDER","MALE","","./image/250102315.jpg","Tiago Djaló","DEFENDER","14","Tiago Djalo","110","","Portugal","Défenseur","","Tiago Djaló","Tiago Djaló","Tiago Djaló","200043","./assoc/200043_FRA.svg","./logo/75797.png","UEFA","FRA","75797","FAME","Lille","","https://img.uefa.com/imgml/TP/teams/logos/70x70/75797.png","https://img.uefa.com/imgml/TP/teams/logos/240x240/75797.png","275797","LIL","DOMESTIC_MEN_TEAM_A","","DOMESTIC","France","Lille","LOSC Lille","LIL","533","MINUTE","7","0","0","60.45","KILOMETER","31.6","KILOMETER_PER_HOUR"
"250109792","50031","31","1994-07-09","10","Moumi Ngamaleu","CMR","WINGER","MIDFIELDER","MALE","","./image/250109792.jpg","Nicolas Ngamaleu","MIDFIELDER","6","Moumi Ngamaleu","23","","Cameroun","Milieu","Nicolas","Ngamaleu","Nicolas Ngamaleu","Ngamaleu","200128","./assoc/200128_SUI.svg","./logo/50031.png","UEFA","SUI","50031","FAME","Young Boys","","https://img.uefa.com/imgml/TP/teams/logos/70x70/50031.png","https://img.uefa.com/imgml/TP/teams/logos/240x240/50031.png","250031","YB","DOMESTIC_MEN_TEAM_A","","DOMESTIC","Suisse","Young Boys","BSC Young Boys","YB","532","MINUTE","6","1","1","57.19","KILOMETER","35.6","KILOMETER_PER_HOUR"
"103310","50138","36","1989-02-02","5","Perišić","CRO","WINGER","FORWARD","MALE","185","./image/103310.jpg","Ivan Perišić","FORWARD","14","Perišić","56370","77","Croatie","Attaquant","Ivan","Perišić","Ivan Perišić","Perišić","200066","./assoc/200066_ITA.svg","./logo/50138.png","UEFA","ITA","50138","FAME","Inter","","https://img.uefa.com/imgml/TP/teams/logos/70x70/50138.png","https://img.uefa.com/imgml/TP/teams/logos/240x240/50138.png","250138","INT","DOMESTIC_MEN_TEAM_A","","DOMESTIC","Italie","Inter","FC Internazionale Milano","INT","531","MINUTE","8","0","1","65.5","KILOMETER","33.9","KILOMETER_PER_HOUR"
"250076654","2603790","27","1997-11-14","18","Nkunku","FRA","UNKNOWN","MIDFIELDER","MALE","178","./image/250076654.jpg","Christopher Nkunku","FORWARD","18","Nkunku","43","68","France","Milieu","Christopher","Nkunku","Christopher Nkunku","Nkunku","200047","./assoc/200047_GER.svg","./logo/2603790.png","UEFA","GER","2603790","FAME","Leipzig","","https://img.uefa.com/imgml/TP/teams/logos/70x70/2603790.png","https://img.uefa.com/imgml/TP/teams/logos/240x240/2603790.png","250002563","RBL","DOMESTIC_MEN_TEAM_A","","DOMESTIC","Allemagne","Leipzig","RB Leipzig","RBL","531","MINUTE","6","7","0","62.77","KILOMETER","32.6","KILOMETER_PER_HOUR"
"250157101","69606","30","1995-06-05","20","A. TRAORÉ","MLI","UNKNOWN","FORWARD","MALE","","./image/250157101.jpg","Adama Traoré","MIDFIELDER","","A.TRAORE","","","Mali","Attaquant","Adama","Traoré","Adama Traoré","Traoré","257160","./assoc/257160_MDA.svg","./logo/69606.png","UEFA","MDA","69606","FAME","Sheriff","","https://img.uefa.com/imgml/TP/teams/logos/70x70/69606.png","https://img.uefa.com/imgml/TP/teams/logos/240x240/69606.png","269606","SHE","DOMESTIC_MEN_TEAM_A","","DOMESTIC","Moldavie","Sheriff","FC Sheriff Tiraspol","SHE","530","MINUTE","6","2","1","64.37","KILOMETER","34.71","KILOMETER_PER_HOUR"
"62309","75797","40","1985-07-15","17","","TUR","STRIKER","","MALE","188","./image/62309.jpg","Burak Yılmaz","FORWARD","17","BURAK","135","77","Turquie","","","Burak Yılmaz","Burak Yılmaz","Burak Yılmaz","200043","./assoc/200043_FRA.svg","./logo/75797.png","UEFA","FRA","75797","FAME","Lille","","https://img.uefa.com/imgml/TP/teams/logos/70x70/75797.png","https://img.uefa.com/imgml/TP/teams/logos/240x240/75797.png","275797","LIL","DOMESTIC_MEN_TEAM_A","","DOMESTIC","France","Lille","LOSC Lille","LIL","529","MINUTE","7","3","0","56.16","KILOMETER","33.21","KILOMETER_PER_HOUR"
"150562676","50149","26","1999-09-13","23","PEDRO PORRO","ESP","FULL_BACK","DEFENDER","MALE","","./image/150562676.jpg","Pedro Porro","DEFENDER","12","PEDRO PORRO","122","","Espagne","Défenseur","","Pedro Porro","Pedro Porro","Pedro Porro","200110","./assoc/200110_POR.svg","./logo/50149.png","UEFA","POR","50149","FAME","Sporting CP","","https://img.uefa.com/imgml/TP/teams/logos/70x70/50149.png","https://img.uefa.com/imgml/TP/teams/logos/240x240/50149.png","250149","SPO","DOMESTIC_MEN_TEAM_A","","DOMESTIC","Portugal","Sporting CP","Sporting Clube de Portugal","SPO","529","MINUTE","7","1","0","60.91","KILOMETER","33.3","KILOMETER_PER_HOUR"
"250091165","50043","26","1999-06-17","70","Lang","NED","WINGER","FORWARD","MALE","","./image/250091165.jpg","Noa Lang","FORWARD","17","Lang","95","","Pays-Bas","Attaquant","Noa","Lang","Noa Lang","Lang","200013","./assoc/200013_BEL.svg","./logo/50043.png","UEFA","BEL","50043","FAME","Club Brugge","","https://img.uefa.com/imgml/TP/teams/logos/70x70/50043.png","https://img.uefa.com/imgml/TP/teams/logos/240x240/50043.png","250043","BRU","DOMESTIC_MEN_TEAM_A","","DOMESTIC","Belgique","Club Brugge","Club Brugge KV","BRU","528","MINUTE","6","0","1","68.88","KILOMETER","33.21","KILOMETER_PER_HOUR"
"250084887","50043","32","1992-11-07","22","Mata","ANG","FULL_BACK","DEFENDER","MALE","","./image/250084887.jpg","Clinton Mata","DEFENDER","","Mata","","","Angola","Défenseur","Clinton","Mata","Clinton Mata","Mata","200013","./assoc/200013_BEL.svg","./logo/50043.png","UEFA","BEL","50043","FAME","Club Brugge","","https://img.uefa.com/imgml/TP/teams/logos/70x70/50043.png","https://img.uefa.com/imgml/TP/teams/logos/240x240/50043.png","250043","BRU","DOMESTIC_MEN_TEAM_A","","DOMESTIC","Belgique","Club Brugge","Club Brugge KV","BRU","528","MINUTE","6","0","0","59.85","KILOMETER","32.71","KILOMETER_PER_HOUR"
"250023097","52816","33","1992-04-15","8","Freuler","SUI","CENTRAL_MIDFIELDER","MIDFIELDER","MALE","181","./image/250023097.jpg","Remo Freuler","MIDFIELDER","8","Freuler","128","77","Suisse","Milieu","Remo","Freuler","Remo Freuler","Freuler","200066","./assoc/200066_ITA.svg","./logo/52816.png","UEFA","ITA","52816","FAME","Atalanta","","https://img.uefa.com/imgml/TP/teams/logos/70x70/52816.png","https://img.uefa.com/imgml/TP/teams/logos/240x240/52816.png","252816","ATA","DOMESTIC_MEN_TEAM_A","","DOMESTIC","Italie","Atalanta","Atalanta BC","ATA","526","MINUTE","6","1","1","71.64","KILOMETER","31","KILOMETER_PER_HOUR"
"250024860","50080","31","1994-02-13","9","MEMPHIS","NED","WINGER","FORWARD","MALE","176","./image/250024860.jpg","Memphis Depay","FORWARD","10","Memphis","95","78","Pays-Bas","Attaquant","Memphis","Depay","Memphis Depay","Depay","200122","./assoc/200122_ESP.svg","./logo/50080.png","UEFA","ESP","50080","FAME","Barcelona","","https://img.uefa.com/imgml/TP/teams/logos/70x70/50080.png","https://img.uefa.com/imgml/TP/teams/logos/240x240/50080.png","250080","BAR","DOMESTIC_MEN_TEAM_A","","DOMESTIC","Espagne","Barcelona","FC Barcelona","BAR","525","MINUTE","6","0","0","64.44","KILOMETER","32.3","KILOMETER_PER_HOUR"
"250074565","70691","33","1992-04-07","7","Gerard","ESP","STRIKER","FORWARD","MALE","177","./image/250074565.jpg","Gerard Moreno","FORWARD","9","Gerard","122","","Espagne","Attaquant","","Gerard Moreno","Gerard Moreno","Gerard Moreno","200122","./assoc/200122_ESP.svg","./logo/70691.png","UEFA","ESP","70691","FAME","Villarreal","","https://img.uefa.com/imgml/TP/teams/logos/70x70/70691.png","https://img.uefa.com/imgml/TP/teams/logos/240x240/70691.png","270691","VIL","DOMESTIC_MEN_TEAM_A","","DOMESTIC","Espagne","Villarreal","Villarreal CF","VIL","524","MINUTE","7","2","4","65.72","KILOMETER","31.7","KILOMETER_PER_HOUR"
"250100013","70691","29","1996-04-09","20","LO CELSO","ARG","CENTRAL_MIDFIELDER","MIDFIELDER","MALE","","./image/250100013.jpg","Giovani Lo Celso","MIDFIELDER","20","Lo Celso","6","","Argentine","Milieu","Giovani","Lo Celso","Giovani Lo Celso","Lo Celso","200122","./assoc/200122_ESP.svg","./logo/70691.png","UEFA","ESP","70691","FAME","Villarreal","","https://img.uefa.com/imgml/TP/teams/logos/70x70/70691.png","https://img.uefa.com/imgml/TP/teams/logos/240x240/70691.png","270691","VIL","DOMESTIC_MEN_TEAM_A","","DOMESTIC","Espagne","Villarreal","Villarreal CF","VIL","524","MINUTE","6","0","0","68.45","KILOMETER","34.21","KILOMETER_PER_HOUR"
"50327423","50080","28","1997-05-12","21","F. de Jong","NED","CENTRAL_MIDFIELDER","MIDFIELDER","MALE","178","https://img.uefa.com/imgml/TP/players/1/2022/324x324/50327423.jpg","Frenkie de Jong","MIDFIELDER","21","F. de Jong","95","68","Pays-Bas","Milieu","Frenkie","de Jong","Frenkie de Jong","De Jong","200122","./assoc/200122_ESP.svg","./logo/50080.png","UEFA","ESP","50080","FAME","Barcelona","","https://img.uefa.com/imgml/TP/teams/logos/70x70/50080.png","https://img.uefa.com/imgml/TP/teams/logos/240x240/50080.png","250080","BAR","DOMESTIC_MEN_TEAM_A","","DOMESTIC","Espagne","Barcelona","FC Barcelona","BAR","523","MINUTE","6","0","0","68.95","KILOMETER","31.8","KILOMETER_PER_HOUR"
"250024456","50139","32","1992-10-23","77","MORATA","ESP","STRIKER","FORWARD","MALE","189","./image/250024456.jpg","Álvaro Morata","FORWARD","7","MORATA","122","85","Espagne","Attaquant","Álvaro","Morata","Álvaro Morata","Morata","200066","./assoc/200066_ITA.svg","./logo/50139.png","UEFA","ITA","50139","FAME","Juventus","","https://img.uefa.com/imgml/TP/teams/logos/70x70/50139.png","https://img.uefa.com/imgml/TP/teams/logos/240x240/50139.png","250139","JUV","DOMESTIC_MEN_TEAM_A","","DOMESTIC","Italie","Juventus","Juventus","JUV","520","MINUTE","7","2","0","60.23","KILOMETER","33.1","KILOMETER_PER_HOUR"
"250078886","52682","31","1994-09-08","8","B. Fernandes","POR","ATTACKING_MIDFIELDER","MIDFIELDER","MALE","","./image/250078886.jpg","Bruno Fernandes","MIDFIELDER","8","B. FERNANDES","110","","Portugal","Milieu","Bruno","Fernandes","Bruno Fernandes","Fernandes","200039","./assoc/200039_ENG.svg","./logo/52682.png","UEFA","ENG","52682","FAME","Man Utd","","https://img.uefa.com/imgml/TP/teams/logos/70x70/52682.png","https://img.uefa.com/imgml/TP/teams/logos/240x240/52682.png","252682","MUN","DOMESTIC_MEN_TEAM_A","","DOMESTIC","Angleterre","Man Utd","Manchester United","MUN","520","MINUTE","7","0","7","58.39","KILOMETER","32.21","KILOMETER_PER_HOUR"
"250019498","50124","34","1991-03-21","7","GRIEZMANN","FRA","STRIKER","FORWARD","MALE","176","./image/250019498.jpg","Antoine Griezmann","FORWARD","7","Griezmann","43","67","France","Attaquant","Antoine","Griezmann","Antoine Griezmann","Griezmann","200122","./assoc/200122_ESP.svg","./logo/50124.png","UEFA","ESP","50124","FAME","Atleti","","https://img.uefa.com/imgml/TP/teams/logos/70x70/50124.png","https://img.uefa.com/imgml/TP/teams/logos/240x240/50124.png","250124","ATM","DOMESTIC_MEN_TEAM_A","","DOMESTIC","Espagne","Atleti","Atlético de Madrid","ATM","518","MINUTE","9","4","2","64.3","KILOMETER","32.21","KILOMETER_PER_HOUR"
"250127293","50030","23","2002-09-08","24","Sučić","CRO","CENTRAL_MIDFIELDER","MIDFIELDER","MALE","","./image/250127293.jpg","Luka Sučić","MIDFIELDER","21","Sučić","56370","","Croatie","Milieu","Luka","Sučić","Luka Sučić","L. Sučić","200008","./assoc/200008_AUT.svg","./logo/50030.png","UEFA","AUT","50030","FAME","Salzburg","","https://img.uefa.com/imgml/TP/teams/logos/70x70/50030.png","https://img.uefa.com/imgml/TP/teams/logos/240x240/50030.png","250030","SAL","DOMESTIC_MEN_TEAM_A","","DOMESTIC","Autriche","Salzburg","FC Salzburg","SAL","516","MINUTE","8","1","0","65.41","KILOMETER","31.6","KILOMETER_PER_HOUR"
"250041781","50037","30","1995-09-03","25","Süle","GER","UNKNOWN","DEFENDER","MALE","","./image/250041781.jpg","Niklas Süle","DEFENDER","15","Süle","47","","Allemagne","Défenseur","Niklas","Süle","Niklas Süle","Süle","200047","./assoc/200047_GER.svg","./logo/50037.png","UEFA","GER","50037","FAME","Bayern München","","https://img.uefa.com/imgml/TP/teams/logos/70x70/50037.png","https://img.uefa.com/imgml/TP/teams/logos/240x240/50037.png","250037","BAY","DOMESTIC_MEN_TEAM_A","","DOMESTIC","Allemagne","Bayern München","FC Bayern München","BAY","515","MINUTE","7","0","0","61.38","KILOMETER","32.71","KILOMETER_PER_HOUR"
"250047100","50147","29","1995-11-27","11","Yaremchuk","UKR","STRIKER","FORWARD","MALE","","./image/250047100.jpg","Roman Yaremchuk","FORWARD","9","Yaremchuk","57166","","Ukraine","Attaquant","Roman","Yaremchuk","Roman Yaremchuk","Yaremchuk","200110","./assoc/200110_POR.svg","./logo/50147.png","UEFA","POR","50147","FAME","Benfica","","https://img.uefa.com/imgml/TP/teams/logos/70x70/50147.png","https://img.uefa.com/imgml/TP/teams/logos/240x240/50147.png","250147","BEN","DOMESTIC_MEN_TEAM_A","","DOMESTIC","Portugal","Benfica","SL Benfica","BEN","514","MINUTE","10","3","0","66.5","KILOMETER","34.6","KILOMETER_PER_HOUR"
"1909920","50149","33","1992-05-11","19","Sarabia Garcia","ESP","WINGER","FORWARD","MALE","177","./image/1909920.jpg","Pablo Sarabia","FORWARD","17","Sarabia","122","70","Espagne","Attaquant","Pablo","Sarabia","Pablo Sarabia","Sarabia","200110","./assoc/200110_POR.svg","./logo/50149.png","UEFA","POR","50149","FAME","Sporting CP","","https://img.uefa.com/imgml/TP/teams/logos/70x70/50149.png","https://img.uefa.com/imgml/TP/teams/logos/240x240/50149.png","250149","SPO","DOMESTIC_MEN_TEAM_A","","DOMESTIC","Portugal","Sporting CP","Sporting Clube de Portugal","SPO","510","MINUTE","8","2","0","66.58","KILOMETER","31.1","KILOMETER_PER_HOUR"
"250145803","50149","27","1998-08-27","27","Matheus N.","POR","UNKNOWN","MIDFIELDER","MALE","","./image/250145803.jpg","Matheus Nunes","MIDFIELDER","15","MATHEUS N.","110","","Portugal","Milieu","","Matheus Nunes","Matheus Nunes","Matheus Nunes","200110","./assoc/200110_POR.svg","./logo/50149.png","UEFA","POR","50149","FAME","Sporting CP","","https://img.uefa.com/imgml/TP/teams/logos/70x70/50149.png","https://img.uefa.com/imgml/TP/teams/logos/240x240/50149.png","250149","SPO","DOMESTIC_MEN_TEAM_A","","DOMESTIC","Portugal","Sporting CP","Sporting Clube de Portugal","SPO","509","MINUTE","6","0","2","64.29","KILOMETER","33","KILOMETER_PER_HOUR"
"250132829","50051","24","2001-01-09","11","RODRYGO","BRA","WINGER","FORWARD","MALE","","./image/250132829.jpg","Rodrygo","MIDFIELDER","10","Rodrygo","18","","Brésil","Attaquant","","Rodrygo","Rodrygo","Rodrygo","200122","./assoc/200122_ESP.svg","./logo/50051.png","UEFA","ESP","50051","FAME","Real Madrid","","https://img.uefa.com/imgml/TP/teams/logos/70x70/50051.png","https://img.uefa.com/imgml/TP/teams/logos/240x240/50051.png","250051","RMA","DOMESTIC_MEN_TEAM_A","","DOMESTIC","Espagne","Real Madrid","Real Madrid C.F.","RMA","505","MINUTE","11","5","2","65.77","KILOMETER","33.1","KILOMETER_PER_HOUR"
"250110362","52914","25","1999-12-08","24","James","ENG","UNKNOWN","DEFENDER","MALE","","./image/250110362.jpg","Reece James","DEFENDER","24","James","39","","Angleterre","Défenseur","Reece","James","Reece James","James","200039","./assoc/200039_ENG.svg","./logo/52914.png","UEFA","ENG","52914","FAME","Chelsea","","https://img.uefa.com/imgml/TP/teams/logos/70x70/52914.png","https://img.uefa.com/imgml/TP/teams/logos/240x240/52914.png","252914","CHE","DOMESTIC_MEN_TEAM_A","","DOMESTIC","Angleterre","Chelsea","Chelsea FC","CHE","505","MINUTE","6","1","0","54.59","KILOMETER","33","KILOMETER_PER_HOUR"
"250099399","50031","28","1997-01-06","20","Aebischer","SUI","CENTRAL_MIDFIELDER","MIDFIELDER","MALE","","./image/250099399.jpg","Michel Aebischer","MIDFIELDER","20","Aebischer","128","","Suisse","Milieu","Michel","Aebischer","Michel Aebischer","Aebischer","200128","./assoc/200128_SUI.svg","./logo/50031.png","UEFA","SUI","50031","FAME","Young Boys","","https://img.uefa.com/imgml/TP/teams/logos/70x70/50031.png","https://img.uefa.com/imgml/TP/teams/logos/240x240/50031.png","250031","YB","DOMESTIC_MEN_TEAM_A","","DOMESTIC","Suisse","Young Boys","BSC Young Boys","YB","504","MINUTE","6","0","1","53.91","KILOMETER","31.4","KILOMETER_PER_HOUR"
"250128377","52758","22","2003-06-29","5","BELLINGHAM","ENG","UNKNOWN","MIDFIELDER","MALE","","./image/250128377.jpg","Jude Bellingham","MIDFIELDER","10","Bellingham","39","","Angleterre","Milieu","Jude","Bellingham","Jude Bellingham","Bellingham","200047","./assoc/200047_GER.svg","./logo/52758.png","UEFA","GER","52758","FAME","B. Dortmund","","https://img.uefa.com/imgml/TP/teams/logos/70x70/52758.png","https://img.uefa.com/imgml/TP/teams/logos/240x240/52758.png","252758","BVB","DOMESTIC_MEN_TEAM_A","","DOMESTIC","Allemagne","B. Dortmund","Borussia Dortmund","BVB","503","MINUTE","6","1","3","62.32","KILOMETER","31.2","KILOMETER_PER_HOUR"
"250056861","52919","28","1996-12-15","35","Zinchenko","UKR","FULL_BACK","DEFENDER","MALE","175","./image/250056861.jpg","Oleksandr Zinchenko","DEFENDER","17","Zinchenko","57166","61","Ukraine","Défenseur","Oleksandr","Zinchenko","Oleksandr Zinchenko","Zinchenko","200039","./assoc/200039_ENG.svg","./logo/52919.png","UEFA","ENG","52919","FAME","Man City","","https://img.uefa.com/imgml/TP/teams/logos/70x70/52919.png","https://img.uefa.com/imgml/TP/teams/logos/240x240/52919.png","252919","MCI","DOMESTIC_MEN_TEAM_A","","DOMESTIC","Angleterre","Man City","Manchester City","MCI","501","MINUTE","8","0","1","64.47","KILOMETER","31.7","KILOMETER_PER_HOUR"
"250117705","50043","24","2001-03-10","17","De Ketelaere","BEL","CENTRAL_MIDFIELDER","FORWARD","MALE","","./image/250117705.jpg","Charles De Ketelaere","FORWARD","17","De Ketelaere","13","","Belgique","Attaquant","Charles","De Ketelaere","Charles De Ketelaere","De Ketelaere","200013","./assoc/200013_BEL.svg","./logo/50043.png","UEFA","BEL","50043","FAME","Club Brugge","","https://img.uefa.com/imgml/TP/teams/logos/70x70/50043.png","https://img.uefa.com/imgml/TP/teams/logos/240x240/50043.png","250043","BRU","DOMESTIC_MEN_TEAM_A","","DOMESTIC","Belgique","Club Brugge","Club Brugge KV","BRU","500","MINUTE","6","0","1","58.47","KILOMETER","32.71","KILOMETER_PER_HOUR"
"250043080","50152","32","1993-09-17","14","Colak","CRO","STRIKER","FORWARD","MALE","","./image/250043080.jpg","Antonio Čolak","FORWARD","19","Čolak","56370","","Croatie","Attaquant","Antonio","Čolak","Antonio Čolak","Čolak","200127","./assoc/200127_SWE.svg","./logo/50152.png","UEFA","SWE","50152","FAME","Malmö","","https://img.uefa.com/imgml/TP/teams/logos/70x70/50152.png","https://img.uefa.com/imgml/TP/teams/logos/240x240/50152.png","250152","MAL","DOMESTIC_MEN_TEAM_A","","DOMESTIC","Suède","Malmö","Malmö FF","MAL","500","MINUTE","6","0","0","62.96","KILOMETER","31.1","KILOMETER_PER_HOUR"
"250011791","52758","36","1989-05-31","11","Reus","GER","ATTACKING_MIDFIELDER","MIDFIELDER","MALE","180","./image/250011791.jpg","Marco Reus","MIDFIELDER","11","Reus","47","75","Allemagne","Milieu","Marco","Reus","Marco Reus","Reus","200047","./assoc/200047_GER.svg","./logo/52758.png","UEFA","GER","52758","FAME","B. Dortmund","","https://img.uefa.com/imgml/TP/teams/logos/70x70/52758.png","https://img.uefa.com/imgml/TP/teams/logos/240x240/52758.png","252758","BVB","DOMESTIC_MEN_TEAM_A","","DOMESTIC","Allemagne","B. Dortmund","Borussia Dortmund","BVB","499","MINUTE","6","3","1","62.71","KILOMETER","31.6","KILOMETER_PER_HOUR"
"250008930","52826","36","1989-08-03","44","RAKITSKYI","UKR","CENTRE_BACK","DEFENDER","MALE","180","./image/250008930.jpg","Yaroslav Rakitskyy","DEFENDER","20","RAKITSKYI","57166","70","Ukraine","Défenseur","Yaroslav","Rakitskyy","Yaroslav Rakitskyy","Rakitskyy","257451","./assoc/257451_RUS.svg","./logo/52826.png","UEFA","RUS","52826","FAME","Zenit","","https://img.uefa.com/imgml/TP/teams/logos/70x70/52826.png","https://img.uefa.com/imgml/TP/teams/logos/240x240/52826.png","252826","ZEN","DOMESTIC_MEN_TEAM_A","","DOMESTIC","Russie","Zenit","FC Zenit","ZEN","497","MINUTE","6","1","2","52.28","KILOMETER","31.9","KILOMETER_PER_HOUR"
"250066739","50138","28","1997-02-07","23","Barella","ITA","CENTRAL_MIDFIELDER","MIDFIELDER","MALE","","./image/250066739.jpg","Nicolò Barella","MIDFIELDER","18","Barella","66","","Italie","Milieu","Nicolò","Barella","Nicolò Barella","Barella","200066","./assoc/200066_ITA.svg","./logo/50138.png","UEFA","ITA","50138","FAME","Inter","","https://img.uefa.com/imgml/TP/teams/logos/70x70/50138.png","https://img.uefa.com/imgml/TP/teams/logos/240x240/50138.png","250138","INT","DOMESTIC_MEN_TEAM_A","","DOMESTIC","Italie","Inter","FC Internazionale Milano","INT","496","MINUTE","6","0","0","65.36","KILOMETER","32","KILOMETER_PER_HOUR"
"250120252","50152","29","1996-01-20","20","Innocent","NGA","DEFENSIVE_MIDFIELDER","MIDFIELDER","MALE","","./image/250120252.jpg","Bonke Innocent","MIDFIELDER","","Innocent","","","Nigeria","Milieu","Bonke","Innocent","Bonke Innocent","Innocent","200127","./assoc/200127_SWE.svg","./logo/50152.png","UEFA","SWE","50152","FAME","Malmö","","https://img.uefa.com/imgml/TP/teams/logos/70x70/50152.png","https://img.uefa.com/imgml/TP/teams/logos/240x240/50152.png","250152","MAL","DOMESTIC_MEN_TEAM_A","","DOMESTIC","Suède","Malmö","Malmö FF","MAL","496","MINUTE","6","0","0","60.09","KILOMETER","30.4","KILOMETER_PER_HOUR"
"250097909","50064","33","1992-07-18","99","Taremi","IRN","STRIKER","FORWARD","MALE","","./image/250097909.jpg","Mehdi Taremi","FORWARD","9","Taremi","61","","Iran","Attaquant","Mehdi","Taremi","Mehdi Taremi","Taremi","200110","./assoc/200110_POR.svg","./logo/50064.png","UEFA","POR","50064","FAME","Porto","","https://img.uefa.com/imgml/TP/teams/logos/70x70/50064.png","https://img.uefa.com/imgml/TP/teams/logos/240x240/50064.png","250064","POR","DOMESTIC_MEN_TEAM_A","","DOMESTIC","Portugal","Porto","FC Porto","POR","494","MINUTE","6","1","1","60.61","KILOMETER","31","KILOMETER_PER_HOUR"
"250014109","50147","32","1993-01-19","18","J.Mario","POR","UNKNOWN","MIDFIELDER","MALE","179","./image/250014109.jpg","João Mário","MIDFIELDER","17","J. Mário","110","73","Portugal","Milieu","João","Mário","João Mário","João Mário","200110","./assoc/200110_POR.svg","./logo/50147.png","UEFA","POR","50147","FAME","Benfica","","https://img.uefa.com/imgml/TP/teams/logos/70x70/50147.png","https://img.uefa.com/imgml/TP/teams/logos/240x240/50147.png","250147","BEN","DOMESTIC_MEN_TEAM_A","","DOMESTIC","Portugal","Benfica","SL Benfica","BEN","493","MINUTE","8","0","4","65.96","KILOMETER","32.71","KILOMETER_PER_HOUR"
"250157541","69606","25","2000-05-17","21","Addo","GHA","UNKNOWN","MIDFIELDER","MALE","","./image/250157541.jpg","Edmund Addo","","","","","","Ghana","Milieu","Edmund","Addo","Edmund Addo","Addo","257160","./assoc/257160_MDA.svg","./logo/69606.png","UEFA","MDA","69606","FAME","Sheriff","","https://img.uefa.com/imgml/TP/teams/logos/70x70/69606.png","https://img.uefa.com/imgml/TP/teams/logos/240x240/69606.png","269606","SHE","DOMESTIC_MEN_TEAM_A","","DOMESTIC","Moldavie","Sheriff","FC Sheriff Tiraspol","SHE","491","MINUTE","6","0","0","59.7","KILOMETER","32.5","KILOMETER_PER_HOUR"
"250058270","52723","27","1997-11-15","8","Tsygankov","UKR","WINGER","MIDFIELDER","MALE","175","./image/250058270.jpg","Viktor Tsygankov","MIDFIELDER","15","Tsygankov","57166","70","Ukraine","Milieu","Viktor","Tsygankov","Viktor Tsygankov","Tsygankov","257166","./assoc/257166_UKR.svg","./logo/52723.png","UEFA","UKR","52723","FAME","Dynamo Kyiv","","https://img.uefa.com/imgml/TP/teams/logos/70x70/52723.png","https://img.uefa.com/imgml/TP/teams/logos/240x240/52723.png","252723","DKY","DOMESTIC_MEN_TEAM_A","","DOMESTIC","Ukraine","Dynamo Kyiv","FC Dynamo Kyiv","DKY","490","MINUTE","6","0","1","65.77","KILOMETER","32.1","KILOMETER_PER_HOUR"
"250141610","50031","28","1997-08-06","15","M. ELIA","COD","STRIKER","FORWARD","MALE","","./image/250141610.jpg","Meschack Elia","FORWARD","","M. Elia","","","RD Congo","Attaquant","Meschack","Elia","Meschack Elia","Elia","200128","./assoc/200128_SUI.svg","./logo/50031.png","UEFA","SUI","50031","FAME","Young Boys","","https://img.uefa.com/imgml/TP/teams/logos/70x70/50031.png","https://img.uefa.com/imgml/TP/teams/logos/240x240/50031.png","250031","YB","DOMESTIC_MEN_TEAM_A","","DOMESTIC","Suisse","Young Boys","BSC Young Boys","YB","489","MINUTE","6","1","0","49.06","KILOMETER","35.21","KILOMETER_PER_HOUR"
"250073741","7889","30","1995-02-10","5","Keita","GUI","CENTRAL_MIDFIELDER","MIDFIELDER","MALE","172","./image/250073741.jpg","Naby Keïta","MIDFIELDER","","Keita","","","Guinée","Milieu","Naby","Keïta","Naby Keïta","Keïta","200039","./assoc/200039_ENG.svg","./logo/7889.png","UEFA","ENG","7889","FAME","Liverpool","","https://img.uefa.com/imgml/TP/teams/logos/70x70/7889.png","https://img.uefa.com/imgml/TP/teams/logos/240x240/7889.png","207889","LIV","DOMESTIC_MEN_TEAM_A","","DOMESTIC","Angleterre","Liverpool","Liverpool FC","LIV","487","MINUTE","10","1","2","61.48","KILOMETER","29.6","KILOMETER_PER_HOUR"
"50327428","50138","33","1992-02-05","6","de Vrij","NED","CENTRE_BACK","DEFENDER","MALE","","https://img.uefa.com/imgml/TP/players/1/2022/324x324/50327428.jpg","Stefan de Vrij","DEFENDER","6","de Vrij","95","","Pays-Bas","Défenseur","Stefan","De Vrij","Stefan de Vrij","De Vrij","200066","./assoc/200066_ITA.svg","./logo/50138.png","UEFA","ITA","50138","FAME","Inter","","https://img.uefa.com/imgml/TP/teams/logos/70x70/50138.png","https://img.uefa.com/imgml/TP/teams/logos/240x240/50138.png","250138","INT","DOMESTIC_MEN_TEAM_A","","DOMESTIC","Italie","Inter","FC Internazionale Milano","INT","487","MINUTE","6","1","0","55.35","KILOMETER","30.4","KILOMETER_PER_HOUR"
"250002704","50080","37","1988-07-16","5","Sergio","ESP","DEFENSIVE_MIDFIELDER","MIDFIELDER","MALE","189","./image/250002704.jpg","Sergio Busquets","MIDFIELDER","5","Sergio","122","76","Espagne","Milieu","","Sergio Busquets","Sergio Busquets","Sergio Busquets","200122","./assoc/200122_ESP.svg","./logo/50080.png","UEFA","ESP","50080","FAME","Barcelona","","https://img.uefa.com/imgml/TP/teams/logos/70x70/50080.png","https://img.uefa.com/imgml/TP/teams/logos/240x240/50080.png","250080","BAR","DOMESTIC_MEN_TEAM_A","","DOMESTIC","Espagne","Barcelona","FC Barcelona","BAR","487","MINUTE","6","0","0","63.88","KILOMETER","29.9","KILOMETER_PER_HOUR"
"250087711","52723","27","1998-10-04","10","Shaparenko","UKR","CENTRAL_MIDFIELDER","MIDFIELDER","MALE","","./image/250087711.jpg","Mykola Shaparenko","MIDFIELDER","10","Shaparenko","57166","","Ukraine","Milieu","Mykola","Shaparenko","Mykola Shaparenko","Shaparenko","257166","./assoc/257166_UKR.svg","./logo/52723.png","UEFA","UKR","52723","FAME","Dynamo Kyiv","","https://img.uefa.com/imgml/TP/teams/logos/70x70/52723.png","https://img.uefa.com/imgml/TP/teams/logos/240x240/52723.png","252723","DKY","DOMESTIC_MEN_TEAM_A","","DOMESTIC","Ukraine","Dynamo Kyiv","FC Dynamo Kyiv","DKY","486","MINUTE","6","0","0","68.67","KILOMETER","30.4","KILOMETER_PER_HOUR"
"250121329","2603790","27","1997-11-01","23","Mukiele","FRA","FULL_BACK","DEFENDER","MALE","","./image/250121329.jpg","Nordi Mukiele","DEFENDER","5","Mukiele","43","","France","Défenseur","Nordi","Mukiele","Nordi Mukiele","Mukiele","200047","./assoc/200047_GER.svg","./logo/2603790.png","UEFA","GER","2603790","FAME","Leipzig","","https://img.uefa.com/imgml/TP/teams/logos/70x70/2603790.png","https://img.uefa.com/imgml/TP/teams/logos/240x240/2603790.png","250002563","RBL","DOMESTIC_MEN_TEAM_A","","DOMESTIC","Allemagne","Leipzig","RB Leipzig","RBL","484","MINUTE","6","1","1","57.01","KILOMETER","36","KILOMETER_PER_HOUR"
"250122971","52826","28","1997-08-28","8","Wendel","BRA","CENTRAL_MIDFIELDER","MIDFIELDER","MALE","","./image/250122971.jpg","Wendel","MIDFIELDER","","Wendel","","","Brésil","Milieu","","Wendel","Wendel","Wendel","257451","./assoc/257451_RUS.svg","./logo/52826.png","UEFA","RUS","52826","FAME","Zenit","","https://img.uefa.com/imgml/TP/teams/logos/70x70/52826.png","https://img.uefa.com/imgml/TP/teams/logos/240x240/52826.png","252826","ZEN","DOMESTIC_MEN_TEAM_A","","DOMESTIC","Russie","Zenit","FC Zenit","ZEN","484","MINUTE","6","1","0","59.09","KILOMETER","33.21","KILOMETER_PER_HOUR"
"250029318","52758","34","1991-09-12","12","MEUNIER","BEL","FULL_BACK","DEFENDER","MALE","190","./image/250029318.jpg","Thomas Meunier","DEFENDER","15","Meunier","13","78","Belgique","Défenseur","Thomas","Meunier","Thomas Meunier","Meunier","200047","./assoc/200047_GER.svg","./logo/52758.png","UEFA","GER","52758","FAME","B. Dortmund","","https://img.uefa.com/imgml/TP/teams/logos/70x70/52758.png","https://img.uefa.com/imgml/TP/teams/logos/240x240/52758.png","252758","BVB","DOMESTIC_MEN_TEAM_A","","DOMESTIC","Allemagne","B. Dortmund","Borussia Dortmund","BVB","484","MINUTE","6","0","1","65.64","KILOMETER","32.6","KILOMETER_PER_HOUR"
"250014709","52816","34","1991-03-29","15","de Roon","NED","CENTRAL_MIDFIELDER","MIDFIELDER","MALE","185","./image/250014709.jpg","Marten de Roon","MIDFIELDER","15","de Roon","95","76","Pays-Bas","Milieu","Marten","de Roon","Marten de Roon","De Roon","200066","./assoc/200066_ITA.svg","./logo/52816.png","UEFA","ITA","52816","FAME","Atalanta","","https://img.uefa.com/imgml/TP/teams/logos/70x70/52816.png","https://img.uefa.com/imgml/TP/teams/logos/240x240/52816.png","252816","ATA","DOMESTIC_MEN_TEAM_A","","DOMESTIC","Italie","Atalanta","Atalanta BC","ATA","484","MINUTE","6","0","0","62.14","KILOMETER","31.1","KILOMETER_PER_HOUR"
"250087428","50043","26","1999-04-09","34","Nsoki","FRA","FULL_BACK","DEFENDER","MALE","","./image/250087428.jpg","Stanley Nsoki","MIDFIELDER","18","Nsoki","400043","","France","Défenseur","Stanley","Nsoki","Stanley Nsoki","Nsoki","200013","./assoc/200013_BEL.svg","./logo/50043.png","UEFA","BEL","50043","FAME","Club Brugge","","https://img.uefa.com/imgml/TP/teams/logos/70x70/50043.png","https://img.uefa.com/imgml/TP/teams/logos/240x240/50043.png","250043","BRU","DOMESTIC_MEN_TEAM_A","","DOMESTIC","Belgique","Club Brugge","Club Brugge KV","BRU","484","MINUTE","6","0","0","56.79","KILOMETER","34.6","KILOMETER_PER_HOUR"
"250131275","50124","27","1998-04-08","12","Renan Lodi","BRA","UNKNOWN","DEFENDER","MALE","","./image/250131275.jpg","Renan Lodi","DEFENDER","","Lodi dos Santos","","","Brésil","Défenseur","","Renan Lodi","Renan Lodi","Renan Lodi","200122","./assoc/200122_ESP.svg","./logo/50124.png","UEFA","ESP","50124","FAME","Atleti","","https://img.uefa.com/imgml/TP/teams/logos/70x70/50124.png","https://img.uefa.com/imgml/TP/teams/logos/240x240/50124.png","250124","ATM","DOMESTIC_MEN_TEAM_A","","DOMESTIC","Espagne","Atleti","Atlético de Madrid","ATM","478","MINUTE","10","1","2","61.73","KILOMETER","31.9","KILOMETER_PER_HOUR"
"250128120","50037","24","2000-11-02","19","Davies","CAN","FULL_BACK","MIDFIELDER","MALE","","./image/250128120.jpg","Alphonso Davies","DEFENDER","19","Davies","24","","Canada","Milieu","Alphonso","Davies","Alphonso Davies","Davies","200047","./assoc/200047_GER.svg","./logo/50037.png","UEFA","GER","50037","FAME","Bayern München","","https://img.uefa.com/imgml/TP/teams/logos/70x70/50037.png","https://img.uefa.com/imgml/TP/teams/logos/240x240/50037.png","250037","BAY","DOMESTIC_MEN_TEAM_A","","DOMESTIC","Allemagne","Bayern München","FC Bayern München","BAY","477","MINUTE","7","0","2","61.44","KILOMETER","36.5","KILOMETER_PER_HOUR"
"250121491","52707","28","1997-07-15","7","Maycon","BRA","CENTRAL_MIDFIELDER","MIDFIELDER","MALE","","./image/250121491.jpg","Maycon","MIDFIELDER","","Maycon","","","Brésil","Milieu","","Maycon","Maycon","Maycon","257166","./assoc/257166_UKR.svg","./logo/52707.png","UEFA","UKR","52707","FAME","Shakhtar","","https://img.uefa.com/imgml/TP/teams/logos/70x70/52707.png","https://img.uefa.com/imgml/TP/teams/logos/240x240/52707.png","252707","SHK","DOMESTIC_MEN_TEAM_A","","DOMESTIC","Ukraine","Shakhtar","FC Shakhtar Donetsk","SHK","473","MINUTE","6","0","0","62.86","KILOMETER","29.3","KILOMETER_PER_HOUR"
"250040959","50124","32","1993-09-04","21","CARRASCO","BEL","WINGER","FORWARD","MALE","180","./image/250040959.jpg","Yannick Carrasco","FORWARD","11","Carrasco","13","67","Belgique","Attaquant","Yannick","Carrasco","Yannick Carrasco","Carrasco","200122","./assoc/200122_ESP.svg","./logo/50124.png","UEFA","ESP","50124","FAME","Atleti","","https://img.uefa.com/imgml/TP/teams/logos/70x70/50124.png","https://img.uefa.com/imgml/TP/teams/logos/240x240/50124.png","250124","ATM","DOMESTIC_MEN_TEAM_A","","DOMESTIC","Espagne","Atleti","Atlético de Madrid","ATM","472","MINUTE","7","0","0","60.14","KILOMETER","33.21","KILOMETER_PER_HOUR"
"250015966","50139","37","1988-05-26","7","Cuadrado","COL","UNKNOWN","MIDFIELDER","MALE","176","./image/250015966.jpg","Juan Cuadrado","MIDFIELDER","11","Cuadrado","29","66","Colombie","Milieu","Juan","Cuadrado","Juan Cuadrado","Cuadrado","200066","./assoc/200066_ITA.svg","./logo/50139.png","UEFA","ITA","50139","FAME","Juventus","","https://img.uefa.com/imgml/TP/teams/logos/70x70/50139.png","https://img.uefa.com/imgml/TP/teams/logos/240x240/50139.png","250139","JUV","DOMESTIC_MEN_TEAM_A","","DOMESTIC","Italie","Juventus","Juventus","JUV","472","MINUTE","7","0","0","56.19","KILOMETER","37.1","KILOMETER_PER_HOUR"
"250100014","50124","36","1989-05-16","18","Felipe","BRA","UNKNOWN","DEFENDER","MALE","190","./image/250100014.jpg","Felipe","DEFENDER","","Felipe","","77","Brésil","Défenseur","","Felipe","Felipe","Felipe","200122","./assoc/200122_ESP.svg","./logo/50124.png","UEFA","ESP","50124","FAME","Atleti","","https://img.uefa.com/imgml/TP/teams/logos/70x70/50124.png","https://img.uefa.com/imgml/TP/teams/logos/240x240/50124.png","250124","ATM","DOMESTIC_MEN_TEAM_A","","DOMESTIC","Espagne","Atleti","Atlético de Madrid","ATM","472","MINUTE","7","0","0","51.38","KILOMETER","34.5","KILOMETER_PER_HOUR"
"103335","52758","36","1989-01-12","20","WITSEL","BEL","DEFENSIVE_MIDFIELDER","MIDFIELDER","MALE","186","./image/103335.jpg","Axel Witsel","MIDFIELDER","6","Witsel","13","73","Belgique","Milieu","Axel","Witsel","Axel Witsel","Witsel","200047","./assoc/200047_GER.svg","./logo/52758.png","UEFA","GER","52758","FAME","B. Dortmund","","https://img.uefa.com/imgml/TP/teams/logos/70x70/52758.png","https://img.uefa.com/imgml/TP/teams/logos/240x240/52758.png","252758","BVB","DOMESTIC_MEN_TEAM_A","","DOMESTIC","Allemagne","B. Dortmund","Borussia Dortmund","BVB","471","MINUTE","6","0","0","59.79","KILOMETER","28.8","KILOMETER_PER_HOUR"
"250039508","52747","33","1992-02-05","10","Da Silva Santos Junior","BRA","UNKNOWN","FORWARD","MALE","175","./image/250039508.jpg","Neymar","FORWARD","10","Neymar","18","68","Brésil","Attaquant","","Neymar","Neymar","Neymar","200043","./assoc/200043_FRA.svg","./logo/52747.png","UEFA","FRA","52747","FAME","Paris","","https://img.uefa.com/imgml/TP/teams/logos/70x70/52747.png","https://img.uefa.com/imgml/TP/teams/logos/240x240/52747.png","252747","PSG","DOMESTIC_MEN_TEAM_A","","DOMESTIC","France","Paris","Paris Saint-Germain","PSG","468","MINUTE","6","0","1","55.59","KILOMETER","32.1","KILOMETER_PER_HOUR"
"250062420","75797","29","1996-03-26","7","BAMBA","FRA","WINGER","FORWARD","MALE","173","./image/250062420.jpg","Jonathan Bamba","FORWARD","14","Bamba","43","","France","Attaquant","Jonathan","Bamba","Jonathan Bamba","Bamba","200043","./assoc/200043_FRA.svg","./logo/75797.png","UEFA","FRA","75797","FAME","Lille","","https://img.uefa.com/imgml/TP/teams/logos/70x70/75797.png","https://img.uefa.com/imgml/TP/teams/logos/240x240/75797.png","275797","LIL","DOMESTIC_MEN_TEAM_A","","DOMESTIC","France","Lille","LOSC Lille","LIL","468","MINUTE","6","0","0","58.2","KILOMETER","32.21","KILOMETER_PER_HOUR"
"250112690","50138","29","1996-04-18","2","Dumfries","NED","FULL_BACK","DEFENDER","MALE","","./image/250112690.jpg","Denzel Dumfries","DEFENDER","22","Dumfries","95","","Pays-Bas","Défenseur","Denzel","Dumfries","Denzel Dumfries","Dumfries","200066","./assoc/200066_ITA.svg","./logo/50138.png","UEFA","ITA","50138","FAME","Inter","","https://img.uefa.com/imgml/TP/teams/logos/70x70/50138.png","https://img.uefa.com/imgml/TP/teams/logos/240x240/50138.png","250138","INT","DOMESTIC_MEN_TEAM_A","","DOMESTIC","Italie","Inter","FC Internazionale Milano","INT","467","MINUTE","7","0","1","60.18","KILOMETER","34.8","KILOMETER_PER_HOUR"
"250041771","50037","30","1995-02-06","8","Goretzka","GER","CENTRAL_MIDFIELDER","MIDFIELDER","MALE","189","./image/250041771.jpg","Leon Goretzka","MIDFIELDER","8","Goretzka","47","79","Allemagne","Milieu","Leon","Goretzka","Leon Goretzka","Goretzka","200047","./assoc/200047_GER.svg","./logo/50037.png","UEFA","GER","50037","FAME","Bayern München","","https://img.uefa.com/imgml/TP/teams/logos/70x70/50037.png","https://img.uefa.com/imgml/TP/teams/logos/240x240/50037.png","250037","BAY","DOMESTIC_MEN_TEAM_A","","DOMESTIC","Allemagne","Bayern München","FC Bayern München","BAY","466","MINUTE","6","0","0","59.34","KILOMETER","32","KILOMETER_PER_HOUR"
"250064087","52816","34","1991-04-01","91","Duvan","COL","UNKNOWN","FORWARD","MALE","186","./image/250064087.jpg","Duván Zapata","FORWARD","","Duván","29","","Colombie","Attaquant","Duván","Zapata","Duván Zapata","Zapata","200066","./assoc/200066_ITA.svg","./logo/52816.png","UEFA","ITA","52816","FAME","Atalanta","","https://img.uefa.com/imgml/TP/teams/logos/70x70/52816.png","https://img.uefa.com/imgml/TP/teams/logos/240x240/52816.png","252816","ATA","DOMESTIC_MEN_TEAM_A","","DOMESTIC","Italie","Atalanta","Atalanta BC","ATA","464","MINUTE","6","3","3","50.15","KILOMETER","32.21","KILOMETER_PER_HOUR"
"1909628","70691","34","1991-05-13","19","Coquelin","FRA","DEFENSIVE_MIDFIELDER","MIDFIELDER","MALE","178","./image/1909628.jpg","Francis Coquelin","MIDFIELDER","13","Coquelin","43","74","France","Milieu","Francis","Coquelin","Francis Coquelin","Coquelin","200122","./assoc/200122_ESP.svg","./logo/70691.png","UEFA","ESP","70691","FAME","Villarreal","","https://img.uefa.com/imgml/TP/teams/logos/70x70/70691.png","https://img.uefa.com/imgml/TP/teams/logos/240x240/70691.png","270691","VIL","DOMESTIC_MEN_TEAM_A","","DOMESTIC","Espagne","Villarreal","Villarreal CF","VIL","463","MINUTE","8","1","0","57.66","KILOMETER","30.7","KILOMETER_PER_HOUR"
"250067936","52714","31","1994-07-11","5","L. Ocampos","ARG","WINGER","FORWARD","MALE","187","./image/250067936.jpg","Lucas Ocampos","MIDFIELDER","","L. Ocampos","6","","Argentine","Attaquant","Lucas","Ocampos","Lucas Ocampos","Ocampos","200122","./assoc/200122_ESP.svg","./logo/52714.png","UEFA","ESP","52714","FAME","Sevilla","","https://img.uefa.com/imgml/TP/teams/logos/70x70/52714.png","https://img.uefa.com/imgml/TP/teams/logos/240x240/52714.png","252714","SEV","DOMESTIC_MEN_TEAM_A","","DOMESTIC","Espagne","Sevilla","Sevilla FC","SEV","463","MINUTE","6","1","1","50.58","KILOMETER","33.3","KILOMETER_PER_HOUR"
"250085751","50031","28","1996-10-25","30","LAUPER","SUI","CENTRE_BACK","MIDFIELDER","MALE","","./image/250085751.jpg","Sandro Lauper","MIDFIELDER","17","Lauper","128","","Suisse","Milieu","Sandro","Lauper","Sandro Lauper","Lauper","200128","./assoc/200128_SUI.svg","./logo/50031.png","UEFA","SUI","50031","FAME","Young Boys","","https://img.uefa.com/imgml/TP/teams/logos/70x70/50031.png","https://img.uefa.com/imgml/TP/teams/logos/240x240/50031.png","250031","YB","DOMESTIC_MEN_TEAM_A","","DOMESTIC","Suisse","Young Boys","BSC Young Boys","YB","462","MINUTE","6","0","0","42.08","KILOMETER","31.8","KILOMETER_PER_HOUR"
"250042329","52919","30","1995-09-10","10","Grealish","ENG","","MIDFIELDER","MALE","","./image/250042329.jpg","Jack Grealish","MIDFIELDER","17","Grealish","39","","Angleterre","Milieu","Jack","Grealish","Jack Grealish","Grealish","200039","./assoc/200039_ENG.svg","./logo/52919.png","UEFA","ENG","52919","FAME","Man City","","https://img.uefa.com/imgml/TP/teams/logos/70x70/52919.png","https://img.uefa.com/imgml/TP/teams/logos/240x240/52919.png","252919","MCI","DOMESTIC_MEN_TEAM_A","","DOMESTIC","Angleterre","Man City","Manchester City","MCI","461","MINUTE","7","1","1","57.19","KILOMETER","33.8","KILOMETER_PER_HOUR"
"250162078","52826","28","1997-01-28","11","Claudinho","BRA","UNKNOWN","MIDFIELDER","MALE","","./image/250162078.jpg","Claudinho","FORWARD","","Rodrigues Parise Leonel","","","Brésil","Milieu","","Claudinho","Claudinho","Claudinho","257451","./assoc/257451_RUS.svg","./logo/52826.png","UEFA","RUS","52826","FAME","Zenit","","https://img.uefa.com/imgml/TP/teams/logos/70x70/52826.png","https://img.uefa.com/imgml/TP/teams/logos/240x240/52826.png","252826","ZEN","DOMESTIC_MEN_TEAM_A","","DOMESTIC","Russie","Zenit","FC Zenit","ZEN","460","MINUTE","6","2","0","55.75","KILOMETER","31.4","KILOMETER_PER_HOUR"
"250085693","50064","30","1995-02-09","25","Da Silva Monteiro","POR","CENTRAL_MIDFIELDER","MIDFIELDER","MALE","","./image/250085693.jpg","Otávio","MIDFIELDER","25","OTÁVIO","110","","Portugal","Milieu","","Otávio","Otávio","Otávio","200110","./assoc/200110_POR.svg","./logo/50064.png","UEFA","POR","50064","FAME","Porto","","https://img.uefa.com/imgml/TP/teams/logos/70x70/50064.png","https://img.uefa.com/imgml/TP/teams/logos/240x240/50064.png","250064","POR","DOMESTIC_MEN_TEAM_A","","DOMESTIC","Portugal","Porto","FC Porto","POR","450","MINUTE","6","0","0","53.8","KILOMETER","30.8","KILOMETER_PER_HOUR"
"250145758","50149","35","1989-12-23","3","Feddal","MAR","UNKNOWN","DEFENDER","MALE","191","./image/250145758.jpg","Zouhair Feddal","DEFENDER","","Z. Feddal","","83","Maroc","Défenseur","Zouhair","Feddal","Zouhair Feddal","Feddal","200110","./assoc/200110_POR.svg","./logo/50149.png","UEFA","POR","50149","FAME","Sporting CP","","https://img.uefa.com/imgml/TP/teams/logos/70x70/50149.png","https://img.uefa.com/imgml/TP/teams/logos/240x240/50149.png","250149","SPO","DOMESTIC_MEN_TEAM_A","","DOMESTIC","Portugal","Sporting CP","Sporting Clube de Portugal","SPO","450","MINUTE","6","0","0","49.24","KILOMETER","29.7","KILOMETER_PER_HOUR"
"250099064","52816","35","1990-01-05","6","Palomino","ARG","CENTRE_BACK","DEFENDER","MALE","190","./image/250099064.jpg","José Luis Palomino","DEFENDER","","Palomino","","78","Argentine","Défenseur","José Luis","Palomino","José Luis Palomino","Palomino","200066","./assoc/200066_ITA.svg","./logo/52816.png","UEFA","ITA","52816","FAME","Atalanta","","https://img.uefa.com/imgml/TP/teams/logos/70x70/52816.png","https://img.uefa.com/imgml/TP/teams/logos/240x240/52816.png","252816","ATA","DOMESTIC_MEN_TEAM_A","","DOMESTIC","Italie","Atalanta","Atalanta BC","ATA","450","MINUTE","5","1","1","50.52","KILOMETER","35.1","KILOMETER_PER_HOUR"
"250076126","50058","28","1997-10-06","19","THEO","FRA","FULL_BACK","DEFENDER","MALE","184","./image/250076126.jpg","Theo Hernández","DEFENDER","22","T. Hernandez","43","70","France","Défenseur","Theo","Hernández","Theo Hernández","T. Hernández","200066","./assoc/200066_ITA.svg","./logo/50058.png","UEFA","ITA","50058","FAME","Milan","","https://img.uefa.com/imgml/TP/teams/logos/70x70/50058.png","https://img.uefa.com/imgml/TP/teams/logos/240x240/50058.png","250058","MIL","DOMESTIC_MEN_TEAM_A","","DOMESTIC","Italie","Milan","AC Milan","MIL","450","MINUTE","5","0","1","51.37","KILOMETER","35","KILOMETER_PER_HOUR"
"250039931","50139","34","1991-07-15","6","Danilo","BRA","UNKNOWN","DEFENDER","MALE","184","./image/250039931.jpg","Danilo","DEFENDER","2","Danilo","18","78","Brésil","Défenseur","","Danilo","Danilo","Danilo","200066","./assoc/200066_ITA.svg","./logo/50139.png","UEFA","ITA","50139","FAME","Juventus","","https://img.uefa.com/imgml/TP/teams/logos/70x70/50139.png","https://img.uefa.com/imgml/TP/teams/logos/240x240/50139.png","250139","JUV","DOMESTIC_MEN_TEAM_A","","DOMESTIC","Italie","Juventus","Juventus","JUV","450","MINUTE","5","0","1","49.89","KILOMETER","33.6","KILOMETER_PER_HOUR"
"250092185","52723","26","1999-05-29","16","Mykolenko","UKR","CENTRE_BACK","DEFENDER","MALE","","./image/250092185.jpg","Vitaliy Mykolenko","DEFENDER","16","Mykolenko","57166","","Ukraine","Défenseur","Vitaliy","Mykolenko","Vitaliy Mykolenko","Mykolenko","257166","./assoc/257166_UKR.svg","./logo/52723.png","UEFA","UKR","52723","FAME","Dynamo Kyiv","","https://img.uefa.com/imgml/TP/teams/logos/70x70/52723.png","https://img.uefa.com/imgml/TP/teams/logos/240x240/52723.png","252723","DKY","DOMESTIC_MEN_TEAM_A","","DOMESTIC","Ukraine","Dynamo Kyiv","FC Dynamo Kyiv","DKY","450","MINUTE","5","0","0","56.41","KILOMETER","32.71","KILOMETER_PER_HOUR"
"250108303","52723","25","2000-06-11","34","Syrota","UKR","CENTRE_BACK","DEFENDER","MALE","","./image/250108303.jpg","Oleksandr Syrota","DEFENDER","18","Syrota","57166","","Ukraine","Défenseur","Oleksandr","Syrota","Oleksandr Syrota","Syrota","257166","./assoc/257166_UKR.svg","./logo/52723.png","UEFA","UKR","52723","FAME","Dynamo Kyiv","","https://img.uefa.com/imgml/TP/teams/logos/70x70/52723.png","https://img.uefa.com/imgml/TP/teams/logos/240x240/52723.png","252723","DKY","DOMESTIC_MEN_TEAM_A","","DOMESTIC","Ukraine","Dynamo Kyiv","FC Dynamo Kyiv","DKY","450","MINUTE","5","0","0","53.98","KILOMETER","31.4","KILOMETER_PER_HOUR"
"250096309","52714","26","1998-11-12","23","Kounde","FRA","CENTRE_BACK","DEFENDER","MALE","","./image/250096309.jpg","Jules Koundé","DEFENDER","5","Kounde","43","","France","Défenseur","Jules","Koundé","Jules Koundé","Koundé","200122","./assoc/200122_ESP.svg","./logo/52714.png","UEFA","ESP","52714","FAME","Sevilla","","https://img.uefa.com/imgml/TP/teams/logos/70x70/52714.png","https://img.uefa.com/imgml/TP/teams/logos/240x240/52714.png","252714","SEV","DOMESTIC_MEN_TEAM_A","","DOMESTIC","Espagne","Sevilla","Sevilla FC","SEV","450","MINUTE","5","0","0","53.17","KILOMETER","32.71","KILOMETER_PER_HOUR"
"1907998","50124","34","1991-01-08","15","SAVIC","MNE","CENTRE_BACK","DEFENDER","MALE","186","./image/1907998.jpg","Stefan Savić","DEFENDER","15","Savić","92853","73","Monténégro","Défenseur","Stefan","Savić","Stefan Savić","Savić","200122","./assoc/200122_ESP.svg","./logo/50124.png","UEFA","ESP","50124","FAME","Atleti","","https://img.uefa.com/imgml/TP/teams/logos/70x70/50124.png","https://img.uefa.com/imgml/TP/teams/logos/240x240/50124.png","250124","ATM","DOMESTIC_MEN_TEAM_A","","DOMESTIC","Espagne","Atleti","Atlético de Madrid","ATM","450","MINUTE","5","0","0","51.56","KILOMETER","32.8","KILOMETER_PER_HOUR"
"250085369","52758","30","1995-07-19","25","Akanji","SUI","UNKNOWN","DEFENDER","MALE","187","./image/250085369.jpg","Manuel Akanji","DEFENDER","5","Akanji","128","","Suisse","Défenseur","Manuel","Akanji","Manuel Akanji","Akanji","200047","./assoc/200047_GER.svg","./logo/52758.png","UEFA","GER","52758","FAME","B. Dortmund","","https://img.uefa.com/imgml/TP/teams/logos/70x70/52758.png","https://img.uefa.com/imgml/TP/teams/logos/240x240/52758.png","252758","BVB","DOMESTIC_MEN_TEAM_A","","DOMESTIC","Allemagne","B. Dortmund","Borussia Dortmund","BVB","450","MINUTE","5","0","0","50.62","KILOMETER","31.8","KILOMETER_PER_HOUR"
"1902553","50152","37","1988-01-08","24","Nielsen","DEN","CENTRE_BACK","DEFENDER","MALE","185","./image/1902553.jpg","Lasse Nielsen","DEFENDER","6","Nielsen","35","74","Danemark","Défenseur","Lasse","Nielsen","Lasse Nielsen","L. Nielsen","200127","./assoc/200127_SWE.svg","./logo/50152.png","UEFA","SWE","50152","FAME","Malmö","","https://img.uefa.com/imgml/TP/teams/logos/70x70/50152.png","https://img.uefa.com/imgml/TP/teams/logos/240x240/50152.png","250152","MAL","DOMESTIC_MEN_TEAM_A","","DOMESTIC","Suède","Malmö","Malmö FF","MAL","450","MINUTE","5","0","0","49.13","KILOMETER","32.71","KILOMETER_PER_HOUR"
"250101096","52707","30","1995-09-07","4","M.Santos","BRA","CENTRE_BACK","DEFENDER","MALE","185","./image/250101096.jpg","Marlon Santos","DEFENDER","","MARLON","","80","Brésil","Défenseur","","Marlon Santos","Marlon Santos","Marlon Santos","257166","./assoc/257166_UKR.svg","./logo/52707.png","UEFA","UKR","52707","FAME","Shakhtar","","https://img.uefa.com/imgml/TP/teams/logos/70x70/52707.png","https://img.uefa.com/imgml/TP/teams/logos/240x240/52707.png","252707","SHK","DOMESTIC_MEN_TEAM_A","","DOMESTIC","Ukraine","Shakhtar","FC Shakhtar Donetsk","SHK","450","MINUTE","5","0","0","48.8","KILOMETER","32.6","KILOMETER_PER_HOUR"
"250063997","50064","31","1994-08-08","18","C.MBEMBA","COD","CENTRE_BACK","DEFENDER","MALE","182","./image/250063997.jpg","Chancel Mbemba","DEFENDER","","Mbemba","148","","RD Congo","Défenseur","Chancel","Mbemba","Chancel Mbemba","Mbemba","200110","./assoc/200110_POR.svg","./logo/50064.png","UEFA","POR","50064","FAME","Porto","","https://img.uefa.com/imgml/TP/teams/logos/70x70/50064.png","https://img.uefa.com/imgml/TP/teams/logos/240x240/50064.png","250064","POR","DOMESTIC_MEN_TEAM_A","","DOMESTIC","Portugal","Porto","FC Porto","POR","450","MINUTE","5","0","0","46.48","KILOMETER","33.5","KILOMETER_PER_HOUR"
"250003911","64332","33","1992-06-25","1","Casteels","BEL","GOALKEEPER","GOALKEEPER","MALE","197","./image/250003911.jpg","Koen Casteels","GOALKEEPER","1","Casteels","13","86","Belgique","Gardien","Koen","Casteels","Koen Casteels","Casteels","200047","./assoc/200047_GER.svg","./logo/64332.png","UEFA","GER","64332","FAME","Wolfsburg","","https://img.uefa.com/imgml/TP/teams/logos/70x70/64332.png","https://img.uefa.com/imgml/TP/teams/logos/240x240/64332.png","264332","WOB","DOMESTIC_MEN_TEAM_A","","DOMESTIC","Allemagne","Wolfsburg","VfL Wolfsburg","WOL","450","MINUTE","5","0","0","30.77","KILOMETER","27.9","KILOMETER_PER_HOUR"
"250112452","50157","24","2001-01-01","30","Ersin","TUR","GOALKEEPER","GOALKEEPER","MALE","","./image/250112452.jpg","Ersin Destanoğlu","GOALKEEPER","1","Destanoğlu","135","","Turquie","Gardien","","Ersin Destanoğlu","Ersin Destanoğlu","Ersin Destanoğlu","200135","./assoc/200135_TUR.svg","./logo/50157.png","UEFA","TUR","50157","FAME","Beşiktaş","","https://img.uefa.com/imgml/TP/teams/logos/70x70/50157.png","https://img.uefa.com/imgml/TP/teams/logos/240x240/50157.png","250157","BES","DOMESTIC_MEN_TEAM_A","","DOMESTIC","Turquie","Beşiktaş","Beşiktaş JK","BES","450","MINUTE","5","0","0","29.31","KILOMETER","31.1","KILOMETER_PER_HOUR"
"250078922","52747","26","1999-02-25","1","Donnarumma","ITA","GOALKEEPER","GOALKEEPER","MALE","196","./image/250078922.jpg","Gianluigi Donnarumma","GOALKEEPER","1","Donnarumma","66","90","Italie","Gardien","Gianluigi","Donnarumma","Gianluigi Donnarumma","Donnarumma","200043","./assoc/200043_FRA.svg","./logo/52747.png","UEFA","FRA","52747","FAME","Paris","","https://img.uefa.com/imgml/TP/teams/logos/70x70/52747.png","https://img.uefa.com/imgml/TP/teams/logos/240x240/52747.png","252747","PSG","DOMESTIC_MEN_TEAM_A","","DOMESTIC","France","Paris","Paris Saint-Germain","PSG","450","MINUTE","5","0","0","27.54","KILOMETER","24.7","KILOMETER_PER_HOUR"
"102420","2603790","35","1990-05-06","1","Gulacsi","HUN","GOALKEEPER","GOALKEEPER","MALE","190","./image/102420.jpg","Péter Gulácsi","GOALKEEPER","12","Gulacsi","57","83","Hongrie","Gardien","Péter","Gulácsi","Péter Gulácsi","Gulácsi","200047","./assoc/200047_GER.svg","./logo/2603790.png","UEFA","GER","2603790","FAME","Leipzig","","https://img.uefa.com/imgml/TP/teams/logos/70x70/2603790.png","https://img.uefa.com/imgml/TP/teams/logos/240x240/2603790.png","250002563","RBL","DOMESTIC_MEN_TEAM_A","","DOMESTIC","Allemagne","Leipzig","RB Leipzig","RBL","450","MINUTE","5","0","0","27.24","KILOMETER","25","KILOMETER_PER_HOUR"
"250024883","52723","31","1994-05-31","1","Bushchan","UKR","GOALKEEPER","GOALKEEPER","MALE","200","./image/250024883.jpg","Georgiy Bushchan","GOALKEEPER","1","Bushchan","57166","83","Ukraine","Gardien","Georgiy","Bushchan","Georgiy Bushchan","Bushchan","257166","./assoc/257166_UKR.svg","./logo/52723.png","UEFA","UKR","52723","FAME","Dynamo Kyiv","","https://img.uefa.com/imgml/TP/teams/logos/70x70/52723.png","https://img.uefa.com/imgml/TP/teams/logos/240x240/52723.png","252723","DKY","DOMESTIC_MEN_TEAM_A","","DOMESTIC","Ukraine","Dynamo Kyiv","FC Dynamo Kyiv","DKY","450","MINUTE","5","0","0","25.62","KILOMETER","23.2","KILOMETER_PER_HOUR"
"250068702","69606","32","1993-04-07","33","ATHANASIADIS","GRE","GOALKEEPER","GOALKEEPER","MALE","","./image/250068702.jpg","Giorgos Athanasiadis","GOALKEEPER","13","Athanasiadis","49","","Grèce","Gardien","Giorgos","Athanasiadis","Giorgos Athanasiadis","Athanasiadis","257160","./assoc/257160_MDA.svg","./logo/69606.png","UEFA","MDA","69606","FAME","Sheriff","","https://img.uefa.com/imgml/TP/teams/logos/70x70/69606.png","https://img.uefa.com/imgml/TP/teams/logos/240x240/69606.png","269606","SHE","DOMESTIC_MEN_TEAM_A","","DOMESTIC","Moldavie","Sheriff","FC Sheriff Tiraspol","SHE","450","MINUTE","5","0","0","22.68","KILOMETER","27.8","KILOMETER_PER_HOUR"
"250124430","50037","22","2003-02-26","10","Musiala","GER","UNKNOWN","MIDFIELDER","MALE","","./image/250124430.jpg","Jamal Musiala","MIDFIELDER","10","Musiala","47","","Allemagne","Milieu","Jamal","Musiala","Jamal Musiala","Musiala","200047","./assoc/200047_GER.svg","./logo/50037.png","UEFA","GER","50037","FAME","Bayern München","","https://img.uefa.com/imgml/TP/teams/logos/70x70/50037.png","https://img.uefa.com/imgml/TP/teams/logos/240x240/50037.png","250037","BAY","DOMESTIC_MEN_TEAM_A","","DOMESTIC","Allemagne","Bayern München","FC Bayern München","BAY","448","MINUTE","8","1","1","59.01","KILOMETER","32.3","KILOMETER_PER_HOUR"
"250076449","50152","29","1996-01-30","31","Brorsson","SWE","CENTRE_BACK","DEFENDER","MALE","","./image/250076449.jpg","Franz Brorsson","DEFENDER","15","Brorsson","200127","","Suède","Défenseur","Franz","Brorsson","Franz Brorsson","Brorsson","200127","./assoc/200127_SWE.svg","./logo/50152.png","UEFA","SWE","50152","FAME","Malmö","","https://img.uefa.com/imgml/TP/teams/logos/70x70/50152.png","https://img.uefa.com/imgml/TP/teams/logos/240x240/50152.png","250152","MAL","DOMESTIC_MEN_TEAM_A","","DOMESTIC","Suède","Malmö","Malmö FF","MAL","448","MINUTE","5","0","0","49.93","KILOMETER","32.9","KILOMETER_PER_HOUR"
"250053191","52914","32","1993-03-19","22","ZIYECH","MAR","CENTRAL_MIDFIELDER","MIDFIELDER","MALE","180","./image/250053191.jpg","Hakim Ziyech","MIDFIELDER","7","Ziyech","92","70","Maroc","Milieu","Hakim","Ziyech","Hakim Ziyech","Ziyech","200039","./assoc/200039_ENG.svg","./logo/52914.png","UEFA","ENG","52914","FAME","Chelsea","","https://img.uefa.com/imgml/TP/teams/logos/70x70/52914.png","https://img.uefa.com/imgml/TP/teams/logos/240x240/52914.png","252914","CHE","DOMESTIC_MEN_TEAM_A","","DOMESTIC","Angleterre","Chelsea","Chelsea FC","CHE","446","MINUTE","9","1","2","53.5","KILOMETER","30.4","KILOMETER_PER_HOUR"
"250101735","50058","26","1999-06-27","56","Saelemaekers","BEL","WINGER","MIDFIELDER","MALE","","./image/250101735.jpg","Alexis Saelemaekers","MIDFIELDER","22","Saelemaekers","13","","Belgique","Milieu","Alexis","Saelemaekers","Alexis Saelemaekers","Saelemaekers","200066","./assoc/200066_ITA.svg","./logo/50058.png","UEFA","ITA","50058","FAME","Milan","","https://img.uefa.com/imgml/TP/teams/logos/70x70/50058.png","https://img.uefa.com/imgml/TP/teams/logos/240x240/50058.png","250058","MIL","DOMESTIC_MEN_TEAM_A","","DOMESTIC","Italie","Milan","AC Milan","MIL","444","MINUTE","6","0","0","57.34","KILOMETER","31.7","KILOMETER_PER_HOUR"
"250132796","52826","31","1994-03-22","3","Douglas Santos","BRA","UNKNOWN","DEFENDER","MALE","","./image/250132796.jpg","Douglas Santos","DEFENDER","","Douglas Santos","","","Brésil","Défenseur","","Douglas Santos","Douglas Santos","Douglas Santos","257451","./assoc/257451_RUS.svg","./logo/52826.png","UEFA","RUS","52826","FAME","Zenit","","https://img.uefa.com/imgml/TP/teams/logos/70x70/52826.png","https://img.uefa.com/imgml/TP/teams/logos/240x240/52826.png","252826","ZEN","DOMESTIC_MEN_TEAM_A","","DOMESTIC","Russie","Zenit","FC Zenit","ZEN","444","MINUTE","5","0","2","50.49","KILOMETER","31.9","KILOMETER_PER_HOUR"
"250137327","52826","31","1994-01-13","2","Chistiakov","RUS","UNKNOWN","DEFENDER","MALE","","./image/250137327.jpg","Dmitrii Chistiakov","DEFENDER","2","Chistiakov","57451","","Russie","Défenseur","Dmitrii","Chistiakov","Dmitrii Chistiakov","Chistiakov","257451","./assoc/257451_RUS.svg","./logo/52826.png","UEFA","RUS","52826","FAME","Zenit","","https://img.uefa.com/imgml/TP/teams/logos/70x70/52826.png","https://img.uefa.com/imgml/TP/teams/logos/240x240/52826.png","252826","ZEN","DOMESTIC_MEN_TEAM_A","","DOMESTIC","Russie","Zenit","FC Zenit","ZEN","444","MINUTE","5","0","0","50.79","KILOMETER","32.4","KILOMETER_PER_HOUR"
"250021637","50157","36","1989-02-11","5","Souza","BRA","DEFENSIVE_MIDFIELDER","MIDFIELDER","MALE","188","./image/250021637.jpg","Souza","MIDFIELDER","","De Souza Dias","","80","Brésil","Milieu","","Souza","Souza","Souza","200135","./assoc/200135_TUR.svg","./logo/50157.png","UEFA","TUR","50157","FAME","Beşiktaş","","https://img.uefa.com/imgml/TP/teams/logos/70x70/50157.png","https://img.uefa.com/imgml/TP/teams/logos/240x240/50157.png","250157","BES","DOMESTIC_MEN_TEAM_A","","DOMESTIC","Turquie","Beşiktaş","Beşiktaş JK","BES","442","MINUTE","5","0","0","55.46","KILOMETER","30.9","KILOMETER_PER_HOUR"
"108933","50152","35","1990-09-11","32","Berget","NOR","STRIKER","MIDFIELDER","MALE","184","./image/108933.jpg","Jo Inge Berget","FORWARD","23","Berget","101","","Norvège","Milieu","Jo Inge","Berget","Jo Inge Berget","Berget","200127","./assoc/200127_SWE.svg","./logo/50152.png","UEFA","SWE","50152","FAME","Malmö","","https://img.uefa.com/imgml/TP/teams/logos/70x70/50152.png","https://img.uefa.com/imgml/TP/teams/logos/240x240/50152.png","250152","MAL","DOMESTIC_MEN_TEAM_A","","DOMESTIC","Suède","Malmö","Malmö FF","MAL","438","MINUTE","5","0","0","53","KILOMETER","32.3","KILOMETER_PER_HOUR"
"250090714","50030","27","1997-12-22","68","Onguene","CMR","CENTRE_BACK","DEFENDER","MALE","","./image/250090714.jpg","Jérôme Onguéné","DEFENDER","4","Onguene","23","","Cameroun","Défenseur","Jérôme","Onguéné","Jérôme Onguéné","Onguéné","200008","./assoc/200008_AUT.svg","./logo/50030.png","UEFA","AUT","50030","FAME","Salzburg","","https://img.uefa.com/imgml/TP/teams/logos/70x70/50030.png","https://img.uefa.com/imgml/TP/teams/logos/240x240/50030.png","250030","SAL","DOMESTIC_MEN_TEAM_A","","DOMESTIC","Autriche","Salzburg","FC Salzburg","SAL","437","MINUTE","5","0","0","48.34","KILOMETER","31.4","KILOMETER_PER_HOUR"
"250024124","52723","32","1993-01-06","29","Buialskyi","UKR","CENTRAL_MIDFIELDER","MIDFIELDER","MALE","170","./image/250024124.jpg","Vitaliy Buialskyi","MIDFIELDER","14","Buyalskyi","57166","62","Ukraine","Milieu","Vitaliy","Buialskyi","Vitaliy Buialskyi","Buialskyi","257166","./assoc/257166_UKR.svg","./logo/52723.png","UEFA","UKR","52723","FAME","Dynamo Kyiv","","https://img.uefa.com/imgml/TP/teams/logos/70x70/52723.png","https://img.uefa.com/imgml/TP/teams/logos/240x240/52723.png","252723","DKY","DOMESTIC_MEN_TEAM_A","","DOMESTIC","Ukraine","Dynamo Kyiv","FC Dynamo Kyiv","DKY","436","MINUTE","5","0","0","58.47","KILOMETER","32.4","KILOMETER_PER_HOUR"
"250131915","75797","30","1994-11-10","8","XEKA","POR","CENTRAL_MIDFIELDER","MIDFIELDER","MALE","","./image/250131915.jpg","Xeka","MIDFIELDER","","da Silva Rocha","","","Portugal","Milieu","","Xeka","Xeka","Xeka","200043","./assoc/200043_FRA.svg","./logo/75797.png","UEFA","FRA","75797","FAME","Lille","","https://img.uefa.com/imgml/TP/teams/logos/70x70/75797.png","https://img.uefa.com/imgml/TP/teams/logos/240x240/75797.png","275797","LIL","DOMESTIC_MEN_TEAM_A","","DOMESTIC","France","Lille","LOSC Lille","LIL","435","MINUTE","7","0","0","54.11","KILOMETER","31.5","KILOMETER_PER_HOUR"
"250081192","52816","28","1997-05-20","3","Maehle","DEN","FULL_BACK","DEFENDER","MALE","","./image/250081192.jpg","Joakim Mæhle","DEFENDER","5","Mæhle","35","","Danemark","Défenseur","Joakim","Mæhle","Joakim Mæhle","Mæhle","200066","./assoc/200066_ITA.svg","./logo/52816.png","UEFA","ITA","52816","FAME","Atalanta","","https://img.uefa.com/imgml/TP/teams/logos/70x70/52816.png","https://img.uefa.com/imgml/TP/teams/logos/240x240/52816.png","252816","ATA","DOMESTIC_MEN_TEAM_A","","DOMESTIC","Italie","Atalanta","Atalanta BC","ATA","435","MINUTE","5","0","1","56.41","KILOMETER","33.4","KILOMETER_PER_HOUR"
"250073684","50031","29","1996-01-11","6","Garcia Lopes","SUI","FULL_BACK","DEFENDER","MALE","","./image/250073684.jpg","Ulisses Garcia","DEFENDER","19","Garcia Lopes","128","","Suisse","Défenseur","Ulisses","Garcia","Ulisses Garcia","Garcia","200128","./assoc/200128_SUI.svg","./logo/50031.png","UEFA","SUI","50031","FAME","Young Boys","","https://img.uefa.com/imgml/TP/teams/logos/70x70/50031.png","https://img.uefa.com/imgml/TP/teams/logos/240x240/50031.png","250031","YB","DOMESTIC_MEN_TEAM_A","","DOMESTIC","Suisse","Young Boys","BSC Young Boys","YB","435","MINUTE","5","0","0","40.23","KILOMETER","31.8","KILOMETER_PER_HOUR"
"250110864","52826","28","1997-02-26","10","Malcom","BRA","UNKNOWN","FORWARD","MALE","","./image/250110864.jpg","Malcom","FORWARD","","MALCOM","","","Brésil","Attaquant","","Malcom","Malcom","Malcom","257451","./assoc/257451_RUS.svg","./logo/52826.png","UEFA","RUS","52826","FAME","Zenit","","https://img.uefa.com/imgml/TP/teams/logos/70x70/52826.png","https://img.uefa.com/imgml/TP/teams/logos/240x240/52826.png","252826","ZEN","DOMESTIC_MEN_TEAM_A","","DOMESTIC","Russie","Zenit","FC Zenit","ZEN","434","MINUTE","6","0","1","48.6","KILOMETER","33.1","KILOMETER_PER_HOUR"
"250062176","52682","32","1993-03-05","7","FRED","BRA","CENTRAL_MIDFIELDER","MIDFIELDER","MALE","169","./image/250062176.jpg","Fred","MIDFIELDER","8","Rodrigues de Paula Santos","18","72","Brésil","Milieu","","Fred","Fred","Fred","200039","./assoc/200039_ENG.svg","./logo/52682.png","UEFA","ENG","52682","FAME","Man Utd","","https://img.uefa.com/imgml/TP/teams/logos/70x70/52682.png","https://img.uefa.com/imgml/TP/teams/logos/240x240/52682.png","252682","MUN","DOMESTIC_MEN_TEAM_A","","DOMESTIC","Angleterre","Man Utd","Manchester United","MUN","433","MINUTE","6","0","0","43.36","KILOMETER","31.4","KILOMETER_PER_HOUR"
"250064356","2603790","28","1997-01-04","3","ANGELINO","ESP","UNKNOWN","DEFENDER","MALE","","./image/250064356.jpg","Angeliño","DEFENDER","","Tasende","200122","","Espagne","Défenseur","","Angeliño","Angeliño","Angeliño","200047","./assoc/200047_GER.svg","./logo/2603790.png","UEFA","GER","2603790","FAME","Leipzig","","https://img.uefa.com/imgml/TP/teams/logos/70x70/2603790.png","https://img.uefa.com/imgml/TP/teams/logos/240x240/2603790.png","250002563","RBL","DOMESTIC_MEN_TEAM_A","","DOMESTIC","Allemagne","Leipzig","RB Leipzig","RBL","432","MINUTE","5","0","3","50.68","KILOMETER","32.1","KILOMETER_PER_HOUR"
"250082666","70691","29","1996-04-09","24","A. Pedraza","ESP","WINGER","MIDFIELDER","MALE","","./image/250082666.jpg","Alfonso Pedraza","MIDFIELDER","3","A. Pedraza","122","","Espagne","Milieu","Alfonso","Pedraza","Alfonso Pedraza","Pedraza","200122","./assoc/200122_ESP.svg","./logo/70691.png","UEFA","ESP","70691","FAME","Villarreal","","https://img.uefa.com/imgml/TP/teams/logos/70x70/70691.png","https://img.uefa.com/imgml/TP/teams/logos/240x240/70691.png","270691","VIL","DOMESTIC_MEN_TEAM_A","","DOMESTIC","Espagne","Villarreal","Villarreal CF","VIL","431","MINUTE","10","0","1","55.33","KILOMETER","34.6","KILOMETER_PER_HOUR"
"250126916","70691","22","2002-10-20","10","Yeremy","ESP","WINGER","FORWARD","MALE","","./image/250126916.jpg","Yeremy Pino","FORWARD","7","YEREMY","122","","Espagne","Attaquant","Yeremy","Pino","Yeremy Pino","Pino","200122","./assoc/200122_ESP.svg","./logo/70691.png","UEFA","ESP","70691","FAME","Villarreal","","https://img.uefa.com/imgml/TP/teams/logos/70x70/70691.png","https://img.uefa.com/imgml/TP/teams/logos/240x240/70691.png","270691","VIL","DOMESTIC_MEN_TEAM_A","","DOMESTIC","Espagne","Villarreal","Villarreal CF","VIL","431","MINUTE","7","1","0","54.66","KILOMETER","32.1","KILOMETER_PER_HOUR"
"250006200","52747","32","1992-11-05","6","VERRATTI","ITA","CENTRAL_MIDFIELDER","MIDFIELDER","MALE","165","./image/250006200.jpg","Marco Verratti","MIDFIELDER","6","Verratti","66","60","Italie","Milieu","Marco","Verratti","Marco Verratti","Verratti","200043","./assoc/200043_FRA.svg","./logo/52747.png","UEFA","FRA","52747","FAME","Paris","","https://img.uefa.com/imgml/TP/teams/logos/70x70/52747.png","https://img.uefa.com/imgml/TP/teams/logos/240x240/52747.png","252747","PSG","DOMESTIC_MEN_TEAM_A","","DOMESTIC","France","Paris","Paris Saint-Germain","PSG","431","MINUTE","5","0","0","55.73","KILOMETER","30.3","KILOMETER_PER_HOUR"
"250006494","64332","35","1990-09-19","23","Guilavogui","FRA","DEFENSIVE_MIDFIELDER","MIDFIELDER","MALE","187","./image/250006494.jpg","Josuha Guilavogui","MIDFIELDER","6","Guilavogui","43","77","France","Milieu","Josuha","Guilavogui","Josuha Guilavogui","Guilavogui","200047","./assoc/200047_GER.svg","./logo/64332.png","UEFA","GER","64332","FAME","Wolfsburg","","https://img.uefa.com/imgml/TP/teams/logos/70x70/64332.png","https://img.uefa.com/imgml/TP/teams/logos/240x240/64332.png","264332","WOB","DOMESTIC_MEN_TEAM_A","","DOMESTIC","Allemagne","Wolfsburg","VfL Wolfsburg","WOL","429","MINUTE","5","0","0","50.47","KILOMETER","31.6","KILOMETER_PER_HOUR"
"250097248","52914","34","1991-03-29","7","Kanté","FRA","DEFENSIVE_MIDFIELDER","MIDFIELDER","MALE","169","./image/250097248.jpg","N'Golo Kanté","MIDFIELDER","13","Kanté","43","68","France","Milieu","N'Golo","Kanté","N'Golo Kanté","Kanté","200039","./assoc/200039_ENG.svg","./logo/52914.png","UEFA","ENG","52914","FAME","Chelsea","","https://img.uefa.com/imgml/TP/teams/logos/70x70/52914.png","https://img.uefa.com/imgml/TP/teams/logos/240x240/52914.png","252914","CHE","DOMESTIC_MEN_TEAM_A","","DOMESTIC","Angleterre","Chelsea","Chelsea FC","CHE","427","MINUTE","6","0","1","52.17","KILOMETER","32.4","KILOMETER_PER_HOUR"
"250023551","52914","31","1994-05-06","8","Kovačić","CRO","ATTACKING_MIDFIELDER","MIDFIELDER","MALE","178","./image/250023551.jpg","Mateo Kovačić","MIDFIELDER","8","Kovačić","56370","77","Croatie","Milieu","Mateo","Kovačić","Mateo Kovačić","Kovačić","200039","./assoc/200039_ENG.svg","./logo/52914.png","UEFA","ENG","52914","FAME","Chelsea","","https://img.uefa.com/imgml/TP/teams/logos/70x70/52914.png","https://img.uefa.com/imgml/TP/teams/logos/240x240/52914.png","252914","CHE","DOMESTIC_MEN_TEAM_A","","DOMESTIC","Angleterre","Chelsea","Chelsea FC","CHE","426","MINUTE","6","0","0","50.32","KILOMETER","34","KILOMETER_PER_HOUR"
"250055905","52682","31","1994-07-17","3","Lindelöf","SWE","CENTRE_BACK","DEFENDER","MALE","187","./image/250055905.jpg","Victor Lindelöf","DEFENDER","3","Lindelöf","127","80","Suède","Défenseur","Victor","Lindelöf","Victor Lindelöf","Lindelöf","200039","./assoc/200039_ENG.svg","./logo/52682.png","UEFA","ENG","52682","FAME","Man Utd","","https://img.uefa.com/imgml/TP/teams/logos/70x70/52682.png","https://img.uefa.com/imgml/TP/teams/logos/240x240/52682.png","252682","MUN","DOMESTIC_MEN_TEAM_A","","DOMESTIC","Angleterre","Man Utd","Manchester United","MUN","426","MINUTE","5","0","0","37.77","KILOMETER","32.4","KILOMETER_PER_HOUR"
"250063940","50124","30","1995-06-18","22","Hermoso","ESP","UNKNOWN","DEFENDER","MALE","","./image/250063940.jpg","Mario Hermoso","DEFENDER","4","Hermoso","122","","Espagne","Défenseur","Mario","Hermoso","Mario Hermoso","Hermoso","200122","./assoc/200122_ESP.svg","./logo/50124.png","UEFA","ESP","50124","FAME","Atleti","","https://img.uefa.com/imgml/TP/teams/logos/70x70/50124.png","https://img.uefa.com/imgml/TP/teams/logos/240x240/50124.png","250124","ATM","DOMESTIC_MEN_TEAM_A","","DOMESTIC","Espagne","Atleti","Atlético de Madrid","ATM","425","MINUTE","6","0","0","47.67","KILOMETER","32.3","KILOMETER_PER_HOUR"
"250047077","50031","28","1997-02-19","17","C. Martins","LUX","CENTRAL_MIDFIELDER","MIDFIELDER","MALE","","./image/250047077.jpg","Christopher Martins","MIDFIELDER","8","Martins C.","82","","Luxembourg","Milieu","Christopher","Martins","Christopher Martins","C. Martins","200128","./assoc/200128_SUI.svg","./logo/50031.png","UEFA","SUI","50031","FAME","Young Boys","","https://img.uefa.com/imgml/TP/teams/logos/70x70/50031.png","https://img.uefa.com/imgml/TP/teams/logos/240x240/50031.png","250031","YB","DOMESTIC_MEN_TEAM_A","","DOMESTIC","Suisse","Young Boys","BSC Young Boys","YB","420","MINUTE","5","0","0","44.45","KILOMETER","31.9","KILOMETER_PER_HOUR"
"250022829","50138","31","1994-02-08","20","Çalhanoğlu","TUR","ATTACKING_MIDFIELDER","MIDFIELDER","MALE","176","./image/250022829.jpg","Hakan Çalhanoğlu","MIDFIELDER","10","ÇALHANOĞLU","135","76","Turquie","Milieu","","Hakan Çalhanoğlu","Hakan Çalhanoğlu","Hakan Çalhanoğlu","200066","./assoc/200066_ITA.svg","./logo/50138.png","UEFA","ITA","50138","FAME","Inter","","https://img.uefa.com/imgml/TP/teams/logos/70x70/50138.png","https://img.uefa.com/imgml/TP/teams/logos/240x240/50138.png","250138","INT","DOMESTIC_MEN_TEAM_A","","DOMESTIC","Italie","Inter","FC Internazionale Milano","INT","419","MINUTE","6","0","0","55.22","KILOMETER","31.9","KILOMETER_PER_HOUR"
"250123067","52682","27","1997-11-26","29","Wan-Bissaka","ENG","FULL_BACK","DEFENDER","MALE","","./image/250123067.jpg","Aaron Wan-Bissaka","DEFENDER","2","Wan-Bissaka","39","","Angleterre","Défenseur","Aaron","Wan-Bissaka","Aaron Wan-Bissaka","Wan-Bissaka","200039","./assoc/200039_ENG.svg","./logo/52682.png","UEFA","ENG","52682","FAME","Man Utd","","https://img.uefa.com/imgml/TP/teams/logos/70x70/52682.png","https://img.uefa.com/imgml/TP/teams/logos/240x240/52682.png","252682","MUN","DOMESTIC_MEN_TEAM_A","","DOMESTIC","Angleterre","Man Utd","Manchester United","MUN","419","MINUTE","6","0","0","45.91","KILOMETER","33.1","KILOMETER_PER_HOUR"
"250067630","50058","27","1997-12-19","23","TOMORI","ENG","CENTRE_BACK","DEFENDER","MALE","","./image/250067630.jpg","Fikayo Tomori","DEFENDER","5","Tomori","39","","Angleterre","Défenseur","Fikayo","Tomori","Fikayo Tomori","Tomori","200066","./assoc/200066_ITA.svg","./logo/50058.png","UEFA","ITA","50058","FAME","Milan","","https://img.uefa.com/imgml/TP/teams/logos/70x70/50058.png","https://img.uefa.com/imgml/TP/teams/logos/240x240/50058.png","250058","MIL","DOMESTIC_MEN_TEAM_A","","DOMESTIC","Italie","Milan","AC Milan","MIL","418","MINUTE","5","1","0","45.38","KILOMETER","38.21","KILOMETER_PER_HOUR"
"250101719","75797","25","2000-01-12","4","Botman","NED","CENTRE_BACK","DEFENDER","MALE","","./image/250101719.jpg","Sven Botman","DEFENDER","14","Botman","95","","Pays-Bas","Défenseur","Sven","Botman","Sven Botman","Botman","200043","./assoc/200043_FRA.svg","./logo/75797.png","UEFA","FRA","75797","FAME","Lille","","https://img.uefa.com/imgml/TP/teams/logos/70x70/75797.png","https://img.uefa.com/imgml/TP/teams/logos/240x240/75797.png","275797","LIL","DOMESTIC_MEN_TEAM_A","","DOMESTIC","France","Lille","LOSC Lille","LIL","418","MINUTE","5","0","0","47.43","KILOMETER","39.21","KILOMETER_PER_HOUR"
"250012557","50043","32","1993-07-18","23","Rits","BEL","DEFENSIVE_MIDFIELDER","MIDFIELDER","MALE","177","./image/250012557.jpg","Mats Rits","MIDFIELDER","","Rits","200013","69","Belgique","Milieu","Mats","Rits","Mats Rits","Rits","200013","./assoc/200013_BEL.svg","./logo/50043.png","UEFA","BEL","50043","FAME","Club Brugge","","https://img.uefa.com/imgml/TP/teams/logos/70x70/50043.png","https://img.uefa.com/imgml/TP/teams/logos/240x240/50043.png","250043","BRU","DOMESTIC_MEN_TEAM_A","","DOMESTIC","Belgique","Club Brugge","Club Brugge KV","BRU","417","MINUTE","6","2","0","53.86","KILOMETER","31.8","KILOMETER_PER_HOUR"
"250104720","64332","27","1998-04-08","20","Baku","GER","","MIDFIELDER","MALE","","./image/250104720.jpg","Ridle Baku","DEFENDER","7","Baku","47","","Allemagne","Milieu","Ridle","Baku","Ridle Baku","Baku","200047","./assoc/200047_GER.svg","./logo/64332.png","UEFA","GER","64332","FAME","Wolfsburg","","https://img.uefa.com/imgml/TP/teams/logos/70x70/64332.png","https://img.uefa.com/imgml/TP/teams/logos/240x240/64332.png","264332","WOB","DOMESTIC_MEN_TEAM_A","","DOMESTIC","Allemagne","Wolfsburg","VfL Wolfsburg","WOL","413","MINUTE","6","1","0","48.57","KILOMETER","33.1","KILOMETER_PER_HOUR"
"250076489","50152","26","1999-03-26","21","Ahmedhodzic","BIH","CENTRE_BACK","DEFENDER","MALE","","./image/250076489.jpg","Anel Ahmedhodžić","DEFENDER","16","Ahmedhodžić","60094","","Bosnie-Herzégovine","Défenseur","Anel","Ahmedhodžić","Anel Ahmedhodžić","Ahmedhodžić","200127","./assoc/200127_SWE.svg","./logo/50152.png","UEFA","SWE","50152","FAME","Malmö","","https://img.uefa.com/imgml/TP/teams/logos/70x70/50152.png","https://img.uefa.com/imgml/TP/teams/logos/240x240/50152.png","250152","MAL","DOMESTIC_MEN_TEAM_A","","DOMESTIC","Suède","Malmö","Malmö FF","MAL","413","MINUTE","5","0","0","46.28","KILOMETER","32.21","KILOMETER_PER_HOUR"
"250042521","2603790","29","1995-11-06","19","Silva","POR","STRIKER","FORWARD","MALE","182","./image/250042521.jpg","André Silva","FORWARD","9","André Silva","110","78","Portugal","Attaquant","","André Silva","André Silva","André Silva","200047","./assoc/200047_GER.svg","./logo/2603790.png","UEFA","GER","2603790","FAME","Leipzig","","https://img.uefa.com/imgml/TP/teams/logos/70x70/2603790.png","https://img.uefa.com/imgml/TP/teams/logos/240x240/2603790.png","250002563","RBL","DOMESTIC_MEN_TEAM_A","","DOMESTIC","Allemagne","Leipzig","RB Leipzig","RBL","410","MINUTE","6","3","2","47.19","KILOMETER","32.21","KILOMETER_PER_HOUR"
"1906016","50138","38","1987-05-22","22","Vidal","CHI","UNKNOWN","MIDFIELDER","MALE","180","./image/1906016.jpg","Arturo Vidal","MIDFIELDER","8","Vidal","26","75","Chili","Milieu","Arturo","Vidal","Arturo Vidal","Vidal","200066","./assoc/200066_ITA.svg","./logo/50138.png","UEFA","ITA","50138","FAME","Inter","","https://img.uefa.com/imgml/TP/teams/logos/70x70/50138.png","https://img.uefa.com/imgml/TP/teams/logos/240x240/50138.png","250138","INT","DOMESTIC_MEN_TEAM_A","","DOMESTIC","Italie","Inter","FC Internazionale Milano","INT","409","MINUTE","7","1","2","53.16","KILOMETER","31.2","KILOMETER_PER_HOUR"
"250067467","50043","32","1993-02-28","39","Balanta","COL","DEFENSIVE_MIDFIELDER","DEFENDER","MALE","181","./image/250067467.jpg","Éder Balanta","MIDFIELDER","16","Alvarez","29","84","Colombie","Défenseur","Éder","Balanta","Éder Balanta","Balanta","200013","./assoc/200013_BEL.svg","./logo/50043.png","UEFA","BEL","50043","FAME","Club Brugge","","https://img.uefa.com/imgml/TP/teams/logos/70x70/50043.png","https://img.uefa.com/imgml/TP/teams/logos/240x240/50043.png","250043","BRU","DOMESTIC_MEN_TEAM_A","","DOMESTIC","Belgique","Club Brugge","Club Brugge KV","BRU","407","MINUTE","5","0","0","50.68","KILOMETER","31.5","KILOMETER_PER_HOUR"
"250058218","75797","28","1997-08-18","8","R. SANCHES","POR","CENTRAL_MIDFIELDER","MIDFIELDER","MALE","176","./image/250058218.jpg","Renato Sanches","MIDFIELDER","16","R. Sanches","110","70","Portugal","Milieu","","Renato Sanches","Renato Sanches","Renato Sanches","200043","./assoc/200043_FRA.svg","./logo/75797.png","UEFA","FRA","75797","FAME","Lille","","https://img.uefa.com/imgml/TP/teams/logos/70x70/75797.png","https://img.uefa.com/imgml/TP/teams/logos/240x240/75797.png","275797","LIL","DOMESTIC_MEN_TEAM_A","","DOMESTIC","France","Lille","LOSC Lille","LIL","407","MINUTE","5","0","0","49.19","KILOMETER","33.71","KILOMETER_PER_HOUR"
"250064232","52816","33","1992-06-11","77","Zappacosta","ITA","FULL_BACK","DEFENDER","MALE","182","./image/250064232.jpg","Davide Zappacosta","DEFENDER","2","Zappacosta","66","70","Italie","Défenseur","Davide","Zappacosta","Davide Zappacosta","Zappacosta","200066","./assoc/200066_ITA.svg","./logo/52816.png","UEFA","ITA","52816","FAME","Atalanta","","https://img.uefa.com/imgml/TP/teams/logos/70x70/52816.png","https://img.uefa.com/imgml/TP/teams/logos/240x240/52816.png","252816","ATA","DOMESTIC_MEN_TEAM_A","","DOMESTIC","Italie","Atalanta","Atalanta BC","ATA","405","MINUTE","6","0","1","51","KILOMETER","33.1","KILOMETER_PER_HOUR"
"250065413","2603790","28","1997-05-27","27","Laimer","AUT","CENTRAL_MIDFIELDER","MIDFIELDER","MALE","179","./image/250065413.jpg","Konrad Laimer","MIDFIELDER","20","Laimer","8","","Autriche","Milieu","Konrad","Laimer","Konrad Laimer","Laimer","200047","./assoc/200047_GER.svg","./logo/2603790.png","UEFA","GER","2603790","FAME","Leipzig","","https://img.uefa.com/imgml/TP/teams/logos/70x70/2603790.png","https://img.uefa.com/imgml/TP/teams/logos/240x240/2603790.png","250002563","RBL","DOMESTIC_MEN_TEAM_A","","DOMESTIC","Allemagne","Leipzig","RB Leipzig","RBL","405","MINUTE","6","0","1","49.13","KILOMETER","34.5","KILOMETER_PER_HOUR"
"250017689","69606","32","1993-04-27","22","KOLOVOS","GRE","","MIDFIELDER","MALE","182","./image/250017689.jpg","Dimitris Kolovos","MIDFIELDER","17","Kolovos","49","77","Grèce","Milieu","Dimitris","Kolovos","Dimitris Kolovos","Kolovos","257160","./assoc/257160_MDA.svg","./logo/69606.png","UEFA","MDA","69606","FAME","Sheriff","","https://img.uefa.com/imgml/TP/teams/logos/70x70/69606.png","https://img.uefa.com/imgml/TP/teams/logos/240x240/69606.png","269606","SHE","DOMESTIC_MEN_TEAM_A","","DOMESTIC","Moldavie","Sheriff","FC Sheriff Tiraspol","SHE","405","MINUTE","6","0","0","49.27","KILOMETER","31.1","KILOMETER_PER_HOUR"
"250116788","50157","29","1996-08-19","24","ROSIER","FRA","FULL_BACK","DEFENDER","MALE","","./image/250116788.jpg","Valentin Rosier","DEFENDER","19","Rosier","200043","","France","Défenseur","Valentin","Rosier","Valentin Rosier","Rosier","200135","./assoc/200135_TUR.svg","./logo/50157.png","UEFA","TUR","50157","FAME","Beşiktaş","","https://img.uefa.com/imgml/TP/teams/logos/70x70/50157.png","https://img.uefa.com/imgml/TP/teams/logos/240x240/50157.png","250157","BES","DOMESTIC_MEN_TEAM_A","","DOMESTIC","Turquie","Beşiktaş","Beşiktaş JK","BES","405","MINUTE","5","0","0","46.8","KILOMETER","34.5","KILOMETER_PER_HOUR"
"250086315","50124","30","1995-03-09","10","CORREA","ARG","WINGER","FORWARD","MALE","174","./image/250086315.jpg","Ángel Correa","MIDFIELDER","15","Correa","6","70","Argentine","Attaquant","Ángel","Correa","Ángel Correa","Correa","200122","./assoc/200122_ESP.svg","./logo/50124.png","UEFA","ESP","50124","FAME","Atleti","","https://img.uefa.com/imgml/TP/teams/logos/70x70/50124.png","https://img.uefa.com/imgml/TP/teams/logos/240x240/50124.png","250124","ATM","DOMESTIC_MEN_TEAM_A","","DOMESTIC","Espagne","Atleti","Atlético de Madrid","ATM","401","MINUTE","10","1","0","49.59","KILOMETER","31.7","KILOMETER_PER_HOUR"
"250011210","52747","36","1989-09-26","27","Gueye","SEN","DEFENSIVE_MIDFIELDER","MIDFIELDER","MALE","174","./image/250011210.jpg","Idrissa Gueye","MIDFIELDER","5","Gueye","118","64","Sénégal","Milieu","Idrissa","Gueye","Idrissa Gueye","I.G. Gueye","200043","./assoc/200043_FRA.svg","./logo/52747.png","UEFA","FRA","52747","FAME","Paris","","https://img.uefa.com/imgml/TP/teams/logos/70x70/52747.png","https://img.uefa.com/imgml/TP/teams/logos/240x240/52747.png","252747","PSG","DOMESTIC_MEN_TEAM_A","","DOMESTIC","France","Paris","Paris Saint-Germain","PSG","400","MINUTE","7","1","0","48.12","KILOMETER","28.4","KILOMETER_PER_HOUR"
"250088240","52682","28","1996-12-08","8","McTominay","SCO","DEFENSIVE_MIDFIELDER","FORWARD","MALE","","./image/250088240.jpg","Scott McTominay","MIDFIELDER","4","McTominay","117","","Écosse","Attaquant","Scott","McTominay","Scott McTominay","McTominay","200039","./assoc/200039_ENG.svg","./logo/52682.png","UEFA","ENG","52682","FAME","Man Utd","","https://img.uefa.com/imgml/TP/teams/logos/70x70/52682.png","https://img.uefa.com/imgml/TP/teams/logos/240x240/52682.png","252682","MUN","DOMESTIC_MEN_TEAM_A","","DOMESTIC","Angleterre","Man Utd","Manchester United","MUN","400","MINUTE","5","0","0","53.81","KILOMETER","29.6","KILOMETER_PER_HOUR"
"250139255","50080","21","2004-08-05","6","Gavi","ESP","UNKNOWN","MIDFIELDER","MALE","","./image/250139255.jpg","Gavi","MIDFIELDER","9","GAVI","122","","Espagne","Milieu","","Gavi","Gavi","Gavi","200122","./assoc/200122_ESP.svg","./logo/50080.png","UEFA","ESP","50080","FAME","Barcelona","","https://img.uefa.com/imgml/TP/teams/logos/70x70/50080.png","https://img.uefa.com/imgml/TP/teams/logos/240x240/50080.png","250080","BAR","DOMESTIC_MEN_TEAM_A","","DOMESTIC","Espagne","Barcelona","FC Barcelona","BAR","398","MINUTE","6","0","0","54.07","KILOMETER","31.4","KILOMETER_PER_HOUR"
"250078682","64332","33","1992-08-07","25","Weghorst","NED","STRIKER","FORWARD","MALE","197","./image/250078682.jpg","Wout Weghorst","FORWARD","9","Weghorst","95","82","Pays-Bas","Attaquant","Wout","Weghorst","Wout Weghorst","Weghorst","200047","./assoc/200047_GER.svg","./logo/64332.png","UEFA","GER","64332","FAME","Wolfsburg","","https://img.uefa.com/imgml/TP/teams/logos/70x70/64332.png","https://img.uefa.com/imgml/TP/teams/logos/240x240/64332.png","264332","WOB","DOMESTIC_MEN_TEAM_A","","DOMESTIC","Allemagne","Wolfsburg","VfL Wolfsburg","WOL","398","MINUTE","5","0","0","49.35","KILOMETER","30.6","KILOMETER_PER_HOUR"
"250042705","52682","30","1995-07-12","23","Shaw","ENG","FULL_BACK","DEFENDER","MALE","185","./image/250042705.jpg","Luke Shaw","DEFENDER","3","Shaw","39","75","Angleterre","Défenseur","Luke","Shaw","Luke Shaw","Shaw","200039","./assoc/200039_ENG.svg","./logo/52682.png","UEFA","ENG","52682","FAME","Man Utd","","https://img.uefa.com/imgml/TP/teams/logos/70x70/52682.png","https://img.uefa.com/imgml/TP/teams/logos/240x240/52682.png","252682","MUN","DOMESTIC_MEN_TEAM_A","","DOMESTIC","Angleterre","Man Utd","Manchester United","MUN","397","MINUTE","5","0","2","36.6","KILOMETER","33","KILOMETER_PER_HOUR"
"250046522","52758","29","1996-05-02","10","Brandt","GER","WINGER","MIDFIELDER","MALE","176","./image/250046522.jpg","Julian Brandt","MIDFIELDER","14","Brandt","47","82","Allemagne","Milieu","Julian","Brandt","Julian Brandt","Brandt","200047","./assoc/200047_GER.svg","./logo/52758.png","UEFA","GER","52758","FAME","B. Dortmund","","https://img.uefa.com/imgml/TP/teams/logos/70x70/52758.png","https://img.uefa.com/imgml/TP/teams/logos/240x240/52758.png","252758","BVB","DOMESTIC_MEN_TEAM_A","","DOMESTIC","Allemagne","B. Dortmund","Borussia Dortmund","BVB","395","MINUTE","5","0","0","51.81","KILOMETER","31.9","KILOMETER_PER_HOUR"
"250102216","52682","25","2000-03-25","19","Sancho","ENG","WINGER","MIDFIELDER","MALE","","./image/250102216.jpg","Jadon Sancho","MIDFIELDER","17","Sancho","39","","Angleterre","Milieu","Jadon","Sancho","Jadon Sancho","Sancho","200039","./assoc/200039_ENG.svg","./logo/52682.png","UEFA","ENG","52682","FAME","Man Utd","","https://img.uefa.com/imgml/TP/teams/logos/70x70/52682.png","https://img.uefa.com/imgml/TP/teams/logos/240x240/52682.png","252682","MUN","DOMESTIC_MEN_TEAM_A","","DOMESTIC","Angleterre","Man Utd","Manchester United","MUN","393","MINUTE","7","1","0","41.96","KILOMETER","34.6","KILOMETER_PER_HOUR"
"93148","50080","38","1987-02-02","3","Piqué","ESP","CENTRE_BACK","DEFENDER","MALE","193","./image/93148.jpg","Gerard Piqué","DEFENDER","3","Piqué","122","85","Espagne","Défenseur","Gerard","Piqué","Gerard Piqué","Piqué","200122","./assoc/200122_ESP.svg","./logo/50080.png","UEFA","ESP","50080","FAME","Barcelona","","https://img.uefa.com/imgml/TP/teams/logos/70x70/50080.png","https://img.uefa.com/imgml/TP/teams/logos/240x240/50080.png","250080","BAR","DOMESTIC_MEN_TEAM_A","","DOMESTIC","Espagne","Barcelona","FC Barcelona","BAR","393","MINUTE","5","1","0","43.99","KILOMETER","31.6","KILOMETER_PER_HOUR"
"250081555","52758","26","1999-01-19","17","Malen","NED","STRIKER","FORWARD","MALE","","./image/250081555.jpg","Donyell Malen","FORWARD","18","Malen","95","","Pays-Bas","Attaquant","Donyell","Malen","Donyell Malen","Malen","200047","./assoc/200047_GER.svg","./logo/52758.png","UEFA","GER","52758","FAME","B. Dortmund","","https://img.uefa.com/imgml/TP/teams/logos/70x70/52758.png","https://img.uefa.com/imgml/TP/teams/logos/240x240/52758.png","252758","BVB","DOMESTIC_MEN_TEAM_A","","DOMESTIC","Allemagne","B. Dortmund","Borussia Dortmund","BVB","392","MINUTE","6","3","0","43.7","KILOMETER","31.3","KILOMETER_PER_HOUR"
"250047045","50058","30","1995-01-12","13","Romagnoli","ITA","CENTRE_BACK","DEFENDER","MALE","185","./image/250047045.jpg","Alessio Romagnoli","DEFENDER","6","Romagnoli","66","75","Italie","Défenseur","Alessio","Romagnoli","Alessio Romagnoli","Romagnoli","200066","./assoc/200066_ITA.svg","./logo/50058.png","UEFA","ITA","50058","FAME","Milan","","https://img.uefa.com/imgml/TP/teams/logos/70x70/50058.png","https://img.uefa.com/imgml/TP/teams/logos/240x240/50058.png","250058","MIL","DOMESTIC_MEN_TEAM_A","","DOMESTIC","Italie","Milan","AC Milan","MIL","392","MINUTE","5","0","0","44.66","KILOMETER","31.2","KILOMETER_PER_HOUR"
"250041770","50037","30","1995-07-14","7","Gnabry","GER","WINGER","FORWARD","MALE","173","./image/250041770.jpg","Serge Gnabry","MIDFIELDER","20","Gnabry","47","73","Allemagne","Attaquant","Serge","Gnabry","Serge Gnabry","Gnabry","200047","./assoc/200047_GER.svg","./logo/50037.png","UEFA","GER","50037","FAME","Bayern München","","https://img.uefa.com/imgml/TP/teams/logos/70x70/50037.png","https://img.uefa.com/imgml/TP/teams/logos/240x240/50037.png","250037","BAY","DOMESTIC_MEN_TEAM_A","","DOMESTIC","Allemagne","Bayern München","FC Bayern München","BAY","391","MINUTE","8","3","2","46.69","KILOMETER","32.8","KILOMETER_PER_HOUR"
"250144327","50064","28","1997-06-13","12","Zaidu M.","NGA","UNKNOWN","DEFENDER","MALE","","./image/250144327.jpg","Zaidu","DEFENDER","","Zaidu","","","Nigeria","Défenseur","","Zaidu","Zaidu","Zaidu","200110","./assoc/200110_POR.svg","./logo/50064.png","UEFA","POR","50064","FAME","Porto","","https://img.uefa.com/imgml/TP/teams/logos/70x70/50064.png","https://img.uefa.com/imgml/TP/teams/logos/240x240/50064.png","250064","POR","DOMESTIC_MEN_TEAM_A","","DOMESTIC","Portugal","Porto","FC Porto","POR","389","MINUTE","6","0","0","45.86","KILOMETER","34.3","KILOMETER_PER_HOUR"
"250116904","50139","27","1998-08-28","22","McKennie","USA","UNKNOWN","MIDFIELDER","MALE","","./image/250116904.jpg","Weston McKennie","MIDFIELDER","8","McKennie","140","","Etats-Unis","Milieu","Weston","McKennie","Weston McKennie","McKennie","200066","./assoc/200066_ITA.svg","./logo/50139.png","UEFA","ITA","50139","FAME","Juventus","","https://img.uefa.com/imgml/TP/teams/logos/70x70/50139.png","https://img.uefa.com/imgml/TP/teams/logos/240x240/50139.png","250139","JUV","DOMESTIC_MEN_TEAM_A","","DOMESTIC","Italie","Juventus","Juventus","JUV","388","MINUTE","6","0","0","51.85","KILOMETER","32.71","KILOMETER_PER_HOUR"
"250092583","50031","27","1997-10-25","36","Hefti","SUI","FULL_BACK","DEFENDER","MALE","","./image/250092583.jpg","Silvan Hefti","DEFENDER","19","Hefti","200128","","Suisse","Défenseur","Silvan","Hefti","Silvan Hefti","Hefti","200128","./assoc/200128_SUI.svg","./logo/50031.png","UEFA","SUI","50031","FAME","Young Boys","","https://img.uefa.com/imgml/TP/teams/logos/70x70/50031.png","https://img.uefa.com/imgml/TP/teams/logos/240x240/50031.png","250031","YB","DOMESTIC_MEN_TEAM_A","","DOMESTIC","Suisse","Young Boys","BSC Young Boys","YB","386","MINUTE","6","1","1","38.83","KILOMETER","32.1","KILOMETER_PER_HOUR"
"250013469","2603790","33","1991-10-23","10","Forsberg","SWE","WINGER","FORWARD","MALE","179","./image/250013469.jpg","Emil Forsberg","MIDFIELDER","10","Forsberg","127","78","Suède","Attaquant","Emil","Forsberg","Emil Forsberg","Forsberg","200047","./assoc/200047_GER.svg","./logo/2603790.png","UEFA","GER","2603790","FAME","Leipzig","","https://img.uefa.com/imgml/TP/teams/logos/70x70/2603790.png","https://img.uefa.com/imgml/TP/teams/logos/240x240/2603790.png","250002563","RBL","DOMESTIC_MEN_TEAM_A","","DOMESTIC","Allemagne","Leipzig","RB Leipzig","RBL","385","MINUTE","6","2","2","48.17","KILOMETER","31.9","KILOMETER_PER_HOUR"
"250038932","50157","32","1993-10-02","30","BATSHUAYI","BEL","STRIKER","FORWARD","MALE","185","./image/250038932.jpg","Michy Batshuayi","FORWARD","23","Batshuayi","13","78","Belgique","Attaquant","Michy","Batshuayi","Michy Batshuayi","Batshuayi","200135","./assoc/200135_TUR.svg","./logo/50157.png","UEFA","TUR","50157","FAME","Beşiktaş","","https://img.uefa.com/imgml/TP/teams/logos/70x70/50157.png","https://img.uefa.com/imgml/TP/teams/logos/240x240/50157.png","250157","BES","DOMESTIC_MEN_TEAM_A","","DOMESTIC","Turquie","Beşiktaş","Beşiktaş JK","BES","383","MINUTE","5","0","0","43.54","KILOMETER","31.3","KILOMETER_PER_HOUR"
"250112826","50139","28","1997-06-25","30","BENTANCUR","URU","UNKNOWN","MIDFIELDER","MALE","","./image/250112826.jpg","Rodrigo Bentancur","MIDFIELDER","6","Bentancur","138","","Uruguay","Milieu","Rodrigo","Bentancur","Rodrigo Bentancur","Bentancur","200066","./assoc/200066_ITA.svg","./logo/50139.png","UEFA","ITA","50139","FAME","Juventus","","https://img.uefa.com/imgml/TP/teams/logos/70x70/50139.png","https://img.uefa.com/imgml/TP/teams/logos/240x240/50139.png","250139","JUV","DOMESTIC_MEN_TEAM_A","","DOMESTIC","Italie","Juventus","Juventus","JUV","382","MINUTE","5","0","1","48.66","KILOMETER","33.3","KILOMETER_PER_HOUR"
"250014114","50149","32","1993-05-16","47","R. Esgaio","POR","FULL_BACK","DEFENDER","MALE","171","./image/250014114.jpg","Ricardo Esgaio","DEFENDER","2","R. Esgaio","200110","65","Portugal","Défenseur","","Ricardo Esgaio","Ricardo Esgaio","Ricardo Esgaio","200110","./assoc/200110_POR.svg","./logo/50149.png","UEFA","POR","50149","FAME","Sporting CP","","https://img.uefa.com/imgml/TP/teams/logos/70x70/50149.png","https://img.uefa.com/imgml/TP/teams/logos/240x240/50149.png","250149","SPO","DOMESTIC_MEN_TEAM_A","","DOMESTIC","Portugal","Sporting CP","Sporting Clube de Portugal","SPO","380","MINUTE","8","0","2","48.83","KILOMETER","30.5","KILOMETER_PER_HOUR"
"250111308","52714","33","1991-10-28","19","Acuña","ARG","ATTACKING_MIDFIELDER","DEFENDER","MALE","","./image/250111308.jpg","Marcos Acuña","MIDFIELDER","8","Acuña","6","","Argentine","Défenseur","Marcos","Acuña","Marcos Acuña","Acuña","200122","./assoc/200122_ESP.svg","./logo/52714.png","UEFA","ESP","52714","FAME","Sevilla","","https://img.uefa.com/imgml/TP/teams/logos/70x70/52714.png","https://img.uefa.com/imgml/TP/teams/logos/240x240/52714.png","252714","SEV","DOMESTIC_MEN_TEAM_A","","DOMESTIC","Espagne","Sevilla","Sevilla FC","SEV","379","MINUTE","5","0","0","43.24","KILOMETER","35.9","KILOMETER_PER_HOUR"
"250042778","50124","29","1995-11-12","11","LEMAR","FRA","UNKNOWN","MIDFIELDER","MALE","170","./image/250042778.jpg","Thomas Lemar","MIDFIELDER","8","Lemar","43","58","France","Milieu","Thomas","Lemar","Thomas Lemar","Lemar","200122","./assoc/200122_ESP.svg","./logo/50124.png","UEFA","ESP","50124","FAME","Atleti","","https://img.uefa.com/imgml/TP/teams/logos/70x70/50124.png","https://img.uefa.com/imgml/TP/teams/logos/240x240/50124.png","250124","ATM","DOMESTIC_MEN_TEAM_A","","DOMESTIC","Espagne","Atleti","Atlético de Madrid","ATM","377","MINUTE","8","0","1","48.88","KILOMETER","32.21","KILOMETER_PER_HOUR"
"250087665","50058","27","1997-12-01","4","BENNACER","ALG","DEFENSIVE_MIDFIELDER","MIDFIELDER","MALE","","./image/250087665.jpg","Ismaël Bennacer","MIDFIELDER","22","Bennacer","3","","Algérie","Milieu","Ismaël","Bennacer","Ismaël Bennacer","Bennacer","200066","./assoc/200066_ITA.svg","./logo/50058.png","UEFA","ITA","50058","FAME","Milan","","https://img.uefa.com/imgml/TP/teams/logos/70x70/50058.png","https://img.uefa.com/imgml/TP/teams/logos/240x240/50058.png","250058","MIL","DOMESTIC_MEN_TEAM_A","","DOMESTIC","Italie","Milan","AC Milan","MIL","376","MINUTE","6","0","0","47.11","KILOMETER","33.4","KILOMETER_PER_HOUR"
"250132834","52723","33","1992-03-11","14","De Pena","URU","WINGER","MIDFIELDER","MALE","","./image/250132834.jpg","Carlos de Pena","MIDFIELDER","","De Pena","138","","Uruguay","Milieu","Carlos","De Pena","Carlos de Pena","De Pena","257166","./assoc/257166_UKR.svg","./logo/52723.png","UEFA","UKR","52723","FAME","Dynamo Kyiv","","https://img.uefa.com/imgml/TP/teams/logos/70x70/52723.png","https://img.uefa.com/imgml/TP/teams/logos/240x240/52723.png","252723","DKY","DOMESTIC_MEN_TEAM_A","","DOMESTIC","Ukraine","Dynamo Kyiv","FC Dynamo Kyiv","DKY","375","MINUTE","6","0","0","49.03","KILOMETER","32.21","KILOMETER_PER_HOUR"
"250000036","50080","36","1989-03-21","18","Jordi Alba","ESP","FULL_BACK","DEFENDER","MALE","170","./image/250000036.jpg","Jordi Alba","DEFENDER","18","Jordi Alba","122","68","Espagne","Défenseur","Jordi","Alba","Jordi Alba","Jordi Alba","200122","./assoc/200122_ESP.svg","./logo/50080.png","UEFA","ESP","50080","FAME","Barcelona","","https://img.uefa.com/imgml/TP/teams/logos/70x70/50080.png","https://img.uefa.com/imgml/TP/teams/logos/240x240/50080.png","250080","BAR","DOMESTIC_MEN_TEAM_A","","DOMESTIC","Espagne","Barcelona","FC Barcelona","BAR","375","MINUTE","5","0","1","45.79","KILOMETER","32.4","KILOMETER_PER_HOUR"
"250132526","52707","25","2000-02-15","10","TETE","BRA","WINGER","FORWARD","MALE","","./image/250132526.jpg","Tetê","MIDFIELDER","","Cardoso Lemos Martins","","","Brésil","Attaquant","","Tetê","Tetê","Tetê","257166","./assoc/257166_UKR.svg","./logo/52707.png","UEFA","UKR","52707","FAME","Shakhtar","","https://img.uefa.com/imgml/TP/teams/logos/70x70/52707.png","https://img.uefa.com/imgml/TP/teams/logos/240x240/52707.png","252707","SHK","DOMESTIC_MEN_TEAM_A","","DOMESTIC","Ukraine","Shakhtar","FC Shakhtar Donetsk","SHK","373","MINUTE","6","0","0","44.48","KILOMETER","31.8","KILOMETER_PER_HOUR"
"250077686","52816","27","1998-03-05","28","Demiral","TUR","UNKNOWN","DEFENDER","MALE","","./image/250077686.jpg","Merih Demiral","DEFENDER","3","DEMİRAL","135","","Turquie","Défenseur","","Merih Demiral","Merih Demiral","Merih Demiral","200066","./assoc/200066_ITA.svg","./logo/52816.png","UEFA","ITA","52816","FAME","Atalanta","","https://img.uefa.com/imgml/TP/teams/logos/70x70/52816.png","https://img.uefa.com/imgml/TP/teams/logos/240x240/52816.png","252816","ATA","DOMESTIC_MEN_TEAM_A","","DOMESTIC","Italie","Atalanta","Atalanta BC","ATA","370","MINUTE","6","1","0","42.16","KILOMETER","33.5","KILOMETER_PER_HOUR"
"250116654","50147","24","2001-06-20","9","G.RAMOS","POR","STRIKER","FORWARD","MALE","","./image/250116654.jpg","Gonçalo Ramos","FORWARD","9","G. RAMOS","110","","Portugal","Attaquant","","Gonçalo Ramos","Gonçalo Ramos","Gonçalo Ramos","200110","./assoc/200110_POR.svg","./logo/50147.png","UEFA","POR","50147","FAME","Benfica","","https://img.uefa.com/imgml/TP/teams/logos/70x70/50147.png","https://img.uefa.com/imgml/TP/teams/logos/240x240/50147.png","250147","BEN","DOMESTIC_MEN_TEAM_A","","DOMESTIC","Portugal","Benfica","SL Benfica","BEN","369","MINUTE","7","1","1","52.14","KILOMETER","32.8","KILOMETER_PER_HOUR"
"250034990","50149","37","1988-05-26","13","Neto","POR","CENTRE_BACK","DEFENDER","MALE","187","./image/250034990.jpg","Luís Neto","DEFENDER","2","Luís Neto","110","71","Portugal","Défenseur","","Luís Neto","Luís Neto","Luís Neto","200110","./assoc/200110_POR.svg","./logo/50149.png","UEFA","POR","50149","FAME","Sporting CP","","https://img.uefa.com/imgml/TP/teams/logos/70x70/50149.png","https://img.uefa.com/imgml/TP/teams/logos/240x240/50149.png","250149","SPO","DOMESTIC_MEN_TEAM_A","","DOMESTIC","Portugal","Sporting CP","Sporting Clube de Portugal","SPO","368","MINUTE","6","0","0","38.64","KILOMETER","30.3","KILOMETER_PER_HOUR"
"250096698","52914","27","1998-09-18","11","PULISIC","USA","UNKNOWN","FORWARD","MALE","172","./image/250096698.jpg","Christian Pulišić","MIDFIELDER","10","Pulisic","140","69","Etats-Unis","Attaquant","Christian","Pulišić","Christian Pulišić","Pulišić","200039","./assoc/200039_ENG.svg","./logo/52914.png","UEFA","ENG","52914","FAME","Chelsea","","https://img.uefa.com/imgml/TP/teams/logos/70x70/52914.png","https://img.uefa.com/imgml/TP/teams/logos/240x240/52914.png","252914","CHE","DOMESTIC_MEN_TEAM_A","","DOMESTIC","Angleterre","Chelsea","Chelsea FC","CHE","367","MINUTE","7","2","1","47.29","KILOMETER","32.6","KILOMETER_PER_HOUR"
"250134170","50080","26","1999-03-07","4","R.Araujo","URU","UNKNOWN","DEFENDER","MALE","","./image/250134170.jpg","Ronald Araújo","DEFENDER","4","R.Araujo","138","","Uruguay","Défenseur","","Ronald Araújo","Ronald Araújo","Ronald Araújo","200122","./assoc/200122_ESP.svg","./logo/50080.png","UEFA","ESP","50080","FAME","Barcelona","","https://img.uefa.com/imgml/TP/teams/logos/70x70/50080.png","https://img.uefa.com/imgml/TP/teams/logos/240x240/50080.png","250080","BAR","DOMESTIC_MEN_TEAM_A","","DOMESTIC","Espagne","Barcelona","FC Barcelona","BAR","367","MINUTE","5","0","0","36.35","KILOMETER","33.71","KILOMETER_PER_HOUR"
"250024359","52723","31","1994-06-11","16","Kędziora","POL","FULL_BACK","DEFENDER","MALE","183","./image/250024359.jpg","Tomasz Kędziora","DEFENDER","4","Kedziora","109","78","Pologne","Défenseur","Tomasz","Kędziora","Tomasz Kędziora","Kędziora","257166","./assoc/257166_UKR.svg","./logo/52723.png","UEFA","UKR","52723","FAME","Dynamo Kyiv","","https://img.uefa.com/imgml/TP/teams/logos/70x70/52723.png","https://img.uefa.com/imgml/TP/teams/logos/240x240/52723.png","252723","DKY","DOMESTIC_MEN_TEAM_A","","DOMESTIC","Ukraine","Dynamo Kyiv","FC Dynamo Kyiv","DKY","366","MINUTE","5","0","0","44.35","KILOMETER","31","KILOMETER_PER_HOUR"
"250014528","52747","34","1991-09-09","15","DANILO","POR","DEFENSIVE_MIDFIELDER","MIDFIELDER","MALE","188","./image/250014528.jpg","Danilo","MIDFIELDER","13","Danilo","110","83","Portugal","Milieu","","Danilo","Danilo","Danilo","200043","./assoc/200043_FRA.svg","./logo/52747.png","UEFA","FRA","52747","FAME","Paris","","https://img.uefa.com/imgml/TP/teams/logos/70x70/52747.png","https://img.uefa.com/imgml/TP/teams/logos/240x240/52747.png","252747","PSG","DOMESTIC_MEN_TEAM_A","","DOMESTIC","France","Paris","Paris Saint-Germain","PSG","362","MINUTE","7","0","0","40.65","KILOMETER","35.4","KILOMETER_PER_HOUR"
"250029032","64332","32","1993-01-06","26","Roussillon","FRA","FULL_BACK","DEFENDER","MALE","","./image/250029032.jpg","Jérôme Roussillon","DEFENDER","","Roussillon","300043","","France","Défenseur","Jérôme","Roussillon","Jérôme Roussillon","Roussillon","200047","./assoc/200047_GER.svg","./logo/64332.png","UEFA","GER","64332","FAME","Wolfsburg","","https://img.uefa.com/imgml/TP/teams/logos/70x70/64332.png","https://img.uefa.com/imgml/TP/teams/logos/240x240/64332.png","264332","WOB","DOMESTIC_MEN_TEAM_A","","DOMESTIC","Allemagne","Wolfsburg","VfL Wolfsburg","WOL","362","MINUTE","6","0","0","41.6","KILOMETER","33.6","KILOMETER_PER_HOUR"
"250112488","52816","35","1990-10-10","2","Tolói","ITA","CENTRE_BACK","DEFENDER","MALE","","./image/250112488.jpg","Rafael Tolói","DEFENDER","3","Tolói","66","","Italie","Défenseur","Rafael","Tolói","Rafael Tolói","Tolói","200066","./assoc/200066_ITA.svg","./logo/52816.png","UEFA","ITA","52816","FAME","Atalanta","","https://img.uefa.com/imgml/TP/teams/logos/70x70/52816.png","https://img.uefa.com/imgml/TP/teams/logos/240x240/52816.png","252816","ATA","DOMESTIC_MEN_TEAM_A","","DOMESTIC","Italie","Atalanta","Atalanta BC","ATA","360","MINUTE","4","0","0","45.18","KILOMETER","31.9","KILOMETER_PER_HOUR"
"250064444","52707","29","1996-05-02","22","Matviyenko","UKR","CENTRE_BACK","DEFENDER","MALE","181","./image/250064444.jpg","Mykola Matviyenko","DEFENDER","22","Matviyenko","57166","67","Ukraine","Défenseur","Mykola","Matviyenko","Mykola Matviyenko","Matviyenko","257166","./assoc/257166_UKR.svg","./logo/52707.png","UEFA","UKR","52707","FAME","Shakhtar","","https://img.uefa.com/imgml/TP/teams/logos/70x70/52707.png","https://img.uefa.com/imgml/TP/teams/logos/240x240/52707.png","252707","SHK","DOMESTIC_MEN_TEAM_A","","DOMESTIC","Ukraine","Shakhtar","FC Shakhtar Donetsk","SHK","360","MINUTE","4","0","0","42.97","KILOMETER","35.8","KILOMETER_PER_HOUR"
"250050488","52826","34","1990-12-01","1","Kritciuk","RUS","GOALKEEPER","GOALKEEPER","MALE","192","./image/250050488.jpg","Stanislav Kritsyuk","GOALKEEPER","16","Kritciuk","57451","85","Russie","Gardien","Stanislav","Kritsyuk","Stanislav Kritsyuk","Kritsyuk","257451","./assoc/257451_RUS.svg","./logo/52826.png","UEFA","RUS","52826","FAME","Zenit","","https://img.uefa.com/imgml/TP/teams/logos/70x70/52826.png","https://img.uefa.com/imgml/TP/teams/logos/240x240/52826.png","252826","ZEN","DOMESTIC_MEN_TEAM_A","","DOMESTIC","Russie","Zenit","FC Zenit","ZEN","360","MINUTE","4","0","0","19.52","KILOMETER","26.4","KILOMETER_PER_HOUR"
"250056566","52914","29","1996-01-23","8","LOFTUS-CHEEK","ENG","CENTRAL_MIDFIELDER","MIDFIELDER","MALE","192","./image/250056566.jpg","Ruben Loftus-Cheek","MIDFIELDER","8","Loftus-Cheek","39","83","Angleterre","Milieu","Ruben","Loftus-Cheek","Ruben Loftus-Cheek","Loftus-Cheek","200039","./assoc/200039_ENG.svg","./logo/52914.png","UEFA","ENG","52914","FAME","Chelsea","","https://img.uefa.com/imgml/TP/teams/logos/70x70/52914.png","https://img.uefa.com/imgml/TP/teams/logos/240x240/52914.png","252914","CHE","DOMESTIC_MEN_TEAM_A","","DOMESTIC","Angleterre","Chelsea","Chelsea FC","CHE","358","MINUTE","8","0","1","44.21","KILOMETER","34","KILOMETER_PER_HOUR"
"106587","52758","36","1988-12-16","15","Hummels","GER","CENTRE_BACK","DEFENDER","MALE","191","./image/106587.jpg","Mats Hummels","DEFENDER","5","Hummels","47","92","Allemagne","Défenseur","Mats","Hummels","Mats Hummels","Hummels","200047","./assoc/200047_GER.svg","./logo/52758.png","UEFA","GER","52758","FAME","B. Dortmund","","https://img.uefa.com/imgml/TP/teams/logos/70x70/52758.png","https://img.uefa.com/imgml/TP/teams/logos/240x240/52758.png","252758","BVB","DOMESTIC_MEN_TEAM_A","","DOMESTIC","Allemagne","B. Dortmund","Borussia Dortmund","BVB","358","MINUTE","5","0","0","41.16","KILOMETER","30.8","KILOMETER_PER_HOUR"
"250141176","69606","31","1994-07-17","10","FRANK.C.","COL","UNKNOWN","MIDFIELDER","MALE","","./image/250141176.jpg","Frank Castañeda","MIDFIELDER","","Frank.C.","","","Colombie","Milieu","Frank","Castañeda","Frank Castañeda","Castañeda","257160","./assoc/257160_MDA.svg","./logo/69606.png","UEFA","MDA","69606","FAME","Sheriff","","https://img.uefa.com/imgml/TP/teams/logos/70x70/69606.png","https://img.uefa.com/imgml/TP/teams/logos/240x240/69606.png","269606","SHE","DOMESTIC_MEN_TEAM_A","","DOMESTIC","Moldavie","Sheriff","FC Sheriff Tiraspol","SHE","357","MINUTE","5","0","0","45.54","KILOMETER","40","KILOMETER_PER_HOUR"
"250058260","2603790","29","1996-06-03","16","Klostermann","GER","FULL_BACK","DEFENDER","MALE","","./image/250058260.jpg","Lukas Klostermann","DEFENDER","16","Klostermann","47","","Allemagne","Défenseur","Lukas","Klostermann","Lukas Klostermann","Klostermann","200047","./assoc/200047_GER.svg","./logo/2603790.png","UEFA","GER","2603790","FAME","Leipzig","","https://img.uefa.com/imgml/TP/teams/logos/70x70/2603790.png","https://img.uefa.com/imgml/TP/teams/logos/240x240/2603790.png","250002563","RBL","DOMESTIC_MEN_TEAM_A","","DOMESTIC","Allemagne","Leipzig","RB Leipzig","RBL","357","MINUTE","5","0","0","42.21","KILOMETER","34.71","KILOMETER_PER_HOUR"
"250105717","50152","27","1998-03-05","14","Birmancevic","SRB","UNKNOWN","MIDFIELDER","MALE","","./image/250105717.jpg","Veljko Birmančević","MIDFIELDER","10","Birmančević","147","","Serbie","Milieu","Veljko","Birmančević","Veljko Birmančević","Birmančević","200127","./assoc/200127_SWE.svg","./logo/50152.png","UEFA","SWE","50152","FAME","Malmö","","https://img.uefa.com/imgml/TP/teams/logos/70x70/50152.png","https://img.uefa.com/imgml/TP/teams/logos/240x240/50152.png","250152","MAL","DOMESTIC_MEN_TEAM_A","","DOMESTIC","Suède","Malmö","Malmö FF","MAL","356","MINUTE","6","0","1","44.62","KILOMETER","32.6","KILOMETER_PER_HOUR"
"250053792","52707","35","1990-01-11","31","ISMAILY","BRA","FULL_BACK","DEFENDER","MALE","177","./image/250053792.jpg","Ismaily","DEFENDER","","Gonçalves Dos Santos","18","78","Brésil","Défenseur","","Ismaily","Ismaily","Ismaily","257166","./assoc/257166_UKR.svg","./logo/52707.png","UEFA","UKR","52707","FAME","Shakhtar","","https://img.uefa.com/imgml/TP/teams/logos/70x70/52707.png","https://img.uefa.com/imgml/TP/teams/logos/240x240/52707.png","252707","SHK","DOMESTIC_MEN_TEAM_A","","DOMESTIC","Ukraine","Shakhtar","FC Shakhtar Donetsk","SHK","355","MINUTE","5","0","0","44.84","KILOMETER","32.8","KILOMETER_PER_HOUR"
"250070343","50157","30","1995-04-17","10","Larin","CAN","STRIKER","FORWARD","MALE","","./image/250070343.jpg","Cyle Larin","FORWARD","9","Larin","24","","Canada","Attaquant","Cyle","Larin","Cyle Larin","Larin","200135","./assoc/200135_TUR.svg","./logo/50157.png","UEFA","TUR","50157","FAME","Beşiktaş","","https://img.uefa.com/imgml/TP/teams/logos/70x70/50157.png","https://img.uefa.com/imgml/TP/teams/logos/240x240/50157.png","250157","BES","DOMESTIC_MEN_TEAM_A","","DOMESTIC","Turquie","Beşiktaş","Beşiktaş JK","BES","354","MINUTE","5","1","0","40.16","KILOMETER","33.6","KILOMETER_PER_HOUR"
"250025891","52682","32","1993-04-25","19","R.Varane","FRA","CENTRE_BACK","DEFENDER","MALE","191","./image/250025891.jpg","Raphaël Varane","DEFENDER","4","Varane","43","78","France","Défenseur","Raphaël","Varane","Raphaël Varane","Varane","200039","./assoc/200039_ENG.svg","./logo/52682.png","UEFA","ENG","52682","FAME","Man Utd","","https://img.uefa.com/imgml/TP/teams/logos/70x70/52682.png","https://img.uefa.com/imgml/TP/teams/logos/240x240/52682.png","252682","MUN","DOMESTIC_MEN_TEAM_A","","DOMESTIC","Angleterre","Man Utd","Manchester United","MUN","353","MINUTE","5","0","0","34.22","KILOMETER","32.71","KILOMETER_PER_HOUR"
"250106649","52919","28","1997-04-03","9","G.JESUS","BRA","STRIKER","FORWARD","MALE","","./image/250106649.jpg","Gabriel Jesus","FORWARD","18","G. Jesus","18","","Brésil","Attaquant","Gabriel","Jesus","Gabriel Jesus","Jesus","200039","./assoc/200039_ENG.svg","./logo/52919.png","UEFA","ENG","52919","FAME","Man City","","https://img.uefa.com/imgml/TP/teams/logos/70x70/52919.png","https://img.uefa.com/imgml/TP/teams/logos/240x240/52919.png","252919","MCI","DOMESTIC_MEN_TEAM_A","","DOMESTIC","Angleterre","Man City","Manchester City","MCI","352","MINUTE","8","4","1","41.96","KILOMETER","33.3","KILOMETER_PER_HOUR"
"250088039","50058","26","1999-08-03","21","BRAHIM","MAR","ATTACKING_MIDFIELDER","FORWARD","MALE","","./image/250088039.jpg","Brahim Díaz","MIDFIELDER","7","Brahim","122","","Maroc","Attaquant","","Brahim Díaz","Brahim Díaz","Brahim Díaz","200066","./assoc/200066_ITA.svg","./logo/50058.png","UEFA","ITA","50058","FAME","Milan","","https://img.uefa.com/imgml/TP/teams/logos/70x70/50058.png","https://img.uefa.com/imgml/TP/teams/logos/240x240/50058.png","250058","MIL","DOMESTIC_MEN_TEAM_A","","DOMESTIC","Italie","Milan","AC Milan","MIL","351","MINUTE","5","1","1","43.91","KILOMETER","31","KILOMETER_PER_HOUR"
"250113343","50064","25","2000-01-03","25","João Mário","POR","UNKNOWN","FORWARD","MALE","","./image/250113343.jpg","João Mário","FORWARD","19","JOÃO MÁRIO","110","","Portugal","Attaquant","","João Mário","João Mário","João Mário","200110","./assoc/200110_POR.svg","./logo/50064.png","UEFA","POR","50064","FAME","Porto","","https://img.uefa.com/imgml/TP/teams/logos/70x70/50064.png","https://img.uefa.com/imgml/TP/teams/logos/240x240/50064.png","250064","POR","DOMESTIC_MEN_TEAM_A","","DOMESTIC","Portugal","Porto","FC Porto","POR","351","MINUTE","4","0","0","39.3","KILOMETER","32.5","KILOMETER_PER_HOUR"
"250121492","52707","26","1999-03-01","11","Fernando","BRA","STRIKER","FORWARD","MALE","","./image/250121492.jpg","Fernando","FORWARD","","Fernando","","","Brésil","Attaquant","","Fernando","Fernando","Fernando","257166","./assoc/257166_UKR.svg","./logo/52707.png","UEFA","UKR","52707","FAME","Shakhtar","","https://img.uefa.com/imgml/TP/teams/logos/70x70/52707.png","https://img.uefa.com/imgml/TP/teams/logos/240x240/52707.png","252707","SHK","DOMESTIC_MEN_TEAM_A","","DOMESTIC","Ukraine","Shakhtar","FC Shakhtar Donetsk","SHK","350","MINUTE","5","2","0","34.81","KILOMETER","35","KILOMETER_PER_HOUR"
"250040521","50051","34","1991-07-01","21","Lucas V.","ESP","STRIKER","DEFENDER","MALE","173","./image/250040521.jpg","Lucas Vázquez","MIDFIELDER","19","Lucas V.","122","70","Espagne","Défenseur","","Lucas Vázquez","Lucas Vázquez","Lucas Vázquez","200122","./assoc/200122_ESP.svg","./logo/50051.png","UEFA","ESP","50051","FAME","Real Madrid","","https://img.uefa.com/imgml/TP/teams/logos/70x70/50051.png","https://img.uefa.com/imgml/TP/teams/logos/240x240/50051.png","250051","RMA","DOMESTIC_MEN_TEAM_A","","DOMESTIC","Espagne","Real Madrid","Real Madrid C.F.","RMA","349","MINUTE","8","0","1","47.51","KILOMETER","32.1","KILOMETER_PER_HOUR"
"95417","50064","42","1983-02-26","3","De Lima Ferreira","POR","CENTRE_BACK","DEFENDER","MALE","188","./image/95417.jpg","Pepe","DEFENDER","3","Pepe","110","81","Portugal","Défenseur","","Pepe","Pepe","Pepe","200110","./assoc/200110_POR.svg","./logo/50064.png","UEFA","POR","50064","FAME","Porto","","https://img.uefa.com/imgml/TP/teams/logos/70x70/50064.png","https://img.uefa.com/imgml/TP/teams/logos/240x240/50064.png","250064","POR","DOMESTIC_MEN_TEAM_A","","DOMESTIC","Portugal","Porto","FC Porto","POR","349","MINUTE","5","0","0","39.78","KILOMETER","32.6","KILOMETER_PER_HOUR"
"101299","52919","40","1985-05-04","25","Fernandinho","BRA","","MIDFIELDER","MALE","176","./image/101299.jpg","Fernandinho","MIDFIELDER","5","Fernandinho","18","67","Brésil","Milieu","","Fernandinho","Fernandinho","Fernandinho","200039","./assoc/200039_ENG.svg","./logo/52919.png","UEFA","ENG","52919","FAME","Man City","","https://img.uefa.com/imgml/TP/teams/logos/70x70/52919.png","https://img.uefa.com/imgml/TP/teams/logos/240x240/52919.png","252919","MCI","DOMESTIC_MEN_TEAM_A","","DOMESTIC","Angleterre","Man City","Manchester City","MCI","347","MINUTE","8","0","2","44.27","KILOMETER","30.5","KILOMETER_PER_HOUR"
"106375","50124","38","1987-01-24","9","SUÁREZ","URU","UNKNOWN","FORWARD","MALE","181","./image/106375.jpg","Luis Suárez","FORWARD","9","Suárez","138","85","Uruguay","Attaquant","","Luis Suárez","Luis Suárez","Luis Suárez","200122","./assoc/200122_ESP.svg","./logo/50124.png","UEFA","ESP","50124","FAME","Atleti","","https://img.uefa.com/imgml/TP/teams/logos/70x70/50124.png","https://img.uefa.com/imgml/TP/teams/logos/240x240/50124.png","250124","ATM","DOMESTIC_MEN_TEAM_A","","DOMESTIC","Espagne","Atleti","Atlético de Madrid","ATM","347","MINUTE","7","1","0","38.66","KILOMETER","29.7","KILOMETER_PER_HOUR"
"250015808","52682","32","1993-03-15","8","POGBA","FRA","CENTRAL_MIDFIELDER","MIDFIELDER","MALE","191","./image/250015808.jpg","Paul Pogba","MIDFIELDER","6","Pogba","43","84","France","Milieu","Paul","Pogba","Paul Pogba","Pogba","200039","./assoc/200039_ENG.svg","./logo/52682.png","UEFA","ENG","52682","FAME","Man Utd","","https://img.uefa.com/imgml/TP/teams/logos/70x70/52682.png","https://img.uefa.com/imgml/TP/teams/logos/240x240/52682.png","252682","MUN","DOMESTIC_MEN_TEAM_A","","DOMESTIC","Angleterre","Man Utd","Manchester United","MUN","347","MINUTE","6","0","0","30.95","KILOMETER","30","KILOMETER_PER_HOUR"
"250122187","50031","28","1997-08-28","5","Camara","GUI","CENTRE_BACK","DEFENDER","MALE","","./image/250122187.jpg","Mohamed Ali Camara","DEFENDER","","CAMARA","52","","Guinée","Défenseur","Mohamed Ali","Camara","Mohamed Ali Camara","Camara","200128","./assoc/200128_SUI.svg","./logo/50031.png","UEFA","SUI","50031","FAME","Young Boys","","https://img.uefa.com/imgml/TP/teams/logos/70x70/50031.png","https://img.uefa.com/imgml/TP/teams/logos/240x240/50031.png","250031","YB","DOMESTIC_MEN_TEAM_A","","DOMESTIC","Suisse","Young Boys","BSC Young Boys","YB","347","MINUTE","4","0","0","30.46","KILOMETER","31.5","KILOMETER_PER_HOUR"
"250101696","50030","25","2000-05-24","17","OKAFOR","SUI","WINGER","FORWARD","MALE","","./image/250101696.jpg","Noah Okafor","FORWARD","9","Okafor","128","","Suisse","Attaquant","Noah","Okafor","Noah Okafor","Okafor","200008","./assoc/200008_AUT.svg","./logo/50030.png","UEFA","AUT","50030","FAME","Salzburg","","https://img.uefa.com/imgml/TP/teams/logos/70x70/50030.png","https://img.uefa.com/imgml/TP/teams/logos/240x240/50030.png","250030","SAL","DOMESTIC_MEN_TEAM_A","","DOMESTIC","Autriche","Salzburg","FC Salzburg","SAL","345","MINUTE","6","3","0","40.03","KILOMETER","34.9","KILOMETER_PER_HOUR"
"250039725","50157","33","1992-05-09","18","GHEZZAL","ALG","WINGER","FORWARD","MALE","182","./image/250039725.jpg","Rachid Ghezzal","MIDFIELDER","","GHEZZAL","","65","Algérie","Attaquant","Rachid","Ghezzal","Rachid Ghezzal","Ghezzal","200135","./assoc/200135_TUR.svg","./logo/50157.png","UEFA","TUR","50157","FAME","Beşiktaş","","https://img.uefa.com/imgml/TP/teams/logos/70x70/50157.png","https://img.uefa.com/imgml/TP/teams/logos/240x240/50157.png","250157","BES","DOMESTIC_MEN_TEAM_A","","DOMESTIC","Turquie","Beşiktaş","Beşiktaş JK","BES","345","MINUTE","5","1","0","38.28","KILOMETER","30.8","KILOMETER_PER_HOUR"
"250042779","50080","30","1995-06-17","15","LENGLET","FRA","UNKNOWN","DEFENDER","MALE","186","./image/250042779.jpg","Clément Lenglet","DEFENDER","5","Lenglet","43","81","France","Défenseur","Clément","Lenglet","Clément Lenglet","Lenglet","200122","./assoc/200122_ESP.svg","./logo/50080.png","UEFA","ESP","50080","FAME","Barcelona","","https://img.uefa.com/imgml/TP/teams/logos/70x70/50080.png","https://img.uefa.com/imgml/TP/teams/logos/240x240/50080.png","250080","BAR","DOMESTIC_MEN_TEAM_A","","DOMESTIC","Espagne","Barcelona","FC Barcelona","BAR","345","MINUTE","4","0","0","40.39","KILOMETER","30.4","KILOMETER_PER_HOUR"
"250076631","7889","29","1996-05-12","12","Tsimikas","GRE","FULL_BACK","DEFENDER","MALE","178","./image/250076631.jpg","Kostas Tsimikas","DEFENDER","21","TSIMIKAS","49","77","Grèce","Défenseur","Kostas","Tsimikas","Kostas Tsimikas","Tsimikas","200039","./assoc/200039_ENG.svg","./logo/7889.png","UEFA","ENG","7889","FAME","Liverpool","","https://img.uefa.com/imgml/TP/teams/logos/70x70/7889.png","https://img.uefa.com/imgml/TP/teams/logos/240x240/7889.png","207889","LIV","DOMESTIC_MEN_TEAM_A","","DOMESTIC","Angleterre","Liverpool","Liverpool FC","LIV","344","MINUTE","5","0","2","42.68","KILOMETER","33.4","KILOMETER_PER_HOUR"
"103893","50147","36","1989-05-24","49","TAARABT","MAR","WINGER","MIDFIELDER","MALE","180","./image/103893.jpg","Adel Taarabt","MIDFIELDER","","Taarabt","200043","69","Maroc","Milieu","Adel","Taarabt","Adel Taarabt","Taarabt","200110","./assoc/200110_POR.svg","./logo/50147.png","UEFA","POR","50147","FAME","Benfica","","https://img.uefa.com/imgml/TP/teams/logos/70x70/50147.png","https://img.uefa.com/imgml/TP/teams/logos/240x240/50147.png","250147","BEN","DOMESTIC_MEN_TEAM_A","","DOMESTIC","Portugal","Benfica","SL Benfica","BEN","343","MINUTE","9","0","0","45.24","KILOMETER","32.4","KILOMETER_PER_HOUR"
"250144964","52707","27","1998-04-13","10","Pedrinho","BRA","WINGER","MIDFIELDER","MALE","","./image/250144964.jpg","Pedrinho","FORWARD","","Pedrinho","","","Brésil","Milieu","","Pedrinho","Pedrinho","Pedrinho","257166","./assoc/257166_UKR.svg","./logo/52707.png","UEFA","UKR","52707","FAME","Shakhtar","","https://img.uefa.com/imgml/TP/teams/logos/70x70/52707.png","https://img.uefa.com/imgml/TP/teams/logos/240x240/52707.png","252707","SHK","DOMESTIC_MEN_TEAM_A","","DOMESTIC","Ukraine","Shakhtar","FC Shakhtar Donetsk","SHK","343","MINUTE","4","0","0","40.88","KILOMETER","32.3","KILOMETER_PER_HOUR"
"250088770","50031","29","1996-04-26","45","Siebatcheu","USA","STRIKER","FORWARD","MALE","","./image/250088770.jpg","Jordan Siebatcheu","FORWARD","","Pefok","140","","Etats-Unis","Attaquant","Jordan","Siebatcheu","Jordan Siebatcheu","Siebatcheu","200128","./assoc/200128_SUI.svg","./logo/50031.png","UEFA","SUI","50031","FAME","Young Boys","","https://img.uefa.com/imgml/TP/teams/logos/70x70/50031.png","https://img.uefa.com/imgml/TP/teams/logos/240x240/50031.png","250031","YB","DOMESTIC_MEN_TEAM_A","","DOMESTIC","Suisse","Young Boys","BSC Young Boys","YB","341","MINUTE","6","2","0","35.6","KILOMETER","30.6","KILOMETER_PER_HOUR"
"250138311","64332","23","2002-10-04","40","VRANCKX","BEL","UNKNOWN","MIDFIELDER","MALE","","./image/250138311.jpg","Aster Vranckx","MIDFIELDER","6","Vranckx","13","","Belgique","Milieu","Aster","Vranckx","Aster Vranckx","Vranckx","200047","./assoc/200047_GER.svg","./logo/64332.png","UEFA","GER","64332","FAME","Wolfsburg","","https://img.uefa.com/imgml/TP/teams/logos/70x70/64332.png","https://img.uefa.com/imgml/TP/teams/logos/240x240/64332.png","264332","WOB","DOMESTIC_MEN_TEAM_A","","DOMESTIC","Allemagne","Wolfsburg","VfL Wolfsburg","WOL","337","MINUTE","4","0","0","41.48","KILOMETER","30.7","KILOMETER_PER_HOUR"
"250090398","50139","27","1997-10-25","14","Chiesa","ITA","ATTACKING_MIDFIELDER","FORWARD","MALE","","./image/250090398.jpg","Federico Chiesa","FORWARD","14","Chiesa","66","","Italie","Attaquant","Federico","Chiesa","Federico Chiesa","Chiesa","200066","./assoc/200066_ITA.svg","./logo/50139.png","UEFA","ITA","50139","FAME","Juventus","","https://img.uefa.com/imgml/TP/teams/logos/70x70/50139.png","https://img.uefa.com/imgml/TP/teams/logos/240x240/50139.png","250139","JUV","DOMESTIC_MEN_TEAM_A","","DOMESTIC","Italie","Juventus","Juventus","JUV","336","MINUTE","4","2","0","37.55","KILOMETER","35.71","KILOMETER_PER_HOUR"
"250127284","2603790","23","2002-01-23","24","Gvardiol","CRO","CENTRE_BACK","DEFENDER","MALE","","./image/250127284.jpg","Joško Gvardiol","DEFENDER","4","Gvardiol","56370","","Croatie","Défenseur","Joško","Gvardiol","Joško Gvardiol","Gvardiol","200047","./assoc/200047_GER.svg","./logo/2603790.png","UEFA","GER","2603790","FAME","Leipzig","","https://img.uefa.com/imgml/TP/teams/logos/70x70/2603790.png","https://img.uefa.com/imgml/TP/teams/logos/240x240/2603790.png","250002563","RBL","DOMESTIC_MEN_TEAM_A","","DOMESTIC","Allemagne","Leipzig","RB Leipzig","RBL","334","MINUTE","6","0","0","41.49","KILOMETER","34.3","KILOMETER_PER_HOUR"
"250117809","50058","25","2000-05-08","8","Tonali","ITA","DEFENSIVE_MIDFIELDER","MIDFIELDER","MALE","","./image/250117809.jpg","Sandro Tonali","MIDFIELDER","8","Tonali","66","","Italie","Milieu","Sandro","Tonali","Sandro Tonali","Tonali","200066","./assoc/200066_ITA.svg","./logo/50058.png","UEFA","ITA","50058","FAME","Milan","","https://img.uefa.com/imgml/TP/teams/logos/70x70/50058.png","https://img.uefa.com/imgml/TP/teams/logos/240x240/50058.png","250058","MIL","DOMESTIC_MEN_TEAM_A","","DOMESTIC","Italie","Milan","AC Milan","MIL","333","MINUTE","6","0","0","44.39","KILOMETER","33.8","KILOMETER_PER_HOUR"
"69173","52714","39","1985-11-21","16","J. Navas","ESP","FULL_BACK","FORWARD","MALE","170","./image/69173.jpg","Jesús Navas","FORWARD","22","J. Navas","122","60","Espagne","Attaquant","","Jesús Navas","Jesús Navas","Jesús Navas","200122","./assoc/200122_ESP.svg","./logo/52714.png","UEFA","ESP","52714","FAME","Sevilla","","https://img.uefa.com/imgml/TP/teams/logos/70x70/52714.png","https://img.uefa.com/imgml/TP/teams/logos/240x240/52714.png","252714","SEV","DOMESTIC_MEN_TEAM_A","","DOMESTIC","Espagne","Sevilla","Sevilla FC","SEV","332","MINUTE","4","0","0","39.96","KILOMETER","32","KILOMETER_PER_HOUR"
"250042644","50043","30","1995-04-20","77","SOBOL","UKR","FULL_BACK","DEFENDER","MALE","186","./image/250042644.jpg","Eduard Sobol","DEFENDER","2","Sobol","57166","77","Ukraine","Défenseur","Eduard","Sobol","Eduard Sobol","Sobol","200013","./assoc/200013_BEL.svg","./logo/50043.png","UEFA","BEL","50043","FAME","Club Brugge","","https://img.uefa.com/imgml/TP/teams/logos/70x70/50043.png","https://img.uefa.com/imgml/TP/teams/logos/240x240/50043.png","250043","BRU","DOMESTIC_MEN_TEAM_A","","DOMESTIC","Belgique","Club Brugge","Club Brugge KV","BRU","331","MINUTE","4","0","1","39.14","KILOMETER","32.5","KILOMETER_PER_HOUR"
"250134385","64332","32","1993-01-28","25","BROOKS","USA","CENTRE_BACK","DEFENDER","MALE","","./image/250134385.jpg","John Brooks","DEFENDER","6","Brooks","140","","Etats-Unis","Défenseur","John","Brooks","John Brooks","Brooks","200047","./assoc/200047_GER.svg","./logo/64332.png","UEFA","GER","64332","FAME","Wolfsburg","","https://img.uefa.com/imgml/TP/teams/logos/70x70/64332.png","https://img.uefa.com/imgml/TP/teams/logos/240x240/64332.png","264332","WOB","DOMESTIC_MEN_TEAM_A","","DOMESTIC","Allemagne","Wolfsburg","VfL Wolfsburg","WOL","331","MINUTE","4","0","0","36.3","KILOMETER","32.71","KILOMETER_PER_HOUR"
"250043186","70691","33","1991-10-17","14","Trigueros","ESP","CENTRAL_MIDFIELDER","MIDFIELDER","MALE","178","./image/250043186.jpg","Manu Trigueros","MIDFIELDER","","M. Trigueros","122","71","Espagne","Milieu","Manu","Trigueros","Manu Trigueros","Trigueros","200122","./assoc/200122_ESP.svg","./logo/70691.png","UEFA","ESP","70691","FAME","Villarreal","","https://img.uefa.com/imgml/TP/teams/logos/70x70/70691.png","https://img.uefa.com/imgml/TP/teams/logos/240x240/70691.png","270691","VIL","DOMESTIC_MEN_TEAM_A","","DOMESTIC","Espagne","Villarreal","Villarreal CF","VIL","330","MINUTE","9","1","0","42.89","KILOMETER","28.5","KILOMETER_PER_HOUR"
"250143328","50149","27","1998-06-28","8","Pedro G.","POR","UNKNOWN","MIDFIELDER","MALE","","./image/250143328.jpg","Pedro Gonçalves","MIDFIELDER","17","PEDRO G.","110","","Portugal","Milieu","","Pedro Gonçalves","Pedro Gonçalves","Pedro Gonçalves","200110","./assoc/200110_POR.svg","./logo/50149.png","UEFA","POR","50149","FAME","Sporting CP","","https://img.uefa.com/imgml/TP/teams/logos/70x70/50149.png","https://img.uefa.com/imgml/TP/teams/logos/240x240/50149.png","250149","SPO","DOMESTIC_MEN_TEAM_A","","DOMESTIC","Portugal","Sporting CP","Sporting Clube de Portugal","SPO","329","MINUTE","5","4","2","41.31","KILOMETER","32.5","KILOMETER_PER_HOUR"
"250046574","64332","30","1995-04-19","43","Mbabu","SUI","FULL_BACK","DEFENDER","MALE","184","./image/250046574.jpg","Kevin Mbabu","DEFENDER","2","Mbabu","128","80","Suisse","Défenseur","Kevin","Mbabu","Kevin Mbabu","Mbabu","200047","./assoc/200047_GER.svg","./logo/64332.png","UEFA","GER","64332","FAME","Wolfsburg","","https://img.uefa.com/imgml/TP/teams/logos/70x70/64332.png","https://img.uefa.com/imgml/TP/teams/logos/240x240/64332.png","264332","WOB","DOMESTIC_MEN_TEAM_A","","DOMESTIC","Allemagne","Wolfsburg","VfL Wolfsburg","WOL","328","MINUTE","6","0","0","38.63","KILOMETER","33","KILOMETER_PER_HOUR"
"250117377","50030","25","2000-02-07","22","Solet","FRA","CENTRE_BACK","DEFENDER","MALE","","./image/250117377.jpg","Oumar Solet","DEFENDER","4","Solet","300043","","France","Défenseur","Oumar","Solet","Oumar Solet","Solet","200008","./assoc/200008_AUT.svg","./logo/50030.png","UEFA","AUT","50030","FAME","Salzburg","","https://img.uefa.com/imgml/TP/teams/logos/70x70/50030.png","https://img.uefa.com/imgml/TP/teams/logos/240x240/50030.png","250030","SAL","DOMESTIC_MEN_TEAM_A","","DOMESTIC","Autriche","Salzburg","FC Salzburg","SAL","328","MINUTE","5","0","0","38.85","KILOMETER","32.5","KILOMETER_PER_HOUR"
"250006516","50152","35","1990-06-08","10","Christiansen","DEN","DEFENSIVE_MIDFIELDER","MIDFIELDER","MALE","174","./image/250006516.jpg","Anders Christiansen","MIDFIELDER","25","Christiansen","35","","Danemark","Milieu","Anders","Christiansen","Anders Christiansen","Christiansen","200127","./assoc/200127_SWE.svg","./logo/50152.png","UEFA","SWE","50152","FAME","Malmö","","https://img.uefa.com/imgml/TP/teams/logos/70x70/50152.png","https://img.uefa.com/imgml/TP/teams/logos/240x240/50152.png","250152","MAL","DOMESTIC_MEN_TEAM_A","","DOMESTIC","Suède","Malmö","Malmö FF","MAL","328","MINUTE","4","0","0","41.94","KILOMETER","27.9","KILOMETER_PER_HOUR"
"250086646","52714","31","1994-07-06","8","Jordán","ESP","CENTRAL_MIDFIELDER","MIDFIELDER","MALE","184","./image/250086646.jpg","Joan Jordán","MIDFIELDER","","Jordán","","74","Espagne","Milieu","Joan","Jordán","Joan Jordán","Jordán","200122","./assoc/200122_ESP.svg","./logo/52714.png","UEFA","ESP","52714","FAME","Sevilla","","https://img.uefa.com/imgml/TP/teams/logos/70x70/52714.png","https://img.uefa.com/imgml/TP/teams/logos/240x240/52714.png","252714","SEV","DOMESTIC_MEN_TEAM_A","","DOMESTIC","Espagne","Sevilla","Sevilla FC","SEV","327","MINUTE","6","1","0","43.32","KILOMETER","29.1","KILOMETER_PER_HOUR"
"250014680","52747","36","1989-08-14","21","Ander Herrera","ESP","CENTRAL_MIDFIELDER","MIDFIELDER","MALE","182","./image/250014680.jpg","Ander Herrera","MIDFIELDER","12","Ander Herrera","122","70","Espagne","Milieu","Ander","Herrera","Ander Herrera","Herrera","200043","./assoc/200043_FRA.svg","./logo/52747.png","UEFA","FRA","52747","FAME","Paris","","https://img.uefa.com/imgml/TP/teams/logos/70x70/52747.png","https://img.uefa.com/imgml/TP/teams/logos/240x240/52747.png","252747","PSG","DOMESTIC_MEN_TEAM_A","","DOMESTIC","France","Paris","Paris Saint-Germain","PSG","326","MINUTE","6","1","0","44.27","KILOMETER","30.6","KILOMETER_PER_HOUR"
"1902207","52723","35","1990-04-19","19","Garmash","UKR","CENTRAL_MIDFIELDER","MIDFIELDER","MALE","186","./image/1902207.jpg","Denys Garmash","MIDFIELDER","19","Garmash","57166","72","Ukraine","Milieu","Denys","Garmash","Denys Garmash","Garmash","257166","./assoc/257166_UKR.svg","./logo/52723.png","UEFA","UKR","52723","FAME","Dynamo Kyiv","","https://img.uefa.com/imgml/TP/teams/logos/70x70/52723.png","https://img.uefa.com/imgml/TP/teams/logos/240x240/52723.png","252723","DKY","DOMESTIC_MEN_TEAM_A","","DOMESTIC","Ukraine","Dynamo Kyiv","FC Dynamo Kyiv","DKY","325","MINUTE","6","1","0","42.68","KILOMETER","31","KILOMETER_PER_HOUR"
"250027008","52919","30","1995-02-18","6","Aké","NED","UNKNOWN","DEFENDER","MALE","180","./image/250027008.jpg","Nathan Aké","DEFENDER","5","Ake","95","75","Pays-Bas","Défenseur","Nathan","Aké","Nathan Aké","Aké","200039","./assoc/200039_ENG.svg","./logo/52919.png","UEFA","ENG","52919","FAME","Man City","","https://img.uefa.com/imgml/TP/teams/logos/70x70/52919.png","https://img.uefa.com/imgml/TP/teams/logos/240x240/52919.png","252919","MCI","DOMESTIC_MEN_TEAM_A","","DOMESTIC","Angleterre","Man City","Manchester City","MCI","324","MINUTE","6","1","0","36.89","KILOMETER","32.6","KILOMETER_PER_HOUR"
"250080619","7889","34","1991-10-02","9","Firmino","BRA","STRIKER","FORWARD","MALE","","./image/250080619.jpg","Roberto Firmino","FORWARD","","Roberto Firmino","18","","Brésil","Attaquant","Roberto","Firmino","Roberto Firmino","Firmino","200039","./assoc/200039_ENG.svg","./logo/7889.png","UEFA","ENG","7889","FAME","Liverpool","","https://img.uefa.com/imgml/TP/teams/logos/70x70/7889.png","https://img.uefa.com/imgml/TP/teams/logos/240x240/7889.png","207889","LIV","DOMESTIC_MEN_TEAM_A","","DOMESTIC","Angleterre","Liverpool","Liverpool FC","LIV","323","MINUTE","7","5","0","42.99","KILOMETER","32.21","KILOMETER_PER_HOUR"
"250079525","64332","26","1998-12-14","10","L. Nmecha","GER","STRIKER","FORWARD","MALE","","./image/250079525.jpg","Lukas Nmecha","FORWARD","11","Nmecha","47","","Allemagne","Attaquant","Lukas","Nmecha","Lukas Nmecha","L. Nmecha","200047","./assoc/200047_GER.svg","./logo/64332.png","UEFA","GER","64332","FAME","Wolfsburg","","https://img.uefa.com/imgml/TP/teams/logos/70x70/64332.png","https://img.uefa.com/imgml/TP/teams/logos/240x240/64332.png","264332","WOB","DOMESTIC_MEN_TEAM_A","","DOMESTIC","Allemagne","Wolfsburg","VfL Wolfsburg","WOL","322","MINUTE","5","2","0","41.96","KILOMETER","34.4","KILOMETER_PER_HOUR"
"250091808","52707","26","1999-07-24","6","Solomon","ISR","WINGER","MIDFIELDER","MALE","","./image/250091808.jpg","Manor Solomon","MIDFIELDER","10","Solomon","65","","Israël","Milieu","Manor","Solomon","Manor Solomon","Solomon","257166","./assoc/257166_UKR.svg","./logo/52707.png","UEFA","UKR","52707","FAME","Shakhtar","","https://img.uefa.com/imgml/TP/teams/logos/70x70/52707.png","https://img.uefa.com/imgml/TP/teams/logos/240x240/52707.png","252707","SHK","DOMESTIC_MEN_TEAM_A","","DOMESTIC","Ukraine","Shakhtar","FC Shakhtar Donetsk","SHK","322","MINUTE","5","0","0","42.28","KILOMETER","33.1","KILOMETER_PER_HOUR"
"250036022","52714","37","1988-02-15","24","Papu Gómez","ARG","ATTACKING_MIDFIELDER","FORWARD","MALE","","./image/250036022.jpg","Alejandro Gómez","MIDFIELDER","17","Gómez","6","","Argentine","Attaquant","Alejandro","Gómez","Alejandro Gómez","Gómez","200122","./assoc/200122_ESP.svg","./logo/52714.png","UEFA","ESP","52714","FAME","Sevilla","","https://img.uefa.com/imgml/TP/teams/logos/70x70/52714.png","https://img.uefa.com/imgml/TP/teams/logos/240x240/52714.png","252714","SEV","DOMESTIC_MEN_TEAM_A","","DOMESTIC","Espagne","Sevilla","Sevilla FC","SEV","322","MINUTE","5","0","0","36.74","KILOMETER","30.9","KILOMETER_PER_HOUR"
"250097791","50058","28","1996-12-19","19","Kessie","CIV","CENTRAL_MIDFIELDER","MIDFIELDER","MALE","","./image/250097791.jpg","Franck Kessie","MIDFIELDER","","Kessié","67","","Côte d'Ivoire","Milieu","Franck","Kessie","Franck Kessie","Kessie","200066","./assoc/200066_ITA.svg","./logo/50058.png","UEFA","ITA","50058","FAME","Milan","","https://img.uefa.com/imgml/TP/teams/logos/70x70/50058.png","https://img.uefa.com/imgml/TP/teams/logos/240x240/50058.png","250058","MIL","DOMESTIC_MEN_TEAM_A","","DOMESTIC","Italie","Milan","AC Milan","MIL","321","MINUTE","5","0","1","41.22","KILOMETER","30.1","KILOMETER_PER_HOUR"
"250010802","52914","32","1993-05-13","90","Lukaku Bolingoli","BEL","STRIKER","FORWARD","MALE","190","./image/250010802.jpg","Romelu Lukaku","FORWARD","10","Lukaku","13","93","Belgique","Attaquant","Romelu","Lukaku","Romelu Lukaku","Lukaku","200039","./assoc/200039_ENG.svg","./logo/52914.png","UEFA","ENG","52914","FAME","Chelsea","","https://img.uefa.com/imgml/TP/teams/logos/70x70/52914.png","https://img.uefa.com/imgml/TP/teams/logos/240x240/52914.png","252914","CHE","DOMESTIC_MEN_TEAM_A","","DOMESTIC","Angleterre","Chelsea","Chelsea FC","CHE","320","MINUTE","6","2","0","31.53","KILOMETER","32.6","KILOMETER_PER_HOUR"
"250055207","50064","29","1996-04-13","4","Grujić","SRB","UNKNOWN","MIDFIELDER","MALE","","./image/250055207.jpg","Marko Grujić","MIDFIELDER","20","Grujić","147","","Serbie","Milieu","Marko","Grujić","Marko Grujić","Grujić","200110","./assoc/200110_POR.svg","./logo/50064.png","UEFA","POR","50064","FAME","Porto","","https://img.uefa.com/imgml/TP/teams/logos/70x70/50064.png","https://img.uefa.com/imgml/TP/teams/logos/240x240/50064.png","250064","POR","DOMESTIC_MEN_TEAM_A","","DOMESTIC","Portugal","Porto","FC Porto","POR","320","MINUTE","6","0","1","40.85","KILOMETER","30.7","KILOMETER_PER_HOUR"
"250075844","52747","31","1994-06-29","16","Paredes","ARG","DEFENSIVE_MIDFIELDER","MIDFIELDER","MALE","180","./image/250075844.jpg","Leandro Paredes","MIDFIELDER","5","Paredes","6","75","Argentine","Milieu","Leandro","Paredes","Leandro Paredes","Paredes","200043","./assoc/200043_FRA.svg","./logo/52747.png","UEFA","FRA","52747","FAME","Paris","","https://img.uefa.com/imgml/TP/teams/logos/70x70/52747.png","https://img.uefa.com/imgml/TP/teams/logos/240x240/52747.png","252747","PSG","DOMESTIC_MEN_TEAM_A","","DOMESTIC","France","Paris","Paris Saint-Germain","PSG","315","MINUTE","5","0","0","36.86","KILOMETER","30.6","KILOMETER_PER_HOUR"
"250058044","50058","28","1996-12-06","2","CALABRIA","ITA","FULL_BACK","DEFENDER","MALE","","./image/250058044.jpg","Davide Calabria","DEFENDER","6","Calabria","66","","Italie","Défenseur","Davide","Calabria","Davide Calabria","Calabria","200066","./assoc/200066_ITA.svg","./logo/50058.png","UEFA","ITA","50058","FAME","Milan","","https://img.uefa.com/imgml/TP/teams/logos/70x70/50058.png","https://img.uefa.com/imgml/TP/teams/logos/240x240/50058.png","250058","MIL","DOMESTIC_MEN_TEAM_A","","DOMESTIC","Italie","Milan","AC Milan","MIL","315","MINUTE","4","0","0","38.51","KILOMETER","32.6","KILOMETER_PER_HOUR"
"250051754","2603790","32","1992-11-03","4","Orbán","HUN","CENTRE_BACK","DEFENDER","MALE","","./image/250051754.jpg","Willi Orbán","DEFENDER","6","Orbán","57","","Hongrie","Défenseur","Willi","Orbán","Willi Orbán","Orbán","200047","./assoc/200047_GER.svg","./logo/2603790.png","UEFA","GER","2603790","FAME","Leipzig","","https://img.uefa.com/imgml/TP/teams/logos/70x70/2603790.png","https://img.uefa.com/imgml/TP/teams/logos/240x240/2603790.png","250002563","RBL","DOMESTIC_MEN_TEAM_A","","DOMESTIC","Allemagne","Leipzig","RB Leipzig","RBL","315","MINUTE","4","0","0","35.6","KILOMETER","30.4","KILOMETER_PER_HOUR"
"97219","52826","36","1989-07-05","6","Lovren","CRO","CENTRE_BACK","DEFENDER","MALE","188","./image/97219.jpg","Dejan Lovren","DEFENDER","6","Lovren","56370","84","Croatie","Défenseur","Dejan","Lovren","Dejan Lovren","Lovren","257451","./assoc/257451_RUS.svg","./logo/52826.png","UEFA","RUS","52826","FAME","Zenit","","https://img.uefa.com/imgml/TP/teams/logos/70x70/52826.png","https://img.uefa.com/imgml/TP/teams/logos/240x240/52826.png","252826","ZEN","DOMESTIC_MEN_TEAM_A","","DOMESTIC","Russie","Zenit","FC Zenit","ZEN","315","MINUTE","4","0","0","34.66","KILOMETER","31.7","KILOMETER_PER_HOUR"
"105069","50152","39","1986-09-08","27","Dahlin","SWE","GOALKEEPER","GOALKEEPER","MALE","191","./image/105069.jpg","Johan Dahlin","GOALKEEPER","23","Dahlin","127","90","Suède","Gardien","Johan","Dahlin","Johan Dahlin","Dahlin","200127","./assoc/200127_SWE.svg","./logo/50152.png","UEFA","SWE","50152","FAME","Malmö","","https://img.uefa.com/imgml/TP/teams/logos/70x70/50152.png","https://img.uefa.com/imgml/TP/teams/logos/240x240/50152.png","250152","MAL","DOMESTIC_MEN_TEAM_A","","DOMESTIC","Suède","Malmö","Malmö FF","MAL","315","MINUTE","4","0","0","14.21","KILOMETER","24.6","KILOMETER_PER_HOUR"
"250145251","50064","26","1999-10-06","30","Barbosa","BRA","UNKNOWN","FORWARD","MALE","","./image/250145251.jpg","Evanilson","FORWARD","","Evanilson","","","Brésil","Attaquant","","Evanilson","Evanilson","Evanilson","200110","./assoc/200110_POR.svg","./logo/50064.png","UEFA","POR","50064","FAME","Porto","","https://img.uefa.com/imgml/TP/teams/logos/70x70/50064.png","https://img.uefa.com/imgml/TP/teams/logos/240x240/50064.png","250064","POR","DOMESTIC_MEN_TEAM_A","","DOMESTIC","Portugal","Porto","FC Porto","POR","313","MINUTE","4","0","0","34.91","KILOMETER","31.6","KILOMETER_PER_HOUR"
"250142257","50157","36","1989-04-10","23","W.Souza","BRA","UNKNOWN","DEFENDER","MALE","","./image/250142257.jpg","Welinton","DEFENDER","","W.Souza","","","Brésil","Défenseur","","Welinton","Welinton","Welinton","200135","./assoc/200135_TUR.svg","./logo/50157.png","UEFA","TUR","50157","FAME","Beşiktaş","","https://img.uefa.com/imgml/TP/teams/logos/70x70/50157.png","https://img.uefa.com/imgml/TP/teams/logos/240x240/50157.png","250157","BES","DOMESTIC_MEN_TEAM_A","","DOMESTIC","Turquie","Beşiktaş","Beşiktaş JK","BES","313","MINUTE","4","0","0","33.03","KILOMETER","31.6","KILOMETER_PER_HOUR"
"250121287","69606","31","1994-05-26","7","B.FELIPE","BRA","UNKNOWN","FORWARD","MALE","","./image/250121287.jpg","Bruno","FORWARD","","BRUNO","","","Brésil","Attaquant","","Bruno","Bruno","Bruno","257160","./assoc/257160_MDA.svg","./logo/69606.png","UEFA","MDA","69606","FAME","Sheriff","","https://img.uefa.com/imgml/TP/teams/logos/70x70/69606.png","https://img.uefa.com/imgml/TP/teams/logos/240x240/69606.png","269606","SHE","DOMESTIC_MEN_TEAM_A","","DOMESTIC","Moldavie","Sheriff","FC Sheriff Tiraspol","SHE","312","MINUTE","6","0","0","38.55","KILOMETER","34.4","KILOMETER_PER_HOUR"
"250049798","70691","33","1992-07-05","18","Alberto M.","ESP","FULL_BACK","DEFENDER","MALE","171","./image/250049798.jpg","Alberto Moreno","DEFENDER","18","Alberto Moreno","122","","Espagne","Défenseur","Alberto","Moreno","Alberto Moreno","Moreno","200122","./assoc/200122_ESP.svg","./logo/70691.png","UEFA","ESP","70691","FAME","Villarreal","","https://img.uefa.com/imgml/TP/teams/logos/70x70/70691.png","https://img.uefa.com/imgml/TP/teams/logos/240x240/70691.png","270691","VIL","DOMESTIC_MEN_TEAM_A","","DOMESTIC","Espagne","Villarreal","Villarreal CF","VIL","309","MINUTE","7","1","0","41.67","KILOMETER","33.5","KILOMETER_PER_HOUR"
"250087521","50157","26","1999-01-14","3","MONTERO","ESP","UNKNOWN","DEFENDER","MALE","","./image/250087521.jpg","Francisco Montero","DEFENDER","3","Montero","200122","","Espagne","Défenseur","Francisco","Montero","Francisco Montero","Montero","200135","./assoc/200135_TUR.svg","./logo/50157.png","UEFA","TUR","50157","FAME","Beşiktaş","","https://img.uefa.com/imgml/TP/teams/logos/70x70/50157.png","https://img.uefa.com/imgml/TP/teams/logos/240x240/50157.png","250157","BES","DOMESTIC_MEN_TEAM_A","","DOMESTIC","Turquie","Beşiktaş","Beşiktaş JK","BES","306","MINUTE","4","1","0","34.62","KILOMETER","31.3","KILOMETER_PER_HOUR"
"1906421","50124","33","1992-01-10","2","Vrsaljko","CRO","FULL_BACK","DEFENDER","MALE","183","./image/1906421.jpg","Šime Vrsaljko","DEFENDER","2","Vrsaljko","56370","75","Croatie","Défenseur","Šime","Vrsaljko","Šime Vrsaljko","Vrsaljko","200122","./assoc/200122_ESP.svg","./logo/50124.png","UEFA","ESP","50124","FAME","Atleti","","https://img.uefa.com/imgml/TP/teams/logos/70x70/50124.png","https://img.uefa.com/imgml/TP/teams/logos/240x240/50124.png","250124","ATM","DOMESTIC_MEN_TEAM_A","","DOMESTIC","Espagne","Atleti","Atlético de Madrid","ATM","304","MINUTE","5","0","0","36.94","KILOMETER","30.5","KILOMETER_PER_HOUR"
"250116767","52682","24","2001-10-01","10","Greenwood","ENG","STRIKER","FORWARD","MALE","","./image/250116767.jpg","Mason Greenwood","FORWARD","9","Greenwood","39","","Angleterre","Attaquant","Mason","Greenwood","Mason Greenwood","Greenwood","200039","./assoc/200039_ENG.svg","./logo/52682.png","UEFA","ENG","52682","FAME","Man Utd","","https://img.uefa.com/imgml/TP/teams/logos/70x70/52682.png","https://img.uefa.com/imgml/TP/teams/logos/240x240/52682.png","252682","MUN","DOMESTIC_MEN_TEAM_A","","DOMESTIC","Angleterre","Man Utd","Manchester United","MUN","304","MINUTE","4","1","1","38.08","KILOMETER","31.8","KILOMETER_PER_HOUR"
"250061030","52826","30","1995-01-01","17","Azmoun","IRN","STRIKER","FORWARD","MALE","186","./image/250061030.jpg","Sardar Azmoun","FORWARD","20","Azmoun","61","79","Iran","Attaquant","Sardar","Azmoun","Sardar Azmoun","Azmoun","257451","./assoc/257451_RUS.svg","./logo/52826.png","UEFA","RUS","52826","FAME","Zenit","","https://img.uefa.com/imgml/TP/teams/logos/70x70/52826.png","https://img.uefa.com/imgml/TP/teams/logos/240x240/52826.png","252826","ZEN","DOMESTIC_MEN_TEAM_A","","DOMESTIC","Russie","Zenit","FC Zenit","ZEN","303","MINUTE","5","2","1","30.32","KILOMETER","34.6","KILOMETER_PER_HOUR"
"250043090","52816","32","1993-05-04","18","Malinovskyi","UKR","ATTACKING_MIDFIELDER","MIDFIELDER","MALE","181","./image/250043090.jpg","Ruslan Malinovskyi","MIDFIELDER","8","Malinovskyi","57166","79","Ukraine","Milieu","Ruslan","Malinovskyi","Ruslan Malinovskyi","Malinovskyi","200066","./assoc/200066_ITA.svg","./logo/52816.png","UEFA","ITA","52816","FAME","Atalanta","","https://img.uefa.com/imgml/TP/teams/logos/70x70/52816.png","https://img.uefa.com/imgml/TP/teams/logos/240x240/52816.png","252816","ATA","DOMESTIC_MEN_TEAM_A","","DOMESTIC","Italie","Atalanta","Atalanta BC","ATA","301","MINUTE","5","1","0","38.51","KILOMETER","31.5","KILOMETER_PER_HOUR"
"250003853","50064","33","1992-06-02","27","Sérgio","POR","CENTRAL_MIDFIELDER","MIDFIELDER","MALE","181","./image/250003853.jpg","Sérgio Oliveira","MIDFIELDER","24","Sérgio","110","72","Portugal","Milieu","","Sérgio Oliveira","Sérgio Oliveira","Sérgio Oliveira","200110","./assoc/200110_POR.svg","./logo/50064.png","UEFA","POR","50064","FAME","Porto","","https://img.uefa.com/imgml/TP/teams/logos/70x70/50064.png","https://img.uefa.com/imgml/TP/teams/logos/240x240/50064.png","250064","POR","DOMESTIC_MEN_TEAM_A","","DOMESTIC","Portugal","Porto","FC Porto","POR","300","MINUTE","6","1","0","39.71","KILOMETER","30.7","KILOMETER_PER_HOUR"
"250021048","7889","32","1993-08-15","15","CHAMBERLAIN","ENG","WINGER","MIDFIELDER","MALE","180","./image/250021048.jpg","Alex Oxlade-Chamberlain","MIDFIELDER","15","Chamberlain","39","70","Angleterre","Milieu","Alex","Oxlade-Chamberlain","Alex Oxlade-Chamberlain","Oxlade-Chamberlain","200039","./assoc/200039_ENG.svg","./logo/7889.png","UEFA","ENG","7889","FAME","Liverpool","","https://img.uefa.com/imgml/TP/teams/logos/70x70/7889.png","https://img.uefa.com/imgml/TP/teams/logos/240x240/7889.png","207889","LIV","DOMESTIC_MEN_TEAM_A","","DOMESTIC","Angleterre","Liverpool","Liverpool FC","LIV","300","MINUTE","6","0","1","38.6","KILOMETER","33.71","KILOMETER_PER_HOUR"
"250042589","52826","30","1995-05-20","15","Karavaev","RUS","FULL_BACK","DEFENDER","MALE","175","./image/250042589.jpg","Vyacheslav Karavaev","DEFENDER","4","Karavaev","57451","68","Russie","Défenseur","Vyacheslav","Karavaev","Vyacheslav Karavaev","Karavaev","257451","./assoc/257451_RUS.svg","./logo/52826.png","UEFA","RUS","52826","FAME","Zenit","","https://img.uefa.com/imgml/TP/teams/logos/70x70/52826.png","https://img.uefa.com/imgml/TP/teams/logos/240x240/52826.png","252826","ZEN","DOMESTIC_MEN_TEAM_A","","DOMESTIC","Russie","Zenit","FC Zenit","ZEN","299","MINUTE","4","0","1","38.29","KILOMETER","31.8","KILOMETER_PER_HOUR"
"250163383","50043","25","2000-01-09","19","Sowah","GHA","UNKNOWN","MIDFIELDER","MALE","","./image/250163383.jpg","Kamal Sowah","FORWARD","24","Sowah","48","","Ghana","Milieu","Kamal","Sowah","Kamal Sowah","Sowah","200013","./assoc/200013_BEL.svg","./logo/50043.png","UEFA","BEL","50043","FAME","Club Brugge","","https://img.uefa.com/imgml/TP/teams/logos/70x70/50043.png","https://img.uefa.com/imgml/TP/teams/logos/240x240/50043.png","250043","BRU","DOMESTIC_MEN_TEAM_A","","DOMESTIC","Belgique","Club Brugge","Club Brugge KV","BRU","298","MINUTE","5","0","0","38.35","KILOMETER","32.3","KILOMETER_PER_HOUR"
"250076648","75797","27","1998-05-02","11","J. Ikonè","FRA","ATTACKING_MIDFIELDER","FORWARD","MALE","175","./image/250076648.jpg","Jonathan Ikoné","MIDFIELDER","8","Ikone","43","70","France","Attaquant","Jonathan","Ikoné","Jonathan Ikoné","Ikoné","200043","./assoc/200043_FRA.svg","./logo/75797.png","UEFA","FRA","75797","FAME","Lille","","https://img.uefa.com/imgml/TP/teams/logos/70x70/75797.png","https://img.uefa.com/imgml/TP/teams/logos/240x240/75797.png","275797","LIL","DOMESTIC_MEN_TEAM_A","","DOMESTIC","France","Lille","LOSC Lille","LIL","297","MINUTE","5","1","2","35.27","KILOMETER","33.3","KILOMETER_PER_HOUR"
"250132434","2603790","25","2000-05-03","2","Simakan","FRA","UNKNOWN","DEFENDER","MALE","","./image/250132434.jpg","Mohamed Simakan","DEFENDER","2","SIMAKAN","200043","","France","Défenseur","Mohamed","Simakan","Mohamed Simakan","Simakan","200047","./assoc/200047_GER.svg","./logo/2603790.png","UEFA","GER","2603790","FAME","Leipzig","","https://img.uefa.com/imgml/TP/teams/logos/70x70/2603790.png","https://img.uefa.com/imgml/TP/teams/logos/240x240/2603790.png","250002563","RBL","DOMESTIC_MEN_TEAM_A","","DOMESTIC","Allemagne","Leipzig","RB Leipzig","RBL","297","MINUTE","4","0","0","32.02","KILOMETER","34.6","KILOMETER_PER_HOUR"
"250128270","50051","22","2002-11-10","6","CAMAVINGA","FRA","DEFENSIVE_MIDFIELDER","MIDFIELDER","MALE","","./image/250128270.jpg","Eduardo Camavinga","MIDFIELDER","6","Camavinga","43","","France","Milieu","Eduardo","Camavinga","Eduardo Camavinga","Camavinga","200122","./assoc/200122_ESP.svg","./logo/50051.png","UEFA","ESP","50051","FAME","Real Madrid","","https://img.uefa.com/imgml/TP/teams/logos/70x70/50051.png","https://img.uefa.com/imgml/TP/teams/logos/240x240/50051.png","250051","RMA","DOMESTIC_MEN_TEAM_A","","DOMESTIC","Espagne","Real Madrid","Real Madrid C.F.","RMA","296","MINUTE","10","0","1","40.34","KILOMETER","33.5","KILOMETER_PER_HOUR"
"250067658","64332","28","1997-09-24","11","Lukebakio","BEL","UNKNOWN","FORWARD","MALE","","./image/250067658.jpg","Dodi Lukébakio","FORWARD","14","Lukebakio","13","","Belgique","Attaquant","Dodi","Lukébakio","Dodi Lukébakio","Lukébakio","200047","./assoc/200047_GER.svg","./logo/64332.png","UEFA","GER","64332","FAME","Wolfsburg","","https://img.uefa.com/imgml/TP/teams/logos/70x70/64332.png","https://img.uefa.com/imgml/TP/teams/logos/240x240/64332.png","264332","WOB","DOMESTIC_MEN_TEAM_A","","DOMESTIC","Allemagne","Wolfsburg","VfL Wolfsburg","WOL","296","MINUTE","6","0","0","35.92","KILOMETER","32.9","KILOMETER_PER_HOUR"
"250089228","50058","26","1999-06-10","10","RAFA LEÃO","POR","STRIKER","FORWARD","MALE","","./image/250089228.jpg","Rafael Leão","FORWARD","17","RAFAEL LEÃO","110","","Portugal","Attaquant","","Rafael Leão","Rafael Leão","Rafael Leão","200066","./assoc/200066_ITA.svg","./logo/50058.png","UEFA","ITA","50058","FAME","Milan","","https://img.uefa.com/imgml/TP/teams/logos/70x70/50058.png","https://img.uefa.com/imgml/TP/teams/logos/240x240/50058.png","250058","MIL","DOMESTIC_MEN_TEAM_A","","DOMESTIC","Italie","Milan","AC Milan","MIL","294","MINUTE","4","1","1","32.4","KILOMETER","34.21","KILOMETER_PER_HOUR"
"250132797","52826","31","1994-01-10","19","Sutormin","RUS","UNKNOWN","MIDFIELDER","MALE","","./image/250132797.jpg","Aleksei Sutormin","MIDFIELDER","18","Sutormin","57451","","Russie","Milieu","Aleksei","Sutormin","Aleksei Sutormin","Sutormin","257451","./assoc/257451_RUS.svg","./logo/52826.png","UEFA","RUS","52826","FAME","Zenit","","https://img.uefa.com/imgml/TP/teams/logos/70x70/52826.png","https://img.uefa.com/imgml/TP/teams/logos/240x240/52826.png","252826","ZEN","DOMESTIC_MEN_TEAM_A","","DOMESTIC","Russie","Zenit","FC Zenit","ZEN","293","MINUTE","4","1","0","34.26","KILOMETER","30.9","KILOMETER_PER_HOUR"
"250067802","52682","32","1992-12-15","3","Alex Telles","BRA","FULL_BACK","DEFENDER","MALE","181","./image/250067802.jpg","Alex Telles","DEFENDER","16","Telles","18","71","Brésil","Défenseur","","Alex Telles","Alex Telles","Alex Telles","200039","./assoc/200039_ENG.svg","./logo/52682.png","UEFA","ENG","52682","FAME","Man Utd","","https://img.uefa.com/imgml/TP/teams/logos/70x70/52682.png","https://img.uefa.com/imgml/TP/teams/logos/240x240/52682.png","252682","MUN","DOMESTIC_MEN_TEAM_A","","DOMESTIC","Angleterre","Man Utd","Manchester United","MUN","293","MINUTE","4","1","0","33.55","KILOMETER","32.71","KILOMETER_PER_HOUR"
"250061597","50139","31","1994-02-16","10","Bernardeschi","ITA","WINGER","MIDFIELDER","MALE","183","./image/250061597.jpg","Federico Bernardeschi","MIDFIELDER","10","Bernardeschi","66","75","Italie","Milieu","Federico","Bernardeschi","Federico Bernardeschi","Bernardeschi","200066","./assoc/200066_ITA.svg","./logo/50139.png","UEFA","ITA","50139","FAME","Juventus","","https://img.uefa.com/imgml/TP/teams/logos/70x70/50139.png","https://img.uefa.com/imgml/TP/teams/logos/240x240/50139.png","250139","JUV","DOMESTIC_MEN_TEAM_A","","DOMESTIC","Italie","Juventus","Juventus","JUV","292","MINUTE","5","0","2","36.28","KILOMETER","31.3","KILOMETER_PER_HOUR"
"250116903","2603790","26","1999-02-14","14","Adams","USA","UNKNOWN","MIDFIELDER","MALE","","./image/250116903.jpg","Tyler Adams","MIDFIELDER","4","Adams","140","","Etats-Unis","Milieu","Tyler","Adams","Tyler Adams","Adams","200047","./assoc/200047_GER.svg","./logo/2603790.png","UEFA","GER","2603790","FAME","Leipzig","","https://img.uefa.com/imgml/TP/teams/logos/70x70/2603790.png","https://img.uefa.com/imgml/TP/teams/logos/240x240/2603790.png","250002563","RBL","DOMESTIC_MEN_TEAM_A","","DOMESTIC","Allemagne","Leipzig","RB Leipzig","RBL","292","MINUTE","5","0","0","38.89","KILOMETER","33.3","KILOMETER_PER_HOUR"
"250104090","52914","24","2000-11-07","7","Hudson-Odoi","ENG","UNKNOWN","FORWARD","MALE","","./image/250104090.jpg","Callum Hudson-Odoi","MIDFIELDER","10","Hudson-Odoi","39","","Angleterre","Attaquant","Callum","Hudson-Odoi","Callum Hudson-Odoi","Hudson-Odoi","200039","./assoc/200039_ENG.svg","./logo/52914.png","UEFA","ENG","52914","FAME","Chelsea","","https://img.uefa.com/imgml/TP/teams/logos/70x70/52914.png","https://img.uefa.com/imgml/TP/teams/logos/240x240/52914.png","252914","CHE","DOMESTIC_MEN_TEAM_A","","DOMESTIC","Angleterre","Chelsea","Chelsea FC","CHE","289","MINUTE","5","1","2","32.34","KILOMETER","32.21","KILOMETER_PER_HOUR"
"250118245","50064","34","1991-03-21","8","Uribe","COL","CENTRAL_MIDFIELDER","MIDFIELDER","MALE","","./image/250118245.jpg","Matheus Uribe","MIDFIELDER","","Matheus","29","","Colombie","Milieu","Matheus","Uribe","Matheus Uribe","Uribe","200110","./assoc/200110_POR.svg","./logo/50064.png","UEFA","POR","50064","FAME","Porto","","https://img.uefa.com/imgml/TP/teams/logos/70x70/50064.png","https://img.uefa.com/imgml/TP/teams/logos/240x240/50064.png","250064","POR","DOMESTIC_MEN_TEAM_A","","DOMESTIC","Portugal","Porto","FC Porto","POR","289","MINUTE","4","0","0","36.81","KILOMETER","31.9","KILOMETER_PER_HOUR"
"250024083","50139","32","1992-10-20","2","De Sciglio","ITA","FULL_BACK","DEFENDER","MALE","183","./image/250024083.jpg","Mattia De Sciglio","DEFENDER","2","De Sciglio","66","74","Italie","Défenseur","Mattia","De Sciglio","Mattia De Sciglio","De Sciglio","200066","./assoc/200066_ITA.svg","./logo/50139.png","UEFA","ITA","50139","FAME","Juventus","","https://img.uefa.com/imgml/TP/teams/logos/70x70/50139.png","https://img.uefa.com/imgml/TP/teams/logos/240x240/50139.png","250139","JUV","DOMESTIC_MEN_TEAM_A","","DOMESTIC","Italie","Juventus","Juventus","JUV","286","MINUTE","4","0","1","33.25","KILOMETER","33.1","KILOMETER_PER_HOUR"
"108226","50152","37","1988-05-17","13","Olsson","SWE","FULL_BACK","DEFENDER","MALE","170","./image/108226.jpg","Martin Olsson","DEFENDER","5","Olsson","127","81","Suède","Défenseur","Martin","Olsson","Martin Olsson","Olsson","200127","./assoc/200127_SWE.svg","./logo/50152.png","UEFA","SWE","50152","FAME","Malmö","","https://img.uefa.com/imgml/TP/teams/logos/70x70/50152.png","https://img.uefa.com/imgml/TP/teams/logos/240x240/50152.png","250152","MAL","DOMESTIC_MEN_TEAM_A","","DOMESTIC","Suède","Malmö","Malmö FF","MAL","284","MINUTE","6","0","0","34.5","KILOMETER","30","KILOMETER_PER_HOUR"
"250056189","50138","27","1997-11-10","32","Dimarco","ITA","UNKNOWN","DEFENDER","MALE","174","./image/250056189.jpg","Federico Dimarco","DEFENDER","3","Dimarco","66","","Italie","Défenseur","Federico","Dimarco","Federico Dimarco","Dimarco","200066","./assoc/200066_ITA.svg","./logo/50138.png","UEFA","ITA","50138","FAME","Inter","","https://img.uefa.com/imgml/TP/teams/logos/70x70/50138.png","https://img.uefa.com/imgml/TP/teams/logos/240x240/50138.png","250138","INT","DOMESTIC_MEN_TEAM_A","","DOMESTIC","Italie","Inter","FC Internazionale Milano","INT","283","MINUTE","7","0","0","36.32","KILOMETER","32.5","KILOMETER_PER_HOUR"
"250161140","50030","27","1998-09-14","7","Capaldo","ARG","UNKNOWN","MIDFIELDER","MALE","","./image/250161140.jpg","Nicolás Capaldo","MIDFIELDER","","Capaldo","","","Argentine","Milieu","Nicolás","Capaldo","Nicolás Capaldo","Capaldo","200008","./assoc/200008_AUT.svg","./logo/50030.png","UEFA","AUT","50030","FAME","Salzburg","","https://img.uefa.com/imgml/TP/teams/logos/70x70/50030.png","https://img.uefa.com/imgml/TP/teams/logos/240x240/50030.png","250030","SAL","DOMESTIC_MEN_TEAM_A","","DOMESTIC","Autriche","Salzburg","FC Salzburg","SAL","281","MINUTE","7","0","0","36.86","KILOMETER","34.8","KILOMETER_PER_HOUR"
"250118408","50152","30","1995-09-28","8","Peña","PER","","MIDFIELDER","MALE","","./image/250118408.jpg","Sergio Peña","MIDFIELDER","10","Peña","107","","Pérou","Milieu","Sergio","Peña","Sergio Peña","Peña","200127","./assoc/200127_SWE.svg","./logo/50152.png","UEFA","SWE","50152","FAME","Malmö","","https://img.uefa.com/imgml/TP/teams/logos/70x70/50152.png","https://img.uefa.com/imgml/TP/teams/logos/240x240/50152.png","250152","MAL","DOMESTIC_MEN_TEAM_A","","DOMESTIC","Suède","Malmö","Malmö FF","MAL","281","MINUTE","5","0","0","32.55","KILOMETER","28.6","KILOMETER_PER_HOUR"
"97787","52826","37","1988-08-22","22","Dzyuba","RUS","STRIKER","FORWARD","MALE","196","./image/97787.jpg","Artem Dzyuba","FORWARD","22","Dzyuba","57451","91","Russie","Attaquant","Artem","Dzyuba","Artem Dzyuba","Dzyuba","257451","./assoc/257451_RUS.svg","./logo/52826.png","UEFA","RUS","52826","FAME","Zenit","","https://img.uefa.com/imgml/TP/teams/logos/70x70/52826.png","https://img.uefa.com/imgml/TP/teams/logos/240x240/52826.png","252826","ZEN","DOMESTIC_MEN_TEAM_A","","DOMESTIC","Russie","Zenit","FC Zenit","ZEN","277","MINUTE","6","0","1","31.22","KILOMETER","29.9","KILOMETER_PER_HOUR"
"97744","52714","37","1988-03-10","11","I. RAKITIĆ","CRO","CENTRAL_MIDFIELDER","MIDFIELDER","MALE","184","./image/97744.jpg","Ivan Rakitić","MIDFIELDER","7","I. Rakitić","56370","78","Croatie","Milieu","Ivan","Rakitić","Ivan Rakitić","Rakitić","200122","./assoc/200122_ESP.svg","./logo/52714.png","UEFA","ESP","52714","FAME","Sevilla","","https://img.uefa.com/imgml/TP/teams/logos/70x70/52714.png","https://img.uefa.com/imgml/TP/teams/logos/240x240/52714.png","252714","SEV","DOMESTIC_MEN_TEAM_A","","DOMESTIC","Espagne","Sevilla","Sevilla FC","SEV","276","MINUTE","5","2","1","36.38","KILOMETER","29.2","KILOMETER_PER_HOUR"
"250018470","50152","34","1991-07-15","2","E. Larsson","SWE","FULL_BACK","DEFENDER","MALE","","./image/250018470.jpg","Eric Larsson","DEFENDER","","Larsson","","","Suède","Défenseur","Eric","Larsson","Eric Larsson","Larsson","200127","./assoc/200127_SWE.svg","./logo/50152.png","UEFA","SWE","50152","FAME","Malmö","","https://img.uefa.com/imgml/TP/teams/logos/70x70/50152.png","https://img.uefa.com/imgml/TP/teams/logos/240x240/50152.png","250152","MAL","DOMESTIC_MEN_TEAM_A","","DOMESTIC","Suède","Malmö","Malmö FF","MAL","275","MINUTE","4","0","0","32.02","KILOMETER","29.7","KILOMETER_PER_HOUR"
"250122746","70691","26","1999-05-22","21","CHUKWUEZE","NGA","WINGER","FORWARD","MALE","","./image/250122746.jpg","Samuel Chukwueze","MIDFIELDER","11","Chukweze","100","","Nigeria","Attaquant","Samuel","Chukwueze","Samuel Chukwueze","Chukwueze","200122","./assoc/200122_ESP.svg","./logo/70691.png","UEFA","ESP","70691","FAME","Villarreal","","https://img.uefa.com/imgml/TP/teams/logos/70x70/70691.png","https://img.uefa.com/imgml/TP/teams/logos/240x240/70691.png","270691","VIL","DOMESTIC_MEN_TEAM_A","","DOMESTIC","Espagne","Villarreal","Villarreal CF","VIL","273","MINUTE","9","2","0","36.98","KILOMETER","31.9","KILOMETER_PER_HOUR"
"250058142","50152","29","1996-02-13","7","Rakip","MKD","CENTRAL_MIDFIELDER","MIDFIELDER","MALE","175","./image/250058142.jpg","Erdal Rakip","MIDFIELDER","17","Rakip","59205","","Macédoine du Nord","Milieu","Erdal","Rakip","Erdal Rakip","Rakip","200127","./assoc/200127_SWE.svg","./logo/50152.png","UEFA","SWE","50152","FAME","Malmö","","https://img.uefa.com/imgml/TP/teams/logos/70x70/50152.png","https://img.uefa.com/imgml/TP/teams/logos/240x240/50152.png","250152","MAL","DOMESTIC_MEN_TEAM_A","","DOMESTIC","Suède","Malmö","Malmö FF","MAL","273","MINUTE","6","0","0","35.86","KILOMETER","29.5","KILOMETER_PER_HOUR"
"250117806","50031","23","2002-02-16","32","Rieder","SUI","ATTACKING_MIDFIELDER","MIDFIELDER","MALE","","./image/250117806.jpg","Fabian Rieder","MIDFIELDER","22","Rieder","128","","Suisse","Milieu","Fabian","Rieder","Fabian Rieder","Rieder","200128","./assoc/200128_SUI.svg","./logo/50031.png","UEFA","SUI","50031","FAME","Young Boys","","https://img.uefa.com/imgml/TP/teams/logos/70x70/50031.png","https://img.uefa.com/imgml/TP/teams/logos/240x240/50031.png","250031","YB","DOMESTIC_MEN_TEAM_A","","DOMESTIC","Suisse","Young Boys","BSC Young Boys","YB","272","MINUTE","6","1","1","38.65","KILOMETER","31.7","KILOMETER_PER_HOUR"
"250088335","52714","28","1997-06-18","9","Rafa Mir","ESP","UNKNOWN","FORWARD","MALE","","./image/250088335.jpg","Rafa Mir","FORWARD","18","RAFA MIR","200122","","Espagne","Attaquant","","Rafa Mir","Rafa Mir","Rafa Mir","200122","./assoc/200122_ESP.svg","./logo/52714.png","UEFA","ESP","52714","FAME","Sevilla","","https://img.uefa.com/imgml/TP/teams/logos/70x70/52714.png","https://img.uefa.com/imgml/TP/teams/logos/240x240/52714.png","252714","SEV","DOMESTIC_MEN_TEAM_A","","DOMESTIC","Espagne","Sevilla","Sevilla FC","SEV","271","MINUTE","6","1","1","36.37","KILOMETER","33.3","KILOMETER_PER_HOUR"
"250014636","2603790","35","1990-10-09","44","Kampl","SVN","CENTRAL_MIDFIELDER","MIDFIELDER","MALE","180","./image/250014636.jpg","Kevin Kampl","MIDFIELDER","10","Kampl","57163","67","Slovénie","Milieu","Kevin","Kampl","Kevin Kampl","Kampl","200047","./assoc/200047_GER.svg","./logo/2603790.png","UEFA","GER","2603790","FAME","Leipzig","","https://img.uefa.com/imgml/TP/teams/logos/70x70/2603790.png","https://img.uefa.com/imgml/TP/teams/logos/240x240/2603790.png","250002563","RBL","DOMESTIC_MEN_TEAM_A","","DOMESTIC","Allemagne","Leipzig","RB Leipzig","RBL","270","MINUTE","3","0","0","35.78","KILOMETER","29.3","KILOMETER_PER_HOUR"
"250153376","50147","30","1995-07-02","4","L. Veríssimo","BRA","CENTRE_BACK","DEFENDER","MALE","","./image/250153376.jpg","Lucas Verissimo","DEFENDER","","L. Veríssimo","","","Brésil","Défenseur","Lucas","Verissimo","Lucas Verissimo","Verissimo","200110","./assoc/200110_POR.svg","./logo/50147.png","UEFA","POR","50147","FAME","Benfica","","https://img.uefa.com/imgml/TP/teams/logos/70x70/50147.png","https://img.uefa.com/imgml/TP/teams/logos/240x240/50147.png","250147","BEN","DOMESTIC_MEN_TEAM_A","","DOMESTIC","Portugal","Benfica","SL Benfica","BEN","270","MINUTE","3","0","0","30.16","KILOMETER","32.21","KILOMETER_PER_HOUR"
"1902142","50157","35","1990-07-21","21","Nsakala","CGO","UNKNOWN","DEFENDER","MALE","178","./image/1902142.jpg","Fabrice N'Sakala","MIDFIELDER","9","N'Sakala","200043","","Congo","Défenseur","Fabrice","N'Sakala","Fabrice N'Sakala","N'Sakala","200135","./assoc/200135_TUR.svg","./logo/50157.png","UEFA","TUR","50157","FAME","Beşiktaş","","https://img.uefa.com/imgml/TP/teams/logos/70x70/50157.png","https://img.uefa.com/imgml/TP/teams/logos/240x240/50157.png","250157","BES","DOMESTIC_MEN_TEAM_A","","DOMESTIC","Turquie","Beşiktaş","Beşiktaş JK","BES","270","MINUTE","3","0","0","30.05","KILOMETER","32.1","KILOMETER_PER_HOUR"
"108509","50058","36","1989-03-26","24","Kjær","DEN","CENTRE_BACK","DEFENDER","MALE","189","./image/108509.jpg","Simon Kjær","DEFENDER","4","Kjær","35","82","Danemark","Défenseur","Simon","Kjær","Simon Kjær","Kjær","200066","./assoc/200066_ITA.svg","./logo/50058.png","UEFA","ITA","50058","FAME","Milan","","https://img.uefa.com/imgml/TP/teams/logos/70x70/50058.png","https://img.uefa.com/imgml/TP/teams/logos/240x240/50058.png","250058","MIL","DOMESTIC_MEN_TEAM_A","","DOMESTIC","Italie","Milan","AC Milan","MIL","270","MINUTE","3","0","0","28.62","KILOMETER","30.6","KILOMETER_PER_HOUR"
"74757","50031","38","1987-02-20","91","Faivre","SUI","GOALKEEPER","GOALKEEPER","MALE","","./image/74757.jpg","Guillaume Faivre","GOALKEEPER","","Faivre","","","Suisse","Gardien","Guillaume","Faivre","Guillaume Faivre","Faivre","200128","./assoc/200128_SUI.svg","./logo/50031.png","UEFA","SUI","50031","FAME","Young Boys","","https://img.uefa.com/imgml/TP/teams/logos/70x70/50031.png","https://img.uefa.com/imgml/TP/teams/logos/240x240/50031.png","250031","YB","DOMESTIC_MEN_TEAM_A","","DOMESTIC","Suisse","Young Boys","BSC Young Boys","YB","270","MINUTE","3","0","0","20.53","KILOMETER","20.8","KILOMETER_PER_HOUR"
"1902645","50058","39","1986-02-09","1","TĂTĂRUŞANU","ROU","GOALKEEPER","GOALKEEPER","MALE","195","./image/1902645.jpg","Ciprian Tătăruşanu","GOALKEEPER","12","Tatarusanu","113","88","Roumanie","Gardien","Ciprian","Tătăruşanu","Ciprian Tătăruşanu","Tătăruşanu","200066","./assoc/200066_ITA.svg","./logo/50058.png","UEFA","ITA","50058","FAME","Milan","","https://img.uefa.com/imgml/TP/teams/logos/70x70/50058.png","https://img.uefa.com/imgml/TP/teams/logos/240x240/50058.png","250058","MIL","DOMESTIC_MEN_TEAM_A","","DOMESTIC","Italie","Milan","AC Milan","MIL","270","MINUTE","3","0","0","18.65","KILOMETER","23.6","KILOMETER_PER_HOUR"
"250042780","50058","30","1995-07-03","16","M. MAIGNAN","FRA","GOALKEEPER","GOALKEEPER","MALE","187","./image/250042780.jpg","Mike Maignan","GOALKEEPER","16","Maignan","43","80","France","Gardien","Mike","Maignan","Mike Maignan","Maignan","200066","./assoc/200066_ITA.svg","./logo/50058.png","UEFA","ITA","50058","FAME","Milan","","https://img.uefa.com/imgml/TP/teams/logos/70x70/50058.png","https://img.uefa.com/imgml/TP/teams/logos/240x240/50058.png","250058","MIL","DOMESTIC_MEN_TEAM_A","","DOMESTIC","Italie","Milan","AC Milan","MIL","270","MINUTE","3","0","0","18.31","KILOMETER","25.4","KILOMETER_PER_HOUR"
"250113444","52707","24","2001-08-01","1","Trubin","UKR","GOALKEEPER","GOALKEEPER","MALE","","./image/250113444.jpg","Anatoliy Trubin","GOALKEEPER","12","Trubin","57166","","Ukraine","Gardien","Anatoliy","Trubin","Anatoliy Trubin","Trubin","257166","./assoc/257166_UKR.svg","./logo/52707.png","UEFA","UKR","52707","FAME","Shakhtar","","https://img.uefa.com/imgml/TP/teams/logos/70x70/52707.png","https://img.uefa.com/imgml/TP/teams/logos/240x240/52707.png","252707","SHK","DOMESTIC_MEN_TEAM_A","","DOMESTIC","Ukraine","Shakhtar","FC Shakhtar Donetsk","SHK","270","MINUTE","3","0","0","15.52","KILOMETER","21.8","KILOMETER_PER_HOUR"
"250031037","52747","38","1986-12-15","1","K. Navas","CRC","UNKNOWN","GOALKEEPER","MALE","184","./image/250031037.jpg","Keylor Navas","GOALKEEPER","1","K. Navas","31","78","Costa Rica","Gardien","Keylor","Navas","Keylor Navas","Navas","200043","./assoc/200043_FRA.svg","./logo/52747.png","UEFA","FRA","52747","FAME","Paris","","https://img.uefa.com/imgml/TP/teams/logos/70x70/52747.png","https://img.uefa.com/imgml/TP/teams/logos/240x240/52747.png","252747","PSG","DOMESTIC_MEN_TEAM_A","","DOMESTIC","France","Paris","Paris Saint-Germain","PSG","270","MINUTE","3","0","0","13.68","KILOMETER","23.2","KILOMETER_PER_HOUR"
"250052744","50031","30","1994-12-30","26","VON BALLMOOS","SUI","GOALKEEPER","GOALKEEPER","MALE","192","./image/250052744.jpg","David von Ballmoos","GOALKEEPER","21","Von Ballmoos","128","","Suisse","Gardien","David","von Ballmoos","David von Ballmoos","Von Ballmoos","200128","./assoc/200128_SUI.svg","./logo/50031.png","UEFA","SUI","50031","FAME","Young Boys","","https://img.uefa.com/imgml/TP/teams/logos/70x70/50031.png","https://img.uefa.com/imgml/TP/teams/logos/240x240/50031.png","250031","YB","DOMESTIC_MEN_TEAM_A","","DOMESTIC","Suisse","Young Boys","BSC Young Boys","YB","270","MINUTE","3","0","0","12.2","KILOMETER","22.4","KILOMETER_PER_HOUR"
"250110901","50031","31","1993-11-11","16","FASSNACHT","SUI","STRIKER","MIDFIELDER","MALE","","./image/250110901.jpg","Christian Fassnacht","MIDFIELDER","16","Fassnacht","128","","Suisse","Milieu","Christian","Fassnacht","Christian Fassnacht","Fassnacht","200128","./assoc/200128_SUI.svg","./logo/50031.png","UEFA","SUI","50031","FAME","Young Boys","","https://img.uefa.com/imgml/TP/teams/logos/70x70/50031.png","https://img.uefa.com/imgml/TP/teams/logos/240x240/50031.png","250031","YB","DOMESTIC_MEN_TEAM_A","","DOMESTIC","Suisse","Young Boys","BSC Young Boys","YB","269","MINUTE","3","0","0","23.27","KILOMETER","31.8","KILOMETER_PER_HOUR"
"250039161","52707","34","1991-05-13","21","A. Patrick","BRA","ATTACKING_MIDFIELDER","MIDFIELDER","MALE","177","./image/250039161.jpg","Alan Patrick","MIDFIELDER","","Lourenco","","","Brésil","Milieu","","Alan Patrick","Alan Patrick","Alan Patrick","257166","./assoc/257166_UKR.svg","./logo/52707.png","UEFA","UKR","52707","FAME","Shakhtar","","https://img.uefa.com/imgml/TP/teams/logos/70x70/52707.png","https://img.uefa.com/imgml/TP/teams/logos/240x240/52707.png","252707","SHK","DOMESTIC_MEN_TEAM_A","","DOMESTIC","Ukraine","Shakhtar","FC Shakhtar Donetsk","SHK","268","MINUTE","4","0","1","37.14","KILOMETER","29.5","KILOMETER_PER_HOUR"
"67855","52707","41","1984-06-28","30","","UKR","GOALKEEPER","","MALE","190","./image/67855.jpg","Andriy Pyatov","GOALKEEPER","12","Pyatov","57166","84","Ukraine","","Andriy","Pyatov","Andriy Pyatov","Pyatov","257166","./assoc/257166_UKR.svg","./logo/52707.png","UEFA","UKR","52707","FAME","Shakhtar","","https://img.uefa.com/imgml/TP/teams/logos/70x70/52707.png","https://img.uefa.com/imgml/TP/teams/logos/240x240/52707.png","252707","SHK","DOMESTIC_MEN_TEAM_A","","DOMESTIC","Ukraine","Shakhtar","FC Shakhtar Donetsk","SHK","266","MINUTE","3","0","0","14.24","KILOMETER","26.9","KILOMETER_PER_HOUR"
"250121747","50139","29","1996-08-12","18","Ramos De Oliveira Melo","BRA","UNKNOWN","MIDFIELDER","MALE","","./image/250121747.jpg","Arthur","MIDFIELDER","","Ramos de Oliveira Melo","18","","Brésil","Milieu","","Arthur","Arthur","Arthur","200066","./assoc/200066_ITA.svg","./logo/50139.png","UEFA","ITA","50139","FAME","Juventus","","https://img.uefa.com/imgml/TP/teams/logos/70x70/50139.png","https://img.uefa.com/imgml/TP/teams/logos/240x240/50139.png","250139","JUV","DOMESTIC_MEN_TEAM_A","","DOMESTIC","Italie","Juventus","Juventus","JUV","264","MINUTE","6","0","0","35.24","KILOMETER","31.5","KILOMETER_PER_HOUR"
"250050354","50157","31","1994-03-05","28","Karaman","TUR","","FORWARD","MALE","","./image/250050354.jpg","Kenan Karaman","FORWARD","19","KARAMAN","135","","Turquie","Attaquant","","Kenan Karaman","Kenan Karaman","Kenan Karaman","200135","./assoc/200135_TUR.svg","./logo/50157.png","UEFA","TUR","50157","FAME","Beşiktaş","","https://img.uefa.com/imgml/TP/teams/logos/70x70/50157.png","https://img.uefa.com/imgml/TP/teams/logos/240x240/50157.png","250157","BES","DOMESTIC_MEN_TEAM_A","","DOMESTIC","Turquie","Beşiktaş","Beşiktaş JK","BES","264","MINUTE","5","0","0","33.68","KILOMETER","31.7","KILOMETER_PER_HOUR"
"250187661","52747","34","1990-11-11","25","WIJNALDUM","NED","","MIDFIELDER","MALE","173","https://img.uefa.com/imgml/TP/players/1/2022/324x324/250187661.jpg","Georginio Wijnaldum","MIDFIELDER","8","Wijnaldum","95","74","Pays-Bas","Milieu","Georginio","Wijnaldum","Georginio Wijnaldum","Wijnaldum","200043","./assoc/200043_FRA.svg","./logo/52747.png","UEFA","FRA","52747","FAME","Paris","","https://img.uefa.com/imgml/TP/teams/logos/70x70/52747.png","https://img.uefa.com/imgml/TP/teams/logos/240x240/52747.png","252747","PSG","DOMESTIC_MEN_TEAM_A","","DOMESTIC","France","Paris","Paris Saint-Germain","PSG","261","MINUTE","5","2","0","31.64","KILOMETER","31.7","KILOMETER_PER_HOUR"
"250020851","50058","39","1986-09-30","9","GIROUD","FRA","STRIKER","FORWARD","MALE","192","./image/250020851.jpg","Olivier Giroud","FORWARD","9","Giroud","43","88","France","Attaquant","Olivier","Giroud","Olivier Giroud","Giroud","200066","./assoc/200066_ITA.svg","./logo/50058.png","UEFA","ITA","50058","FAME","Milan","","https://img.uefa.com/imgml/TP/teams/logos/70x70/50058.png","https://img.uefa.com/imgml/TP/teams/logos/240x240/50058.png","250058","MIL","DOMESTIC_MEN_TEAM_A","","DOMESTIC","Italie","Milan","AC Milan","MIL","261","MINUTE","5","0","0","28.97","KILOMETER","28.7","KILOMETER_PER_HOUR"
"104071","50157","35","1990-04-02","16","Pjanić","BIH","UNKNOWN","MIDFIELDER","MALE","180","./image/104071.jpg","Miralem Pjanić","MIDFIELDER","10","Pjanić","60094","68","Bosnie-Herzégovine","Milieu","Miralem","Pjanić","Miralem Pjanić","Pjanić","200135","./assoc/200135_TUR.svg","./logo/50157.png","UEFA","TUR","50157","FAME","Beşiktaş","","https://img.uefa.com/imgml/TP/teams/logos/70x70/50157.png","https://img.uefa.com/imgml/TP/teams/logos/240x240/50157.png","250157","BES","DOMESTIC_MEN_TEAM_A","","DOMESTIC","Turquie","Beşiktaş","Beşiktaş JK","BES","261","MINUTE","3","0","2","32.74","KILOMETER","29.2","KILOMETER_PER_HOUR"
"106557","50157","39","1986-03-03","14","M.Topal","TUR","DEFENSIVE_MIDFIELDER","MIDFIELDER","MALE","187","./image/106557.jpg","Mehmet Topal","MIDFIELDER","15","MEHMET TOPAL","135","82","Turquie","Milieu","","Mehmet Topal","Mehmet Topal","Mehmet Topal","200135","./assoc/200135_TUR.svg","./logo/50157.png","UEFA","TUR","50157","FAME","Beşiktaş","","https://img.uefa.com/imgml/TP/teams/logos/70x70/50157.png","https://img.uefa.com/imgml/TP/teams/logos/240x240/50157.png","250157","BES","DOMESTIC_MEN_TEAM_A","","DOMESTIC","Turquie","Beşiktaş","Beşiktaş JK","BES","261","MINUTE","3","0","0","29.6","KILOMETER","30.5","KILOMETER_PER_HOUR"
"1905153","52747","37","1988-02-14","11","Di Maria","ARG","UNKNOWN","FORWARD","MALE","180","./image/1905153.jpg","Ángel Di María","FORWARD","11","Di María","6","75","Argentine","Attaquant","Ángel","Di María","Ángel Di María","Di María","200043","./assoc/200043_FRA.svg","./logo/52747.png","UEFA","FRA","52747","FAME","Paris","","https://img.uefa.com/imgml/TP/teams/logos/70x70/52747.png","https://img.uefa.com/imgml/TP/teams/logos/240x240/52747.png","252747","PSG","DOMESTIC_MEN_TEAM_A","","DOMESTIC","France","Paris","Paris Saint-Germain","PSG","260","MINUTE","5","0","1","32.06","KILOMETER","37.8","KILOMETER_PER_HOUR"
"250028715","52816","32","1993-02-19","19","Djimsiti","ALB","FULL_BACK","DEFENDER","MALE","190","./image/250028715.jpg","Berat Djimsiti","DEFENDER","6","Gjimshiti","2","83","Albanie","Défenseur","Berat","Djimsiti","Berat Djimsiti","Djimsiti","200066","./assoc/200066_ITA.svg","./logo/52816.png","UEFA","ITA","52816","FAME","Atalanta","","https://img.uefa.com/imgml/TP/teams/logos/70x70/52816.png","https://img.uefa.com/imgml/TP/teams/logos/240x240/52816.png","252816","ATA","DOMESTIC_MEN_TEAM_A","","DOMESTIC","Italie","Atalanta","Atalanta BC","ATA","260","MINUTE","5","0","0","31.47","KILOMETER","32.1","KILOMETER_PER_HOUR"
"250144292","70691","28","1996-11-16","19","Dia","SEN","","FORWARD","MALE","","./image/250144292.jpg","Boulaye Dia","FORWARD","9","DIA","118","","Sénégal","Attaquant","Boulaye","Dia","Boulaye Dia","Dia","200122","./assoc/200122_ESP.svg","./logo/70691.png","UEFA","ESP","70691","FAME","Villarreal","","https://img.uefa.com/imgml/TP/teams/logos/70x70/70691.png","https://img.uefa.com/imgml/TP/teams/logos/240x240/70691.png","270691","VIL","DOMESTIC_MEN_TEAM_A","","DOMESTIC","Espagne","Villarreal","Villarreal CF","VIL","258","MINUTE","8","1","0","33.35","KILOMETER","33.9","KILOMETER_PER_HOUR"
"250060817","64332","33","1991-11-03","11","Steffen","SUI","WINGER","MIDFIELDER","MALE","170","./image/250060817.jpg","Renato Steffen","MIDFIELDER","11","Steffen","128","65","Suisse","Milieu","Renato","Steffen","Renato Steffen","Steffen","200047","./assoc/200047_GER.svg","./logo/64332.png","UEFA","GER","64332","FAME","Wolfsburg","","https://img.uefa.com/imgml/TP/teams/logos/70x70/64332.png","https://img.uefa.com/imgml/TP/teams/logos/240x240/64332.png","264332","WOB","DOMESTIC_MEN_TEAM_A","","DOMESTIC","Allemagne","Wolfsburg","VfL Wolfsburg","WOL","258","MINUTE","5","2","0","31.12","KILOMETER","33.5","KILOMETER_PER_HOUR"
"250117708","75797","24","2001-08-16","24","Onana","BEL","UNKNOWN","MIDFIELDER","MALE","","./image/250117708.jpg","Amadou Onana","MIDFIELDER","18","Onana","13","","Belgique","Milieu","Amadou","Onana","Amadou Onana","Onana","200043","./assoc/200043_FRA.svg","./logo/75797.png","UEFA","FRA","75797","FAME","Lille","","https://img.uefa.com/imgml/TP/teams/logos/70x70/75797.png","https://img.uefa.com/imgml/TP/teams/logos/240x240/75797.png","275797","LIL","DOMESTIC_MEN_TEAM_A","","DOMESTIC","France","Lille","LOSC Lille","LIL","257","MINUTE","8","0","0","34.93","KILOMETER","33.3","KILOMETER_PER_HOUR"
"250088246","52682","27","1997-10-31","14","Rashford","ENG","STRIKER","FORWARD","MALE","180","./image/250088246.jpg","Marcus Rashford","FORWARD","11","Rashford","39","70","Angleterre","Attaquant","Marcus","Rashford","Marcus Rashford","Rashford","200039","./assoc/200039_ENG.svg","./logo/52682.png","UEFA","ENG","52682","FAME","Man Utd","","https://img.uefa.com/imgml/TP/teams/logos/70x70/52682.png","https://img.uefa.com/imgml/TP/teams/logos/240x240/52682.png","252682","MUN","DOMESTIC_MEN_TEAM_A","","DOMESTIC","Angleterre","Man Utd","Manchester United","MUN","257","MINUTE","5","1","0","29.49","KILOMETER","35.1","KILOMETER_PER_HOUR"
"250111090","52826","32","1993-01-15","14","Kuzyaev","RUS","DEFENSIVE_MIDFIELDER","MIDFIELDER","MALE","","./image/250111090.jpg","Daler Kuzyaev","MIDFIELDER","23","Kuzyaev","57451","","Russie","Milieu","Daler","Kuzyaev","Daler Kuzyaev","Kuzyaev","257451","./assoc/257451_RUS.svg","./logo/52826.png","UEFA","RUS","52826","FAME","Zenit","","https://img.uefa.com/imgml/TP/teams/logos/70x70/52826.png","https://img.uefa.com/imgml/TP/teams/logos/240x240/52826.png","252826","ZEN","DOMESTIC_MEN_TEAM_A","","DOMESTIC","Russie","Zenit","FC Zenit","ZEN","257","MINUTE","4","1","0","31.7","KILOMETER","32.8","KILOMETER_PER_HOUR"
"250132527","52707","25","2000-06-13","8","marcos a.","BRA","CENTRAL_MIDFIELDER","MIDFIELDER","MALE","","./image/250132527.jpg","Marcos Antônio","MIDFIELDER","","Marcos A.","","","Brésil","Milieu","","Marcos Antônio","Marcos Antônio","Marcos Antônio","257166","./assoc/257166_UKR.svg","./logo/52707.png","UEFA","UKR","52707","FAME","Shakhtar","","https://img.uefa.com/imgml/TP/teams/logos/70x70/52707.png","https://img.uefa.com/imgml/TP/teams/logos/240x240/52707.png","252707","SHK","DOMESTIC_MEN_TEAM_A","","DOMESTIC","Ukraine","Shakhtar","FC Shakhtar Donetsk","SHK","256","MINUTE","5","0","0","36.12","KILOMETER","29.2","KILOMETER_PER_HOUR"
"250086333","50139","31","1993-11-15","21","DYBALA","ARG","STRIKER","FORWARD","MALE","177","./image/250086333.jpg","Paulo Dybala","FORWARD","21","Dybala","6","79","Argentine","Attaquant","Paulo","Dybala","Paulo Dybala","Dybala","200066","./assoc/200066_ITA.svg","./logo/50139.png","UEFA","ITA","50139","FAME","Juventus","","https://img.uefa.com/imgml/TP/teams/logos/70x70/50139.png","https://img.uefa.com/imgml/TP/teams/logos/240x240/50139.png","250139","JUV","DOMESTIC_MEN_TEAM_A","","DOMESTIC","Italie","Juventus","Juventus","JUV","255","MINUTE","5","3","1","30.64","KILOMETER","34.5","KILOMETER_PER_HOUR"
"250101472","75797","25","2000-02-22","22","T. Weah","USA","STRIKER","MIDFIELDER","MALE","","./image/250101472.jpg","Timothy Weah","FORWARD","21","WEAH","140","","Etats-Unis","Milieu","Timothy","Weah","Timothy Weah","Weah","200043","./assoc/200043_FRA.svg","./logo/75797.png","UEFA","FRA","75797","FAME","Lille","","https://img.uefa.com/imgml/TP/teams/logos/70x70/75797.png","https://img.uefa.com/imgml/TP/teams/logos/240x240/75797.png","275797","LIL","DOMESTIC_MEN_TEAM_A","","DOMESTIC","France","Lille","LOSC Lille","LIL","255","MINUTE","5","0","0","29.41","KILOMETER","33.21","KILOMETER_PER_HOUR"
"250097387","50157","29","1995-12-20","77","UMUT","TUR","UNKNOWN","DEFENDER","MALE","","./image/250097387.jpg","Umut Meraş","DEFENDER","13","Meraş","135","","Turquie","Défenseur","","Umut Meraş","Umut Meraş","Umut Meraş","200135","./assoc/200135_TUR.svg","./logo/50157.png","UEFA","TUR","50157","FAME","Beşiktaş","","https://img.uefa.com/imgml/TP/teams/logos/70x70/50157.png","https://img.uefa.com/imgml/TP/teams/logos/240x240/50157.png","250157","BES","DOMESTIC_MEN_TEAM_A","","DOMESTIC","Turquie","Beşiktaş","Beşiktaş JK","BES","253","MINUTE","3","0","0","29.91","KILOMETER","31.1","KILOMETER_PER_HOUR"
"250064252","50058","32","1993-10-07","33","Krunić","BIH","CENTRAL_MIDFIELDER","MIDFIELDER","MALE","184","./image/250064252.jpg","Rade Krunić","MIDFIELDER","8","Krunić","60094","74","Bosnie-Herzégovine","Milieu","Rade","Krunić","Rade Krunić","Krunić","200066","./assoc/200066_ITA.svg","./logo/50058.png","UEFA","ITA","50058","FAME","Milan","","https://img.uefa.com/imgml/TP/teams/logos/70x70/50058.png","https://img.uefa.com/imgml/TP/teams/logos/240x240/50058.png","250058","MIL","DOMESTIC_MEN_TEAM_A","","DOMESTIC","Italie","Milan","AC Milan","MIL","252","MINUTE","4","0","0","30.61","KILOMETER","32.3","KILOMETER_PER_HOUR"
"250001755","52816","37","1988-01-29","72","Iličić","SVN","ATTACKING_MIDFIELDER","MIDFIELDER","MALE","190","./image/250001755.jpg","Josip Iličić","MIDFIELDER","7","Iličić","57163","77","Slovénie","Milieu","Josip","Iličić","Josip Iličić","Iličić","200066","./assoc/200066_ITA.svg","./logo/52816.png","UEFA","ITA","52816","FAME","Atalanta","","https://img.uefa.com/imgml/TP/teams/logos/70x70/52816.png","https://img.uefa.com/imgml/TP/teams/logos/240x240/52816.png","252816","ATA","DOMESTIC_MEN_TEAM_A","","DOMESTIC","Italie","Atalanta","Atalanta BC","ATA","249","MINUTE","4","1","1","29.27","KILOMETER","32.1","KILOMETER_PER_HOUR"
"250123952","50080","23","2002-01-03","14","Nico","ESP","UNKNOWN","MIDFIELDER","MALE","","./image/250123952.jpg","Nico González","MIDFIELDER","16","NICO","200122","","Espagne","Milieu","","Nico González","Nico González","Nico González","200122","./assoc/200122_ESP.svg","./logo/50080.png","UEFA","ESP","50080","FAME","Barcelona","","https://img.uefa.com/imgml/TP/teams/logos/70x70/50080.png","https://img.uefa.com/imgml/TP/teams/logos/240x240/50080.png","250080","BAR","DOMESTIC_MEN_TEAM_A","","DOMESTIC","Espagne","Barcelona","FC Barcelona","BAR","247","MINUTE","4","0","0","33.64","KILOMETER","33","KILOMETER_PER_HOUR"
"250103561","50080","24","2001-01-09","24","Eric","ESP","CENTRE_BACK","DEFENDER","MALE","","./image/250103561.jpg","Eric García","DEFENDER","3","García Martret","122","","Espagne","Défenseur","","Eric García","Eric García","Eric García","200122","./assoc/200122_ESP.svg","./logo/50080.png","UEFA","ESP","50080","FAME","Barcelona","","https://img.uefa.com/imgml/TP/teams/logos/70x70/50080.png","https://img.uefa.com/imgml/TP/teams/logos/240x240/50080.png","250080","BAR","DOMESTIC_MEN_TEAM_A","","DOMESTIC","Espagne","Barcelona","FC Barcelona","BAR","247","MINUTE","4","0","0","29.69","KILOMETER","31.9","KILOMETER_PER_HOUR"
"250049183","52914","29","1996-03-06","16","Werner","GER","STRIKER","FORWARD","MALE","","./image/250049183.jpg","Timo Werner","FORWARD","11","Werner","47","","Allemagne","Attaquant","Timo","Werner","Timo Werner","Werner","200039","./assoc/200039_ENG.svg","./logo/52914.png","UEFA","ENG","52914","FAME","Chelsea","","https://img.uefa.com/imgml/TP/teams/logos/70x70/52914.png","https://img.uefa.com/imgml/TP/teams/logos/240x240/52914.png","252914","CHE","DOMESTIC_MEN_TEAM_A","","DOMESTIC","Angleterre","Chelsea","Chelsea FC","CHE","246","MINUTE","5","4","2","29.83","KILOMETER","34","KILOMETER_PER_HOUR"
"250058215","7889","28","1997-05-23","2","Gomez","ENG","UNKNOWN","DEFENDER","MALE","","./image/250058215.jpg","Joe Gomez","DEFENDER","22","Gomez","39","","Angleterre","Défenseur","Joe","Gomez","Joe Gomez","Gomez","200039","./assoc/200039_ENG.svg","./logo/7889.png","UEFA","ENG","7889","FAME","Liverpool","","https://img.uefa.com/imgml/TP/teams/logos/70x70/7889.png","https://img.uefa.com/imgml/TP/teams/logos/240x240/7889.png","207889","LIV","DOMESTIC_MEN_TEAM_A","","DOMESTIC","Angleterre","Liverpool","Liverpool FC","LIV","245","MINUTE","7","0","0","30.43","KILOMETER","33.21","KILOMETER_PER_HOUR"
"250115192","75797","26","1999-04-29","5","GUDMUNDSSON","SWE","UNKNOWN","DEFENDER","MALE","","./image/250115192.jpg","Gabriel Gudmundsson","DEFENDER","5","Gudmundsson","127","","Suède","Défenseur","Gabriel","Gudmundsson","Gabriel Gudmundsson","Gudmundsson","200043","./assoc/200043_FRA.svg","./logo/75797.png","UEFA","FRA","75797","FAME","Lille","","https://img.uefa.com/imgml/TP/teams/logos/70x70/75797.png","https://img.uefa.com/imgml/TP/teams/logos/240x240/75797.png","275797","LIL","DOMESTIC_MEN_TEAM_A","","DOMESTIC","France","Lille","LOSC Lille","LIL","243","MINUTE","4","0","0","29.07","KILOMETER","34.21","KILOMETER_PER_HOUR"
"250089058","50031","30","1995-10-08","8","SIERRO","SUI","CENTRAL_MIDFIELDER","MIDFIELDER","MALE","","./image/250089058.jpg","Vincent Sierro","MIDFIELDER","16","Sierro","128","","Suisse","Milieu","Vincent","Sierro","Vincent Sierro","Sierro","200128","./assoc/200128_SUI.svg","./logo/50031.png","UEFA","SUI","50031","FAME","Young Boys","","https://img.uefa.com/imgml/TP/teams/logos/70x70/50031.png","https://img.uefa.com/imgml/TP/teams/logos/240x240/50031.png","250031","YB","DOMESTIC_MEN_TEAM_A","","DOMESTIC","Suisse","Young Boys","BSC Young Boys","YB","240","MINUTE","5","1","0","28.54","KILOMETER","30.2","KILOMETER_PER_HOUR"
"250005487","50147","35","1990-09-10","34","A. ALMEIDA","POR","FULL_BACK","DEFENDER","MALE","186","./image/250005487.jpg","André Almeida","DEFENDER","2","A.Almeida","110","75","Portugal","Défenseur","","André Almeida","André Almeida","André Almeida","200110","./assoc/200110_POR.svg","./logo/50147.png","UEFA","POR","50147","FAME","Benfica","","https://img.uefa.com/imgml/TP/teams/logos/70x70/50147.png","https://img.uefa.com/imgml/TP/teams/logos/240x240/50147.png","250147","BEN","DOMESTIC_MEN_TEAM_A","","DOMESTIC","Portugal","Benfica","SL Benfica","BEN","236","MINUTE","5","0","0","29.64","KILOMETER","30.3","KILOMETER_PER_HOUR"
"250127111","50030","22","2003-05-31","30","Šeško","SVN","UNKNOWN","FORWARD","MALE","","./image/250127111.jpg","Benjamin Šeško","FORWARD","11","Šeško","57163","","Slovénie","Attaquant","Benjamin","Šeško","Benjamin Šeško","Šeško","200008","./assoc/200008_AUT.svg","./logo/50030.png","UEFA","AUT","50030","FAME","Salzburg","","https://img.uefa.com/imgml/TP/teams/logos/70x70/50030.png","https://img.uefa.com/imgml/TP/teams/logos/240x240/50030.png","250030","SAL","DOMESTIC_MEN_TEAM_A","","DOMESTIC","Autriche","Salzburg","FC Salzburg","SAL","234","MINUTE","6","0","0","32.13","KILOMETER","34.6","KILOMETER_PER_HOUR"
"250054829","50037","31","1994-08-03","8","Tolisso","FRA","CENTRAL_MIDFIELDER","MIDFIELDER","MALE","181","./image/250054829.jpg","Corentin Tolisso","MIDFIELDER","12","Tolisso","43","78","France","Milieu","Corentin","Tolisso","Corentin Tolisso","Tolisso","200047","./assoc/200047_GER.svg","./logo/50037.png","UEFA","GER","50037","FAME","Bayern München","","https://img.uefa.com/imgml/TP/teams/logos/70x70/50037.png","https://img.uefa.com/imgml/TP/teams/logos/240x240/50037.png","250037","BAY","DOMESTIC_MEN_TEAM_A","","DOMESTIC","Allemagne","Bayern München","FC Bayern München","BAY","234","MINUTE","4","0","1","31.31","KILOMETER","31.4","KILOMETER_PER_HOUR"
"250081628","52682","26","1999-03-18","20","Dalot","POR","FULL_BACK","DEFENDER","MALE","","./image/250081628.jpg","Diogo Dalot","DEFENDER","5","DALOT","110","","Portugal","Défenseur","Diogo","Dalot","Diogo Dalot","Dalot","200039","./assoc/200039_ENG.svg","./logo/52682.png","UEFA","ENG","52682","FAME","Man Utd","","https://img.uefa.com/imgml/TP/teams/logos/70x70/52682.png","https://img.uefa.com/imgml/TP/teams/logos/240x240/52682.png","252682","MUN","DOMESTIC_MEN_TEAM_A","","DOMESTIC","Angleterre","Man Utd","Manchester United","MUN","233","MINUTE","3","0","0","21.03","KILOMETER","34.9","KILOMETER_PER_HOUR"
"250013855","50143","32","1993-02-21","18","Klaassen","NED","ATTACKING_MIDFIELDER","MIDFIELDER","MALE","178","./image/250013855.jpg","Davy Klaassen","MIDFIELDER","14","Klaassen","95","78","Pays-Bas","Milieu","Davy","Klaassen","Davy Klaassen","Klaassen","200095","./assoc/200095_NED.svg","./logo/50143.png","UEFA","NED","50143","FAME","Ajax","","https://img.uefa.com/imgml/TP/teams/logos/70x70/50143.png","https://img.uefa.com/imgml/TP/teams/logos/240x240/50143.png","250143","AJX","DOMESTIC_MEN_TEAM_A","","DOMESTIC","Pays-Bas","Ajax","AFC Ajax","AJX","232","MINUTE","7","1","1","33.56","KILOMETER","31","KILOMETER_PER_HOUR"
"250112790","50030","24","2001-06-06","20","Adamu","AUT","","FORWARD","MALE","","./image/250112790.jpg","Junior Adamu","FORWARD","14","Adamu","8","","Autriche","Attaquant","Junior","Adamu","Junior Adamu","Adamu","200008","./assoc/200008_AUT.svg","./logo/50030.png","UEFA","AUT","50030","FAME","Salzburg","","https://img.uefa.com/imgml/TP/teams/logos/70x70/50030.png","https://img.uefa.com/imgml/TP/teams/logos/240x240/50030.png","250030","SAL","DOMESTIC_MEN_TEAM_A","","DOMESTIC","Autriche","Salzburg","FC Salzburg","SAL","231","MINUTE","8","1","0","32.56","KILOMETER","32.1","KILOMETER_PER_HOUR"
"250112998","50080","24","2000-11-03","8","Dest","USA","FULL_BACK","DEFENDER","MALE","","./image/250112998.jpg","Sergiño Dest","DEFENDER","2","Dest","140","","Etats-Unis","Défenseur","Sergiño","Dest","Sergiño Dest","Dest","200122","./assoc/200122_ESP.svg","./logo/50080.png","UEFA","ESP","50080","FAME","Barcelona","","https://img.uefa.com/imgml/TP/teams/logos/70x70/50080.png","https://img.uefa.com/imgml/TP/teams/logos/240x240/50080.png","250080","BAR","DOMESTIC_MEN_TEAM_A","","DOMESTIC","Espagne","Barcelona","FC Barcelona","BAR","230","MINUTE","4","0","0","30.17","KILOMETER","32","KILOMETER_PER_HOUR"
"250013897","52714","31","1993-11-19","7","Suso","ESP","WINGER","FORWARD","MALE","176","./image/250013897.jpg","Suso","MIDFIELDER","11","Suso","122","","Espagne","Attaquant","","Suso","Suso","Suso","200122","./assoc/200122_ESP.svg","./logo/52714.png","UEFA","ESP","52714","FAME","Sevilla","","https://img.uefa.com/imgml/TP/teams/logos/70x70/52714.png","https://img.uefa.com/imgml/TP/teams/logos/240x240/52714.png","252714","SEV","DOMESTIC_MEN_TEAM_A","","DOMESTIC","Espagne","Sevilla","Sevilla FC","SEV","228","MINUTE","4","0","0","25.16","KILOMETER","30.9","KILOMETER_PER_HOUR"
"250060117","50124","35","1990-04-19","16","H.HERRERA","MEX","UNKNOWN","MIDFIELDER","MALE","183","./image/250060117.jpg","Héctor Herrera","MIDFIELDER","16","H. Herrera","91","74","Mexique","Milieu","Héctor","Herrera","Héctor Herrera","Herrera","200122","./assoc/200122_ESP.svg","./logo/50124.png","UEFA","ESP","50124","FAME","Atleti","","https://img.uefa.com/imgml/TP/teams/logos/70x70/50124.png","https://img.uefa.com/imgml/TP/teams/logos/240x240/50124.png","250124","ATM","DOMESTIC_MEN_TEAM_A","","DOMESTIC","Espagne","Atleti","Atlético de Madrid","ATM","226","MINUTE","4","0","0","30.15","KILOMETER","29.8","KILOMETER_PER_HOUR"
"1902685","52707","36","1989-08-08","6","Stepanenko","UKR","DEFENSIVE_MIDFIELDER","MIDFIELDER","MALE","181","./image/1902685.jpg","Taras Stepanenko","MIDFIELDER","6","Stepanenko","57166","75","Ukraine","Milieu","Taras","Stepanenko","Taras Stepanenko","Stepanenko","257166","./assoc/257166_UKR.svg","./logo/52707.png","UEFA","UKR","52707","FAME","Shakhtar","","https://img.uefa.com/imgml/TP/teams/logos/70x70/52707.png","https://img.uefa.com/imgml/TP/teams/logos/240x240/52707.png","252707","SHK","DOMESTIC_MEN_TEAM_A","","DOMESTIC","Ukraine","Shakhtar","FC Shakhtar Donetsk","SHK","225","MINUTE","4","0","0","30.62","KILOMETER","31","KILOMETER_PER_HOUR"
"250161964","50152","30","1994-11-11","30","Diawara","MWI","UNKNOWN","GOALKEEPER","MALE","","./image/250161964.jpg","Ismael Diawara","GOALKEEPER","","Diawara","","","Malawi","Gardien","Ismael","Diawara","Ismael Diawara","Diawara","200127","./assoc/200127_SWE.svg","./logo/50152.png","UEFA","SWE","50152","FAME","Malmö","","https://img.uefa.com/imgml/TP/teams/logos/70x70/50152.png","https://img.uefa.com/imgml/TP/teams/logos/240x240/50152.png","250152","MAL","DOMESTIC_MEN_TEAM_A","","DOMESTIC","Suède","Malmö","Malmö FF","MAL","225","MINUTE","3","0","0","11.14","KILOMETER","26.5","KILOMETER_PER_HOUR"
"250027215","70691","31","1994-06-23","16","Moi Gómez","ESP","WINGER","MIDFIELDER","MALE","174","./image/250027215.jpg","Moi Gómez","FORWARD","11","Moi Gomez","300122","","Espagne","Milieu","","Moi Gómez","Moi Gómez","Moi Gómez","200122","./assoc/200122_ESP.svg","./logo/70691.png","UEFA","ESP","70691","FAME","Villarreal","","https://img.uefa.com/imgml/TP/teams/logos/70x70/70691.png","https://img.uefa.com/imgml/TP/teams/logos/240x240/70691.png","270691","VIL","DOMESTIC_MEN_TEAM_A","","DOMESTIC","Espagne","Villarreal","Villarreal CF","VIL","222","MINUTE","6","0","1","32.01","KILOMETER","31.8","KILOMETER_PER_HOUR"
"100842","50152","38","1987-04-07","5","Rieks","DEN","CENTRAL_MIDFIELDER","MIDFIELDER","MALE","","./image/100842.jpg","Søren Rieks","MIDFIELDER","","Rieks","35","","Danemark","Milieu","Søren","Rieks","Søren Rieks","Rieks","200127","./assoc/200127_SWE.svg","./logo/50152.png","UEFA","SWE","50152","FAME","Malmö","","https://img.uefa.com/imgml/TP/teams/logos/70x70/50152.png","https://img.uefa.com/imgml/TP/teams/logos/240x240/50152.png","250152","MAL","DOMESTIC_MEN_TEAM_A","","DOMESTIC","Suède","Malmö","Malmö FF","MAL","222","MINUTE","3","1","0","27.79","KILOMETER","34.21","KILOMETER_PER_HOUR"
"250042631","52816","30","1995-02-09","8","Pašalić","CRO","CENTRAL_MIDFIELDER","MIDFIELDER","MALE","186","./image/250042631.jpg","Mario Pašalić","MIDFIELDER","15","Pašalić","56370","78","Croatie","Milieu","Mario","Pašalić","Mario Pašalić","Pašalić","200066","./assoc/200066_ITA.svg","./logo/52816.png","UEFA","ITA","52816","FAME","Atalanta","","https://img.uefa.com/imgml/TP/teams/logos/70x70/52816.png","https://img.uefa.com/imgml/TP/teams/logos/240x240/52816.png","252816","ATA","DOMESTIC_MEN_TEAM_A","","DOMESTIC","Italie","Atalanta","Atalanta BC","ATA","220","MINUTE","5","1","1","29.98","KILOMETER","32.1","KILOMETER_PER_HOUR"
"250000919","50124","35","1990-09-19","2","Trippier","ENG","FULL_BACK","DEFENDER","MALE","178","./image/250000919.jpg","Kieran Trippier","DEFENDER","12","Trippier","39","81","Angleterre","Défenseur","Kieran","Trippier","Kieran Trippier","Trippier","200122","./assoc/200122_ESP.svg","./logo/50124.png","UEFA","ESP","50124","FAME","Atleti","","https://img.uefa.com/imgml/TP/teams/logos/70x70/50124.png","https://img.uefa.com/imgml/TP/teams/logos/240x240/50124.png","250124","ATM","DOMESTIC_MEN_TEAM_A","","DOMESTIC","Espagne","Atleti","Atlético de Madrid","ATM","220","MINUTE","3","0","0","27.03","KILOMETER","30.8","KILOMETER_PER_HOUR"
"250087538","50080","26","1999-05-13","3","O. MINGUEZA","ESP","UNKNOWN","DEFENDER","MALE","","./image/250087538.jpg","Oscar Mingueza","DEFENDER","14","O. MINGUEZA","122","","Espagne","Défenseur","Oscar","Mingueza","Oscar Mingueza","Mingueza","200122","./assoc/200122_ESP.svg","./logo/50080.png","UEFA","ESP","50080","FAME","Barcelona","","https://img.uefa.com/imgml/TP/teams/logos/70x70/50080.png","https://img.uefa.com/imgml/TP/teams/logos/240x240/50080.png","250080","BAR","DOMESTIC_MEN_TEAM_A","","DOMESTIC","Espagne","Barcelona","FC Barcelona","BAR","219","MINUTE","5","0","0","27.16","KILOMETER","33.1","KILOMETER_PER_HOUR"
"250116775","50157","24","2001-04-05","8","Bozdogan","TUR","","MIDFIELDER","MALE","","./image/250116775.jpg","Can Bozdoğan","MIDFIELDER","20","Bozdogan","400047","","Turquie","Milieu","Can","Bozdoğan","Can Bozdoğan","Bozdoğan","200135","./assoc/200135_TUR.svg","./logo/50157.png","UEFA","TUR","50157","FAME","Beşiktaş","","https://img.uefa.com/imgml/TP/teams/logos/70x70/50157.png","https://img.uefa.com/imgml/TP/teams/logos/240x240/50157.png","250157","BES","DOMESTIC_MEN_TEAM_A","","DOMESTIC","Turquie","Beşiktaş","Beşiktaş JK","BES","219","MINUTE","4","0","0","28.33","KILOMETER","29.9","KILOMETER_PER_HOUR"
"250064482","50149","30","1995-02-13","11","Nuno Santos","POR","UNKNOWN","FORWARD","MALE","179","./image/250064482.jpg","Nuno Santos","FORWARD","23","Nuno Santos","200110","73","Portugal","Attaquant","","Nuno Santos","Nuno Santos","Nuno Santos","200110","./assoc/200110_POR.svg","./logo/50149.png","UEFA","POR","50149","FAME","Sporting CP","","https://img.uefa.com/imgml/TP/teams/logos/70x70/50149.png","https://img.uefa.com/imgml/TP/teams/logos/240x240/50149.png","250149","SPO","DOMESTIC_MEN_TEAM_A","","DOMESTIC","Portugal","Sporting CP","Sporting Clube de Portugal","SPO","218","MINUTE","7","1","0","28.87","KILOMETER","32.71","KILOMETER_PER_HOUR"
"250101444","50064","25","2000-02-13","17","VITINHA","POR","UNKNOWN","MIDFIELDER","MALE","","./image/250101444.jpg","Vitinha","MIDFIELDER","23","VITINHA","110","","Portugal","Milieu","","Vitinha","Vitinha","Vitinha","200110","./assoc/200110_POR.svg","./logo/50064.png","UEFA","POR","50064","FAME","Porto","","https://img.uefa.com/imgml/TP/teams/logos/70x70/50064.png","https://img.uefa.com/imgml/TP/teams/logos/240x240/50064.png","250064","POR","DOMESTIC_MEN_TEAM_A","","DOMESTIC","Portugal","Porto","FC Porto","POR","218","MINUTE","6","0","0","31.07","KILOMETER","29.6","KILOMETER_PER_HOUR"
"250122983","50058","25","2000-06-05","15","Kalulu","FRA","FULL_BACK","DEFENDER","MALE","","./image/250122983.jpg","Pierre Kalulu","DEFENDER","19","Kalulu","43","","France","Défenseur","Pierre","Kalulu","Pierre Kalulu","Kalulu","200066","./assoc/200066_ITA.svg","./logo/50058.png","UEFA","ITA","50058","FAME","Milan","","https://img.uefa.com/imgml/TP/teams/logos/70x70/50058.png","https://img.uefa.com/imgml/TP/teams/logos/240x240/50058.png","250058","MIL","DOMESTIC_MEN_TEAM_A","","DOMESTIC","Italie","Milan","AC Milan","MIL","216","MINUTE","5","0","1","26.63","KILOMETER","33.1","KILOMETER_PER_HOUR"
"250081223","7889","30","1995-01-16","18","MINAMINO","JPN","STRIKER","MIDFIELDER","MALE","174","./image/250081223.jpg","Takumi Minamino","FORWARD","10","Minamino","69","","Japon","Milieu","Takumi","Minamino","Takumi Minamino","Minamino","200039","./assoc/200039_ENG.svg","./logo/7889.png","UEFA","ENG","7889","FAME","Liverpool","","https://img.uefa.com/imgml/TP/teams/logos/70x70/7889.png","https://img.uefa.com/imgml/TP/teams/logos/240x240/7889.png","207889","LIV","DOMESTIC_MEN_TEAM_A","","DOMESTIC","Angleterre","Liverpool","Liverpool FC","LIV","215","MINUTE","4","0","0","29.7","KILOMETER","31.6","KILOMETER_PER_HOUR"
"250074777","52758","29","1996-01-01","18","Dahoud","GER","CENTRAL_MIDFIELDER","MIDFIELDER","MALE","176","./image/250074777.jpg","Mahmoud Dahoud","MIDFIELDER","18","Dahoud","47","67","Allemagne","Milieu","Mahmoud","Dahoud","Mahmoud Dahoud","Dahoud","200047","./assoc/200047_GER.svg","./logo/52758.png","UEFA","GER","52758","FAME","B. Dortmund","","https://img.uefa.com/imgml/TP/teams/logos/70x70/52758.png","https://img.uefa.com/imgml/TP/teams/logos/240x240/52758.png","252758","BVB","DOMESTIC_MEN_TEAM_A","","DOMESTIC","Allemagne","B. Dortmund","Borussia Dortmund","BVB","212","MINUTE","4","0","2","28.19","KILOMETER","29","KILOMETER_PER_HOUR"
"250074281","50064","32","1993-01-06","11","Tecatito","POR","WINGER","FORWARD","MALE","173","./image/250074281.jpg","Jesús Corona","MIDFIELDER","17","Jesus C.","91","62","Portugal","Attaquant","Jesús","Corona","Jesús Corona","Corona","200110","./assoc/200110_POR.svg","./logo/50064.png","UEFA","POR","50064","FAME","Porto","","https://img.uefa.com/imgml/TP/teams/logos/70x70/50064.png","https://img.uefa.com/imgml/TP/teams/logos/240x240/50064.png","250064","POR","DOMESTIC_MEN_TEAM_A","","DOMESTIC","Portugal","Porto","FC Porto","POR","212","MINUTE","4","0","0","28","KILOMETER","33.5","KILOMETER_PER_HOUR"
"250118959","50037","23","2002-06-07","14","Nianzou","FRA","UNKNOWN","DEFENDER","MALE","","./image/250118959.jpg","Tanguy Nianzou","DEFENDER","22","KOUASSI","200043","","France","Défenseur","Tanguy","Nianzou","Tanguy Nianzou","Nianzou","200047","./assoc/200047_GER.svg","./logo/50037.png","UEFA","GER","50037","FAME","Bayern München","","https://img.uefa.com/imgml/TP/teams/logos/70x70/50037.png","https://img.uefa.com/imgml/TP/teams/logos/240x240/50037.png","250037","BAY","DOMESTIC_MEN_TEAM_A","","DOMESTIC","Allemagne","Bayern München","FC Bayern München","BAY","212","MINUTE","4","0","0","25.4","KILOMETER","30","KILOMETER_PER_HOUR"
"70120","7889","39","1986-01-04","6","Milner","ENG","CENTRAL_MIDFIELDER","MIDFIELDER","MALE","175","./image/70120.jpg","James Milner","MIDFIELDER","4","Milner","39","70","Angleterre","Milieu","James","Milner","James Milner","Milner","200039","./assoc/200039_ENG.svg","./logo/7889.png","UEFA","ENG","7889","FAME","Liverpool","","https://img.uefa.com/imgml/TP/teams/logos/70x70/7889.png","https://img.uefa.com/imgml/TP/teams/logos/240x240/7889.png","207889","LIV","DOMESTIC_MEN_TEAM_A","","DOMESTIC","Angleterre","Liverpool","Liverpool FC","LIV","211","MINUTE","8","0","1","31.97","KILOMETER","29","KILOMETER_PER_HOUR"
"250121401","52816","28","1997-04-21","32","Pessina","ITA","UNKNOWN","MIDFIELDER","MALE","","./image/250121401.jpg","Matteo Pessina","MIDFIELDER","14","Pessina","66","","Italie","Milieu","Matteo","Pessina","Matteo Pessina","Pessina","200066","./assoc/200066_ITA.svg","./logo/52816.png","UEFA","ITA","52816","FAME","Atalanta","","https://img.uefa.com/imgml/TP/teams/logos/70x70/52816.png","https://img.uefa.com/imgml/TP/teams/logos/240x240/52816.png","252816","ATA","DOMESTIC_MEN_TEAM_A","","DOMESTIC","Italie","Atalanta","Atalanta BC","ATA","211","MINUTE","4","1","0","29.42","KILOMETER","31.5","KILOMETER_PER_HOUR"
"250081553","52816","27","1998-02-28","8","Koopmeiners","NED","CENTRAL_MIDFIELDER","MIDFIELDER","MALE","","./image/250081553.jpg","Teun Koopmeiners","MIDFIELDER","20","Koopmeiners","95","","Pays-Bas","Milieu","Teun","Koopmeiners","Teun Koopmeiners","Koopmeiners","200066","./assoc/200066_ITA.svg","./logo/52816.png","UEFA","ITA","52816","FAME","Atalanta","","https://img.uefa.com/imgml/TP/teams/logos/70x70/52816.png","https://img.uefa.com/imgml/TP/teams/logos/240x240/52816.png","252816","ATA","DOMESTIC_MEN_TEAM_A","","DOMESTIC","Italie","Atalanta","Atalanta BC","ATA","210","MINUTE","5","0","1","28.9","KILOMETER","30.6","KILOMETER_PER_HOUR"
"250104066","2603790","24","2000-10-25","8","Szoboszlai","HUN","CENTRAL_MIDFIELDER","MIDFIELDER","MALE","","./image/250104066.jpg","Dominik Szoboszlai","MIDFIELDER","10","Szoboszlai","57","","Hongrie","Milieu","Dominik","Szoboszlai","Dominik Szoboszlai","Szoboszlai","200047","./assoc/200047_GER.svg","./logo/2603790.png","UEFA","GER","2603790","FAME","Leipzig","","https://img.uefa.com/imgml/TP/teams/logos/70x70/2603790.png","https://img.uefa.com/imgml/TP/teams/logos/240x240/2603790.png","250002563","RBL","DOMESTIC_MEN_TEAM_A","","DOMESTIC","Allemagne","Leipzig","RB Leipzig","RBL","209","MINUTE","4","2","0","26.89","KILOMETER","32.21","KILOMETER_PER_HOUR"
"250080570","50051","29","1996-01-21","21","M.ASENSIO","ESP","ATTACKING_MIDFIELDER","FORWARD","MALE","178","./image/250080570.jpg","Marco Asensio","FORWARD","10","M. Asensio","122","70","Espagne","Attaquant","Marco","Asensio","Marco Asensio","Asensio","200122","./assoc/200122_ESP.svg","./logo/50051.png","UEFA","ESP","50051","FAME","Real Madrid","","https://img.uefa.com/imgml/TP/teams/logos/70x70/50051.png","https://img.uefa.com/imgml/TP/teams/logos/240x240/50051.png","250051","RMA","DOMESTIC_MEN_TEAM_A","","DOMESTIC","Espagne","Real Madrid","Real Madrid C.F.","RMA","207","MINUTE","8","1","2","28.44","KILOMETER","31.5","KILOMETER_PER_HOUR"
"250045024","52707","37","1988-06-07","11","Marlos","UKR","ATTACKING_MIDFIELDER","MIDFIELDER","MALE","173","./image/250045024.jpg","Marlos","MIDFIELDER","11","Marlos","57166","69","Ukraine","Milieu","","Marlos","Marlos","Marlos","257166","./assoc/257166_UKR.svg","./logo/52707.png","UEFA","UKR","52707","FAME","Shakhtar","","https://img.uefa.com/imgml/TP/teams/logos/70x70/52707.png","https://img.uefa.com/imgml/TP/teams/logos/240x240/52707.png","252707","SHK","DOMESTIC_MEN_TEAM_A","","DOMESTIC","Ukraine","Shakhtar","FC Shakhtar Donetsk","SHK","206","MINUTE","6","0","0","25.45","KILOMETER","30.1","KILOMETER_PER_HOUR"
"250161762","50149","24","2001-04-11","25","Ugarte","URU","UNKNOWN","MIDFIELDER","MALE","","./image/250161762.jpg","Manuel Ugarte","MIDFIELDER","25","Ugarte","138","","Uruguay","Milieu","Manuel","Ugarte","Manuel Ugarte","Ugarte","200110","./assoc/200110_POR.svg","./logo/50149.png","UEFA","POR","50149","FAME","Sporting CP","","https://img.uefa.com/imgml/TP/teams/logos/70x70/50149.png","https://img.uefa.com/imgml/TP/teams/logos/240x240/50149.png","250149","SPO","DOMESTIC_MEN_TEAM_A","","DOMESTIC","Portugal","Sporting CP","Sporting Clube de Portugal","SPO","205","MINUTE","4","0","0","29.58","KILOMETER","32","KILOMETER_PER_HOUR"
"250142499","69606","28","1997-06-24","10","Yakhshiboev","UZB","UNKNOWN","FORWARD","MALE","","./image/250142499.jpg","Jasurbek Yakhshiboev","FORWARD","","Яхшибоев","65158","","Ouzbékistan","Attaquant","Jasurbek","Yakhshiboev","Jasurbek Yakhshiboev","Yakhshiboev","257160","./assoc/257160_MDA.svg","./logo/69606.png","UEFA","MDA","69606","FAME","Sheriff","","https://img.uefa.com/imgml/TP/teams/logos/70x70/69606.png","https://img.uefa.com/imgml/TP/teams/logos/240x240/69606.png","269606","SHE","DOMESTIC_MEN_TEAM_A","","DOMESTIC","Moldavie","Sheriff","FC Sheriff Tiraspol","SHE","205","MINUTE","3","1","0","27.86","KILOMETER","34.1","KILOMETER_PER_HOUR"
"250063866","52714","30","1995-09-01","11","Munir","MAR","STRIKER","FORWARD","MALE","175","./image/250063866.jpg","Munir","FORWARD","19","Munir","200122","69","Maroc","Attaquant","","Munir","Munir","Munir","200122","./assoc/200122_ESP.svg","./logo/52714.png","UEFA","ESP","52714","FAME","Sevilla","","https://img.uefa.com/imgml/TP/teams/logos/70x70/52714.png","https://img.uefa.com/imgml/TP/teams/logos/240x240/52714.png","252714","SEV","DOMESTIC_MEN_TEAM_A","","DOMESTIC","Espagne","Sevilla","Sevilla FC","SEV","204","MINUTE","4","0","0","26.35","KILOMETER","29.8","KILOMETER_PER_HOUR"
"250081207","52682","28","1997-04-18","6","Van De Beek","NED","CENTRAL_MIDFIELDER","MIDFIELDER","MALE","180","./image/250081207.jpg","Donny van de Beek","MIDFIELDER","20","Van De Beek","95","","Pays-Bas","Milieu","Donny","van de Beek","Donny van de Beek","Van de Beek","200039","./assoc/200039_ENG.svg","./logo/52682.png","UEFA","ENG","52682","FAME","Man Utd","","https://img.uefa.com/imgml/TP/teams/logos/70x70/52682.png","https://img.uefa.com/imgml/TP/teams/logos/240x240/52682.png","252682","MUN","DOMESTIC_MEN_TEAM_A","","DOMESTIC","Angleterre","Man Utd","Manchester United","MUN","204","MINUTE","4","0","0","23.5","KILOMETER","29.7","KILOMETER_PER_HOUR"
"250087460","64332","26","1999-03-22","3","Bornauw","BEL","UNKNOWN","DEFENDER","MALE","","./image/250087460.jpg","Sebastiaan Bornauw","DEFENDER","15","Bornauw","13","","Belgique","Défenseur","Sebastiaan","Bornauw","Sebastiaan Bornauw","Bornauw","200047","./assoc/200047_GER.svg","./logo/64332.png","UEFA","GER","64332","FAME","Wolfsburg","","https://img.uefa.com/imgml/TP/teams/logos/70x70/64332.png","https://img.uefa.com/imgml/TP/teams/logos/240x240/64332.png","264332","WOB","DOMESTIC_MEN_TEAM_A","","DOMESTIC","Allemagne","Wolfsburg","VfL Wolfsburg","WOL","204","MINUTE","3","0","0","22.32","KILOMETER","33","KILOMETER_PER_HOUR"
"250106648","50143","28","1997-03-03","7","Neres","BRA","STRIKER","FORWARD","MALE","","./image/250106648.jpg","David Neres","FORWARD","","Neres","18","","Brésil","Attaquant","David","Neres","David Neres","Neres","200095","./assoc/200095_NED.svg","./logo/50143.png","UEFA","NED","50143","FAME","Ajax","","https://img.uefa.com/imgml/TP/teams/logos/70x70/50143.png","https://img.uefa.com/imgml/TP/teams/logos/240x240/50143.png","250143","AJX","DOMESTIC_MEN_TEAM_A","","DOMESTIC","Pays-Bas","Ajax","AFC Ajax","AJX","203","MINUTE","5","1","0","24.01","KILOMETER","32.9","KILOMETER_PER_HOUR"
"250103758","52758","25","2000-07-21","9","Haaland","NOR","UNKNOWN","FORWARD","MALE","","./image/250103758.jpg","Erling Haaland","FORWARD","9","Braut Haaland","101","","Norvège","Attaquant","Erling","Haaland","Erling Haaland","Haaland","200047","./assoc/200047_GER.svg","./logo/52758.png","UEFA","GER","52758","FAME","B. Dortmund","","https://img.uefa.com/imgml/TP/teams/logos/70x70/52758.png","https://img.uefa.com/imgml/TP/teams/logos/240x240/52758.png","252758","BVB","DOMESTIC_MEN_TEAM_A","","DOMESTIC","Allemagne","B. Dortmund","Borussia Dortmund","BVB","203","MINUTE","3","3","0","22.29","KILOMETER","33.9","KILOMETER_PER_HOUR"
"250161003","50149","28","1997-03-30","7","Tabata","BRA","UNKNOWN","MIDFIELDER","MALE","","./image/250161003.jpg","Bruno Tabata","MIDFIELDER","","Souza Ramos","","","Brésil","Milieu","","Bruno Tabata","Bruno Tabata","Bruno Tabata","200110","./assoc/200110_POR.svg","./logo/50149.png","UEFA","POR","50149","FAME","Sporting CP","","https://img.uefa.com/imgml/TP/teams/logos/70x70/50149.png","https://img.uefa.com/imgml/TP/teams/logos/240x240/50149.png","250149","SPO","DOMESTIC_MEN_TEAM_A","","DOMESTIC","Portugal","Sporting CP","Sporting Clube de Portugal","SPO","201","MINUTE","4","1","1","28.25","KILOMETER","31.3","KILOMETER_PER_HOUR"
"250010472","52714","34","1991-09-03","27","Delaney","DEN","CENTRAL_MIDFIELDER","MIDFIELDER","MALE","182","./image/250010472.jpg","Thomas Delaney","MIDFIELDER","8","Delaney","35","71","Danemark","Milieu","Thomas","Delaney","Thomas Delaney","Delaney","200122","./assoc/200122_ESP.svg","./logo/52714.png","UEFA","ESP","52714","FAME","Sevilla","","https://img.uefa.com/imgml/TP/teams/logos/70x70/52714.png","https://img.uefa.com/imgml/TP/teams/logos/240x240/52714.png","252714","SEV","DOMESTIC_MEN_TEAM_A","","DOMESTIC","Espagne","Sevilla","Sevilla FC","SEV","200","MINUTE","4","0","0","28.15","KILOMETER","31","KILOMETER_PER_HOUR"
"103806","50138","35","1989-12-02","36","Darmian","ITA","FULL_BACK","DEFENDER","MALE","182","./image/103806.jpg","Matteo Darmian","DEFENDER","13","Darmian","66","70","Italie","Défenseur","Matteo","Darmian","Matteo Darmian","Darmian","200066","./assoc/200066_ITA.svg","./logo/50138.png","UEFA","ITA","50138","FAME","Inter","","https://img.uefa.com/imgml/TP/teams/logos/70x70/50138.png","https://img.uefa.com/imgml/TP/teams/logos/240x240/50138.png","250138","INT","DOMESTIC_MEN_TEAM_A","","DOMESTIC","Italie","Inter","FC Internazionale Milano","INT","196","MINUTE","5","0","0","25.15","KILOMETER","35.5","KILOMETER_PER_HOUR"
"250014332","52758","32","1993-04-01","14","Schulz","GER","FULL_BACK","DEFENDER","MALE","180","./image/250014332.jpg","Nico Schulz","DEFENDER","14","Schulz","47","78","Allemagne","Défenseur","Nico","Schulz","Nico Schulz","Schulz","200047","./assoc/200047_GER.svg","./logo/52758.png","UEFA","GER","52758","FAME","B. Dortmund","","https://img.uefa.com/imgml/TP/teams/logos/70x70/52758.png","https://img.uefa.com/imgml/TP/teams/logos/240x240/52758.png","252758","BVB","DOMESTIC_MEN_TEAM_A","","DOMESTIC","Allemagne","B. Dortmund","Borussia Dortmund","BVB","195","MINUTE","4","0","1","24.53","KILOMETER","33.3","KILOMETER_PER_HOUR"
"250005348","52682","37","1988-08-01","31","Matic","SRB","DEFENSIVE_MIDFIELDER","MIDFIELDER","MALE","193","./image/250005348.jpg","Nemanja Matić","MIDFIELDER","21","Matic","147","82","Serbie","Milieu","Nemanja","Matić","Nemanja Matić","Matić","200039","./assoc/200039_ENG.svg","./logo/52682.png","UEFA","ENG","52682","FAME","Man Utd","","https://img.uefa.com/imgml/TP/teams/logos/70x70/52682.png","https://img.uefa.com/imgml/TP/teams/logos/240x240/52682.png","252682","MUN","DOMESTIC_MEN_TEAM_A","","DOMESTIC","Angleterre","Man Utd","Manchester United","MUN","194","MINUTE","8","0","0","24.6","KILOMETER","31.9","KILOMETER_PER_HOUR"
"250055960","64332","31","1994-03-13","31","Gerhardt","GER","CENTRAL_MIDFIELDER","MIDFIELDER","MALE","184","./image/250055960.jpg","Yannick Gerhardt","MIDFIELDER","7","Gerhardt","47","81","Allemagne","Milieu","Yannick","Gerhardt","Yannick Gerhardt","Gerhardt","200047","./assoc/200047_GER.svg","./logo/64332.png","UEFA","GER","64332","FAME","Wolfsburg","","https://img.uefa.com/imgml/TP/teams/logos/70x70/64332.png","https://img.uefa.com/imgml/TP/teams/logos/240x240/64332.png","264332","WOB","DOMESTIC_MEN_TEAM_A","","DOMESTIC","Allemagne","Wolfsburg","VfL Wolfsburg","WOL","192","MINUTE","5","0","1","25.79","KILOMETER","31.8","KILOMETER_PER_HOUR"
"107955","52707","34","1991-03-15","4","Kryvtsov","UKR","CENTRE_BACK","DEFENDER","MALE","186","./image/107955.jpg","Serhiy Kryvtsov","DEFENDER","4","Kryvtsov","57166","80","Ukraine","Défenseur","Serhiy","Kryvtsov","Serhiy Kryvtsov","Kryvtsov","257166","./assoc/257166_UKR.svg","./logo/52707.png","UEFA","UKR","52707","FAME","Shakhtar","","https://img.uefa.com/imgml/TP/teams/logos/70x70/52707.png","https://img.uefa.com/imgml/TP/teams/logos/240x240/52707.png","252707","SHK","DOMESTIC_MEN_TEAM_A","","DOMESTIC","Ukraine","Shakhtar","FC Shakhtar Donetsk","SHK","192","MINUTE","3","0","1","23.45","KILOMETER","30.1","KILOMETER_PER_HOUR"
"250002538","50157","34","1991-01-24","20","Necip Uysal","TUR","DEFENSIVE_MIDFIELDER","DEFENDER","MALE","180","./image/250002538.jpg","Necip Uysal","MIDFIELDER","14","Necip","200135","72","Turquie","Défenseur","","Necip Uysal","Necip Uysal","Necip Uysal","200135","./assoc/200135_TUR.svg","./logo/50157.png","UEFA","TUR","50157","FAME","Beşiktaş","","https://img.uefa.com/imgml/TP/teams/logos/70x70/50157.png","https://img.uefa.com/imgml/TP/teams/logos/240x240/50157.png","250157","BES","DOMESTIC_MEN_TEAM_A","","DOMESTIC","Turquie","Beşiktaş","Beşiktaş JK","BES","189","MINUTE","3","0","0","19.8","KILOMETER","31.6","KILOMETER_PER_HOUR"
"250078763","52914","28","1996-12-21","3","CHILWELL","ENG","UNKNOWN","DEFENDER","MALE","178","./image/250078763.jpg","Ben Chilwell","DEFENDER","21","Chilwell","39","71","Angleterre","Défenseur","Ben","Chilwell","Ben Chilwell","Chilwell","200039","./assoc/200039_ENG.svg","./logo/52914.png","UEFA","ENG","52914","FAME","Chelsea","","https://img.uefa.com/imgml/TP/teams/logos/70x70/52914.png","https://img.uefa.com/imgml/TP/teams/logos/240x240/52914.png","252914","CHE","DOMESTIC_MEN_TEAM_A","","DOMESTIC","Angleterre","Chelsea","Chelsea FC","CHE","188","MINUTE","4","0","0","23.3","KILOMETER","31.7","KILOMETER_PER_HOUR"
"250042610","7889","30","1995-04-18","27","Origi","BEL","STRIKER","FORWARD","MALE","185","./image/250042610.jpg","Divock Origi","FORWARD","17","Origi","13","75","Belgique","Attaquant","Divock","Origi","Divock Origi","Origi","200039","./assoc/200039_ENG.svg","./logo/7889.png","UEFA","ENG","7889","FAME","Liverpool","","https://img.uefa.com/imgml/TP/teams/logos/70x70/7889.png","https://img.uefa.com/imgml/TP/teams/logos/240x240/7889.png","207889","LIV","DOMESTIC_MEN_TEAM_A","","DOMESTIC","Angleterre","Liverpool","Liverpool FC","LIV","187","MINUTE","7","1","1","23.79","KILOMETER","32.4","KILOMETER_PER_HOUR"
"57033","50152","40","1985-09-29","4","Moisander","FIN","UNKNOWN","DEFENDER","MALE","182","./image/57033.jpg","Niklas Moisander","DEFENDER","3","Moisander","42","73","Finlande","Défenseur","Niklas","Moisander","Niklas Moisander","Moisander","200127","./assoc/200127_SWE.svg","./logo/50152.png","UEFA","SWE","50152","FAME","Malmö","","https://img.uefa.com/imgml/TP/teams/logos/70x70/50152.png","https://img.uefa.com/imgml/TP/teams/logos/240x240/50152.png","250152","MAL","DOMESTIC_MEN_TEAM_A","","DOMESTIC","Suède","Malmö","Malmö FF","MAL","187","MINUTE","3","0","0","21.98","KILOMETER","29.5","KILOMETER_PER_HOUR"
"250162767","52714","28","1997-01-01","4","Montiel","ARG","UNKNOWN","DEFENDER","MALE","","./image/250162767.jpg","Gonzalo Montiel","DEFENDER","4","G. Montiel","6","","Argentine","Défenseur","Gonzalo","Montiel","Gonzalo Montiel","Montiel","200122","./assoc/200122_ESP.svg","./logo/52714.png","UEFA","ESP","52714","FAME","Sevilla","","https://img.uefa.com/imgml/TP/teams/logos/70x70/52714.png","https://img.uefa.com/imgml/TP/teams/logos/240x240/52714.png","252714","SEV","DOMESTIC_MEN_TEAM_A","","DOMESTIC","Espagne","Sevilla","Sevilla FC","SEV","186","MINUTE","4","0","0","24.95","KILOMETER","31.4","KILOMETER_PER_HOUR"
"250106935","7889","24","2001-01-30","17","Jones","ENG","UNKNOWN","MIDFIELDER","MALE","","./image/250106935.jpg","Curtis Jones","MIDFIELDER","17","Jones","39","","Angleterre","Milieu","Curtis","Jones","Curtis Jones","Jones","200039","./assoc/200039_ENG.svg","./logo/7889.png","UEFA","ENG","7889","FAME","Liverpool","","https://img.uefa.com/imgml/TP/teams/logos/70x70/7889.png","https://img.uefa.com/imgml/TP/teams/logos/240x240/7889.png","207889","LIV","DOMESTIC_MEN_TEAM_A","","DOMESTIC","Angleterre","Liverpool","Liverpool FC","LIV","185","MINUTE","4","0","2","27.14","KILOMETER","30.4","KILOMETER_PER_HOUR"
"250022242","50157","35","1990-01-06","90","A.Teixeira","BRA","UNKNOWN","MIDFIELDER","MALE","173","./image/250022242.jpg","Alex Teixeira","MIDFIELDER","","Teixeira Santos","","70","Brésil","Milieu","","Alex Teixeira","Alex Teixeira","Alex Teixeira","200135","./assoc/200135_TUR.svg","./logo/50157.png","UEFA","TUR","50157","FAME","Beşiktaş","","https://img.uefa.com/imgml/TP/teams/logos/70x70/50157.png","https://img.uefa.com/imgml/TP/teams/logos/240x240/50157.png","250157","BES","DOMESTIC_MEN_TEAM_A","","DOMESTIC","Turquie","Beşiktaş","Beşiktaş JK","BES","184","MINUTE","3","0","0","18.64","KILOMETER","29.5","KILOMETER_PER_HOUR"
"250102866","2603790","27","1998-01-31","8","Haidara","MLI","CENTRAL_MIDFIELDER","MIDFIELDER","MALE","","./image/250102866.jpg","Amadou Haidara","MIDFIELDER","","Haidara","","","Mali","Milieu","Amadou","Haidara","Amadou Haidara","Haidara","200047","./assoc/200047_GER.svg","./logo/2603790.png","UEFA","GER","2603790","FAME","Leipzig","","https://img.uefa.com/imgml/TP/teams/logos/70x70/2603790.png","https://img.uefa.com/imgml/TP/teams/logos/240x240/2603790.png","250002563","RBL","DOMESTIC_MEN_TEAM_A","","DOMESTIC","Allemagne","Leipzig","RB Leipzig","RBL","182","MINUTE","4","0","0","24.39","KILOMETER","29.5","KILOMETER_PER_HOUR"
"250066156","52758","31","1993-12-22","22","Guerreiro","POR","FULL_BACK","DEFENDER","MALE","170","./image/250066156.jpg","Raphaël Guerreiro","DEFENDER","5","Raphael","110","67","Portugal","Défenseur","Raphaël","Guerreiro","Raphaël Guerreiro","Guerreiro","200047","./assoc/200047_GER.svg","./logo/52758.png","UEFA","GER","52758","FAME","B. Dortmund","","https://img.uefa.com/imgml/TP/teams/logos/70x70/52758.png","https://img.uefa.com/imgml/TP/teams/logos/240x240/52758.png","252758","BVB","DOMESTIC_MEN_TEAM_A","","DOMESTIC","Allemagne","B. Dortmund","Borussia Dortmund","BVB","182","MINUTE","3","0","0","23.13","KILOMETER","30.4","KILOMETER_PER_HOUR"
"250113272","7889","24","2001-04-13","3","Williams","WAL","UNKNOWN","DEFENDER","MALE","","./image/250113272.jpg","Neco Williams","DEFENDER","3","N. Williams","144","","Pays de Galles","Défenseur","Neco","Williams","Neco Williams","Williams","200039","./assoc/200039_ENG.svg","./logo/7889.png","UEFA","ENG","7889","FAME","Liverpool","","https://img.uefa.com/imgml/TP/teams/logos/70x70/7889.png","https://img.uefa.com/imgml/TP/teams/logos/240x240/7889.png","207889","LIV","DOMESTIC_MEN_TEAM_A","","DOMESTIC","Angleterre","Liverpool","Liverpool FC","LIV","180","MINUTE","3","0","0","23.5","KILOMETER","33.3","KILOMETER_PER_HOUR"
"250099180","50139","25","2000-01-28","9","Vlahović","SRB","STRIKER","FORWARD","MALE","","./image/250099180.jpg","Dušan Vlahović","FORWARD","23","Vlahović","147","","Serbie","Attaquant","Dušan","Vlahović","Dušan Vlahović","Vlahović","200066","./assoc/200066_ITA.svg","./logo/50139.png","UEFA","ITA","50139","FAME","Juventus","","https://img.uefa.com/imgml/TP/teams/logos/70x70/50139.png","https://img.uefa.com/imgml/TP/teams/logos/240x240/50139.png","250139","JUV","DOMESTIC_MEN_TEAM_A","","DOMESTIC","Italie","Juventus","Juventus","JUV","180","MINUTE","2","1","0","20.94","KILOMETER","31.6","KILOMETER_PER_HOUR"
"250135392","50147","24","2001-06-30","4","Morato","BRA","CENTRE_BACK","DEFENDER","MALE","","./image/250135392.jpg","Morato","DEFENDER","","Morato","","","Brésil","Défenseur","","Morato","Morato","Morato","200110","./assoc/200110_POR.svg","./logo/50147.png","UEFA","POR","50147","FAME","Benfica","","https://img.uefa.com/imgml/TP/teams/logos/70x70/50147.png","https://img.uefa.com/imgml/TP/teams/logos/240x240/50147.png","250147","BEN","DOMESTIC_MEN_TEAM_A","","DOMESTIC","Portugal","Benfica","SL Benfica","BEN","180","MINUTE","2","1","0","19.57","KILOMETER","30.3","KILOMETER_PER_HOUR"
"250124400","7889","22","2002-10-31","23","MORTON","ENG","UNKNOWN","MIDFIELDER","MALE","","./image/250124400.jpg","Tyler Morton","MIDFIELDER","23","Morton","200039","","Angleterre","Milieu","Tyler","Morton","Tyler Morton","Morton","200039","./assoc/200039_ENG.svg","./logo/7889.png","UEFA","ENG","7889","FAME","Liverpool","","https://img.uefa.com/imgml/TP/teams/logos/70x70/7889.png","https://img.uefa.com/imgml/TP/teams/logos/240x240/7889.png","207889","LIV","DOMESTIC_MEN_TEAM_A","","DOMESTIC","Angleterre","Liverpool","Liverpool FC","LIV","180","MINUTE","2","0","0","23.46","KILOMETER","31.9","KILOMETER_PER_HOUR"
"250073693","50031","30","1995-08-07","4","Bürgy","SUI","CENTRE_BACK","DEFENDER","MALE","184","./image/250073693.jpg","Nicolas Bürgy","DEFENDER","","Bürgy","","","Suisse","Défenseur","Nicolas","Bürgy","Nicolas Bürgy","Bürgy","200128","./assoc/200128_SUI.svg","./logo/50031.png","UEFA","SUI","50031","FAME","Young Boys","","https://img.uefa.com/imgml/TP/teams/logos/70x70/50031.png","https://img.uefa.com/imgml/TP/teams/logos/240x240/50031.png","250031","YB","DOMESTIC_MEN_TEAM_A","","DOMESTIC","Suisse","Young Boys","BSC Young Boys","YB","180","MINUTE","2","0","0","21.43","KILOMETER","31.4","KILOMETER_PER_HOUR"
"108567","50157","36","1989-04-29","21","Vida","CRO","CENTRE_BACK","DEFENDER","MALE","184","./image/108567.jpg","Domagoj Vida","DEFENDER","21","Vida","56370","73","Croatie","Défenseur","Domagoj","Vida","Domagoj Vida","Vida","200135","./assoc/200135_TUR.svg","./logo/50157.png","UEFA","TUR","50157","FAME","Beşiktaş","","https://img.uefa.com/imgml/TP/teams/logos/70x70/50157.png","https://img.uefa.com/imgml/TP/teams/logos/240x240/50157.png","250157","BES","DOMESTIC_MEN_TEAM_A","","DOMESTIC","Turquie","Beşiktaş","Beşiktaş JK","BES","180","MINUTE","2","0","0","19.09","KILOMETER","31.3","KILOMETER_PER_HOUR"
"250081215","52682","31","1994-04-12","30","E. Bailly","CIV","CENTRE_BACK","DEFENDER","MALE","187","./image/250081215.jpg","Eric Bailly","DEFENDER","","Bailly","67","77","Côte d'Ivoire","Défenseur","Eric","Bailly","Eric Bailly","Bailly","200039","./assoc/200039_ENG.svg","./logo/52682.png","UEFA","ENG","52682","FAME","Man Utd","","https://img.uefa.com/imgml/TP/teams/logos/70x70/52682.png","https://img.uefa.com/imgml/TP/teams/logos/240x240/52682.png","252682","MUN","DOMESTIC_MEN_TEAM_A","","DOMESTIC","Angleterre","Man Utd","Manchester United","MUN","180","MINUTE","2","0","0","18.82","KILOMETER","34.3","KILOMETER_PER_HOUR"
"250121328","75797","30","1995-03-20","30","LEO JARDIM","ITA","UNKNOWN","GOALKEEPER","MALE","","./image/250121328.jpg","Leo Jardim","GOALKEEPER","23","Leo Jardim","18","","Italie","Gardien","","Leo Jardim","Leo Jardim","Leo Jardim","200043","./assoc/200043_FRA.svg","./logo/75797.png","UEFA","FRA","75797","FAME","Lille","","https://img.uefa.com/imgml/TP/teams/logos/70x70/75797.png","https://img.uefa.com/imgml/TP/teams/logos/240x240/75797.png","275797","LIL","DOMESTIC_MEN_TEAM_A","","DOMESTIC","France","Lille","LOSC Lille","LIL","180","MINUTE","2","0","0","11.06","KILOMETER","21.8","KILOMETER_PER_HOUR"
"72819","52826","38","1987-01-28","41","Kerzhakov","RUS","GOALKEEPER","GOALKEEPER","MALE","189","./image/72819.jpg","Mikhail Kerzhakov","GOALKEEPER","","M. Kerzhakov","","84","Russie","Gardien","Mikhail","Kerzhakov","Mikhail Kerzhakov","M. Kerzhakov","257451","./assoc/257451_RUS.svg","./logo/52826.png","UEFA","RUS","52826","FAME","Zenit","","https://img.uefa.com/imgml/TP/teams/logos/70x70/52826.png","https://img.uefa.com/imgml/TP/teams/logos/240x240/52826.png","252826","ZEN","DOMESTIC_MEN_TEAM_A","","DOMESTIC","Russie","Zenit","FC Zenit","ZEN","180","MINUTE","2","0","0","10.62","KILOMETER","23.7","KILOMETER_PER_HOUR"
"250076171","50143","29","1996-04-02","24","Onana","CMR","GOALKEEPER","GOALKEEPER","MALE","190","./image/250076171.jpg","André Onana","GOALKEEPER","23","Onana","23","82","Cameroun","Gardien","André","Onana","André Onana","Onana","200095","./assoc/200095_NED.svg","./logo/50143.png","UEFA","NED","50143","FAME","Ajax","","https://img.uefa.com/imgml/TP/teams/logos/70x70/50143.png","https://img.uefa.com/imgml/TP/teams/logos/240x240/50143.png","250143","AJX","DOMESTIC_MEN_TEAM_A","","DOMESTIC","Pays-Bas","Ajax","AFC Ajax","AJX","180","MINUTE","2","0","0","8.36","KILOMETER","27","KILOMETER_PER_HOUR"
"250113435","52707","24","2001-01-05","10","Mudryk","UKR","WINGER","FORWARD","MALE","","./image/250113435.jpg","Mykhailo Mudryk","FORWARD","7","Mudryk","57166","","Ukraine","Attaquant","Mykhailo","Mudryk","Mykhailo Mudryk","Mudryk","257166","./assoc/257166_UKR.svg","./logo/52707.png","UEFA","UKR","52707","FAME","Shakhtar","","https://img.uefa.com/imgml/TP/teams/logos/70x70/52707.png","https://img.uefa.com/imgml/TP/teams/logos/240x240/52707.png","252707","SHK","DOMESTIC_MEN_TEAM_A","","DOMESTIC","Ukraine","Shakhtar","FC Shakhtar Donetsk","SHK","179","MINUTE","6","0","0","24.2","KILOMETER","34.8","KILOMETER_PER_HOUR"
"250005343","50080","35","1990-08-27","26","De Jong","NED","STRIKER","FORWARD","MALE","188","./image/250005343.jpg","Luuk de Jong","FORWARD","9","L. de Jong","95","80","Pays-Bas","Attaquant","Luuk","de Jong","Luuk de Jong","L. de Jong","200122","./assoc/200122_ESP.svg","./logo/50080.png","UEFA","ESP","50080","FAME","Barcelona","","https://img.uefa.com/imgml/TP/teams/logos/70x70/50080.png","https://img.uefa.com/imgml/TP/teams/logos/240x240/50080.png","250080","BAR","DOMESTIC_MEN_TEAM_A","","DOMESTIC","Espagne","Barcelona","FC Barcelona","BAR","179","MINUTE","3","0","0","22.33","KILOMETER","29.3","KILOMETER_PER_HOUR"
"250024963","50139","31","1994-07-29","24","Rugani","ITA","CENTRE_BACK","DEFENDER","MALE","190","./image/250024963.jpg","Daniele Rugani","DEFENDER","15","Rugani","66","82","Italie","Défenseur","Daniele","Rugani","Daniele Rugani","Rugani","200066","./assoc/200066_ITA.svg","./logo/50139.png","UEFA","ITA","50139","FAME","Juventus","","https://img.uefa.com/imgml/TP/teams/logos/70x70/50139.png","https://img.uefa.com/imgml/TP/teams/logos/240x240/50139.png","250139","JUV","DOMESTIC_MEN_TEAM_A","","DOMESTIC","Italie","Juventus","Juventus","JUV","177","MINUTE","4","0","0","21.69","KILOMETER","29","KILOMETER_PER_HOUR"
"250076233","52914","26","1999-07-05","23","Chalobah","ENG","UNKNOWN","DEFENDER","MALE","","./image/250076233.jpg","Trevoh Chalobah","DEFENDER","14","Chalobah","39","","Angleterre","Défenseur","Trevoh","Chalobah","Trevoh Chalobah","Chalobah","200039","./assoc/200039_ENG.svg","./logo/52914.png","UEFA","ENG","52914","FAME","Chelsea","","https://img.uefa.com/imgml/TP/teams/logos/70x70/52914.png","https://img.uefa.com/imgml/TP/teams/logos/240x240/52914.png","252914","CHE","DOMESTIC_MEN_TEAM_A","","DOMESTIC","Angleterre","Chelsea","Chelsea FC","CHE","175","MINUTE","3","1","0","20.43","KILOMETER","31.3","KILOMETER_PER_HOUR"
"250124269","52682","23","2002-04-27","20","Elanga","SWE","WINGER","FORWARD","MALE","","./image/250124269.jpg","Anthony Elanga","MIDFIELDER","11","Elanga","127","","Suède","Attaquant","Anthony","Elanga","Anthony Elanga","Elanga","200039","./assoc/200039_ENG.svg","./logo/52682.png","UEFA","ENG","52682","FAME","Man Utd","","https://img.uefa.com/imgml/TP/teams/logos/70x70/52682.png","https://img.uefa.com/imgml/TP/teams/logos/240x240/52682.png","252682","MUN","DOMESTIC_MEN_TEAM_A","","DOMESTIC","Angleterre","Man Utd","Manchester United","MUN","172","MINUTE","3","1","0","23.04","KILOMETER","34.1","KILOMETER_PER_HOUR"
"250134387","64332","30","1994-11-23","6","Otávio","BRA","FULL_BACK","DEFENDER","MALE","","./image/250134387.jpg","Paulo Otávio","DEFENDER","","Otávio","","","Brésil","Défenseur","","Paulo Otávio","Paulo Otávio","Paulo Otávio","200047","./assoc/200047_GER.svg","./logo/64332.png","UEFA","GER","64332","FAME","Wolfsburg","","https://img.uefa.com/imgml/TP/teams/logos/70x70/64332.png","https://img.uefa.com/imgml/TP/teams/logos/240x240/64332.png","264332","WOB","DOMESTIC_MEN_TEAM_A","","DOMESTIC","Allemagne","Wolfsburg","VfL Wolfsburg","WOL","171","MINUTE","4","0","0","20.23","KILOMETER","34","KILOMETER_PER_HOUR"
"250088942","52758","30","1995-05-27","17","Wolf","GER","WINGER","MIDFIELDER","MALE","","./image/250088942.jpg","Marius Wolf","DEFENDER","25","Wolf","47","","Allemagne","Milieu","Marius","Wolf","Marius Wolf","Wolf","200047","./assoc/200047_GER.svg","./logo/52758.png","UEFA","GER","52758","FAME","B. Dortmund","","https://img.uefa.com/imgml/TP/teams/logos/70x70/52758.png","https://img.uefa.com/imgml/TP/teams/logos/240x240/52758.png","252758","BVB","DOMESTIC_MEN_TEAM_A","","DOMESTIC","Allemagne","B. Dortmund","Borussia Dortmund","BVB","170","MINUTE","5","0","0","24.25","KILOMETER","32.3","KILOMETER_PER_HOUR"
"250110407","52758","28","1997-09-11","5","Pongracic","CRO","CENTRE_BACK","DEFENDER","MALE","","./image/250110407.jpg","Marin Pongračić","DEFENDER","3","Pongračić","56370","","Croatie","Défenseur","Marin","Pongračić","Marin Pongračić","Pongračić","200047","./assoc/200047_GER.svg","./logo/52758.png","UEFA","GER","52758","FAME","B. Dortmund","","https://img.uefa.com/imgml/TP/teams/logos/70x70/52758.png","https://img.uefa.com/imgml/TP/teams/logos/240x240/52758.png","252758","BVB","DOMESTIC_MEN_TEAM_A","","DOMESTIC","Allemagne","B. Dortmund","Borussia Dortmund","BVB","170","MINUTE","5","0","0","20.56","KILOMETER","33.21","KILOMETER_PER_HOUR"
"250006092","50080","33","1992-02-07","20","S. Roberto","ESP","FULL_BACK","MIDFIELDER","MALE","177","./image/250006092.jpg","Sergi Roberto","DEFENDER","10","S. Roberto","122","71","Espagne","Milieu","","Sergi Roberto","Sergi Roberto","Sergi Roberto","200122","./assoc/200122_ESP.svg","./logo/50080.png","UEFA","ESP","50080","FAME","Barcelona","","https://img.uefa.com/imgml/TP/teams/logos/70x70/50080.png","https://img.uefa.com/imgml/TP/teams/logos/240x240/50080.png","250080","BAR","DOMESTIC_MEN_TEAM_A","","DOMESTIC","Espagne","Barcelona","FC Barcelona","BAR","169","MINUTE","3","0","0","22","KILOMETER","31.9","KILOMETER_PER_HOUR"
"250087919","50139","25","2000-02-28","20","Kean","ITA","UNKNOWN","FORWARD","MALE","","./image/250087919.jpg","Moise Kean","FORWARD","11","Kean","66","","Italie","Attaquant","Moise","Kean","Moise Kean","Kean","200066","./assoc/200066_ITA.svg","./logo/50139.png","UEFA","ITA","50139","FAME","Juventus","","https://img.uefa.com/imgml/TP/teams/logos/70x70/50139.png","https://img.uefa.com/imgml/TP/teams/logos/240x240/50139.png","250139","JUV","DOMESTIC_MEN_TEAM_A","","DOMESTIC","Italie","Juventus","Juventus","JUV","168","MINUTE","6","1","0","20.62","KILOMETER","32.6","KILOMETER_PER_HOUR"
"250104089","75797","25","2000-08-31","8","Angel","ENG","CENTRAL_MIDFIELDER","MIDFIELDER","MALE","","./image/250104089.jpg","Angel Gomes","MIDFIELDER","8","Angel","39","","Angleterre","Milieu","Angel","Gomes","Angel Gomes","Gomes","200043","./assoc/200043_FRA.svg","./logo/75797.png","UEFA","FRA","75797","FAME","Lille","","https://img.uefa.com/imgml/TP/teams/logos/70x70/75797.png","https://img.uefa.com/imgml/TP/teams/logos/240x240/75797.png","275797","LIL","DOMESTIC_MEN_TEAM_A","","DOMESTIC","France","Lille","LOSC Lille","LIL","168","MINUTE","4","1","1","19.71","KILOMETER","32.21","KILOMETER_PER_HOUR"
"250050353","52714","30","1994-11-10","21","Óliver T.","ESP","ATTACKING_MIDFIELDER","MIDFIELDER","MALE","178","./image/250050353.jpg","Óliver Torres","MIDFIELDER","16","Óliver","122","70","Espagne","Milieu","","Óliver Torres","Óliver Torres","Óliver Torres","200122","./assoc/200122_ESP.svg","./logo/52714.png","UEFA","ESP","52714","FAME","Sevilla","","https://img.uefa.com/imgml/TP/teams/logos/70x70/52714.png","https://img.uefa.com/imgml/TP/teams/logos/240x240/52714.png","252714","SEV","DOMESTIC_MEN_TEAM_A","","DOMESTIC","Espagne","Sevilla","Sevilla FC","SEV","168","MINUTE","4","0","0","25.79","KILOMETER","29.1","KILOMETER_PER_HOUR"
"250141611","50031","32","1993-08-09","25","Lefort","FRA","FULL_BACK","DEFENDER","MALE","","./image/250141611.jpg","Jordan Lefort","DEFENDER","","Lefort","","","France","Défenseur","Jordan","Lefort","Jordan Lefort","Lefort","200128","./assoc/200128_SUI.svg","./logo/50031.png","UEFA","SUI","50031","FAME","Young Boys","","https://img.uefa.com/imgml/TP/teams/logos/70x70/50031.png","https://img.uefa.com/imgml/TP/teams/logos/240x240/50031.png","250031","YB","DOMESTIC_MEN_TEAM_A","","DOMESTIC","Suisse","Young Boys","BSC Young Boys","YB","167","MINUTE","3","0","0","21.14","KILOMETER","30.6","KILOMETER_PER_HOUR"
"250054952","52747","29","1996-05-04","37","Diallo","SEN","UNKNOWN","DEFENDER","MALE","183","./image/250054952.jpg","Abdou Diallo","DEFENDER","22","Diallo","118","72","Sénégal","Défenseur","Abdou","Diallo","Abdou Diallo","Diallo","200043","./assoc/200043_FRA.svg","./logo/52747.png","UEFA","FRA","52747","FAME","Paris","","https://img.uefa.com/imgml/TP/teams/logos/70x70/52747.png","https://img.uefa.com/imgml/TP/teams/logos/240x240/52747.png","252747","PSG","DOMESTIC_MEN_TEAM_A","","DOMESTIC","France","Paris","Paris Saint-Germain","PSG","165","MINUTE","2","0","0","17.86","KILOMETER","30.7","KILOMETER_PER_HOUR"
"250133258","50043","30","1994-12-01","18","F. Ricca","URU","FULL_BACK","DEFENDER","MALE","","./image/250133258.jpg","Federico Ricca","DEFENDER","","F. Ricca","","","Uruguay","Défenseur","Federico","Ricca","Federico Ricca","Ricca","200013","./assoc/200013_BEL.svg","./logo/50043.png","UEFA","BEL","50043","FAME","Club Brugge","","https://img.uefa.com/imgml/TP/teams/logos/70x70/50043.png","https://img.uefa.com/imgml/TP/teams/logos/240x240/50043.png","250043","BRU","DOMESTIC_MEN_TEAM_A","","DOMESTIC","Belgique","Club Brugge","Club Brugge KV","BRU","164","MINUTE","4","0","0","21.93","KILOMETER","30.3","KILOMETER_PER_HOUR"
"250126369","50149","23","2002-06-16","8","Tiago Tomás","POR","STRIKER","FORWARD","MALE","","./image/250126369.jpg","Tiago Tomás","FORWARD","11","TIAGO TOMÁS","200110","","Portugal","Attaquant","","Tiago Tomás","Tiago Tomás","Tiago Tomás","200110","./assoc/200110_POR.svg","./logo/50149.png","UEFA","POR","50149","FAME","Sporting CP","","https://img.uefa.com/imgml/TP/teams/logos/70x70/50149.png","https://img.uefa.com/imgml/TP/teams/logos/240x240/50149.png","250149","SPO","DOMESTIC_MEN_TEAM_A","","DOMESTIC","Portugal","Sporting CP","Sporting Clube de Portugal","SPO","162","MINUTE","5","0","0","22.1","KILOMETER","32.4","KILOMETER_PER_HOUR"
"250108593","50043","23","2002-04-01","2","Van Der Brempt","BEL","FULL_BACK","DEFENDER","MALE","","./image/250108593.jpg","Ignace Van Der Brempt","DEFENDER","20","Van Der Brempt","200013","","Belgique","Défenseur","Ignace","Van Der Brempt","Ignace Van Der Brempt","Van Der Brempt","200013","./assoc/200013_BEL.svg","./logo/50043.png","UEFA","BEL","50043","FAME","Club Brugge","","https://img.uefa.com/imgml/TP/teams/logos/70x70/50043.png","https://img.uefa.com/imgml/TP/teams/logos/240x240/50043.png","250043","BRU","DOMESTIC_MEN_TEAM_A","","DOMESTIC","Belgique","Club Brugge","Club Brugge KV","BRU","162","MINUTE","5","0","0","21.5","KILOMETER","31.9","KILOMETER_PER_HOUR"
"250066774","52723","28","1997-01-20","18","Tymchyk","UKR","FULL_BACK","DEFENDER","MALE","","./image/250066774.jpg","Oleksandr Tymchyk","DEFENDER","18","Tymchyk","57166","","Ukraine","Défenseur","Oleksandr","Tymchyk","Oleksandr Tymchyk","Tymchyk","257166","./assoc/257166_UKR.svg","./logo/52723.png","UEFA","UKR","52723","FAME","Dynamo Kyiv","","https://img.uefa.com/imgml/TP/teams/logos/70x70/52723.png","https://img.uefa.com/imgml/TP/teams/logos/240x240/52723.png","252723","DKY","DOMESTIC_MEN_TEAM_A","","DOMESTIC","Ukraine","Dynamo Kyiv","FC Dynamo Kyiv","DKY","160","MINUTE","4","0","0","22.02","KILOMETER","33.5","KILOMETER_PER_HOUR"
"59217","50058","44","1981-10-03","11","IBRAHIMOVIĆ","SWE","STRIKER","FORWARD","MALE","195","./image/59217.jpg","Zlatan Ibrahimović","FORWARD","11","Ibrahimović","127","95","Suède","Attaquant","Zlatan","Ibrahimović","Zlatan Ibrahimović","Ibrahimović","200066","./assoc/200066_ITA.svg","./logo/50058.png","UEFA","ITA","50058","FAME","Milan","","https://img.uefa.com/imgml/TP/teams/logos/70x70/50058.png","https://img.uefa.com/imgml/TP/teams/logos/240x240/50058.png","250058","MIL","DOMESTIC_MEN_TEAM_A","","DOMESTIC","Italie","Milan","AC Milan","MIL","160","MINUTE","4","0","0","16.38","KILOMETER","31","KILOMETER_PER_HOUR"
"250017725","52914","30","1994-11-21","8","SAÚL","ESP","CENTRAL_MIDFIELDER","MIDFIELDER","MALE","180","./image/250017725.jpg","Saúl Ñíguez","MIDFIELDER","8","Saúl","122","70","Espagne","Milieu","","Saúl Ñíguez","Saúl Ñíguez","Saúl Ñíguez","200039","./assoc/200039_ENG.svg","./logo/52914.png","UEFA","ENG","52914","FAME","Chelsea","","https://img.uefa.com/imgml/TP/teams/logos/70x70/52914.png","https://img.uefa.com/imgml/TP/teams/logos/240x240/52914.png","252914","CHE","DOMESTIC_MEN_TEAM_A","","DOMESTIC","Angleterre","Chelsea","Chelsea FC","CHE","159","MINUTE","5","0","0","22.98","KILOMETER","32.1","KILOMETER_PER_HOUR"
"250143693","50080","22","2002-11-25","8","Pedri","ESP","UNKNOWN","MIDFIELDER","MALE","","./image/250143693.jpg","Pedri","MIDFIELDER","20","PEDRI","122","","Espagne","Milieu","","Pedri","Pedri","Pedri","200122","./assoc/200122_ESP.svg","./logo/50080.png","UEFA","ESP","50080","FAME","Barcelona","","https://img.uefa.com/imgml/TP/teams/logos/70x70/50080.png","https://img.uefa.com/imgml/TP/teams/logos/240x240/50080.png","250080","BAR","DOMESTIC_MEN_TEAM_A","","DOMESTIC","Espagne","Barcelona","FC Barcelona","BAR","158","MINUTE","2","0","0","20.74","KILOMETER","30.8","KILOMETER_PER_HOUR"
"250075765","50147","36","1989-10-06","21","PIZZI","POR","CENTRAL_MIDFIELDER","MIDFIELDER","MALE","172","./image/250075765.jpg","Pizzi","MIDFIELDER","15","Pizzi","110","66","Portugal","Milieu","","Pizzi","Pizzi","Pizzi","200110","./assoc/200110_POR.svg","./logo/50147.png","UEFA","POR","50147","FAME","Benfica","","https://img.uefa.com/imgml/TP/teams/logos/70x70/50147.png","https://img.uefa.com/imgml/TP/teams/logos/240x240/50147.png","250147","BEN","DOMESTIC_MEN_TEAM_A","","DOMESTIC","Portugal","Benfica","SL Benfica","BEN","157","MINUTE","6","0","0","21.23","KILOMETER","31","KILOMETER_PER_HOUR"
"97811","50043","37","1988-05-11","25","Vormer","NED","CENTRAL_MIDFIELDER","MIDFIELDER","MALE","178","./image/97811.jpg","Ruud Vormer","MIDFIELDER","","Vormer","95","80","Pays-Bas","Milieu","Ruud","Vormer","Ruud Vormer","Vormer","200013","./assoc/200013_BEL.svg","./logo/50043.png","UEFA","BEL","50043","FAME","Club Brugge","","https://img.uefa.com/imgml/TP/teams/logos/70x70/50043.png","https://img.uefa.com/imgml/TP/teams/logos/240x240/50043.png","250043","BRU","DOMESTIC_MEN_TEAM_A","","DOMESTIC","Belgique","Club Brugge","Club Brugge KV","BRU","156","MINUTE","4","0","1","20.93","KILOMETER","29.5","KILOMETER_PER_HOUR"
"105588","50157","42","1983-02-08","13","Hutchinson","CAN","DEFENSIVE_MIDFIELDER","MIDFIELDER","MALE","187","./image/105588.jpg","Atiba Hutchinson","MIDFIELDER","13","Hutchinson","24","72","Canada","Milieu","Atiba","Hutchinson","Atiba Hutchinson","Hutchinson","200135","./assoc/200135_TUR.svg","./logo/50157.png","UEFA","TUR","50157","FAME","Beşiktaş","","https://img.uefa.com/imgml/TP/teams/logos/70x70/50157.png","https://img.uefa.com/imgml/TP/teams/logos/240x240/50157.png","250157","BES","DOMESTIC_MEN_TEAM_A","","DOMESTIC","Turquie","Beşiktaş","Beşiktaş JK","BES","156","MINUTE","4","0","0","19.95","KILOMETER","30.5","KILOMETER_PER_HOUR"
"250157472","69606","28","1997-07-29","19","იანსანე","GUI","UNKNOWN","FORWARD","MALE","","./image/250157472.jpg","Momo Yansané","","","Yansane","","","Guinée","Attaquant","Momo","Yansané","Momo Yansané","Yansané","257160","./assoc/257160_MDA.svg","./logo/69606.png","UEFA","MDA","69606","FAME","Sheriff","","https://img.uefa.com/imgml/TP/teams/logos/70x70/69606.png","https://img.uefa.com/imgml/TP/teams/logos/240x240/69606.png","269606","SHE","DOMESTIC_MEN_TEAM_A","","DOMESTIC","Moldavie","Sheriff","FC Sheriff Tiraspol","SHE","156","MINUTE","3","1","0","21.62","KILOMETER","30.4","KILOMETER_PER_HOUR"
"250003528","50138","36","1988-12-19","70","Alexis","CHI","STRIKER","FORWARD","MALE","168","./image/250003528.jpg","Alexis Sánchez","FORWARD","10","Alexis","26","62","Chili","Attaquant","","Alexis Sánchez","Alexis Sánchez","Alexis Sánchez","200066","./assoc/200066_ITA.svg","./logo/50138.png","UEFA","ITA","50138","FAME","Inter","","https://img.uefa.com/imgml/TP/teams/logos/70x70/50138.png","https://img.uefa.com/imgml/TP/teams/logos/240x240/50138.png","250138","INT","DOMESTIC_MEN_TEAM_A","","DOMESTIC","Italie","Inter","FC Internazionale Milano","INT","155","MINUTE","6","1","1","18.96","KILOMETER","32.71","KILOMETER_PER_HOUR"
"250024987","50147","31","1994-03-17","8","Meite","FRA","CENTRAL_MIDFIELDER","MIDFIELDER","MALE","187","./image/250024987.jpg","Soualiho Meite","MIDFIELDER","8","Meite","300043","","France","Milieu","Soualiho","Meite","Soualiho Meite","Meite","200110","./assoc/200110_POR.svg","./logo/50147.png","UEFA","POR","50147","FAME","Benfica","","https://img.uefa.com/imgml/TP/teams/logos/70x70/50147.png","https://img.uefa.com/imgml/TP/teams/logos/240x240/50147.png","250147","BEN","DOMESTIC_MEN_TEAM_A","","DOMESTIC","Portugal","Benfica","SL Benfica","BEN","155","MINUTE","3","0","0","19.87","KILOMETER","31.6","KILOMETER_PER_HOUR"
"250054426","50064","31","1994-04-19","2","Cardoso","POR","UNKNOWN","DEFENDER","MALE","187","./image/250054426.jpg","Fábio Cardoso","DEFENDER","19","Fábio Cardoso","200110","","Portugal","Défenseur","","Fábio Cardoso","Fábio Cardoso","Fábio Cardoso","200110","./assoc/200110_POR.svg","./logo/50064.png","UEFA","POR","50064","FAME","Porto","","https://img.uefa.com/imgml/TP/teams/logos/70x70/50064.png","https://img.uefa.com/imgml/TP/teams/logos/240x240/50064.png","250064","POR","DOMESTIC_MEN_TEAM_A","","DOMESTIC","Portugal","Porto","FC Porto","POR","155","MINUTE","2","0","0","18.7","KILOMETER","30.1","KILOMETER_PER_HOUR"
"250004740","52723","33","1992-06-02","20","Karavaiev","UKR","WINGER","DEFENDER","MALE","173","./image/250004740.jpg","Oleksandr Karavaiev","DEFENDER","21","Karavaiev","57166","65","Ukraine","Défenseur","Oleksandr","Karavaiev","Oleksandr Karavaiev","Karavaiev","257166","./assoc/257166_UKR.svg","./logo/52723.png","UEFA","UKR","52723","FAME","Dynamo Kyiv","","https://img.uefa.com/imgml/TP/teams/logos/70x70/52723.png","https://img.uefa.com/imgml/TP/teams/logos/240x240/52723.png","252723","DKY","DOMESTIC_MEN_TEAM_A","","DOMESTIC","Ukraine","Dynamo Kyiv","FC Dynamo Kyiv","DKY","154","MINUTE","6","0","0","21.62","KILOMETER","32.8","KILOMETER_PER_HOUR"
"250117471","50080","22","2002-10-31","31","ANSU FATI","ESP","UNKNOWN","FORWARD","MALE","","./image/250117471.jpg","Ansu Fati","FORWARD","17","Ansu Fati","122","","Espagne","Attaquant","Ansu","Fati","Ansu Fati","Fati","200122","./assoc/200122_ESP.svg","./logo/50080.png","UEFA","ESP","50080","FAME","Barcelona","","https://img.uefa.com/imgml/TP/teams/logos/70x70/50080.png","https://img.uefa.com/imgml/TP/teams/logos/240x240/50080.png","250080","BAR","DOMESTIC_MEN_TEAM_A","","DOMESTIC","Espagne","Barcelona","FC Barcelona","BAR","154","MINUTE","3","1","0","19.71","KILOMETER","31.1","KILOMETER_PER_HOUR"
"250143312","52826","27","1997-11-05","17","Mostovoy","RUS","UNKNOWN","MIDFIELDER","MALE","","./image/250143312.jpg","Andrei Mostovoy","MIDFIELDER","27","Mostovoy","57451","","Russie","Milieu","Andrei","Mostovoy","Andrei Mostovoy","Mostovoy","257451","./assoc/257451_RUS.svg","./logo/52826.png","UEFA","RUS","52826","FAME","Zenit","","https://img.uefa.com/imgml/TP/teams/logos/70x70/52826.png","https://img.uefa.com/imgml/TP/teams/logos/240x240/52826.png","252826","ZEN","DOMESTIC_MEN_TEAM_A","","DOMESTIC","Russie","Zenit","FC Zenit","ZEN","150","MINUTE","5","0","0","20.89","KILOMETER","32.21","KILOMETER_PER_HOUR"
"250022869","2603790","31","1994-06-15","9","Poulsen","DEN","STRIKER","FORWARD","MALE","193","./image/250022869.jpg","Yussuf Poulsen","FORWARD","20","Yurary","35","78","Danemark","Attaquant","Yussuf","Poulsen","Yussuf Poulsen","Poulsen","200047","./assoc/200047_GER.svg","./logo/2603790.png","UEFA","GER","2603790","FAME","Leipzig","","https://img.uefa.com/imgml/TP/teams/logos/70x70/2603790.png","https://img.uefa.com/imgml/TP/teams/logos/240x240/2603790.png","250002563","RBL","DOMESTIC_MEN_TEAM_A","","DOMESTIC","Allemagne","Leipzig","RB Leipzig","RBL","147","MINUTE","4","0","1","18.8","KILOMETER","31.6","KILOMETER_PER_HOUR"
"1905811","50138","37","1988-09-09","33","D'Ambrosio","ITA","FULL_BACK","DEFENDER","MALE","180","./image/1905811.jpg","Danilo D'Ambrosio","DEFENDER","2","D'Ambrosio","66","75","Italie","Défenseur","Danilo","D'Ambrosio","Danilo D'Ambrosio","D'Ambrosio","200066","./assoc/200066_ITA.svg","./logo/50138.png","UEFA","ITA","50138","FAME","Inter","","https://img.uefa.com/imgml/TP/teams/logos/70x70/50138.png","https://img.uefa.com/imgml/TP/teams/logos/240x240/50138.png","250138","INT","DOMESTIC_MEN_TEAM_A","","DOMESTIC","Italie","Inter","FC Internazionale Milano","INT","147","MINUTE","3","0","0","19.2","KILOMETER","31.7","KILOMETER_PER_HOUR"
"250112380","50143","25","1999-11-26","3","Schuurs","NED","CENTRE_BACK","DEFENDER","MALE","","./image/250112380.jpg","Perr Schuurs","DEFENDER","14","Schuurs","95","","Pays-Bas","Défenseur","Perr","Schuurs","Perr Schuurs","Schuurs","200095","./assoc/200095_NED.svg","./logo/50143.png","UEFA","NED","50143","FAME","Ajax","","https://img.uefa.com/imgml/TP/teams/logos/70x70/50143.png","https://img.uefa.com/imgml/TP/teams/logos/240x240/50143.png","250143","AJX","DOMESTIC_MEN_TEAM_A","","DOMESTIC","Pays-Bas","Ajax","AFC Ajax","AJX","146","MINUTE","3","0","1","14.41","KILOMETER","33.1","KILOMETER_PER_HOUR"
"250068973","50064","28","1997-06-30","29","López","ESP","UNKNOWN","FORWARD","MALE","","./image/250068973.jpg","Toni Martínez","FORWARD","17","Antonio","400122","","Espagne","Attaquant","","Toni Martínez","Toni Martínez","Toni Martínez","200110","./assoc/200110_POR.svg","./logo/50064.png","UEFA","POR","50064","FAME","Porto","","https://img.uefa.com/imgml/TP/teams/logos/70x70/50064.png","https://img.uefa.com/imgml/TP/teams/logos/240x240/50064.png","250064","POR","DOMESTIC_MEN_TEAM_A","","DOMESTIC","Portugal","Porto","FC Porto","POR","144","MINUTE","6","0","0","19.63","KILOMETER","30.4","KILOMETER_PER_HOUR"
"250110943","50124","26","1999-05-27","9","Cunha","BRA","STRIKER","FORWARD","MALE","","./image/250110943.jpg","Matheus Cunha","FORWARD","","Cunha","","","Brésil","Attaquant","","Matheus Cunha","Matheus Cunha","Matheus Cunha","200122","./assoc/200122_ESP.svg","./logo/50124.png","UEFA","ESP","50124","FAME","Atleti","","https://img.uefa.com/imgml/TP/teams/logos/70x70/50124.png","https://img.uefa.com/imgml/TP/teams/logos/240x240/50124.png","250124","ATM","DOMESTIC_MEN_TEAM_A","","DOMESTIC","Espagne","Atleti","Atlético de Madrid","ATM","142","MINUTE","5","0","0","18.33","KILOMETER","30.7","KILOMETER_PER_HOUR"
"250012551","52758","32","1993-03-29","11","Hazard","BEL","ATTACKING_MIDFIELDER","MIDFIELDER","MALE","174","./image/250012551.jpg","Thorgan Hazard","MIDFIELDER","16","Hazard","13","69","Belgique","Milieu","Thorgan","Hazard","Thorgan Hazard","T. Hazard","200047","./assoc/200047_GER.svg","./logo/52758.png","UEFA","GER","52758","FAME","B. Dortmund","","https://img.uefa.com/imgml/TP/teams/logos/70x70/52758.png","https://img.uefa.com/imgml/TP/teams/logos/240x240/52758.png","252758","BVB","DOMESTIC_MEN_TEAM_A","","DOMESTIC","Allemagne","B. Dortmund","Borussia Dortmund","BVB","142","MINUTE","3","0","0","19","KILOMETER","29.3","KILOMETER_PER_HOUR"
"250118284","50143","33","1992-08-31","3","TAGLIAFICO","ARG","FULL_BACK","DEFENDER","MALE","","./image/250118284.jpg","Nicolás Tagliafico","DEFENDER","3","Tagliafico","6","","Argentine","Défenseur","Nicolás","Tagliafico","Nicolás Tagliafico","Tagliafico","200095","./assoc/200095_NED.svg","./logo/50143.png","UEFA","NED","50143","FAME","Ajax","","https://img.uefa.com/imgml/TP/teams/logos/70x70/50143.png","https://img.uefa.com/imgml/TP/teams/logos/240x240/50143.png","250143","AJX","DOMESTIC_MEN_TEAM_A","","DOMESTIC","Pays-Bas","Ajax","AFC Ajax","AJX","139","MINUTE","3","0","1","16.63","KILOMETER","31.4","KILOMETER_PER_HOUR"
"250026763","52747","32","1993-09-20","93","DRAXLER","GER","ATTACKING_MIDFIELDER","","MALE","187","./image/250026763.jpg","Julian Draxler","FORWARD","7","Draxler","47","72","Allemagne","","Julian","Draxler","Julian Draxler","Draxler","200043","./assoc/200043_FRA.svg","./logo/52747.png","UEFA","FRA","52747","FAME","Paris","","https://img.uefa.com/imgml/TP/teams/logos/70x70/52747.png","https://img.uefa.com/imgml/TP/teams/logos/240x240/52747.png","252747","PSG","DOMESTIC_MEN_TEAM_A","","DOMESTIC","France","Paris","Paris Saint-Germain","PSG","136","MINUTE","3","0","0","15.12","KILOMETER","33","KILOMETER_PER_HOUR"
"250108732","50157","24","2001-05-21","3","RIDVAN","TUR","FULL_BACK","DEFENDER","MALE","","./image/250108732.jpg","Rıdvan Yılmaz","DEFENDER","13","RIDVAN","135","","Turquie","Défenseur","","Rıdvan Yılmaz","Rıdvan Yılmaz","Rıdvan Yılmaz","200135","./assoc/200135_TUR.svg","./logo/50157.png","UEFA","TUR","50157","FAME","Beşiktaş","","https://img.uefa.com/imgml/TP/teams/logos/70x70/50157.png","https://img.uefa.com/imgml/TP/teams/logos/240x240/50157.png","250157","BES","DOMESTIC_MEN_TEAM_A","","DOMESTIC","Turquie","Beşiktaş","Beşiktaş JK","BES","135","MINUTE","2","0","0","15.33","KILOMETER","33","KILOMETER_PER_HOUR"
"250024349","50037","31","1994-03-17","20","Sabitzer","AUT","ATTACKING_MIDFIELDER","MIDFIELDER","MALE","177","./image/250024349.jpg","Marcel Sabitzer","MIDFIELDER","9","Sabitzer","8","74","Autriche","Milieu","Marcel","Sabitzer","Marcel Sabitzer","Sabitzer","200047","./assoc/200047_GER.svg","./logo/50037.png","UEFA","GER","50037","FAME","Bayern München","","https://img.uefa.com/imgml/TP/teams/logos/70x70/50037.png","https://img.uefa.com/imgml/TP/teams/logos/240x240/50037.png","250037","BAY","DOMESTIC_MEN_TEAM_A","","DOMESTIC","Allemagne","Bayern München","FC Bayern München","BAY","133","MINUTE","5","0","0","19.61","KILOMETER","30.1","KILOMETER_PER_HOUR"
"250102308","50149","26","1999-05-27","23","D. Bragança","POR","","MIDFIELDER","MALE","","./image/250102308.jpg","Daniel Bragança","MIDFIELDER","10","D. BRAGANÇA","200110","","Portugal","Milieu","","Daniel Bragança","Daniel Bragança","Daniel Bragança","200110","./assoc/200110_POR.svg","./logo/50149.png","UEFA","POR","50149","FAME","Sporting CP","","https://img.uefa.com/imgml/TP/teams/logos/70x70/50149.png","https://img.uefa.com/imgml/TP/teams/logos/240x240/50149.png","250149","SPO","DOMESTIC_MEN_TEAM_A","","DOMESTIC","Portugal","Sporting CP","Sporting Clube de Portugal","SPO","131","MINUTE","5","0","0","18.88","KILOMETER","31.2","KILOMETER_PER_HOUR"
"250076224","50147","28","1997-02-06","9","Diogo","POR","WINGER","FORWARD","MALE","","./image/250076224.jpg","Diogo Gonçalves","FORWARD","11","Diogo Gonçalves","110","","Portugal","Attaquant","Gonçalves","Diogo","Diogo Gonçalves","Diogo Gonçalves","200110","./assoc/200110_POR.svg","./logo/50147.png","UEFA","POR","50147","FAME","Benfica","","https://img.uefa.com/imgml/TP/teams/logos/70x70/50147.png","https://img.uefa.com/imgml/TP/teams/logos/240x240/50147.png","250147","BEN","DOMESTIC_MEN_TEAM_A","","DOMESTIC","Portugal","Benfica","SL Benfica","BEN","131","MINUTE","5","0","0","18.02","KILOMETER","31.9","KILOMETER_PER_HOUR"
"250074376","50064","32","1993-07-20","18","Wendell","BRA","FULL_BACK","DEFENDER","MALE","176","./image/250074376.jpg","Wendell","DEFENDER","6","Wendell","18","71","Brésil","Défenseur","","Wendell","Wendell","Wendell","200110","./assoc/200110_POR.svg","./logo/50064.png","UEFA","POR","50064","FAME","Porto","","https://img.uefa.com/imgml/TP/teams/logos/70x70/50064.png","https://img.uefa.com/imgml/TP/teams/logos/240x240/50064.png","250064","POR","DOMESTIC_MEN_TEAM_A","","DOMESTIC","Portugal","Porto","FC Porto","POR","131","MINUTE","4","0","0","15.97","KILOMETER","30.6","KILOMETER_PER_HOUR"
"250053044","50043","32","1993-01-28","44","Mechele","BEL","CENTRE_BACK","DEFENDER","MALE","188","./image/250053044.jpg","Brandon Mechele","DEFENDER","4","Mechele","13","81","Belgique","Défenseur","Brandon","Mechele","Brandon Mechele","Mechele","200013","./assoc/200013_BEL.svg","./logo/50043.png","UEFA","BEL","50043","FAME","Club Brugge","","https://img.uefa.com/imgml/TP/teams/logos/70x70/50043.png","https://img.uefa.com/imgml/TP/teams/logos/240x240/50043.png","250043","BRU","DOMESTIC_MEN_TEAM_A","","DOMESTIC","Belgique","Club Brugge","Club Brugge KV","BRU","131","MINUTE","3","0","0","16.47","KILOMETER","32.8","KILOMETER_PER_HOUR"
"250052948","52816","34","1991-04-16","9","L. Muriel","COL","STRIKER","FORWARD","MALE","178","./image/250052948.jpg","Luis Muriel","FORWARD","","L. MURIEL","29","75","Colombie","Attaquant","Luis","Muriel","Luis Muriel","Muriel","200066","./assoc/200066_ITA.svg","./logo/52816.png","UEFA","ITA","52816","FAME","Atalanta","","https://img.uefa.com/imgml/TP/teams/logos/70x70/52816.png","https://img.uefa.com/imgml/TP/teams/logos/240x240/52816.png","252816","ATA","DOMESTIC_MEN_TEAM_A","","DOMESTIC","Italie","Atalanta","Atalanta BC","ATA","130","MINUTE","5","1","0","16.95","KILOMETER","32.8","KILOMETER_PER_HOUR"
"250025875","70691","32","1992-12-24","92","AURIER","CIV","FULL_BACK","DEFENDER","MALE","176","./image/250025875.jpg","Serge Aurier","DEFENDER","17","AURIER","67","76","Côte d'Ivoire","Défenseur","Serge","Aurier","Serge Aurier","Aurier","200122","./assoc/200122_ESP.svg","./logo/70691.png","UEFA","ESP","70691","FAME","Villarreal","","https://img.uefa.com/imgml/TP/teams/logos/70x70/70691.png","https://img.uefa.com/imgml/TP/teams/logos/240x240/70691.png","270691","VIL","DOMESTIC_MEN_TEAM_A","","DOMESTIC","Espagne","Villarreal","Villarreal CF","VIL","129","MINUTE","5","0","1","15.96","KILOMETER","30.2","KILOMETER_PER_HOUR"
"250138836","52758","23","2002-01-19","20","Jesus Carvalho","BRA","ATTACKING_MIDFIELDER","FORWARD","MALE","","./image/250138836.jpg","Reinier","MIDFIELDER","","Carvalho","","","Brésil","Attaquant","","Reinier","Reinier","Reinier","200047","./assoc/200047_GER.svg","./logo/52758.png","UEFA","GER","52758","FAME","B. Dortmund","","https://img.uefa.com/imgml/TP/teams/logos/70x70/52758.png","https://img.uefa.com/imgml/TP/teams/logos/240x240/52758.png","252758","BVB","DOMESTIC_MEN_TEAM_A","","DOMESTIC","Allemagne","B. Dortmund","Borussia Dortmund","BVB","126","MINUTE","3","0","0","16.66","KILOMETER","31.9","KILOMETER_PER_HOUR"
"250003525","50064","38","1987-06-23","5","Marcano","ESP","CENTRE_BACK","DEFENDER","MALE","189","./image/250003525.jpg","Iván Marcano","DEFENDER","16","Marcano","200122","80","Espagne","Défenseur","Iván","Marcano","Iván Marcano","Marcano","200110","./assoc/200110_POR.svg","./logo/50064.png","UEFA","POR","50064","FAME","Porto","","https://img.uefa.com/imgml/TP/teams/logos/70x70/50064.png","https://img.uefa.com/imgml/TP/teams/logos/240x240/50064.png","250064","POR","DOMESTIC_MEN_TEAM_A","","DOMESTIC","Portugal","Porto","FC Porto","POR","126","MINUTE","2","0","0","14.76","KILOMETER","31.6","KILOMETER_PER_HOUR"
"250086985","50037","33","1992-01-31","20","Sarr","SEN","FULL_BACK","DEFENDER","MALE","","./image/250086985.jpg","Bouna Sarr","DEFENDER","","SARR","","","Sénégal","Défenseur","Bouna","Sarr","Bouna Sarr","Sarr","200047","./assoc/200047_GER.svg","./logo/50037.png","UEFA","GER","50037","FAME","Bayern München","","https://img.uefa.com/imgml/TP/teams/logos/70x70/50037.png","https://img.uefa.com/imgml/TP/teams/logos/240x240/50037.png","250037","BAY","DOMESTIC_MEN_TEAM_A","","DOMESTIC","Allemagne","Bayern München","FC Bayern München","BAY","125","MINUTE","5","0","0","17.24","KILOMETER","30.8","KILOMETER_PER_HOUR"
"250024856","52714","30","1994-12-02","4","Rekik","NED","CENTRE_BACK","DEFENDER","MALE","185","./image/250024856.jpg","Karim Rekik","DEFENDER","4","Rekik","95","","Pays-Bas","Défenseur","Karim","Rekik","Karim Rekik","Rekik","200122","./assoc/200122_ESP.svg","./logo/52714.png","UEFA","ESP","52714","FAME","Sevilla","","https://img.uefa.com/imgml/TP/teams/logos/70x70/52714.png","https://img.uefa.com/imgml/TP/teams/logos/240x240/52714.png","252714","SEV","DOMESTIC_MEN_TEAM_A","","DOMESTIC","Espagne","Sevilla","Sevilla FC","SEV","125","MINUTE","4","0","0","15.12","KILOMETER","29.8","KILOMETER_PER_HOUR"
"250086300","50138","34","1991-08-24","5","Vecino","URU","CENTRAL_MIDFIELDER","MIDFIELDER","MALE","187","./image/250086300.jpg","Matías Vecino","MIDFIELDER","5","Vecino","138","81","Uruguay","Milieu","Matías","Vecino","Matías Vecino","Vecino","200066","./assoc/200066_ITA.svg","./logo/50138.png","UEFA","ITA","50138","FAME","Inter","","https://img.uefa.com/imgml/TP/teams/logos/70x70/50138.png","https://img.uefa.com/imgml/TP/teams/logos/240x240/50138.png","250138","INT","DOMESTIC_MEN_TEAM_A","","DOMESTIC","Italie","Inter","FC Internazionale Milano","INT","124","MINUTE","4","0","0","18.95","KILOMETER","28.6","KILOMETER_PER_HOUR"
"250005568","50152","33","1992-07-14","6","Lewicki","SWE","DEFENSIVE_MIDFIELDER","MIDFIELDER","MALE","171","./image/250005568.jpg","Oscar Lewicki","MIDFIELDER","13","Lewicki","127","68","Suède","Milieu","Oscar","Lewicki","Oscar Lewicki","Lewicki","200127","./assoc/200127_SWE.svg","./logo/50152.png","UEFA","SWE","50152","FAME","Malmö","","https://img.uefa.com/imgml/TP/teams/logos/70x70/50152.png","https://img.uefa.com/imgml/TP/teams/logos/240x240/50152.png","250152","MAL","DOMESTIC_MEN_TEAM_A","","DOMESTIC","Suède","Malmö","Malmö FF","MAL","123","MINUTE","2","0","0","14.6","KILOMETER","29.9","KILOMETER_PER_HOUR"
"250066886","50080","28","1997-05-15","10","O.DEMBÉLÉ","FRA","UNKNOWN","FORWARD","MALE","178","./image/250066886.jpg","Ousmane Dembélé","FORWARD","7","Dembele","43","67","France","Attaquant","Ousmane","Dembélé","Ousmane Dembélé","Dembélé","200122","./assoc/200122_ESP.svg","./logo/50080.png","UEFA","ESP","50080","FAME","Barcelona","","https://img.uefa.com/imgml/TP/teams/logos/70x70/50080.png","https://img.uefa.com/imgml/TP/teams/logos/240x240/50080.png","250080","BAR","DOMESTIC_MEN_TEAM_A","","DOMESTIC","Espagne","Barcelona","FC Barcelona","BAR","122","MINUTE","3","0","0","14.84","KILOMETER","34","KILOMETER_PER_HOUR"
"250038224","52714","33","1992-03-04","9","Lamela","ARG","STRIKER","FORWARD","MALE","183","./image/250038224.jpg","Erik Lamela","FORWARD","","Lamela","6","79","Argentine","Attaquant","Erik","Lamela","Erik Lamela","Lamela","200122","./assoc/200122_ESP.svg","./logo/52714.png","UEFA","ESP","52714","FAME","Sevilla","","https://img.uefa.com/imgml/TP/teams/logos/70x70/52714.png","https://img.uefa.com/imgml/TP/teams/logos/240x240/52714.png","252714","SEV","DOMESTIC_MEN_TEAM_A","","DOMESTIC","Espagne","Sevilla","Sevilla FC","SEV","119","MINUTE","4","0","0","17.62","KILOMETER","32.9","KILOMETER_PER_HOUR"
"250058281","64332","29","1996-05-19","7","Waldschmidt","GER","STRIKER","FORWARD","MALE","","./image/250058281.jpg","Gian-Luca Waldschmidt","FORWARD","11","Waldschmidt","47","","Allemagne","Attaquant","Gian-Luca","Waldschmidt","Gian-Luca Waldschmidt","Waldschmidt","200047","./assoc/200047_GER.svg","./logo/64332.png","UEFA","GER","64332","FAME","Wolfsburg","","https://img.uefa.com/imgml/TP/teams/logos/70x70/64332.png","https://img.uefa.com/imgml/TP/teams/logos/240x240/64332.png","264332","WOB","DOMESTIC_MEN_TEAM_A","","DOMESTIC","Allemagne","Wolfsburg","VfL Wolfsburg","WOL","119","MINUTE","3","0","0","15.61","KILOMETER","30.9","KILOMETER_PER_HOUR"
"250033878","50058","32","1993-09-21","9","REBIĆ","CRO","STRIKER","FORWARD","MALE","185","./image/250033878.jpg","Ante Rebić","FORWARD","17","A. Rebić","56370","77","Croatie","Attaquant","Ante","Rebić","Ante Rebić","Rebić","200066","./assoc/200066_ITA.svg","./logo/50058.png","UEFA","ITA","50058","FAME","Milan","","https://img.uefa.com/imgml/TP/teams/logos/70x70/50058.png","https://img.uefa.com/imgml/TP/teams/logos/240x240/50058.png","250058","MIL","DOMESTIC_MEN_TEAM_A","","DOMESTIC","Italie","Milan","AC Milan","MIL","117","MINUTE","2","1","0","12.97","KILOMETER","33.4","KILOMETER_PER_HOUR"
"250043859","52682","32","1992-12-15","14","Lingard","ENG","WINGER","MIDFIELDER","MALE","168","./image/250043859.jpg","Jesse Lingard","MIDFIELDER","7","Lingard","39","65","Angleterre","Milieu","Jesse","Lingard","Jesse Lingard","Lingard","200039","./assoc/200039_ENG.svg","./logo/52682.png","UEFA","ENG","52682","FAME","Man Utd","","https://img.uefa.com/imgml/TP/teams/logos/70x70/52682.png","https://img.uefa.com/imgml/TP/teams/logos/240x240/52682.png","252682","MUN","DOMESTIC_MEN_TEAM_A","","DOMESTIC","Angleterre","Man Utd","Manchester United","MUN","116","MINUTE","4","0","1","13.96","KILOMETER","32.3","KILOMETER_PER_HOUR"
"250157810","50152","25","2000-05-10","15","Malik","GHA","UNKNOWN","FORWARD","MALE","","./image/250157810.jpg","Malik Abubakari","","","","200048","","Ghana","Attaquant","Malik","Abubakari","Malik Abubakari","Abubakari","200127","./assoc/200127_SWE.svg","./logo/50152.png","UEFA","SWE","50152","FAME","Malmö","","https://img.uefa.com/imgml/TP/teams/logos/70x70/50152.png","https://img.uefa.com/imgml/TP/teams/logos/240x240/50152.png","250152","MAL","DOMESTIC_MEN_TEAM_A","","DOMESTIC","Suède","Malmö","Malmö FF","MAL","116","MINUTE","4","0","0","15.33","KILOMETER","31.4","KILOMETER_PER_HOUR"
"250112997","50143","23","2002-02-01","9","Brobbey","NED","UNKNOWN","FORWARD","MALE","","./image/250112997.jpg","Brian Brobbey","FORWARD","9","Brobbey","95","","Pays-Bas","Attaquant","Brian","Brobbey","Brian Brobbey","Brobbey","200095","./assoc/200095_NED.svg","./logo/50143.png","UEFA","NED","50143","FAME","Ajax","","https://img.uefa.com/imgml/TP/teams/logos/70x70/50143.png","https://img.uefa.com/imgml/TP/teams/logos/240x240/50143.png","250143","AJX","DOMESTIC_MEN_TEAM_A","","DOMESTIC","Pays-Bas","Ajax","AFC Ajax","AJX","115","MINUTE","5","0","0","14.33","KILOMETER","33.1","KILOMETER_PER_HOUR"
"250163867","50058","34","1991-05-13","30","Messias JR","BRA","STRIKER","FORWARD","MALE","","./image/250163867.jpg","Junior Messias","FORWARD","","Messias Jr","","","Brésil","Attaquant","","Junior Messias","Junior Messias","Junior Messias","200066","./assoc/200066_ITA.svg","./logo/50058.png","UEFA","ITA","50058","FAME","Milan","","https://img.uefa.com/imgml/TP/teams/logos/70x70/50058.png","https://img.uefa.com/imgml/TP/teams/logos/240x240/50058.png","250058","MIL","DOMESTIC_MEN_TEAM_A","","DOMESTIC","Italie","Milan","AC Milan","MIL","115","MINUTE","2","1","0","15.58","KILOMETER","33.71","KILOMETER_PER_HOUR"
"250052757","50147","29","1996-03-24","22","Lazaro","AUT","WINGER","MIDFIELDER","MALE","180","./image/250052757.jpg","Valentino Lázaro","MIDFIELDER","22","Lázaro","8","73","Autriche","Milieu","Valentino","Lázaro","Valentino Lázaro","Lázaro","200110","./assoc/200110_POR.svg","./logo/50147.png","UEFA","POR","50147","FAME","Benfica","","https://img.uefa.com/imgml/TP/teams/logos/70x70/50147.png","https://img.uefa.com/imgml/TP/teams/logos/240x240/50147.png","250147","BEN","DOMESTIC_MEN_TEAM_A","","DOMESTIC","Portugal","Benfica","SL Benfica","BEN","114","MINUTE","6","0","0","15.59","KILOMETER","31.9","KILOMETER_PER_HOUR"
"250110947","50031","30","1995-10-10","23","Maceiras","SUI","FULL_BACK","DEFENDER","MALE","","./image/250110947.jpg","Quentin Maceiras","DEFENDER","","Maceiras","","","Suisse","Défenseur","Quentin","Maceiras","Quentin Maceiras","Maceiras","200128","./assoc/200128_SUI.svg","./logo/50031.png","UEFA","SUI","50031","FAME","Young Boys","","https://img.uefa.com/imgml/TP/teams/logos/70x70/50031.png","https://img.uefa.com/imgml/TP/teams/logos/240x240/50031.png","250031","YB","DOMESTIC_MEN_TEAM_A","","DOMESTIC","Suisse","Young Boys","BSC Young Boys","YB","113","MINUTE","3","0","0","15.96","KILOMETER","30.5","KILOMETER_PER_HOUR"
"250058244","50051","27","1997-12-23","9","JOVIC","SRB","STRIKER","FORWARD","MALE","","./image/250058244.jpg","Luka Jović","FORWARD","8","Jović","147","","Serbie","Attaquant","Luka","Jović","Luka Jović","Jović","200122","./assoc/200122_ESP.svg","./logo/50051.png","UEFA","ESP","50051","FAME","Real Madrid","","https://img.uefa.com/imgml/TP/teams/logos/70x70/50051.png","https://img.uefa.com/imgml/TP/teams/logos/240x240/50051.png","250051","RMA","DOMESTIC_MEN_TEAM_A","","DOMESTIC","Espagne","Real Madrid","Real Madrid C.F.","RMA","113","MINUTE","3","0","0","12.88","KILOMETER","31","KILOMETER_PER_HOUR"
"250022826","50157","31","1994-01-06","8","Salih Uçan","TUR","ATTACKING_MIDFIELDER","MIDFIELDER","MALE","182","./image/250022826.jpg","Salih Uçan","MIDFIELDER","20","SALİH UÇAN","135","65","Turquie","Milieu","","Salih Uçan","Salih Uçan","Salih Uçan","200135","./assoc/200135_TUR.svg","./logo/50157.png","UEFA","TUR","50157","FAME","Beşiktaş","","https://img.uefa.com/imgml/TP/teams/logos/70x70/50157.png","https://img.uefa.com/imgml/TP/teams/logos/240x240/50157.png","250157","BES","DOMESTIC_MEN_TEAM_A","","DOMESTIC","Turquie","Beşiktaş","Beşiktaş JK","BES","109","MINUTE","5","0","0","15.42","KILOMETER","28","KILOMETER_PER_HOUR"
"250020682","50080","33","1992-06-12","23","Coutinho","BRA","ATTACKING_MIDFIELDER","FORWARD","MALE","171","./image/250020682.jpg","Philippe Coutinho","MIDFIELDER","","Coutinho","18","72","Brésil","Attaquant","Philippe","Coutinho","Philippe Coutinho","Coutinho","200122","./assoc/200122_ESP.svg","./logo/50080.png","UEFA","ESP","50080","FAME","Barcelona","","https://img.uefa.com/imgml/TP/teams/logos/70x70/50080.png","https://img.uefa.com/imgml/TP/teams/logos/240x240/50080.png","250080","BAR","DOMESTIC_MEN_TEAM_A","","DOMESTIC","Espagne","Barcelona","FC Barcelona","BAR","109","MINUTE","4","0","0","14.27","KILOMETER","28.9","KILOMETER_PER_HOUR"
"250085466","50138","31","1994-08-13","20","Correa","ARG","WINGER","FORWARD","MALE","188","./image/250085466.jpg","Joaquín Correa","MIDFIELDER","","J. Correa","6","81","Argentine","Attaquant","Joaquín","Correa","Joaquín Correa","Correa","200066","./assoc/200066_ITA.svg","./logo/50138.png","UEFA","ITA","50138","FAME","Inter","","https://img.uefa.com/imgml/TP/teams/logos/70x70/50138.png","https://img.uefa.com/imgml/TP/teams/logos/240x240/50138.png","250138","INT","DOMESTIC_MEN_TEAM_A","","DOMESTIC","Italie","Inter","FC Internazionale Milano","INT","106","MINUTE","5","0","0","14.8","KILOMETER","32.5","KILOMETER_PER_HOUR"
"250001662","52826","36","1989-10-13","21","Erokhin","RUS","ATTACKING_MIDFIELDER","MIDFIELDER","MALE","195","./image/250001662.jpg","Aleksandr Erokhin","MIDFIELDER","21","Erokhin","57451","79","Russie","Milieu","Aleksandr","Erokhin","Aleksandr Erokhin","Erokhin","257451","./assoc/257451_RUS.svg","./logo/52826.png","UEFA","RUS","52826","FAME","Zenit","","https://img.uefa.com/imgml/TP/teams/logos/70x70/52826.png","https://img.uefa.com/imgml/TP/teams/logos/240x240/52826.png","252826","ZEN","DOMESTIC_MEN_TEAM_A","","DOMESTIC","Russie","Zenit","FC Zenit","ZEN","104","MINUTE","6","0","0","15.69","KILOMETER","31.1","KILOMETER_PER_HOUR"
"250112650","52723","26","1999-08-17","17","Shkuryn","BLR","STRIKER","FORWARD","MALE","","./image/250112650.jpg","Ilya Shkurin","FORWARD","13","Shkuryn","257155","","Bélarus","Attaquant","Ilya","Shkurin","Ilya Shkurin","Shkurin","257166","./assoc/257166_UKR.svg","./logo/52723.png","UEFA","UKR","52723","FAME","Dynamo Kyiv","","https://img.uefa.com/imgml/TP/teams/logos/70x70/52723.png","https://img.uefa.com/imgml/TP/teams/logos/240x240/52723.png","252723","DKY","DOMESTIC_MEN_TEAM_A","","DOMESTIC","Ukraine","Dynamo Kyiv","FC Dynamo Kyiv","DKY","104","MINUTE","2","0","0","13.99","KILOMETER","32.71","KILOMETER_PER_HOUR"
"250068734","50149","37","1988-06-18","13","Slimani","ALG","STRIKER","FORWARD","MALE","188","./image/250068734.jpg","Islam Slimani","FORWARD","13","Slimani","3","84","Algérie","Attaquant","Islam","Slimani","Islam Slimani","Slimani","200110","./assoc/200110_POR.svg","./logo/50149.png","UEFA","POR","50149","FAME","Sporting CP","","https://img.uefa.com/imgml/TP/teams/logos/70x70/50149.png","https://img.uefa.com/imgml/TP/teams/logos/240x240/50149.png","250149","SPO","DOMESTIC_MEN_TEAM_A","","DOMESTIC","Portugal","Sporting CP","Sporting Clube de Portugal","SPO","104","MINUTE","2","0","0","12.38","KILOMETER","30","KILOMETER_PER_HOUR"
"250126759","50080","22","2003-06-02","30","DEMİR","AUT","UNKNOWN","FORWARD","MALE","","./image/250126759.jpg","Yusuf Demir","FORWARD","10","Demir","8","","Autriche","Attaquant","Yusuf","Demir","Yusuf Demir","Demir","200122","./assoc/200122_ESP.svg","./logo/50080.png","UEFA","ESP","50080","FAME","Barcelona","","https://img.uefa.com/imgml/TP/teams/logos/70x70/50080.png","https://img.uefa.com/imgml/TP/teams/logos/240x240/50080.png","250080","BAR","DOMESTIC_MEN_TEAM_A","","DOMESTIC","Espagne","Barcelona","FC Barcelona","BAR","101","MINUTE","3","0","0","12.8","KILOMETER","28.2","KILOMETER_PER_HOUR"
"250062606","52816","31","1994-07-05","21","Gosens","GER","FULL_BACK","DEFENDER","MALE","","./image/250062606.jpg","Robin Gosens","MIDFIELDER","21","Gosens","47","","Allemagne","Défenseur","Robin","Gosens","Robin Gosens","Gosens","200066","./assoc/200066_ITA.svg","./logo/52816.png","UEFA","ITA","52816","FAME","Atalanta","","https://img.uefa.com/imgml/TP/teams/logos/70x70/52816.png","https://img.uefa.com/imgml/TP/teams/logos/240x240/52816.png","252816","ATA","DOMESTIC_MEN_TEAM_A","","DOMESTIC","Italie","Atalanta","Atalanta BC","ATA","101","MINUTE","2","1","0","12.06","KILOMETER","31.2","KILOMETER_PER_HOUR"
"250128222","52707","24","2001-01-12","2","L.Traore","BFA","STRIKER","FORWARD","MALE","","./image/250128222.jpg","Lassina Traoré","FORWARD","","Traoré","","","Burkina Faso","Attaquant","Lassina","Traoré","Lassina Traoré","Traoré","257166","./assoc/257166_UKR.svg","./logo/52707.png","UEFA","UKR","52707","FAME","Shakhtar","","https://img.uefa.com/imgml/TP/teams/logos/70x70/52707.png","https://img.uefa.com/imgml/TP/teams/logos/240x240/52707.png","252707","SHK","DOMESTIC_MEN_TEAM_A","","DOMESTIC","Ukraine","Shakhtar","FC Shakhtar Donetsk","SHK","101","MINUTE","2","0","0","10.5","KILOMETER","30.6","KILOMETER_PER_HOUR"
"250153353","52758","27","1998-07-31","21","Tigges","GER","STRIKER","FORWARD","MALE","","./image/250153353.jpg","Steffen Tigges","FORWARD","","Tigges","","","Allemagne","Attaquant","Steffen","Tigges","Steffen Tigges","Tigges","200047","./assoc/200047_GER.svg","./logo/52758.png","UEFA","GER","52758","FAME","B. Dortmund","","https://img.uefa.com/imgml/TP/teams/logos/70x70/52758.png","https://img.uefa.com/imgml/TP/teams/logos/240x240/52758.png","252758","BVB","DOMESTIC_MEN_TEAM_A","","DOMESTIC","Allemagne","B. Dortmund","Borussia Dortmund","BVB","100","MINUTE","2","0","0","13.43","KILOMETER","29.8","KILOMETER_PER_HOUR"
"250091016","52914","26","1999-01-23","20","Sarr","FRA","CENTRE_BACK","DEFENDER","MALE","","./image/250091016.jpg","Malang Sarr","DEFENDER","5","M.Sarr","200043","","France","Défenseur","Malang","Sarr","Malang Sarr","Sarr","200039","./assoc/200039_ENG.svg","./logo/52914.png","UEFA","ENG","52914","FAME","Chelsea","","https://img.uefa.com/imgml/TP/teams/logos/70x70/52914.png","https://img.uefa.com/imgml/TP/teams/logos/240x240/52914.png","252914","CHE","DOMESTIC_MEN_TEAM_A","","DOMESTIC","Angleterre","Chelsea","Chelsea FC","CHE","100","MINUTE","2","0","0","11.89","KILOMETER","31.6","KILOMETER_PER_HOUR"
"250003504","50138","37","1988-02-16","13","Ranocchia","ITA","CENTRE_BACK","DEFENDER","MALE","195","./image/250003504.jpg","Andrea Ranocchia","DEFENDER","20","Ranocchia","","81","Italie","Défenseur","Andrea","Ranocchia","Andrea Ranocchia","Ranocchia","200066","./assoc/200066_ITA.svg","./logo/50138.png","UEFA","ITA","50138","FAME","Inter","","https://img.uefa.com/imgml/TP/teams/logos/70x70/50138.png","https://img.uefa.com/imgml/TP/teams/logos/240x240/50138.png","250138","INT","DOMESTIC_MEN_TEAM_A","","DOMESTIC","Italie","Inter","FC Internazionale Milano","INT","98","MINUTE","3","0","0","10.88","KILOMETER","31.9","KILOMETER_PER_HOUR"
"250043103","69606","31","1994-07-28","5","Nikolov","MKD","CENTRAL_MIDFIELDER","MIDFIELDER","MALE","180","./image/250043103.jpg","Boban Nikolov","MIDFIELDER","16","Nikolov","59205","72","Macédoine du Nord","Milieu","Boban","Nikolov","Boban Nikolov","Nikolov","257160","./assoc/257160_MDA.svg","./logo/69606.png","UEFA","MDA","69606","FAME","Sheriff","","https://img.uefa.com/imgml/TP/teams/logos/70x70/69606.png","https://img.uefa.com/imgml/TP/teams/logos/240x240/69606.png","269606","SHE","DOMESTIC_MEN_TEAM_A","","DOMESTIC","Moldavie","Sheriff","FC Sheriff Tiraspol","SHE","97","MINUTE","5","1","0","14.56","KILOMETER","30.8","KILOMETER_PER_HOUR"
"250087431","52758","26","1999-06-03","23","Zagadou","FRA","FULL_BACK","DEFENDER","MALE","","./image/250087431.jpg","Dan-Axel Zagadou","DEFENDER","3","Zagadou","200043","","France","Défenseur","Dan-Axel","Zagadou","Dan-Axel Zagadou","Zagadou","200047","./assoc/200047_GER.svg","./logo/52758.png","UEFA","GER","52758","FAME","B. Dortmund","","https://img.uefa.com/imgml/TP/teams/logos/70x70/52758.png","https://img.uefa.com/imgml/TP/teams/logos/240x240/52758.png","252758","BVB","DOMESTIC_MEN_TEAM_A","","DOMESTIC","Allemagne","B. Dortmund","Borussia Dortmund","BVB","97","MINUTE","2","0","0","12.25","KILOMETER","31.2","KILOMETER_PER_HOUR"
"104584","52682","37","1988-04-28","8","Mata","ESP","ATTACKING_MIDFIELDER","MIDFIELDER","MALE","170","./image/104584.jpg","Juan Mata","FORWARD","13","Mata","122","61","Espagne","Milieu","Juan","Mata","Juan Mata","Mata","200039","./assoc/200039_ENG.svg","./logo/52682.png","UEFA","ENG","52682","FAME","Man Utd","","https://img.uefa.com/imgml/TP/teams/logos/70x70/52682.png","https://img.uefa.com/imgml/TP/teams/logos/240x240/52682.png","252682","MUN","DOMESTIC_MEN_TEAM_A","","DOMESTIC","Angleterre","Man Utd","Manchester United","MUN","96","MINUTE","3","0","0","13.21","KILOMETER","27.1","KILOMETER_PER_HOUR"
"250007655","52914","31","1993-12-05","6","Barkley","ENG","ATTACKING_MIDFIELDER","MIDFIELDER","MALE","189","./image/250007655.jpg","Ross Barkley","MIDFIELDER","18","Barkley","39","76","Angleterre","Milieu","Ross","Barkley","Ross Barkley","Barkley","200039","./assoc/200039_ENG.svg","./logo/52914.png","UEFA","ENG","52914","FAME","Chelsea","","https://img.uefa.com/imgml/TP/teams/logos/70x70/52914.png","https://img.uefa.com/imgml/TP/teams/logos/240x240/52914.png","252914","CHE","DOMESTIC_MEN_TEAM_A","","DOMESTIC","Angleterre","Chelsea","Chelsea FC","CHE","96","MINUTE","3","0","0","12.72","KILOMETER","32.1","KILOMETER_PER_HOUR"
"250043607","52723","31","1994-06-25","18","Andriievskyi","UKR","ATTACKING_MIDFIELDER","MIDFIELDER","MALE","172","./image/250043607.jpg","Oleksandr Andriyevskiy","MIDFIELDER","9","Andriievskyi","57166","","Ukraine","Milieu","Oleksandr","Andriyevskiy","Oleksandr Andriyevskiy","Andriyevskiy","257166","./assoc/257166_UKR.svg","./logo/52723.png","UEFA","UKR","52723","FAME","Dynamo Kyiv","","https://img.uefa.com/imgml/TP/teams/logos/70x70/52723.png","https://img.uefa.com/imgml/TP/teams/logos/240x240/52723.png","252723","DKY","DOMESTIC_MEN_TEAM_A","","DOMESTIC","Ukraine","Dynamo Kyiv","FC Dynamo Kyiv","DKY","94","MINUTE","2","0","0","12.89","KILOMETER","27","KILOMETER_PER_HOUR"
"250163688","52723","26","1999-04-01","22","Vitinho","BRA","UNKNOWN","MIDFIELDER","MALE","","./image/250163688.jpg","Vitinho","MIDFIELDER","","Vitinho","","","Brésil","Milieu","","Vitinho","Vitinho","Vitinho","257166","./assoc/257166_UKR.svg","./logo/52723.png","UEFA","UKR","52723","FAME","Dynamo Kyiv","","https://img.uefa.com/imgml/TP/teams/logos/70x70/52723.png","https://img.uefa.com/imgml/TP/teams/logos/240x240/52723.png","252723","DKY","DOMESTIC_MEN_TEAM_A","","DOMESTIC","Ukraine","Dynamo Kyiv","FC Dynamo Kyiv","DKY","93","MINUTE","3","0","0","13.48","KILOMETER","30.8","KILOMETER_PER_HOUR"
"1900737","50051","37","1988-05-12","12","Marcelo","ESP","UNKNOWN","DEFENDER","MALE","174","./image/1900737.jpg","Marcelo","DEFENDER","6","Marcelo","18","73","Espagne","Défenseur","","Marcelo","Marcelo","Marcelo","200122","./assoc/200122_ESP.svg","./logo/50051.png","UEFA","ESP","50051","FAME","Real Madrid","","https://img.uefa.com/imgml/TP/teams/logos/70x70/50051.png","https://img.uefa.com/imgml/TP/teams/logos/240x240/50051.png","250051","RMA","DOMESTIC_MEN_TEAM_A","","DOMESTIC","Espagne","Real Madrid","Real Madrid C.F.","RMA","93","MINUTE","3","0","0","10.65","KILOMETER","26.7","KILOMETER_PER_HOUR"
"250000856","70691","34","1990-11-24","2","Mario Gaspar","ESP","FULL_BACK","DEFENDER","MALE","182","./image/250000856.jpg","Mario Gaspar","DEFENDER","17","Mario Gaspar","300122","74","Espagne","Défenseur","","Mario Gaspar","Mario Gaspar","Mario Gaspar","200122","./assoc/200122_ESP.svg","./logo/70691.png","UEFA","ESP","70691","FAME","Villarreal","","https://img.uefa.com/imgml/TP/teams/logos/70x70/70691.png","https://img.uefa.com/imgml/TP/teams/logos/240x240/70691.png","270691","VIL","DOMESTIC_MEN_TEAM_A","","DOMESTIC","Espagne","Villarreal","Villarreal CF","VIL","93","MINUTE","2","0","0","10.84","KILOMETER","28.7","KILOMETER_PER_HOUR"
"250050819","52723","31","1993-11-27","77","VERBIC","SVN","WINGER","MIDFIELDER","MALE","179","./image/250050819.jpg","Benjamin Verbič","MIDFIELDER","7","Verbic","57163","70","Slovénie","Milieu","Benjamin","Verbič","Benjamin Verbič","Verbič","257166","./assoc/257166_UKR.svg","./logo/52723.png","UEFA","UKR","52723","FAME","Dynamo Kyiv","","https://img.uefa.com/imgml/TP/teams/logos/70x70/52723.png","https://img.uefa.com/imgml/TP/teams/logos/240x240/52723.png","252723","DKY","DOMESTIC_MEN_TEAM_A","","DOMESTIC","Ukraine","Dynamo Kyiv","FC Dynamo Kyiv","DKY","91","MINUTE","3","0","0","13.07","KILOMETER","30.3","KILOMETER_PER_HOUR"
"250067064","50058","28","1997-01-03","5","B. Tourè","SEN","UNKNOWN","DEFENDER","MALE","","./image/250067064.jpg","Fodé Ballo","MIDFIELDER","12","B.Toure","118","","Sénégal","Défenseur","Fodé","Ballo","Fodé Ballo","Ballo","200066","./assoc/200066_ITA.svg","./logo/50058.png","UEFA","ITA","50058","FAME","Milan","","https://img.uefa.com/imgml/TP/teams/logos/70x70/50058.png","https://img.uefa.com/imgml/TP/teams/logos/240x240/50058.png","250058","MIL","DOMESTIC_MEN_TEAM_A","","DOMESTIC","Italie","Milan","AC Milan","MIL","91","MINUTE","2","0","0","11.62","KILOMETER","32.8","KILOMETER_PER_HOUR"
"150515920","7889","28","1997-03-21","6","Phillips","ENG","CENTRE_BACK","DEFENDER","MALE","","./image/150515920.jpg","Nathaniel Phillips","DEFENDER","","Phillips","","","Angleterre","Défenseur","Nathaniel","Phillips","Nathaniel Phillips","Phillips","200039","./assoc/200039_ENG.svg","./logo/7889.png","UEFA","ENG","7889","FAME","Liverpool","","https://img.uefa.com/imgml/TP/teams/logos/70x70/7889.png","https://img.uefa.com/imgml/TP/teams/logos/240x240/7889.png","207889","LIV","DOMESTIC_MEN_TEAM_A","","DOMESTIC","Angleterre","Liverpool","Liverpool FC","LIV","91","MINUTE","2","0","0","11.15","KILOMETER","32.3","KILOMETER_PER_HOUR"
"250101239","64332","31","1994-03-01","26","Philipp","GER","ATTACKING_MIDFIELDER","FORWARD","MALE","","./image/250101239.jpg","Maximilian Philipp","FORWARD","22","Philipp","200047","","Allemagne","Attaquant","Maximilian","Philipp","Maximilian Philipp","Philipp","200047","./assoc/200047_GER.svg","./logo/64332.png","UEFA","GER","64332","FAME","Wolfsburg","","https://img.uefa.com/imgml/TP/teams/logos/70x70/64332.png","https://img.uefa.com/imgml/TP/teams/logos/240x240/64332.png","264332","WOB","DOMESTIC_MEN_TEAM_A","","DOMESTIC","Allemagne","Wolfsburg","VfL Wolfsburg","WOL","90","MINUTE","2","0","0","11.06","KILOMETER","31","KILOMETER_PER_HOUR"
"250070400","52816","31","1994-01-09","33","Hateboer","NED","FULL_BACK","DEFENDER","MALE","185","./image/250070400.jpg","Hans Hateboer","DEFENDER","15","Hateboer","95","","Pays-Bas","Défenseur","Hans","Hateboer","Hans Hateboer","Hateboer","200066","./assoc/200066_ITA.svg","./logo/52816.png","UEFA","ITA","52816","FAME","Atalanta","","https://img.uefa.com/imgml/TP/teams/logos/70x70/52816.png","https://img.uefa.com/imgml/TP/teams/logos/240x240/52816.png","252816","ATA","DOMESTIC_MEN_TEAM_A","","DOMESTIC","Italie","Atalanta","Atalanta BC","ATA","90","MINUTE","1","0","0","11.84","KILOMETER","31.3","KILOMETER_PER_HOUR"
"250086986","50157","30","1995-02-13","7","Nkoudou","FRA","WINGER","MIDFIELDER","MALE","172","./image/250086986.jpg","Georges-Kévin N'Koudou","MIDFIELDER","14","Nkoudou Mbida","43","68","France","Milieu","Georges-Kévin","N'Koudou","Georges-Kévin N'Koudou","N'Koudou","200135","./assoc/200135_TUR.svg","./logo/50157.png","UEFA","TUR","50157","FAME","Beşiktaş","","https://img.uefa.com/imgml/TP/teams/logos/70x70/50157.png","https://img.uefa.com/imgml/TP/teams/logos/240x240/50157.png","250157","BES","DOMESTIC_MEN_TEAM_A","","DOMESTIC","Turquie","Beşiktaş","Beşiktaş JK","BES","90","MINUTE","1","0","0","10.88","KILOMETER","31.5","KILOMETER_PER_HOUR"
"250119784","52919","22","2003-01-02","4","Egan-Riley","ENG","UNKNOWN","DEFENDER","MALE","","./image/250119784.jpg","CJ Egan-Riley","DEFENDER","15","Egan-Riley","200039","","Angleterre","Défenseur","CJ","Egan-Riley","CJ Egan-Riley","Egan-Riley","200039","./assoc/200039_ENG.svg","./logo/52919.png","UEFA","ENG","52919","FAME","Man City","","https://img.uefa.com/imgml/TP/teams/logos/70x70/52919.png","https://img.uefa.com/imgml/TP/teams/logos/240x240/52919.png","252919","MCI","DOMESTIC_MEN_TEAM_A","","DOMESTIC","Angleterre","Man City","Manchester City","MCI","90","MINUTE","1","0","0","10.84","KILOMETER","30.9","KILOMETER_PER_HOUR"
"250024138","52723","33","1992-03-07","13","Shabanov","UKR","UNKNOWN","DEFENDER","MALE","","./image/250024138.jpg","Artem Shabanov","DEFENDER","16","Shabanov","57166","","Ukraine","Défenseur","Artem","Shabanov","Artem Shabanov","Shabanov","257166","./assoc/257166_UKR.svg","./logo/52723.png","UEFA","UKR","52723","FAME","Dynamo Kyiv","","https://img.uefa.com/imgml/TP/teams/logos/70x70/52723.png","https://img.uefa.com/imgml/TP/teams/logos/240x240/52723.png","252723","DKY","DOMESTIC_MEN_TEAM_A","","DOMESTIC","Ukraine","Dynamo Kyiv","FC Dynamo Kyiv","DKY","90","MINUTE","1","0","0","10.68","KILOMETER","31.9","KILOMETER_PER_HOUR"
"250087118","52707","26","1999-02-27","5","Bondar","UKR","CENTRE_BACK","DEFENDER","MALE","","./image/250087118.jpg","Valeriy Bondar","DEFENDER","5","Bondar","57166","","Ukraine","Défenseur","Valeriy","Bondar","Valeriy Bondar","Bondar","257166","./assoc/257166_UKR.svg","./logo/52707.png","UEFA","UKR","52707","FAME","Shakhtar","","https://img.uefa.com/imgml/TP/teams/logos/70x70/52707.png","https://img.uefa.com/imgml/TP/teams/logos/240x240/52707.png","252707","SHK","DOMESTIC_MEN_TEAM_A","","DOMESTIC","Ukraine","Shakhtar","FC Shakhtar Donetsk","SHK","90","MINUTE","1","0","0","10.23","KILOMETER","31","KILOMETER_PER_HOUR"
"1905562","50031","37","1988-05-02","28","Lustenberger","SUI","DEFENSIVE_MIDFIELDER","DEFENDER","MALE","180","./image/1905562.jpg","Fabian Lustenberger","MIDFIELDER","5","Lustenberger","128","70","Suisse","Défenseur","Fabian","Lustenberger","Fabian Lustenberger","Lustenberger","200128","./assoc/200128_SUI.svg","./logo/50031.png","UEFA","SUI","50031","FAME","Young Boys","","https://img.uefa.com/imgml/TP/teams/logos/70x70/50031.png","https://img.uefa.com/imgml/TP/teams/logos/240x240/50031.png","250031","YB","DOMESTIC_MEN_TEAM_A","","DOMESTIC","Suisse","Young Boys","BSC Young Boys","YB","90","MINUTE","1","0","0","10.19","KILOMETER","28.3","KILOMETER_PER_HOUR"
"250145827","50157","22","2003-02-14","5","Serdar","TUR","UNKNOWN","DEFENDER","MALE","","./image/250145827.jpg","Serdar Saatçı","DEFENDER","22","","200135","","Turquie","Défenseur","","Serdar Saatçı","Serdar Saatçı","Serdar Saatçı","200135","./assoc/200135_TUR.svg","./logo/50157.png","UEFA","TUR","50157","FAME","Beşiktaş","","https://img.uefa.com/imgml/TP/teams/logos/70x70/50157.png","https://img.uefa.com/imgml/TP/teams/logos/240x240/50157.png","250157","BES","DOMESTIC_MEN_TEAM_A","","DOMESTIC","Turquie","Beşiktaş","Beşiktaş JK","BES","90","MINUTE","1","0","0","9.48","KILOMETER","24.9","KILOMETER_PER_HOUR"
"250134177","52707","25","2000-02-02","3","Vitao","BRA","CENTRE_BACK","DEFENDER","MALE","","./image/250134177.jpg","Vitão","DEFENDER","","Vitao","","","Brésil","Défenseur","","Vitão","Vitão","Vitão","257166","./assoc/257166_UKR.svg","./logo/52707.png","UEFA","UKR","52707","FAME","Shakhtar","","https://img.uefa.com/imgml/TP/teams/logos/70x70/52707.png","https://img.uefa.com/imgml/TP/teams/logos/240x240/52707.png","252707","SHK","DOMESTIC_MEN_TEAM_A","","DOMESTIC","Ukraine","Shakhtar","FC Shakhtar Donetsk","SHK","90","MINUTE","1","0","0","9.42","KILOMETER","32.4","KILOMETER_PER_HOUR"
"1902445","50037","37","1988-08-03","26","Ulreich","GER","UNKNOWN","GOALKEEPER","MALE","192","./image/1902445.jpg","Sven Ulreich","GOALKEEPER","22","Ulreich","47","84","Allemagne","Gardien","Sven","Ulreich","Sven Ulreich","Ulreich","200047","./assoc/200047_GER.svg","./logo/50037.png","UEFA","GER","50037","FAME","Bayern München","","https://img.uefa.com/imgml/TP/teams/logos/70x70/50037.png","https://img.uefa.com/imgml/TP/teams/logos/240x240/50037.png","250037","BAY","DOMESTIC_MEN_TEAM_A","","DOMESTIC","Allemagne","Bayern München","FC Bayern München","BAY","90","MINUTE","1","0","0","6.17","KILOMETER","21.3","KILOMETER_PER_HOUR"
"250096761","2603790","27","1998-05-27","13","Martinez","ESP","UNKNOWN","GOALKEEPER","MALE","","./image/250096761.jpg","Josep Martínez","GOALKEEPER","13","JOSEP","122","","Espagne","Gardien","Josep","Martínez","Josep Martínez","J. Martínez","200047","./assoc/200047_GER.svg","./logo/2603790.png","UEFA","GER","2603790","FAME","Leipzig","","https://img.uefa.com/imgml/TP/teams/logos/70x70/2603790.png","https://img.uefa.com/imgml/TP/teams/logos/240x240/2603790.png","250002563","RBL","DOMESTIC_MEN_TEAM_A","","DOMESTIC","Allemagne","Leipzig","RB Leipzig","RBL","90","MINUTE","1","0","0","5.95","KILOMETER","24.1","KILOMETER_PER_HOUR"
"250021810","64332","37","1987-11-13","12","Pervan","AUT","GOALKEEPER","GOALKEEPER","MALE","","./image/250021810.jpg","Pavao Pervan","GOALKEEPER","12","Pervan","8","","Autriche","Gardien","Pavao","Pervan","Pavao Pervan","Pervan","200047","./assoc/200047_GER.svg","./logo/64332.png","UEFA","GER","64332","FAME","Wolfsburg","","https://img.uefa.com/imgml/TP/teams/logos/70x70/64332.png","https://img.uefa.com/imgml/TP/teams/logos/240x240/64332.png","264332","WOB","DOMESTIC_MEN_TEAM_A","","DOMESTIC","Allemagne","Wolfsburg","VfL Wolfsburg","WOL","90","MINUTE","1","0","0","5.67","KILOMETER","26.9","KILOMETER_PER_HOUR"
"250039900","52914","31","1994-10-03","13","Arrizabalaga","ESP","GOALKEEPER","GOALKEEPER","MALE","186","./image/250039900.jpg","Kepa Arrizabalaga","GOALKEEPER","1","Arrizabalaga","122","85","Espagne","Gardien","Kepa","Arrizabalaga","Kepa Arrizabalaga","Arrizabalaga","200039","./assoc/200039_ENG.svg","./logo/52914.png","UEFA","ENG","52914","FAME","Chelsea","","https://img.uefa.com/imgml/TP/teams/logos/70x70/52914.png","https://img.uefa.com/imgml/TP/teams/logos/240x240/52914.png","252914","CHE","DOMESTIC_MEN_TEAM_A","","DOMESTIC","Angleterre","Chelsea","Chelsea FC","CHE","90","MINUTE","1","0","0","5.6","KILOMETER","23.3","KILOMETER_PER_HOUR"
"250089238","50149","26","1999-10-10","12","J. Virgínia","POR","UNKNOWN","GOALKEEPER","MALE","","./image/250089238.jpg","João Virginia","GOALKEEPER","22","J. VIRGÍNIA","200110","","Portugal","Gardien","","João Virginia","João Virginia","João Virginia","200110","./assoc/200110_POR.svg","./logo/50149.png","UEFA","POR","50149","FAME","Sporting CP","","https://img.uefa.com/imgml/TP/teams/logos/70x70/50149.png","https://img.uefa.com/imgml/TP/teams/logos/240x240/50149.png","250149","SPO","DOMESTIC_MEN_TEAM_A","","DOMESTIC","Portugal","Sporting CP","Sporting Clube de Portugal","SPO","90","MINUTE","1","0","0","5.38","KILOMETER","22.7","KILOMETER_PER_HOUR"
"103243","50157","36","1989-03-01","1","Mert","TUR","GOALKEEPER","GOALKEEPER","MALE","196","./image/103243.jpg","Mert Günok","GOALKEEPER","1","MERT","135","92","Turquie","Gardien","","Mert Günok	","Mert Günok","Mert Günok	","200135","./assoc/200135_TUR.svg","./logo/50157.png","UEFA","TUR","50157","FAME","Beşiktaş","","https://img.uefa.com/imgml/TP/teams/logos/70x70/50157.png","https://img.uefa.com/imgml/TP/teams/logos/240x240/50157.png","250157","BES","DOMESTIC_MEN_TEAM_A","","DOMESTIC","Turquie","Beşiktaş","Beşiktaş JK","BES","90","MINUTE","1","0","0","4.84","KILOMETER","23.5","KILOMETER_PER_HOUR"
"250083750","69606","33","1992-04-23","34","Celeadnic","MDA","UNKNOWN","GOALKEEPER","MALE","","./image/250083750.jpg","Dumitru Celeadnic","GOALKEEPER","1","Celeadnic","57160","","Moldavie","Gardien","Dumitru","Celeadnic","Dumitru Celeadnic","Celeadnic","257160","./assoc/257160_MDA.svg","./logo/69606.png","UEFA","MDA","69606","FAME","Sheriff","","https://img.uefa.com/imgml/TP/teams/logos/70x70/69606.png","https://img.uefa.com/imgml/TP/teams/logos/240x240/69606.png","269606","SHE","DOMESTIC_MEN_TEAM_A","","DOMESTIC","Moldavie","Sheriff","FC Sheriff Tiraspol","SHE","90","MINUTE","1","0","0","4.74","KILOMETER","25.8","KILOMETER_PER_HOUR"
"98113","52723","37","1988-01-29","71","Boyko","UKR","GOALKEEPER","GOALKEEPER","MALE","194","./image/98113.jpg","Denys Boyko","GOALKEEPER","1","Boiko","57166","82","Ukraine","Gardien","Denys","Boyko","Denys Boyko","Boyko","257166","./assoc/257166_UKR.svg","./logo/52723.png","UEFA","UKR","52723","FAME","Dynamo Kyiv","","https://img.uefa.com/imgml/TP/teams/logos/70x70/52723.png","https://img.uefa.com/imgml/TP/teams/logos/240x240/52723.png","252723","DKY","DOMESTIC_MEN_TEAM_A","","DOMESTIC","Ukraine","Dynamo Kyiv","FC Dynamo Kyiv","DKY","90","MINUTE","1","0","0","4.46","KILOMETER","21.8","KILOMETER_PER_HOUR"
"250007075","50139","32","1992-11-10","1","Perin","ITA","GOALKEEPER","GOALKEEPER","MALE","188","./image/250007075.jpg","Mattia Perin","GOALKEEPER","12","Perin","66","77","Italie","Gardien","Mattia","Perin","Mattia Perin","Perin","200066","./assoc/200066_ITA.svg","./logo/50139.png","UEFA","ITA","50139","FAME","Juventus","","https://img.uefa.com/imgml/TP/teams/logos/70x70/50139.png","https://img.uefa.com/imgml/TP/teams/logos/240x240/50139.png","250139","JUV","DOMESTIC_MEN_TEAM_A","","DOMESTIC","Italie","Juventus","Juventus","JUV","90","MINUTE","1","0","0","4.29","KILOMETER","21.8","KILOMETER_PER_HOUR"
"250118754","52919","30","1995-04-02","13","Steffen","USA","UNKNOWN","GOALKEEPER","MALE","","./image/250118754.jpg","Zack Steffen","GOALKEEPER","","Steffen","140","","Etats-Unis","Gardien","Zack","Steffen","Zack Steffen","Steffen","200039","./assoc/200039_ENG.svg","./logo/52919.png","UEFA","ENG","52919","FAME","Man City","","https://img.uefa.com/imgml/TP/teams/logos/70x70/52919.png","https://img.uefa.com/imgml/TP/teams/logos/240x240/52919.png","252919","MCI","DOMESTIC_MEN_TEAM_A","","DOMESTIC","Angleterre","Man City","Manchester City","MCI","90","MINUTE","1","0","0","4.02","KILOMETER","18.8","KILOMETER_PER_HOUR"
"250119811","50152","23","2002-05-16","11","NANASI","SWE","UNKNOWN","FORWARD","MALE","","./image/250119811.jpg","Sebastian Nanasi","MIDFIELDER","22","Nanasi","127","","Suède","Attaquant","Sebastian","Nanasi","Sebastian Nanasi","Nanasi","200127","./assoc/200127_SWE.svg","./logo/50152.png","UEFA","SWE","50152","FAME","Malmö","","https://img.uefa.com/imgml/TP/teams/logos/70x70/50152.png","https://img.uefa.com/imgml/TP/teams/logos/240x240/50152.png","250152","MAL","DOMESTIC_MEN_TEAM_A","","DOMESTIC","Suède","Malmö","Malmö FF","MAL","89","MINUTE","2","0","0","12.39","KILOMETER","28","KILOMETER_PER_HOUR"
"250026962","50058","34","1991-03-11","24","FLORENZI","ITA","CENTRAL_MIDFIELDER","DEFENDER","MALE","173","./image/250026962.jpg","Alessandro Florenzi","DEFENDER","7","Florenzi","66","67","Italie","Défenseur","Alessandro","Florenzi","Alessandro Florenzi","Florenzi","200066","./assoc/200066_ITA.svg","./logo/50058.png","UEFA","ITA","50058","FAME","Milan","","https://img.uefa.com/imgml/TP/teams/logos/70x70/50058.png","https://img.uefa.com/imgml/TP/teams/logos/240x240/50058.png","250058","MIL","DOMESTIC_MEN_TEAM_A","","DOMESTIC","Italie","Milan","AC Milan","MIL","88","MINUTE","4","0","0","12.58","KILOMETER","31.3","KILOMETER_PER_HOUR"
"250081720","2603790","27","1998-05-07","20","Olmo","ESP","WINGER","FORWARD","MALE","176","./image/250081720.jpg","Dani Olmo","FORWARD","10","OLMO","122","68","Espagne","Attaquant","Dani","Olmo","Dani Olmo","Olmo","200047","./assoc/200047_GER.svg","./logo/2603790.png","UEFA","GER","2603790","FAME","Leipzig","","https://img.uefa.com/imgml/TP/teams/logos/70x70/2603790.png","https://img.uefa.com/imgml/TP/teams/logos/240x240/2603790.png","250002563","RBL","DOMESTIC_MEN_TEAM_A","","DOMESTIC","Allemagne","Leipzig","RB Leipzig","RBL","88","MINUTE","2","0","1","10.93","KILOMETER","27.7","KILOMETER_PER_HOUR"
"250113351","50064","25","2000-05-30","10","Ferreira Vieira","POR","UNKNOWN","MIDFIELDER","MALE","","./image/250113351.jpg","Fábio Vieira","MIDFIELDER","23","Fábio Vieira","110","","Portugal","Milieu","","Fábio Vieira","Fábio Vieira","Fábio Vieira","200110","./assoc/200110_POR.svg","./logo/50064.png","UEFA","POR","50064","FAME","Porto","","https://img.uefa.com/imgml/TP/teams/logos/70x70/50064.png","https://img.uefa.com/imgml/TP/teams/logos/240x240/50064.png","250064","POR","DOMESTIC_MEN_TEAM_A","","DOMESTIC","Portugal","Porto","FC Porto","POR","85","MINUTE","2","0","1","11","KILOMETER","32.21","KILOMETER_PER_HOUR"
"1902160","50051","34","1991-01-07","7","Hazard","BEL","WINGER","FORWARD","MALE","173","./image/1902160.jpg","Eden Hazard","FORWARD","10","Hazard","13","74","Belgique","Attaquant","Eden","Hazard","Eden Hazard","E. Hazard","200122","./assoc/200122_ESP.svg","./logo/50051.png","UEFA","ESP","50051","FAME","Real Madrid","","https://img.uefa.com/imgml/TP/teams/logos/70x70/50051.png","https://img.uefa.com/imgml/TP/teams/logos/240x240/50051.png","250051","RMA","DOMESTIC_MEN_TEAM_A","","DOMESTIC","Espagne","Real Madrid","Real Madrid C.F.","RMA","84","MINUTE","3","0","0","10.78","KILOMETER","33.21","KILOMETER_PER_HOUR"
"250112969","52707","25","2000-08-21","21","Bondarenko","UKR","CENTRAL_MIDFIELDER","MIDFIELDER","MALE","","./image/250112969.jpg","Artem Bondarenko","MIDFIELDER","17","Bondarenko","57166","","Ukraine","Milieu","Artem","Bondarenko","Artem Bondarenko","Bondarenko","257166","./assoc/257166_UKR.svg","./logo/52707.png","UEFA","UKR","52707","FAME","Shakhtar","","https://img.uefa.com/imgml/TP/teams/logos/70x70/52707.png","https://img.uefa.com/imgml/TP/teams/logos/240x240/52707.png","252707","SHK","DOMESTIC_MEN_TEAM_A","","DOMESTIC","Ukraine","Shakhtar","FC Shakhtar Donetsk","SHK","84","MINUTE","2","0","0","11.83","KILOMETER","31.6","KILOMETER_PER_HOUR"
"250127492","50030","25","2000-06-21","91","Piątkowski","POL","UNKNOWN","DEFENDER","MALE","","./image/250127492.jpg","Kamil Piątkowski","DEFENDER","15","Piątkowski","109","","Pologne","Défenseur","Kamil","Piątkowski","Kamil Piątkowski","Piątkowski","200008","./assoc/200008_AUT.svg","./logo/50030.png","UEFA","AUT","50030","FAME","Salzburg","","https://img.uefa.com/imgml/TP/teams/logos/70x70/50030.png","https://img.uefa.com/imgml/TP/teams/logos/240x240/50030.png","250030","SAL","DOMESTIC_MEN_TEAM_A","","DOMESTIC","Autriche","Salzburg","FC Salzburg","SAL","84","MINUTE","2","0","0","9.79","KILOMETER","30.7","KILOMETER_PER_HOUR"
"250128215","50152","27","1997-12-01","9","Nalic","BIH","ATTACKING_MIDFIELDER","FORWARD","MALE","","./image/250128215.jpg","Adi Nalić","MIDFIELDER","13","Nalić","60094","","Bosnie-Herzégovine","Attaquant","Adi","Nalić","Adi Nalić","Nalić","200127","./assoc/200127_SWE.svg","./logo/50152.png","UEFA","SWE","50152","FAME","Malmö","","https://img.uefa.com/imgml/TP/teams/logos/70x70/50152.png","https://img.uefa.com/imgml/TP/teams/logos/240x240/50152.png","250152","MAL","DOMESTIC_MEN_TEAM_A","","DOMESTIC","Suède","Malmö","Malmö FF","MAL","83","MINUTE","5","0","0","13.6","KILOMETER","31.3","KILOMETER_PER_HOUR"
"250112976","52707","26","1999-02-14","99","Korniienko","UKR","FULL_BACK","DEFENDER","MALE","","./image/250112976.jpg","Viktor Korniienko","DEFENDER","10","Korniienko","57166","","Ukraine","Défenseur","Viktor","Korniienko","Viktor Korniienko","Korniienko","257166","./assoc/257166_UKR.svg","./logo/52707.png","UEFA","UKR","52707","FAME","Shakhtar","","https://img.uefa.com/imgml/TP/teams/logos/70x70/52707.png","https://img.uefa.com/imgml/TP/teams/logos/240x240/52707.png","252707","SHK","DOMESTIC_MEN_TEAM_A","","DOMESTIC","Ukraine","Shakhtar","FC Shakhtar Donetsk","SHK","83","MINUTE","2","0","0","11.2","KILOMETER","31.9","KILOMETER_PER_HOUR"
"250109210","52714","28","1997-06-01","19","Y.EN-NESYRI","MAR","STRIKER","FORWARD","MALE","","./image/250109210.jpg","Youssef En-Nesyri","FORWARD","19","En-Nesyri","92","","Maroc","Attaquant","Youssef","En-Nesyri","Youssef En-Nesyri","En-Nesyri","200122","./assoc/200122_ESP.svg","./logo/52714.png","UEFA","ESP","52714","FAME","Sevilla","","https://img.uefa.com/imgml/TP/teams/logos/70x70/52714.png","https://img.uefa.com/imgml/TP/teams/logos/240x240/52714.png","252714","SEV","DOMESTIC_MEN_TEAM_A","","DOMESTIC","Espagne","Sevilla","Sevilla FC","SEV","83","MINUTE","2","0","0","10.22","KILOMETER","32.9","KILOMETER_PER_HOUR"
"250103863","52723","25","2000-02-15","21","Supriaha","UKR","STRIKER","FORWARD","MALE","","./image/250103863.jpg","Vladyslav Supryaha","FORWARD","11","Supriaha","57166","","Ukraine","Attaquant","Vladyslav","Supryaha","Vladyslav Supryaha","Supryaha","257166","./assoc/257166_UKR.svg","./logo/52723.png","UEFA","UKR","52723","FAME","Dynamo Kyiv","","https://img.uefa.com/imgml/TP/teams/logos/70x70/52723.png","https://img.uefa.com/imgml/TP/teams/logos/240x240/52723.png","252723","DKY","DOMESTIC_MEN_TEAM_A","","DOMESTIC","Ukraine","Dynamo Kyiv","FC Dynamo Kyiv","DKY","81","MINUTE","2","0","0","10.92","KILOMETER","30.9","KILOMETER_PER_HOUR"
"250135571","50139","23","2002-06-12","40","De Winter","BEL","UNKNOWN","DEFENDER","MALE","","./image/250135571.jpg","Koni De Winter","DEFENDER","16","De Winter","13","","Belgique","Défenseur","Koni","De Winter","Koni De Winter","De Winter","200066","./assoc/200066_ITA.svg","./logo/50139.png","UEFA","ITA","50139","FAME","Juventus","","https://img.uefa.com/imgml/TP/teams/logos/70x70/50139.png","https://img.uefa.com/imgml/TP/teams/logos/240x240/50139.png","250139","JUV","DOMESTIC_MEN_TEAM_A","","DOMESTIC","Italie","Juventus","Juventus","JUV","81","MINUTE","2","0","0","10.75","KILOMETER","32.4","KILOMETER_PER_HOUR"
"250103985","50139","25","2000-04-25","21","Kulusevski","SWE","WINGER","MIDFIELDER","MALE","","./image/250103985.jpg","Dejan Kulusevski","MIDFIELDER","21","Kulusevski","127","","Suède","Milieu","Dejan","Kulusevski","Dejan Kulusevski","Kulusevski","200066","./assoc/200066_ITA.svg","./logo/50139.png","UEFA","ITA","50139","FAME","Juventus","","https://img.uefa.com/imgml/TP/teams/logos/70x70/50139.png","https://img.uefa.com/imgml/TP/teams/logos/240x240/50139.png","250139","JUV","DOMESTIC_MEN_TEAM_A","","DOMESTIC","Italie","Juventus","Juventus","JUV","80","MINUTE","5","1","0","14.25","KILOMETER","32.9","KILOMETER_PER_HOUR"
"250024701","52714","31","1994-04-21","6","Augustinsson","SWE","FULL_BACK","DEFENDER","MALE","181","./image/250024701.jpg","Ludwig Augustinsson","DEFENDER","6","Augustinsson","127","74","Suède","Défenseur","Ludwig","Augustinsson","Ludwig Augustinsson","Augustinsson","200122","./assoc/200122_ESP.svg","./logo/52714.png","UEFA","ESP","52714","FAME","Sevilla","","https://img.uefa.com/imgml/TP/teams/logos/70x70/52714.png","https://img.uefa.com/imgml/TP/teams/logos/240x240/52714.png","252714","SEV","DOMESTIC_MEN_TEAM_A","","DOMESTIC","Espagne","Sevilla","Sevilla FC","SEV","80","MINUTE","3","0","0","11.07","KILOMETER","31.1","KILOMETER_PER_HOUR"
"250083922","69606","28","1997-09-05","6","Radeljić","BIH","UNKNOWN","DEFENDER","MALE","","./image/250083922.jpg","Stjepan Radeljić","DEFENDER","21","Radeljić","60094","","Bosnie-Herzégovine","Défenseur","Stjepan","Radeljić","Stjepan Radeljić","Radeljić","257160","./assoc/257160_MDA.svg","./logo/69606.png","UEFA","MDA","69606","FAME","Sheriff","","https://img.uefa.com/imgml/TP/teams/logos/70x70/69606.png","https://img.uefa.com/imgml/TP/teams/logos/240x240/69606.png","269606","SHE","DOMESTIC_MEN_TEAM_A","","DOMESTIC","Moldavie","Sheriff","FC Sheriff Tiraspol","SHE","79","MINUTE","3","0","0","10.19","KILOMETER","29.1","KILOMETER_PER_HOUR"
"250104995","50149","27","1998-06-14","77","Jovane","CPV","STRIKER","FORWARD","MALE","","./image/250104995.jpg","Jovane Cabral","FORWARD","7","Jovane","5916","","Cap-Vert","Attaquant","","Jovane Cabral","Jovane Cabral","Jovane Cabral","200110","./assoc/200110_POR.svg","./logo/50149.png","UEFA","POR","50149","FAME","Sporting CP","","https://img.uefa.com/imgml/TP/teams/logos/70x70/50149.png","https://img.uefa.com/imgml/TP/teams/logos/240x240/50149.png","250149","SPO","DOMESTIC_MEN_TEAM_A","","DOMESTIC","Portugal","Sporting CP","Sporting Clube de Portugal","SPO","79","MINUTE","3","0","0","9.85","KILOMETER","28.4","KILOMETER_PER_HOUR"
"250123073","50037","28","1996-11-26","21","MARC ROCA","ESP","DEFENSIVE_MIDFIELDER","MIDFIELDER","MALE","","./image/250123073.jpg","Marc Roca","MIDFIELDER","21","MARC ROCA","200122","","Espagne","Milieu","","Marc Roca","Marc Roca","Marc Roca","200047","./assoc/200047_GER.svg","./logo/50037.png","UEFA","GER","50037","FAME","Bayern München","","https://img.uefa.com/imgml/TP/teams/logos/70x70/50037.png","https://img.uefa.com/imgml/TP/teams/logos/240x240/50037.png","250037","BAY","DOMESTIC_MEN_TEAM_A","","DOMESTIC","Allemagne","Bayern München","FC Bayern München","BAY","78","MINUTE","4","0","0","11.61","KILOMETER","27.6","KILOMETER_PER_HOUR"
"250076649","50031","27","1998-02-21","9","Kanga","FRA","UNKNOWN","FORWARD","MALE","","./image/250076649.jpg","Wilfried Kanga","FORWARD","","Kanga","","","France","Attaquant","Wilfried","Kanga","Wilfried Kanga","Kanga","200128","./assoc/200128_SUI.svg","./logo/50031.png","UEFA","SUI","50031","FAME","Young Boys","","https://img.uefa.com/imgml/TP/teams/logos/70x70/50031.png","https://img.uefa.com/imgml/TP/teams/logos/240x240/50031.png","250031","YB","DOMESTIC_MEN_TEAM_A","","DOMESTIC","Suisse","Young Boys","BSC Young Boys","YB","75","MINUTE","5","0","0","10.07","KILOMETER","32.21","KILOMETER_PER_HOUR"
"1905813","52682","38","1987-02-14","21","Cavani","URU","STRIKER","FORWARD","MALE","184","./image/1905813.jpg","Edinson Cavani","FORWARD","21","Cavani","138","74","Uruguay","Attaquant","Edinson","Cavani","Edinson Cavani","Cavani","200039","./assoc/200039_ENG.svg","./logo/52682.png","UEFA","ENG","52682","FAME","Man Utd","","https://img.uefa.com/imgml/TP/teams/logos/70x70/52682.png","https://img.uefa.com/imgml/TP/teams/logos/240x240/52682.png","252682","MUN","DOMESTIC_MEN_TEAM_A","","DOMESTIC","Angleterre","Man Utd","Manchester United","MUN","75","MINUTE","4","0","0","11.71","KILOMETER","32.6","KILOMETER_PER_HOUR"
"1909902","50157","33","1992-01-20","11","Töre","TUR","WINGER","MIDFIELDER","MALE","176","./image/1909902.jpg","Gökhan Töre","MIDFIELDER","11","Gökhan Töre","135","70","Turquie","Milieu","","Gökhan Töre","Gökhan Töre","Gökhan Töre","200135","./assoc/200135_TUR.svg","./logo/50157.png","UEFA","TUR","50157","FAME","Beşiktaş","","https://img.uefa.com/imgml/TP/teams/logos/70x70/50157.png","https://img.uefa.com/imgml/TP/teams/logos/240x240/50157.png","250157","BES","DOMESTIC_MEN_TEAM_A","","DOMESTIC","Turquie","Beşiktaş","Beşiktaş JK","BES","75","MINUTE","4","0","0","11.2","KILOMETER","31.1","KILOMETER_PER_HOUR"
"250017824","52758","31","1994-01-12","23","Emre Can","GER","DEFENSIVE_MIDFIELDER","DEFENDER","MALE","184","./image/250017824.jpg","Emre Can","MIDFIELDER","23","Can","47","82","Allemagne","Défenseur","Emre","Can","Emre Can","Can","200047","./assoc/200047_GER.svg","./logo/52758.png","UEFA","GER","52758","FAME","B. Dortmund","","https://img.uefa.com/imgml/TP/teams/logos/70x70/52758.png","https://img.uefa.com/imgml/TP/teams/logos/240x240/52758.png","252758","BVB","DOMESTIC_MEN_TEAM_A","","DOMESTIC","Allemagne","B. Dortmund","Borussia Dortmund","BVB","74","MINUTE","2","0","0","8.36","KILOMETER","33.71","KILOMETER_PER_HOUR"
"250007584","70691","32","1993-08-30","9","Paco Alcácer","ESP","STRIKER","FORWARD","MALE","176","https://img.uefa.com/imgml/TP/players/1/2022/324x324/250007584.jpg","Paco Alcácer","FORWARD","9","Paco Alcácer","122","71","Espagne","Attaquant","Paco","Alcácer","Paco Alcácer","Alcácer","200122","./assoc/200122_ESP.svg","./logo/70691.png","UEFA","ESP","70691","FAME","Villarreal","","https://img.uefa.com/imgml/TP/teams/logos/70x70/70691.png","https://img.uefa.com/imgml/TP/teams/logos/240x240/70691.png","270691","VIL","DOMESTIC_MEN_TEAM_A","","DOMESTIC","Espagne","Villarreal","Villarreal CF","VIL","73","MINUTE","3","1","0","9.98","KILOMETER","31.1","KILOMETER_PER_HOUR"
"250138958","50149","21","2004-02-27","87","G. Esteves","POR","UNKNOWN","DEFENDER","MALE","","./image/250138958.jpg","Gonçalo Esteves","DEFENDER","15","Gonçalo Esteves","300110","","Portugal","Défenseur","Gonçalo","Esteves","Gonçalo Esteves","Esteves","200110","./assoc/200110_POR.svg","./logo/50149.png","UEFA","POR","50149","FAME","Sporting CP","","https://img.uefa.com/imgml/TP/teams/logos/70x70/50149.png","https://img.uefa.com/imgml/TP/teams/logos/240x240/50149.png","250149","SPO","DOMESTIC_MEN_TEAM_A","","DOMESTIC","Portugal","Sporting CP","Sporting Clube de Portugal","SPO","73","MINUTE","1","0","0","8.39","KILOMETER","27.4","KILOMETER_PER_HOUR"
"250123555","50143","22","2003-01-18","2","RENSCH","NED","CENTRE_BACK","DEFENDER","MALE","","./image/250123555.jpg","Devyne Rensch","DEFENDER","15","Rensch","95","","Pays-Bas","Défenseur","Devyne","Rensch","Devyne Rensch","Rensch","200095","./assoc/200095_NED.svg","./logo/50143.png","UEFA","NED","50143","FAME","Ajax","","https://img.uefa.com/imgml/TP/teams/logos/70x70/50143.png","https://img.uefa.com/imgml/TP/teams/logos/240x240/50143.png","250143","AJX","DOMESTIC_MEN_TEAM_A","","DOMESTIC","Pays-Bas","Ajax","AFC Ajax","AJX","71","MINUTE","5","0","0","13.85","KILOMETER","30.7","KILOMETER_PER_HOUR"
"250088320","52919","25","2000-02-29","7","Ferran","ESP","WINGER","FORWARD","MALE","","./image/250088320.jpg","Ferran Torres","FORWARD","11","FERRAN","122","","Espagne","Attaquant","","Ferran Torres","Ferran Torres","Ferran Torres","200039","./assoc/200039_ENG.svg","./logo/52919.png","UEFA","ENG","52919","FAME","Man City","","https://img.uefa.com/imgml/TP/teams/logos/70x70/52919.png","https://img.uefa.com/imgml/TP/teams/logos/240x240/52919.png","252919","MCI","DOMESTIC_MEN_TEAM_A","","DOMESTIC","Angleterre","Man City","Manchester City","MCI","71","MINUTE","1","0","0","8.06","KILOMETER","",""
"250055663","52747","29","1996-09-21","5","KEHRER","GER","CENTRAL_MIDFIELDER","DEFENDER","MALE","186","./image/250055663.jpg","Thilo Kehrer","DEFENDER","15","Kehrer","47","72","Allemagne","Défenseur","Thilo","Kehrer","Thilo Kehrer","Kehrer","200043","./assoc/200043_FRA.svg","./logo/52747.png","UEFA","FRA","52747","FAME","Paris","","https://img.uefa.com/imgml/TP/teams/logos/70x70/52747.png","https://img.uefa.com/imgml/TP/teams/logos/240x240/52747.png","252747","PSG","DOMESTIC_MEN_TEAM_A","","DOMESTIC","France","Paris","Paris Saint-Germain","PSG","70","MINUTE","4","0","0","8.25","KILOMETER","33.4","KILOMETER_PER_HOUR"
"250082583","52826","27","1998-05-28","4","Krugovoy","RUS","FULL_BACK","DEFENDER","MALE","","./image/250082583.jpg","Danil Krugovoi","DEFENDER","5","Krugovoi","57451","","Russie","Défenseur","Danil","Krugovoi","Danil Krugovoi","Krugovoi","257451","./assoc/257451_RUS.svg","./logo/52826.png","UEFA","RUS","52826","FAME","Zenit","","https://img.uefa.com/imgml/TP/teams/logos/70x70/52826.png","https://img.uefa.com/imgml/TP/teams/logos/240x240/52826.png","252826","ZEN","DOMESTIC_MEN_TEAM_A","","DOMESTIC","Russie","Zenit","FC Zenit","ZEN","68","MINUTE","6","0","0","11.82","KILOMETER","34.9","KILOMETER_PER_HOUR"
"250014661","50043","36","1989-05-31","29","Dost","NED","STRIKER","FORWARD","MALE","196","./image/250014661.jpg","Bas Dost","FORWARD","","Dost","95","78","Pays-Bas","Attaquant","Bas","Dost","Bas Dost","Dost","200013","./assoc/200013_BEL.svg","./logo/50043.png","UEFA","BEL","50043","FAME","Club Brugge","","https://img.uefa.com/imgml/TP/teams/logos/70x70/50043.png","https://img.uefa.com/imgml/TP/teams/logos/240x240/50043.png","250043","BRU","DOMESTIC_MEN_TEAM_A","","DOMESTIC","Belgique","Club Brugge","Club Brugge KV","BRU","68","MINUTE","3","0","0","8.58","KILOMETER","28.7","KILOMETER_PER_HOUR"
"250121405","52682","23","2002-07-11","16","Amad","CIV","WINGER","FORWARD","MALE","","./image/250121405.jpg","Amad Diallo","MIDFIELDER","","TRAORE","","","Côte d'Ivoire","Attaquant","Amad","Diallo","Amad Diallo","Diallo","200039","./assoc/200039_ENG.svg","./logo/52682.png","UEFA","ENG","52682","FAME","Man Utd","","https://img.uefa.com/imgml/TP/teams/logos/70x70/52682.png","https://img.uefa.com/imgml/TP/teams/logos/240x240/52682.png","252682","MUN","DOMESTIC_MEN_TEAM_A","","DOMESTIC","Angleterre","Man Utd","Manchester United","MUN","68","MINUTE","1","0","0","8.32","KILOMETER","32.4","KILOMETER_PER_HOUR"
"250064823","52682","28","1997-03-12","1","Henderson","ENG","GOALKEEPER","GOALKEEPER","MALE","","./image/250064823.jpg","Dean Henderson","GOALKEEPER","13","Henderson","39","","Angleterre","Gardien","Dean","Henderson","Dean Henderson","D. Henderson","200039","./assoc/200039_ENG.svg","./logo/52682.png","UEFA","ENG","52682","FAME","Man Utd","","https://img.uefa.com/imgml/TP/teams/logos/70x70/52682.png","https://img.uefa.com/imgml/TP/teams/logos/240x240/52682.png","252682","MUN","DOMESTIC_MEN_TEAM_A","","DOMESTIC","Angleterre","Man Utd","Manchester United","MUN","68","MINUTE","1","0","0","4.37","KILOMETER","27.7","KILOMETER_PER_HOUR"
"250042781","52682","29","1995-12-05","26","Martial","FRA","UNKNOWN","FORWARD","MALE","181","./image/250042781.jpg","Anthony Martial","FORWARD","9","Martial","43","76","France","Attaquant","Anthony","Martial","Anthony Martial","Martial","200039","./assoc/200039_ENG.svg","./logo/52682.png","UEFA","ENG","52682","FAME","Man Utd","","https://img.uefa.com/imgml/TP/teams/logos/70x70/52682.png","https://img.uefa.com/imgml/TP/teams/logos/240x240/52682.png","252682","MUN","DOMESTIC_MEN_TEAM_A","","DOMESTIC","Angleterre","Man Utd","Manchester United","MUN","67","MINUTE","2","0","0","7.06","KILOMETER","30.9","KILOMETER_PER_HOUR"
"250105920","50138","31","1994-04-07","5","Gagliardini","ITA","CENTRAL_MIDFIELDER","MIDFIELDER","MALE","188","./image/250105920.jpg","Roberto Gagliardini","MIDFIELDER","5","Gagliardini","66","77","Italie","Milieu","Roberto","Gagliardini","Roberto Gagliardini","Gagliardini","200066","./assoc/200066_ITA.svg","./logo/50138.png","UEFA","ITA","50138","FAME","Inter","","https://img.uefa.com/imgml/TP/teams/logos/70x70/50138.png","https://img.uefa.com/imgml/TP/teams/logos/240x240/50138.png","250138","INT","DOMESTIC_MEN_TEAM_A","","DOMESTIC","Italie","Inter","FC Internazionale Milano","INT","66","MINUTE","5","0","0","11.63","KILOMETER","29.6","KILOMETER_PER_HOUR"
"250106969","50051","24","2001-07-27","3","M. Gutiérrez","ESP","UNKNOWN","DEFENDER","MALE","","./image/250106969.jpg","Miguel Gutiérrez","DEFENDER","22","Gutiérrez","200122","","Espagne","Défenseur","Miguel","Gutiérrez","Miguel Gutiérrez","Gutiérrez","200122","./assoc/200122_ESP.svg","./logo/50051.png","UEFA","ESP","50051","FAME","Real Madrid","","https://img.uefa.com/imgml/TP/teams/logos/70x70/50051.png","https://img.uefa.com/imgml/TP/teams/logos/240x240/50051.png","250051","RMA","DOMESTIC_MEN_TEAM_A","","DOMESTIC","Espagne","Real Madrid","Real Madrid C.F.","RMA","66","MINUTE","1","0","0","7.72","KILOMETER","32","KILOMETER_PER_HOUR"
"250089224","50149","26","1999-04-09","19","Vinagre","POR","FULL_BACK","DEFENDER","MALE","","./image/250089224.jpg","Rúben Vinagre","DEFENDER","5","RÚBEN VINAGRE","200110","","Portugal","Défenseur","","Rúben Vinagre","Rúben Vinagre","Rúben Vinagre","200110","./assoc/200110_POR.svg","./logo/50149.png","UEFA","POR","50149","FAME","Sporting CP","","https://img.uefa.com/imgml/TP/teams/logos/70x70/50149.png","https://img.uefa.com/imgml/TP/teams/logos/240x240/50149.png","250149","SPO","DOMESTIC_MEN_TEAM_A","","DOMESTIC","Portugal","Sporting CP","Sporting Clube de Portugal","SPO","63","MINUTE","2","0","0","7.75","KILOMETER","32.5","KILOMETER_PER_HOUR"
"250108699","50031","24","2001-01-18","18","Mambimbi","SUI","WINGER","FORWARD","MALE","","./image/250108699.jpg","Felix Mambimbi","FORWARD","11","Mambimbi","200128","","Suisse","Attaquant","Felix","Mambimbi","Felix Mambimbi","Mambimbi","200128","./assoc/200128_SUI.svg","./logo/50031.png","UEFA","SUI","50031","FAME","Young Boys","","https://img.uefa.com/imgml/TP/teams/logos/70x70/50031.png","https://img.uefa.com/imgml/TP/teams/logos/240x240/50031.png","250031","YB","DOMESTIC_MEN_TEAM_A","","DOMESTIC","Suisse","Young Boys","BSC Young Boys","YB","60","MINUTE","4","0","0","9.41","KILOMETER","33.3","KILOMETER_PER_HOUR"
"250123954","2603790","22","2003-01-19","6","MORIBA","GUI","","MIDFIELDER","MALE","","./image/250123954.jpg","Ilaix Moriba","MIDFIELDER","14","Kourouma Kourouma","400122","","Guinée","Milieu","Ilaix","Moriba","Ilaix Moriba","Moriba","200047","./assoc/200047_GER.svg","./logo/2603790.png","UEFA","GER","2603790","FAME","Leipzig","","https://img.uefa.com/imgml/TP/teams/logos/70x70/2603790.png","https://img.uefa.com/imgml/TP/teams/logos/240x240/2603790.png","250002563","RBL","DOMESTIC_MEN_TEAM_A","","DOMESTIC","Allemagne","Leipzig","RB Leipzig","RBL","60","MINUTE","3","0","0","8.65","KILOMETER","27.4","KILOMETER_PER_HOUR"
"250076274","52758","27","1998-05-29","30","Passlack","GER","FULL_BACK","MIDFIELDER","MALE","170","./image/250076274.jpg","Felix Passlack","MIDFIELDER","20","Passlack","200047","74","Allemagne","Milieu","Felix","Passlack","Felix Passlack","Passlack","200047","./assoc/200047_GER.svg","./logo/52758.png","UEFA","GER","52758","FAME","B. Dortmund","","https://img.uefa.com/imgml/TP/teams/logos/70x70/52758.png","https://img.uefa.com/imgml/TP/teams/logos/240x240/52758.png","252758","BVB","DOMESTIC_MEN_TEAM_A","","DOMESTIC","Allemagne","B. Dortmund","Borussia Dortmund","BVB","60","MINUTE","2","0","0","7.63","KILOMETER","28.9","KILOMETER_PER_HOUR"
"250127426","7889","22","2003-04-04","9","Elliott","ENG","UNKNOWN","FORWARD","MALE","","./image/250127426.jpg","Harvey Elliott","FORWARD","19","Elliott","200039","","Angleterre","Attaquant","Harvey","Elliott","Harvey Elliott","Elliott","200039","./assoc/200039_ENG.svg","./logo/7889.png","UEFA","ENG","7889","FAME","Liverpool","","https://img.uefa.com/imgml/TP/teams/logos/70x70/7889.png","https://img.uefa.com/imgml/TP/teams/logos/240x240/7889.png","207889","LIV","DOMESTIC_MEN_TEAM_A","","DOMESTIC","Angleterre","Liverpool","Liverpool FC","LIV","59","MINUTE","1","0","0","7.87","KILOMETER","31.5","KILOMETER_PER_HOUR"
"250027193","50058","31","1994-08-17","8","Bakayoko","FRA","DEFENSIVE_MIDFIELDER","MIDFIELDER","MALE","184","./image/250027193.jpg","Tiémoué Bakayoko","MIDFIELDER","4","Bakayoko","43","72","France","Milieu","Tiémoué","Bakayoko","Tiémoué Bakayoko","Bakayoko","200066","./assoc/200066_ITA.svg","./logo/50058.png","UEFA","ITA","50058","FAME","Milan","","https://img.uefa.com/imgml/TP/teams/logos/70x70/50058.png","https://img.uefa.com/imgml/TP/teams/logos/240x240/50058.png","250058","MIL","DOMESTIC_MEN_TEAM_A","","DOMESTIC","Italie","Milan","AC Milan","MIL","56","MINUTE","3","0","0","8.11","KILOMETER","31.9","KILOMETER_PER_HOUR"
"250098916","52816","27","1997-11-29","13","Pezzella","ITA","","DEFENDER","MALE","","./image/250098916.jpg","Giuseppe Pezzella","DEFENDER","3","Pezzella","200066","","Italie","Défenseur","Giuseppe","Pezzella","Giuseppe Pezzella","Pezzella","200066","./assoc/200066_ITA.svg","./logo/52816.png","UEFA","ITA","52816","FAME","Atalanta","","https://img.uefa.com/imgml/TP/teams/logos/70x70/52816.png","https://img.uefa.com/imgml/TP/teams/logos/240x240/52816.png","252816","ATA","DOMESTIC_MEN_TEAM_A","","DOMESTIC","Italie","Atalanta","Atalanta BC","ATA","56","MINUTE","3","0","0","8.05","KILOMETER","32.5","KILOMETER_PER_HOUR"
"250119181","52707","23","2002-09-01","10","Sudakov","UKR","ATTACKING_MIDFIELDER","MIDFIELDER","MALE","","./image/250119181.jpg","Georgiy Sudakov","MIDFIELDER","17","Sudakov","57166","","Ukraine","Milieu","Georgiy","Sudakov","Georgiy Sudakov","Sudakov","257166","./assoc/257166_UKR.svg","./logo/52707.png","UEFA","UKR","52707","FAME","Shakhtar","","https://img.uefa.com/imgml/TP/teams/logos/70x70/52707.png","https://img.uefa.com/imgml/TP/teams/logos/240x240/52707.png","252707","SHK","DOMESTIC_MEN_TEAM_A","","DOMESTIC","Ukraine","Shakhtar","FC Shakhtar Donetsk","SHK","56","MINUTE","2","0","0","8.27","KILOMETER","28.6","KILOMETER_PER_HOUR"
"250135248","50043","21","2003-12-16","11","Sandra","BEL","UNKNOWN","MIDFIELDER","MALE","","./image/250135248.jpg","Cisse Sandra","MIDFIELDER","15","Sandra","200013","","Belgique","Milieu","Cisse","Sandra","Cisse Sandra","Sandra","200013","./assoc/200013_BEL.svg","./logo/50043.png","UEFA","BEL","50043","FAME","Club Brugge","","https://img.uefa.com/imgml/TP/teams/logos/70x70/50043.png","https://img.uefa.com/imgml/TP/teams/logos/240x240/50043.png","250043","BRU","DOMESTIC_MEN_TEAM_A","","DOMESTIC","Belgique","Club Brugge","Club Brugge KV","BRU","56","MINUTE","1","0","0","6.88","KILOMETER","30.4","KILOMETER_PER_HOUR"
"250153673","50043","20","2005-01-05","18","Mbamba","BEL","UNKNOWN","MIDFIELDER","MALE","","./image/250153673.jpg","Noah Mbamba","MIDFIELDER","14","Mbamba","200013","","Belgique","Milieu","Noah","Mbamba","Noah Mbamba","Mbamba","200013","./assoc/200013_BEL.svg","./logo/50043.png","UEFA","BEL","50043","FAME","Club Brugge","","https://img.uefa.com/imgml/TP/teams/logos/70x70/50043.png","https://img.uefa.com/imgml/TP/teams/logos/240x240/50043.png","250043","BRU","DOMESTIC_MEN_TEAM_A","","DOMESTIC","Belgique","Club Brugge","Club Brugge KV","BRU","55","MINUTE","3","0","0","8.69","KILOMETER","30.5","KILOMETER_PER_HOUR"
"250087701","52723","28","1997-06-01","8","Shepeliev","UKR","DEFENSIVE_MIDFIELDER","MIDFIELDER","MALE","","./image/250087701.jpg","Volodymyr Shepeliev","MIDFIELDER","6","Shepeliev","57166","","Ukraine","Milieu","Volodymyr","Shepeliev","Volodymyr Shepeliev","Shepeliev","257166","./assoc/257166_UKR.svg","./logo/52723.png","UEFA","UKR","52723","FAME","Dynamo Kyiv","","https://img.uefa.com/imgml/TP/teams/logos/70x70/52723.png","https://img.uefa.com/imgml/TP/teams/logos/240x240/52723.png","252723","DKY","DOMESTIC_MEN_TEAM_A","","DOMESTIC","Ukraine","Dynamo Kyiv","FC Dynamo Kyiv","DKY","54","MINUTE","2","0","0","8.65","KILOMETER","30.8","KILOMETER_PER_HOUR"
"250134004","50037","27","1998-02-15","27","O. Richards","ENG","","DEFENDER","MALE","","./image/250134004.jpg","Omar Richards","MIDFIELDER","12","Richards","200039","","Angleterre","Défenseur","Omar","Richards","Omar Richards","Richards","200047","./assoc/200047_GER.svg","./logo/50037.png","UEFA","GER","50037","FAME","Bayern München","","https://img.uefa.com/imgml/TP/teams/logos/70x70/50037.png","https://img.uefa.com/imgml/TP/teams/logos/240x240/50037.png","250037","BAY","DOMESTIC_MEN_TEAM_A","","DOMESTIC","Allemagne","Bayern München","FC Bayern München","BAY","52","MINUTE","4","0","0","8.5","KILOMETER","30.9","KILOMETER_PER_HOUR"
"250109618","69606","26","1998-10-26","16","K.JULIEN","TRI","UNKNOWN","DEFENDER","MALE","","./image/250109618.jpg","Keston Julien","DEFENDER","","Julien","","","Trinité-et-Tobago","Défenseur","Keston","Julien","Keston Julien","Julien","257160","./assoc/257160_MDA.svg","./logo/69606.png","UEFA","MDA","69606","FAME","Sheriff","","https://img.uefa.com/imgml/TP/teams/logos/70x70/69606.png","https://img.uefa.com/imgml/TP/teams/logos/240x240/69606.png","269606","SHE","DOMESTIC_MEN_TEAM_A","","DOMESTIC","Moldavie","Sheriff","FC Sheriff Tiraspol","SHE","52","MINUTE","3","0","0","7.15","KILOMETER","31.7","KILOMETER_PER_HOUR"
"1909099","50157","33","1992-09-23","10","O.Özyakup","TUR","CENTRAL_MIDFIELDER","MIDFIELDER","MALE","180","./image/1909099.jpg","Oğuzhan Özyakup","MIDFIELDER","8","OĞUZHAN","135","75","Turquie","Milieu","","Oğuzhan Özyakup","Oğuzhan Özyakup","Oğuzhan Özyakup","200135","./assoc/200135_TUR.svg","./logo/50157.png","UEFA","TUR","50157","FAME","Beşiktaş","","https://img.uefa.com/imgml/TP/teams/logos/70x70/50157.png","https://img.uefa.com/imgml/TP/teams/logos/240x240/50157.png","250157","BES","DOMESTIC_MEN_TEAM_A","","DOMESTIC","Turquie","Beşiktaş","Beşiktaş JK","BES","52","MINUTE","2","0","0","7.4","KILOMETER","29.5","KILOMETER_PER_HOUR"
"250120799","50143","23","2002-01-07","15","Daramy","DEN","STRIKER","MIDFIELDER","MALE","","./image/250120799.jpg","Mohamed Daramy","MIDFIELDER","10","Daramy","35","","Danemark","Milieu","Mohamed","Daramy","Mohamed Daramy","Daramy","200095","./assoc/200095_NED.svg","./logo/50143.png","UEFA","NED","50143","FAME","Ajax","","https://img.uefa.com/imgml/TP/teams/logos/70x70/50143.png","https://img.uefa.com/imgml/TP/teams/logos/240x240/50143.png","250143","AJX","DOMESTIC_MEN_TEAM_A","","DOMESTIC","Pays-Bas","Ajax","AFC Ajax","AJX","52","MINUTE","2","0","0","6.44","KILOMETER","29.4","KILOMETER_PER_HOUR"
"250058258","2603790","28","1997-02-23","39","Henrichs","GER","UNKNOWN","DEFENDER","MALE","183","./image/250058258.jpg","Benjamin Henrichs","DEFENDER","23","Henrichs","47","77","Allemagne","Défenseur","Benjamin","Henrichs","Benjamin Henrichs","Henrichs","200047","./assoc/200047_GER.svg","./logo/2603790.png","UEFA","GER","2603790","FAME","Leipzig","","https://img.uefa.com/imgml/TP/teams/logos/70x70/2603790.png","https://img.uefa.com/imgml/TP/teams/logos/240x240/2603790.png","250002563","RBL","DOMESTIC_MEN_TEAM_A","","DOMESTIC","Allemagne","Leipzig","RB Leipzig","RBL","51","MINUTE","4","0","0","7.16","KILOMETER","29","KILOMETER_PER_HOUR"
"1904338","50037","36","1989-03-23","13","Choupo-Moting","CMR","UNKNOWN","MIDFIELDER","MALE","191","./image/1904338.jpg","Eric Maxim Choupo-Moting","FORWARD","13","Choupo-Moting","23","91","Cameroun","Milieu","Eric Maxim","Choupo-Moting","Eric Maxim Choupo-Moting","Choupo-Moting","200047","./assoc/200047_GER.svg","./logo/50037.png","UEFA","GER","50037","FAME","Bayern München","","https://img.uefa.com/imgml/TP/teams/logos/70x70/50037.png","https://img.uefa.com/imgml/TP/teams/logos/240x240/50037.png","250037","BAY","DOMESTIC_MEN_TEAM_A","","DOMESTIC","Allemagne","Bayern München","FC Bayern München","BAY","49","MINUTE","4","1","0","6.66","KILOMETER","28.8","KILOMETER_PER_HOUR"
"250097254","75797","28","1997-01-29","97","Yazici","TUR","STRIKER","MIDFIELDER","MALE","","./image/250097254.jpg","Yusuf Yazıcı","FORWARD","11","YUSUF YAZICI","135","","Turquie","Milieu","","Yusuf Yazıcı","Yusuf Yazıcı","Yusuf Yazıcı","200043","./assoc/200043_FRA.svg","./logo/75797.png","UEFA","FRA","75797","FAME","Lille","","https://img.uefa.com/imgml/TP/teams/logos/70x70/75797.png","https://img.uefa.com/imgml/TP/teams/logos/240x240/75797.png","275797","LIL","DOMESTIC_MEN_TEAM_A","","DOMESTIC","France","Lille","LOSC Lille","LIL","47","MINUTE","4","0","0","8.73","KILOMETER","31.2","KILOMETER_PER_HOUR"
"250074434","52747","32","1993-02-19","9","ICARDI","ARG","STRIKER","FORWARD","MALE","181","./image/250074434.jpg","Mauro Icardi","FORWARD","","Icardi","","75","Argentine","Attaquant","Mauro","Icardi","Mauro Icardi","Icardi","200043","./assoc/200043_FRA.svg","./logo/52747.png","UEFA","FRA","52747","FAME","Paris","","https://img.uefa.com/imgml/TP/teams/logos/70x70/52747.png","https://img.uefa.com/imgml/TP/teams/logos/240x240/52747.png","252747","PSG","DOMESTIC_MEN_TEAM_A","","DOMESTIC","France","Paris","Paris Saint-Germain","PSG","47","MINUTE","3","0","0","6.48","KILOMETER","31.6","KILOMETER_PER_HOUR"
"250135615","52919","22","2002-10-18","24","McAtee","ENG","UNKNOWN","MIDFIELDER","MALE","","./image/250135615.jpg","James McAtee","MIDFIELDER","10","Mcatee","200039","","Angleterre","Milieu","James","McAtee","James McAtee","McAtee","200039","./assoc/200039_ENG.svg","./logo/52919.png","UEFA","ENG","52919","FAME","Man City","","https://img.uefa.com/imgml/TP/teams/logos/70x70/52919.png","https://img.uefa.com/imgml/TP/teams/logos/240x240/52919.png","252919","MCI","DOMESTIC_MEN_TEAM_A","","DOMESTIC","Angleterre","Man City","Manchester City","MCI","45","MINUTE","1","0","0","6.21","KILOMETER","28.1","KILOMETER_PER_HOUR"
"250150882","52816","25","2000-02-14","66","Lovato","ITA","UNKNOWN","DEFENDER","MALE","","./image/250150882.jpg","Matteo Lovato","DEFENDER","6","Lovato","200066","","Italie","Défenseur","Matteo","Lovato","Matteo Lovato","Lovato","200066","./assoc/200066_ITA.svg","./logo/52816.png","UEFA","ITA","52816","FAME","Atalanta","","https://img.uefa.com/imgml/TP/teams/logos/70x70/52816.png","https://img.uefa.com/imgml/TP/teams/logos/240x240/52816.png","252816","ATA","DOMESTIC_MEN_TEAM_A","","DOMESTIC","Italie","Atalanta","Atalanta BC","ATA","45","MINUTE","1","0","0","5.34","KILOMETER","31.4","KILOMETER_PER_HOUR"
"250124282","52919","23","2002-05-06","10","Palmer","ENG","UNKNOWN","MIDFIELDER","MALE","","./image/250124282.jpg","Cole Palmer","MIDFIELDER","20","Palmer","39","","Angleterre","Milieu","Cole","Palmer","Cole Palmer","Palmer","200039","./assoc/200039_ENG.svg","./logo/52919.png","UEFA","ENG","52919","FAME","Man City","","https://img.uefa.com/imgml/TP/teams/logos/70x70/52919.png","https://img.uefa.com/imgml/TP/teams/logos/240x240/52919.png","252919","MCI","DOMESTIC_MEN_TEAM_A","","DOMESTIC","Angleterre","Man City","Manchester City","MCI","40","MINUTE","3","1","0","7.01","KILOMETER","36","KILOMETER_PER_HOUR"
"250117406","50147","23","2002-01-24","28","P.Bernardo","POR","CENTRAL_MIDFIELDER","MIDFIELDER","MALE","","./image/250117406.jpg","Paulo Bernardo","MIDFIELDER","8","PAULO B.","200110","","Portugal","Milieu","","Paulo Bernardo","Paulo Bernardo","Paulo Bernardo","200110","./assoc/200110_POR.svg","./logo/50147.png","UEFA","POR","50147","FAME","Benfica","","https://img.uefa.com/imgml/TP/teams/logos/70x70/50147.png","https://img.uefa.com/imgml/TP/teams/logos/240x240/50147.png","250147","BEN","DOMESTIC_MEN_TEAM_A","","DOMESTIC","Portugal","Benfica","SL Benfica","BEN","39","MINUTE","5","0","0","8.31","KILOMETER","30.1","KILOMETER_PER_HOUR"
"250129343","50030","22","2003-06-26","14","Kjaergaard","DEN","UNKNOWN","MIDFIELDER","MALE","","./image/250129343.jpg","Maurits Kjærgaard","MIDFIELDER","10","Kjaergaard","200035","","Danemark","Milieu","Maurits","Kjærgaard","Maurits Kjærgaard","Kjærgaard","200008","./assoc/200008_AUT.svg","./logo/50030.png","UEFA","AUT","50030","FAME","Salzburg","","https://img.uefa.com/imgml/TP/teams/logos/70x70/50030.png","https://img.uefa.com/imgml/TP/teams/logos/240x240/50030.png","250030","SAL","DOMESTIC_MEN_TEAM_A","","DOMESTIC","Autriche","Salzburg","FC Salzburg","SAL","38","MINUTE","4","1","0","7.87","KILOMETER","30.7","KILOMETER_PER_HOUR"
"250113011","50143","23","2002-05-16","8","Taylor","NED","CENTRAL_MIDFIELDER","MIDFIELDER","MALE","","./image/250113011.jpg","Kenneth Taylor","MIDFIELDER","16","Taylor","95","","Pays-Bas","Milieu","Kenneth","Taylor","Kenneth Taylor","Taylor","200095","./assoc/200095_NED.svg","./logo/50143.png","UEFA","NED","50143","FAME","Ajax","","https://img.uefa.com/imgml/TP/teams/logos/70x70/50143.png","https://img.uefa.com/imgml/TP/teams/logos/240x240/50143.png","250143","AJX","DOMESTIC_MEN_TEAM_A","","DOMESTIC","Pays-Bas","Ajax","AFC Ajax","AJX","38","MINUTE","3","0","0","6.61","KILOMETER","25.3","KILOMETER_PER_HOUR"
"250086709","50051","29","1996-08-07","19","D. CEBALLOS","ESP","CENTRAL_MIDFIELDER","MIDFIELDER","MALE","176","./image/250086709.jpg","Dani Ceballos","MIDFIELDER","10","D. Ceballos","122","65","Espagne","Milieu","Dani","Ceballos","Dani Ceballos","Ceballos","200122","./assoc/200122_ESP.svg","./logo/50051.png","UEFA","ESP","50051","FAME","Real Madrid","","https://img.uefa.com/imgml/TP/teams/logos/70x70/50051.png","https://img.uefa.com/imgml/TP/teams/logos/240x240/50051.png","250051","RMA","DOMESTIC_MEN_TEAM_A","","DOMESTIC","Espagne","Real Madrid","Real Madrid C.F.","RMA","37","MINUTE","5","0","0","7.92","KILOMETER","29.8","KILOMETER_PER_HOUR"
"250117405","50064","22","2002-12-14","7","F. Conceição","POR","UNKNOWN","FORWARD","MALE","","./image/250117405.jpg","Francisco Conceição","FORWARD","20","F. CONCEIÇÃO","110","","Portugal","Attaquant","","Francisco Conceição","Francisco Conceição","Francisco Conceição","200110","./assoc/200110_POR.svg","./logo/50064.png","UEFA","POR","50064","FAME","Porto","","https://img.uefa.com/imgml/TP/teams/logos/70x70/50064.png","https://img.uefa.com/imgml/TP/teams/logos/240x240/50064.png","250064","POR","DOMESTIC_MEN_TEAM_A","","DOMESTIC","Portugal","Porto","FC Porto","POR","37","MINUTE","2","0","0","5.37","KILOMETER","30.3","KILOMETER_PER_HOUR"
"250112224","64332","25","2000-10-10","8","Nmecha","GER","","MIDFIELDER","MALE","","./image/250112224.jpg","Felix Nmecha","MIDFIELDER","13","Nmecha","47","","Allemagne","Milieu","Felix","Nmecha","Felix Nmecha","Nmecha","200047","./assoc/200047_GER.svg","./logo/64332.png","UEFA","GER","64332","FAME","Wolfsburg","","https://img.uefa.com/imgml/TP/teams/logos/70x70/64332.png","https://img.uefa.com/imgml/TP/teams/logos/240x240/64332.png","264332","WOB","DOMESTIC_MEN_TEAM_A","","DOMESTIC","Allemagne","Wolfsburg","VfL Wolfsburg","WOL","36","MINUTE","2","0","0","6.64","KILOMETER","29.4","KILOMETER_PER_HOUR"
"250159919","50064","28","1997-02-24","11","Pepê","BRA","UNKNOWN","FORWARD","MALE","","./image/250159919.jpg","Pepê","FORWARD","18","Pepê","18","","Brésil","Attaquant","","Pepê","Pepê","Pepê","200110","./assoc/200110_POR.svg","./logo/50064.png","UEFA","POR","50064","FAME","Porto","","https://img.uefa.com/imgml/TP/teams/logos/70x70/50064.png","https://img.uefa.com/imgml/TP/teams/logos/240x240/50064.png","250064","POR","DOMESTIC_MEN_TEAM_A","","DOMESTIC","Portugal","Porto","FC Porto","POR","34","MINUTE","3","0","0","5.72","KILOMETER","31.1","KILOMETER_PER_HOUR"
"250083244","52816","29","1995-10-17","59","Miranchuk","RUS","ATTACKING_MIDFIELDER","FORWARD","MALE","182","./image/250083244.jpg","Aleksei Miranchuk","FORWARD","11","Miranchuk","57451","74","Russie","Attaquant","Aleksei","Miranchuk","Aleksei Miranchuk","Al. Miranchuk","200066","./assoc/200066_ITA.svg","./logo/52816.png","UEFA","ITA","52816","FAME","Atalanta","","https://img.uefa.com/imgml/TP/teams/logos/70x70/52816.png","https://img.uefa.com/imgml/TP/teams/logos/240x240/52816.png","252816","ATA","DOMESTIC_MEN_TEAM_A","","DOMESTIC","Italie","Atalanta","Atalanta BC","ATA","33","MINUTE","2","0","1","4.77","KILOMETER","28.7","KILOMETER_PER_HOUR"
"250079522","50149","26","1998-12-03","10","Edwards","ENG","WINGER","FORWARD","MALE","","./image/250079522.jpg","Marcus Edwards","MIDFIELDER","14","Edwards","300039","","Angleterre","Attaquant","Marcus","Edwards","Marcus Edwards","Edwards","200110","./assoc/200110_POR.svg","./logo/50149.png","UEFA","POR","50149","FAME","Sporting CP","","https://img.uefa.com/imgml/TP/teams/logos/70x70/50149.png","https://img.uefa.com/imgml/TP/teams/logos/240x240/50149.png","250149","SPO","DOMESTIC_MEN_TEAM_A","","DOMESTIC","Portugal","Sporting CP","Sporting Clube de Portugal","SPO","32","MINUTE","1","0","0","3.99","KILOMETER","30.5","KILOMETER_PER_HOUR"
"250055216","50147","29","1996-02-15","49","Radonjic","SRB","WINGER","MIDFIELDER","MALE","","./image/250055216.jpg","Nemanja Radonjić","FORWARD","7","Radonjic","147","","Serbie","Milieu","Nemanja","Radonjić","Nemanja Radonjić","Radonjić","200110","./assoc/200110_POR.svg","./logo/50147.png","UEFA","POR","50147","FAME","Benfica","","https://img.uefa.com/imgml/TP/teams/logos/70x70/50147.png","https://img.uefa.com/imgml/TP/teams/logos/240x240/50147.png","250147","BEN","DOMESTIC_MEN_TEAM_A","","DOMESTIC","Portugal","Benfica","SL Benfica","BEN","31","MINUTE","1","0","0","3.89","KILOMETER","32","KILOMETER_PER_HOUR"
"250117509","52682","23","2002-04-30","43","Mengi","ENG","CENTRE_BACK","DEFENDER","MALE","","./image/250117509.jpg","Teden Mengi","DEFENDER","2","Mengi","200039","","Angleterre","Défenseur","Teden","Mengi","Teden Mengi","Mengi","200039","./assoc/200039_ENG.svg","./logo/52682.png","UEFA","ENG","52682","FAME","Man Utd","","https://img.uefa.com/imgml/TP/teams/logos/70x70/52682.png","https://img.uefa.com/imgml/TP/teams/logos/240x240/52682.png","252682","MUN","DOMESTIC_MEN_TEAM_A","","DOMESTIC","Angleterre","Man Utd","Manchester United","MUN","29","MINUTE","1","0","0","3.68","KILOMETER","31.6","KILOMETER_PER_HOUR"
"250084882","50043","28","1996-11-24","7","Wesley","BRA","STRIKER","FORWARD","MALE","191","./image/250084882.jpg","Wesley","FORWARD","","Wesley","","93","Brésil","Attaquant","","Wesley","Wesley","Wesley","200013","./assoc/200013_BEL.svg","./logo/50043.png","UEFA","BEL","50043","FAME","Club Brugge","","https://img.uefa.com/imgml/TP/teams/logos/70x70/50043.png","https://img.uefa.com/imgml/TP/teams/logos/240x240/50043.png","250043","BRU","DOMESTIC_MEN_TEAM_A","","DOMESTIC","Belgique","Club Brugge","Club Brugge KV","BRU","26","MINUTE","2","0","0","3.72","KILOMETER","32.71","KILOMETER_PER_HOUR"
"250068733","70691","33","1991-10-22","23","MANDI","ALG","CENTRE_BACK","DEFENDER","MALE","","./image/250068733.jpg","Aïssa Mandi","DEFENDER","2","Mandi","3","","Algérie","Défenseur","Aïssa","Mandi","Aïssa Mandi","Mandi","200122","./assoc/200122_ESP.svg","./logo/70691.png","UEFA","ESP","70691","FAME","Villarreal","","https://img.uefa.com/imgml/TP/teams/logos/70x70/70691.png","https://img.uefa.com/imgml/TP/teams/logos/240x240/70691.png","270691","VIL","DOMESTIC_MEN_TEAM_A","","DOMESTIC","Espagne","Villarreal","Villarreal CF","VIL","24","MINUTE","2","0","0","3.67","KILOMETER","27.3","KILOMETER_PER_HOUR"
"250121904","50143","25","2000-08-02","20","KUDUS","GHA","ATTACKING_MIDFIELDER","MIDFIELDER","MALE","","./image/250121904.jpg","Mohammed Kudus","MIDFIELDER","20","Kudus","48","","Ghana","Milieu","Mohammed","Kudus","Mohammed Kudus","Kudus","200095","./assoc/200095_NED.svg","./logo/50143.png","UEFA","NED","50143","FAME","Ajax","","https://img.uefa.com/imgml/TP/teams/logos/70x70/50143.png","https://img.uefa.com/imgml/TP/teams/logos/240x240/50143.png","250143","AJX","DOMESTIC_MEN_TEAM_A","","DOMESTIC","Pays-Bas","Ajax","AFC Ajax","AJX","24","MINUTE","2","0","0","3.47","KILOMETER","27.1","KILOMETER_PER_HOUR"
"250129973","2603790","22","2003-01-24","90","Novoa","ESP","UNKNOWN","MIDFIELDER","MALE","","./image/250129973.jpg","Hugo Novoa","MIDFIELDER","2","NOVOA","200122","","Espagne","Milieu","Hugo","Novoa","Hugo Novoa","Novoa","200047","./assoc/200047_GER.svg","./logo/2603790.png","UEFA","GER","2603790","FAME","Leipzig","","https://img.uefa.com/imgml/TP/teams/logos/70x70/2603790.png","https://img.uefa.com/imgml/TP/teams/logos/240x240/2603790.png","250002563","RBL","DOMESTIC_MEN_TEAM_A","","DOMESTIC","Allemagne","Leipzig","RB Leipzig","RBL","24","MINUTE","1","0","1","3.62","KILOMETER","30.4","KILOMETER_PER_HOUR"
"250129422","75797","23","2002-04-10","19","LIHADJI","FRA","WINGER","FORWARD","MALE","","./image/250129422.jpg","Isaac Lihadji","FORWARD","11","Lihadji","200043","","France","Attaquant","Isaac","Lihadji","Isaac Lihadji","Lihadji","200043","./assoc/200043_FRA.svg","./logo/75797.png","UEFA","FRA","75797","FAME","Lille","","https://img.uefa.com/imgml/TP/teams/logos/70x70/75797.png","https://img.uefa.com/imgml/TP/teams/logos/240x240/75797.png","275797","LIL","DOMESTIC_MEN_TEAM_A","","DOMESTIC","France","Lille","LOSC Lille","LIL","23","MINUTE","3","0","0","4.54","KILOMETER","30.9","KILOMETER_PER_HOUR"
"250098953","50030","30","1995-05-14","95","Bernardo","BRA","FULL_BACK","DEFENDER","MALE","","./image/250098953.jpg","Bernardo","DEFENDER","","Bernardo","","","Brésil","Défenseur","","Bernardo","Bernardo","Bernardo","200008","./assoc/200008_AUT.svg","./logo/50030.png","UEFA","AUT","50030","FAME","Salzburg","","https://img.uefa.com/imgml/TP/teams/logos/70x70/50030.png","https://img.uefa.com/imgml/TP/teams/logos/240x240/50030.png","250030","SAL","DOMESTIC_MEN_TEAM_A","","DOMESTIC","Autriche","Salzburg","FC Salzburg","SAL","23","MINUTE","2","0","1","4.24","KILOMETER","28.5","KILOMETER_PER_HOUR"
"250141025","50030","23","2002-05-17","44","Tijani","NGA","","MIDFIELDER","MALE","","./image/250141025.jpg","Samson Tijani","MIDFIELDER","","Tijani","","","Nigeria","Milieu","Samson","Tijani","Samson Tijani","Tijani","200008","./assoc/200008_AUT.svg","./logo/50030.png","UEFA","AUT","50030","FAME","Salzburg","","https://img.uefa.com/imgml/TP/teams/logos/70x70/50030.png","https://img.uefa.com/imgml/TP/teams/logos/240x240/50030.png","250030","SAL","DOMESTIC_MEN_TEAM_A","","DOMESTIC","Autriche","Salzburg","FC Salzburg","SAL","23","MINUTE","1","0","0","3.14","KILOMETER","24.6","KILOMETER_PER_HOUR"
"93320","75797","38","1987-03-07","11","BEN ARFA","FRA","WINGER","MIDFIELDER","MALE","178","./image/93320.jpg","Hatem Ben Arfa","MIDFIELDER","20","Ben Arfa","43","65","France","Milieu","Hatem","Ben Arfa","Hatem Ben Arfa","Ben Arfa","200043","./assoc/200043_FRA.svg","./logo/75797.png","UEFA","FRA","75797","FAME","Lille","","https://img.uefa.com/imgml/TP/teams/logos/70x70/75797.png","https://img.uefa.com/imgml/TP/teams/logos/240x240/75797.png","275797","LIL","DOMESTIC_MEN_TEAM_A","","DOMESTIC","France","Lille","LOSC Lille","LIL","22","MINUTE","2","0","0","3.56","KILOMETER","31.7","KILOMETER_PER_HOUR"
"250079402","52714","27","1998-06-28","34","Oscar","ESP","","MIDFIELDER","MALE","","./image/250079402.jpg","Óscar Rodríguez","MIDFIELDER","18","OSCAR","122","","Espagne","Milieu","","Óscar Rodríguez","Óscar Rodríguez","Óscar Rodríguez","200122","./assoc/200122_ESP.svg","./logo/52714.png","UEFA","ESP","52714","FAME","Sevilla","","https://img.uefa.com/imgml/TP/teams/logos/70x70/52714.png","https://img.uefa.com/imgml/TP/teams/logos/240x240/52714.png","252714","SEV","DOMESTIC_MEN_TEAM_A","","DOMESTIC","Espagne","Sevilla","Sevilla FC","SEV","22","MINUTE","1","0","0","3.75","KILOMETER","28.3","KILOMETER_PER_HOUR"
"250127692","52682","21","2004-02-02","47","Shola","ENG","WINGER","FORWARD","MALE","","./image/250127692.jpg","Shola Shoretire","MIDFIELDER","","Shoretire","","","Angleterre","Attaquant","Shola","Shoretire","Shola Shoretire","Shoretire","200039","./assoc/200039_ENG.svg","./logo/52682.png","UEFA","ENG","52682","FAME","Man Utd","","https://img.uefa.com/imgml/TP/teams/logos/70x70/52682.png","https://img.uefa.com/imgml/TP/teams/logos/240x240/52682.png","252682","MUN","DOMESTIC_MEN_TEAM_A","","DOMESTIC","Angleterre","Man Utd","Manchester United","MUN","22","MINUTE","1","0","0","3.29","KILOMETER","29.9","KILOMETER_PER_HOUR"
"69582","52682","39","1986-04-15","22","Heaton","ENG","GOALKEEPER","GOALKEEPER","MALE","188","./image/69582.jpg","Tom Heaton","GOALKEEPER","23","Heaton","39","85","Angleterre","Gardien","Tom","Heaton","Tom Heaton","Heaton","200039","./assoc/200039_ENG.svg","./logo/52682.png","UEFA","ENG","52682","FAME","Man Utd","","https://img.uefa.com/imgml/TP/teams/logos/70x70/52682.png","https://img.uefa.com/imgml/TP/teams/logos/240x240/52682.png","252682","MUN","DOMESTIC_MEN_TEAM_A","","DOMESTIC","Angleterre","Man Utd","Manchester United","MUN","22","MINUTE","1","0","0","1.93","KILOMETER","20.11","KILOMETER_PER_HOUR"
"250112220","50037","25","2000-04-02","44","Stanišić","CRO","UNKNOWN","DEFENDER","MALE","","./image/250112220.jpg","Josip Stanišić","DEFENDER","2","Stanišić","56370","","Croatie","Défenseur","Josip","Stanišić","Josip Stanišić","Stanišić","200047","./assoc/200047_GER.svg","./logo/50037.png","UEFA","GER","50037","FAME","Bayern München","","https://img.uefa.com/imgml/TP/teams/logos/70x70/50037.png","https://img.uefa.com/imgml/TP/teams/logos/240x240/50037.png","250037","BAY","DOMESTIC_MEN_TEAM_A","","DOMESTIC","Allemagne","Bayern München","FC Bayern München","BAY","21","MINUTE","2","0","1","3.62","KILOMETER","32.3","KILOMETER_PER_HOUR"
"250134656","52758","23","2002-01-10","7","Knauff","GER","UNKNOWN","MIDFIELDER","MALE","","./image/250134656.jpg","Ansgar Knauff","MIDFIELDER","7","Knauff","200047","","Allemagne","Milieu","Ansgar","Knauff","Ansgar Knauff","Knauff","200047","./assoc/200047_GER.svg","./logo/52758.png","UEFA","GER","52758","FAME","B. Dortmund","","https://img.uefa.com/imgml/TP/teams/logos/70x70/52758.png","https://img.uefa.com/imgml/TP/teams/logos/240x240/52758.png","252758","BVB","DOMESTIC_MEN_TEAM_A","","DOMESTIC","Allemagne","B. Dortmund","Borussia Dortmund","BVB","20","MINUTE","3","0","0","5.12","KILOMETER","33.1","KILOMETER_PER_HOUR"
"250144618","50058","24","2001-10-11","70","Maldini","ITA","ATTACKING_MIDFIELDER","FORWARD","MALE","","./image/250144618.jpg","Daniel Maldini","FORWARD","20","Maldini","66","","Italie","Attaquant","Daniel","Maldini","Daniel Maldini","Maldini","200066","./assoc/200066_ITA.svg","./logo/50058.png","UEFA","ITA","50058","FAME","Milan","","https://img.uefa.com/imgml/TP/teams/logos/70x70/50058.png","https://img.uefa.com/imgml/TP/teams/logos/240x240/50058.png","250058","MIL","DOMESTIC_MEN_TEAM_A","","DOMESTIC","Italie","Milan","AC Milan","MIL","20","MINUTE","3","0","0","4.24","KILOMETER","30.4","KILOMETER_PER_HOUR"
"250134659","52758","20","2004-11-20","9","Youssoufa","GER","UNKNOWN","FORWARD","MALE","","./image/250134659.jpg","Youssoufa Moukoko","FORWARD","9","Moukoko","47","","Allemagne","Attaquant","Youssoufa","Moukoko","Youssoufa Moukoko","Moukoko","200047","./assoc/200047_GER.svg","./logo/52758.png","UEFA","GER","52758","FAME","B. Dortmund","","https://img.uefa.com/imgml/TP/teams/logos/70x70/52758.png","https://img.uefa.com/imgml/TP/teams/logos/240x240/52758.png","252758","BVB","DOMESTIC_MEN_TEAM_A","","DOMESTIC","Allemagne","B. Dortmund","Borussia Dortmund","BVB","20","MINUTE","1","0","0","3.19","KILOMETER","29.9","KILOMETER_PER_HOUR"
"250138682","52714","24","2001-04-10","36","Romero De Ávila Araque","ESP","UNKNOWN","FORWARD","MALE","","./image/250138682.jpg","Iván Romero","FORWARD","","IVAN","","","Espagne","Attaquant","","Iván Romero","Iván Romero","Iván Romero","200122","./assoc/200122_ESP.svg","./logo/52714.png","UEFA","ESP","52714","FAME","Sevilla","","https://img.uefa.com/imgml/TP/teams/logos/70x70/52714.png","https://img.uefa.com/imgml/TP/teams/logos/240x240/52714.png","252714","SEV","DOMESTIC_MEN_TEAM_A","","DOMESTIC","Espagne","Sevilla","Sevilla FC","SEV","20","MINUTE","1","0","0","2.74","KILOMETER","30.9","KILOMETER_PER_HOUR"
"250138395","50149","22","2003-07-20","20","Nazinho","POR","UNKNOWN","DEFENDER","MALE","","./image/250138395.jpg","Flávio Nazinho","DEFENDER","13","F. NAZINHO","200110","","Portugal","Défenseur","","Flávio Nazinho","Flávio Nazinho","Flávio Nazinho","200110","./assoc/200110_POR.svg","./logo/50149.png","UEFA","POR","50149","FAME","Sporting CP","","https://img.uefa.com/imgml/TP/teams/logos/70x70/50149.png","https://img.uefa.com/imgml/TP/teams/logos/240x240/50149.png","250149","SPO","DOMESTIC_MEN_TEAM_A","","DOMESTIC","Portugal","Sporting CP","Sporting Clube de Portugal","SPO","19","MINUTE","2","0","0","3.95","KILOMETER","30.3","KILOMETER_PER_HOUR"
"250135416","50080","21","2003-10-18","3","Balde","ESP","UNKNOWN","DEFENDER","MALE","","./image/250135416.jpg","Alejandro Balde","DEFENDER","3","Balde","122","","Espagne","Défenseur","Alejandro","Balde","Alejandro Balde","Balde","200122","./assoc/200122_ESP.svg","./logo/50080.png","UEFA","ESP","50080","FAME","Barcelona","","https://img.uefa.com/imgml/TP/teams/logos/70x70/50080.png","https://img.uefa.com/imgml/TP/teams/logos/240x240/50080.png","250080","BAR","DOMESTIC_MEN_TEAM_A","","DOMESTIC","Espagne","Barcelona","FC Barcelona","BAR","19","MINUTE","2","0","0","3.67","KILOMETER","33.8","KILOMETER_PER_HOUR"
"250123677","50037","23","2002-05-28","10","Tillman","USA","UNKNOWN","MIDFIELDER","MALE","","./image/250123677.jpg","Malik Tillman","MIDFIELDER","10","Tillman","200047","","Etats-Unis","Milieu","Malik","Tillman","Malik Tillman","Tillman","200047","./assoc/200047_GER.svg","./logo/50037.png","UEFA","GER","50037","FAME","Bayern München","","https://img.uefa.com/imgml/TP/teams/logos/70x70/50037.png","https://img.uefa.com/imgml/TP/teams/logos/240x240/50037.png","250037","BAY","DOMESTIC_MEN_TEAM_A","","DOMESTIC","Allemagne","Bayern München","FC Bayern München","BAY","18","MINUTE","2","0","0","3.56","KILOMETER","30.3","KILOMETER_PER_HOUR"
"250147281","70691","34","1991-07-18","20","R. Peña","ESP","FULL_BACK","DEFENDER","MALE","","./image/250147281.jpg","Rubén Peña","DEFENDER","","R. Peña","","","Espagne","Défenseur","Rubén","Peña","Rubén Peña","Peña","200122","./assoc/200122_ESP.svg","./logo/70691.png","UEFA","ESP","70691","FAME","Villarreal","","https://img.uefa.com/imgml/TP/teams/logos/70x70/70691.png","https://img.uefa.com/imgml/TP/teams/logos/240x240/70691.png","270691","VIL","DOMESTIC_MEN_TEAM_A","","DOMESTIC","Espagne","Villarreal","Villarreal CF","VIL","18","MINUTE","2","0","0","3.3","KILOMETER","31.6","KILOMETER_PER_HOUR"
"250087540","50080","26","1999-08-13","6","RIQUI PUIG","ESP","UNKNOWN","MIDFIELDER","MALE","","./image/250087540.jpg","Ricard Puig","MIDFIELDER","20","Riqui Puig","200122","","Espagne","Milieu","","Ricard Puig","Ricard Puig","Ricard Puig","200122","./assoc/200122_ESP.svg","./logo/50080.png","UEFA","ESP","50080","FAME","Barcelona","","https://img.uefa.com/imgml/TP/teams/logos/70x70/50080.png","https://img.uefa.com/imgml/TP/teams/logos/240x240/50080.png","250080","BAR","DOMESTIC_MEN_TEAM_A","","DOMESTIC","Espagne","Barcelona","FC Barcelona","BAR","17","MINUTE","1","0","0","2.44","KILOMETER","28.2","KILOMETER_PER_HOUR"
"250138482","50157","22","2003-01-14","22","VARDAR","TUR","","MIDFIELDER","MALE","","./image/250138482.jpg","Berkay Vardar","MIDFIELDER","11","Vardar","457154","","Turquie","Milieu","","Berkay Vardar","Berkay Vardar","Berkay Vardar","200135","./assoc/200135_TUR.svg","./logo/50157.png","UEFA","TUR","50157","FAME","Beşiktaş","","https://img.uefa.com/imgml/TP/teams/logos/70x70/50157.png","https://img.uefa.com/imgml/TP/teams/logos/240x240/50157.png","250157","BES","DOMESTIC_MEN_TEAM_A","","DOMESTIC","Turquie","Beşiktaş","Beşiktaş JK","BES","17","MINUTE","1","0","0","1.86","KILOMETER","25","KILOMETER_PER_HOUR"
"69178","52919","40","1985-09-03","33","Carson","ENG","UNKNOWN","GOALKEEPER","MALE","190","./image/69178.jpg","Scott Carson","GOALKEEPER","1","Carson","","86","Angleterre","Gardien","Scott","Carson","Scott Carson","Carson","200039","./assoc/200039_ENG.svg","./logo/52919.png","UEFA","ENG","52919","FAME","Man City","","https://img.uefa.com/imgml/TP/teams/logos/70x70/52919.png","https://img.uefa.com/imgml/TP/teams/logos/240x240/52919.png","252919","MCI","DOMESTIC_MEN_TEAM_A","","DOMESTIC","Angleterre","Man City","Manchester City","MCI","17","MINUTE","1","0","0","1.05","KILOMETER","17.2","KILOMETER_PER_HOUR"
"250132052","52723","26","1998-11-20","24","Ramirez","VEN","UNKNOWN","FORWARD","MALE","","./image/250132052.jpg","Eric Ramírez","FORWARD","","Ramirez Matheus","","","Vénézuéla","Attaquant","Eric","Ramírez","Eric Ramírez","Ramírez","257166","./assoc/257166_UKR.svg","./logo/52723.png","UEFA","UKR","52723","FAME","Dynamo Kyiv","","https://img.uefa.com/imgml/TP/teams/logos/70x70/52723.png","https://img.uefa.com/imgml/TP/teams/logos/240x240/52723.png","252723","DKY","DOMESTIC_MEN_TEAM_A","","DOMESTIC","Ukraine","Dynamo Kyiv","FC Dynamo Kyiv","DKY","16","MINUTE","2","0","0","2.74","KILOMETER","31.1","KILOMETER_PER_HOUR"
"250078897","69606","27","1998-01-13","13","Cojocaru","MDA","UNKNOWN","MIDFIELDER","MALE","","./image/250078897.jpg","Maxim Cojocaru","MIDFIELDER","13","Cojocaru","57160","","Moldavie","Milieu","Maxim","Cojocaru","Maxim Cojocaru","Cojocaru","257160","./assoc/257160_MDA.svg","./logo/69606.png","UEFA","MDA","69606","FAME","Sheriff","","https://img.uefa.com/imgml/TP/teams/logos/70x70/69606.png","https://img.uefa.com/imgml/TP/teams/logos/240x240/69606.png","269606","SHE","DOMESTIC_MEN_TEAM_A","","DOMESTIC","Moldavie","Sheriff","FC Sheriff Tiraspol","SHE","15","MINUTE","2","0","0","3.57","KILOMETER","31.4","KILOMETER_PER_HOUR"
"250136445","50124","22","2003-01-16","29","JAVI SERRANO","ESP","","MIDFIELDER","MALE","","./image/250136445.jpg","Javi Serrano","MIDFIELDER","6","Serrano Martinez","300122","","Espagne","Milieu","","Javi Serrano","Javi Serrano","Javi Serrano","200122","./assoc/200122_ESP.svg","./logo/50124.png","UEFA","ESP","50124","FAME","Atleti","","https://img.uefa.com/imgml/TP/teams/logos/70x70/50124.png","https://img.uefa.com/imgml/TP/teams/logos/240x240/50124.png","250124","ATM","DOMESTIC_MEN_TEAM_A","","DOMESTIC","Espagne","Atleti","Atlético de Madrid","ATM","15","MINUTE","1","0","0","2.4","KILOMETER","27.9","KILOMETER_PER_HOUR"
"1903543","50080","37","1988-06-02","19","Kun Agüero","ARG","UNKNOWN","FORWARD","MALE","172","./image/1903543.jpg","Sergio Agüero","FORWARD","20","Agüero","6","74","Argentine","Attaquant","Sergio","Agüero","Sergio Agüero","Agüero","200122","./assoc/200122_ESP.svg","./logo/50080.png","UEFA","ESP","50080","FAME","Barcelona","","https://img.uefa.com/imgml/TP/teams/logos/70x70/50080.png","https://img.uefa.com/imgml/TP/teams/logos/240x240/50080.png","250080","BAR","DOMESTIC_MEN_TEAM_A","","DOMESTIC","Espagne","Barcelona","FC Barcelona","BAR","15","MINUTE","1","0","0","1.91","KILOMETER","27.4","KILOMETER_PER_HOUR"
"103769","50139","34","1990-12-26","16","Ramsey","WAL","CENTRAL_MIDFIELDER","MIDFIELDER","MALE","178","./image/103769.jpg","Aaron Ramsey","MIDFIELDER","10","Ramsey","144","76","Pays de Galles","Milieu","Aaron","Ramsey","Aaron Ramsey","Ramsey","200066","./assoc/200066_ITA.svg","./logo/50139.png","UEFA","ITA","50139","FAME","Juventus","","https://img.uefa.com/imgml/TP/teams/logos/70x70/50139.png","https://img.uefa.com/imgml/TP/teams/logos/240x240/50139.png","250139","JUV","DOMESTIC_MEN_TEAM_A","","DOMESTIC","Italie","Juventus","Juventus","JUV","14","MINUTE","2","0","0","3.23","KILOMETER","30.2","KILOMETER_PER_HOUR"
"250135171","52826","23","2002-06-14","64","Kravtsov","RUS","","MIDFIELDER","MALE","","./image/250135171.jpg","Kirill Kravtsov","MIDFIELDER","14","Kravtsov","257451","","Russie","Milieu","Kirill","Kravtsov","Kirill Kravtsov","Kravtsov","257451","./assoc/257451_RUS.svg","./logo/52826.png","UEFA","RUS","52826","FAME","Zenit","","https://img.uefa.com/imgml/TP/teams/logos/70x70/52826.png","https://img.uefa.com/imgml/TP/teams/logos/240x240/52826.png","252826","ZEN","DOMESTIC_MEN_TEAM_A","","DOMESTIC","Russie","Zenit","FC Zenit","ZEN","14","MINUTE","2","0","0","3.05","KILOMETER","23.8","KILOMETER_PER_HOUR"
"250116707","75797","25","1999-12-10","29","Bradarić","CRO","FULL_BACK","DEFENDER","MALE","","./image/250116707.jpg","Domagoj Bradarić","DEFENDER","6","Bradarić","56370","","Croatie","Défenseur","Domagoj","Bradarić","Domagoj Bradarić","Bradarić","200043","./assoc/200043_FRA.svg","./logo/75797.png","UEFA","FRA","75797","FAME","Lille","","https://img.uefa.com/imgml/TP/teams/logos/70x70/75797.png","https://img.uefa.com/imgml/TP/teams/logos/240x240/75797.png","275797","LIL","DOMESTIC_MEN_TEAM_A","","DOMESTIC","France","Lille","LOSC Lille","LIL","13","MINUTE","1","0","0","1.98","KILOMETER","27.8","KILOMETER_PER_HOUR"
"250096713","50051","32","1993-08-01","12","Mariano","ESP","STRIKER","FORWARD","MALE","178","./image/250096713.jpg","Mariano Díaz","FORWARD","","Mariano","","79","Espagne","Attaquant","","Mariano Díaz","Mariano Díaz","Mariano Díaz","200122","./assoc/200122_ESP.svg","./logo/50051.png","UEFA","ESP","50051","FAME","Real Madrid","","https://img.uefa.com/imgml/TP/teams/logos/70x70/50051.png","https://img.uefa.com/imgml/TP/teams/logos/240x240/50051.png","250051","RMA","DOMESTIC_MEN_TEAM_A","","DOMESTIC","Espagne","Real Madrid","Real Madrid C.F.","RMA","12","MINUTE","1","0","0","1.62","KILOMETER","30.3","KILOMETER_PER_HOUR"
"250021669","52826","32","1992-11-05","27","Ozdoev","RUS","CENTRAL_MIDFIELDER","MIDFIELDER","MALE","181","./image/250021669.jpg","Magomed Ozdoev","MIDFIELDER","7","Ozdoev","57451","77","Russie","Milieu","Magomed","Ozdoev","Magomed Ozdoev","Ozdoev","257451","./assoc/257451_RUS.svg","./logo/52826.png","UEFA","RUS","52826","FAME","Zenit","","https://img.uefa.com/imgml/TP/teams/logos/70x70/52826.png","https://img.uefa.com/imgml/TP/teams/logos/240x240/52826.png","252826","ZEN","DOMESTIC_MEN_TEAM_A","","DOMESTIC","Russie","Zenit","FC Zenit","ZEN","11","MINUTE","1","1","0","2.23","KILOMETER","28","KILOMETER_PER_HOUR"
"250161144","50064","28","1997-07-19","","Bruno Costa","POR","UNKNOWN","MIDFIELDER","MALE","","https://img.uefa.com/imgml/TP/players/1/2022/324x324/250161144.jpg","Bruno Costa","","","Bruno Costa","","","Portugal","Milieu","","Bruno Costa","Bruno Costa","Bruno Costa","200110","./assoc/200110_POR.svg","./logo/50064.png","UEFA","POR","50064","FAME","Porto","","https://img.uefa.com/imgml/TP/teams/logos/70x70/50064.png","https://img.uefa.com/imgml/TP/teams/logos/240x240/50064.png","250064","POR","DOMESTIC_MEN_TEAM_A","","DOMESTIC","Portugal","Porto","FC Porto","POR","11","MINUTE","1","0","0","1.98","KILOMETER","32.1","KILOMETER_PER_HOUR"
"250100482","70691","29","1995-10-29","17","Raba","ESP","WINGER","MIDFIELDER","MALE","","./image/250100482.jpg","Daniel Raba","MIDFIELDER","","Raba","","","Espagne","Milieu","Daniel","Raba","Daniel Raba","Raba","200122","./assoc/200122_ESP.svg","./logo/70691.png","UEFA","ESP","70691","FAME","Villarreal","","https://img.uefa.com/imgml/TP/teams/logos/70x70/70691.png","https://img.uefa.com/imgml/TP/teams/logos/240x240/70691.png","270691","VIL","DOMESTIC_MEN_TEAM_A","","DOMESTIC","Espagne","Villarreal","Villarreal CF","VIL","11","MINUTE","1","0","0","1.69","KILOMETER","26.4","KILOMETER_PER_HOUR"
"250051268","70691","37","1988-01-16","8","Iborra","ESP","CENTRAL_MIDFIELDER","MIDFIELDER","MALE","190","./image/250051268.jpg","Vicente Iborra","MIDFIELDER","","Iborra","","88","Espagne","Milieu","Vicente","Iborra","Vicente Iborra","Iborra","200122","./assoc/200122_ESP.svg","./logo/70691.png","UEFA","ESP","70691","FAME","Villarreal","","https://img.uefa.com/imgml/TP/teams/logos/70x70/70691.png","https://img.uefa.com/imgml/TP/teams/logos/240x240/70691.png","270691","VIL","DOMESTIC_MEN_TEAM_A","","DOMESTIC","Espagne","Villarreal","Villarreal CF","VIL","10","MINUTE","1","0","0","1.84","KILOMETER","24.6","KILOMETER_PER_HOUR"
"250128436","2603790","22","2003-08-19","35","Bonnah","NED","","DEFENDER","MALE","","./image/250128436.jpg","Solomon Bonnah","MIDFIELDER","15","Bonnah","300095","","Pays-Bas","Défenseur","Solomon","Bonnah","Solomon Bonnah","Bonnah","200047","./assoc/200047_GER.svg","./logo/2603790.png","UEFA","GER","2603790","FAME","Leipzig","","https://img.uefa.com/imgml/TP/teams/logos/70x70/2603790.png","https://img.uefa.com/imgml/TP/teams/logos/240x240/2603790.png","250002563","RBL","DOMESTIC_MEN_TEAM_A","","DOMESTIC","Allemagne","Leipzig","RB Leipzig","RBL","10","MINUTE","1","0","0","1.64","KILOMETER","29.4","KILOMETER_PER_HOUR"
"250099650","50138","30","1995-08-05","12","Sensi","ITA","CENTRAL_MIDFIELDER","MIDFIELDER","MALE","","./image/250099650.jpg","Stefano Sensi","MIDFIELDER","12","Sensi","66","","Italie","Milieu","Stefano","Sensi","Stefano Sensi","Sensi","200066","./assoc/200066_ITA.svg","./logo/50138.png","UEFA","ITA","50138","FAME","Inter","","https://img.uefa.com/imgml/TP/teams/logos/70x70/50138.png","https://img.uefa.com/imgml/TP/teams/logos/240x240/50138.png","250138","INT","DOMESTIC_MEN_TEAM_A","","DOMESTIC","Italie","Inter","FC Internazionale Milano","INT","9","MINUTE","2","0","0","2.23","KILOMETER","24.8","KILOMETER_PER_HOUR"
"250091870","52723","27","1998-04-07","30","Liedniev","UKR","WINGER","MIDFIELDER","MALE","","./image/250091870.jpg","Bogdan Lednev","MIDFIELDER","17","Liedniev","57166","","Ukraine","Milieu","Bogdan","Lednev","Bogdan Lednev","Lednev","257166","./assoc/257166_UKR.svg","./logo/52723.png","UEFA","UKR","52723","FAME","Dynamo Kyiv","","https://img.uefa.com/imgml/TP/teams/logos/70x70/52723.png","https://img.uefa.com/imgml/TP/teams/logos/240x240/52723.png","252723","DKY","DOMESTIC_MEN_TEAM_A","","DOMESTIC","Ukraine","Dynamo Kyiv","FC Dynamo Kyiv","DKY","9","MINUTE","1","0","0","2.13","KILOMETER","30.2","KILOMETER_PER_HOUR"
"250118504","75797","26","1999-03-31","11","E. Zhegrova","KOS","WINGER","FORWARD","MALE","","./image/250118504.jpg","Edon Zhegrova","FORWARD","10","Zhegrova","2608110","","Kosovo","Attaquant","Edon","Zhegrova","Edon Zhegrova","Zhegrova","200043","./assoc/200043_FRA.svg","./logo/75797.png","UEFA","FRA","75797","FAME","Lille","","https://img.uefa.com/imgml/TP/teams/logos/70x70/75797.png","https://img.uefa.com/imgml/TP/teams/logos/240x240/75797.png","275797","LIL","DOMESTIC_MEN_TEAM_A","","DOMESTIC","France","Lille","LOSC Lille","LIL","9","MINUTE","1","0","0","1.9","KILOMETER","27.8","KILOMETER_PER_HOUR"
"250002548","50147","33","1992-02-22","14","SEFEROVIC","SUI","STRIKER","FORWARD","MALE","185","./image/250002548.jpg","Haris Seferović","FORWARD","9","Seferovic","128","85","Suisse","Attaquant","Haris","Seferović","Haris Seferović","Seferović","200110","./assoc/200110_POR.svg","./logo/50147.png","UEFA","POR","50147","FAME","Benfica","","https://img.uefa.com/imgml/TP/teams/logos/70x70/50147.png","https://img.uefa.com/imgml/TP/teams/logos/240x240/50147.png","250147","BEN","DOMESTIC_MEN_TEAM_A","","DOMESTIC","Portugal","Benfica","SL Benfica","BEN","9","MINUTE","1","0","0","1.84","KILOMETER","26.4","KILOMETER_PER_HOUR"
"250079677","50139","28","1996-11-20","6","ZAKARIA","SUI","CENTRAL_MIDFIELDER","MIDFIELDER","MALE","191","./image/250079677.jpg","Denis Zakaria","MIDFIELDER","6","Zakaria-Lako Lado","128","76","Suisse","Milieu","Denis","Zakaria","Denis Zakaria","Zakaria","200066","./assoc/200066_ITA.svg","./logo/50139.png","UEFA","ITA","50139","FAME","Juventus","","https://img.uefa.com/imgml/TP/teams/logos/70x70/50139.png","https://img.uefa.com/imgml/TP/teams/logos/240x240/50139.png","250139","JUV","DOMESTIC_MEN_TEAM_A","","DOMESTIC","Italie","Juventus","Juventus","JUV","9","MINUTE","1","0","0","1.79","KILOMETER","30.6","KILOMETER_PER_HOUR"
"250160998","50149","20","2005-03-14","14","D. Essugo","POR","UNKNOWN","MIDFIELDER","MALE","","./image/250160998.jpg","Dário Essugo","MIDFIELDER","6","DÁRIO ESSUGO","200110","","Portugal","Milieu","","Dário Essugo","Dário Essugo","Dário Essugo","200110","./assoc/200110_POR.svg","./logo/50149.png","UEFA","POR","50149","FAME","Sporting CP","","https://img.uefa.com/imgml/TP/teams/logos/70x70/50149.png","https://img.uefa.com/imgml/TP/teams/logos/240x240/50149.png","250149","SPO","DOMESTIC_MEN_TEAM_A","","DOMESTIC","Portugal","Sporting CP","Sporting Clube de Portugal","SPO","9","MINUTE","1","0","0","1.78","KILOMETER","26.2","KILOMETER_PER_HOUR"
"250065307","50051","28","1997-01-05","18","VALLEJO","ESP","CENTRE_BACK","DEFENDER","MALE","183","./image/250065307.jpg","Jesús Vallejo","DEFENDER","2","Vallejo","200122","74","Espagne","Défenseur","Jesús","Vallejo","Jesús Vallejo","Vallejo","200122","./assoc/200122_ESP.svg","./logo/50051.png","UEFA","ESP","50051","FAME","Real Madrid","","https://img.uefa.com/imgml/TP/teams/logos/70x70/50051.png","https://img.uefa.com/imgml/TP/teams/logos/240x240/50051.png","250051","RMA","DOMESTIC_MEN_TEAM_A","","DOMESTIC","Espagne","Real Madrid","Real Madrid C.F.","RMA","8","MINUTE","2","0","0","1.61","KILOMETER","28.5","KILOMETER_PER_HOUR"
"250100469","50031","29","1996-02-23","7","Spielmann","SUI","CENTRAL_MIDFIELDER","MIDFIELDER","MALE","","./image/250100469.jpg","Marvin Spielmann","MIDFIELDER","","Spielmann","200128","","Suisse","Milieu","Marvin","Spielmann","Marvin Spielmann","Spielmann","200128","./assoc/200128_SUI.svg","./logo/50031.png","UEFA","SUI","50031","FAME","Young Boys","","https://img.uefa.com/imgml/TP/teams/logos/70x70/50031.png","https://img.uefa.com/imgml/TP/teams/logos/240x240/50031.png","250031","YB","DOMESTIC_MEN_TEAM_A","","DOMESTIC","Suisse","Young Boys","BSC Young Boys","YB","8","MINUTE","1","0","0","1.49","KILOMETER","30","KILOMETER_PER_HOUR"
"250075903","50043","33","1992-07-07","21","Izquierdo","COL","UNKNOWN","FORWARD","MALE","171","./image/250075903.jpg","José Izquierdo","FORWARD","","Izquierdo","29","75","Colombie","Attaquant","José","Izquierdo","José Izquierdo","Izquierdo","200013","./assoc/200013_BEL.svg","./logo/50043.png","UEFA","BEL","50043","FAME","Club Brugge","","https://img.uefa.com/imgml/TP/teams/logos/70x70/50043.png","https://img.uefa.com/imgml/TP/teams/logos/240x240/50043.png","250043","BRU","DOMESTIC_MEN_TEAM_A","","DOMESTIC","Belgique","Club Brugge","Club Brugge KV","BRU","8","MINUTE","1","0","0","1.31","KILOMETER","26.8","KILOMETER_PER_HOUR"
"102225","50051","36","1989-07-16","18","BALE","WAL","STRIKER","FORWARD","MALE","183","./image/102225.jpg","Gareth Bale","FORWARD","11","Bale","144","74","Pays de Galles","Attaquant","Gareth","Bale","Gareth Bale","Bale","200122","./assoc/200122_ESP.svg","./logo/50051.png","UEFA","ESP","50051","FAME","Real Madrid","","https://img.uefa.com/imgml/TP/teams/logos/70x70/50051.png","https://img.uefa.com/imgml/TP/teams/logos/240x240/50051.png","250051","RMA","DOMESTIC_MEN_TEAM_A","","DOMESTIC","Espagne","Real Madrid","Real Madrid C.F.","RMA","7","MINUTE","2","0","0","2.21","KILOMETER","29.8","KILOMETER_PER_HOUR"
"59142","50139","41","1984-08-14","3","Chiellini","ITA","CENTRE_BACK","DEFENDER","MALE","187","./image/59142.jpg","Giorgio Chiellini","DEFENDER","3","Chiellini","66","86","Italie","Défenseur","Giorgio","Chiellini","Giorgio Chiellini","Chiellini","200066","./assoc/200066_ITA.svg","./logo/50139.png","UEFA","ITA","50139","FAME","Juventus","","https://img.uefa.com/imgml/TP/teams/logos/70x70/50139.png","https://img.uefa.com/imgml/TP/teams/logos/240x240/50139.png","250139","JUV","DOMESTIC_MEN_TEAM_A","","DOMESTIC","Italie","Juventus","Juventus","JUV","7","MINUTE","1","0","0","1.28","KILOMETER","26.5","KILOMETER_PER_HOUR"
"250113328","52747","24","2000-11-21","26","Dina Ebimbe","FRA","","MIDFIELDER","MALE","","./image/250113328.jpg","Junior Dina Ebimbe","MIDFIELDER","15","Dina Ebimbe","200043","","France","Milieu","Junior","Dina Ebimbe","Junior Dina Ebimbe","Dina Ebimbe","200043","./assoc/200043_FRA.svg","./logo/52747.png","UEFA","FRA","52747","FAME","Paris","","https://img.uefa.com/imgml/TP/teams/logos/70x70/52747.png","https://img.uefa.com/imgml/TP/teams/logos/240x240/52747.png","252747","PSG","DOMESTIC_MEN_TEAM_A","","DOMESTIC","France","Paris","Paris Saint-Germain","PSG","7","MINUTE","1","0","0","1.24","KILOMETER","28","KILOMETER_PER_HOUR"
"97389","50031","36","1988-12-05","10","Sulejmani","SRB","WINGER","MIDFIELDER","MALE","178","./image/97389.jpg","Miralem Sulejmani","MIDFIELDER","8","Sulejmani","147","68","Serbie","Milieu","Miralem","Sulejmani","Miralem Sulejmani","Sulejmani","200128","./assoc/200128_SUI.svg","./logo/50031.png","UEFA","SUI","50031","FAME","Young Boys","","https://img.uefa.com/imgml/TP/teams/logos/70x70/50031.png","https://img.uefa.com/imgml/TP/teams/logos/240x240/50031.png","250031","YB","DOMESTIC_MEN_TEAM_A","","DOMESTIC","Suisse","Young Boys","BSC Young Boys","YB","7","MINUTE","1","0","0","","","",""
"250101285","50051","25","2000-07-23","27","BLANCO","ESP","UNKNOWN","MIDFIELDER","MALE","","./image/250101285.jpg","Antonio Blanco","MIDFIELDER","6","BLANCO","122","","Espagne","Milieu","Antonio","Blanco","Antonio Blanco","Blanco","200122","./assoc/200122_ESP.svg","./logo/50051.png","UEFA","ESP","50051","FAME","Real Madrid","","https://img.uefa.com/imgml/TP/teams/logos/70x70/50051.png","https://img.uefa.com/imgml/TP/teams/logos/240x240/50051.png","250051","RMA","DOMESTIC_MEN_TEAM_A","","DOMESTIC","Espagne","Real Madrid","Real Madrid C.F.","RMA","6","MINUTE","1","0","0","1.3","KILOMETER","30.9","KILOMETER_PER_HOUR"
"250128380","52919","22","2003-02-08","9","Delap","ENG","UNKNOWN","FORWARD","MALE","","./image/250128380.jpg","Liam Delap","FORWARD","9","Delap","200039","","Angleterre","Attaquant","Liam","Delap","Liam Delap","Delap","200039","./assoc/200039_ENG.svg","./logo/52919.png","UEFA","ENG","52919","FAME","Man City","","https://img.uefa.com/imgml/TP/teams/logos/70x70/52919.png","https://img.uefa.com/imgml/TP/teams/logos/240x240/52919.png","252919","MCI","DOMESTIC_MEN_TEAM_A","","DOMESTIC","Angleterre","Man City","Manchester City","MCI","6","MINUTE","1","0","0","1.21","KILOMETER","28.2","KILOMETER_PER_HOUR"
"250135614","52919","22","2003-09-18","3","Mbete","ENG","","DEFENDER","MALE","","./image/250135614.jpg","Luke Mbete","DEFENDER","","Mbete","","","Angleterre","Défenseur","Luke","Mbete","Luke Mbete","Mbete","200039","./assoc/200039_ENG.svg","./logo/52919.png","UEFA","ENG","52919","FAME","Man City","","https://img.uefa.com/imgml/TP/teams/logos/70x70/52919.png","https://img.uefa.com/imgml/TP/teams/logos/240x240/52919.png","252919","MCI","DOMESTIC_MEN_TEAM_A","","DOMESTIC","Angleterre","Man City","Manchester City","MCI","6","MINUTE","1","0","0","1.13","KILOMETER","27","KILOMETER_PER_HOUR"
"105814","50138","39","1985-11-10","11","","SRB","FULL_BACK","","MALE","187","./image/105814.jpg","Aleksandar Kolarov","DEFENDER","11","Kolarov","147","82","Serbie","","Aleksandar","Kolarov","Aleksandar Kolarov","Kolarov","200066","./assoc/200066_ITA.svg","./logo/50138.png","UEFA","ITA","50138","FAME","Inter","","https://img.uefa.com/imgml/TP/teams/logos/70x70/50138.png","https://img.uefa.com/imgml/TP/teams/logos/240x240/50138.png","250138","INT","DOMESTIC_MEN_TEAM_A","","DOMESTIC","Italie","Inter","FC Internazionale Milano","INT","5","MINUTE","1","0","0","1.07","KILOMETER","26.1","KILOMETER_PER_HOUR"
"250129734","50030","22","2003-09-10","23","Simic","CRO","UNKNOWN","FORWARD","MALE","","./image/250129734.jpg","Roko Šimić","FORWARD","9","Simic","256370","","Croatie","Attaquant","Roko","Šimić","Roko Šimić","Šimić","200008","./assoc/200008_AUT.svg","./logo/50030.png","UEFA","AUT","50030","FAME","Salzburg","","https://img.uefa.com/imgml/TP/teams/logos/70x70/50030.png","https://img.uefa.com/imgml/TP/teams/logos/240x240/50030.png","250030","SAL","DOMESTIC_MEN_TEAM_A","","DOMESTIC","Autriche","Salzburg","FC Salzburg","SAL","4","MINUTE","1","0","0","1.31","KILOMETER","30.6","KILOMETER_PER_HOUR"
"250161142","50030","23","2002-10-14","29","D. Guindo","MLI","UNKNOWN","DEFENDER","MALE","","./image/250161142.jpg","Daouda Guindo","DEFENDER","","D. Guindo","","","Mali","Défenseur","Daouda","Guindo","Daouda Guindo","Guindo","200008","./assoc/200008_AUT.svg","./logo/50030.png","UEFA","AUT","50030","FAME","Salzburg","","https://img.uefa.com/imgml/TP/teams/logos/70x70/50030.png","https://img.uefa.com/imgml/TP/teams/logos/240x240/50030.png","250030","SAL","DOMESTIC_MEN_TEAM_A","","DOMESTIC","Autriche","Salzburg","FC Salzburg","SAL","4","MINUTE","1","0","0","1.18","KILOMETER","26.3","KILOMETER_PER_HOUR"
"250040615","52707","36","1989-01-19","9","Dentinho","BRA","ATTACKING_MIDFIELDER","MIDFIELDER","MALE","177","./image/250040615.jpg","Dentinho","MIDFIELDER","","Ferreiro Bonfim","","73","Brésil","Milieu","","Dentinho","Dentinho","Dentinho","257166","./assoc/257166_UKR.svg","./logo/52707.png","UEFA","UKR","52707","FAME","Shakhtar","","https://img.uefa.com/imgml/TP/teams/logos/70x70/52707.png","https://img.uefa.com/imgml/TP/teams/logos/240x240/52707.png","252707","SHK","DOMESTIC_MEN_TEAM_A","","DOMESTIC","Ukraine","Shakhtar","FC Shakhtar Donetsk","SHK","4","MINUTE","1","0","0","0.97","KILOMETER","24","KILOMETER_PER_HOUR"
"250054476","52707","33","1992-02-24","1","Shevchenko","UKR","GOALKEEPER","GOALKEEPER","MALE","188","./image/250054476.jpg","Oleksiy Shevchenko","GOALKEEPER","","Shevchenko","57166","81","Ukraine","Gardien","Oleksiy","Shevchenko","Oleksiy Shevchenko","Shevchenko","257166","./assoc/257166_UKR.svg","./logo/52707.png","UEFA","UKR","52707","FAME","Shakhtar","","https://img.uefa.com/imgml/TP/teams/logos/70x70/52707.png","https://img.uefa.com/imgml/TP/teams/logos/240x240/52707.png","252707","SHK","DOMESTIC_MEN_TEAM_A","","DOMESTIC","Ukraine","Shakhtar","FC Shakhtar Donetsk","SHK","4","MINUTE","1","0","0","0.53","KILOMETER","17.11","KILOMETER_PER_HOUR"
"250124180","50031","25","2000-07-02","22","Maier","SUI","ATTACKING_MIDFIELDER","MIDFIELDER","MALE","","./image/250124180.jpg","Nico Maier","MIDFIELDER","","Maier","","","Suisse","Milieu","Nico","Maier","Nico Maier","Maier","200128","./assoc/200128_SUI.svg","./logo/50031.png","UEFA","SUI","50031","FAME","Young Boys","","https://img.uefa.com/imgml/TP/teams/logos/70x70/50031.png","https://img.uefa.com/imgml/TP/teams/logos/240x240/50031.png","250031","YB","DOMESTIC_MEN_TEAM_A","","DOMESTIC","Suisse","Young Boys","BSC Young Boys","YB","3","MINUTE","1","0","0","1.26","KILOMETER","26.4","KILOMETER_PER_HOUR"
"250088146","50139","26","1999-03-07","3","Pellegrini","ITA","UNKNOWN","DEFENDER","MALE","","./image/250088146.jpg","Luca Pellegrini","DEFENDER","11","Pellegrini","66","","Italie","Défenseur","Luca","Pellegrini","Luca Pellegrini","Pellegrini","200066","./assoc/200066_ITA.svg","./logo/50139.png","UEFA","ITA","50139","FAME","Juventus","","https://img.uefa.com/imgml/TP/teams/logos/70x70/50139.png","https://img.uefa.com/imgml/TP/teams/logos/240x240/50139.png","250139","JUV","DOMESTIC_MEN_TEAM_A","","DOMESTIC","Italie","Juventus","Juventus","JUV","3","MINUTE","1","0","0","0.97","KILOMETER","32.21","KILOMETER_PER_HOUR"
"250154270","52826","22","2003-04-23","85","Kuznetsov","RUS","","FORWARD","MALE","","./image/250154270.jpg","Daniil Kuznetsov","FORWARD","","Kuznetsov","","","Russie","Attaquant","Daniil","Kuznetsov","Daniil Kuznetsov","Kuznetsov","257451","./assoc/257451_RUS.svg","./logo/52826.png","UEFA","RUS","52826","FAME","Zenit","","https://img.uefa.com/imgml/TP/teams/logos/70x70/52826.png","https://img.uefa.com/imgml/TP/teams/logos/240x240/52826.png","252826","ZEN","DOMESTIC_MEN_TEAM_A","","DOMESTIC","Russie","Zenit","FC Zenit","ZEN","3","MINUTE","1","0","0","0.89","KILOMETER","28.8","KILOMETER_PER_HOUR"
"250119805","50152","23","2002-07-19","29","","SWE","UNKNOWN","DEFENDER","MALE","","./image/250119805.jpg","Noah Eile","DEFENDER","3","Eile","200127","","Suède","Défenseur","Noah","Eile","Noah Eile","Eile","200127","./assoc/200127_SWE.svg","./logo/50152.png","UEFA","SWE","50152","FAME","Malmö","","https://img.uefa.com/imgml/TP/teams/logos/70x70/50152.png","https://img.uefa.com/imgml/TP/teams/logos/240x240/50152.png","250152","MAL","DOMESTIC_MEN_TEAM_A","","DOMESTIC","Suède","Malmö","Malmö FF","MAL","3","MINUTE","1","0","0","0.83","KILOMETER","28.5","KILOMETER_PER_HOUR"
"250008352","64332","34","1991-04-13","33","Ginczek","GER","STRIKER","FORWARD","MALE","","./image/250008352.jpg","Daniel Ginczek","FORWARD","21","Ginczek","300047","","Allemagne","Attaquant","Daniel","Ginczek","Daniel Ginczek","Ginczek","200047","./assoc/200047_GER.svg","./logo/64332.png","UEFA","GER","64332","FAME","Wolfsburg","","https://img.uefa.com/imgml/TP/teams/logos/70x70/64332.png","https://img.uefa.com/imgml/TP/teams/logos/240x240/64332.png","264332","WOB","DOMESTIC_MEN_TEAM_A","","DOMESTIC","Allemagne","Wolfsburg","VfL Wolfsburg","WOL","2","MINUTE","1","0","0","1.07","KILOMETER","30.5","KILOMETER_PER_HOUR"
"250166951","52682","22","2003-05-02","","","WAL","","MIDFIELDER","MALE","","https://img.uefa.com/imgml/TP/players/1/2022/324x324/250166951.jpg","Charlie William Henry Savage","","","","300144","","Pays de Galles","Milieu","Charlie William Henry","Savage","Charlie William Henry Savage","Savage","200039","./assoc/200039_ENG.svg","./logo/52682.png","UEFA","ENG","52682","FAME","Man Utd","","https://img.uefa.com/imgml/TP/teams/logos/70x70/52682.png","https://img.uefa.com/imgml/TP/teams/logos/240x240/52682.png","252682","MUN","DOMESTIC_MEN_TEAM_A","","DOMESTIC","Angleterre","Man Utd","Manchester United","MUN","1","MINUTE","1","0","0","1.04","KILOMETER","28.2","KILOMETER_PER_HOUR"
"250153956","52682","22","2003-04-27","14","Iqbal","IRQ","CENTRAL_MIDFIELDER","MIDFIELDER","MALE","","./image/250153956.jpg","Zidane Iqbal","MIDFIELDER","","Iqbal","","","Irak","Milieu","Zidane","Iqbal","Zidane Iqbal","Iqbal","200039","./assoc/200039_ENG.svg","./logo/52682.png","UEFA","ENG","52682","FAME","Man Utd","","https://img.uefa.com/imgml/TP/teams/logos/70x70/52682.png","https://img.uefa.com/imgml/TP/teams/logos/240x240/52682.png","252682","MUN","DOMESTIC_MEN_TEAM_A","","DOMESTIC","Angleterre","Man Utd","Manchester United","MUN","1","MINUTE","1","0","0","1.03","KILOMETER","30.6","KILOMETER_PER_HOUR"
"250135570","50139","23","2002-05-01","40","Da Graca","ITA","UNKNOWN","FORWARD","MALE","","./image/250135570.jpg","Marco Da Graca","FORWARD","","Da Graca","","","Italie","Attaquant","Marco","Da Graca","Marco Da Graca","Da Graca","200066","./assoc/200066_ITA.svg","./logo/50139.png","UEFA","ITA","50139","FAME","Juventus","","https://img.uefa.com/imgml/TP/teams/logos/70x70/50139.png","https://img.uefa.com/imgml/TP/teams/logos/240x240/50139.png","250139","JUV","DOMESTIC_MEN_TEAM_A","","DOMESTIC","Italie","Juventus","Juventus","JUV","1","MINUTE","1","0","0","0.8","KILOMETER","30.7","KILOMETER_PER_HOUR"
"250135575","50139","22","2003-08-03","21","Miretti","ITA","UNKNOWN","MIDFIELDER","MALE","","./image/250135575.jpg","Fabio Miretti","MIDFIELDER","23","Miretti","66","","Italie","Milieu","Fabio","Miretti","Fabio Miretti","Miretti","200066","./assoc/200066_ITA.svg","./logo/50139.png","UEFA","ITA","50139","FAME","Juventus","","https://img.uefa.com/imgml/TP/teams/logos/70x70/50139.png","https://img.uefa.com/imgml/TP/teams/logos/240x240/50139.png","250139","JUV","DOMESTIC_MEN_TEAM_A","","DOMESTIC","Italie","Juventus","Juventus","JUV","1","MINUTE","1","0","0","0.78","KILOMETER","30.5","KILOMETER_PER_HOUR"
"250080472","50147","29","1996-09-28","17","Gil Dias","POR","WINGER","MIDFIELDER","MALE","","./image/250080472.jpg","Gil Dias","FORWARD","11","Gil Dias","200110","","Portugal","Milieu","","Gil Dias","Gil Dias","Gil Dias","200110","./assoc/200110_POR.svg","./logo/50147.png","UEFA","POR","50147","FAME","Benfica","","https://img.uefa.com/imgml/TP/teams/logos/70x70/50147.png","https://img.uefa.com/imgml/TP/teams/logos/240x240/50147.png","250147","BEN","DOMESTIC_MEN_TEAM_A","","DOMESTIC","Portugal","Benfica","SL Benfica","BEN","1","MINUTE","1","0","0","0.71","KILOMETER","29.6","KILOMETER_PER_HOUR"
"250164934","50149","20","2005-04-28","28","R. Ribeiro","POR","UNKNOWN","FORWARD","MALE","","./image/250164934.jpg","Rodrigo Ribeiro","FORWARD","20","Rodrigo Ribeiro","300110","","Portugal","Attaquant","","Rodrigo Ribeiro","Rodrigo Ribeiro","Rodrigo Ribeiro","200110","./assoc/200110_POR.svg","./logo/50149.png","UEFA","POR","50149","FAME","Sporting CP","","https://img.uefa.com/imgml/TP/teams/logos/70x70/50149.png","https://img.uefa.com/imgml/TP/teams/logos/240x240/50149.png","250149","SPO","DOMESTIC_MEN_TEAM_A","","DOMESTIC","Portugal","Sporting CP","Sporting Clube de Portugal","SPO","1","MINUTE","1","0","0","0.68","KILOMETER","28.2","KILOMETER_PER_HOUR"
"250137381","69606","24","2001-01-07","77","","MDA","UNKNOWN","DEFENDER","MALE","","./image/250137381.jpg","Serafim Cojocari","DEFENDER","18","Cojocari","57160","","Moldavie","Défenseur","Serafim","Cojocari","Serafim Cojocari","Cojocari","257160","./assoc/257160_MDA.svg","./logo/69606.png","UEFA","MDA","69606","FAME","Sheriff","","https://img.uefa.com/imgml/TP/teams/logos/70x70/69606.png","https://img.uefa.com/imgml/TP/teams/logos/240x240/69606.png","269606","SHE","DOMESTIC_MEN_TEAM_A","","DOMESTIC","Moldavie","Sheriff","FC Sheriff Tiraspol","SHE","1","MINUTE","1","0","0","0.54","KILOMETER","30.7","KILOMETER_PER_HOUR"
"250135604","7889","22","2003-08-20","82","Woltman","ENG","","MIDFIELDER","MALE","","./image/250135604.jpg","Max Woltman","MIDFIELDER","","Woltman","","","Angleterre","Milieu","Max","Woltman","Max Woltman","Woltman","200039","./assoc/200039_ENG.svg","./logo/7889.png","UEFA","ENG","7889","FAME","Liverpool","","https://img.uefa.com/imgml/TP/teams/logos/70x70/7889.png","https://img.uefa.com/imgml/TP/teams/logos/240x240/7889.png","207889","LIV","DOMESTIC_MEN_TEAM_A","","DOMESTIC","Angleterre","Liverpool","Liverpool FC","LIV","1","MINUTE","1","0","0","0.42","KILOMETER","30.5","KILOMETER_PER_HOUR"
"250135607","7889","22","2003-07-09","12","Bradley","NIR","UNKNOWN","DEFENDER","MALE","","./image/250135607.jpg","Conor Bradley","DEFENDER","2","Bradley","63","","Irlande du Nord","Défenseur","Conor","Bradley","Conor Bradley","Bradley","200039","./assoc/200039_ENG.svg","./logo/7889.png","UEFA","ENG","7889","FAME","Liverpool","","https://img.uefa.com/imgml/TP/teams/logos/70x70/7889.png","https://img.uefa.com/imgml/TP/teams/logos/240x240/7889.png","207889","LIV","DOMESTIC_MEN_TEAM_A","","DOMESTIC","Angleterre","Liverpool","Liverpool FC","LIV","1","MINUTE","1","0","0","0.39","KILOMETER","28.8","KILOMETER_PER_HOUR"
"250081666","50043","27","1998-07-06","20","Maouassa","FRA","FULL_BACK","DEFENDER","MALE","","./image/250081666.jpg","Faitout Maouassa","DEFENDER","21","Maouassa","200043","","France","Défenseur","Faitout","Maouassa","Faitout Maouassa","Maouassa","200013","./assoc/200013_BEL.svg","./logo/50043.png","UEFA","BEL","50043","FAME","Club Brugge","","https://img.uefa.com/imgml/TP/teams/logos/70x70/50043.png","https://img.uefa.com/imgml/TP/teams/logos/240x240/50043.png","250043","BRU","DOMESTIC_MEN_TEAM_A","","DOMESTIC","Belgique","Club Brugge","Club Brugge KV","BRU","1","MINUTE","1","0","0","0.17","KILOMETER","30.4","KILOMETER_PER_HOUR"
"250105729","50031","27","1998-06-24","5","Zesiger","SUI","CENTRE_BACK","DEFENDER","MALE","","./image/250105729.jpg","Cédric Zesiger","DEFENDER","14","Zesiger","128","","Suisse","Défenseur","Cédric","Zesiger","Cédric Zesiger","Zesiger","200128","./assoc/200128_SUI.svg","./logo/50031.png","UEFA","SUI","50031","FAME","Young Boys","","https://img.uefa.com/imgml/TP/teams/logos/70x70/50031.png","https://img.uefa.com/imgml/TP/teams/logos/240x240/50031.png","250031","YB","DOMESTIC_MEN_TEAM_A","","DOMESTIC","Suisse","Young Boys","BSC Young Boys","YB","1","MINUTE","1","0","0","","","",""
"250153622","50051","21","2004-02-13","26","Piñeiro","ESP","GOALKEEPER","GOALKEEPER","MALE","","./image/250153622.jpg","Diego Piñeiro","GOALKEEPER","","Diego Piñeiro","","","Espagne","Gardien","Diego","Piñeiro","Diego Piñeiro","Piñeiro","200122","./assoc/200122_ESP.svg","./logo/50051.png","UEFA","ESP","50051","FAME","Real Madrid","","https://img.uefa.com/imgml/TP/teams/logos/70x70/50051.png","https://img.uefa.com/imgml/TP/teams/logos/240x240/50051.png","250051","RMA","DOMESTIC_MEN_TEAM_A","","DOMESTIC","Espagne","Real Madrid","Real Madrid C.F.","RMA","","","","","","","","",""
"250135681","52747","22","2003-03-04","38","Michut","FRA","UNKNOWN","MIDFIELDER","MALE","","./image/250135681.jpg","Edouard Michut","MIDFIELDER","18","Michut","300043","","France","Milieu","Edouard","Michut","Edouard Michut","Michut","200043","./assoc/200043_FRA.svg","./logo/52747.png","UEFA","FRA","52747","FAME","Paris","","https://img.uefa.com/imgml/TP/teams/logos/70x70/52747.png","https://img.uefa.com/imgml/TP/teams/logos/240x240/52747.png","252747","PSG","DOMESTIC_MEN_TEAM_A","","DOMESTIC","France","Paris","Paris Saint-Germain","PSG","","","","","","","","",""
"250134906","50051","24","2001-06-30","36","PABLO RAMÓN","ESP","UNKNOWN","DEFENDER","MALE","","./image/250134906.jpg","Pablo Ramon","DEFENDER","15","Ramon Parra","300122","","Espagne","Défenseur","Pablo","Ramon","Pablo Ramon","Ramon","200122","./assoc/200122_ESP.svg","./logo/50051.png","UEFA","ESP","50051","FAME","Real Madrid","","https://img.uefa.com/imgml/TP/teams/logos/70x70/50051.png","https://img.uefa.com/imgml/TP/teams/logos/240x240/50051.png","250051","RMA","DOMESTIC_MEN_TEAM_A","","DOMESTIC","Espagne","Real Madrid","Real Madrid C.F.","RMA","","","","","","","","",""
"250134905","50051","23","2002-07-25","34","Peter","ESP","UNKNOWN","MIDFIELDER","MALE","","./image/250134905.jpg","Peter","MIDFIELDER","","Peter","","","Espagne","Milieu","","Peter","Peter","Peter","200122","./assoc/200122_ESP.svg","./logo/50051.png","UEFA","ESP","50051","FAME","Real Madrid","","https://img.uefa.com/imgml/TP/teams/logos/70x70/50051.png","https://img.uefa.com/imgml/TP/teams/logos/240x240/50051.png","250051","RMA","DOMESTIC_MEN_TEAM_A","","DOMESTIC","Espagne","Real Madrid","Real Madrid C.F.","RMA","","","","","","","","",""
"250134904","50051","23","2002-06-22","10","DAVID","ESP","UNKNOWN","MIDFIELDER","MALE","","./image/250134904.jpg","David González","MIDFIELDER","","DAVID","","","Espagne","Milieu","David","González","David González","González","200122","./assoc/200122_ESP.svg","./logo/50051.png","UEFA","ESP","50051","FAME","Real Madrid","","https://img.uefa.com/imgml/TP/teams/logos/70x70/50051.png","https://img.uefa.com/imgml/TP/teams/logos/240x240/50051.png","250051","RMA","DOMESTIC_MEN_TEAM_A","","DOMESTIC","Espagne","Real Madrid","Real Madrid C.F.","RMA","","","","","","","","",""
"250129412","50051","23","2002-05-19","4","Rafa Marín","ESP","UNKNOWN","DEFENDER","MALE","","./image/250129412.jpg","Rafa Marín","DEFENDER","4","RAFA MARIN","200122","","Espagne","Défenseur","","Rafa Marín","Rafa Marín","Rafa Marín","200122","./assoc/200122_ESP.svg","./logo/50051.png","UEFA","ESP","50051","FAME","Real Madrid","","https://img.uefa.com/imgml/TP/teams/logos/70x70/50051.png","https://img.uefa.com/imgml/TP/teams/logos/240x240/50051.png","250051","RMA","DOMESTIC_MEN_TEAM_A","","DOMESTIC","Espagne","Real Madrid","Real Madrid C.F.","RMA","","","","","","","","",""
"250129409","50051","23","2002-04-29","35","Aranda","ESP","UNKNOWN","MIDFIELDER","MALE","","./image/250129409.jpg","Óscar Aranda","MIDFIELDER","18","Aranda","400122","","Espagne","Milieu","","Óscar Aranda","Óscar Aranda","Óscar Aranda","200122","./assoc/200122_ESP.svg","./logo/50051.png","UEFA","ESP","50051","FAME","Real Madrid","","https://img.uefa.com/imgml/TP/teams/logos/70x70/50051.png","https://img.uefa.com/imgml/TP/teams/logos/240x240/50051.png","250051","RMA","DOMESTIC_MEN_TEAM_A","","DOMESTIC","Espagne","Real Madrid","Real Madrid C.F.","RMA","","","","","","","","",""
"250128451","52747","22","2003-04-21","7","XAVI","NED","UNKNOWN","MIDFIELDER","MALE","","./image/250128451.jpg","Xavi Simons","MIDFIELDER","7","Xavi","95","","Pays-Bas","Milieu","Xavi","Simons","Xavi Simons","Simons","200043","./assoc/200043_FRA.svg","./logo/52747.png","UEFA","FRA","52747","FAME","Paris","","https://img.uefa.com/imgml/TP/teams/logos/70x70/52747.png","https://img.uefa.com/imgml/TP/teams/logos/240x240/52747.png","252747","PSG","DOMESTIC_MEN_TEAM_A","","DOMESTIC","France","Paris","Paris Saint-Germain","PSG","","","","","","","","",""
"250126911","50051","23","2002-04-06","34","Carrillo","ESP","UNKNOWN","DEFENDER","MALE","","./image/250126911.jpg","Alvaro Carrillo","DEFENDER","4","Carrillo","200122","","Espagne","Défenseur","","Alvaro Carrillo","Alvaro Carrillo","Alvaro Carrillo","200122","./assoc/200122_ESP.svg","./logo/50051.png","UEFA","ESP","50051","FAME","Real Madrid","","https://img.uefa.com/imgml/TP/teams/logos/70x70/50051.png","https://img.uefa.com/imgml/TP/teams/logos/240x240/50051.png","250051","RMA","DOMESTIC_MEN_TEAM_A","","DOMESTIC","Espagne","Real Madrid","Real Madrid C.F.","RMA","","","","","","","","",""
"250125709","50051","24","2001-04-15","40","FUIDIAS","ESP","","GOALKEEPER","MALE","","./image/250125709.jpg","Toni Fuidias","GOALKEEPER","","TONI","","","Espagne","Gardien","Toni","Fuidias","Toni Fuidias","Fuidias","200122","./assoc/200122_ESP.svg","./logo/50051.png","UEFA","ESP","50051","FAME","Real Madrid","","https://img.uefa.com/imgml/TP/teams/logos/70x70/50051.png","https://img.uefa.com/imgml/TP/teams/logos/240x240/50051.png","250051","RMA","DOMESTIC_MEN_TEAM_A","","DOMESTIC","Espagne","Real Madrid","Real Madrid C.F.","RMA","","","","","","","","",""
"250125053","50051","24","2001-05-08","26","Luis López","ESP","UNKNOWN","GOALKEEPER","MALE","","./image/250125053.jpg","Luis López","GOALKEEPER","","Luis López","","","Espagne","Gardien","","Luis López","Luis López","Luis López","200122","./assoc/200122_ESP.svg","./logo/50051.png","UEFA","ESP","50051","FAME","Real Madrid","","https://img.uefa.com/imgml/TP/teams/logos/70x70/50051.png","https://img.uefa.com/imgml/TP/teams/logos/240x240/50051.png","250051","RMA","DOMESTIC_MEN_TEAM_A","","DOMESTIC","Espagne","Real Madrid","Real Madrid C.F.","RMA","","","","","","","","",""
"250125052","50051","24","2001-03-23","36","LATASA","ESP","UNKNOWN","FORWARD","MALE","","./image/250125052.jpg","Juan Latasa","FORWARD","18","Latasa Fernández Layos","300122","","Espagne","Attaquant","Juan","Latasa","Juan Latasa","Latasa","200122","./assoc/200122_ESP.svg","./logo/50051.png","UEFA","ESP","50051","FAME","Real Madrid","","https://img.uefa.com/imgml/TP/teams/logos/70x70/50051.png","https://img.uefa.com/imgml/TP/teams/logos/240x240/50051.png","250051","RMA","DOMESTIC_MEN_TEAM_A","","DOMESTIC","Espagne","Real Madrid","Real Madrid C.F.","RMA","","","","","","","","",""
"250125051","50051","25","2000-08-29","34","Gila","ESP","UNKNOWN","DEFENDER","MALE","","./image/250125051.jpg","Mario Gila","DEFENDER","15","MARIO GILA","200122","","Espagne","Défenseur","","Mario Gila","Mario Gila","Mario Gila","200122","./assoc/200122_ESP.svg","./logo/50051.png","UEFA","ESP","50051","FAME","Real Madrid","","https://img.uefa.com/imgml/TP/teams/logos/70x70/50051.png","https://img.uefa.com/imgml/TP/teams/logos/240x240/50051.png","250051","RMA","DOMESTIC_MEN_TEAM_A","","DOMESTIC","Espagne","Real Madrid","Real Madrid C.F.","RMA","","","","","","","","",""
"250125048","50051","24","2001-03-15","32","Dotor","ESP","UNKNOWN","MIDFIELDER","MALE","","./image/250125048.jpg","Carlos Dotor","MIDFIELDER","","Dotor","","","Espagne","Milieu","","Carlos Dotor","Carlos Dotor","Carlos Dotor","200122","./assoc/200122_ESP.svg","./logo/50051.png","UEFA","ESP","50051","FAME","Real Madrid","","https://img.uefa.com/imgml/TP/teams/logos/70x70/50051.png","https://img.uefa.com/imgml/TP/teams/logos/240x240/50051.png","250051","RMA","DOMESTIC_MEN_TEAM_A","","DOMESTIC","Espagne","Real Madrid","Real Madrid C.F.","RMA","","","","","","","","",""
"250125045","50051","25","2000-07-03","28","MARVIN","ESP","UNKNOWN","MIDFIELDER","MALE","","./image/250125045.jpg","Marvin Park","MIDFIELDER","","M. PARK","","","Espagne","Milieu","Marvin","Park","Marvin Park","Park","200122","./assoc/200122_ESP.svg","./logo/50051.png","UEFA","ESP","50051","FAME","Real Madrid","","https://img.uefa.com/imgml/TP/teams/logos/70x70/50051.png","https://img.uefa.com/imgml/TP/teams/logos/240x240/50051.png","250051","RMA","DOMESTIC_MEN_TEAM_A","","DOMESTIC","Espagne","Real Madrid","Real Madrid C.F.","RMA","","","","","","","","",""
"250112332","50051","24","2001-01-03","43","SANTOS","ESP","","DEFENDER","MALE","","./image/250112332.jpg","Sergio Santos","DEFENDER","2","Santos Fernández","300122","","Espagne","Défenseur","Sergio","Santos","Sergio Santos","Santos","200122","./assoc/200122_ESP.svg","./logo/50051.png","UEFA","ESP","50051","FAME","Real Madrid","","https://img.uefa.com/imgml/TP/teams/logos/70x70/50051.png","https://img.uefa.com/imgml/TP/teams/logos/240x240/50051.png","250051","RMA","DOMESTIC_MEN_TEAM_A","","DOMESTIC","Espagne","Real Madrid","Real Madrid C.F.","RMA","","","","","","","","",""
"250112325","50051","24","2001-09-30","33","Arribas","ESP","UNKNOWN","MIDFIELDER","MALE","","./image/250112325.jpg","Sergio Arribas","MIDFIELDER","","Arribas","","","Espagne","Milieu","Sergio","Arribas","Sergio Arribas","Arribas","200122","./assoc/200122_ESP.svg","./logo/50051.png","UEFA","ESP","50051","FAME","Real Madrid","","https://img.uefa.com/imgml/TP/teams/logos/70x70/50051.png","https://img.uefa.com/imgml/TP/teams/logos/240x240/50051.png","250051","RMA","DOMESTIC_MEN_TEAM_A","","DOMESTIC","Espagne","Real Madrid","Real Madrid C.F.","RMA","","","","","","","","",""
"250106953","50051","23","2002-01-29","9","Gudjohnsen","ISL","UNKNOWN","FORWARD","MALE","","./image/250106953.jpg","Andri Gudjohnsen","FORWARD","22","A.Gudjohnsen","58","","Islande","Attaquant","Andri","Gudjohnsen","Andri Gudjohnsen","A. Gudjohnsen","200122","./assoc/200122_ESP.svg","./logo/50051.png","UEFA","ESP","50051","FAME","Real Madrid","","https://img.uefa.com/imgml/TP/teams/logos/70x70/50051.png","https://img.uefa.com/imgml/TP/teams/logos/240x240/50051.png","250051","RMA","DOMESTIC_MEN_TEAM_A","","DOMESTIC","Espagne","Real Madrid","Real Madrid C.F.","RMA","","","","","","","","",""
"250101476","52747","27","1998-09-09","17","DAGBA","FRA","UNKNOWN","","MALE","","./image/250101476.jpg","Colin Dagba","DEFENDER","13","Dagba","200043","","France","","Colin","Dagba","Colin Dagba","Dagba","200043","./assoc/200043_FRA.svg","./logo/52747.png","UEFA","FRA","52747","FAME","Paris","","https://img.uefa.com/imgml/TP/teams/logos/70x70/52747.png","https://img.uefa.com/imgml/TP/teams/logos/240x240/52747.png","252747","PSG","DOMESTIC_MEN_TEAM_A","","DOMESTIC","France","Paris","Paris Saint-Germain","PSG","","","","","","","","",""
"250089824","50051","26","1999-02-11","13","LUNIN","UKR","GOALKEEPER","GOALKEEPER","MALE","","./image/250089824.jpg","Andriy Lunin","GOALKEEPER","1","Lunin","57166","","Ukraine","Gardien","Andriy","Lunin","Andriy Lunin","Lunin","200122","./assoc/200122_ESP.svg","./logo/50051.png","UEFA","ESP","50051","FAME","Real Madrid","","https://img.uefa.com/imgml/TP/teams/logos/70x70/50051.png","https://img.uefa.com/imgml/TP/teams/logos/240x240/50051.png","250051","RMA","DOMESTIC_MEN_TEAM_A","","DOMESTIC","Espagne","Real Madrid","Real Madrid C.F.","RMA","","","","","","","","",""
"250024454","50051","33","1992-04-21","22","Isco","ESP","ATTACKING_MIDFIELDER","MIDFIELDER","MALE","176","./image/250024454.jpg","Isco","MIDFIELDER","10","Isco","122","74","Espagne","Milieu","","Isco","Isco","Isco","200122","./assoc/200122_ESP.svg","./logo/50051.png","UEFA","ESP","50051","FAME","Real Madrid","","https://img.uefa.com/imgml/TP/teams/logos/70x70/50051.png","https://img.uefa.com/imgml/TP/teams/logos/240x240/50051.png","250051","RMA","DOMESTIC_MEN_TEAM_A","","DOMESTIC","Espagne","Real Madrid","Real Madrid C.F.","RMA","","","","","","","","",""
"150711837","50051","33","1992-04-21","22","ISCO","ESP","ATTACKING_MIDFIELDER","MIDFIELDER","MALE","176","https://img.uefa.com/imgml/TP/players/1/2022/324x324/150711837.jpg","Isco","MIDFIELDER","22","ISCO","122","74","Espagne","Milieu","","Isco","Isco","Isco","200122","./assoc/200122_ESP.svg","./logo/50051.png","UEFA","ESP","50051","FAME","Real Madrid","","https://img.uefa.com/imgml/TP/teams/logos/70x70/50051.png","https://img.uefa.com/imgml/TP/teams/logos/240x240/50051.png","250051","RMA","DOMESTIC_MEN_TEAM_A","","DOMESTIC","Espagne","Real Madrid","Real Madrid C.F.","RMA","","","","","","","","",""
"103813","52747","34","1990-11-11","25","WIJNALDUM","NED","UNKNOWN","MIDFIELDER","MALE","173","./image/103813.jpg","Georginio Wijnaldum","MIDFIELDER","8","Wijnaldum","95","74","Pays-Bas","Milieu","Georginio","Wijnaldum","Georginio Wijnaldum","Wijnaldum","200043","./assoc/200043_FRA.svg","./logo/52747.png","UEFA","FRA","52747","FAME","Paris","","https://img.uefa.com/imgml/TP/teams/logos/70x70/52747.png","https://img.uefa.com/imgml/TP/teams/logos/240x240/52747.png","252747","PSG","DOMESTIC_MEN_TEAM_A","","DOMESTIC","France","Paris","Paris Saint-Germain","PSG","","","","","","","","",""
