PlayerId,TeamId,PlayerAge,PlayerBirthDate,PlayerClubJerseyNumber,PlayerClubShirtName,PlayerCountryCode,PlayerDetailedFieldPosition,PlayerFieldPosition,PlayerGender,PlayerHeight,PlayerImageUrl,PlayerInternationalName,PlayerNationalFieldPosition,PlayerNationalJerseyNumber,PlayerNationalShirtName,PlayerNationalTeamId,PlayerWeight,PlayerCountryName,PlayerFieldPositionFR,PlayerFirstName,PlayerLastName,PlayerName,PlayerShortName,TeamAssociationId,TeamAssociationLogoUrl,TeamBigLogoUrl,TeamConfederationType,TeamCountryCode,TeamId_Full,TeamIdProvider,TeamInternationalName,TeamIsPlaceHolder,TeamLogoUrl,TeamMediumLogoUrl,TeamOrganizationId,TeamCode,TeamTypeDetail,TeamTypeIsNational,TeamType,TeamCountryName,TeamDisplayName,TeamDisplayOfficialName,TeamDisplayTeamCode,minutesplayedofficial,minutesplayedofficial_Unit,matchesappearance,goals,assists,distancecovered,distancecovered_Unit,topspeed,topspeed_Unit
"63706","50051","40","1985-02-05","7","Ronaldo","POR","STRIKER","FORWARD","MALE","185","./image/63706.jpg","Cristiano Ronaldo","FORWARD","7","RONALDO","110","80","Portugal","Attaquant","Cristiano","Ronaldo","Cristiano Ronaldo","Ronaldo","200122","./assoc/200122_ESP.svg","./logo/50051.png","UEFA","ESP","50051","FAME","Real Madrid","","https://img.uefa.com/imgml/TP/teams/logos/70x70/50051.png","https://img.uefa.com/imgml/TP/teams/logos/240x240/50051.png","250051","RMA","DOMESTIC_MEN_TEAM_A","","DOMESTIC","Espagne","Real Madrid","Real Madrid C.F.","RMA","1200","MINUTE","13","12","6","124.34","KILOMETER","30.7","KILOMETER_PER_HOUR"
"250031037","50051","38","1986-12-15","1","K. Navas","CRC","UNKNOWN","GOALKEEPER","MALE","184","./image/250031037.jpg","Keylor Navas","GOALKEEPER","1","K. Navas","31","78","Costa Rica","Gardien","Keylor","Navas","Keylor Navas","Navas","200122","./assoc/200122_ESP.svg","./logo/50051.png","UEFA","ESP","50051","FAME","Real Madrid","","https://img.uefa.com/imgml/TP/teams/logos/70x70/50051.png","https://img.uefa.com/imgml/TP/teams/logos/240x240/50051.png","250051","RMA","DOMESTIC_MEN_TEAM_A","","DOMESTIC","Espagne","Real Madrid","Real Madrid C.F.","RMA","1110","MINUTE","12","0","0","44.59","KILOMETER","23.2","KILOMETER_PER_HOUR"
"21307","50139","47","1978-01-28","77","Buffon","ITA","GOALKEEPER","GOALKEEPER","MALE","192","./image/21307.jpg","Gianluigi Buffon","","1","","66","91","Italie","Gardien","Gianluigi","Buffon","Gianluigi Buffon","Buffon","200066","./assoc/200066_ITA.svg","./logo/50139.png","UEFA","ITA","50139","FAME","Juventus","","https://img.uefa.com/imgml/TP/teams/logos/70x70/50139.png","https://img.uefa.com/imgml/TP/teams/logos/240x240/50139.png","250139","JUV","DOMESTIC_MEN_TEAM_A","","DOMESTIC","Italie","Juventus","Juventus","JUV","1080","MINUTE","12","0","0","48.53","KILOMETER","21.3","KILOMETER_PER_HOUR"
"250019498","50124","34","1991-03-21","7","GRIEZMANN","FRA","STRIKER","FORWARD","MALE","176","./image/250019498.jpg","Antoine Griezmann","FORWARD","7","Griezmann","43","67","France","Attaquant","Antoine","Griezmann","Antoine Griezmann","Griezmann","200122","./assoc/200122_ESP.svg","./logo/50124.png","UEFA","ESP","50124","FAME","Atleti","","https://img.uefa.com/imgml/TP/teams/logos/70x70/50124.png","https://img.uefa.com/imgml/TP/teams/logos/240x240/50124.png","250124","ATM","DOMESTIC_MEN_TEAM_A","","DOMESTIC","Espagne","Atleti","Atlético de Madrid","ATM","1068","MINUTE","12","6","2","132.69","KILOMETER","31.3","KILOMETER_PER_HOUR"
"1909917","50124","33","1992-01-08","6","KOKE","ESP","CENTRAL_MIDFIELDER","MIDFIELDER","MALE","178","./image/1909917.jpg","Koke","MIDFIELDER","8","Koke","122","74","Espagne","Milieu","","Koke","Koke","Koke","200122","./assoc/200122_ESP.svg","./logo/50124.png","UEFA","ESP","50124","FAME","Atleti","","https://img.uefa.com/imgml/TP/teams/logos/70x70/50124.png","https://img.uefa.com/imgml/TP/teams/logos/240x240/50124.png","250124","ATM","DOMESTIC_MEN_TEAM_A","","DOMESTIC","Espagne","Atleti","Atlético de Madrid","ATM","1044","MINUTE","12","0","1","142.34","KILOMETER","29.6","KILOMETER_PER_HOUR"
"1900739","50139","37","1987-12-10","21","Higuain","ARG","STRIKER","FORWARD","MALE","184","./image/1900739.jpg","Gonzalo Higuaín","FORWARD","9","Higuain","6","75","Argentine","Attaquant","Gonzalo","Higuaín","Gonzalo Higuaín","Higuaín","200066","./assoc/200066_ITA.svg","./logo/50139.png","UEFA","ITA","50139","FAME","Juventus","","https://img.uefa.com/imgml/TP/teams/logos/70x70/50139.png","https://img.uefa.com/imgml/TP/teams/logos/240x240/50139.png","250139","JUV","DOMESTIC_MEN_TEAM_A","","DOMESTIC","Italie","Juventus","Juventus","JUV","1039","MINUTE","12","5","1","110.22","KILOMETER","30.3","KILOMETER_PER_HOUR"
"103147","50051","35","1990-01-04","8","KROOS","GER","CENTRAL_MIDFIELDER","MIDFIELDER","MALE","182","./image/103147.jpg","Toni Kroos","MIDFIELDER","8","Kroos","47","78","Allemagne","Milieu","Toni","Kroos","Toni Kroos","Kroos","200122","./assoc/200122_ESP.svg","./logo/50051.png","UEFA","ESP","50051","FAME","Real Madrid","","https://img.uefa.com/imgml/TP/teams/logos/70x70/50051.png","https://img.uefa.com/imgml/TP/teams/logos/240x240/50051.png","250051","RMA","DOMESTIC_MEN_TEAM_A","","DOMESTIC","Espagne","Real Madrid","Real Madrid C.F.","RMA","1027","MINUTE","12","1","2","123.17","KILOMETER","28.6","KILOMETER_PER_HOUR"
"95724","50139","42","1983-05-06","13","DANI ALVES","BRA","UNKNOWN","DEFENDER","MALE","173","./image/95724.jpg","Dani Alves","MIDFIELDER","13","Daniel Alves","18","70","Brésil","Défenseur","","Dani Alves","Dani Alves","Dani Alves","200066","./assoc/200066_ITA.svg","./logo/50139.png","UEFA","ITA","50139","FAME","Juventus","","https://img.uefa.com/imgml/TP/teams/logos/70x70/50139.png","https://img.uefa.com/imgml/TP/teams/logos/240x240/50139.png","250139","JUV","DOMESTIC_MEN_TEAM_A","","DOMESTIC","Italie","Juventus","Juventus","JUV","1001","MINUTE","12","3","3","116.95","KILOMETER","30.5","KILOMETER_PER_HOUR"
"93649","50051","39","1986-03-30","4","Sergio Ramos","ESP","CENTRE_BACK","DEFENDER","MALE","183","./image/93649.jpg","Sergio Ramos","DEFENDER","15","Sergio","122","75","Espagne","Défenseur","Sergio","Ramos","Sergio Ramos","Ramos","200122","./assoc/200122_ESP.svg","./logo/50051.png","UEFA","ESP","50051","FAME","Real Madrid","","https://img.uefa.com/imgml/TP/teams/logos/70x70/50051.png","https://img.uefa.com/imgml/TP/teams/logos/240x240/50051.png","250051","RMA","DOMESTIC_MEN_TEAM_A","","DOMESTIC","Espagne","Real Madrid","Real Madrid C.F.","RMA","1001","MINUTE","11","1","3","107.84","KILOMETER","30","KILOMETER_PER_HOUR"
"1900737","50051","37","1988-05-12","12","Marcelo","ESP","UNKNOWN","DEFENDER","MALE","174","./image/1900737.jpg","Marcelo","DEFENDER","6","Marcelo","18","73","Espagne","Défenseur","","Marcelo","Marcelo","Marcelo","200122","./assoc/200122_ESP.svg","./logo/50051.png","UEFA","ESP","50051","FAME","Real Madrid","","https://img.uefa.com/imgml/TP/teams/logos/70x70/50051.png","https://img.uefa.com/imgml/TP/teams/logos/240x240/50051.png","250051","RMA","DOMESTIC_MEN_TEAM_A","","DOMESTIC","Espagne","Real Madrid","Real Madrid C.F.","RMA","1001","MINUTE","11","0","3","104.74","KILOMETER","29.4","KILOMETER_PER_HOUR"
"93951","50124","42","1983-07-10","14","","ESP","WINGER","","MALE","180","./image/93951.jpg","Gabi","MIDFIELDER","","Fernández Arenas","","74","Espagne","","","Gabi","Gabi","Gabi","200122","./assoc/200122_ESP.svg","./logo/50124.png","UEFA","ESP","50124","FAME","Atleti","","https://img.uefa.com/imgml/TP/teams/logos/70x70/50124.png","https://img.uefa.com/imgml/TP/teams/logos/240x240/50124.png","250124","ATM","DOMESTIC_MEN_TEAM_A","","DOMESTIC","Espagne","Atleti","Atlético de Madrid","ATM","990","MINUTE","11","0","0","129.52","KILOMETER","29.3","KILOMETER_PER_HOUR"
"1906224","50124","39","1986-02-16","2","Godin Leal","URU","CENTRE_BACK","DEFENDER","MALE","186","./image/1906224.jpg","Diego Godín","DEFENDER","3","Godin","138","78","Uruguay","Défenseur","Diego","Godín","Diego Godín","Godín","200122","./assoc/200122_ESP.svg","./logo/50124.png","UEFA","ESP","50124","FAME","Atleti","","https://img.uefa.com/imgml/TP/teams/logos/70x70/50124.png","https://img.uefa.com/imgml/TP/teams/logos/240x240/50124.png","250124","ATM","DOMESTIC_MEN_TEAM_A","","DOMESTIC","Espagne","Atleti","Atlético de Madrid","ATM","990","MINUTE","11","0","0","105.05","KILOMETER","29.3","KILOMETER_PER_HOUR"
"250012069","50124","32","1993-01-07","13","OBLAK","SVN","GOALKEEPER","GOALKEEPER","MALE","186","./image/250012069.jpg","Jan Oblak","GOALKEEPER","1","Oblak","57163","87","Slovénie","Gardien","Jan","Oblak","Jan Oblak","Oblak","200122","./assoc/200122_ESP.svg","./logo/50124.png","UEFA","ESP","50124","FAME","Atleti","","https://img.uefa.com/imgml/TP/teams/logos/70x70/50124.png","https://img.uefa.com/imgml/TP/teams/logos/240x240/50124.png","250124","ATM","DOMESTIC_MEN_TEAM_A","","DOMESTIC","Espagne","Atleti","Atlético de Madrid","ATM","990","MINUTE","11","0","0","46.09","KILOMETER","22.9","KILOMETER_PER_HOUR"
"106230","50023","40","1984-10-27","1","SUBAŠIĆ","CRO","GOALKEEPER","GOALKEEPER","MALE","191","./image/106230.jpg","Danijel Subašić","","23","","56370","87","Croatie","Gardien","Danijel","Subašić","Danijel Subašić","Subašić","200043","./assoc/200043_FRA.svg","./logo/50023.png","UEFA","FRA","50023","FAME","Monaco","","https://img.uefa.com/imgml/TP/teams/logos/70x70/50023.png","https://img.uefa.com/imgml/TP/teams/logos/240x240/50023.png","250023","MON","DOMESTIC_MEN_TEAM_A","","DOMESTIC","France","Monaco","AS Monaco","MON","990","MINUTE","11","0","0","41.79","KILOMETER","25.4","KILOMETER_PER_HOUR"
"250099502","50023","33","1992-08-24","5","Jemerson","BRA","UNKNOWN","DEFENDER","MALE","184","./image/250099502.jpg","Jemerson","DEFENDER","","Jemerson","","77","Brésil","Défenseur","","Jemerson","Jemerson","Jemerson","200043","./assoc/200043_FRA.svg","./logo/50023.png","UEFA","FRA","50023","FAME","Monaco","","https://img.uefa.com/imgml/TP/teams/logos/70x70/50023.png","https://img.uefa.com/imgml/TP/teams/logos/240x240/50023.png","250023","MON","DOMESTIC_MEN_TEAM_A","","DOMESTIC","France","Monaco","AS Monaco","MON","989","MINUTE","11","0","0","99.9","KILOMETER","30.6","KILOMETER_PER_HOUR"
"74699","50051","40","1985-09-09","10","MODRIĆ","CRO","CENTRAL_MIDFIELDER","MIDFIELDER","MALE","174","./image/74699.jpg","Luka Modrić","MIDFIELDER","10","Modrić","56370","65","Croatie","Milieu","Luka","Modrić","Luka Modrić","Modrić","200122","./assoc/200122_ESP.svg","./logo/50051.png","UEFA","ESP","50051","FAME","Real Madrid","","https://img.uefa.com/imgml/TP/teams/logos/70x70/50051.png","https://img.uefa.com/imgml/TP/teams/logos/240x240/50051.png","250051","RMA","DOMESTIC_MEN_TEAM_A","","DOMESTIC","Espagne","Real Madrid","Real Madrid C.F.","RMA","983","MINUTE","11","0","1","109.25","KILOMETER","29.8","KILOMETER_PER_HOUR"
"250024448","50051","33","1992-01-11","2","CARVAJAL","ESP","FULL_BACK","DEFENDER","MALE","173","./image/250024448.jpg","Dani Carvajal","DEFENDER","2","CARVAJAL","122","73","Espagne","Défenseur","Dani","Carvajal","Dani Carvajal","Carvajal","200122","./assoc/200122_ESP.svg","./logo/50051.png","UEFA","ESP","50051","FAME","Real Madrid","","https://img.uefa.com/imgml/TP/teams/logos/70x70/50051.png","https://img.uefa.com/imgml/TP/teams/logos/240x240/50051.png","250051","RMA","DOMESTIC_MEN_TEAM_A","","DOMESTIC","Espagne","Real Madrid","Real Madrid C.F.","RMA","975","MINUTE","11","0","5","114.97","KILOMETER","31.7","KILOMETER_PER_HOUR"
"250017925","50139","38","1987-05-01","23","BONUCCI","ITA","CENTRE_BACK","DEFENDER","MALE","190","./image/250017925.jpg","Leonardo Bonucci","DEFENDER","19","Bonucci","66","86","Italie","Défenseur","Leonardo","Bonucci","Leonardo Bonucci","Bonucci","200066","./assoc/200066_ITA.svg","./logo/50139.png","UEFA","ITA","50139","FAME","Juventus","","https://img.uefa.com/imgml/TP/teams/logos/70x70/50139.png","https://img.uefa.com/imgml/TP/teams/logos/240x240/50139.png","250139","JUV","DOMESTIC_MEN_TEAM_A","","DOMESTIC","Italie","Juventus","Juventus","JUV","968","MINUTE","11","1","0","101.82","KILOMETER","30.7","KILOMETER_PER_HOUR"
"93321","50051","37","1987-12-19","9","Benzema","FRA","STRIKER","FORWARD","MALE","187","./image/93321.jpg","Karim Benzema","FORWARD","19","Benzema","43","79","France","Attaquant","Karim","Benzema","Karim Benzema","Benzema","200122","./assoc/200122_ESP.svg","./logo/50051.png","UEFA","ESP","50051","FAME","Real Madrid","","https://img.uefa.com/imgml/TP/teams/logos/70x70/50051.png","https://img.uefa.com/imgml/TP/teams/logos/240x240/50051.png","250051","RMA","DOMESTIC_MEN_TEAM_A","","DOMESTIC","Espagne","Real Madrid","Real Madrid C.F.","RMA","954","MINUTE","13","5","2","106.22","KILOMETER","29.4","KILOMETER_PER_HOUR"
"250059115","50023","31","1994-08-10","20","Bernardo","POR","ATTACKING_MIDFIELDER","MIDFIELDER","MALE","173","./image/250059115.jpg","Bernardo Silva","MIDFIELDER","10","BERNARDO","110","64","Portugal","Milieu","","Bernardo Silva","Bernardo Silva","Bernardo Silva","200043","./assoc/200043_FRA.svg","./logo/50023.png","UEFA","FRA","50023","FAME","Monaco","","https://img.uefa.com/imgml/TP/teams/logos/70x70/50023.png","https://img.uefa.com/imgml/TP/teams/logos/240x240/50023.png","250023","MON","DOMESTIC_MEN_TEAM_A","","DOMESTIC","France","Monaco","AS Monaco","MON","921","MINUTE","11","2","1","120.12","KILOMETER","29.1","KILOMETER_PER_HOUR"
"99350","50139","39","1986-05-21","9","MANDŽUKIĆ","CRO","STRIKER","FORWARD","MALE","190","./image/99350.jpg","Mario Mandžukić","","17","","56370","85","Croatie","Attaquant","Mario","Mandžukić","Mario Mandžukić","Mandžukić","200066","./assoc/200066_ITA.svg","./logo/50139.png","UEFA","ITA","50139","FAME","Juventus","","https://img.uefa.com/imgml/TP/teams/logos/70x70/50139.png","https://img.uefa.com/imgml/TP/teams/logos/240x240/50139.png","250139","JUV","DOMESTIC_MEN_TEAM_A","","DOMESTIC","Italie","Juventus","Juventus","JUV","914","MINUTE","11","3","0","96.84","KILOMETER","30.1","KILOMETER_PER_HOUR"
"104071","50139","35","1990-04-02","16","Pjanić","BIH","UNKNOWN","MIDFIELDER","MALE","180","./image/104071.jpg","Miralem Pjanić","MIDFIELDER","10","Pjanić","60094","68","Bosnie-Herzégovine","Milieu","Miralem","Pjanić","Miralem Pjanić","Pjanić","200066","./assoc/200066_ITA.svg","./logo/50139.png","UEFA","ITA","50139","FAME","Juventus","","https://img.uefa.com/imgml/TP/teams/logos/70x70/50139.png","https://img.uefa.com/imgml/TP/teams/logos/240x240/50139.png","250139","JUV","DOMESTIC_MEN_TEAM_A","","DOMESTIC","Italie","Juventus","Juventus","JUV","908","MINUTE","12","1","3","115.62","KILOMETER","27.6","KILOMETER_PER_HOUR"
"250025891","50051","32","1993-04-25","19","R.Varane","FRA","CENTRE_BACK","DEFENDER","MALE","191","./image/250025891.jpg","Raphaël Varane","DEFENDER","4","Varane","43","78","France","Défenseur","Raphaël","Varane","Raphaël Varane","Varane","200122","./assoc/200122_ESP.svg","./logo/50051.png","UEFA","ESP","50051","FAME","Real Madrid","","https://img.uefa.com/imgml/TP/teams/logos/70x70/50051.png","https://img.uefa.com/imgml/TP/teams/logos/240x240/50051.png","250051","RMA","DOMESTIC_MEN_TEAM_A","","DOMESTIC","Espagne","Real Madrid","Real Madrid C.F.","RMA","900","MINUTE","10","2","0","98.56","KILOMETER","31","KILOMETER_PER_HOUR"
"1902388","50023","37","1988-02-03","25","Glik","POL","CENTRE_BACK","DEFENDER","MALE","190","./image/1902388.jpg","Kamil Glik","DEFENDER","15","Glik","109","80","Pologne","Défenseur","Kamil","Glik","Kamil Glik","Glik","200043","./assoc/200043_FRA.svg","./logo/50023.png","UEFA","FRA","50023","FAME","Monaco","","https://img.uefa.com/imgml/TP/teams/logos/70x70/50023.png","https://img.uefa.com/imgml/TP/teams/logos/240x240/50023.png","250023","MON","DOMESTIC_MEN_TEAM_A","","DOMESTIC","France","Monaco","AS Monaco","MON","900","MINUTE","10","1","0","91.94","KILOMETER","28.7","KILOMETER_PER_HOUR"
"250042778","50023","29","1995-11-12","11","LEMAR","FRA","UNKNOWN","MIDFIELDER","MALE","170","./image/250042778.jpg","Thomas Lemar","MIDFIELDER","8","Lemar","43","58","France","Milieu","Thomas","Lemar","Thomas Lemar","Lemar","200043","./assoc/200043_FRA.svg","./logo/50023.png","UEFA","FRA","50023","FAME","Monaco","","https://img.uefa.com/imgml/TP/teams/logos/70x70/50023.png","https://img.uefa.com/imgml/TP/teams/logos/240x240/50023.png","250023","MON","DOMESTIC_MEN_TEAM_A","","DOMESTIC","France","Monaco","AS Monaco","MON","895","MINUTE","12","2","4","107.96","KILOMETER","30.3","KILOMETER_PER_HOUR"
"74327","50139","38","1987-04-04","6","Khedira","GER","DEFENSIVE_MIDFIELDER","MIDFIELDER","MALE","189","./image/74327.jpg","Sami Khedira","MIDFIELDER","6","Khedira","47","90","Allemagne","Milieu","Sami","Khedira","Sami Khedira","Khedira","200066","./assoc/200066_ITA.svg","./logo/50139.png","UEFA","ITA","50139","FAME","Juventus","","https://img.uefa.com/imgml/TP/teams/logos/70x70/50139.png","https://img.uefa.com/imgml/TP/teams/logos/240x240/50139.png","250139","JUV","DOMESTIC_MEN_TEAM_A","","DOMESTIC","Italie","Juventus","Juventus","JUV","895","MINUTE","11","0","0","110.92","KILOMETER","29.8","KILOMETER_PER_HOUR"
"250005258","53577","35","1990-03-05","6","Drinkwater","ENG","DEFENSIVE_MIDFIELDER","MIDFIELDER","MALE","177","./image/250005258.jpg","Danny Drinkwater","MIDFIELDER","8","Drinkwater","39","70","Angleterre","Milieu","Danny","Drinkwater","Danny Drinkwater","Drinkwater","200039","./assoc/200039_ENG.svg","./logo/53577.png","UEFA","ENG","53577","FAME","Leicester","","https://img.uefa.com/imgml/TP/teams/logos/70x70/53577.png","https://img.uefa.com/imgml/TP/teams/logos/240x240/53577.png","253577","LEI","DOMESTIC_MEN_TEAM_A","","DOMESTIC","Angleterre","Leicester","Leicester City FC","LEI","886","MINUTE","10","0","1","107.41","KILOMETER","31.4","KILOMETER_PER_HOUR"
"95813","50124","40","1985-08-09","3","FILIPE LUIS","BRA","FULL_BACK","DEFENDER","MALE","188","./image/95813.jpg","Filipe Luís","DEFENDER","","LUIS","","77","Brésil","Défenseur","","Filipe Luís","Filipe Luís","Filipe Luís","200122","./assoc/200122_ESP.svg","./logo/50124.png","UEFA","ESP","50124","FAME","Atleti","","https://img.uefa.com/imgml/TP/teams/logos/70x70/50124.png","https://img.uefa.com/imgml/TP/teams/logos/240x240/50124.png","250124","ATM","DOMESTIC_MEN_TEAM_A","","DOMESTIC","Espagne","Atleti","Atlético de Madrid","ATM","870","MINUTE","10","0","1","106.83","KILOMETER","29.1","KILOMETER_PER_HOUR"
"250040959","50124","32","1993-09-04","21","CARRASCO","BEL","WINGER","FORWARD","MALE","180","./image/250040959.jpg","Yannick Carrasco","FORWARD","11","Carrasco","13","67","Belgique","Attaquant","Yannick","Carrasco","Yannick Carrasco","Carrasco","200122","./assoc/200122_ESP.svg","./logo/50124.png","UEFA","ESP","50124","FAME","Atleti","","https://img.uefa.com/imgml/TP/teams/logos/70x70/50124.png","https://img.uefa.com/imgml/TP/teams/logos/240x240/50124.png","250124","ATM","DOMESTIC_MEN_TEAM_A","","DOMESTIC","Espagne","Atleti","Atlético de Madrid","ATM","856","MINUTE","12","2","1","110.51","KILOMETER","31.6","KILOMETER_PER_HOUR"
"250039930","50139","34","1991-01-26","12","Alex Sandro","BRA","UNKNOWN","DEFENDER","MALE","179","./image/250039930.jpg","Alex Sandro","DEFENDER","6","Lobo Silva","18","79","Brésil","Défenseur","","Alex Sandro","Alex Sandro","Alex Sandro","200066","./assoc/200066_ITA.svg","./logo/50139.png","UEFA","ITA","50139","FAME","Juventus","","https://img.uefa.com/imgml/TP/teams/logos/70x70/50139.png","https://img.uefa.com/imgml/TP/teams/logos/240x240/50139.png","250139","JUV","DOMESTIC_MEN_TEAM_A","","DOMESTIC","Italie","Juventus","Juventus","JUV","854","MINUTE","11","0","1","105.4","KILOMETER","30.7","KILOMETER_PER_HOUR"
"250053907","50023","31","1993-10-23","3","Fabinho","BRA","UNKNOWN","MIDFIELDER","MALE","188","./image/250053907.jpg","Fabinho","MIDFIELDER","15","Tavares","18","78","Brésil","Milieu","","Fabinho","Fabinho","Fabinho","200043","./assoc/200043_FRA.svg","./logo/50023.png","UEFA","FRA","50023","FAME","Monaco","","https://img.uefa.com/imgml/TP/teams/logos/70x70/50023.png","https://img.uefa.com/imgml/TP/teams/logos/240x240/50023.png","250023","MON","DOMESTIC_MEN_TEAM_A","","DOMESTIC","France","Monaco","AS Monaco","MON","846","MINUTE","10","1","2","96.38","KILOMETER","27.6","KILOMETER_PER_HOUR"
"250027193","50023","31","1994-08-17","8","Bakayoko","FRA","DEFENSIVE_MIDFIELDER","MIDFIELDER","MALE","184","./image/250027193.jpg","Tiémoué Bakayoko","MIDFIELDER","4","Bakayoko","43","72","France","Milieu","Tiémoué","Bakayoko","Tiémoué Bakayoko","Bakayoko","200043","./assoc/200043_FRA.svg","./logo/50023.png","UEFA","FRA","50023","FAME","Monaco","","https://img.uefa.com/imgml/TP/teams/logos/70x70/50023.png","https://img.uefa.com/imgml/TP/teams/logos/240x240/50023.png","250023","MON","DOMESTIC_MEN_TEAM_A","","DOMESTIC","France","Monaco","AS Monaco","MON","842","MINUTE","10","1","0","96.87","KILOMETER","29.3","KILOMETER_PER_HOUR"
"1906540","50037","33","1992-06-24","4","ALABA","AUT","FULL_BACK","DEFENDER","MALE","180","./image/1906540.jpg","David Alaba","DEFENDER","8","Alaba","8","75","Autriche","Défenseur","David","Alaba","David Alaba","Alaba","200047","./assoc/200047_GER.svg","./logo/50037.png","UEFA","GER","50037","FAME","Bayern München","","https://img.uefa.com/imgml/TP/teams/logos/70x70/50037.png","https://img.uefa.com/imgml/TP/teams/logos/240x240/50037.png","250037","BAY","DOMESTIC_MEN_TEAM_A","","DOMESTIC","Allemagne","Bayern München","FC Bayern München","BAY","840","MINUTE","9","0","3","96.27","KILOMETER","30.5","KILOMETER_PER_HOUR"
"97923","50037","39","1986-03-27","1","Neuer","GER","GOALKEEPER","GOALKEEPER","MALE","193","./image/97923.jpg","Manuel Neuer","GOALKEEPER","1","Neuer","47","92","Allemagne","Gardien","Manuel","Neuer","Manuel Neuer","Neuer","200047","./assoc/200047_GER.svg","./logo/50037.png","UEFA","GER","50037","FAME","Bayern München","","https://img.uefa.com/imgml/TP/teams/logos/70x70/50037.png","https://img.uefa.com/imgml/TP/teams/logos/240x240/50037.png","250037","BAY","DOMESTIC_MEN_TEAM_A","","DOMESTIC","Allemagne","Bayern München","FC Bayern München","BAY","840","MINUTE","9","0","0","44.34","KILOMETER","27.4","KILOMETER_PER_HOUR"
"250017725","50124","30","1994-11-21","8","SAÚL","ESP","CENTRAL_MIDFIELDER","MIDFIELDER","MALE","180","./image/250017725.jpg","Saúl Ñíguez","MIDFIELDER","8","Saúl","122","70","Espagne","Milieu","","Saúl Ñíguez","Saúl Ñíguez","Saúl Ñíguez","200122","./assoc/200122_ESP.svg","./logo/50124.png","UEFA","ESP","50124","FAME","Atleti","","https://img.uefa.com/imgml/TP/teams/logos/70x70/50124.png","https://img.uefa.com/imgml/TP/teams/logos/240x240/50124.png","250124","ATM","DOMESTIC_MEN_TEAM_A","","DOMESTIC","Espagne","Atleti","Atlético de Madrid","ATM","838","MINUTE","12","4","0","113.09","KILOMETER","29.3","KILOMETER_PER_HOUR"
"1907998","50124","34","1991-01-08","15","SAVIC","MNE","CENTRE_BACK","DEFENDER","MALE","186","./image/1907998.jpg","Stefan Savić","DEFENDER","15","Savić","92853","73","Monténégro","Défenseur","Stefan","Savić","Stefan Savić","Savić","200122","./assoc/200122_ESP.svg","./logo/50124.png","UEFA","ESP","50124","FAME","Atleti","","https://img.uefa.com/imgml/TP/teams/logos/70x70/50124.png","https://img.uefa.com/imgml/TP/teams/logos/240x240/50124.png","250124","ATM","DOMESTIC_MEN_TEAM_A","","DOMESTIC","Espagne","Atleti","Atlético de Madrid","ATM","829","MINUTE","10","0","0","92.74","KILOMETER","32.1","KILOMETER_PER_HOUR"
"250057680","50051","33","1992-02-23","18","Casemiro","BRA","UNKNOWN","MIDFIELDER","MALE","184","./image/250057680.jpg","Casemiro","MIDFIELDER","5","Casemiro","18","76","Brésil","Milieu","","Casemiro","Casemiro","Casemiro","200122","./assoc/200122_ESP.svg","./logo/50051.png","UEFA","ESP","50051","FAME","Real Madrid","","https://img.uefa.com/imgml/TP/teams/logos/70x70/50051.png","https://img.uefa.com/imgml/TP/teams/logos/240x240/50051.png","250051","RMA","DOMESTIC_MEN_TEAM_A","","DOMESTIC","Espagne","Real Madrid","Real Madrid C.F.","RMA","827","MINUTE","9","2","2","99.73","KILOMETER","27.6","KILOMETER_PER_HOUR"
"95803","50080","38","1987-06-24","30","Messi","ARG","UNKNOWN","FORWARD","MALE","169","./image/95803.jpg","Lionel Messi","FORWARD","10","Messi","6","72","Argentine","Attaquant","Lionel","Messi","Lionel Messi","Messi","200122","./assoc/200122_ESP.svg","./logo/50080.png","UEFA","ESP","50080","FAME","Barcelona","","https://img.uefa.com/imgml/TP/teams/logos/70x70/50080.png","https://img.uefa.com/imgml/TP/teams/logos/240x240/50080.png","250080","BAR","DOMESTIC_MEN_TEAM_A","","DOMESTIC","Espagne","Barcelona","FC Barcelona","BAR","810","MINUTE","9","11","2","71.11","KILOMETER","31.7","KILOMETER_PER_HOUR"
"106375","50080","38","1987-01-24","9","SUÁREZ","URU","UNKNOWN","FORWARD","MALE","181","./image/106375.jpg","Luis Suárez","FORWARD","9","Suárez","138","85","Uruguay","Attaquant","","Luis Suárez","Luis Suárez","Luis Suárez","200122","./assoc/200122_ESP.svg","./logo/50080.png","UEFA","ESP","50080","FAME","Barcelona","","https://img.uefa.com/imgml/TP/teams/logos/70x70/50080.png","https://img.uefa.com/imgml/TP/teams/logos/240x240/50080.png","250080","BAR","DOMESTIC_MEN_TEAM_A","","DOMESTIC","Espagne","Barcelona","FC Barcelona","BAR","810","MINUTE","9","3","3","82.71","KILOMETER","29.9","KILOMETER_PER_HOUR"
"250024306","50023","33","1992-07-29","29","Sidibe","FRA","UNKNOWN","DEFENDER","MALE","182","./image/250024306.jpg","Djibril Sidibé","DEFENDER","19","Sidibe","43","71","France","Défenseur","Djibril","Sidibé","Djibril Sidibé","Sidibé","200043","./assoc/200043_FRA.svg","./logo/50023.png","UEFA","FRA","50023","FAME","Monaco","","https://img.uefa.com/imgml/TP/teams/logos/70x70/50023.png","https://img.uefa.com/imgml/TP/teams/logos/240x240/50023.png","250023","MON","DOMESTIC_MEN_TEAM_A","","DOMESTIC","France","Monaco","AS Monaco","MON","810","MINUTE","9","1","1","92.97","KILOMETER","31.6","KILOMETER_PER_HOUR"
"67702","53577","39","1986-04-07","28","Fuchs","AUT","FULL_BACK","DEFENDER","MALE","186","./image/67702.jpg","Christian Fuchs","DEFENDER","5","Fuchs","200008","80","Autriche","Défenseur","Christian","Fuchs","Christian Fuchs","Fuchs","200039","./assoc/200039_ENG.svg","./logo/53577.png","UEFA","ENG","53577","FAME","Leicester","","https://img.uefa.com/imgml/TP/teams/logos/70x70/53577.png","https://img.uefa.com/imgml/TP/teams/logos/240x240/53577.png","253577","LEI","DOMESTIC_MEN_TEAM_A","","DOMESTIC","Angleterre","Leicester","Leicester City FC","LEI","810","MINUTE","9","0","1","88.9","KILOMETER","31","KILOMETER_PER_HOUR"
"250007631","50080","33","1992-04-30","1","Ter Stegen","GER","GOALKEEPER","GOALKEEPER","MALE","187","./image/250007631.jpg","Marc-André ter Stegen","GOALKEEPER","1","Ter Stegen","47","85","Allemagne","Gardien","Marc-André","ter Stegen","Marc-André ter Stegen","Ter Stegen","200122","./assoc/200122_ESP.svg","./logo/50080.png","UEFA","ESP","50080","FAME","Barcelona","","https://img.uefa.com/imgml/TP/teams/logos/70x70/50080.png","https://img.uefa.com/imgml/TP/teams/logos/240x240/50080.png","250080","BAR","DOMESTIC_MEN_TEAM_A","","DOMESTIC","Espagne","Barcelona","FC Barcelona","BAR","810","MINUTE","9","0","0","39.55","KILOMETER","24.5","KILOMETER_PER_HOUR"
"73874","52758","37","1988-06-09","15","Sokratis","GRE","CENTRE_BACK","DEFENDER","MALE","185","./image/73874.jpg","Sokratis Papastathopoulos","DEFENDER","19","Sokratis","49","82","Grèce","Défenseur","Sokratis","Papastathopoulos","Sokratis Papastathopoulos","Papastathopoulos","200047","./assoc/200047_GER.svg","./logo/52758.png","UEFA","GER","52758","FAME","B. Dortmund","","https://img.uefa.com/imgml/TP/teams/logos/70x70/52758.png","https://img.uefa.com/imgml/TP/teams/logos/240x240/52758.png","252758","BVB","DOMESTIC_MEN_TEAM_A","","DOMESTIC","Allemagne","B. Dortmund","Borussia Dortmund","BVB","808","MINUTE","9","1","0","86.26","KILOMETER","29.9","KILOMETER_PER_HOUR"
"250032924","53577","41","1984-01-21","5","Morgan","JAM","CENTRE_BACK","DEFENDER","MALE","185","./image/250032924.jpg","Wes Morgan","DEFENDER","","Morgan","","93","Jamaïque","Défenseur","Wes","Morgan","Wes Morgan","Morgan","200039","./assoc/200039_ENG.svg","./logo/53577.png","UEFA","ENG","53577","FAME","Leicester","","https://img.uefa.com/imgml/TP/teams/logos/70x70/53577.png","https://img.uefa.com/imgml/TP/teams/logos/240x240/53577.png","253577","LEI","DOMESTIC_MEN_TEAM_A","","DOMESTIC","Angleterre","Leicester","Leicester City FC","LEI","804","MINUTE","9","1","0","76.08","KILOMETER","28.3","KILOMETER_PER_HOUR"
"250070415","52758","30","1995-09-08","28","J. WEIGL","GER","DEFENSIVE_MIDFIELDER","MIDFIELDER","MALE","186","./image/250070415.jpg","Julian Weigl","MIDFIELDER","15","Weigl","47","71","Allemagne","Milieu","Julian","Weigl","Julian Weigl","Weigl","200047","./assoc/200047_GER.svg","./logo/52758.png","UEFA","GER","52758","FAME","B. Dortmund","","https://img.uefa.com/imgml/TP/teams/logos/70x70/52758.png","https://img.uefa.com/imgml/TP/teams/logos/240x240/52758.png","252758","BVB","DOMESTIC_MEN_TEAM_A","","DOMESTIC","Allemagne","B. Dortmund","Borussia Dortmund","BVB","799","MINUTE","9","1","0","103.39","KILOMETER","27.5","KILOMETER_PER_HOUR"
"250086333","50139","31","1993-11-15","21","DYBALA","ARG","STRIKER","FORWARD","MALE","177","./image/250086333.jpg","Paulo Dybala","FORWARD","21","Dybala","6","79","Argentine","Attaquant","Paulo","Dybala","Paulo Dybala","Dybala","200066","./assoc/200066_ITA.svg","./logo/50139.png","UEFA","ITA","50139","FAME","Juventus","","https://img.uefa.com/imgml/TP/teams/logos/70x70/50139.png","https://img.uefa.com/imgml/TP/teams/logos/240x240/50139.png","250139","JUV","DOMESTIC_MEN_TEAM_A","","DOMESTIC","Italie","Juventus","Juventus","JUV","797","MINUTE","11","4","0","95.36","KILOMETER","30.3","KILOMETER_PER_HOUR"
"250039508","50080","33","1992-02-05","10","Da Silva Santos Junior","BRA","UNKNOWN","FORWARD","MALE","175","./image/250039508.jpg","Neymar","FORWARD","10","Neymar","18","68","Brésil","Attaquant","","Neymar","Neymar","Neymar","200122","./assoc/200122_ESP.svg","./logo/50080.png","UEFA","ESP","50080","FAME","Barcelona","","https://img.uefa.com/imgml/TP/teams/logos/70x70/50080.png","https://img.uefa.com/imgml/TP/teams/logos/240x240/50080.png","250080","BAR","DOMESTIC_MEN_TEAM_A","","DOMESTIC","Espagne","Barcelona","FC Barcelona","BAR","797","MINUTE","9","4","8","86.31","KILOMETER","32","KILOMETER_PER_HOUR"
"250002096","50037","37","1988-08-21","9","Lewandowski","POL","STRIKER","FORWARD","MALE","184","./image/250002096.jpg","Robert Lewandowski","FORWARD","9","Lewandowski","109","78","Pologne","Attaquant","Robert","Lewandowski","Robert Lewandowski","Lewandowski","200047","./assoc/200047_GER.svg","./logo/50037.png","UEFA","GER","50037","FAME","Bayern München","","https://img.uefa.com/imgml/TP/teams/logos/70x70/50037.png","https://img.uefa.com/imgml/TP/teams/logos/240x240/50037.png","250037","BAY","DOMESTIC_MEN_TEAM_A","","DOMESTIC","Allemagne","Bayern München","FC Bayern München","BAY","794","MINUTE","9","8","1","88.15","KILOMETER","30.5","KILOMETER_PER_HOUR"
"1906776","50037","34","1991-04-11","6","Thiago","ESP","CENTRAL_MIDFIELDER","MIDFIELDER","MALE","172","./image/1906776.jpg","Thiago Alcántara","MIDFIELDER","10","Thiago","122","71","Espagne","Milieu","","Thiago Alcántara","Thiago Alcántara","Thiago Alcántara","200047","./assoc/200047_GER.svg","./logo/50037.png","UEFA","GER","50037","FAME","Bayern München","","https://img.uefa.com/imgml/TP/teams/logos/70x70/50037.png","https://img.uefa.com/imgml/TP/teams/logos/240x240/50037.png","250037","BAY","DOMESTIC_MEN_TEAM_A","","DOMESTIC","Allemagne","Bayern München","FC Bayern München","BAY","786","MINUTE","9","2","3","97.44","KILOMETER","29.1","KILOMETER_PER_HOUR"
"250070687","53577","34","1991-02-21","26","Mahrez","ALG","WINGER","MIDFIELDER","MALE","179","./image/250070687.jpg","Riyad Mahrez","MIDFIELDER","7","Mahrez","3","62","Algérie","Milieu","Riyad","Mahrez","Riyad Mahrez","Mahrez","200039","./assoc/200039_ENG.svg","./logo/53577.png","UEFA","ENG","53577","FAME","Leicester","","https://img.uefa.com/imgml/TP/teams/logos/70x70/53577.png","https://img.uefa.com/imgml/TP/teams/logos/240x240/53577.png","253577","LEI","DOMESTIC_MEN_TEAM_A","","DOMESTIC","Angleterre","Leicester","Leicester City FC","LEI","777","MINUTE","9","4","2","94.6","KILOMETER","28.9","KILOMETER_PER_HOUR"
"250082842","53577","38","1987-01-11","9","Vardy","ENG","STRIKER","FORWARD","MALE","178","./image/250082842.jpg","Jamie Vardy","FORWARD","11","Vardy","39","76","Angleterre","Attaquant","Jamie","Vardy","Jamie Vardy","Vardy","200039","./assoc/200039_ENG.svg","./logo/53577.png","UEFA","ENG","53577","FAME","Leicester","","https://img.uefa.com/imgml/TP/teams/logos/70x70/53577.png","https://img.uefa.com/imgml/TP/teams/logos/240x240/53577.png","253577","LEI","DOMESTIC_MEN_TEAM_A","","DOMESTIC","Angleterre","Leicester","Leicester City FC","LEI","772","MINUTE","9","2","0","85.45","KILOMETER","31.4","KILOMETER_PER_HOUR"
"250066886","52758","28","1997-05-15","10","O.DEMBÉLÉ","FRA","UNKNOWN","FORWARD","MALE","178","./image/250066886.jpg","Ousmane Dembélé","FORWARD","7","Dembele","43","67","France","Attaquant","Ousmane","Dembélé","Ousmane Dembélé","Dembélé","200047","./assoc/200047_GER.svg","./logo/52758.png","UEFA","GER","52758","FAME","B. Dortmund","","https://img.uefa.com/imgml/TP/teams/logos/70x70/52758.png","https://img.uefa.com/imgml/TP/teams/logos/240x240/52758.png","252758","BVB","DOMESTIC_MEN_TEAM_A","","DOMESTIC","Allemagne","B. Dortmund","Borussia Dortmund","BVB","769","MINUTE","10","2","5","92.6","KILOMETER","31.9","KILOMETER_PER_HOUR"
"1907475","53577","35","1989-11-18","11","Albrighton","ENG","WINGER","MIDFIELDER","MALE","174","./image/1907475.jpg","Marc Albrighton","MIDFIELDER","7","Albrighton","","67","Angleterre","Milieu","Marc","Albrighton","Marc Albrighton","Albrighton","200039","./assoc/200039_ENG.svg","./logo/53577.png","UEFA","ENG","53577","FAME","Leicester","","https://img.uefa.com/imgml/TP/teams/logos/70x70/53577.png","https://img.uefa.com/imgml/TP/teams/logos/240x240/53577.png","253577","LEI","DOMESTIC_MEN_TEAM_A","","DOMESTIC","Angleterre","Leicester","Leicester City FC","LEI","751","MINUTE","9","2","0","94.83","KILOMETER","31.4","KILOMETER_PER_HOUR"
"59142","50139","41","1984-08-14","3","Chiellini","ITA","CENTRE_BACK","DEFENDER","MALE","187","./image/59142.jpg","Giorgio Chiellini","DEFENDER","3","Chiellini","66","86","Italie","Défenseur","Giorgio","Chiellini","Giorgio Chiellini","Chiellini","200066","./assoc/200066_ITA.svg","./logo/50139.png","UEFA","ITA","50139","FAME","Juventus","","https://img.uefa.com/imgml/TP/teams/logos/70x70/50139.png","https://img.uefa.com/imgml/TP/teams/logos/240x240/50139.png","250139","JUV","DOMESTIC_MEN_TEAM_A","","DOMESTIC","Italie","Juventus","Juventus","JUV","723","MINUTE","9","1","0","85.41","KILOMETER","29.1","KILOMETER_PER_HOUR"
"1905813","52747","38","1987-02-14","21","Cavani","URU","STRIKER","FORWARD","MALE","184","./image/1905813.jpg","Edinson Cavani","FORWARD","21","Cavani","138","74","Uruguay","Attaquant","Edinson","Cavani","Edinson Cavani","Cavani","200043","./assoc/200043_FRA.svg","./logo/52747.png","UEFA","FRA","52747","FAME","Paris","","https://img.uefa.com/imgml/TP/teams/logos/70x70/52747.png","https://img.uefa.com/imgml/TP/teams/logos/240x240/52747.png","252747","PSG","DOMESTIC_MEN_TEAM_A","","DOMESTIC","France","Paris","Paris Saint-Germain","PSG","720","MINUTE","8","8","1","83.51","KILOMETER","31.9","KILOMETER_PER_HOUR"
"250022295","52714","36","1989-09-02","18","Escudero","ESP","FULL_BACK","DEFENDER","MALE","176","./image/250022295.jpg","Sergio Escudero","DEFENDER","","Escudero","122","65","Espagne","Défenseur","Sergio","Escudero","Sergio Escudero","Escudero","200122","./assoc/200122_ESP.svg","./logo/52714.png","UEFA","ESP","52714","FAME","Sevilla","","https://img.uefa.com/imgml/TP/teams/logos/70x70/52714.png","https://img.uefa.com/imgml/TP/teams/logos/240x240/52714.png","252714","SEV","DOMESTIC_MEN_TEAM_A","","DOMESTIC","Espagne","Sevilla","Sevilla FC","SEV","720","MINUTE","8","1","1","84.06","KILOMETER","28.8","KILOMETER_PER_HOUR"
"250012024","52714","36","1988-12-15","15","Nzonzi","FRA","UNKNOWN","MIDFIELDER","MALE","190","./image/250012024.jpg","Steven Nzonzi","MIDFIELDER","15","Nzonzi","43","75","France","Milieu","Steven","Nzonzi","Steven Nzonzi","Nzonzi","200122","./assoc/200122_ESP.svg","./logo/52714.png","UEFA","ESP","52714","FAME","Sevilla","","https://img.uefa.com/imgml/TP/teams/logos/70x70/52714.png","https://img.uefa.com/imgml/TP/teams/logos/240x240/52714.png","252714","SEV","DOMESTIC_MEN_TEAM_A","","DOMESTIC","Espagne","Sevilla","Sevilla FC","SEV","720","MINUTE","8","1","0","88.47","KILOMETER","29.8","KILOMETER_PER_HOUR"
"250086090","50147","31","1993-11-16","27","N. SEMEDO","POR","FULL_BACK","DEFENDER","MALE","177","./image/250086090.jpg","Nélson Semedo","DEFENDER","2","N. SEMEDO","110","65","Portugal","Défenseur","","Nélson Semedo","Nélson Semedo","Nélson Semedo","200110","./assoc/200110_POR.svg","./logo/50147.png","UEFA","POR","50147","FAME","Benfica","","https://img.uefa.com/imgml/TP/teams/logos/70x70/50147.png","https://img.uefa.com/imgml/TP/teams/logos/240x240/50147.png","250147","BEN","DOMESTIC_MEN_TEAM_A","","DOMESTIC","Portugal","Benfica","SL Benfica","BEN","720","MINUTE","8","1","0","80.26","KILOMETER","31.6","KILOMETER_PER_HOUR"
"250025961","50136","34","1991-02-01","31","Ghoulam","FRA","FULL_BACK","DEFENDER","MALE","188","./image/250025961.jpg","Faouzi Ghoulam","DEFENDER","3","Ghoulam","3","80","France","Défenseur","Faouzi","Ghoulam","Faouzi Ghoulam","Ghoulam","200066","./assoc/200066_ITA.svg","./logo/50136.png","UEFA","ITA","50136","FAME","Napoli","","https://img.uefa.com/imgml/TP/teams/logos/70x70/50136.png","https://img.uefa.com/imgml/TP/teams/logos/240x240/50136.png","250136","NAP","DOMESTIC_MEN_TEAM_A","","DOMESTIC","Italie","Napoli","SSC Napoli","NAP","720","MINUTE","8","0","3","84.52","KILOMETER","30","KILOMETER_PER_HOUR"
"250075765","50147","36","1989-10-06","21","PIZZI","POR","CENTRAL_MIDFIELDER","MIDFIELDER","MALE","172","./image/250075765.jpg","Pizzi","MIDFIELDER","15","Pizzi","110","66","Portugal","Milieu","","Pizzi","Pizzi","Pizzi","200110","./assoc/200110_POR.svg","./logo/50147.png","UEFA","POR","50147","FAME","Benfica","","https://img.uefa.com/imgml/TP/teams/logos/70x70/50147.png","https://img.uefa.com/imgml/TP/teams/logos/240x240/50147.png","250147","BEN","DOMESTIC_MEN_TEAM_A","","DOMESTIC","Portugal","Benfica","SL Benfica","BEN","720","MINUTE","8","0","0","90.88","KILOMETER","28","KILOMETER_PER_HOUR"
"250025886","50136","34","1991-06-20","26","Koulibaly","SEN","CENTRE_BACK","DEFENDER","MALE","195","./image/250025886.jpg","Kalidou Koulibaly","DEFENDER","3","Koulibaly","118","89","Sénégal","Défenseur","Kalidou","Koulibaly","Kalidou Koulibaly","Koulibaly","200066","./assoc/200066_ITA.svg","./logo/50136.png","UEFA","ITA","50136","FAME","Napoli","","https://img.uefa.com/imgml/TP/teams/logos/70x70/50136.png","https://img.uefa.com/imgml/TP/teams/logos/240x240/50136.png","250136","NAP","DOMESTIC_MEN_TEAM_A","","DOMESTIC","Italie","Napoli","SSC Napoli","NAP","720","MINUTE","8","0","0","78.44","KILOMETER","31.2","KILOMETER_PER_HOUR"
"250014003","50080","31","1993-11-14","14","UMTITI","FRA","CENTRE_BACK","DEFENDER","MALE","180","./image/250014003.jpg","Samuel Umtiti","DEFENDER","5","Umtiti","43","75","France","Défenseur","Samuel","Umtiti","Samuel Umtiti","Umtiti","200122","./assoc/200122_ESP.svg","./logo/50080.png","UEFA","ESP","50080","FAME","Barcelona","","https://img.uefa.com/imgml/TP/teams/logos/70x70/50080.png","https://img.uefa.com/imgml/TP/teams/logos/240x240/50080.png","250080","BAR","DOMESTIC_MEN_TEAM_A","","DOMESTIC","Espagne","Barcelona","FC Barcelona","BAR","720","MINUTE","8","0","0","77.01","KILOMETER","29.7","KILOMETER_PER_HOUR"
"250003525","50064","38","1987-06-23","5","Marcano","ESP","CENTRE_BACK","DEFENDER","MALE","189","./image/250003525.jpg","Iván Marcano","DEFENDER","16","Marcano","200122","80","Espagne","Défenseur","Iván","Marcano","Iván Marcano","Marcano","200110","./assoc/200110_POR.svg","./logo/50064.png","UEFA","POR","50064","FAME","Porto","","https://img.uefa.com/imgml/TP/teams/logos/70x70/50064.png","https://img.uefa.com/imgml/TP/teams/logos/240x240/50064.png","250064","POR","DOMESTIC_MEN_TEAM_A","","DOMESTIC","Portugal","Porto","FC Porto","POR","720","MINUTE","8","0","0","75.19","KILOMETER","29.1","KILOMETER_PER_HOUR"
"250064064","52747","31","1994-05-14","5","MARQUINHOS","BRA","CENTRE_BACK","DEFENDER","MALE","183","./image/250064064.jpg","Marquinhos","DEFENDER","4","Marquinhos","18","75","Brésil","Défenseur","","Marquinhos","Marquinhos","Marquinhos","200043","./assoc/200043_FRA.svg","./logo/52747.png","UEFA","FRA","52747","FAME","Paris","","https://img.uefa.com/imgml/TP/teams/logos/70x70/52747.png","https://img.uefa.com/imgml/TP/teams/logos/240x240/52747.png","252747","PSG","DOMESTIC_MEN_TEAM_A","","DOMESTIC","France","Paris","Paris Saint-Germain","PSG","720","MINUTE","8","0","0","74.97","KILOMETER","30.6","KILOMETER_PER_HOUR"
"250055905","50147","31","1994-07-17","3","Lindelöf","SWE","CENTRE_BACK","DEFENDER","MALE","187","./image/250055905.jpg","Victor Lindelöf","DEFENDER","3","Lindelöf","127","80","Suède","Défenseur","Victor","Lindelöf","Victor Lindelöf","Lindelöf","200110","./assoc/200110_POR.svg","./logo/50147.png","UEFA","POR","50147","FAME","Benfica","","https://img.uefa.com/imgml/TP/teams/logos/70x70/50147.png","https://img.uefa.com/imgml/TP/teams/logos/240x240/50147.png","250147","BEN","DOMESTIC_MEN_TEAM_A","","DOMESTIC","Portugal","Benfica","SL Benfica","BEN","720","MINUTE","8","0","0","74.64","KILOMETER","30.9","KILOMETER_PER_HOUR"
"250100014","50064","36","1989-05-16","18","Felipe","BRA","UNKNOWN","DEFENDER","MALE","190","./image/250100014.jpg","Felipe","DEFENDER","","Felipe","","77","Brésil","Défenseur","","Felipe","Felipe","Felipe","200110","./assoc/200110_POR.svg","./logo/50064.png","UEFA","POR","50064","FAME","Porto","","https://img.uefa.com/imgml/TP/teams/logos/70x70/50064.png","https://img.uefa.com/imgml/TP/teams/logos/240x240/50064.png","250064","POR","DOMESTIC_MEN_TEAM_A","","DOMESTIC","Portugal","Porto","FC Porto","POR","720","MINUTE","8","0","0","73.82","KILOMETER","30.3","KILOMETER_PER_HOUR"
"66551","53577","41","1984-08-18","6","Huth","GER","UNKNOWN","DEFENDER","MALE","191","./image/66551.jpg","Robert Huth","DEFENDER","","Huth","","88","Allemagne","Défenseur","Robert","Huth","Robert Huth","Huth","200039","./assoc/200039_ENG.svg","./logo/53577.png","UEFA","ENG","53577","FAME","Leicester","","https://img.uefa.com/imgml/TP/teams/logos/70x70/53577.png","https://img.uefa.com/imgml/TP/teams/logos/240x240/53577.png","253577","LEI","DOMESTIC_MEN_TEAM_A","","DOMESTIC","Angleterre","Leicester","Leicester City FC","LEI","720","MINUTE","8","0","0","68.41","KILOMETER","28.7","KILOMETER_PER_HOUR"
"1904011","52758","34","1990-11-14","38","Bürki","SUI","GOALKEEPER","GOALKEEPER","MALE","187","./image/1904011.jpg","Roman Bürki","GOALKEEPER","21","Bürki","128","85","Suisse","Gardien","Roman","Bürki","Roman Bürki","Bürki","200047","./assoc/200047_GER.svg","./logo/52758.png","UEFA","GER","52758","FAME","B. Dortmund","","https://img.uefa.com/imgml/TP/teams/logos/70x70/52758.png","https://img.uefa.com/imgml/TP/teams/logos/240x240/52758.png","252758","BVB","DOMESTIC_MEN_TEAM_A","","DOMESTIC","Allemagne","B. Dortmund","Borussia Dortmund","BVB","720","MINUTE","8","0","0","38.83","KILOMETER","24.3","KILOMETER_PER_HOUR"
"250062440","52714","32","1993-09-01","16","Rico","ESP","GOALKEEPER","GOALKEEPER","MALE","195","./image/250062440.jpg","Sergio Rico","GOALKEEPER","13","Sergio Rico","122","90","Espagne","Gardien","Sergio","Rico","Sergio Rico","Rico","200122","./assoc/200122_ESP.svg","./logo/52714.png","UEFA","ESP","52714","FAME","Sevilla","","https://img.uefa.com/imgml/TP/teams/logos/70x70/52714.png","https://img.uefa.com/imgml/TP/teams/logos/240x240/52714.png","252714","SEV","DOMESTIC_MEN_TEAM_A","","DOMESTIC","Espagne","Sevilla","Sevilla FC","SEV","720","MINUTE","8","0","0","35.6","KILOMETER","22.8","KILOMETER_PER_HOUR"
"48716","50136","43","1982-08-31","1","","ESP","GOALKEEPER","","MALE","188","./image/48716.jpg","Pepe Reina","GOALKEEPER","23","Reina","122","86","Espagne","","Pepe","Reina","Pepe Reina","Reina","200066","./assoc/200066_ITA.svg","./logo/50136.png","UEFA","ITA","50136","FAME","Napoli","","https://img.uefa.com/imgml/TP/teams/logos/70x70/50136.png","https://img.uefa.com/imgml/TP/teams/logos/240x240/50136.png","250136","NAP","DOMESTIC_MEN_TEAM_A","","DOMESTIC","Italie","Napoli","SSC Napoli","NAP","720","MINUTE","8","0","0","35.02","KILOMETER","29.1","KILOMETER_PER_HOUR"
"74954","53577","38","1986-11-05","1","Schmeichel","DEN","GOALKEEPER","GOALKEEPER","MALE","185","./image/74954.jpg","Kasper Schmeichel","GOALKEEPER","1","Schmeichel","35","76","Danemark","Gardien","Kasper","Schmeichel","Kasper Schmeichel","Schmeichel","200039","./assoc/200039_ENG.svg","./logo/53577.png","UEFA","ENG","53577","FAME","Leicester","","https://img.uefa.com/imgml/TP/teams/logos/70x70/53577.png","https://img.uefa.com/imgml/TP/teams/logos/240x240/53577.png","253577","LEI","DOMESTIC_MEN_TEAM_A","","DOMESTIC","Angleterre","Leicester","Leicester City FC","LEI","720","MINUTE","8","0","0","33.81","KILOMETER","24.9","KILOMETER_PER_HOUR"
"250122327","52280","37","1988-08-31","25","OSPINA","COL","GOALKEEPER","GOALKEEPER","MALE","183","https://img.uefa.com/imgml/TP/players/1/2017/324x324/250122327.jpg","David Ospina","GOALKEEPER","1","Ospina","29","80","Colombie","Gardien","David","Ospina","David Ospina","Ospina","200039","./assoc/200039_ENG.svg","./logo/52280.png","UEFA","ENG","52280","FAME","Arsenal","","https://img.uefa.com/imgml/TP/teams/logos/70x70/52280.png","https://img.uefa.com/imgml/TP/teams/logos/240x240/52280.png","252280","ARS","DOMESTIC_MEN_TEAM_A","","DOMESTIC","Angleterre","Arsenal","Arsenal FC","ARS","720","MINUTE","8","0","0","31.32","KILOMETER","26.3","KILOMETER_PER_HOUR"
"34694","50064","44","1981-05-20","1","I. Casillas","ESP","GOALKEEPER","GOALKEEPER","MALE","185","./image/34694.jpg","Iker Casillas","GOALKEEPER","1","I. Casillas","122","84","Espagne","Gardien","Iker","Casillas","Iker Casillas","Casillas","200110","./assoc/200110_POR.svg","./logo/50064.png","UEFA","POR","50064","FAME","Porto","","https://img.uefa.com/imgml/TP/teams/logos/70x70/50064.png","https://img.uefa.com/imgml/TP/teams/logos/240x240/50064.png","250064","POR","DOMESTIC_MEN_TEAM_A","","DOMESTIC","Portugal","Porto","FC Porto","POR","720","MINUTE","8","0","0","26.29","KILOMETER","23.4","KILOMETER_PER_HOUR"
"74055","50139","44","1981-05-08","15","Barzagli","ITA","CENTRE_BACK","DEFENDER","MALE","187","./image/74055.jpg","Andrea Barzagli","DEFENDER","15","Barzagli","66","87","Italie","Défenseur","Andrea","Barzagli","Andrea Barzagli","Barzagli","200066","./assoc/200066_ITA.svg","./logo/50139.png","UEFA","ITA","50139","FAME","Juventus","","https://img.uefa.com/imgml/TP/teams/logos/70x70/50139.png","https://img.uefa.com/imgml/TP/teams/logos/240x240/50139.png","250139","JUV","DOMESTIC_MEN_TEAM_A","","DOMESTIC","Italie","Juventus","Juventus","JUV","715","MINUTE","11","0","0","82.47","KILOMETER","30.5","KILOMETER_PER_HOUR"
"1906016","50037","38","1987-05-22","22","Vidal","CHI","UNKNOWN","MIDFIELDER","MALE","180","./image/1906016.jpg","Arturo Vidal","MIDFIELDER","8","Vidal","26","75","Chili","Milieu","Arturo","Vidal","Arturo Vidal","Vidal","200047","./assoc/200047_GER.svg","./logo/50037.png","UEFA","GER","50037","FAME","Bayern München","","https://img.uefa.com/imgml/TP/teams/logos/70x70/50037.png","https://img.uefa.com/imgml/TP/teams/logos/240x240/50037.png","250037","BAY","DOMESTIC_MEN_TEAM_A","","DOMESTIC","Allemagne","Bayern München","FC Bayern München","BAY","714","MINUTE","8","3","0","86.5","KILOMETER","27","KILOMETER_PER_HOUR"
"250011037","52758","36","1989-06-18","97","Aubameyang","GAB","STRIKER","FORWARD","MALE","185","./image/250011037.jpg","Pierre-Emerick Aubameyang","FORWARD","","Aubameyang","","74","Gabon","Attaquant","Pierre-Emerick","Aubameyang","Pierre-Emerick Aubameyang","Aubameyang","200047","./assoc/200047_GER.svg","./logo/52758.png","UEFA","GER","52758","FAME","B. Dortmund","","https://img.uefa.com/imgml/TP/teams/logos/70x70/52758.png","https://img.uefa.com/imgml/TP/teams/logos/240x240/52758.png","252758","BVB","DOMESTIC_MEN_TEAM_A","","DOMESTIC","Allemagne","B. Dortmund","Borussia Dortmund","BVB","708","MINUTE","9","7","1","73.53","KILOMETER","31","KILOMETER_PER_HOUR"
"250014528","50064","34","1991-09-09","15","DANILO","POR","DEFENSIVE_MIDFIELDER","MIDFIELDER","MALE","188","./image/250014528.jpg","Danilo","MIDFIELDER","13","Danilo","110","83","Portugal","Milieu","","Danilo","Danilo","Danilo","200110","./assoc/200110_POR.svg","./logo/50064.png","UEFA","POR","50064","FAME","Porto","","https://img.uefa.com/imgml/TP/teams/logos/70x70/50064.png","https://img.uefa.com/imgml/TP/teams/logos/240x240/50064.png","250064","POR","DOMESTIC_MEN_TEAM_A","","DOMESTIC","Portugal","Porto","FC Porto","POR","706","MINUTE","8","0","0","83.77","KILOMETER","30.1","KILOMETER_PER_HOUR"
"250062154","52714","35","1989-11-02","20","VITOLO","ESP","WINGER","MIDFIELDER","MALE","183","./image/250062154.jpg","Vitolo","MIDFIELDER","11","Vitolo","122","79","Espagne","Milieu","","Vitolo","Vitolo","Vitolo","200122","./assoc/200122_ESP.svg","./logo/52714.png","UEFA","ESP","52714","FAME","Sevilla","","https://img.uefa.com/imgml/TP/teams/logos/70x70/52714.png","https://img.uefa.com/imgml/TP/teams/logos/240x240/52714.png","252714","SEV","DOMESTIC_MEN_TEAM_A","","DOMESTIC","Espagne","Sevilla","Sevilla FC","SEV","705","MINUTE","8","0","1","89.46","KILOMETER","29.3","KILOMETER_PER_HOUR"
"103546","52747","38","1987-04-09","14","Matuidi","FRA","DEFENSIVE_MIDFIELDER","MIDFIELDER","MALE","175","./image/103546.jpg","Blaise Matuidi","MIDFIELDER","14","Matuidi","43","70","France","Milieu","Blaise","Matuidi","Blaise Matuidi","Matuidi","200043","./assoc/200043_FRA.svg","./logo/52747.png","UEFA","FRA","52747","FAME","Paris","","https://img.uefa.com/imgml/TP/teams/logos/70x70/52747.png","https://img.uefa.com/imgml/TP/teams/logos/240x240/52747.png","252747","PSG","DOMESTIC_MEN_TEAM_A","","DOMESTIC","France","Paris","Paris Saint-Germain","PSG","700","MINUTE","8","2","1","89.64","KILOMETER","31","KILOMETER_PER_HOUR"
"1905868","50136","38","1987-02-11","7","Callejon","ESP","STRIKER","FORWARD","MALE","178","./image/1905868.jpg","José Callejón","FORWARD","7","Callejón","122","73","Espagne","Attaquant","José","Callejón","José Callejón","Callejón","200066","./assoc/200066_ITA.svg","./logo/50136.png","UEFA","ITA","50136","FAME","Napoli","","https://img.uefa.com/imgml/TP/teams/logos/70x70/50136.png","https://img.uefa.com/imgml/TP/teams/logos/240x240/50136.png","250136","NAP","DOMESTIC_MEN_TEAM_A","","DOMESTIC","Italie","Napoli","SSC Napoli","NAP","700","MINUTE","8","1","1","84.55","KILOMETER","31","KILOMETER_PER_HOUR"
"250002704","50080","37","1988-07-16","5","Sergio","ESP","DEFENSIVE_MIDFIELDER","MIDFIELDER","MALE","189","./image/250002704.jpg","Sergio Busquets","MIDFIELDER","5","Sergio","122","76","Espagne","Milieu","","Sergio Busquets","Sergio Busquets","Sergio Busquets","200122","./assoc/200122_ESP.svg","./logo/50080.png","UEFA","ESP","50080","FAME","Barcelona","","https://img.uefa.com/imgml/TP/teams/logos/70x70/50080.png","https://img.uefa.com/imgml/TP/teams/logos/240x240/50080.png","250080","BAR","DOMESTIC_MEN_TEAM_A","","DOMESTIC","Espagne","Barcelona","FC Barcelona","BAR","691","MINUTE","8","0","0","83.08","KILOMETER","29.3","KILOMETER_PER_HOUR"
"1902467","50023","41","1984-06-24","24","Raggi","ITA","UNKNOWN","DEFENDER","MALE","187","./image/1902467.jpg","Andrea Raggi","DEFENDER","17","Raggi","","82","Italie","Défenseur","Andrea","Raggi","Andrea Raggi","Raggi","200043","./assoc/200043_FRA.svg","./logo/50023.png","UEFA","FRA","50023","FAME","Monaco","","https://img.uefa.com/imgml/TP/teams/logos/70x70/50023.png","https://img.uefa.com/imgml/TP/teams/logos/240x240/50023.png","250023","MON","DOMESTIC_MEN_TEAM_A","","DOMESTIC","France","Monaco","AS Monaco","MON","682","MINUTE","11","0","1","73.95","KILOMETER","30.3","KILOMETER_PER_HOUR"
"106587","50037","36","1988-12-16","15","Hummels","GER","CENTRE_BACK","DEFENDER","MALE","191","./image/106587.jpg","Mats Hummels","DEFENDER","5","Hummels","47","92","Allemagne","Défenseur","Mats","Hummels","Mats Hummels","Hummels","200047","./assoc/200047_GER.svg","./logo/50037.png","UEFA","GER","50037","FAME","Bayern München","","https://img.uefa.com/imgml/TP/teams/logos/70x70/50037.png","https://img.uefa.com/imgml/TP/teams/logos/240x240/50037.png","250037","BAY","DOMESTIC_MEN_TEAM_A","","DOMESTIC","Allemagne","Bayern München","FC Bayern München","BAY","681","MINUTE","9","0","0","69.01","KILOMETER","28.4","KILOMETER_PER_HOUR"
"74029","52758","40","1985-06-03","26","","POL","FULL_BACK","","MALE","184","./image/74029.jpg","Łukasz Piszczek","DEFENDER","20","Piszczek","109","79","Pologne","","Łukasz","Piszczek","Łukasz Piszczek","Piszczek","200047","./assoc/200047_GER.svg","./logo/52758.png","UEFA","GER","52758","FAME","B. Dortmund","","https://img.uefa.com/imgml/TP/teams/logos/70x70/52758.png","https://img.uefa.com/imgml/TP/teams/logos/240x240/52758.png","252758","BVB","DOMESTIC_MEN_TEAM_A","","DOMESTIC","Allemagne","B. Dortmund","Borussia Dortmund","BVB","673","MINUTE","9","0","1","81.36","KILOMETER","30.1","KILOMETER_PER_HOUR"
"250011928","50023","39","1986-02-10","9","Falcao","COL","UNKNOWN","FORWARD","MALE","177","./image/250011928.jpg","Radamel Falcao","FORWARD","","Falcao","29","73","Colombie","Attaquant","Radamel","Falcao","Radamel Falcao","Falcao","200043","./assoc/200043_FRA.svg","./logo/50023.png","UEFA","FRA","50023","FAME","Monaco","","https://img.uefa.com/imgml/TP/teams/logos/70x70/50023.png","https://img.uefa.com/imgml/TP/teams/logos/240x240/50023.png","250023","MON","DOMESTIC_MEN_TEAM_A","","DOMESTIC","France","Monaco","AS Monaco","MON","666","MINUTE","8","5","0","75.53","KILOMETER","31.2","KILOMETER_PER_HOUR"
"250003528","52280","36","1988-12-19","70","Alexis","CHI","STRIKER","FORWARD","MALE","168","./image/250003528.jpg","Alexis Sánchez","FORWARD","10","Alexis","26","62","Chili","Attaquant","","Alexis Sánchez","Alexis Sánchez","Alexis Sánchez","200039","./assoc/200039_ENG.svg","./logo/52280.png","UEFA","ENG","52280","FAME","Arsenal","","https://img.uefa.com/imgml/TP/teams/logos/70x70/52280.png","https://img.uefa.com/imgml/TP/teams/logos/240x240/52280.png","252280","ARS","DOMESTIC_MEN_TEAM_A","","DOMESTIC","Angleterre","Arsenal","Arsenal FC","ARS","665","MINUTE","8","3","3","64.16","KILOMETER","30.1","KILOMETER_PER_HOUR"
"63033","50037","41","1983-11-11","21","Lahm","GER","UNKNOWN","DEFENDER","MALE","170","./image/63033.jpg","Philipp Lahm","DEFENDER","16","Lahm","","62","Allemagne","Défenseur","Philipp","Lahm","Philipp Lahm","Lahm","200047","./assoc/200047_GER.svg","./logo/50037.png","UEFA","GER","50037","FAME","Bayern München","","https://img.uefa.com/imgml/TP/teams/logos/70x70/50037.png","https://img.uefa.com/imgml/TP/teams/logos/240x240/50037.png","250037","BAY","DOMESTIC_MEN_TEAM_A","","DOMESTIC","Allemagne","Bayern München","FC Bayern München","BAY","660","MINUTE","7","0","1","75.48","KILOMETER","30.3","KILOMETER_PER_HOUR"
"73965","50136","38","1987-07-27","17","Hamsik","SVK","ATTACKING_MIDFIELDER","MIDFIELDER","MALE","183","./image/73965.jpg","Marek Hamšík","","17","","58836","79","Slovaquie","Milieu","Marek","Hamšík","Marek Hamšík","Hamšík","200066","./assoc/200066_ITA.svg","./logo/50136.png","UEFA","ITA","50136","FAME","Napoli","","https://img.uefa.com/imgml/TP/teams/logos/70x70/50136.png","https://img.uefa.com/imgml/TP/teams/logos/240x240/50136.png","250136","NAP","DOMESTIC_MEN_TEAM_A","","DOMESTIC","Italie","Napoli","SSC Napoli","NAP","652","MINUTE","8","2","2","86.52","KILOMETER","29.6","KILOMETER_PER_HOUR"
"250017851","50109","37","1988-06-01","14","Chicharito","MEX","STRIKER","FORWARD","MALE","175","./image/250017851.jpg","Javier Hernández","FORWARD","14","CHICHARITO","91","71","Mexique","Attaquant","Javier","Hernández","Javier Hernández","Hernández","200047","./assoc/200047_GER.svg","./logo/50109.png","UEFA","GER","50109","FAME","Leverkusen","","https://img.uefa.com/imgml/TP/teams/logos/70x70/50109.png","https://img.uefa.com/imgml/TP/teams/logos/240x240/50109.png","250109","LEV","DOMESTIC_MEN_TEAM_A","","DOMESTIC","Allemagne","Leverkusen","Bayer 04 Leverkusen","LEV","652","MINUTE","8","1","0","71.68","KILOMETER","29.6","KILOMETER_PER_HOUR"
"93148","50080","38","1987-02-02","3","Piqué","ESP","CENTRE_BACK","DEFENDER","MALE","193","./image/93148.jpg","Gerard Piqué","DEFENDER","3","Piqué","122","85","Espagne","Défenseur","Gerard","Piqué","Gerard Piqué","Piqué","200122","./assoc/200122_ESP.svg","./logo/50080.png","UEFA","ESP","50080","FAME","Barcelona","","https://img.uefa.com/imgml/TP/teams/logos/70x70/50080.png","https://img.uefa.com/imgml/TP/teams/logos/240x240/50080.png","250080","BAR","DOMESTIC_MEN_TEAM_A","","DOMESTIC","Espagne","Barcelona","FC Barcelona","BAR","651","MINUTE","8","1","0","69.91","KILOMETER","30.1","KILOMETER_PER_HOUR"
"250018623","52280","40","1985-09-10","6","Koscielny","FRA","CENTRE_BACK","DEFENDER","MALE","186","./image/250018623.jpg","Laurent Koscielny","DEFENDER","21","Koscielny","43","75","France","Défenseur","Laurent","Koscielny","Laurent Koscielny","Koscielny","200039","./assoc/200039_ENG.svg","./logo/52280.png","UEFA","ENG","52280","FAME","Arsenal","","https://img.uefa.com/imgml/TP/teams/logos/70x70/52280.png","https://img.uefa.com/imgml/TP/teams/logos/240x240/52280.png","252280","ARS","DOMESTIC_MEN_TEAM_A","","DOMESTIC","Angleterre","Arsenal","Arsenal FC","ARS","642","MINUTE","8","0","0","69.97","KILOMETER","30.1","KILOMETER_PER_HOUR"
"104264","50080","41","1984-06-08","14","Mascherano","ARG","UNKNOWN","DEFENDER","MALE","174","./image/104264.jpg","Javier Mascherano","DEFENDER","14","Mascherano","6","73","Argentine","Défenseur","Javier","Mascherano","Javier Mascherano","Mascherano","200122","./assoc/200122_ESP.svg","./logo/50080.png","UEFA","ESP","50080","FAME","Barcelona","","https://img.uefa.com/imgml/TP/teams/logos/70x70/50080.png","https://img.uefa.com/imgml/TP/teams/logos/240x240/50080.png","250080","BAR","DOMESTIC_MEN_TEAM_A","","DOMESTIC","Espagne","Barcelona","FC Barcelona","BAR","642","MINUTE","8","0","0","68.76","KILOMETER","29.1","KILOMETER_PER_HOUR"
"57134","50037","41","1984-01-23","10","Robben","NED","UNKNOWN","MIDFIELDER","MALE","181","./image/57134.jpg","Arjen Robben","FORWARD","11","Robben","95","80","Pays-Bas","Milieu","Arjen","Robben","Arjen Robben","Robben","200047","./assoc/200047_GER.svg","./logo/50037.png","UEFA","GER","50037","FAME","Bayern München","","https://img.uefa.com/imgml/TP/teams/logos/70x70/50037.png","https://img.uefa.com/imgml/TP/teams/logos/240x240/50037.png","250037","BAY","DOMESTIC_MEN_TEAM_A","","DOMESTIC","Allemagne","Bayern München","FC Bayern München","BAY","634","MINUTE","8","3","1","70.64","KILOMETER","30.3","KILOMETER_PER_HOUR"
"250006092","50080","33","1992-02-07","20","S. Roberto","ESP","FULL_BACK","MIDFIELDER","MALE","177","./image/250006092.jpg","Sergi Roberto","DEFENDER","10","S. Roberto","122","71","Espagne","Milieu","","Sergi Roberto","Sergi Roberto","Sergi Roberto","200122","./assoc/200122_ESP.svg","./logo/50080.png","UEFA","ESP","50080","FAME","Barcelona","","https://img.uefa.com/imgml/TP/teams/logos/70x70/50080.png","https://img.uefa.com/imgml/TP/teams/logos/240x240/50080.png","250080","BAR","DOMESTIC_MEN_TEAM_A","","DOMESTIC","Espagne","Barcelona","FC Barcelona","BAR","632","MINUTE","8","1","0","81.04","KILOMETER","30.6","KILOMETER_PER_HOUR"
"1909693","52714","39","1985-12-27","23","Rami","FRA","CENTRE_BACK","DEFENDER","MALE","190","./image/1909693.jpg","Adil Rami","DEFENDER","17","Rami","43","90","France","Défenseur","Adil","Rami","Adil Rami","Rami","200122","./assoc/200122_ESP.svg","./logo/52714.png","UEFA","ESP","52714","FAME","Sevilla","","https://img.uefa.com/imgml/TP/teams/logos/70x70/52714.png","https://img.uefa.com/imgml/TP/teams/logos/240x240/52714.png","252714","SEV","DOMESTIC_MEN_TEAM_A","","DOMESTIC","Espagne","Sevilla","Sevilla FC","SEV","630","MINUTE","7","0","0","72.51","KILOMETER","28.3","KILOMETER_PER_HOUR"
"250023520","50136","31","1994-02-02","23","Hysaj","ALB","FULL_BACK","DEFENDER","MALE","182","./image/250023520.jpg","Elseid Hysaj","DEFENDER","4","Hysaj","2","70","Albanie","Défenseur","Elseid","Hysaj","Elseid Hysaj","Hysaj","200066","./assoc/200066_ITA.svg","./logo/50136.png","UEFA","ITA","50136","FAME","Napoli","","https://img.uefa.com/imgml/TP/teams/logos/70x70/50136.png","https://img.uefa.com/imgml/TP/teams/logos/240x240/50136.png","250136","NAP","DOMESTIC_MEN_TEAM_A","","DOMESTIC","Italie","Napoli","SSC Napoli","NAP","630","MINUTE","7","0","0","72.36","KILOMETER","30.1","KILOMETER_PER_HOUR"
"250007624","52280","33","1992-04-17","20","Mustafi","GER","CENTRE_BACK","DEFENDER","MALE","184","./image/250007624.jpg","Shkodran Mustafi","","2","","47","82","Allemagne","Défenseur","Shkodran","Mustafi","Shkodran Mustafi","Mustafi","200039","./assoc/200039_ENG.svg","./logo/52280.png","UEFA","ENG","52280","FAME","Arsenal","","https://img.uefa.com/imgml/TP/teams/logos/70x70/52280.png","https://img.uefa.com/imgml/TP/teams/logos/240x240/52280.png","252280","ARS","DOMESTIC_MEN_TEAM_A","","DOMESTIC","Angleterre","Arsenal","Arsenal FC","ARS","630","MINUTE","7","0","0","69.12","KILOMETER","29.8","KILOMETER_PER_HOUR"
"250007620","50109","33","1992-03-04","1","Leno","GER","GOALKEEPER","GOALKEEPER","MALE","190","./image/250007620.jpg","Bernd Leno","GOALKEEPER","12","Leno","47","83","Allemagne","Gardien","Bernd","Leno","Bernd Leno","Leno","200047","./assoc/200047_GER.svg","./logo/50109.png","UEFA","GER","50109","FAME","Leverkusen","","https://img.uefa.com/imgml/TP/teams/logos/70x70/50109.png","https://img.uefa.com/imgml/TP/teams/logos/240x240/50109.png","250109","LEV","DOMESTIC_MEN_TEAM_A","","DOMESTIC","Allemagne","Leverkusen","Bayer 04 Leverkusen","LEV","630","MINUTE","7","0","0","33.96","KILOMETER","22","KILOMETER_PER_HOUR"
"250073809","50147","32","1993-08-17","31","EDERSON M.","BRA","UNKNOWN","GOALKEEPER","MALE","188","./image/250073809.jpg","Ederson","GOALKEEPER","23","EDERSON","18","81","Brésil","Gardien","","Ederson","Ederson","Ederson","200110","./assoc/200110_POR.svg","./logo/50147.png","UEFA","POR","50147","FAME","Benfica","","https://img.uefa.com/imgml/TP/teams/logos/70x70/50147.png","https://img.uefa.com/imgml/TP/teams/logos/240x240/50147.png","250147","BEN","DOMESTIC_MEN_TEAM_A","","DOMESTIC","Portugal","Benfica","SL Benfica","BEN","630","MINUTE","7","0","0","29.35","KILOMETER","26.7","KILOMETER_PER_HOUR"
"70098","50023","39","1986-09-08","8","J. Moutinho","POR","CENTRAL_MIDFIELDER","MIDFIELDER","MALE","171","./image/70098.jpg","João Moutinho","MIDFIELDER","8","J. Moutinho","110","61","Portugal","Milieu","João","Moutinho","João Moutinho","João Moutinho","200043","./assoc/200043_FRA.svg","./logo/50023.png","UEFA","FRA","50023","FAME","Monaco","","https://img.uefa.com/imgml/TP/teams/logos/70x70/50023.png","https://img.uefa.com/imgml/TP/teams/logos/240x240/50023.png","250023","MON","DOMESTIC_MEN_TEAM_A","","DOMESTIC","France","Monaco","AS Monaco","MON","629","MINUTE","11","0","1","76.46","KILOMETER","27.6","KILOMETER_PER_HOUR"
"250015755","50147","35","1990-07-13","18","Salvio","ARG","WINGER","MIDFIELDER","MALE","173","./image/250015755.jpg","Eduardo Salvio","MIDFIELDER","","Salvio","6","71","Argentine","Milieu","Eduardo","Salvio","Eduardo Salvio","Salvio","200110","./assoc/200110_POR.svg","./logo/50147.png","UEFA","POR","50147","FAME","Benfica","","https://img.uefa.com/imgml/TP/teams/logos/70x70/50147.png","https://img.uefa.com/imgml/TP/teams/logos/240x240/50147.png","250147","BEN","DOMESTIC_MEN_TEAM_A","","DOMESTIC","Portugal","Benfica","SL Benfica","BEN","628","MINUTE","8","3","4","81.97","KILOMETER","30.3","KILOMETER_PER_HOUR"
"103697","52280","36","1988-10-15","10","ÖZİL","GER","ATTACKING_MIDFIELDER","MIDFIELDER","MALE","180","./image/103697.jpg","Mesut Özil","MIDFIELDER","10","Özil","47","76","Allemagne","Milieu","Mesut","Özil","Mesut Özil","Özil","200039","./assoc/200039_ENG.svg","./logo/52280.png","UEFA","ENG","52280","FAME","Arsenal","","https://img.uefa.com/imgml/TP/teams/logos/70x70/52280.png","https://img.uefa.com/imgml/TP/teams/logos/240x240/52280.png","252280","ARS","DOMESTIC_MEN_TEAM_A","","DOMESTIC","Angleterre","Arsenal","Arsenal FC","ARS","627","MINUTE","8","4","3","72.54","KILOMETER","32.1","KILOMETER_PER_HOUR"
"250014636","50109","35","1990-10-09","44","Kampl","SVN","CENTRAL_MIDFIELDER","MIDFIELDER","MALE","180","./image/250014636.jpg","Kevin Kampl","MIDFIELDER","10","Kampl","57163","67","Slovénie","Milieu","Kevin","Kampl","Kevin Kampl","Kampl","200047","./assoc/200047_GER.svg","./logo/50109.png","UEFA","GER","50109","FAME","Leverkusen","","https://img.uefa.com/imgml/TP/teams/logos/70x70/50109.png","https://img.uefa.com/imgml/TP/teams/logos/240x240/50109.png","250109","LEV","DOMESTIC_MEN_TEAM_A","","DOMESTIC","Allemagne","Leverkusen","Bayer 04 Leverkusen","LEV","625","MINUTE","7","1","2","76.51","KILOMETER","30.5","KILOMETER_PER_HOUR"
"250042521","50064","29","1995-11-06","19","Silva","POR","STRIKER","FORWARD","MALE","182","./image/250042521.jpg","André Silva","FORWARD","9","André Silva","110","78","Portugal","Attaquant","","André Silva","André Silva","André Silva","200110","./assoc/200110_POR.svg","./logo/50064.png","UEFA","POR","50064","FAME","Porto","","https://img.uefa.com/imgml/TP/teams/logos/70x70/50064.png","https://img.uefa.com/imgml/TP/teams/logos/240x240/50064.png","250064","POR","DOMESTIC_MEN_TEAM_A","","DOMESTIC","Portugal","Porto","FC Porto","POR","603","MINUTE","8","4","2","70.74","KILOMETER","30.7","KILOMETER_PER_HOUR"
"250096698","52758","27","1998-09-18","11","PULISIC","USA","UNKNOWN","FORWARD","MALE","172","./image/250096698.jpg","Christian Pulišić","MIDFIELDER","10","Pulisic","140","69","Etats-Unis","Attaquant","Christian","Pulišić","Christian Pulišić","Pulišić","200047","./assoc/200047_GER.svg","./logo/52758.png","UEFA","GER","52758","FAME","B. Dortmund","","https://img.uefa.com/imgml/TP/teams/logos/70x70/52758.png","https://img.uefa.com/imgml/TP/teams/logos/240x240/52758.png","252758","BVB","DOMESTIC_MEN_TEAM_A","","DOMESTIC","Allemagne","B. Dortmund","Borussia Dortmund","BVB","599","MINUTE","10","1","3","74.76","KILOMETER","31","KILOMETER_PER_HOUR"
"250006200","52747","32","1992-11-05","6","VERRATTI","ITA","CENTRAL_MIDFIELDER","MIDFIELDER","MALE","165","./image/250006200.jpg","Marco Verratti","MIDFIELDER","6","Verratti","66","60","Italie","Milieu","Marco","Verratti","Marco Verratti","Verratti","200043","./assoc/200043_FRA.svg","./logo/52747.png","UEFA","FRA","52747","FAME","Paris","","https://img.uefa.com/imgml/TP/teams/logos/70x70/52747.png","https://img.uefa.com/imgml/TP/teams/logos/240x240/52747.png","252747","PSG","DOMESTIC_MEN_TEAM_A","","DOMESTIC","France","Paris","Paris Saint-Germain","PSG","599","MINUTE","7","0","2","71.96","KILOMETER","27.7","KILOMETER_PER_HOUR"
"250050353","50064","30","1994-11-10","21","Óliver T.","ESP","ATTACKING_MIDFIELDER","MIDFIELDER","MALE","178","./image/250050353.jpg","Óliver Torres","MIDFIELDER","16","Óliver","122","70","Espagne","Milieu","","Óliver Torres","Óliver Torres","Óliver Torres","200110","./assoc/200110_POR.svg","./logo/50064.png","UEFA","POR","50064","FAME","Porto","","https://img.uefa.com/imgml/TP/teams/logos/70x70/50064.png","https://img.uefa.com/imgml/TP/teams/logos/240x240/50064.png","250064","POR","DOMESTIC_MEN_TEAM_A","","DOMESTIC","Portugal","Porto","FC Porto","POR","597","MINUTE","7","0","0","77.03","KILOMETER","31.7","KILOMETER_PER_HOUR"
"97744","50080","37","1988-03-10","11","I. RAKITIĆ","CRO","CENTRAL_MIDFIELDER","MIDFIELDER","MALE","184","./image/97744.jpg","Ivan Rakitić","MIDFIELDER","7","I. Rakitić","56370","78","Croatie","Milieu","Ivan","Rakitić","Ivan Rakitić","Rakitić","200122","./assoc/200122_ESP.svg","./logo/50080.png","UEFA","ESP","50080","FAME","Barcelona","","https://img.uefa.com/imgml/TP/teams/logos/70x70/50080.png","https://img.uefa.com/imgml/TP/teams/logos/240x240/50080.png","250080","BAR","DOMESTIC_MEN_TEAM_A","","DOMESTIC","Espagne","Barcelona","FC Barcelona","BAR","596","MINUTE","9","0","0","74.07","KILOMETER","27.8","KILOMETER_PER_HOUR"
"58031","50080","41","1984-05-11","8","A. Iniesta","ESP","ATTACKING_MIDFIELDER","FORWARD","MALE","171","./image/58031.jpg","Andrés Iniesta","MIDFIELDER","6","A. Iniesta","122","68","Espagne","Attaquant","Andrés","Iniesta","Andrés Iniesta","Iniesta","200122","./assoc/200122_ESP.svg","./logo/50080.png","UEFA","ESP","50080","FAME","Barcelona","","https://img.uefa.com/imgml/TP/teams/logos/70x70/50080.png","https://img.uefa.com/imgml/TP/teams/logos/240x240/50080.png","250080","BAR","DOMESTIC_MEN_TEAM_A","","DOMESTIC","Espagne","Barcelona","FC Barcelona","BAR","593","MINUTE","8","1","3","69.14","KILOMETER","26.4","KILOMETER_PER_HOUR"
"105823","50147","37","1988-08-14","15","Fejsa","SRB","DEFENSIVE_MIDFIELDER","MIDFIELDER","MALE","185","./image/105823.jpg","Ljubomir Fejsa","MIDFIELDER","16","Fejsa","147","80","Serbie","Milieu","Ljubomir","Fejsa","Ljubomir Fejsa","Fejsa","200110","./assoc/200110_POR.svg","./logo/50147.png","UEFA","POR","50147","FAME","Benfica","","https://img.uefa.com/imgml/TP/teams/logos/70x70/50147.png","https://img.uefa.com/imgml/TP/teams/logos/240x240/50147.png","250147","BEN","DOMESTIC_MEN_TEAM_A","","DOMESTIC","Portugal","Benfica","SL Benfica","BEN","590","MINUTE","7","1","0","73.66","KILOMETER","29.5","KILOMETER_PER_HOUR"
"54091","50037","43","1981-11-25","14","","ESP","UNKNOWN","","MALE","183","./image/54091.jpg","Xabi Alonso","MIDFIELDER","14","Alonso","","75","Espagne","","","Xabi Alonso","Xabi Alonso","Xabi Alonso","200047","./assoc/200047_GER.svg","./logo/50037.png","UEFA","GER","50037","FAME","Bayern München","","https://img.uefa.com/imgml/TP/teams/logos/70x70/50037.png","https://img.uefa.com/imgml/TP/teams/logos/240x240/50037.png","250037","BAY","DOMESTIC_MEN_TEAM_A","","DOMESTIC","Allemagne","Bayern München","FC Bayern München","BAY","589","MINUTE","7","0","1","72.37","KILOMETER","28.8","KILOMETER_PER_HOUR"
"250015966","50139","37","1988-05-26","7","Cuadrado","COL","UNKNOWN","MIDFIELDER","MALE","176","./image/250015966.jpg","Juan Cuadrado","MIDFIELDER","11","Cuadrado","29","66","Colombie","Milieu","Juan","Cuadrado","Juan Cuadrado","Cuadrado","200066","./assoc/200066_ITA.svg","./logo/50139.png","UEFA","ITA","50139","FAME","Juventus","","https://img.uefa.com/imgml/TP/teams/logos/70x70/50139.png","https://img.uefa.com/imgml/TP/teams/logos/240x240/50139.png","250139","JUV","DOMESTIC_MEN_TEAM_A","","DOMESTIC","Italie","Juventus","Juventus","JUV","586","MINUTE","12","1","1","69.29","KILOMETER","30.1","KILOMETER_PER_HOUR"
"250011954","52747","41","1984-09-22","6","T.Silva","BRA","CENTRE_BACK","DEFENDER","MALE","183","./image/250011954.jpg","Thiago Silva","DEFENDER","3","T. Silva","18","79","Brésil","Défenseur","","Thiago Silva","Thiago Silva","Thiago Silva","200043","./assoc/200043_FRA.svg","./logo/52747.png","UEFA","FRA","52747","FAME","Paris","","https://img.uefa.com/imgml/TP/teams/logos/70x70/52747.png","https://img.uefa.com/imgml/TP/teams/logos/240x240/52747.png","252747","PSG","DOMESTIC_MEN_TEAM_A","","DOMESTIC","France","Paris","Paris Saint-Germain","PSG","585","MINUTE","7","0","0","52.68","KILOMETER","30.5","KILOMETER_PER_HOUR"
"250049643","52714","39","1986-06-23","22","Mariano","BRA","FULL_BACK","DEFENDER","MALE","177","./image/250049643.jpg","Mariano Ferreira","DEFENDER","","Ferreira Filho","","69","Brésil","Défenseur","","Mariano Ferreira","Mariano Ferreira","Mariano Ferreira","200122","./assoc/200122_ESP.svg","./logo/52714.png","UEFA","ESP","52714","FAME","Sevilla","","https://img.uefa.com/imgml/TP/teams/logos/70x70/52714.png","https://img.uefa.com/imgml/TP/teams/logos/240x240/52714.png","252714","SEV","DOMESTIC_MEN_TEAM_A","","DOMESTIC","Espagne","Sevilla","Sevilla FC","SEV","583","MINUTE","8","0","2","67.43","KILOMETER","30.3","KILOMETER_PER_HOUR"
"250100033","52714","38","1987-03-18","25","Mercado","ARG","FULL_BACK","DEFENDER","MALE","180","./image/250100033.jpg","Gabriel Mercado","DEFENDER","","Mercado","6","84","Argentine","Défenseur","Gabriel","Mercado","Gabriel Mercado","Mercado","200122","./assoc/200122_ESP.svg","./logo/52714.png","UEFA","ESP","52714","FAME","Sevilla","","https://img.uefa.com/imgml/TP/teams/logos/70x70/52714.png","https://img.uefa.com/imgml/TP/teams/logos/240x240/52714.png","252714","SEV","DOMESTIC_MEN_TEAM_A","","DOMESTIC","Espagne","Sevilla","Sevilla FC","SEV","582","MINUTE","7","0","0","60.69","KILOMETER","29.8","KILOMETER_PER_HOUR"
"250010245","52758","34","1991-01-15","5","BARTRA","ESP","CENTRE_BACK","DEFENDER","MALE","183","./image/250010245.jpg","Marc Bartra","DEFENDER","21","Bartra","122","74","Espagne","Défenseur","Marc","Bartra","Marc Bartra","Bartra","200047","./assoc/200047_GER.svg","./logo/52758.png","UEFA","GER","52758","FAME","B. Dortmund","","https://img.uefa.com/imgml/TP/teams/logos/70x70/52758.png","https://img.uefa.com/imgml/TP/teams/logos/240x240/52758.png","252758","BVB","DOMESTIC_MEN_TEAM_A","","DOMESTIC","Allemagne","B. Dortmund","Borussia Dortmund","BVB","580","MINUTE","7","1","0","66.5","KILOMETER","29.5","KILOMETER_PER_HOUR"
"250024795","52919","30","1994-12-08","30","Sterling","ENG","WINGER","MIDFIELDER","MALE","170","./image/250024795.jpg","Raheem Sterling","FORWARD","10","Sterling","39","69","Angleterre","Milieu","Raheem","Sterling","Raheem Sterling","Sterling","200039","./assoc/200039_ENG.svg","./logo/52919.png","UEFA","ENG","52919","FAME","Man City","","https://img.uefa.com/imgml/TP/teams/logos/70x70/52919.png","https://img.uefa.com/imgml/TP/teams/logos/240x240/52919.png","252919","MCI","DOMESTIC_MEN_TEAM_A","","DOMESTIC","Angleterre","Man City","Manchester City","MCI","577","MINUTE","7","2","4","64.9","KILOMETER","31","KILOMETER_PER_HOUR"
"250019924","50136","38","1987-05-06","10","MERTENS","BEL","STRIKER","FORWARD","MALE","169","./image/250019924.jpg","Dries Mertens","FORWARD","14","Mertens","13","61","Belgique","Attaquant","Dries","Mertens","Dries Mertens","Mertens","200066","./assoc/200066_ITA.svg","./logo/50136.png","UEFA","ITA","50136","FAME","Napoli","","https://img.uefa.com/imgml/TP/teams/logos/70x70/50136.png","https://img.uefa.com/imgml/TP/teams/logos/240x240/50136.png","250136","NAP","DOMESTIC_MEN_TEAM_A","","DOMESTIC","Italie","Napoli","SSC Napoli","NAP","571","MINUTE","8","5","3","63.78","KILOMETER","29.9","KILOMETER_PER_HOUR"
"250067802","50064","32","1992-12-15","3","Alex Telles","BRA","FULL_BACK","DEFENDER","MALE","181","./image/250067802.jpg","Alex Telles","DEFENDER","16","Telles","18","71","Brésil","Défenseur","","Alex Telles","Alex Telles","Alex Telles","200110","./assoc/200110_POR.svg","./logo/50064.png","UEFA","POR","50064","FAME","Porto","","https://img.uefa.com/imgml/TP/teams/logos/70x70/50064.png","https://img.uefa.com/imgml/TP/teams/logos/240x240/50064.png","250064","POR","DOMESTIC_MEN_TEAM_A","","DOMESTIC","Portugal","Porto","FC Porto","POR","567","MINUTE","7","0","2","61.85","KILOMETER","29.2","KILOMETER_PER_HOUR"
"250064233","52919","31","1994-05-28","5","Stones","ENG","CENTRE_BACK","DEFENDER","MALE","188","./image/250064233.jpg","John Stones","DEFENDER","5","Stones","39","70","Angleterre","Défenseur","John","Stones","John Stones","Stones","200039","./assoc/200039_ENG.svg","./logo/52919.png","UEFA","ENG","52919","FAME","Man City","","https://img.uefa.com/imgml/TP/teams/logos/70x70/52919.png","https://img.uefa.com/imgml/TP/teams/logos/240x240/52919.png","252919","MCI","DOMESTIC_MEN_TEAM_A","","DOMESTIC","Angleterre","Man City","Manchester City","MCI","557","MINUTE","7","1","0","63.62","KILOMETER","31.5","KILOMETER_PER_HOUR"
"250058258","50109","28","1997-02-23","39","Henrichs","GER","UNKNOWN","DEFENDER","MALE","183","./image/250058258.jpg","Benjamin Henrichs","DEFENDER","23","Henrichs","47","77","Allemagne","Défenseur","Benjamin","Henrichs","Benjamin Henrichs","Henrichs","200047","./assoc/200047_GER.svg","./logo/50109.png","UEFA","GER","50109","FAME","Leverkusen","","https://img.uefa.com/imgml/TP/teams/logos/70x70/50109.png","https://img.uefa.com/imgml/TP/teams/logos/240x240/50109.png","250109","LEV","DOMESTIC_MEN_TEAM_A","","DOMESTIC","Allemagne","Leverkusen","Bayer 04 Leverkusen","LEV","554","MINUTE","7","0","2","57.98","KILOMETER","29.8","KILOMETER_PER_HOUR"
"101299","52919","40","1985-05-04","25","Fernandinho","BRA","","MIDFIELDER","MALE","176","./image/101299.jpg","Fernandinho","MIDFIELDER","5","Fernandinho","18","67","Brésil","Milieu","","Fernandinho","Fernandinho","Fernandinho","200039","./assoc/200039_ENG.svg","./logo/52919.png","UEFA","ENG","52919","FAME","Man City","","https://img.uefa.com/imgml/TP/teams/logos/70x70/52919.png","https://img.uefa.com/imgml/TP/teams/logos/240x240/52919.png","252919","MCI","DOMESTIC_MEN_TEAM_A","","DOMESTIC","Angleterre","Man City","Manchester City","MCI","545","MINUTE","7","1","0","64.99","KILOMETER","29.5","KILOMETER_PER_HOUR"
"1903543","52919","37","1988-06-02","19","Kun Agüero","ARG","UNKNOWN","FORWARD","MALE","172","./image/1903543.jpg","Sergio Agüero","FORWARD","20","Agüero","6","74","Argentine","Attaquant","Sergio","Agüero","Sergio Agüero","Agüero","200039","./assoc/200039_ENG.svg","./logo/52919.png","UEFA","ENG","52919","FAME","Man City","","https://img.uefa.com/imgml/TP/teams/logos/70x70/52919.png","https://img.uefa.com/imgml/TP/teams/logos/240x240/52919.png","252919","MCI","DOMESTIC_MEN_TEAM_A","","DOMESTIC","Angleterre","Man City","Manchester City","MCI","541","MINUTE","7","5","3","59.93","KILOMETER","29","KILOMETER_PER_HOUR"
"1905153","52747","37","1988-02-14","11","Di Maria","ARG","UNKNOWN","FORWARD","MALE","180","./image/1905153.jpg","Ángel Di María","FORWARD","11","Di María","6","75","Argentine","Attaquant","Ángel","Di María","Ángel Di María","Di María","200043","./assoc/200043_FRA.svg","./logo/52747.png","UEFA","FRA","52747","FAME","Paris","","https://img.uefa.com/imgml/TP/teams/logos/70x70/52747.png","https://img.uefa.com/imgml/TP/teams/logos/240x240/52747.png","252747","PSG","DOMESTIC_MEN_TEAM_A","","DOMESTIC","France","Paris","Paris Saint-Germain","PSG","540","MINUTE","7","4","1","63.78","KILOMETER","28.9","KILOMETER_PER_HOUR"
"250003420","52758","37","1988-01-22","29","Schmelzer","GER","FULL_BACK","DEFENDER","MALE","181","./image/250003420.jpg","Marcel Schmelzer","DEFENDER","3","Schmelzer","","74","Allemagne","Défenseur","Marcel","Schmelzer","Marcel Schmelzer","Schmelzer","200047","./assoc/200047_GER.svg","./logo/52758.png","UEFA","GER","52758","FAME","B. Dortmund","","https://img.uefa.com/imgml/TP/teams/logos/70x70/52758.png","https://img.uefa.com/imgml/TP/teams/logos/240x240/52758.png","252758","BVB","DOMESTIC_MEN_TEAM_A","","DOMESTIC","Allemagne","B. Dortmund","Borussia Dortmund","BVB","540","MINUTE","7","0","3","62.54","KILOMETER","29.8","KILOMETER_PER_HOUR"
"250099063","2603104","34","1991-07-10","22","J.CAFU","BRA","STRIKER","FORWARD","MALE","173","./image/250099063.jpg","Jonathan Cafú","FORWARD","","J.Cafu","","64","Brésil","Attaquant","","Jonathan Cafú","Jonathan Cafú","Jonathan Cafú","200020","./assoc/200020_BUL.svg","./logo/2603104.png","UEFA","BUL","2603104","FAME","Ludogorets","","https://img.uefa.com/imgml/TP/teams/logos/70x70/2603104.png","https://img.uefa.com/imgml/TP/teams/logos/240x240/2603104.png","250002030","LUD","DOMESTIC_MEN_TEAM_A","","DOMESTIC","Bulgarie","Ludogorets","PFC Ludogorets 1945","LUD","540","MINUTE","6","2","2","68.72","KILOMETER","30.3","KILOMETER_PER_HOUR"
"107529","52709","35","1990-04-23","13","Zanka","DEN","CENTRE_BACK","DEFENDER","MALE","191","./image/107529.jpg","Mathias Jørgensen","DEFENDER","13","Zanka","35","79","Danemark","Défenseur","Mathias","Jørgensen","Mathias Jørgensen","Jørgensen","200035","./assoc/200035_DEN.svg","./logo/52709.png","UEFA","DEN","52709","FAME","Copenhagen","","https://img.uefa.com/imgml/TP/teams/logos/70x70/52709.png","https://img.uefa.com/imgml/TP/teams/logos/240x240/52709.png","252709","CPH","DOMESTIC_MEN_TEAM_A","","DOMESTIC","Danemark","Copenhagen","F.C. Copenhagen","CPH","540","MINUTE","6","2","0","49.5","KILOMETER","28","KILOMETER_PER_HOUR"
"64257","52919","39","1986-01-08","21","Silva","ESP","ATTACKING_MIDFIELDER","MIDFIELDER","MALE","173","./image/64257.jpg","David Silva","MIDFIELDER","21","Silva","122","67","Espagne","Milieu","","David Silva","David Silva","David Silva","200039","./assoc/200039_ENG.svg","./logo/52919.png","UEFA","ENG","52919","FAME","Man City","","https://img.uefa.com/imgml/TP/teams/logos/70x70/52919.png","https://img.uefa.com/imgml/TP/teams/logos/240x240/52919.png","252919","MCI","DOMESTIC_MEN_TEAM_A","","DOMESTIC","Angleterre","Man City","Manchester City","MCI","540","MINUTE","6","1","2","68.27","KILOMETER","28.5","KILOMETER_PER_HOUR"
"250010472","52709","34","1991-09-03","27","Delaney","DEN","CENTRAL_MIDFIELDER","MIDFIELDER","MALE","182","./image/250010472.jpg","Thomas Delaney","MIDFIELDER","8","Delaney","35","71","Danemark","Milieu","Thomas","Delaney","Thomas Delaney","Delaney","200035","./assoc/200035_DEN.svg","./logo/52709.png","UEFA","DEN","52709","FAME","Copenhagen","","https://img.uefa.com/imgml/TP/teams/logos/70x70/52709.png","https://img.uefa.com/imgml/TP/teams/logos/240x240/52709.png","252709","CPH","DOMESTIC_MEN_TEAM_A","","DOMESTIC","Danemark","Copenhagen","F.C. Copenhagen","CPH","540","MINUTE","6","1","1","70.4","KILOMETER","29.1","KILOMETER_PER_HOUR"
"1902971","64500","40","1985-04-09","16","Noboa","ECU","UNKNOWN","MIDFIELDER","MALE","181","./image/1902971.jpg","Christian Noboa","MIDFIELDER","6","Noboa","37","74","Équateur","Milieu","Christian","Noboa","Christian Noboa","Noboa","257451","./assoc/257451_RUS.svg","./logo/64500.png","UEFA","RUS","64500","FAME","Rostov","","https://img.uefa.com/imgml/TP/teams/logos/70x70/64500.png","https://img.uefa.com/imgml/TP/teams/logos/240x240/64500.png","264500","ROS","DOMESTIC_MEN_TEAM_A","","DOMESTIC","Russie","Rostov","FC Rostov","ROS","540","MINUTE","6","1","0","68.55","KILOMETER","27.2","KILOMETER_PER_HOUR"
"105986","52714","41","1984-01-19","21","Pareja","ARG","UNKNOWN","DEFENDER","MALE","183","./image/105986.jpg","Nicolás Pareja","DEFENDER","","Pareja","","75","Argentine","Défenseur","Nicolás","Pareja","Nicolás Pareja","Pareja","200122","./assoc/200122_ESP.svg","./logo/52714.png","UEFA","ESP","52714","FAME","Sevilla","","https://img.uefa.com/imgml/TP/teams/logos/70x70/52714.png","https://img.uefa.com/imgml/TP/teams/logos/240x240/52714.png","252714","SEV","DOMESTIC_MEN_TEAM_A","","DOMESTIC","Espagne","Sevilla","Sevilla FC","SEV","540","MINUTE","6","1","0","54.87","KILOMETER","29.3","KILOMETER_PER_HOUR"
"250024701","52709","31","1994-04-21","6","Augustinsson","SWE","FULL_BACK","DEFENDER","MALE","181","./image/250024701.jpg","Ludwig Augustinsson","DEFENDER","6","Augustinsson","127","74","Suède","Défenseur","Ludwig","Augustinsson","Ludwig Augustinsson","Augustinsson","200035","./assoc/200035_DEN.svg","./logo/52709.png","UEFA","DEN","52709","FAME","Copenhagen","","https://img.uefa.com/imgml/TP/teams/logos/70x70/52709.png","https://img.uefa.com/imgml/TP/teams/logos/240x240/52709.png","252709","CPH","DOMESTIC_MEN_TEAM_A","","DOMESTIC","Danemark","Copenhagen","F.C. Copenhagen","CPH","540","MINUTE","6","0","3","64.69","KILOMETER","30.1","KILOMETER_PER_HOUR"
"105814","52919","39","1985-11-10","11","","SRB","FULL_BACK","","MALE","187","./image/105814.jpg","Aleksandar Kolarov","DEFENDER","11","Kolarov","147","82","Serbie","","Aleksandar","Kolarov","Aleksandar Kolarov","Kolarov","200039","./assoc/200039_ENG.svg","./logo/52919.png","UEFA","ENG","52919","FAME","Man City","","https://img.uefa.com/imgml/TP/teams/logos/70x70/52919.png","https://img.uefa.com/imgml/TP/teams/logos/240x240/52919.png","252919","MCI","DOMESTIC_MEN_TEAM_A","","DOMESTIC","Angleterre","Man City","Manchester City","MCI","540","MINUTE","6","0","2","62.8","KILOMETER","29.3","KILOMETER_PER_HOUR"
"1905362","59856","34","1991-03-28","34","XHAKA","ALB","DEFENSIVE_MIDFIELDER","MIDFIELDER","MALE","172","./image/1905362.jpg","Taulant Xhaka","MIDFIELDER","14","Xhaka","2","72","Albanie","Milieu","Taulant","Xhaka","Taulant Xhaka","Xhaka","200128","./assoc/200128_SUI.svg","./logo/59856.png","UEFA","SUI","59856","FAME","Basel","","https://img.uefa.com/imgml/TP/teams/logos/70x70/59856.png","https://img.uefa.com/imgml/TP/teams/logos/240x240/59856.png","259856","BSL","DOMESTIC_MEN_TEAM_A","","DOMESTIC","Suisse","Basel","FC Basel 1893","BSL","540","MINUTE","6","0","1","64.37","KILOMETER","30.5","KILOMETER_PER_HOUR"
"250020213","50146","33","1992-07-12","19","Bereszyński","POL","CENTRE_BACK","DEFENDER","MALE","182","./image/250020213.jpg","Bartosz Bereszyński","DEFENDER","18","Bereszyński","109","78","Pologne","Défenseur","Bartosz","Bereszyński","Bartosz Bereszyński","Bereszyński","200109","./assoc/200109_POL.svg","./logo/50146.png","UEFA","POL","50146","FAME","Legia Warszawa","","https://img.uefa.com/imgml/TP/teams/logos/70x70/50146.png","https://img.uefa.com/imgml/TP/teams/logos/240x240/50146.png","250146","LEG","DOMESTIC_MEN_TEAM_A","","DOMESTIC","Pologne","Legia Warszawa","Legia Warszawa","LEG","540","MINUTE","6","0","1","62.88","KILOMETER","30.9","KILOMETER_PER_HOUR"
"72580","50147","44","1981-02-13","4","Luisão","BRA","UNKNOWN","DEFENDER","MALE","193","./image/72580.jpg","Luisão","DEFENDER","14","Luisão","","92","Brésil","Défenseur","","Luisão","Luisão","Luisão","200110","./assoc/200110_POR.svg","./logo/50147.png","UEFA","POR","50147","FAME","Benfica","","https://img.uefa.com/imgml/TP/teams/logos/70x70/50147.png","https://img.uefa.com/imgml/TP/teams/logos/240x240/50147.png","250147","BEN","DOMESTIC_MEN_TEAM_A","","DOMESTIC","Portugal","Benfica","SL Benfica","BEN","540","MINUTE","6","0","1","56.26","KILOMETER","26.7","KILOMETER_PER_HOUR"
"105728","64500","41","1984-03-27","84","Gatskan","MDA","CENTRAL_MIDFIELDER","MIDFIELDER","MALE","186","./image/105728.jpg","Aleksandr Gatskan","MIDFIELDER","","Gatskan","","80","Moldavie","Milieu","Aleksandr","Gatskan","Aleksandr Gatskan","Gatskan","257451","./assoc/257451_RUS.svg","./logo/64500.png","UEFA","RUS","64500","FAME","Rostov","","https://img.uefa.com/imgml/TP/teams/logos/70x70/64500.png","https://img.uefa.com/imgml/TP/teams/logos/240x240/64500.png","264500","ROS","DOMESTIC_MEN_TEAM_A","","DOMESTIC","Russie","Rostov","FC Rostov","ROS","540","MINUTE","6","0","0","71.37","KILOMETER","26","KILOMETER_PER_HOUR"
"74694","50050","40","1985-06-25","8","Brown","SCO","DEFENSIVE_MIDFIELDER","MIDFIELDER","MALE","178","./image/74694.jpg","Scott Brown","MIDFIELDER","8","Brown","117","71","Écosse","Milieu","Scott","Brown","Scott Brown","Brown","200117","./assoc/200117_SCO.svg","./logo/50050.png","UEFA","SCO","50050","FAME","Celtic","","https://img.uefa.com/imgml/TP/teams/logos/70x70/50050.png","https://img.uefa.com/imgml/TP/teams/logos/240x240/50050.png","250050","CEL","DOMESTIC_MEN_TEAM_A","","DOMESTIC","Écosse","Celtic","Celtic FC","CEL","540","MINUTE","6","0","0","70.71","KILOMETER","28.7","KILOMETER_PER_HOUR"
"98969","2603104","41","1984-05-31","18","","BUL","DEFENSIVE_MIDFIELDER","","MALE","176","./image/98969.jpg","Svetoslav Dyakov","MIDFIELDER","21","Dyakov","20","70","Bulgarie","","Svetoslav","Dyakov","Svetoslav Dyakov","Dyakov","200020","./assoc/200020_BUL.svg","./logo/2603104.png","UEFA","BUL","2603104","FAME","Ludogorets","","https://img.uefa.com/imgml/TP/teams/logos/70x70/2603104.png","https://img.uefa.com/imgml/TP/teams/logos/240x240/2603104.png","250002030","LUD","DOMESTIC_MEN_TEAM_A","","DOMESTIC","Bulgarie","Ludogorets","PFC Ludogorets 1945","LUD","540","MINUTE","6","0","0","69.13","KILOMETER","26.7","KILOMETER_PER_HOUR"
"250008512","64500","35","1990-06-12","23","Mevlja","SVN","DEFENSIVE_MIDFIELDER","DEFENDER","MALE","190","./image/250008512.jpg","Miha Mevlja","DEFENDER","17","Mevlja","57163","83","Slovénie","Défenseur","Miha","Mevlja","Miha Mevlja","M. Mevlja","257451","./assoc/257451_RUS.svg","./logo/64500.png","UEFA","RUS","64500","FAME","Rostov","","https://img.uefa.com/imgml/TP/teams/logos/70x70/64500.png","https://img.uefa.com/imgml/TP/teams/logos/240x240/64500.png","264500","ROS","DOMESTIC_MEN_TEAM_A","","DOMESTIC","Russie","Rostov","FC Rostov","ROS","540","MINUTE","6","0","0","67.17","KILOMETER","29.7","KILOMETER_PER_HOUR"
"1905335","64500","38","1987-05-22","4","Granat","RUS","CENTRE_BACK","DEFENDER","MALE","184","./image/1905335.jpg","Vladimir Granat","DEFENDER","13","Granat","57451","80","Russie","Défenseur","Vladimir","Granat","Vladimir Granat","Granat","257451","./assoc/257451_RUS.svg","./logo/64500.png","UEFA","RUS","64500","FAME","Rostov","","https://img.uefa.com/imgml/TP/teams/logos/70x70/64500.png","https://img.uefa.com/imgml/TP/teams/logos/240x240/64500.png","264500","ROS","DOMESTIC_MEN_TEAM_A","","DOMESTIC","Russie","Rostov","FC Rostov","ROS","540","MINUTE","6","0","0","64.7","KILOMETER","28.3","KILOMETER_PER_HOUR"
"64294","52709","40","1985-02-24","6","Kvist","DEN","DEFENSIVE_MIDFIELDER","MIDFIELDER","MALE","184","./image/64294.jpg","William Kvist","MIDFIELDER","7","Kvist","35","80","Danemark","Milieu","William","Kvist","William Kvist","Kvist","200035","./assoc/200035_DEN.svg","./logo/52709.png","UEFA","DEN","52709","FAME","Copenhagen","","https://img.uefa.com/imgml/TP/teams/logos/70x70/52709.png","https://img.uefa.com/imgml/TP/teams/logos/240x240/52709.png","252709","CPH","DOMESTIC_MEN_TEAM_A","","DOMESTIC","Danemark","Copenhagen","F.C. Copenhagen","CPH","540","MINUTE","6","0","0","64.32","KILOMETER","29.5","KILOMETER_PER_HOUR"
"48733","64500","45","1980-02-14","44","Cesar Navas","ESP","CENTRE_BACK","DEFENDER","MALE","194","./image/48733.jpg","César Navas","DEFENDER","","Navas","","89","Espagne","Défenseur","","César Navas","César Navas","César Navas","257451","./assoc/257451_RUS.svg","./logo/64500.png","UEFA","RUS","64500","FAME","Rostov","","https://img.uefa.com/imgml/TP/teams/logos/70x70/64500.png","https://img.uefa.com/imgml/TP/teams/logos/240x240/64500.png","264500","ROS","DOMESTIC_MEN_TEAM_A","","DOMESTIC","Russie","Rostov","FC Rostov","ROS","540","MINUTE","6","0","0","63.66","KILOMETER","28","KILOMETER_PER_HOUR"
"105588","50157","42","1983-02-08","13","Hutchinson","CAN","DEFENSIVE_MIDFIELDER","MIDFIELDER","MALE","187","./image/105588.jpg","Atiba Hutchinson","MIDFIELDER","13","Hutchinson","24","72","Canada","Milieu","Atiba","Hutchinson","Atiba Hutchinson","Hutchinson","200135","./assoc/200135_TUR.svg","./logo/50157.png","UEFA","TUR","50157","FAME","Beşiktaş","","https://img.uefa.com/imgml/TP/teams/logos/70x70/50157.png","https://img.uefa.com/imgml/TP/teams/logos/240x240/50157.png","250157","BES","DOMESTIC_MEN_TEAM_A","","DOMESTIC","Turquie","Beşiktaş","Beşiktaş JK","BES","540","MINUTE","6","0","0","63.52","KILOMETER","27.6","KILOMETER_PER_HOUR"
"1906987","54266","34","1991-04-27","42","Shchennikov","RUS","FULL_BACK","DEFENDER","MALE","180","./image/1906987.jpg","Georgi Schennikov","DEFENDER","23","Shchennikov","57451","75","Russie","Défenseur","Georgi","Schennikov","Georgi Schennikov","Schennikov","257451","./assoc/257451_RUS.svg","./logo/54266.png","UEFA","RUS","54266","FAME","CSKA Moskva","","https://img.uefa.com/imgml/TP/teams/logos/70x70/54266.png","https://img.uefa.com/imgml/TP/teams/logos/240x240/54266.png","254266","CSM","DOMESTIC_MEN_TEAM_A","","DOMESTIC","Russie","CSKA Moskva","PFC CSKA Moskva","CSM","540","MINUTE","6","0","0","62.97","KILOMETER","30.8","KILOMETER_PER_HOUR"
"250017653","2603104","35","1990-03-16","12","Anicet","MAD","CENTRAL_MIDFIELDER","MIDFIELDER","MALE","179","./image/250017653.jpg","Anicet Abel","MIDFIELDER","","Anicet","84","70","Madagascar","Milieu","","Anicet Abel","Anicet Abel","Anicet Abel","200020","./assoc/200020_BUL.svg","./logo/2603104.png","UEFA","BUL","2603104","FAME","Ludogorets","","https://img.uefa.com/imgml/TP/teams/logos/70x70/2603104.png","https://img.uefa.com/imgml/TP/teams/logos/240x240/2603104.png","250002030","LUD","DOMESTIC_MEN_TEAM_A","","DOMESTIC","Bulgarie","Ludogorets","PFC Ludogorets 1945","LUD","540","MINUTE","6","0","0","62.93","KILOMETER","29.7","KILOMETER_PER_HOUR"
"250081180","59856","35","1990-02-03","3","Traoré","CIV","UNKNOWN","DEFENDER","MALE","170","./image/250081180.jpg","Adama Traoré","DEFENDER","","Traoré","67","73","Côte d'Ivoire","Défenseur","Adama","Traoré","Adama Traoré","Traoré","200128","./assoc/200128_SUI.svg","./logo/59856.png","UEFA","SUI","59856","FAME","Basel","","https://img.uefa.com/imgml/TP/teams/logos/70x70/59856.png","https://img.uefa.com/imgml/TP/teams/logos/240x240/59856.png","259856","BSL","DOMESTIC_MEN_TEAM_A","","DOMESTIC","Suisse","Basel","FC Basel 1893","BSL","540","MINUTE","6","0","0","61.92","KILOMETER","32.1","KILOMETER_PER_HOUR"
"96847","59856","37","1988-03-29","17","Suchý","CZE","CENTRE_BACK","DEFENDER","MALE","184","./image/96847.jpg","Marek Suchý","DEFENDER","17","Suchy","58837","84","Tchéquie","Défenseur","Marek","Suchý","Marek Suchý","Suchý","200128","./assoc/200128_SUI.svg","./logo/59856.png","UEFA","SUI","59856","FAME","Basel","","https://img.uefa.com/imgml/TP/teams/logos/70x70/59856.png","https://img.uefa.com/imgml/TP/teams/logos/240x240/59856.png","259856","BSL","DOMESTIC_MEN_TEAM_A","","DOMESTIC","Suisse","Basel","FC Basel 1893","BSL","540","MINUTE","6","0","0","61.81","KILOMETER","29.1","KILOMETER_PER_HOUR"
"250067467","59856","32","1993-02-28","39","Balanta","COL","DEFENSIVE_MIDFIELDER","DEFENDER","MALE","181","./image/250067467.jpg","Éder Balanta","MIDFIELDER","16","Alvarez","29","84","Colombie","Défenseur","Éder","Balanta","Éder Balanta","Balanta","200128","./assoc/200128_SUI.svg","./logo/59856.png","UEFA","SUI","59856","FAME","Basel","","https://img.uefa.com/imgml/TP/teams/logos/70x70/59856.png","https://img.uefa.com/imgml/TP/teams/logos/240x240/59856.png","259856","BSL","DOMESTIC_MEN_TEAM_A","","DOMESTIC","Suisse","Basel","FC Basel 1893","BSL","540","MINUTE","6","0","0","61.34","KILOMETER","30.1","KILOMETER_PER_HOUR"
"250017040","52919","37","1988-02-12","30","Otamendi","ARG","UNKNOWN","DEFENDER","MALE","183","./image/250017040.jpg","Nicolás Otamendi","DEFENDER","19","Otamendi","6","78","Argentine","Défenseur","Nicolás","Otamendi","Nicolás Otamendi","Otamendi","200039","./assoc/200039_ENG.svg","./logo/52919.png","UEFA","ENG","52919","FAME","Man City","","https://img.uefa.com/imgml/TP/teams/logos/70x70/52919.png","https://img.uefa.com/imgml/TP/teams/logos/240x240/52919.png","252919","MCI","DOMESTIC_MEN_TEAM_A","","DOMESTIC","Angleterre","Man City","Manchester City","MCI","540","MINUTE","6","0","0","60.57","KILOMETER","29.6","KILOMETER_PER_HOUR"
"97687","50050","38","1986-12-13","33","Lustig","SWE","FULL_BACK","DEFENDER","MALE","189","./image/97687.jpg","Mikael Lustig","DEFENDER","2","Lustig","127","78","Suède","Défenseur","Mikael","Lustig","Mikael Lustig","Lustig","200117","./assoc/200117_SCO.svg","./logo/50050.png","UEFA","SCO","50050","FAME","Celtic","","https://img.uefa.com/imgml/TP/teams/logos/70x70/50050.png","https://img.uefa.com/imgml/TP/teams/logos/240x240/50050.png","250050","CEL","DOMESTIC_MEN_TEAM_A","","DOMESTIC","Écosse","Celtic","Celtic FC","CEL","540","MINUTE","6","0","0","60.05","KILOMETER","29.7","KILOMETER_PER_HOUR"
"66372","5312","41","1984-04-02","15","Morel","FRA","CENTRE_BACK","DEFENDER","MALE","176","./image/66372.jpg","Jérémy Morel","DEFENDER","","Morel","84","78","France","Défenseur","Jérémy","Morel","Jérémy Morel","Morel","200043","./assoc/200043_FRA.svg","./logo/5312.png","UEFA","FRA","5312","FAME","Lyon","","https://img.uefa.com/imgml/TP/teams/logos/70x70/5312.png","https://img.uefa.com/imgml/TP/teams/logos/240x240/5312.png","205312","LYO","DOMESTIC_MEN_TEAM_A","","DOMESTIC","France","Lyon","Olympique Lyonnais","LYO","540","MINUTE","6","0","0","60.02","KILOMETER","30.1","KILOMETER_PER_HOUR"
"250007960","50062","37","1988-01-17","15","H. MORENO","MEX","CENTRE_BACK","DEFENDER","MALE","183","./image/250007960.jpg","Héctor Moreno","DEFENDER","15","Moreno","91","81","Mexique","Défenseur","Héctor","Moreno","Héctor Moreno","Moreno","200095","./assoc/200095_NED.svg","./logo/50062.png","UEFA","NED","50062","FAME","PSV","","https://img.uefa.com/imgml/TP/teams/logos/70x70/50062.png","https://img.uefa.com/imgml/TP/teams/logos/240x240/50062.png","250062","PSV","DOMESTIC_MEN_TEAM_A","","DOMESTIC","Pays-Bas","PSV","PSV Eindhoven","PSV","540","MINUTE","6","0","0","59.43","KILOMETER","27.5","KILOMETER_PER_HOUR"
"250003757","50157","38","1987-05-20","6","MARCELO","BRA","CENTRE_BACK","DEFENDER","MALE","191","./image/250003757.jpg","Marcelo","DEFENDER","","Guedes Filho","","85","Brésil","Défenseur","","Marcelo","Marcelo","Marcelo","200135","./assoc/200135_TUR.svg","./logo/50157.png","UEFA","TUR","50157","FAME","Beşiktaş","","https://img.uefa.com/imgml/TP/teams/logos/70x70/50157.png","https://img.uefa.com/imgml/TP/teams/logos/240x240/50157.png","250157","BES","DOMESTIC_MEN_TEAM_A","","DOMESTIC","Turquie","Beşiktaş","Beşiktaş JK","BES","540","MINUTE","6","0","0","58.87","KILOMETER","29.2","KILOMETER_PER_HOUR"
"250055734","52757","29","1996-09-30","30","Elvedi","SUI","CENTRE_BACK","DEFENDER","MALE","188","./image/250055734.jpg","Nico Elvedi","DEFENDER","4","Elvedi","128","83","Suisse","Défenseur","Nico","Elvedi","Nico Elvedi","Elvedi","200047","./assoc/200047_GER.svg","./logo/52757.png","UEFA","GER","52757","FAME","Mönchengladbach","","https://img.uefa.com/imgml/TP/teams/logos/70x70/52757.png","https://img.uefa.com/imgml/TP/teams/logos/240x240/52757.png","252757","MON","DOMESTIC_MEN_TEAM_A","","DOMESTIC","Allemagne","Mönchengladbach","Borussia Mönchengladbach","MON","540","MINUTE","6","0","0","57.6","KILOMETER","28","KILOMETER_PER_HOUR"
"250092718","50149","31","1994-04-04","35","Borges Semedo","POR","CENTRE_BACK","DEFENDER","MALE","189","./image/250092718.jpg","Rúben Semedo","DEFENDER","21","R. Semedo","110","84","Portugal","Défenseur","","Rúben Semedo","Rúben Semedo","Rúben Semedo","200110","./assoc/200110_POR.svg","./logo/50149.png","UEFA","POR","50149","FAME","Sporting CP","","https://img.uefa.com/imgml/TP/teams/logos/70x70/50149.png","https://img.uefa.com/imgml/TP/teams/logos/240x240/50149.png","250149","SPO","DOMESTIC_MEN_TEAM_A","","DOMESTIC","Portugal","Sporting CP","Sporting Clube de Portugal","SPO","540","MINUTE","6","0","0","57.54","KILOMETER","29.1","KILOMETER_PER_HOUR"
"108567","52723","36","1989-04-29","21","Vida","CRO","CENTRE_BACK","DEFENDER","MALE","184","./image/108567.jpg","Domagoj Vida","DEFENDER","21","Vida","56370","73","Croatie","Défenseur","Domagoj","Vida","Domagoj Vida","Vida","257166","./assoc/257166_UKR.svg","./logo/52723.png","UEFA","UKR","52723","FAME","Dynamo Kyiv","","https://img.uefa.com/imgml/TP/teams/logos/70x70/52723.png","https://img.uefa.com/imgml/TP/teams/logos/240x240/52723.png","252723","DKY","DOMESTIC_MEN_TEAM_A","","DOMESTIC","Ukraine","Dynamo Kyiv","FC Dynamo Kyiv","DKY","540","MINUTE","6","0","0","57.23","KILOMETER","29.3","KILOMETER_PER_HOUR"
"250011944","52723","38","1987-07-28","34","Khacheridi","UKR","CENTRE_BACK","DEFENDER","MALE","198","./image/250011944.jpg","Yevhen Khacheridi","DEFENDER","3","Khacheridi","57166","85","Ukraine","Défenseur","Yevhen","Khacheridi","Yevhen Khacheridi","Khacheridi","257166","./assoc/257166_UKR.svg","./logo/52723.png","UEFA","UKR","52723","FAME","Dynamo Kyiv","","https://img.uefa.com/imgml/TP/teams/logos/70x70/52723.png","https://img.uefa.com/imgml/TP/teams/logos/240x240/52723.png","252723","DKY","DOMESTIC_MEN_TEAM_A","","DOMESTIC","Ukraine","Dynamo Kyiv","FC Dynamo Kyiv","DKY","540","MINUTE","6","0","0","57.08","KILOMETER","30.5","KILOMETER_PER_HOUR"
"250059469","52709","36","1988-12-30","21","Berg","SWE","CENTRE_BACK","DEFENDER","MALE","191","./image/250059469.jpg","Erik Berg","DEFENDER","3","Johansson","127","84","Suède","Défenseur","Erik","Berg","Erik Berg","Berg","200035","./assoc/200035_DEN.svg","./logo/52709.png","UEFA","DEN","52709","FAME","Copenhagen","","https://img.uefa.com/imgml/TP/teams/logos/70x70/52709.png","https://img.uefa.com/imgml/TP/teams/logos/240x240/52709.png","252709","CPH","DOMESTIC_MEN_TEAM_A","","DOMESTIC","Danemark","Copenhagen","F.C. Copenhagen","CPH","540","MINUTE","6","0","0","56.99","KILOMETER","29.1","KILOMETER_PER_HOUR"
"250000927","50109","36","1989-07-21","36","Toprak","TUR","CENTRE_BACK","DEFENDER","MALE","186","./image/250000927.jpg","Ömer Toprak","DEFENDER","4","Ömer Toprak","135","83","Turquie","Défenseur","","Ömer Toprak","Ömer Toprak","Ömer Toprak","200047","./assoc/200047_GER.svg","./logo/50109.png","UEFA","GER","50109","FAME","Leverkusen","","https://img.uefa.com/imgml/TP/teams/logos/70x70/50109.png","https://img.uefa.com/imgml/TP/teams/logos/240x240/50109.png","250109","LEV","DOMESTIC_MEN_TEAM_A","","DOMESTIC","Allemagne","Leverkusen","Bayer 04 Leverkusen","LEV","540","MINUTE","6","0","0","55.67","KILOMETER","30.6","KILOMETER_PER_HOUR"
"1905749","53577","38","1987-01-04","17","Simpson","ENG","UNKNOWN","DEFENDER","MALE","176","./image/1905749.jpg","Danny Simpson","DEFENDER","","Simpson","","78","Angleterre","Défenseur","Danny","Simpson","Danny Simpson","Simpson","200039","./assoc/200039_ENG.svg","./logo/53577.png","UEFA","ENG","53577","FAME","Leicester","","https://img.uefa.com/imgml/TP/teams/logos/70x70/53577.png","https://img.uefa.com/imgml/TP/teams/logos/240x240/53577.png","253577","LEI","DOMESTIC_MEN_TEAM_A","","DOMESTIC","Angleterre","Leicester","Leicester City FC","LEI","540","MINUTE","6","0","0","55.45","KILOMETER","30.1","KILOMETER_PER_HOUR"
"250016979","50149","35","1990-10-07","4","S. Coates","URU","CENTRE_BACK","DEFENDER","MALE","196","./image/250016979.jpg","Sebastián Coates","DEFENDER","19","Coates","138","92","Uruguay","Défenseur","Sebastián","Coates","Sebastián Coates","Coates","200110","./assoc/200110_POR.svg","./logo/50149.png","UEFA","POR","50149","FAME","Sporting CP","","https://img.uefa.com/imgml/TP/teams/logos/70x70/50149.png","https://img.uefa.com/imgml/TP/teams/logos/240x240/50149.png","250149","SPO","DOMESTIC_MEN_TEAM_A","","DOMESTIC","Portugal","Sporting CP","Sporting Clube de Portugal","SPO","540","MINUTE","6","0","0","53.83","KILOMETER","29.4","KILOMETER_PER_HOUR"
"95343","2603104","40","1984-12-03","30","Moti","ROU","CENTRE_BACK","DEFENDER","MALE","183","./image/95343.jpg","Cosmin Moţi","DEFENDER","4","Moti","113","74","Roumanie","Défenseur","Cosmin","Moţi","Cosmin Moţi","Moţi","200020","./assoc/200020_BUL.svg","./logo/2603104.png","UEFA","BUL","2603104","FAME","Ludogorets","","https://img.uefa.com/imgml/TP/teams/logos/70x70/2603104.png","https://img.uefa.com/imgml/TP/teams/logos/240x240/2603104.png","250002030","LUD","DOMESTIC_MEN_TEAM_A","","DOMESTIC","Bulgarie","Ludogorets","PFC Ludogorets 1945","LUD","540","MINUTE","6","0","0","50.83","KILOMETER","29.7","KILOMETER_PER_HOUR"
"1901643","5312","35","1990-10-01","1","Lopes","POR","GOALKEEPER","GOALKEEPER","MALE","184","./image/1901643.jpg","Anthony Lopes","GOALKEEPER","22","Lopes","110","81","Portugal","Gardien","Anthony","Lopes","Anthony Lopes","Lopes","200043","./assoc/200043_FRA.svg","./logo/5312.png","UEFA","FRA","5312","FAME","Lyon","","https://img.uefa.com/imgml/TP/teams/logos/70x70/5312.png","https://img.uefa.com/imgml/TP/teams/logos/240x240/5312.png","205312","LYO","DOMESTIC_MEN_TEAM_A","","DOMESTIC","France","Lyon","Olympique Lyonnais","LYO","540","MINUTE","6","0","0","33.08","KILOMETER","24.7","KILOMETER_PER_HOUR"
"250049713","52709","35","1990-01-08","30","Olsen","SWE","GOALKEEPER","GOALKEEPER","MALE","198","./image/250049713.jpg","Robin Olsen","GOALKEEPER","1","Olsen","127","89","Suède","Gardien","Robin","Olsen","Robin Olsen","Olsen","200035","./assoc/200035_DEN.svg","./logo/52709.png","UEFA","DEN","52709","FAME","Copenhagen","","https://img.uefa.com/imgml/TP/teams/logos/70x70/52709.png","https://img.uefa.com/imgml/TP/teams/logos/240x240/52709.png","252709","CPH","DOMESTIC_MEN_TEAM_A","","DOMESTIC","Danemark","Copenhagen","F.C. Copenhagen","CPH","540","MINUTE","6","0","0","32.36","KILOMETER","22.3","KILOMETER_PER_HOUR"
"93846","1652","38","1986-12-26","1","Lloris","FRA","GOALKEEPER","GOALKEEPER","MALE","188","./image/93846.jpg","Hugo Lloris","GOALKEEPER","1","Lloris","43","73","France","Gardien","Hugo","Lloris","Hugo Lloris","Lloris","200039","./assoc/200039_ENG.svg","./logo/1652.png","UEFA","ENG","1652","FAME","Tottenham","","https://img.uefa.com/imgml/TP/teams/logos/70x70/1652.png","https://img.uefa.com/imgml/TP/teams/logos/240x240/1652.png","201652","TOT","DOMESTIC_MEN_TEAM_A","","DOMESTIC","Angleterre","Tottenham","Tottenham Hotspur","TOT","540","MINUTE","6","0","0","30.91","KILOMETER","20.11","KILOMETER_PER_HOUR"
"93443","50149","37","1988-02-15","28","Rui Patricio","POR","GOALKEEPER","GOALKEEPER","MALE","190","./image/93443.jpg","Rui Patrício","GOALKEEPER","1","Rui Patrício","110","84","Portugal","Gardien","","Rui Patrício","Rui Patrício","Rui Patrício","200110","./assoc/200110_POR.svg","./logo/50149.png","UEFA","POR","50149","FAME","Sporting CP","","https://img.uefa.com/imgml/TP/teams/logos/70x70/50149.png","https://img.uefa.com/imgml/TP/teams/logos/240x240/50149.png","250149","SPO","DOMESTIC_MEN_TEAM_A","","DOMESTIC","Portugal","Sporting CP","Sporting Clube de Portugal","SPO","540","MINUTE","6","0","0","30.3","KILOMETER","24.3","KILOMETER_PER_HOUR"
"97746","52757","36","1988-12-17","1","Sommer","SUI","GOALKEEPER","GOALKEEPER","MALE","183","./image/97746.jpg","Yann Sommer","GOALKEEPER","1","Sommer","128","79","Suisse","Gardien","Yann","Sommer","Yann Sommer","Sommer","200047","./assoc/200047_GER.svg","./logo/52757.png","UEFA","GER","52757","FAME","Mönchengladbach","","https://img.uefa.com/imgml/TP/teams/logos/70x70/52757.png","https://img.uefa.com/imgml/TP/teams/logos/240x240/52757.png","252757","MON","DOMESTIC_MEN_TEAM_A","","DOMESTIC","Allemagne","Mönchengladbach","Borussia Mönchengladbach","MON","540","MINUTE","6","0","0","29.19","KILOMETER","30","KILOMETER_PER_HOUR"
"250000898","59856","36","1989-03-29","1","Vaclik","CZE","GOALKEEPER","GOALKEEPER","MALE","188","./image/250000898.jpg","Tomáš Vaclík","GOALKEEPER","1","Vaclik","58837","85","Tchéquie","Gardien","Tomáš","Vaclík","Tomáš Vaclík","Vaclík","200128","./assoc/200128_SUI.svg","./logo/59856.png","UEFA","SUI","59856","FAME","Basel","","https://img.uefa.com/imgml/TP/teams/logos/70x70/59856.png","https://img.uefa.com/imgml/TP/teams/logos/240x240/59856.png","259856","BSL","DOMESTIC_MEN_TEAM_A","","DOMESTIC","Suisse","Basel","FC Basel 1893","BSL","540","MINUTE","6","0","0","26.62","KILOMETER","23.7","KILOMETER_PER_HOUR"
"1905332","64500","38","1987-03-13","35","Dzhanaev","RUS","GOALKEEPER","GOALKEEPER","MALE","190","./image/1905332.jpg","Soslan Dzhanaev","GOALKEEPER","16","Dzhanaev","57451","87","Russie","Gardien","Soslan","Dzhanaev","Soslan Dzhanaev","Dzhanaev","257451","./assoc/257451_RUS.svg","./logo/64500.png","UEFA","RUS","64500","FAME","Rostov","","https://img.uefa.com/imgml/TP/teams/logos/70x70/64500.png","https://img.uefa.com/imgml/TP/teams/logos/240x240/64500.png","264500","ROS","DOMESTIC_MEN_TEAM_A","","DOMESTIC","Russie","Rostov","FC Rostov","ROS","540","MINUTE","6","0","0","24.39","KILOMETER","23.1","KILOMETER_PER_HOUR"
"250013997","52747","32","1993-02-27","23","Areola","FRA","GOALKEEPER","GOALKEEPER","MALE","191","./image/250013997.jpg","Alphonse Areola","GOALKEEPER","23","Areola","43","91","France","Gardien","Alphonse","Areola","Alphonse Areola","Areola","200043","./assoc/200043_FRA.svg","./logo/52747.png","UEFA","FRA","52747","FAME","Paris","","https://img.uefa.com/imgml/TP/teams/logos/70x70/52747.png","https://img.uefa.com/imgml/TP/teams/logos/240x240/52747.png","252747","PSG","DOMESTIC_MEN_TEAM_A","","DOMESTIC","France","Paris","Paris Saint-Germain","PSG","540","MINUTE","6","0","0","24.36","KILOMETER","22.5","KILOMETER_PER_HOUR"
"74097","50043","42","1983-04-03","1","Butelle","FRA","UNKNOWN","GOALKEEPER","MALE","188","./image/74097.jpg","Ludovic Butelle","GOALKEEPER","","Butelle","","84","France","Gardien","Ludovic","Butelle","Ludovic Butelle","Butelle","200013","./assoc/200013_BEL.svg","./logo/50043.png","UEFA","BEL","50043","FAME","Club Brugge","","https://img.uefa.com/imgml/TP/teams/logos/70x70/50043.png","https://img.uefa.com/imgml/TP/teams/logos/240x240/50043.png","250043","BRU","DOMESTIC_MEN_TEAM_A","","DOMESTIC","Belgique","Club Brugge","Club Brugge KV","BRU","540","MINUTE","6","0","0","22.02","KILOMETER","22.5","KILOMETER_PER_HOUR"
"66794","54266","39","1986-04-08","35","Akinfeev","RUS","GOALKEEPER","GOALKEEPER","MALE","186","./image/66794.jpg","Igor Akinfeev","GOALKEEPER","1","Akinfeev","57451","82","Russie","Gardien","Igor","Akinfeev","Igor Akinfeev","Akinfeev","257451","./assoc/257451_RUS.svg","./logo/54266.png","UEFA","RUS","54266","FAME","CSKA Moskva","","https://img.uefa.com/imgml/TP/teams/logos/70x70/54266.png","https://img.uefa.com/imgml/TP/teams/logos/240x240/54266.png","254266","CSM","DOMESTIC_MEN_TEAM_A","","DOMESTIC","Russie","CSKA Moskva","PFC CSKA Moskva","CSM","540","MINUTE","6","0","0","21.04","KILOMETER","18.4","KILOMETER_PER_HOUR"
"250008901","52919","34","1991-06-28","11","De Bruyne","BEL","ATTACKING_MIDFIELDER","MIDFIELDER","MALE","181","./image/250008901.jpg","Kevin De Bruyne","MIDFIELDER","7","De Bruyne","13","68","Belgique","Milieu","Kevin","De Bruyne","Kevin De Bruyne","De Bruyne","200039","./assoc/200039_ENG.svg","./logo/52919.png","UEFA","ENG","52919","FAME","Man City","","https://img.uefa.com/imgml/TP/teams/logos/70x70/52919.png","https://img.uefa.com/imgml/TP/teams/logos/240x240/52919.png","252919","MCI","DOMESTIC_MEN_TEAM_A","","DOMESTIC","Angleterre","Man City","Manchester City","MCI","539","MINUTE","6","1","1","69.09","KILOMETER","30.4","KILOMETER_PER_HOUR"
"250076574","50023","26","1998-12-20","10","MBAPPÉ","FRA","STRIKER","FORWARD","MALE","178","./image/250076574.jpg","Kylian Mbappé","FORWARD","10","Mbappe","43","67","France","Attaquant","Kylian","Mbappé","Kylian Mbappé","Mbappé","200043","./assoc/200043_FRA.svg","./logo/50023.png","UEFA","FRA","50023","FAME","Monaco","","https://img.uefa.com/imgml/TP/teams/logos/70x70/50023.png","https://img.uefa.com/imgml/TP/teams/logos/240x240/50023.png","250023","MON","DOMESTIC_MEN_TEAM_A","","DOMESTIC","France","Monaco","AS Monaco","MON","536","MINUTE","9","6","0","58.88","KILOMETER","31.6","KILOMETER_PER_HOUR"
"250020385","52709","35","1990-09-22","22","Ankersen","DEN","FULL_BACK","DEFENDER","MALE","180","./image/250020385.jpg","Peter Ankersen","DEFENDER","2","Ankersen","35","73","Danemark","Défenseur","Peter","Ankersen","Peter Ankersen","Ankersen","200035","./assoc/200035_DEN.svg","./logo/52709.png","UEFA","DEN","52709","FAME","Copenhagen","","https://img.uefa.com/imgml/TP/teams/logos/70x70/52709.png","https://img.uefa.com/imgml/TP/teams/logos/240x240/52709.png","252709","CPH","DOMESTIC_MEN_TEAM_A","","DOMESTIC","Danemark","Copenhagen","F.C. Copenhagen","CPH","536","MINUTE","6","0","1","63.11","KILOMETER","31.2","KILOMETER_PER_HOUR"
"1907943","50149","33","1992-04-07","14","WILLIAM","POR","DEFENSIVE_MIDFIELDER","MIDFIELDER","MALE","187","./image/1907943.jpg","William Carvalho","MIDFIELDER","14","William","110","83","Portugal","Milieu","","William Carvalho","William Carvalho","William Carvalho","200110","./assoc/200110_POR.svg","./logo/50149.png","UEFA","POR","50149","FAME","Sporting CP","","https://img.uefa.com/imgml/TP/teams/logos/70x70/50149.png","https://img.uefa.com/imgml/TP/teams/logos/240x240/50149.png","250149","SPO","DOMESTIC_MEN_TEAM_A","","DOMESTIC","Portugal","Sporting CP","Sporting Clube de Portugal","SPO","535","MINUTE","6","0","1","67.25","KILOMETER","27.4","KILOMETER_PER_HOUR"
"250046522","50109","29","1996-05-02","10","Brandt","GER","WINGER","MIDFIELDER","MALE","176","./image/250046522.jpg","Julian Brandt","MIDFIELDER","14","Brandt","47","82","Allemagne","Milieu","Julian","Brandt","Julian Brandt","Brandt","200047","./assoc/200047_GER.svg","./logo/50109.png","UEFA","GER","50109","FAME","Leverkusen","","https://img.uefa.com/imgml/TP/teams/logos/70x70/50109.png","https://img.uefa.com/imgml/TP/teams/logos/240x240/50109.png","250109","LEV","DOMESTIC_MEN_TEAM_A","","DOMESTIC","Allemagne","Leverkusen","Bayer 04 Leverkusen","LEV","534","MINUTE","8","1","0","65.33","KILOMETER","32.5","KILOMETER_PER_HOUR"
"250055962","52758","31","1994-01-19","28","Ginter","GER","FULL_BACK","DEFENDER","MALE","190","./image/250055962.jpg","Matthias Ginter","DEFENDER","4","Ginter","47","88","Allemagne","Défenseur","Matthias","Ginter","Matthias Ginter","Ginter","200047","./assoc/200047_GER.svg","./logo/52758.png","UEFA","GER","52758","FAME","B. Dortmund","","https://img.uefa.com/imgml/TP/teams/logos/70x70/52758.png","https://img.uefa.com/imgml/TP/teams/logos/240x240/52758.png","252758","BVB","DOMESTIC_MEN_TEAM_A","","DOMESTIC","Allemagne","B. Dortmund","Borussia Dortmund","BVB","534","MINUTE","8","0","1","61.5","KILOMETER","28","KILOMETER_PER_HOUR"
"250014667","50062","34","1991-09-02","14","Pröpper","NED","UNKNOWN","MIDFIELDER","MALE","189","./image/250014667.jpg","Davy Pröpper","MIDFIELDER","6","Pröpper","95","88","Pays-Bas","Milieu","Davy","Pröpper","Davy Pröpper","Pröpper","200095","./assoc/200095_NED.svg","./logo/50062.png","UEFA","NED","50062","FAME","PSV","","https://img.uefa.com/imgml/TP/teams/logos/70x70/50062.png","https://img.uefa.com/imgml/TP/teams/logos/240x240/50062.png","250062","PSV","DOMESTIC_MEN_TEAM_A","","DOMESTIC","Pays-Bas","PSV","PSV Eindhoven","PSV","534","MINUTE","6","1","1","68.55","KILOMETER","27.8","KILOMETER_PER_HOUR"
"250058217","1652","29","1996-04-11","20","Dele","ENG","ATTACKING_MIDFIELDER","MIDFIELDER","MALE","188","./image/250058217.jpg","Dele Alli","MIDFIELDER","20","Dele","39","73","Angleterre","Milieu","Dele","Alli","Dele Alli","Alli","200039","./assoc/200039_ENG.svg","./logo/1652.png","UEFA","ENG","1652","FAME","Tottenham","","https://img.uefa.com/imgml/TP/teams/logos/70x70/1652.png","https://img.uefa.com/imgml/TP/teams/logos/240x240/1652.png","201652","TOT","DOMESTIC_MEN_TEAM_A","","DOMESTIC","Angleterre","Tottenham","Tottenham Hotspur","TOT","532","MINUTE","6","1","1","71.35","KILOMETER","28.9","KILOMETER_PER_HOUR"
"250099065","2603104","34","1990-12-25","6","NATANAEL P.","BRA","FULL_BACK","DEFENDER","MALE","","./image/250099065.jpg","Natanael","DEFENDER","","Natanael P.","","","Brésil","Défenseur","","Natanael","Natanael","Natanael","200020","./assoc/200020_BUL.svg","./logo/2603104.png","UEFA","BUL","2603104","FAME","Ludogorets","","https://img.uefa.com/imgml/TP/teams/logos/70x70/2603104.png","https://img.uefa.com/imgml/TP/teams/logos/240x240/2603104.png","250002030","LUD","DOMESTIC_MEN_TEAM_A","","DOMESTIC","Bulgarie","Ludogorets","PFC Ludogorets 1945","LUD","530","MINUTE","6","1","1","57.48","KILOMETER","31.9","KILOMETER_PER_HOUR"
"1902468","50139","39","1986-01-19","10","Marchisio","ITA","CENTRAL_MIDFIELDER","MIDFIELDER","MALE","180","./image/1902468.jpg","Claudio Marchisio","MIDFIELDER","8","Marchisio","66","71","Italie","Milieu","Claudio","Marchisio","Claudio Marchisio","Marchisio","200066","./assoc/200066_ITA.svg","./logo/50139.png","UEFA","ITA","50139","FAME","Juventus","","https://img.uefa.com/imgml/TP/teams/logos/70x70/50139.png","https://img.uefa.com/imgml/TP/teams/logos/240x240/50139.png","250139","JUV","DOMESTIC_MEN_TEAM_A","","DOMESTIC","Italie","Juventus","Juventus","JUV","528","MINUTE","8","1","1","67.1","KILOMETER","30.1","KILOMETER_PER_HOUR"
"250024981","50023","31","1994-07-17","22","Mendy","FRA","UNKNOWN","DEFENDER","MALE","185","./image/250024981.jpg","Benjamin Mendy","DEFENDER","22","Mendy","43","85","France","Défenseur","Benjamin","Mendy","Benjamin Mendy","B. Mendy","200043","./assoc/200043_FRA.svg","./logo/50023.png","UEFA","FRA","50023","FAME","Monaco","","https://img.uefa.com/imgml/TP/teams/logos/70x70/50023.png","https://img.uefa.com/imgml/TP/teams/logos/240x240/50023.png","250023","MON","DOMESTIC_MEN_TEAM_A","","DOMESTIC","France","Monaco","AS Monaco","MON","525","MINUTE","7","0","4","57.47","KILOMETER","32.6","KILOMETER_PER_HOUR"
"108133","50062","37","1988-08-23","6","Schwaab","GER","CENTRE_BACK","DEFENDER","MALE","186","./image/108133.jpg","Daniel Schwaab","DEFENDER","2","Schwaab","","75","Allemagne","Défenseur","Daniel","Schwaab","Daniel Schwaab","Schwaab","200095","./assoc/200095_NED.svg","./logo/50062.png","UEFA","NED","50062","FAME","PSV","","https://img.uefa.com/imgml/TP/teams/logos/70x70/50062.png","https://img.uefa.com/imgml/TP/teams/logos/240x240/50062.png","250062","PSV","DOMESTIC_MEN_TEAM_A","","DOMESTIC","Pays-Bas","PSV","PSV Eindhoven","PSV","525","MINUTE","6","0","0","60.08","KILOMETER","29.1","KILOMETER_PER_HOUR"
"250057929","50050","29","1996-07-12","9","DEMBELE","FRA","STRIKER","FORWARD","MALE","183","./image/250057929.jpg","Moussa Dembélé","FORWARD","9","DEMBELE","43","74","France","Attaquant","Moussa","Dembélé","Moussa Dembélé","Dembélé","200117","./assoc/200117_SCO.svg","./logo/50050.png","UEFA","SCO","50050","FAME","Celtic","","https://img.uefa.com/imgml/TP/teams/logos/70x70/50050.png","https://img.uefa.com/imgml/TP/teams/logos/240x240/50050.png","250050","CEL","DOMESTIC_MEN_TEAM_A","","DOMESTIC","Écosse","Celtic","Celtic FC","CEL","523","MINUTE","6","3","0","55.82","KILOMETER","30.5","KILOMETER_PER_HOUR"
"250072759","2603104","37","1988-01-02","88","WANDERSON","BRA","ATTACKING_MIDFIELDER","FORWARD","MALE","167","./image/250072759.jpg","Wanderson","MIDFIELDER","","Farias","","61","Brésil","Attaquant","","Wanderson","Wanderson","Wanderson","200020","./assoc/200020_BUL.svg","./logo/2603104.png","UEFA","BUL","2603104","FAME","Ludogorets","","https://img.uefa.com/imgml/TP/teams/logos/70x70/2603104.png","https://img.uefa.com/imgml/TP/teams/logos/240x240/2603104.png","250002030","LUD","DOMESTIC_MEN_TEAM_A","","DOMESTIC","Bulgarie","Ludogorets","PFC Ludogorets 1945","LUD","523","MINUTE","6","1","1","58.68","KILOMETER","29.1","KILOMETER_PER_HOUR"
"53749","50157","42","1983-09-26","7","QUARESMA","POR","WINGER","MIDFIELDER","MALE","175","./image/53749.jpg","Ricardo Quaresma","MIDFIELDER","20","Quaresma","110","67","Portugal","Milieu","Ricardo","Quaresma","Ricardo Quaresma","Quaresma","200135","./assoc/200135_TUR.svg","./logo/50157.png","UEFA","TUR","50157","FAME","Beşiktaş","","https://img.uefa.com/imgml/TP/teams/logos/70x70/50157.png","https://img.uefa.com/imgml/TP/teams/logos/240x240/50157.png","250157","BES","DOMESTIC_MEN_TEAM_A","","DOMESTIC","Turquie","Beşiktaş","Beşiktaş JK","BES","520","MINUTE","6","3","3","55.25","KILOMETER","30.5","KILOMETER_PER_HOUR"
"250005335","52919","34","1990-10-24","20","GÜNDOĞAN","GER","CENTRAL_MIDFIELDER","MIDFIELDER","MALE","180","./image/250005335.jpg","İlkay Gündoğan","MIDFIELDER","21","Gündoğan","47","80","Allemagne","Milieu","İlkay","Gündoğan","İlkay Gündoğan","Gündoğan","200039","./assoc/200039_ENG.svg","./logo/52919.png","UEFA","ENG","52919","FAME","Man City","","https://img.uefa.com/imgml/TP/teams/logos/70x70/52919.png","https://img.uefa.com/imgml/TP/teams/logos/240x240/52919.png","252919","MCI","DOMESTIC_MEN_TEAM_A","","DOMESTIC","Angleterre","Man City","Manchester City","MCI","520","MINUTE","6","2","0","63.11","KILOMETER","28.2","KILOMETER_PER_HOUR"
"250017867","50050","34","1991-10-04","28","Sviatchenko","DEN","CENTRE_BACK","DEFENDER","MALE","185","./image/250017867.jpg","Erik Sviatchenko","DEFENDER","14","Sviatchenko","35","82","Danemark","Défenseur","Erik","Sviatchenko","Erik Sviatchenko","Sviatchenko","200117","./assoc/200117_SCO.svg","./logo/50050.png","UEFA","SCO","50050","FAME","Celtic","","https://img.uefa.com/imgml/TP/teams/logos/70x70/50050.png","https://img.uefa.com/imgml/TP/teams/logos/240x240/50050.png","250050","CEL","DOMESTIC_MEN_TEAM_A","","DOMESTIC","Écosse","Celtic","Celtic FC","CEL","518","MINUTE","6","0","1","58.12","KILOMETER","29.4","KILOMETER_PER_HOUR"
"250017121","50109","36","1989-04-17","20","Ch. Aránguiz","CHI","CENTRAL_MIDFIELDER","MIDFIELDER","MALE","171","./image/250017121.jpg","Charles Aránguiz","MIDFIELDER","20","Aránguiz","26","71","Chili","Milieu","Charles","Aránguiz","Charles Aránguiz","Aránguiz","200047","./assoc/200047_GER.svg","./logo/50109.png","UEFA","GER","50109","FAME","Leverkusen","","https://img.uefa.com/imgml/TP/teams/logos/70x70/50109.png","https://img.uefa.com/imgml/TP/teams/logos/240x240/50109.png","250109","LEV","DOMESTIC_MEN_TEAM_A","","DOMESTIC","Allemagne","Leverkusen","Bayer 04 Leverkusen","LEV","516","MINUTE","8","0","0","69.17","KILOMETER","27.8","KILOMETER_PER_HOUR"
"250039525","52747","33","1992-08-13","27","Lucas","BRA","WINGER","FORWARD","MALE","172","./image/250039525.jpg","Lucas Moura","MIDFIELDER","","Lucas","","72","Brésil","Attaquant","Lucas","Moura","Lucas Moura","Moura","200043","./assoc/200043_FRA.svg","./logo/52747.png","UEFA","FRA","52747","FAME","Paris","","https://img.uefa.com/imgml/TP/teams/logos/70x70/52747.png","https://img.uefa.com/imgml/TP/teams/logos/240x240/52747.png","252747","PSG","DOMESTIC_MEN_TEAM_A","","DOMESTIC","France","Paris","Paris Saint-Germain","PSG","512","MINUTE","7","1","2","57.46","KILOMETER","30.1","KILOMETER_PER_HOUR"
"98865","50037","37","1988-09-03","17","Boateng","GER","CENTRE_BACK","DEFENDER","MALE","192","./image/98865.jpg","Jérôme Boateng","DEFENDER","17","Boateng","47","90","Allemagne","Défenseur","Jérôme","Boateng","Jérôme Boateng","Boateng","200047","./assoc/200047_GER.svg","./logo/50037.png","UEFA","GER","50037","FAME","Bayern München","","https://img.uefa.com/imgml/TP/teams/logos/70x70/50037.png","https://img.uefa.com/imgml/TP/teams/logos/240x240/50037.png","250037","BAY","DOMESTIC_MEN_TEAM_A","","DOMESTIC","Allemagne","Bayern München","FC Bayern München","BAY","510","MINUTE","6","0","0","51.15","KILOMETER","30.1","KILOMETER_PER_HOUR"
"102225","50051","36","1989-07-16","18","BALE","WAL","STRIKER","FORWARD","MALE","183","./image/102225.jpg","Gareth Bale","FORWARD","11","Bale","144","74","Pays de Galles","Attaquant","Gareth","Bale","Gareth Bale","Bale","200122","./assoc/200122_ESP.svg","./logo/50051.png","UEFA","ESP","50051","FAME","Real Madrid","","https://img.uefa.com/imgml/TP/teams/logos/70x70/50051.png","https://img.uefa.com/imgml/TP/teams/logos/240x240/50051.png","250051","RMA","DOMESTIC_MEN_TEAM_A","","DOMESTIC","Espagne","Real Madrid","Real Madrid C.F.","RMA","509","MINUTE","8","2","2","57.1","KILOMETER","31.7","KILOMETER_PER_HOUR"
"250052972","50164","37","1988-04-10","78","Jr. Fernandes","CHI","UNKNOWN","FORWARD","MALE","181","./image/250052972.jpg","Junior Fernandes","FORWARD","","Fernandes da Silva Vitoria","","78","Chili","Attaquant","Junior","Fernandes","Junior Fernandes","Fernandes","256370","./assoc/256370_CRO.svg","./logo/50164.png","UEFA","CRO","50164","FAME","GNK Dinamo","","https://img.uefa.com/imgml/TP/teams/logos/70x70/50164.png","https://img.uefa.com/imgml/TP/teams/logos/240x240/50164.png","250164","DIN","DOMESTIC_MEN_TEAM_A","","DOMESTIC","Croatie","GNK Dinamo","GNK Dinamo","DIN","508","MINUTE","6","0","0","53.83","KILOMETER","30.1","KILOMETER_PER_HOUR"
"250066239","50149","30","1995-05-11","10","Gelson.M","POR","ATTACKING_MIDFIELDER","FORWARD","MALE","186","./image/250066239.jpg","Gelson Martins","MIDFIELDER","18","Gelson M.","110","","Portugal","Attaquant","","Gelson Martins","Gelson Martins","Gelson Martins","200110","./assoc/200110_POR.svg","./logo/50149.png","UEFA","POR","50149","FAME","Sporting CP","","https://img.uefa.com/imgml/TP/teams/logos/70x70/50149.png","https://img.uefa.com/imgml/TP/teams/logos/240x240/50149.png","250149","SPO","DOMESTIC_MEN_TEAM_A","","DOMESTIC","Portugal","Sporting CP","Sporting Clube de Portugal","SPO","506","MINUTE","6","0","0","62.95","KILOMETER","32.5","KILOMETER_PER_HOUR"
"250063505","50124","30","1995-01-20","2","J. M. GIMÉNEZ","URU","CENTRE_BACK","DEFENDER","MALE","185","./image/250063505.jpg","José María Giménez","DEFENDER","2","Giménez","138","76","Uruguay","Défenseur","José María","Giménez","José María Giménez","Giménez","200122","./assoc/200122_ESP.svg","./logo/50124.png","UEFA","ESP","50124","FAME","Atleti","","https://img.uefa.com/imgml/TP/teams/logos/70x70/50124.png","https://img.uefa.com/imgml/TP/teams/logos/240x240/50124.png","250124","ATM","DOMESTIC_MEN_TEAM_A","","DOMESTIC","Espagne","Atleti","Atlético de Madrid","ATM","506","MINUTE","6","0","0","54.43","KILOMETER","30.9","KILOMETER_PER_HOUR"
"250066156","52758","31","1993-12-22","22","Guerreiro","POR","FULL_BACK","DEFENDER","MALE","170","./image/250066156.jpg","Raphaël Guerreiro","DEFENDER","5","Raphael","110","67","Portugal","Défenseur","Raphaël","Guerreiro","Raphaël Guerreiro","Guerreiro","200047","./assoc/200047_GER.svg","./logo/52758.png","UEFA","GER","52758","FAME","B. Dortmund","","https://img.uefa.com/imgml/TP/teams/logos/70x70/52758.png","https://img.uefa.com/imgml/TP/teams/logos/240x240/52758.png","252758","BVB","DOMESTIC_MEN_TEAM_A","","DOMESTIC","Allemagne","B. Dortmund","Borussia Dortmund","BVB","501","MINUTE","6","1","1","64.38","KILOMETER","28.2","KILOMETER_PER_HOUR"
"68468","50139","44","1981-05-15","21","Evra","FRA","FULL_BACK","DEFENDER","MALE","174","./image/68468.jpg","Patrice Evra","DEFENDER","3","Evra","43","74","France","Défenseur","Patrice","Evra","Patrice Evra","Evra","200066","./assoc/200066_ITA.svg","./logo/50139.png","UEFA","ITA","50139","FAME","Juventus","","https://img.uefa.com/imgml/TP/teams/logos/70x70/50139.png","https://img.uefa.com/imgml/TP/teams/logos/240x240/50139.png","250139","JUV","DOMESTIC_MEN_TEAM_A","","DOMESTIC","Italie","Juventus","Juventus","JUV","500","MINUTE","6","0","0","54.69","KILOMETER","29.6","KILOMETER_PER_HOUR"
"250040568","50023","35","1990-04-17","28","Germain","FRA","STRIKER","FORWARD","MALE","180","./image/250040568.jpg","Valère Germain","FORWARD","","Germain","200043","73","France","Attaquant","Valère","Germain","Valère Germain","Germain","200043","./assoc/200043_FRA.svg","./logo/50023.png","UEFA","FRA","50023","FAME","Monaco","","https://img.uefa.com/imgml/TP/teams/logos/70x70/50023.png","https://img.uefa.com/imgml/TP/teams/logos/240x240/50023.png","250023","MON","DOMESTIC_MEN_TEAM_A","","DOMESTIC","France","Monaco","AS Monaco","MON","498","MINUTE","12","2","1","58.68","KILOMETER","28.6","KILOMETER_PER_HOUR"
"250026037","50136","34","1991-06-04","24","INSIGNE","ITA","STRIKER","FORWARD","MALE","163","./image/250026037.jpg","Lorenzo Insigne","FORWARD","10","Insigne","66","59","Italie","Attaquant","Lorenzo","Insigne","Lorenzo Insigne","Insigne","200066","./assoc/200066_ITA.svg","./logo/50136.png","UEFA","ITA","50136","FAME","Napoli","","https://img.uefa.com/imgml/TP/teams/logos/70x70/50136.png","https://img.uefa.com/imgml/TP/teams/logos/240x240/50136.png","250136","NAP","DOMESTIC_MEN_TEAM_A","","DOMESTIC","Italie","Napoli","SSC Napoli","NAP","498","MINUTE","8","1","0","65.7","KILOMETER","28.4","KILOMETER_PER_HOUR"
"250001662","64500","36","1989-10-13","21","Erokhin","RUS","ATTACKING_MIDFIELDER","MIDFIELDER","MALE","195","./image/250001662.jpg","Aleksandr Erokhin","MIDFIELDER","21","Erokhin","57451","79","Russie","Milieu","Aleksandr","Erokhin","Aleksandr Erokhin","Erokhin","257451","./assoc/257451_RUS.svg","./logo/64500.png","UEFA","RUS","64500","FAME","Rostov","","https://img.uefa.com/imgml/TP/teams/logos/70x70/64500.png","https://img.uefa.com/imgml/TP/teams/logos/240x240/64500.png","264500","ROS","DOMESTIC_MEN_TEAM_A","","DOMESTIC","Russie","Rostov","FC Rostov","ROS","495","MINUTE","6","0","1","66.28","KILOMETER","28.1","KILOMETER_PER_HOUR"
"250058227","54266","29","1996-05-30","10","GOLOVIN","RUS","ATTACKING_MIDFIELDER","MIDFIELDER","MALE","180","./image/250058227.jpg","Aleksandr Golovin","MIDFIELDER","17","Golovin","57451","69","Russie","Milieu","Aleksandr","Golovin","Aleksandr Golovin","Golovin","257451","./assoc/257451_RUS.svg","./logo/54266.png","UEFA","RUS","54266","FAME","CSKA Moskva","","https://img.uefa.com/imgml/TP/teams/logos/70x70/54266.png","https://img.uefa.com/imgml/TP/teams/logos/240x240/54266.png","254266","CSM","DOMESTIC_MEN_TEAM_A","","DOMESTIC","Russie","CSKA Moskva","PFC CSKA Moskva","CSM","495","MINUTE","6","0","0","66.7","KILOMETER","31.4","KILOMETER_PER_HOUR"
"103218","50147","37","1988-03-12","11","MITROGLOU","GRE","UNKNOWN","FORWARD","MALE","188","./image/103218.jpg","Kostas Mitroglou","FORWARD","11","Mitroglou","49","85","Grèce","Attaquant","Kostas","Mitroglou","Kostas Mitroglou","Mitroglou","200110","./assoc/200110_POR.svg","./logo/50147.png","UEFA","POR","50147","FAME","Benfica","","https://img.uefa.com/imgml/TP/teams/logos/70x70/50147.png","https://img.uefa.com/imgml/TP/teams/logos/240x240/50147.png","250147","BEN","DOMESTIC_MEN_TEAM_A","","DOMESTIC","Portugal","Benfica","SL Benfica","BEN","492","MINUTE","7","1","0","52.93","KILOMETER","30.1","KILOMETER_PER_HOUR"
"250017920","50157","33","1992-01-22","10","ABOUBAKAR","CMR","STRIKER","FORWARD","MALE","184","./image/250017920.jpg","Vincent Aboubakar","FORWARD","10","Aboubakar","23","82","Cameroun","Attaquant","Vincent","Aboubakar","Vincent Aboubakar","Aboubakar","200135","./assoc/200135_TUR.svg","./logo/50157.png","UEFA","TUR","50157","FAME","Beşiktaş","","https://img.uefa.com/imgml/TP/teams/logos/70x70/50157.png","https://img.uefa.com/imgml/TP/teams/logos/240x240/50157.png","250157","BES","DOMESTIC_MEN_TEAM_A","","DOMESTIC","Turquie","Beşiktaş","Beşiktaş JK","BES","492","MINUTE","6","3","0","53.88","KILOMETER","28.4","KILOMETER_PER_HOUR"
"1905737","5312","36","1989-03-10","4","GONALONS","FRA","DEFENSIVE_MIDFIELDER","DEFENDER","MALE","185","./image/1905737.jpg","Maxime Gonalons","MIDFIELDER","22","Gonalons","43","70","France","Défenseur","Maxime","Gonalons","Maxime Gonalons","Gonalons","200043","./assoc/200043_FRA.svg","./logo/5312.png","UEFA","FRA","5312","FAME","Lyon","","https://img.uefa.com/imgml/TP/teams/logos/70x70/5312.png","https://img.uefa.com/imgml/TP/teams/logos/240x240/5312.png","205312","LYO","DOMESTIC_MEN_TEAM_A","","DOMESTIC","France","Lyon","Olympique Lyonnais","LYO","482","MINUTE","6","0","0","59.36","KILOMETER","28.3","KILOMETER_PER_HOUR"
"1906999","64500","34","1991-07-12","99","Poloz","RUS","STRIKER","FORWARD","MALE","183","./image/1906999.jpg","Dmitri Poloz","FORWARD","23","Poloz","57451","74","Russie","Attaquant","Dmitri","Poloz","Dmitri Poloz","Poloz","257451","./assoc/257451_RUS.svg","./logo/64500.png","UEFA","RUS","64500","FAME","Rostov","","https://img.uefa.com/imgml/TP/teams/logos/70x70/64500.png","https://img.uefa.com/imgml/TP/teams/logos/240x240/64500.png","264500","ROS","DOMESTIC_MEN_TEAM_A","","DOMESTIC","Russie","Rostov","FC Rostov","ROS","481","MINUTE","6","3","2","60.24","KILOMETER","31.2","KILOMETER_PER_HOUR"
"250014661","50149","36","1989-05-31","29","Dost","NED","STRIKER","FORWARD","MALE","196","./image/250014661.jpg","Bas Dost","FORWARD","","Dost","95","78","Pays-Bas","Attaquant","Bas","Dost","Bas Dost","Dost","200110","./assoc/200110_POR.svg","./logo/50149.png","UEFA","POR","50149","FAME","Sporting CP","","https://img.uefa.com/imgml/TP/teams/logos/70x70/50149.png","https://img.uefa.com/imgml/TP/teams/logos/240x240/50149.png","250149","SPO","DOMESTIC_MEN_TEAM_A","","DOMESTIC","Portugal","Sporting CP","Sporting Clube de Portugal","SPO","481","MINUTE","6","1","0","58.68","KILOMETER","26.6","KILOMETER_PER_HOUR"
"250101112","50147","31","1994-05-26","11","F. CERVI","ARG","STRIKER","FORWARD","MALE","170","./image/250101112.jpg","Franco Cervi","FORWARD","","F. CERVI","","69","Argentine","Attaquant","Franco","Cervi","Franco Cervi","Cervi","200110","./assoc/200110_POR.svg","./logo/50147.png","UEFA","POR","50147","FAME","Benfica","","https://img.uefa.com/imgml/TP/teams/logos/70x70/50147.png","https://img.uefa.com/imgml/TP/teams/logos/240x240/50147.png","250147","BEN","DOMESTIC_MEN_TEAM_A","","DOMESTIC","Portugal","Benfica","SL Benfica","BEN","480","MINUTE","7","2","0","63.17","KILOMETER","28.2","KILOMETER_PER_HOUR"
"250004721","52280","33","1992-09-27","34","Xhaka","SUI","CENTRAL_MIDFIELDER","MIDFIELDER","MALE","185","./image/250004721.jpg","Granit Xhaka","MIDFIELDER","10","Xhaka","128","82","Suisse","Milieu","Granit","Xhaka","Granit Xhaka","Xhaka","200039","./assoc/200039_ENG.svg","./logo/52280.png","UEFA","ENG","52280","FAME","Arsenal","","https://img.uefa.com/imgml/TP/teams/logos/70x70/52280.png","https://img.uefa.com/imgml/TP/teams/logos/240x240/52280.png","252280","ARS","DOMESTIC_MEN_TEAM_A","","DOMESTIC","Angleterre","Arsenal","Arsenal FC","ARS","479","MINUTE","7","1","0","63.03","KILOMETER","29.5","KILOMETER_PER_HOUR"
"103695","50157","38","1987-03-13","32","BECK","GER","CENTRE_BACK","DEFENDER","MALE","180","./image/103695.jpg","Andreas Beck","DEFENDER","2","Beck","","74","Allemagne","Défenseur","Andreas","Beck","Andreas Beck","Beck","200135","./assoc/200135_TUR.svg","./logo/50157.png","UEFA","TUR","50157","FAME","Beşiktaş","","https://img.uefa.com/imgml/TP/teams/logos/70x70/50157.png","https://img.uefa.com/imgml/TP/teams/logos/240x240/50157.png","250157","BES","DOMESTIC_MEN_TEAM_A","","DOMESTIC","Turquie","Beşiktaş","Beşiktaş JK","BES","479","MINUTE","6","0","1","54.11","KILOMETER","27.2","KILOMETER_PER_HOUR"
"98593","50157","40","1984-10-26","3","ADRIANO","BRA","FULL_BACK","DEFENDER","MALE","172","./image/98593.jpg","Adriano","DEFENDER","","Adriano","","73","Brésil","Défenseur","","Adriano","Adriano","Adriano","200135","./assoc/200135_TUR.svg","./logo/50157.png","UEFA","TUR","50157","FAME","Beşiktaş","","https://img.uefa.com/imgml/TP/teams/logos/70x70/50157.png","https://img.uefa.com/imgml/TP/teams/logos/240x240/50157.png","250157","BES","DOMESTIC_MEN_TEAM_A","","DOMESTIC","Turquie","Beşiktaş","Beşiktaş JK","BES","471","MINUTE","6","1","0","51.85","KILOMETER","26.6","KILOMETER_PER_HOUR"
"58686","50124","41","1984-03-20","9","","ESP","STRIKER","","MALE","186","./image/58686.jpg","Fernando Torres","FORWARD","9","TORRES","","81","Espagne","","Fernando","Torres","Fernando Torres","Torres","200122","./assoc/200122_ESP.svg","./logo/50124.png","UEFA","ESP","50124","FAME","Atleti","","https://img.uefa.com/imgml/TP/teams/logos/70x70/50124.png","https://img.uefa.com/imgml/TP/teams/logos/240x240/50124.png","250124","ATM","DOMESTIC_MEN_TEAM_A","","DOMESTIC","Espagne","Atleti","Atlético de Madrid","ATM","469","MINUTE","9","1","0","56.55","KILOMETER","30","KILOMETER_PER_HOUR"
"250025998","50062","33","1991-11-15","2","Isimat","FRA","UNKNOWN","DEFENDER","MALE","189","./image/250025998.jpg","Nicolas Isimat-Mirin","DEFENDER","","Nicolas","200043","80","France","Défenseur","Nicolas","Isimat-Mirin","Nicolas Isimat-Mirin","Isimat-Mirin","200095","./assoc/200095_NED.svg","./logo/50062.png","UEFA","NED","50062","FAME","PSV","","https://img.uefa.com/imgml/TP/teams/logos/70x70/50062.png","https://img.uefa.com/imgml/TP/teams/logos/240x240/50062.png","250062","PSV","DOMESTIC_MEN_TEAM_A","","DOMESTIC","Pays-Bas","PSV","PSV Eindhoven","PSV","466","MINUTE","6","0","0","52.28","KILOMETER","27.8","KILOMETER_PER_HOUR"
"250017709","50080","32","1993-07-30","26","ANDRE GOMES","POR","CENTRAL_MIDFIELDER","MIDFIELDER","MALE","188","./image/250017709.jpg","André Gomes","MIDFIELDER","21","André Gomes","110","84","Portugal","Milieu","","André Gomes","André Gomes","André Gomes","200122","./assoc/200122_ESP.svg","./logo/50080.png","UEFA","ESP","50080","FAME","Barcelona","","https://img.uefa.com/imgml/TP/teams/logos/70x70/50080.png","https://img.uefa.com/imgml/TP/teams/logos/240x240/50080.png","250080","BAR","DOMESTIC_MEN_TEAM_A","","DOMESTIC","Espagne","Barcelona","FC Barcelona","BAR","465","MINUTE","8","0","0","61.31","KILOMETER","29.5","KILOMETER_PER_HOUR"
"1905136","52280","36","1989-09-26","3","Gibbs","ENG","FULL_BACK","DEFENDER","MALE","178","./image/1905136.jpg","Kieran Gibbs","DEFENDER","8","Gibbs","39","64","Angleterre","Défenseur","Kieran","Gibbs","Kieran Gibbs","Gibbs","200039","./assoc/200039_ENG.svg","./logo/52280.png","UEFA","ENG","52280","FAME","Arsenal","","https://img.uefa.com/imgml/TP/teams/logos/70x70/52280.png","https://img.uefa.com/imgml/TP/teams/logos/240x240/52280.png","252280","ARS","DOMESTIC_MEN_TEAM_A","","DOMESTIC","Angleterre","Arsenal","Arsenal FC","ARS","465","MINUTE","6","0","2","53.38","KILOMETER","31","KILOMETER_PER_HOUR"
"250003318","50037","36","1989-09-13","25","Müller","GER","WINGER","FORWARD","MALE","186","./image/250003318.jpg","Thomas Müller","FORWARD","13","Müller","47","74","Allemagne","Attaquant","Thomas","Müller","Thomas Müller","Müller","200047","./assoc/200047_GER.svg","./logo/50037.png","UEFA","GER","50037","FAME","Bayern München","","https://img.uefa.com/imgml/TP/teams/logos/70x70/50037.png","https://img.uefa.com/imgml/TP/teams/logos/240x240/50037.png","250037","BAY","DOMESTIC_MEN_TEAM_A","","DOMESTIC","Allemagne","Bayern München","FC Bayern München","BAY","462","MINUTE","9","3","0","58.86","KILOMETER","30.1","KILOMETER_PER_HOUR"
"250016027","50037","35","1990-09-14","11","Costa","BRA","WINGER","MIDFIELDER","MALE","170","./image/250016027.jpg","Douglas Costa","MIDFIELDER","","Costa de Souza ","18","65","Brésil","Milieu","","Douglas Costa","Douglas Costa","Douglas Costa","200047","./assoc/200047_GER.svg","./logo/50037.png","UEFA","GER","50037","FAME","Bayern München","","https://img.uefa.com/imgml/TP/teams/logos/70x70/50037.png","https://img.uefa.com/imgml/TP/teams/logos/240x240/50037.png","250037","BAY","DOMESTIC_MEN_TEAM_A","","DOMESTIC","Allemagne","Bayern München","FC Bayern München","BAY","462","MINUTE","9","2","2","51.76","KILOMETER","29.9","KILOMETER_PER_HOUR"
"106572","50146","36","1989-02-21","8","ODJIDJA","BEL","DEFENSIVE_MIDFIELDER","MIDFIELDER","MALE","185","./image/106572.jpg","Vadis Odjidja-Ofoe","MIDFIELDER","19","Odjidja","200013","79","Belgique","Milieu","Vadis","Odjidja-Ofoe","Vadis Odjidja-Ofoe","Odjidja-Ofoe","200109","./assoc/200109_POL.svg","./logo/50146.png","UEFA","POL","50146","FAME","Legia Warszawa","","https://img.uefa.com/imgml/TP/teams/logos/70x70/50146.png","https://img.uefa.com/imgml/TP/teams/logos/240x240/50146.png","250146","LEG","DOMESTIC_MEN_TEAM_A","","DOMESTIC","Pologne","Legia Warszawa","Legia Warszawa","LEG","461","MINUTE","6","1","1","57.94","KILOMETER","29.8","KILOMETER_PER_HOUR"
"250020464","50146","34","1991-05-21","66","GUİLHERME","BRA","CENTRAL_MIDFIELDER","MIDFIELDER","MALE","170","./image/250020464.jpg","Guilherme","MIDFIELDER","","Guilherme","","70","Brésil","Milieu","","Guilherme","Guilherme","Guilherme","200109","./assoc/200109_POL.svg","./logo/50146.png","UEFA","POL","50146","FAME","Legia Warszawa","","https://img.uefa.com/imgml/TP/teams/logos/70x70/50146.png","https://img.uefa.com/imgml/TP/teams/logos/240x240/50146.png","250146","LEG","DOMESTIC_MEN_TEAM_A","","DOMESTIC","Pologne","Legia Warszawa","Legia Warszawa","LEG","461","MINUTE","6","1","1","54.6","KILOMETER","28.7","KILOMETER_PER_HOUR"
"69168","50136","40","1985-09-04","3","R. Albiol","ESP","CENTRE_BACK","DEFENDER","MALE","190","./image/69168.jpg","Raúl Albiol","DEFENDER","3","R. Albiol","122","82","Espagne","Défenseur","Raúl","Albiol","Raúl Albiol","Albiol","200066","./assoc/200066_ITA.svg","./logo/50136.png","UEFA","ITA","50136","FAME","Napoli","","https://img.uefa.com/imgml/TP/teams/logos/70x70/50136.png","https://img.uefa.com/imgml/TP/teams/logos/240x240/50136.png","250136","NAP","DOMESTIC_MEN_TEAM_A","","DOMESTIC","Italie","Napoli","SSC Napoli","NAP","461","MINUTE","6","0","0","51.2","KILOMETER","28.8","KILOMETER_PER_HOUR"
"250061030","64500","30","1995-01-01","17","Azmoun","IRN","STRIKER","FORWARD","MALE","186","./image/250061030.jpg","Sardar Azmoun","FORWARD","20","Azmoun","61","79","Iran","Attaquant","Sardar","Azmoun","Sardar Azmoun","Azmoun","257451","./assoc/257451_RUS.svg","./logo/64500.png","UEFA","RUS","64500","FAME","Rostov","","https://img.uefa.com/imgml/TP/teams/logos/70x70/64500.png","https://img.uefa.com/imgml/TP/teams/logos/240x240/64500.png","264500","ROS","DOMESTIC_MEN_TEAM_A","","DOMESTIC","Russie","Rostov","FC Rostov","ROS","458","MINUTE","6","2","1","53.89","KILOMETER","30.6","KILOMETER_PER_HOUR"
"1908228","50043","34","1991-06-13","2","Van Rhijn","NED","UNKNOWN","DEFENDER","MALE","183","./image/1908228.jpg","Ricardo van Rhijn","DEFENDER","2","V. Rhijn","200095","79","Pays-Bas","Défenseur","Ricardo","van Rhijn","Ricardo van Rhijn","Van Rhijn","200013","./assoc/200013_BEL.svg","./logo/50043.png","UEFA","BEL","50043","FAME","Club Brugge","","https://img.uefa.com/imgml/TP/teams/logos/70x70/50043.png","https://img.uefa.com/imgml/TP/teams/logos/240x240/50043.png","250043","BRU","DOMESTIC_MEN_TEAM_A","","DOMESTIC","Belgique","Club Brugge","Club Brugge KV","BRU","457","MINUTE","6","0","0","53.31","KILOMETER","31","KILOMETER_PER_HOUR"
"250029318","52747","34","1991-09-12","12","MEUNIER","BEL","FULL_BACK","DEFENDER","MALE","190","./image/250029318.jpg","Thomas Meunier","DEFENDER","15","Meunier","13","78","Belgique","Défenseur","Thomas","Meunier","Thomas Meunier","Meunier","200043","./assoc/200043_FRA.svg","./logo/52747.png","UEFA","FRA","52747","FAME","Paris","","https://img.uefa.com/imgml/TP/teams/logos/70x70/52747.png","https://img.uefa.com/imgml/TP/teams/logos/240x240/52747.png","252747","PSG","DOMESTIC_MEN_TEAM_A","","DOMESTIC","France","Paris","Paris Saint-Germain","PSG","454","MINUTE","6","1","2","57.61","KILOMETER","29.9","KILOMETER_PER_HOUR"
"250054829","5312","31","1994-08-03","8","Tolisso","FRA","CENTRAL_MIDFIELDER","MIDFIELDER","MALE","181","./image/250054829.jpg","Corentin Tolisso","MIDFIELDER","12","Tolisso","43","78","France","Milieu","Corentin","Tolisso","Corentin Tolisso","Tolisso","200043","./assoc/200043_FRA.svg","./logo/5312.png","UEFA","FRA","5312","FAME","Lyon","","https://img.uefa.com/imgml/TP/teams/logos/70x70/5312.png","https://img.uefa.com/imgml/TP/teams/logos/240x240/5312.png","205312","LYO","DOMESTIC_MEN_TEAM_A","","DOMESTIC","France","Lyon","Olympique Lyonnais","LYO","450","MINUTE","6","2","1","57.14","KILOMETER","30.9","KILOMETER_PER_HOUR"
"1905884","1652","33","1992-02-14","14","Eriksen","DEN","ATTACKING_MIDFIELDER","MIDFIELDER","MALE","175","./image/1905884.jpg","Christian Eriksen","MIDFIELDER","10","Eriksen","35","65","Danemark","Milieu","Christian","Eriksen","Christian Eriksen","Eriksen","200039","./assoc/200039_ENG.svg","./logo/1652.png","UEFA","ENG","1652","FAME","Tottenham","","https://img.uefa.com/imgml/TP/teams/logos/70x70/1652.png","https://img.uefa.com/imgml/TP/teams/logos/240x240/1652.png","201652","TOT","DOMESTIC_MEN_TEAM_A","","DOMESTIC","Angleterre","Tottenham","Tottenham Hotspur","TOT","450","MINUTE","6","0","1","61.17","KILOMETER","30.1","KILOMETER_PER_HOUR"
"250000069","52723","35","1989-10-23","7","Yarmolenko","UKR","WINGER","MIDFIELDER","MALE","189","./image/250000069.jpg","Andriy Yarmolenko","MIDFIELDER","7","Yarmolenko","57166","81","Ukraine","Milieu","Andriy","Yarmolenko","Andriy Yarmolenko","Yarmolenko","257166","./assoc/257166_UKR.svg","./logo/52723.png","UEFA","UKR","52723","FAME","Dynamo Kyiv","","https://img.uefa.com/imgml/TP/teams/logos/70x70/52723.png","https://img.uefa.com/imgml/TP/teams/logos/240x240/52723.png","252723","DKY","DOMESTIC_MEN_TEAM_A","","DOMESTIC","Ukraine","Dynamo Kyiv","FC Dynamo Kyiv","DKY","450","MINUTE","5","1","3","54.31","KILOMETER","29.3","KILOMETER_PER_HOUR"
"250005343","50062","35","1990-08-27","26","De Jong","NED","STRIKER","FORWARD","MALE","188","./image/250005343.jpg","Luuk de Jong","FORWARD","9","L. de Jong","95","80","Pays-Bas","Attaquant","Luuk","de Jong","Luuk de Jong","L. de Jong","200095","./assoc/200095_NED.svg","./logo/50062.png","UEFA","NED","50062","FAME","PSV","","https://img.uefa.com/imgml/TP/teams/logos/70x70/50062.png","https://img.uefa.com/imgml/TP/teams/logos/240x240/50062.png","250062","PSV","DOMESTIC_MEN_TEAM_A","","DOMESTIC","Pays-Bas","PSV","PSV Eindhoven","PSV","450","MINUTE","5","1","1","50.03","KILOMETER","28.6","KILOMETER_PER_HOUR"
"250041664","52709","32","1993-03-16","14","Cornelius","DEN","STRIKER","FORWARD","MALE","193","./image/250041664.jpg","Andreas Cornelius","FORWARD","21","Cornelius","35","91","Danemark","Attaquant","Andreas","Cornelius","Andreas Cornelius","Cornelius","200035","./assoc/200035_DEN.svg","./logo/52709.png","UEFA","DEN","52709","FAME","Copenhagen","","https://img.uefa.com/imgml/TP/teams/logos/70x70/52709.png","https://img.uefa.com/imgml/TP/teams/logos/240x240/52709.png","252709","CPH","DOMESTIC_MEN_TEAM_A","","DOMESTIC","Danemark","Copenhagen","F.C. Copenhagen","CPH","450","MINUTE","5","1","0","51.78","KILOMETER","30.3","KILOMETER_PER_HOUR"
"250060817","59856","33","1991-11-03","11","Steffen","SUI","WINGER","MIDFIELDER","MALE","170","./image/250060817.jpg","Renato Steffen","MIDFIELDER","11","Steffen","128","65","Suisse","Milieu","Renato","Steffen","Renato Steffen","Steffen","200128","./assoc/200128_SUI.svg","./logo/59856.png","UEFA","SUI","59856","FAME","Basel","","https://img.uefa.com/imgml/TP/teams/logos/70x70/59856.png","https://img.uefa.com/imgml/TP/teams/logos/240x240/59856.png","259856","BSL","DOMESTIC_MEN_TEAM_A","","DOMESTIC","Suisse","Basel","FC Basel 1893","BSL","450","MINUTE","5","1","0","49.61","KILOMETER","28.9","KILOMETER_PER_HOUR"
"250002767","5312","35","1990-07-09","4","Rafael","BRA","FULL_BACK","DEFENDER","MALE","172","./image/250002767.jpg","Rafael","DEFENDER","","Pereira Da Silva","","71","Brésil","Défenseur","","Rafael","Rafael","Rafael","200043","./assoc/200043_FRA.svg","./logo/5312.png","UEFA","FRA","5312","FAME","Lyon","","https://img.uefa.com/imgml/TP/teams/logos/70x70/5312.png","https://img.uefa.com/imgml/TP/teams/logos/240x240/5312.png","205312","LYO","DOMESTIC_MEN_TEAM_A","","DOMESTIC","France","Lyon","Olympique Lyonnais","LYO","450","MINUTE","5","0","2","51.59","KILOMETER","29.4","KILOMETER_PER_HOUR"
"1906421","50124","33","1992-01-10","2","Vrsaljko","CRO","FULL_BACK","DEFENDER","MALE","183","./image/1906421.jpg","Šime Vrsaljko","DEFENDER","2","Vrsaljko","56370","75","Croatie","Défenseur","Šime","Vrsaljko","Šime Vrsaljko","Vrsaljko","200122","./assoc/200122_ESP.svg","./logo/50124.png","UEFA","ESP","50124","FAME","Atleti","","https://img.uefa.com/imgml/TP/teams/logos/70x70/50124.png","https://img.uefa.com/imgml/TP/teams/logos/240x240/50124.png","250124","ATM","DOMESTIC_MEN_TEAM_A","","DOMESTIC","Espagne","Atleti","Atlético de Madrid","ATM","450","MINUTE","5","0","1","56.79","KILOMETER","31.7","KILOMETER_PER_HOUR"
"250074376","50109","32","1993-07-20","18","Wendell","BRA","FULL_BACK","DEFENDER","MALE","176","./image/250074376.jpg","Wendell","DEFENDER","6","Wendell","18","71","Brésil","Défenseur","","Wendell","Wendell","Wendell","200047","./assoc/200047_GER.svg","./logo/50109.png","UEFA","GER","50109","FAME","Leverkusen","","https://img.uefa.com/imgml/TP/teams/logos/70x70/50109.png","https://img.uefa.com/imgml/TP/teams/logos/240x240/50109.png","250109","LEV","DOMESTIC_MEN_TEAM_A","","DOMESTIC","Allemagne","Leverkusen","Bayer 04 Leverkusen","LEV","450","MINUTE","5","0","1","50.99","KILOMETER","30.3","KILOMETER_PER_HOUR"
"103298","50164","36","1989-01-30","23","Pivarić","CRO","FULL_BACK","DEFENDER","MALE","176","./image/103298.jpg","Josip Pivarić","DEFENDER","22","Pivarić","56370","79","Croatie","Défenseur","Josip","Pivarić","Josip Pivarić","Pivarić","256370","./assoc/256370_CRO.svg","./logo/50164.png","UEFA","CRO","50164","FAME","GNK Dinamo","","https://img.uefa.com/imgml/TP/teams/logos/70x70/50164.png","https://img.uefa.com/imgml/TP/teams/logos/240x240/50164.png","250164","DIN","DOMESTIC_MEN_TEAM_A","","DOMESTIC","Croatie","GNK Dinamo","GNK Dinamo","DIN","450","MINUTE","5","0","0","58.1","KILOMETER","28.9","KILOMETER_PER_HOUR"
"99720","54266","39","1986-06-25","86","","SWE","DEFENSIVE_MIDFIELDER","MIDFIELDER","MALE","187","./image/99720.jpg","Pontus Wernbloom","MIDFIELDER","16","Wernbloom","","85","Suède","Milieu","Pontus","Wernbloom","Pontus Wernbloom","Wernbloom","257451","./assoc/257451_RUS.svg","./logo/54266.png","UEFA","RUS","54266","FAME","CSKA Moskva","","https://img.uefa.com/imgml/TP/teams/logos/70x70/54266.png","https://img.uefa.com/imgml/TP/teams/logos/240x240/54266.png","254266","CSM","DOMESTIC_MEN_TEAM_A","","DOMESTIC","Russie","CSKA Moskva","PFC CSKA Moskva","CSM","450","MINUTE","5","0","0","55.36","KILOMETER","28.5","KILOMETER_PER_HOUR"
"1905346","59856","34","1991-02-08","5","LANG","SUI","FULL_BACK","DEFENDER","MALE","185","./image/1905346.jpg","Michael Lang","DEFENDER","7","Lang","128","79","Suisse","Défenseur","Michael","Lang","Michael Lang","M. Lang","200128","./assoc/200128_SUI.svg","./logo/59856.png","UEFA","SUI","59856","FAME","Basel","","https://img.uefa.com/imgml/TP/teams/logos/70x70/59856.png","https://img.uefa.com/imgml/TP/teams/logos/240x240/59856.png","259856","BSL","DOMESTIC_MEN_TEAM_A","","DOMESTIC","Suisse","Basel","FC Basel 1893","BSL","450","MINUTE","5","0","0","55.08","KILOMETER","29.3","KILOMETER_PER_HOUR"
"250047082","52280","30","1995-03-19","2","BELLERÍN","ESP","FULL_BACK","DEFENDER","MALE","177","./image/250047082.jpg","Héctor Bellerín","DEFENDER","10","Bellerin","122","74","Espagne","Défenseur","Héctor","Bellerín","Héctor Bellerín","Bellerín","200039","./assoc/200039_ENG.svg","./logo/52280.png","UEFA","ENG","52280","FAME","Arsenal","","https://img.uefa.com/imgml/TP/teams/logos/70x70/52280.png","https://img.uefa.com/imgml/TP/teams/logos/240x240/52280.png","252280","ARS","DOMESTIC_MEN_TEAM_A","","DOMESTIC","Angleterre","Arsenal","Arsenal FC","ARS","450","MINUTE","5","0","0","54.65","KILOMETER","32.4","KILOMETER_PER_HOUR"
"69717","50146","38","1986-10-26","52","Kuba","POL","CENTRE_BACK","DEFENDER","MALE","183","./image/69717.jpg","Jakub Rzeźniczak","DEFENDER","","Rzelniczak","200109","82","Pologne","Défenseur","Jakub","Rzeźniczak","Jakub Rzeźniczak","Rzeźniczak","200109","./assoc/200109_POL.svg","./logo/50146.png","UEFA","POL","50146","FAME","Legia Warszawa","","https://img.uefa.com/imgml/TP/teams/logos/70x70/50146.png","https://img.uefa.com/imgml/TP/teams/logos/240x240/50146.png","250146","LEG","DOMESTIC_MEN_TEAM_A","","DOMESTIC","Pologne","Legia Warszawa","Legia Warszawa","LEG","450","MINUTE","5","0","0","52.62","KILOMETER","29.1","KILOMETER_PER_HOUR"
"99714","52757","39","1985-10-24","17","Wendt","SWE","FULL_BACK","DEFENDER","MALE","181","./image/99714.jpg","Oscar Wendt","DEFENDER","17","Wendt","127","82","Suède","Défenseur","Oscar","Wendt","Oscar Wendt","Wendt","200047","./assoc/200047_GER.svg","./logo/52757.png","UEFA","GER","52757","FAME","Mönchengladbach","","https://img.uefa.com/imgml/TP/teams/logos/70x70/52757.png","https://img.uefa.com/imgml/TP/teams/logos/240x240/52757.png","252757","MON","DOMESTIC_MEN_TEAM_A","","DOMESTIC","Allemagne","Mönchengladbach","Borussia Mönchengladbach","MON","450","MINUTE","5","0","0","52.48","KILOMETER","29.1","KILOMETER_PER_HOUR"
"250052963","54266","35","1990-09-19","2","M. Fernandes","RUS","FULL_BACK","DEFENDER","MALE","189","./image/250052963.jpg","Mário Fernandes","DEFENDER","2","Fernandes","57451","80","Russie","Défenseur","","Mário Fernandes","Mário Fernandes","Mário Fernandes","257451","./assoc/257451_RUS.svg","./logo/54266.png","UEFA","RUS","54266","FAME","CSKA Moskva","","https://img.uefa.com/imgml/TP/teams/logos/70x70/54266.png","https://img.uefa.com/imgml/TP/teams/logos/240x240/54266.png","254266","CSM","DOMESTIC_MEN_TEAM_A","","DOMESTIC","Russie","CSKA Moskva","PFC CSKA Moskva","CSM","450","MINUTE","5","0","0","51.42","KILOMETER","31.9","KILOMETER_PER_HOUR"
"1903908","50164","40","1985-03-18","5","SCHILDENFELD","CRO","CENTRE_BACK","DEFENDER","MALE","191","./image/1903908.jpg","Gordon Schildenfeld","DEFENDER","13","Schildenfeld","56370","89","Croatie","Défenseur","Gordon","Schildenfeld","Gordon Schildenfeld","Schildenfeld","256370","./assoc/256370_CRO.svg","./logo/50164.png","UEFA","CRO","50164","FAME","GNK Dinamo","","https://img.uefa.com/imgml/TP/teams/logos/70x70/50164.png","https://img.uefa.com/imgml/TP/teams/logos/240x240/50164.png","250164","DIN","DOMESTIC_MEN_TEAM_A","","DOMESTIC","Croatie","GNK Dinamo","GNK Dinamo","DIN","450","MINUTE","5","0","0","48.99","KILOMETER","26.3","KILOMETER_PER_HOUR"
"250066137","50164","28","1997-07-13","32","Benkovic","CRO","CENTRE_BACK","DEFENDER","MALE","194","./image/250066137.jpg","Filip Benković","DEFENDER","14","Benković","56370","78","Croatie","Défenseur","Filip","Benković","Filip Benković","Benković","256370","./assoc/256370_CRO.svg","./logo/50164.png","UEFA","CRO","50164","FAME","GNK Dinamo","","https://img.uefa.com/imgml/TP/teams/logos/70x70/50164.png","https://img.uefa.com/imgml/TP/teams/logos/240x240/50164.png","250164","DIN","DOMESTIC_MEN_TEAM_A","","DOMESTIC","Croatie","GNK Dinamo","GNK Dinamo","DIN","450","MINUTE","5","0","0","48.51","KILOMETER","29.5","KILOMETER_PER_HOUR"
"250072786","50164","38","1987-05-29","22","Sigali","ARG","UNKNOWN","DEFENDER","MALE","180","./image/250072786.jpg","Leonardo Sigali","DEFENDER","","Sigali","","70","Argentine","Défenseur","Leonardo","Sigali","Leonardo Sigali","Sigali","256370","./assoc/256370_CRO.svg","./logo/50164.png","UEFA","CRO","50164","FAME","GNK Dinamo","","https://img.uefa.com/imgml/TP/teams/logos/70x70/50164.png","https://img.uefa.com/imgml/TP/teams/logos/240x240/50164.png","250164","DIN","DOMESTIC_MEN_TEAM_A","","DOMESTIC","Croatie","GNK Dinamo","GNK Dinamo","DIN","450","MINUTE","5","0","0","47.78","KILOMETER","29.3","KILOMETER_PER_HOUR"
"250013853","50043","32","1993-05-07","24","DENSWIL","NED","CENTRE_BACK","DEFENDER","MALE","185","./image/250013853.jpg","Stefano Denswil","DEFENDER","12","Denswil","200095","76","Pays-Bas","Défenseur","Stefano","Denswil","Stefano Denswil","Denswil","200013","./assoc/200013_BEL.svg","./logo/50043.png","UEFA","BEL","50043","FAME","Club Brugge","","https://img.uefa.com/imgml/TP/teams/logos/70x70/50043.png","https://img.uefa.com/imgml/TP/teams/logos/240x240/50043.png","250043","BRU","DOMESTIC_MEN_TEAM_A","","DOMESTIC","Belgique","Club Brugge","Club Brugge KV","BRU","450","MINUTE","5","0","0","47.58","KILOMETER","27.2","KILOMETER_PER_HOUR"
"250055660","50109","29","1996-02-11","4","Tah","GER","CENTRE_BACK","DEFENDER","MALE","192","./image/250055660.jpg","Jonathan Tah","DEFENDER","4","Tah","47","92","Allemagne","Défenseur","Jonathan","Tah","Jonathan Tah","Tah","200047","./assoc/200047_GER.svg","./logo/50109.png","UEFA","GER","50109","FAME","Leverkusen","","https://img.uefa.com/imgml/TP/teams/logos/70x70/50109.png","https://img.uefa.com/imgml/TP/teams/logos/240x240/50109.png","250109","LEV","DOMESTIC_MEN_TEAM_A","","DOMESTIC","Allemagne","Leverkusen","Bayer 04 Leverkusen","LEV","450","MINUTE","5","0","0","47.13","KILOMETER","29.4","KILOMETER_PER_HOUR"
"103704","1652","38","1987-04-24","14","Vertonghen","BEL","CENTRE_BACK","DEFENDER","MALE","189","./image/103704.jpg","Jan Vertonghen","DEFENDER","5","Vertonghen","13","79","Belgique","Défenseur","Jan","Vertonghen","Jan Vertonghen","Vertonghen","200039","./assoc/200039_ENG.svg","./logo/1652.png","UEFA","ENG","1652","FAME","Tottenham","","https://img.uefa.com/imgml/TP/teams/logos/70x70/1652.png","https://img.uefa.com/imgml/TP/teams/logos/240x240/1652.png","201652","TOT","DOMESTIC_MEN_TEAM_A","","DOMESTIC","Angleterre","Tottenham","Tottenham Hotspur","TOT","450","MINUTE","5","0","0","46.83","KILOMETER","29.9","KILOMETER_PER_HOUR"
"250099064","2603104","35","1990-01-05","6","Palomino","ARG","CENTRE_BACK","DEFENDER","MALE","190","./image/250099064.jpg","José Luis Palomino","DEFENDER","","Palomino","","78","Argentine","Défenseur","José Luis","Palomino","José Luis Palomino","Palomino","200020","./assoc/200020_BUL.svg","./logo/2603104.png","UEFA","BUL","2603104","FAME","Ludogorets","","https://img.uefa.com/imgml/TP/teams/logos/70x70/2603104.png","https://img.uefa.com/imgml/TP/teams/logos/240x240/2603104.png","250002030","LUD","DOMESTIC_MEN_TEAM_A","","DOMESTIC","Bulgarie","Ludogorets","PFC Ludogorets 1945","LUD","450","MINUTE","5","0","0","45.5","KILOMETER","32.1","KILOMETER_PER_HOUR"
"250020857","52723","33","1992-05-07","1","Rudko","UKR","GOALKEEPER","GOALKEEPER","MALE","190","./image/250020857.jpg","Artur Rudko","GOALKEEPER","22","Rudko","57166","83","Ukraine","Gardien","Artur","Rudko","Artur Rudko","Rudko","257166","./assoc/257166_UKR.svg","./logo/52723.png","UEFA","UKR","52723","FAME","Dynamo Kyiv","","https://img.uefa.com/imgml/TP/teams/logos/70x70/52723.png","https://img.uefa.com/imgml/TP/teams/logos/240x240/52723.png","252723","DKY","DOMESTIC_MEN_TEAM_A","","DOMESTIC","Ukraine","Dynamo Kyiv","FC Dynamo Kyiv","DKY","450","MINUTE","5","0","0","26.62","KILOMETER","22.3","KILOMETER_PER_HOUR"
"250002154","50157","37","1987-12-31","1","FABRICIO","ESP","GOALKEEPER","GOALKEEPER","MALE","185","./image/250002154.jpg","Fabri","","","Fabri","200122","67","Espagne","Gardien","","Fabri","Fabri","Fabri","200135","./assoc/200135_TUR.svg","./logo/50157.png","UEFA","TUR","50157","FAME","Beşiktaş","","https://img.uefa.com/imgml/TP/teams/logos/70x70/50157.png","https://img.uefa.com/imgml/TP/teams/logos/240x240/50157.png","250157","BES","DOMESTIC_MEN_TEAM_A","","DOMESTIC","Turquie","Beşiktaş","Beşiktaş JK","BES","450","MINUTE","5","0","0","24.64","KILOMETER","21.2","KILOMETER_PER_HOUR"
"108911","50062","34","1991-01-06","41","Zoet","NED","GOALKEEPER","GOALKEEPER","MALE","186","./image/108911.jpg","Jeroen Zoet","GOALKEEPER","13","Zoet","95","76","Pays-Bas","Gardien","Jeroen","Zoet","Jeroen Zoet","Zoet","200095","./assoc/200095_NED.svg","./logo/50062.png","UEFA","NED","50062","FAME","PSV","","https://img.uefa.com/imgml/TP/teams/logos/70x70/50062.png","https://img.uefa.com/imgml/TP/teams/logos/240x240/50062.png","250062","PSV","DOMESTIC_MEN_TEAM_A","","DOMESTIC","Pays-Bas","PSV","PSV Eindhoven","PSV","450","MINUTE","5","0","0","23.19","KILOMETER","20.2","KILOMETER_PER_HOUR"
"57423","50050","42","1982-12-31","1","Gordon","SCO","GOALKEEPER","GOALKEEPER","MALE","193","./image/57423.jpg","Craig Gordon","GOALKEEPER","21","Gordon","117","83","Écosse","Gardien","Craig","Gordon","Craig Gordon","Gordon","200117","./assoc/200117_SCO.svg","./logo/50050.png","UEFA","SCO","50050","FAME","Celtic","","https://img.uefa.com/imgml/TP/teams/logos/70x70/50050.png","https://img.uefa.com/imgml/TP/teams/logos/240x240/50050.png","250050","CEL","DOMESTIC_MEN_TEAM_A","","DOMESTIC","Écosse","Celtic","Celtic FC","CEL","450","MINUTE","5","0","0","19.25","KILOMETER","20.5","KILOMETER_PER_HOUR"
"74617","2603104","38","1987-06-08","27","Stoyanov","BUL","GOALKEEPER","GOALKEEPER","MALE","187","./image/74617.jpg","Vladislav Stoyanov","GOALKEEPER","23","Stoyanov","20","82","Bulgarie","Gardien","Vladislav","Stoyanov","Vladislav Stoyanov","Stoyanov","200020","./assoc/200020_BUL.svg","./logo/2603104.png","UEFA","BUL","2603104","FAME","Ludogorets","","https://img.uefa.com/imgml/TP/teams/logos/70x70/2603104.png","https://img.uefa.com/imgml/TP/teams/logos/240x240/2603104.png","250002030","LUD","DOMESTIC_MEN_TEAM_A","","DOMESTIC","Bulgarie","Ludogorets","PFC Ludogorets 1945","LUD","450","MINUTE","5","0","0","18.87","KILOMETER","26.4","KILOMETER_PER_HOUR"
"95051","50146","45","1980-06-19","1","","POL","GOALKEEPER","","MALE","189","./image/95051.jpg","Arkadiusz Malarz","GOALKEEPER","","Malarz","","86","Pologne","","Arkadiusz","Malarz","Arkadiusz Malarz","Malarz","200109","./assoc/200109_POL.svg","./logo/50146.png","UEFA","POL","50146","FAME","Legia Warszawa","","https://img.uefa.com/imgml/TP/teams/logos/70x70/50146.png","https://img.uefa.com/imgml/TP/teams/logos/240x240/50146.png","250146","LEG","DOMESTIC_MEN_TEAM_A","","DOMESTIC","Pologne","Legia Warszawa","Legia Warszawa","LEG","450","MINUTE","5","0","0","17.93","KILOMETER","22","KILOMETER_PER_HOUR"
"250052502","2603104","41","1984-08-24","84","MARCELINHO","BUL","ATTACKING_MIDFIELDER","FORWARD","MALE","166","./image/250052502.jpg","Marcelinho","FORWARD","19","Marcelinho","20","65","Bulgarie","Attaquant","","Marcelinho","Marcelinho","Marcelinho","200020","./assoc/200020_BUL.svg","./logo/2603104.png","UEFA","BUL","2603104","FAME","Ludogorets","","https://img.uefa.com/imgml/TP/teams/logos/70x70/2603104.png","https://img.uefa.com/imgml/TP/teams/logos/240x240/2603104.png","250002030","LUD","DOMESTIC_MEN_TEAM_A","","DOMESTIC","Bulgarie","Ludogorets","PFC Ludogorets 1945","LUD","446","MINUTE","5","0","0","52.69","KILOMETER","31.1","KILOMETER_PER_HOUR"
"101608","52919","40","1985-01-16","5","Zabaleta","ESP","UNKNOWN","DEFENDER","MALE","176","./image/101608.jpg","Pablo Zabaleta","","4","","","76","Espagne","Défenseur","Pablo","Zabaleta","Pablo Zabaleta","Zabaleta","200039","./assoc/200039_ENG.svg","./logo/52919.png","UEFA","ENG","52919","FAME","Man City","","https://img.uefa.com/imgml/TP/teams/logos/70x70/52919.png","https://img.uefa.com/imgml/TP/teams/logos/240x240/52919.png","252919","MCI","DOMESTIC_MEN_TEAM_A","","DOMESTIC","Angleterre","Man City","Manchester City","MCI","445","MINUTE","6","0","0","50.67","KILOMETER","30.8","KILOMETER_PER_HOUR"
"250015867","50043","37","1988-03-27","6","Domingues De Souza","BRA","DEFENSIVE_MIDFIELDER","MIDFIELDER","MALE","185","./image/250015867.jpg","Claudemir","MIDFIELDER","","Domingues De Souza","","72","Brésil","Milieu","","Claudemir","Claudemir","Claudemir","200013","./assoc/200013_BEL.svg","./logo/50043.png","UEFA","BEL","50043","FAME","Club Brugge","","https://img.uefa.com/imgml/TP/teams/logos/70x70/50043.png","https://img.uefa.com/imgml/TP/teams/logos/240x240/50043.png","250043","BRU","DOMESTIC_MEN_TEAM_A","","DOMESTIC","Belgique","Club Brugge","Club Brugge KV","BRU","445","MINUTE","5","0","0","54.3","KILOMETER","29.1","KILOMETER_PER_HOUR"
"63733","50157","40","1985-01-19","6","TOSIC","SRB","FULL_BACK","DEFENDER","MALE","181","./image/63733.jpg","Duško Tošić","DEFENDER","18","Tošić","147","78","Serbie","Défenseur","Duško","Tošić","Duško Tošić","D. Tošić","200135","./assoc/200135_TUR.svg","./logo/50157.png","UEFA","TUR","50157","FAME","Beşiktaş","","https://img.uefa.com/imgml/TP/teams/logos/70x70/50157.png","https://img.uefa.com/imgml/TP/teams/logos/240x240/50157.png","250157","BES","DOMESTIC_MEN_TEAM_A","","DOMESTIC","Turquie","Beşiktaş","Beşiktaş JK","BES","444","MINUTE","6","0","0","47.33","KILOMETER","27.8","KILOMETER_PER_HOUR"
"250052947","50136","34","1991-01-08","5","Allan","BRA","CENTRAL_MIDFIELDER","MIDFIELDER","MALE","175","./image/250052947.jpg","Allan","MIDFIELDER","","Allan","18","74","Brésil","Milieu","","Allan","Allan","Allan","200066","./assoc/200066_ITA.svg","./logo/50136.png","UEFA","ITA","50136","FAME","Napoli","","https://img.uefa.com/imgml/TP/teams/logos/70x70/50136.png","https://img.uefa.com/imgml/TP/teams/logos/240x240/50136.png","250136","NAP","DOMESTIC_MEN_TEAM_A","","DOMESTIC","Italie","Napoli","SSC Napoli","NAP","442","MINUTE","8","0","0","56.55","KILOMETER","28.7","KILOMETER_PER_HOUR"
"95293","52758","38","1987-06-11","27","Castro","GER","CENTRAL_MIDFIELDER","MIDFIELDER","MALE","171","./image/95293.jpg","Gonzalo Castro","MIDFIELDER","20","Castro","","72","Allemagne","Milieu","Gonzalo","Castro","Gonzalo Castro","Castro","200047","./assoc/200047_GER.svg","./logo/52758.png","UEFA","GER","52758","FAME","B. Dortmund","","https://img.uefa.com/imgml/TP/teams/logos/70x70/52758.png","https://img.uefa.com/imgml/TP/teams/logos/240x240/52758.png","252758","BVB","DOMESTIC_MEN_TEAM_A","","DOMESTIC","Allemagne","B. Dortmund","Borussia Dortmund","BVB","442","MINUTE","7","1","1","58.8","KILOMETER","30.7","KILOMETER_PER_HOUR"
"250010235","52723","35","1990-04-01","17","","UKR","DEFENSIVE_MIDFIELDER","","MALE","176","./image/250010235.jpg","Serhiy Rybalka","MIDFIELDER","18","Rybalka","57166","70","Ukraine","","Serhiy","Rybalka","Serhiy Rybalka","Rybalka","257166","./assoc/257166_UKR.svg","./logo/52723.png","UEFA","UKR","52723","FAME","Dynamo Kyiv","","https://img.uefa.com/imgml/TP/teams/logos/70x70/52723.png","https://img.uefa.com/imgml/TP/teams/logos/240x240/52723.png","252723","DKY","DOMESTIC_MEN_TEAM_A","","DOMESTIC","Ukraine","Dynamo Kyiv","FC Dynamo Kyiv","DKY","442","MINUTE","5","0","1","52.93","KILOMETER","30","KILOMETER_PER_HOUR"
"250050416","1652","31","1994-01-15","3","DIER","ENG","DEFENSIVE_MIDFIELDER","DEFENDER","MALE","188","./image/250050416.jpg","Eric Dier","DEFENDER","15","Dier","39","88","Angleterre","Défenseur","Eric","Dier","Eric Dier","Dier","200039","./assoc/200039_ENG.svg","./logo/1652.png","UEFA","ENG","1652","FAME","Tottenham","","https://img.uefa.com/imgml/TP/teams/logos/70x70/1652.png","https://img.uefa.com/imgml/TP/teams/logos/240x240/1652.png","201652","TOT","DOMESTIC_MEN_TEAM_A","","DOMESTIC","Angleterre","Tottenham","Tottenham Hotspur","TOT","441","MINUTE","5","0","0","50.01","KILOMETER","27.5","KILOMETER_PER_HOUR"
"250100154","52757","35","1990-05-12","5","Strobl","GER","CENTRE_BACK","DEFENDER","MALE","188","./image/250100154.jpg","Tobias Strobl","DEFENDER","","Strobl","","77","Allemagne","Défenseur","Tobias","Strobl","Tobias Strobl","Strobl","200047","./assoc/200047_GER.svg","./logo/52757.png","UEFA","GER","52757","FAME","Mönchengladbach","","https://img.uefa.com/imgml/TP/teams/logos/70x70/52757.png","https://img.uefa.com/imgml/TP/teams/logos/240x240/52757.png","252757","MON","DOMESTIC_MEN_TEAM_A","","DOMESTIC","Allemagne","Mönchengladbach","Borussia Mönchengladbach","MON","437","MINUTE","5","0","0","55.36","KILOMETER","26.9","KILOMETER_PER_HOUR"
"250000036","50080","36","1989-03-21","18","Jordi Alba","ESP","FULL_BACK","DEFENDER","MALE","170","./image/250000036.jpg","Jordi Alba","DEFENDER","18","Jordi Alba","122","68","Espagne","Défenseur","Jordi","Alba","Jordi Alba","Jordi Alba","200122","./assoc/200122_ESP.svg","./logo/50080.png","UEFA","ESP","50080","FAME","Barcelona","","https://img.uefa.com/imgml/TP/teams/logos/70x70/50080.png","https://img.uefa.com/imgml/TP/teams/logos/240x240/50080.png","250080","BAR","DOMESTIC_MEN_TEAM_A","","DOMESTIC","Espagne","Barcelona","FC Barcelona","BAR","436","MINUTE","6","0","0","52.65","KILOMETER","29.9","KILOMETER_PER_HOUR"
"71544","50146","41","1984-01-16","32","Radović","POL","ATTACKING_MIDFIELDER","MIDFIELDER","MALE","182","./image/71544.jpg","Miroslav Radović","MIDFIELDER","","Radović","","78","Pologne","Milieu","Miroslav","Radović","Miroslav Radović","Radović","200109","./assoc/200109_POL.svg","./logo/50146.png","UEFA","POL","50146","FAME","Legia Warszawa","","https://img.uefa.com/imgml/TP/teams/logos/70x70/50146.png","https://img.uefa.com/imgml/TP/teams/logos/240x240/50146.png","250146","LEG","DOMESTIC_MEN_TEAM_A","","DOMESTIC","Pologne","Legia Warszawa","Legia Warszawa","LEG","435","MINUTE","6","2","2","51.46","KILOMETER","29.8","KILOMETER_PER_HOUR"
"97142","59856","37","1988-05-27","8","Bjarnason","ISL","WINGER","MIDFIELDER","MALE","182","./image/97142.jpg","Birkir Bjarnason","MIDFIELDER","8","Bjarnason","58","75","Islande","Milieu","Birkir","Bjarnason","Birkir Bjarnason","Bi. Bjarnason","200128","./assoc/200128_SUI.svg","./logo/59856.png","UEFA","SUI","59856","FAME","Basel","","https://img.uefa.com/imgml/TP/teams/logos/70x70/59856.png","https://img.uefa.com/imgml/TP/teams/logos/240x240/59856.png","259856","BSL","DOMESTIC_MEN_TEAM_A","","DOMESTIC","Suisse","Basel","FC Basel 1893","BSL","434","MINUTE","5","0","0","49.71","KILOMETER","30.7","KILOMETER_PER_HOUR"
"250011132","50149","40","1985-08-18","20","Bryan","CRC","ATTACKING_MIDFIELDER","FORWARD","MALE","188","./image/250011132.jpg","Bryan Ruiz","MIDFIELDER","10","Ruiz","31","78","Costa Rica","Attaquant","Bryan","Ruiz","Bryan Ruiz","Ruiz","200110","./assoc/200110_POR.svg","./logo/50149.png","UEFA","POR","50149","FAME","Sporting CP","","https://img.uefa.com/imgml/TP/teams/logos/70x70/50149.png","https://img.uefa.com/imgml/TP/teams/logos/240x240/50149.png","250149","SPO","DOMESTIC_MEN_TEAM_A","","DOMESTIC","Portugal","Sporting CP","Sporting Clube de Portugal","SPO","433","MINUTE","6","1","0","54.07","KILOMETER","30.3","KILOMETER_PER_HOUR"
"250040109","50064","37","1988-06-25","24","M. Layún","MEX","FULL_BACK","DEFENDER","MALE","178","./image/250040109.jpg","Miguel Layún","DEFENDER","7","Prado Layún","91","64","Mexique","Défenseur","Miguel","Layún","Miguel Layún","Layún","200110","./assoc/200110_POR.svg","./logo/50064.png","UEFA","POR","50064","FAME","Porto","","https://img.uefa.com/imgml/TP/teams/logos/70x70/50064.png","https://img.uefa.com/imgml/TP/teams/logos/240x240/50064.png","250064","POR","DOMESTIC_MEN_TEAM_A","","DOMESTIC","Portugal","Porto","FC Porto","POR","431","MINUTE","6","1","0","51.13","KILOMETER","29.7","KILOMETER_PER_HOUR"
"93324","52714","39","1986-06-26","10","Nasri","FRA","ATTACKING_MIDFIELDER","MIDFIELDER","MALE","175","./image/93324.jpg","Samir Nasri","MIDFIELDER","11","Nasri","","75","France","Milieu","Samir","Nasri","Samir Nasri","Nasri","200122","./assoc/200122_ESP.svg","./logo/52714.png","UEFA","ESP","52714","FAME","Sevilla","","https://img.uefa.com/imgml/TP/teams/logos/70x70/52714.png","https://img.uefa.com/imgml/TP/teams/logos/240x240/52714.png","252714","SEV","DOMESTIC_MEN_TEAM_A","","DOMESTIC","Espagne","Sevilla","Sevilla FC","SEV","431","MINUTE","5","1","0","50.01","KILOMETER","29.3","KILOMETER_PER_HOUR"
"101528","50124","38","1987-05-09","9","GAMEIRO","FRA","STRIKER","FORWARD","MALE","172","./image/101528.jpg","Kevin Gameiro","FORWARD","10","Gameiro","43","69","France","Attaquant","Kevin","Gameiro","Kevin Gameiro","Gameiro","200122","./assoc/200122_ESP.svg","./logo/50124.png","UEFA","ESP","50124","FAME","Atleti","","https://img.uefa.com/imgml/TP/teams/logos/70x70/50124.png","https://img.uefa.com/imgml/TP/teams/logos/240x240/50124.png","250124","ATM","DOMESTIC_MEN_TEAM_A","","DOMESTIC","Espagne","Atleti","Atlético de Madrid","ATM","430","MINUTE","9","2","1","51.89","KILOMETER","31.7","KILOMETER_PER_HOUR"
"98953","50037","37","1988-09-02","8","Martinez","ESP","CENTRE_BACK","MIDFIELDER","MALE","190","./image/98953.jpg","Javi Martínez","DEFENDER","4","Javi Martínez","122","86","Espagne","Milieu","","Javi Martínez","Javi Martínez","Javi Martínez","200047","./assoc/200047_GER.svg","./logo/50037.png","UEFA","GER","50037","FAME","Bayern München","","https://img.uefa.com/imgml/TP/teams/logos/70x70/50037.png","https://img.uefa.com/imgml/TP/teams/logos/240x240/50037.png","250037","BAY","DOMESTIC_MEN_TEAM_A","","DOMESTIC","Allemagne","Bayern München","FC Bayern München","BAY","429","MINUTE","7","0","0","44.01","KILOMETER","27.7","KILOMETER_PER_HOUR"
"69172","50124","40","1985-01-09","20","JUANFRAN","ESP","FULL_BACK","DEFENDER","MALE","180","./image/69172.jpg","Juanfran","DEFENDER","16","Juanfran","122","72","Espagne","Défenseur","","Juanfran","Juanfran","Juanfran","200122","./assoc/200122_ESP.svg","./logo/50124.png","UEFA","ESP","50124","FAME","Atleti","","https://img.uefa.com/imgml/TP/teams/logos/70x70/50124.png","https://img.uefa.com/imgml/TP/teams/logos/240x240/50124.png","250124","ATM","DOMESTIC_MEN_TEAM_A","","DOMESTIC","Espagne","Atleti","Atlético de Madrid","ATM","429","MINUTE","6","0","1","51.34","KILOMETER","28.7","KILOMETER_PER_HOUR"
"250023866","1652","34","1991-06-25","12","Wanyama","KEN","DEFENSIVE_MIDFIELDER","MIDFIELDER","MALE","188","./image/250023866.jpg","Victor Wanyama","MIDFIELDER","","Wanyama","","76","Kenya","Milieu","Victor","Wanyama","Victor Wanyama","Wanyama","200039","./assoc/200039_ENG.svg","./logo/1652.png","UEFA","ENG","1652","FAME","Tottenham","","https://img.uefa.com/imgml/TP/teams/logos/70x70/1652.png","https://img.uefa.com/imgml/TP/teams/logos/240x240/1652.png","201652","TOT","DOMESTIC_MEN_TEAM_A","","DOMESTIC","Angleterre","Tottenham","Tottenham Hotspur","TOT","428","MINUTE","5","0","0","53.26","KILOMETER","28.4","KILOMETER_PER_HOUR"
"250006715","50149","35","1990-08-12","31","M. Zeegelaar","NED","UNKNOWN","DEFENDER","MALE","186","./image/250006715.jpg","Marvin Zeegelaar","DEFENDER","","Zeegelaar","95","84","Pays-Bas","Défenseur","Marvin","Zeegelaar","Marvin Zeegelaar","Zeegelaar","200110","./assoc/200110_POR.svg","./logo/50149.png","UEFA","POR","50149","FAME","Sporting CP","","https://img.uefa.com/imgml/TP/teams/logos/70x70/50149.png","https://img.uefa.com/imgml/TP/teams/logos/240x240/50149.png","250149","SPO","DOMESTIC_MEN_TEAM_A","","DOMESTIC","Portugal","Sporting CP","Sporting Clube de Portugal","SPO","428","MINUTE","5","0","0","50.67","KILOMETER","32.1","KILOMETER_PER_HOUR"
"250085693","50064","30","1995-02-09","25","Da Silva Monteiro","POR","CENTRAL_MIDFIELDER","MIDFIELDER","MALE","","./image/250085693.jpg","Otávio","MIDFIELDER","25","OTÁVIO","110","","Portugal","Milieu","","Otávio","Otávio","Otávio","200110","./assoc/200110_POR.svg","./logo/50064.png","UEFA","POR","50064","FAME","Porto","","https://img.uefa.com/imgml/TP/teams/logos/70x70/50064.png","https://img.uefa.com/imgml/TP/teams/logos/240x240/50064.png","250064","POR","DOMESTIC_MEN_TEAM_A","","DOMESTIC","Portugal","Porto","FC Porto","POR","427","MINUTE","6","1","1","49.63","KILOMETER","26.6","KILOMETER_PER_HOUR"
"1909628","52280","34","1991-05-13","19","Coquelin","FRA","DEFENSIVE_MIDFIELDER","MIDFIELDER","MALE","178","./image/1909628.jpg","Francis Coquelin","MIDFIELDER","13","Coquelin","43","74","France","Milieu","Francis","Coquelin","Francis Coquelin","Coquelin","200039","./assoc/200039_ENG.svg","./logo/52280.png","UEFA","ENG","52280","FAME","Arsenal","","https://img.uefa.com/imgml/TP/teams/logos/70x70/52280.png","https://img.uefa.com/imgml/TP/teams/logos/240x240/52280.png","252280","ARS","DOMESTIC_MEN_TEAM_A","","DOMESTIC","Angleterre","Arsenal","Arsenal FC","ARS","426","MINUTE","6","0","0","50.9","KILOMETER","28.4","KILOMETER_PER_HOUR"
"250043463","1652","33","1992-07-08","7","Son","KOR","WINGER","MIDFIELDER","MALE","183","./image/250043463.jpg","Heung-Min Son","FORWARD","7","HM SON","74","77","République de Corée","Milieu","Heung-Min","Son","Heung-Min Son","Son","200039","./assoc/200039_ENG.svg","./logo/1652.png","UEFA","ENG","1652","FAME","Tottenham","","https://img.uefa.com/imgml/TP/teams/logos/70x70/1652.png","https://img.uefa.com/imgml/TP/teams/logos/240x240/1652.png","201652","TOT","DOMESTIC_MEN_TEAM_A","","DOMESTIC","Angleterre","Tottenham","Tottenham Hotspur","TOT","424","MINUTE","6","1","0","47.82","KILOMETER","30.7","KILOMETER_PER_HOUR"
"250025960","50146","35","1990-01-13","75","Moulin","FRA","DEFENSIVE_MIDFIELDER","MIDFIELDER","MALE","174","./image/250025960.jpg","Thibault Moulin","MIDFIELDER","","Moulin","","68","France","Milieu","Thibault","Moulin","Thibault Moulin","Moulin","200109","./assoc/200109_POL.svg","./logo/50146.png","UEFA","POL","50146","FAME","Legia Warszawa","","https://img.uefa.com/imgml/TP/teams/logos/70x70/50146.png","https://img.uefa.com/imgml/TP/teams/logos/240x240/50146.png","250146","LEG","DOMESTIC_MEN_TEAM_A","","DOMESTIC","Pologne","Legia Warszawa","Legia Warszawa","LEG","423","MINUTE","5","1","0","53.23","KILOMETER","29.8","KILOMETER_PER_HOUR"
"250054760","50147","28","1996-11-29","17","Guedes","POR","WINGER","FORWARD","MALE","179","./image/250054760.jpg","Gonçalo Guedes","MIDFIELDER","17","Guedes","110","73","Portugal","Attaquant","","Gonçalo Guedes","Gonçalo Guedes","Gonçalo Guedes","200110","./assoc/200110_POR.svg","./logo/50147.png","UEFA","POR","50147","FAME","Benfica","","https://img.uefa.com/imgml/TP/teams/logos/70x70/50147.png","https://img.uefa.com/imgml/TP/teams/logos/240x240/50147.png","250147","BEN","DOMESTIC_MEN_TEAM_A","","DOMESTIC","Portugal","Benfica","SL Benfica","BEN","422","MINUTE","6","2","0","53.33","KILOMETER","30.6","KILOMETER_PER_HOUR"
"95665","50037","42","1983-04-07","7","Ribery","FRA","WINGER","MIDFIELDER","MALE","170","./image/95665.jpg","Franck Ribéry","FORWARD","7","Ribery","","72","France","Milieu","Franck","Ribéry","Franck Ribéry","Ribéry","200047","./assoc/200047_GER.svg","./logo/50037.png","UEFA","GER","50037","FAME","Bayern München","","https://img.uefa.com/imgml/TP/teams/logos/70x70/50037.png","https://img.uefa.com/imgml/TP/teams/logos/240x240/50037.png","250037","BAY","DOMESTIC_MEN_TEAM_A","","DOMESTIC","Allemagne","Bayern München","FC Bayern München","BAY","422","MINUTE","6","0","2","51.47","KILOMETER","30.3","KILOMETER_PER_HOUR"
"250013471","5312","36","1989-05-15","2","Y.MAPOU","FRA","CENTRE_BACK","DEFENDER","MALE","184","./image/250013471.jpg","Mapou Yanga-Mbiwa","DEFENDER","21","Yanga Mbiwa","200043","77","France","Défenseur","Mapou","Yanga-Mbiwa","Mapou Yanga-Mbiwa","Yanga-Mbiwa","200043","./assoc/200043_FRA.svg","./logo/5312.png","UEFA","FRA","5312","FAME","Lyon","","https://img.uefa.com/imgml/TP/teams/logos/70x70/5312.png","https://img.uefa.com/imgml/TP/teams/logos/240x240/5312.png","205312","LYO","DOMESTIC_MEN_TEAM_A","","DOMESTIC","France","Lyon","Olympique Lyonnais","LYO","422","MINUTE","5","0","0","46.47","KILOMETER","29.3","KILOMETER_PER_HOUR"
"54160","64500","44","1981-05-01","2","Kalachou","BLR","CENTRAL_MIDFIELDER","MIDFIELDER","MALE","","./image/54160.jpg","Timofei Kalachev","MIDFIELDER","23","Kalachou","57155","","Bélarus","Milieu","Timofei","Kalachev","Timofei Kalachev","Kalachev","257451","./assoc/257451_RUS.svg","./logo/64500.png","UEFA","RUS","64500","FAME","Rostov","","https://img.uefa.com/imgml/TP/teams/logos/70x70/64500.png","https://img.uefa.com/imgml/TP/teams/logos/240x240/64500.png","264500","ROS","DOMESTIC_MEN_TEAM_A","","DOMESTIC","Russie","Rostov","FC Rostov","ROS","420","MINUTE","5","0","0","51.01","KILOMETER","31.1","KILOMETER_PER_HOUR"
"250051268","52714","37","1988-01-16","8","Iborra","ESP","CENTRAL_MIDFIELDER","MIDFIELDER","MALE","190","./image/250051268.jpg","Vicente Iborra","MIDFIELDER","","Iborra","","88","Espagne","Milieu","Vicente","Iborra","Vicente Iborra","Iborra","200122","./assoc/200122_ESP.svg","./logo/52714.png","UEFA","ESP","52714","FAME","Sevilla","","https://img.uefa.com/imgml/TP/teams/logos/70x70/52714.png","https://img.uefa.com/imgml/TP/teams/logos/240x240/52714.png","252714","SEV","DOMESTIC_MEN_TEAM_A","","DOMESTIC","Espagne","Sevilla","Sevilla FC","SEV","419","MINUTE","7","0","0","51.6","KILOMETER","26.2","KILOMETER_PER_HOUR"
"250064351","52280","29","1996-05-03","17","Iwobi","","WINGER","MIDFIELDER","MALE","180","./image/250064351.jpg","Alex Iwobi","MIDFIELDER","18","Iwobi","100","72","","Milieu","Alex","Iwobi","Alex Iwobi","Iwobi","200039","./assoc/200039_ENG.svg","./logo/52280.png","UEFA","ENG","52280","FAME","Arsenal","","https://img.uefa.com/imgml/TP/teams/logos/70x70/52280.png","https://img.uefa.com/imgml/TP/teams/logos/240x240/52280.png","252280","ARS","DOMESTIC_MEN_TEAM_A","","DOMESTIC","Angleterre","Arsenal","Arsenal FC","ARS","411","MINUTE","7","1","1","50.58","KILOMETER","28.2","KILOMETER_PER_HOUR"
"250015950","50043","38","1987-10-14","15","","ESP","UNKNOWN","","MALE","184","./image/250015950.jpg","Tomás Pina","MIDFIELDER","","T. Pina","","75","Espagne","","Tomás","Pina","Tomás Pina","Pina","200013","./assoc/200013_BEL.svg","./logo/50043.png","UEFA","BEL","50043","FAME","Club Brugge","","https://img.uefa.com/imgml/TP/teams/logos/70x70/50043.png","https://img.uefa.com/imgml/TP/teams/logos/240x240/50043.png","250043","BRU","DOMESTIC_MEN_TEAM_A","","DOMESTIC","Belgique","Club Brugge","Club Brugge KV","BRU","409","MINUTE","5","0","0","49.42","KILOMETER","28.2","KILOMETER_PER_HOUR"
"103709","50050","36","1989-03-25","11","Sinclair","ENG","WINGER","MIDFIELDER","MALE","173","./image/103709.jpg","Scott Sinclair","FORWARD","11","Sinclair","","63","Angleterre","Milieu","Scott","Sinclair","Scott Sinclair","Sinclair","200117","./assoc/200117_SCO.svg","./logo/50050.png","UEFA","SCO","50050","FAME","Celtic","","https://img.uefa.com/imgml/TP/teams/logos/70x70/50050.png","https://img.uefa.com/imgml/TP/teams/logos/240x240/50050.png","250050","CEL","DOMESTIC_MEN_TEAM_A","","DOMESTIC","Écosse","Celtic","Celtic FC","CEL","405","MINUTE","5","0","0","47.97","KILOMETER","30.8","KILOMETER_PER_HOUR"
"49083","54266","43","1982-06-20","24","","RUS","CENTRE_BACK","","MALE","189","./image/49083.jpg","Vasili Berezutski","DEFENDER","24","Berezutskiy","57451","87","Russie","","Vasili","Berezutski","Vasili Berezutski","V. Berezutski","257451","./assoc/257451_RUS.svg","./logo/54266.png","UEFA","RUS","54266","FAME","CSKA Moskva","","https://img.uefa.com/imgml/TP/teams/logos/70x70/54266.png","https://img.uefa.com/imgml/TP/teams/logos/240x240/54266.png","254266","CSM","DOMESTIC_MEN_TEAM_A","","DOMESTIC","Russie","CSKA Moskva","PFC CSKA Moskva","CSM","405","MINUTE","5","0","0","46.15","KILOMETER","27.8","KILOMETER_PER_HOUR"
"1905761","50064","41","1984-06-08","2","Maxi","URU","UNKNOWN","DEFENDER","MALE","173","./image/1905761.jpg","Maxi Pereira","DEFENDER","16","Maxi","138","71","Uruguay","Défenseur","","Maxi Pereira","Maxi Pereira","Maxi Pereira","200110","./assoc/200110_POR.svg","./logo/50064.png","UEFA","POR","50064","FAME","Porto","","https://img.uefa.com/imgml/TP/teams/logos/70x70/50064.png","https://img.uefa.com/imgml/TP/teams/logos/240x240/50064.png","250064","POR","DOMESTIC_MEN_TEAM_A","","DOMESTIC","Portugal","Porto","FC Porto","POR","400","MINUTE","5","0","1","46.03","KILOMETER","27.8","KILOMETER_PER_HOUR"
"250063668","2603104","32","1993-07-24","93","Vura","SUR","STRIKER","FORWARD","MALE","173","./image/250063668.jpg","Virgil Misidjan","FORWARD","","Misidjan","","70","Suriname","Attaquant","Virgil","Misidjan","Virgil Misidjan","Misidjan","200020","./assoc/200020_BUL.svg","./logo/2603104.png","UEFA","BUL","2603104","FAME","Ludogorets","","https://img.uefa.com/imgml/TP/teams/logos/70x70/2603104.png","https://img.uefa.com/imgml/TP/teams/logos/240x240/2603104.png","250002030","LUD","DOMESTIC_MEN_TEAM_A","","DOMESTIC","Bulgarie","Ludogorets","PFC Ludogorets 1945","LUD","399","MINUTE","6","1","0","46.81","KILOMETER","31","KILOMETER_PER_HOUR"
"250038978","50149","36","1988-11-03","11","Bruno César","BRA","WINGER","MIDFIELDER","MALE","177","./image/250038978.jpg","Bruno César","MIDFIELDER","","Zanaki","","75","Brésil","Milieu","","Bruno César","Bruno César","Bruno César","200110","./assoc/200110_POR.svg","./logo/50149.png","UEFA","POR","50149","FAME","Sporting CP","","https://img.uefa.com/imgml/TP/teams/logos/70x70/50149.png","https://img.uefa.com/imgml/TP/teams/logos/240x240/50149.png","250149","SPO","DOMESTIC_MEN_TEAM_A","","DOMESTIC","Portugal","Sporting CP","Sporting Clube de Portugal","SPO","397","MINUTE","6","2","0","46.27","KILOMETER","28.9","KILOMETER_PER_HOUR"
"250007611","52757","33","1992-03-21","27","Korb","GER","DEFENSIVE_MIDFIELDER","MIDFIELDER","MALE","177","./image/250007611.jpg","Julian Korb","MIDFIELDER","2","Korb","200047","69","Allemagne","Milieu","Julian","Korb","Julian Korb","Korb","200047","./assoc/200047_GER.svg","./logo/52757.png","UEFA","GER","52757","FAME","Mönchengladbach","","https://img.uefa.com/imgml/TP/teams/logos/70x70/52757.png","https://img.uefa.com/imgml/TP/teams/logos/240x240/52757.png","252757","MON","DOMESTIC_MEN_TEAM_A","","DOMESTIC","Allemagne","Mönchengladbach","Borussia Mönchengladbach","MON","397","MINUTE","5","0","0","44.84","KILOMETER","30.8","KILOMETER_PER_HOUR"
"250025908","50043","38","1987-07-24","5","Poulain","FRA","CENTRE_BACK","DEFENDER","MALE","188","./image/250025908.jpg","Benoit Poulain","DEFENDER","","Poulain","","80","France","Défenseur","Benoit","Poulain","Benoit Poulain","Poulain","200013","./assoc/200013_BEL.svg","./logo/50043.png","UEFA","BEL","50043","FAME","Club Brugge","","https://img.uefa.com/imgml/TP/teams/logos/70x70/50043.png","https://img.uefa.com/imgml/TP/teams/logos/240x240/50043.png","250043","BRU","DOMESTIC_MEN_TEAM_A","","DOMESTIC","Belgique","Club Brugge","Club Brugge KV","BRU","397","MINUTE","5","0","0","43.29","KILOMETER","29.3","KILOMETER_PER_HOUR"
"250016660","5312","31","1993-12-22","10","S. Darder","ESP","CENTRAL_MIDFIELDER","MIDFIELDER","MALE","180","./image/250016660.jpg","Sergi Darder","MIDFIELDER","6","Darder","200122","80","Espagne","Milieu","Sergi","Darder","Sergi Darder","Darder","200043","./assoc/200043_FRA.svg","./logo/5312.png","UEFA","FRA","5312","FAME","Lyon","","https://img.uefa.com/imgml/TP/teams/logos/70x70/5312.png","https://img.uefa.com/imgml/TP/teams/logos/240x240/5312.png","205312","LYO","DOMESTIC_MEN_TEAM_A","","DOMESTIC","France","Lyon","Olympique Lyonnais","LYO","395","MINUTE","6","0","0","46.56","KILOMETER","26.4","KILOMETER_PER_HOUR"
"250012527","50164","31","1994-03-09","24","PAVICIC","CRO","CENTRAL_MIDFIELDER","MIDFIELDER","MALE","","./image/250012527.jpg","Domagoj Pavičić","MIDFIELDER","10","Pavičić","56370","","Croatie","Milieu","Domagoj","Pavičić","Domagoj Pavičić","Pavičić","256370","./assoc/256370_CRO.svg","./logo/50164.png","UEFA","CRO","50164","FAME","GNK Dinamo","","https://img.uefa.com/imgml/TP/teams/logos/70x70/50164.png","https://img.uefa.com/imgml/TP/teams/logos/240x240/50164.png","250164","DIN","DOMESTIC_MEN_TEAM_A","","DOMESTIC","Croatie","GNK Dinamo","GNK Dinamo","DIN","394","MINUTE","5","0","0","47.12","KILOMETER","26.1","KILOMETER_PER_HOUR"
"250075757","52919","44","1981-09-28","13","","ESP","GOALKEEPER","","MALE","186","./image/250075757.jpg","Willy Caballero","GOALKEEPER","","Caballero","","80","Espagne","","Willy","Caballero","Willy Caballero","Caballero","200039","./assoc/200039_ENG.svg","./logo/52919.png","UEFA","ENG","52919","FAME","Man City","","https://img.uefa.com/imgml/TP/teams/logos/70x70/52919.png","https://img.uefa.com/imgml/TP/teams/logos/240x240/52919.png","252919","MCI","DOMESTIC_MEN_TEAM_A","","DOMESTIC","Angleterre","Man City","Manchester City","MCI","393","MINUTE","5","0","0","20.67","KILOMETER","23.4","KILOMETER_PER_HOUR"
"250101099","50136","28","1997-07-17","21","Diawara","GUI","DEFENSIVE_MIDFIELDER","MIDFIELDER","MALE","184","./image/250101099.jpg","Amadou Diawara","MIDFIELDER","","Diawara","","74","Guinée","Milieu","Amadou","Diawara","Amadou Diawara","Diawara","200066","./assoc/200066_ITA.svg","./logo/50136.png","UEFA","ITA","50136","FAME","Napoli","","https://img.uefa.com/imgml/TP/teams/logos/70x70/50136.png","https://img.uefa.com/imgml/TP/teams/logos/240x240/50136.png","250136","NAP","DOMESTIC_MEN_TEAM_A","","DOMESTIC","Italie","Napoli","SSC Napoli","NAP","391","MINUTE","6","0","0","54.78","KILOMETER","27.7","KILOMETER_PER_HOUR"
"250039656","50164","37","1987-11-25","2","Soudani","ALG","STRIKER","FORWARD","MALE","177","./image/250039656.jpg","Hilal Soudani","FORWARD","15","Soudani","3","72","Algérie","Attaquant","Hilal","Soudani","Hilal Soudani","Soudani","256370","./assoc/256370_CRO.svg","./logo/50164.png","UEFA","CRO","50164","FAME","GNK Dinamo","","https://img.uefa.com/imgml/TP/teams/logos/70x70/50164.png","https://img.uefa.com/imgml/TP/teams/logos/240x240/50164.png","250164","DIN","DOMESTIC_MEN_TEAM_A","","DOMESTIC","Croatie","GNK Dinamo","GNK Dinamo","DIN","389","MINUTE","5","0","0","43.97","KILOMETER","31.6","KILOMETER_PER_HOUR"
"250080471","50064","28","1996-12-04","20","Diogo J","POR","STRIKER","FORWARD","MALE","178","./image/250080471.jpg","Diogo Jota","FORWARD","21","DIOGO J.","110","70","Portugal","Attaquant","","Diogo Jota","Diogo Jota","Diogo Jota","200110","./assoc/200110_POR.svg","./logo/50064.png","UEFA","POR","50064","FAME","Porto","","https://img.uefa.com/imgml/TP/teams/logos/70x70/50064.png","https://img.uefa.com/imgml/TP/teams/logos/240x240/50064.png","250064","POR","DOMESTIC_MEN_TEAM_A","","DOMESTIC","Portugal","Porto","FC Porto","POR","386","MINUTE","8","1","0","48.59","KILOMETER","29.3","KILOMETER_PER_HOUR"
"250024454","50051","33","1992-04-21","22","Isco","ESP","ATTACKING_MIDFIELDER","MIDFIELDER","MALE","176","./image/250024454.jpg","Isco","MIDFIELDER","10","Isco","122","74","Espagne","Milieu","","Isco","Isco","Isco","200122","./assoc/200122_ESP.svg","./logo/50051.png","UEFA","ESP","50051","FAME","Real Madrid","","https://img.uefa.com/imgml/TP/teams/logos/70x70/50051.png","https://img.uefa.com/imgml/TP/teams/logos/240x240/50051.png","250051","RMA","DOMESTIC_MEN_TEAM_A","","DOMESTIC","Espagne","Real Madrid","Real Madrid C.F.","RMA","386","MINUTE","6","1","0","45.16","KILOMETER","28.7","KILOMETER_PER_HOUR"
"250011790","52757","37","1988-08-26","13","Stindl","GER","ATTACKING_MIDFIELDER","MIDFIELDER","MALE","180","./image/250011790.jpg","Lars Stindl","MIDFIELDER","10","Stindl","47","75","Allemagne","Milieu","Lars","Stindl","Lars Stindl","Stindl","200047","./assoc/200047_GER.svg","./logo/52757.png","UEFA","GER","52757","FAME","Mönchengladbach","","https://img.uefa.com/imgml/TP/teams/logos/70x70/52757.png","https://img.uefa.com/imgml/TP/teams/logos/240x240/52757.png","252757","MON","DOMESTIC_MEN_TEAM_A","","DOMESTIC","Allemagne","Mönchengladbach","Borussia Mönchengladbach","MON","386","MINUTE","5","2","0","49.97","KILOMETER","29.4","KILOMETER_PER_HOUR"
"97869","54266","37","1988-02-18","10","Natcho","ISR","CENTRAL_MIDFIELDER","MIDFIELDER","MALE","175","./image/97869.jpg","Bibras Natcho","MIDFIELDER","6","Natcho","65","73","Israël","Milieu","Bibras","Natcho","Bibras Natcho","Natcho","257451","./assoc/257451_RUS.svg","./logo/54266.png","UEFA","RUS","54266","FAME","CSKA Moskva","","https://img.uefa.com/imgml/TP/teams/logos/70x70/54266.png","https://img.uefa.com/imgml/TP/teams/logos/240x240/54266.png","254266","CSM","DOMESTIC_MEN_TEAM_A","","DOMESTIC","Russie","CSKA Moskva","PFC CSKA Moskva","CSM","378","MINUTE","5","1","0","44.62","KILOMETER","27.6","KILOMETER_PER_HOUR"
"250021048","52280","32","1993-08-15","15","CHAMBERLAIN","ENG","WINGER","MIDFIELDER","MALE","180","./image/250021048.jpg","Alex Oxlade-Chamberlain","MIDFIELDER","15","Chamberlain","39","70","Angleterre","Milieu","Alex","Oxlade-Chamberlain","Alex Oxlade-Chamberlain","Oxlade-Chamberlain","200039","./assoc/200039_ENG.svg","./logo/52280.png","UEFA","ENG","52280","FAME","Arsenal","","https://img.uefa.com/imgml/TP/teams/logos/70x70/52280.png","https://img.uefa.com/imgml/TP/teams/logos/240x240/52280.png","252280","ARS","DOMESTIC_MEN_TEAM_A","","DOMESTIC","Angleterre","Arsenal","Arsenal FC","ARS","377","MINUTE","7","1","1","45.25","KILOMETER","31.4","KILOMETER_PER_HOUR"
"56451","52747","43","1982-08-28","8","","ITA","DEFENSIVE_MIDFIELDER","","MALE","183","./image/56451.jpg","Thiago Motta","MIDFIELDER","10","Motta","","82","Italie","","Thiago","Motta","Thiago Motta","Thiago Motta","200043","./assoc/200043_FRA.svg","./logo/52747.png","UEFA","FRA","52747","FAME","Paris","","https://img.uefa.com/imgml/TP/teams/logos/70x70/52747.png","https://img.uefa.com/imgml/TP/teams/logos/240x240/52747.png","252747","PSG","DOMESTIC_MEN_TEAM_A","","DOMESTIC","France","Paris","Paris Saint-Germain","PSG","377","MINUTE","5","0","0","45.34","KILOMETER","27","KILOMETER_PER_HOUR"
"250038620","52709","33","1992-10-06","24","Toutouh","DEN","WINGER","MIDFIELDER","MALE","189","./image/250038620.jpg","Youssef Toutouh","MIDFIELDER","","","200035","77","Danemark","Milieu","Youssef","Toutouh","Youssef Toutouh","Toutouh","200035","./assoc/200035_DEN.svg","./logo/52709.png","UEFA","DEN","52709","FAME","Copenhagen","","https://img.uefa.com/imgml/TP/teams/logos/70x70/52709.png","https://img.uefa.com/imgml/TP/teams/logos/240x240/52709.png","252709","CPH","DOMESTIC_MEN_TEAM_A","","DOMESTIC","Danemark","Copenhagen","F.C. Copenhagen","CPH","375","MINUTE","6","0","0","44.37","KILOMETER","28.3","KILOMETER_PER_HOUR"
"103125","50149","36","1989-03-15","23","Adrien S.","POR","DEFENSIVE_MIDFIELDER","MIDFIELDER","MALE","175","./image/103125.jpg","Adrien Silva","MIDFIELDER","23","Adrien","110","69","Portugal","Milieu","","Adrien Silva","Adrien Silva","Adrien Silva","200110","./assoc/200110_POR.svg","./logo/50149.png","UEFA","POR","50149","FAME","Sporting CP","","https://img.uefa.com/imgml/TP/teams/logos/70x70/50149.png","https://img.uefa.com/imgml/TP/teams/logos/240x240/50149.png","250149","SPO","DOMESTIC_MEN_TEAM_A","","DOMESTIC","Portugal","Sporting CP","Sporting Clube de Portugal","SPO","375","MINUTE","5","1","1","48.25","KILOMETER","28","KILOMETER_PER_HOUR"
"97811","50043","37","1988-05-11","25","Vormer","NED","CENTRAL_MIDFIELDER","MIDFIELDER","MALE","178","./image/97811.jpg","Ruud Vormer","MIDFIELDER","","Vormer","95","80","Pays-Bas","Milieu","Ruud","Vormer","Ruud Vormer","Vormer","200013","./assoc/200013_BEL.svg","./logo/50043.png","UEFA","BEL","50043","FAME","Club Brugge","","https://img.uefa.com/imgml/TP/teams/logos/70x70/50043.png","https://img.uefa.com/imgml/TP/teams/logos/240x240/50043.png","250043","BRU","DOMESTIC_MEN_TEAM_A","","DOMESTIC","Belgique","Club Brugge","Club Brugge KV","BRU","373","MINUTE","5","0","1","45.15","KILOMETER","26.2","KILOMETER_PER_HOUR"
"250024288","52747","33","1992-09-04","20","KURZAWA","FRA","","DEFENDER","MALE","182","./image/250024288.jpg","Layvin Kurzawa","DEFENDER","22","Kurzawa","43","74","France","Défenseur","Layvin","Kurzawa","Layvin Kurzawa","Kurzawa","200043","./assoc/200043_FRA.svg","./logo/52747.png","UEFA","FRA","52747","FAME","Paris","","https://img.uefa.com/imgml/TP/teams/logos/70x70/52747.png","https://img.uefa.com/imgml/TP/teams/logos/240x240/52747.png","252747","PSG","DOMESTIC_MEN_TEAM_A","","DOMESTIC","France","Paris","Paris Saint-Germain","PSG","370","MINUTE","5","0","2","42.34","KILOMETER","28.9","KILOMETER_PER_HOUR"
"250021739","52758","36","1989-03-17","23","Shinji Kagawa","JPN","ATTACKING_MIDFIELDER","MIDFIELDER","MALE","172","./image/250021739.jpg","Shinji Kagawa","MIDFIELDER","10","Kagawa","","63","Japon","Milieu","Shinji","Kagawa","Shinji Kagawa","Kagawa","200047","./assoc/200047_GER.svg","./logo/52758.png","UEFA","GER","52758","FAME","B. Dortmund","","https://img.uefa.com/imgml/TP/teams/logos/70x70/52758.png","https://img.uefa.com/imgml/TP/teams/logos/240x240/52758.png","252758","BVB","DOMESTIC_MEN_TEAM_A","","DOMESTIC","Allemagne","B. Dortmund","Borussia Dortmund","BVB","369","MINUTE","5","3","2","46.34","KILOMETER","27","KILOMETER_PER_HOUR"
"250036166","52723","38","1987-04-04","10","Moraes","UKR","STRIKER","FORWARD","MALE","176","./image/250036166.jpg","Júnior Moraes","FORWARD","19","Moraes","57166","70","Ukraine","Attaquant","","Júnior Moraes","Júnior Moraes","Júnior Moraes","257166","./assoc/257166_UKR.svg","./logo/52723.png","UEFA","UKR","52723","FAME","Dynamo Kyiv","","https://img.uefa.com/imgml/TP/teams/logos/70x70/52723.png","https://img.uefa.com/imgml/TP/teams/logos/240x240/52723.png","252723","DKY","DOMESTIC_MEN_TEAM_A","","DOMESTIC","Ukraine","Dynamo Kyiv","FC Dynamo Kyiv","DKY","368","MINUTE","6","1","0","41.12","KILOMETER","29.3","KILOMETER_PER_HOUR"
"250040521","50051","34","1991-07-01","21","Lucas V.","ESP","STRIKER","DEFENDER","MALE","173","./image/250040521.jpg","Lucas Vázquez","MIDFIELDER","19","Lucas V.","122","70","Espagne","Défenseur","","Lucas Vázquez","Lucas Vázquez","Lucas Vázquez","200122","./assoc/200122_ESP.svg","./logo/50051.png","UEFA","ESP","50051","FAME","Real Madrid","","https://img.uefa.com/imgml/TP/teams/logos/70x70/50051.png","https://img.uefa.com/imgml/TP/teams/logos/240x240/50051.png","250051","RMA","DOMESTIC_MEN_TEAM_A","","DOMESTIC","Espagne","Real Madrid","Real Madrid C.F.","RMA","366","MINUTE","10","1","1","52.97","KILOMETER","32.3","KILOMETER_PER_HOUR"
"250064188","50043","33","1992-08-24","20","Vanaken","BEL","ATTACKING_MIDFIELDER","MIDFIELDER","MALE","194","./image/250064188.jpg","Hans Vanaken","MIDFIELDER","20","Vanaken","13","77","Belgique","Milieu","Hans","Vanaken","Hans Vanaken","Vanaken","200013","./assoc/200013_BEL.svg","./logo/50043.png","UEFA","BEL","50043","FAME","Club Brugge","","https://img.uefa.com/imgml/TP/teams/logos/70x70/50043.png","https://img.uefa.com/imgml/TP/teams/logos/240x240/50043.png","250043","BRU","DOMESTIC_MEN_TEAM_A","","DOMESTIC","Belgique","Club Brugge","Club Brugge KV","BRU","364","MINUTE","6","0","0","46.95","KILOMETER","27.4","KILOMETER_PER_HOUR"
"101594","50037","40","1985-09-07","13","Rafinha","BRA","","DEFENDER","MALE","172","./image/101594.jpg","Rafinha","DEFENDER","","Rafinha","","68","Brésil","Défenseur","","Rafinha","Rafinha","Rafinha","200047","./assoc/200047_GER.svg","./logo/50037.png","UEFA","GER","50037","FAME","Bayern München","","https://img.uefa.com/imgml/TP/teams/logos/70x70/50037.png","https://img.uefa.com/imgml/TP/teams/logos/240x240/50037.png","250037","BAY","DOMESTIC_MEN_TEAM_A","","DOMESTIC","Allemagne","Bayern München","FC Bayern München","BAY","362","MINUTE","5","0","0","41.71","KILOMETER","29.3","KILOMETER_PER_HOUR"
"250011730","54266","35","1990-08-20","90","Traore","CIV","STRIKER","FORWARD","MALE","202","./image/250011730.jpg","Lacina Traoré","FORWARD","","L. Traore","","92","Côte d'Ivoire","Attaquant","Lacina","Traoré","Lacina Traoré","L. Traoré","257451","./assoc/257451_RUS.svg","./logo/54266.png","UEFA","RUS","54266","FAME","CSKA Moskva","","https://img.uefa.com/imgml/TP/teams/logos/70x70/54266.png","https://img.uefa.com/imgml/TP/teams/logos/240x240/54266.png","254266","CSM","DOMESTIC_MEN_TEAM_A","","DOMESTIC","Russie","CSKA Moskva","PFC CSKA Moskva","CSM","360","MINUTE","6","1","1","38.71","KILOMETER","29.5","KILOMETER_PER_HOUR"
"250024859","50062","31","1994-03-30","15","Willems","NED","FULL_BACK","DEFENDER","MALE","170","./image/250024859.jpg","Jetro Willems","DEFENDER","15","Willems","95","66","Pays-Bas","Défenseur","Jetro","Willems","Jetro Willems","Willems","200095","./assoc/200095_NED.svg","./logo/50062.png","UEFA","NED","50062","FAME","PSV","","https://img.uefa.com/imgml/TP/teams/logos/70x70/50062.png","https://img.uefa.com/imgml/TP/teams/logos/240x240/50062.png","250062","PSV","DOMESTIC_MEN_TEAM_A","","DOMESTIC","Pays-Bas","PSV","PSV Eindhoven","PSV","360","MINUTE","5","0","0","38.41","KILOMETER","31.7","KILOMETER_PER_HOUR"
"1900711","64500","38","1987-04-05","30","KUDRYASHOV","RUS","FULL_BACK","DEFENDER","MALE","181","./image/1900711.jpg","Fedor Kudryashov","DEFENDER","13","Kudryashov","57451","81","Russie","Défenseur","Fedor","Kudryashov","Fedor Kudryashov","Kudryashov","257451","./assoc/257451_RUS.svg","./logo/64500.png","UEFA","RUS","64500","FAME","Rostov","","https://img.uefa.com/imgml/TP/teams/logos/70x70/64500.png","https://img.uefa.com/imgml/TP/teams/logos/240x240/64500.png","264500","ROS","DOMESTIC_MEN_TEAM_A","","DOMESTIC","Russie","Rostov","FC Rostov","ROS","360","MINUTE","4","0","0","45.66","KILOMETER","27.7","KILOMETER_PER_HOUR"
"250085543","53577","28","1996-12-16","4","Ndidi","NGA","DEFENSIVE_MIDFIELDER","MIDFIELDER","MALE","178","./image/250085543.jpg","Wilfred Ndidi","DEFENDER","4","Ndidi","100","74","Nigeria","Milieu","Wilfred","Ndidi","Wilfred Ndidi","Ndidi","200039","./assoc/200039_ENG.svg","./logo/53577.png","UEFA","ENG","53577","FAME","Leicester","","https://img.uefa.com/imgml/TP/teams/logos/70x70/53577.png","https://img.uefa.com/imgml/TP/teams/logos/240x240/53577.png","253577","LEI","DOMESTIC_MEN_TEAM_A","","DOMESTIC","Angleterre","Leicester","Leicester City FC","LEI","360","MINUTE","4","0","0","44.32","KILOMETER","28.8","KILOMETER_PER_HOUR"
"109007","50146","36","1988-12-20","3","Hloušek","CZE","WINGER","DEFENDER","MALE","187","./image/109007.jpg","Adam Hloušek","MIDFIELDER","2","Hloušek","58837","76","Tchéquie","Défenseur","Adam","Hloušek","Adam Hloušek","Hloušek","200109","./assoc/200109_POL.svg","./logo/50146.png","UEFA","POL","50146","FAME","Legia Warszawa","","https://img.uefa.com/imgml/TP/teams/logos/70x70/50146.png","https://img.uefa.com/imgml/TP/teams/logos/240x240/50146.png","250146","LEG","DOMESTIC_MEN_TEAM_A","","DOMESTIC","Pologne","Legia Warszawa","Legia Warszawa","LEG","360","MINUTE","4","0","0","43.97","KILOMETER","30.6","KILOMETER_PER_HOUR"
"250042422","50147","30","1995-09-20","20","Grimaldo","ESP","FULL_BACK","DEFENDER","MALE","170","./image/250042422.jpg","Alejandro Grimaldo","DEFENDER","17","GRIMALDO","122","64","Espagne","Défenseur","Alejandro","Grimaldo","Alejandro Grimaldo","Grimaldo","200110","./assoc/200110_POR.svg","./logo/50147.png","UEFA","POR","50147","FAME","Benfica","","https://img.uefa.com/imgml/TP/teams/logos/70x70/50147.png","https://img.uefa.com/imgml/TP/teams/logos/240x240/50147.png","250147","BEN","DOMESTIC_MEN_TEAM_A","","DOMESTIC","Portugal","Benfica","SL Benfica","BEN","360","MINUTE","4","0","0","42.21","KILOMETER","29.7","KILOMETER_PER_HOUR"
"250008296","2603104","45","1980-10-14","23","Minev","BUL","FULL_BACK","DEFENDER","MALE","174","./image/250008296.jpg","Yordan Minev","DEFENDER","6","Minev","20","66","Bulgarie","Défenseur","Yordan","Minev","Yordan Minev","Minev","200020","./assoc/200020_BUL.svg","./logo/2603104.png","UEFA","BUL","2603104","FAME","Ludogorets","","https://img.uefa.com/imgml/TP/teams/logos/70x70/2603104.png","https://img.uefa.com/imgml/TP/teams/logos/240x240/2603104.png","250002030","LUD","DOMESTIC_MEN_TEAM_A","","DOMESTIC","Bulgarie","Ludogorets","PFC Ludogorets 1945","LUD","360","MINUTE","4","0","0","41.84","KILOMETER","29.6","KILOMETER_PER_HOUR"
"102812","52723","38","1987-04-01","5","Antunes","POR","FULL_BACK","DEFENDER","MALE","175","./image/102812.jpg","Antunes","DEFENDER","5","Antunes","110","70","Portugal","Défenseur","","Antunes","Antunes","Antunes","257166","./assoc/257166_UKR.svg","./logo/52723.png","UEFA","UKR","52723","FAME","Dynamo Kyiv","","https://img.uefa.com/imgml/TP/teams/logos/70x70/52723.png","https://img.uefa.com/imgml/TP/teams/logos/240x240/52723.png","252723","DKY","DOMESTIC_MEN_TEAM_A","","DOMESTIC","Ukraine","Dynamo Kyiv","FC Dynamo Kyiv","DKY","360","MINUTE","4","0","0","40.9","KILOMETER","30.9","KILOMETER_PER_HOUR"
"250100011","53577","36","1989-04-14","44","Luis H.","ESP","CENTRE_BACK","DEFENDER","MALE","182","./image/250100011.jpg","Luis Hernandez","DEFENDER","","Hernandez","","76","Espagne","Défenseur","Luis","Hernandez","Luis Hernandez","Hernandez","200039","./assoc/200039_ENG.svg","./logo/53577.png","UEFA","ENG","53577","FAME","Leicester","","https://img.uefa.com/imgml/TP/teams/logos/70x70/53577.png","https://img.uefa.com/imgml/TP/teams/logos/240x240/53577.png","253577","LEI","DOMESTIC_MEN_TEAM_A","","DOMESTIC","Angleterre","Leicester","Leicester City FC","LEI","360","MINUTE","4","0","0","40.31","KILOMETER","27.8","KILOMETER_PER_HOUR"
"44793","50043","48","1976-12-11","3","Simons","BEL","","DEFENDER","MALE","186","./image/44793.jpg","Timmy Simons","DEFENDER","3","Simons","13","78","Belgique","Défenseur","Timmy","Simons","Timmy Simons","Simons","200013","./assoc/200013_BEL.svg","./logo/50043.png","UEFA","BEL","50043","FAME","Club Brugge","","https://img.uefa.com/imgml/TP/teams/logos/70x70/50043.png","https://img.uefa.com/imgml/TP/teams/logos/240x240/50043.png","250043","BRU","DOMESTIC_MEN_TEAM_A","","DOMESTIC","Belgique","Club Brugge","Club Brugge KV","BRU","360","MINUTE","4","0","0","39.91","KILOMETER","27.2","KILOMETER_PER_HOUR"
"55543","54266","46","1979-07-14","4","","RUS","CENTRE_BACK","","MALE","187","./image/55543.jpg","Sergei Ignashevich","DEFENDER","4","Ignashevich","","84","Russie","","Sergei","Ignashevich","Sergei Ignashevich","Ignashevich","257451","./assoc/257451_RUS.svg","./logo/54266.png","UEFA","RUS","54266","FAME","CSKA Moskva","","https://img.uefa.com/imgml/TP/teams/logos/70x70/54266.png","https://img.uefa.com/imgml/TP/teams/logos/240x240/54266.png","254266","CSM","DOMESTIC_MEN_TEAM_A","","DOMESTIC","Russie","CSKA Moskva","PFC CSKA Moskva","CSM","360","MINUTE","4","0","0","39.76","KILOMETER","26.4","KILOMETER_PER_HOUR"
"250041718","52757","29","1996-04-10","15","Christensen","DEN","CENTRE_BACK","DEFENDER","MALE","188","./image/250041718.jpg","Andreas  Christensen","DEFENDER","6","Christensen","35","74","Danemark","Défenseur","Andreas","Christensen","Andreas  Christensen","Christensen","200047","./assoc/200047_GER.svg","./logo/52757.png","UEFA","GER","52757","FAME","Mönchengladbach","","https://img.uefa.com/imgml/TP/teams/logos/70x70/52757.png","https://img.uefa.com/imgml/TP/teams/logos/240x240/52757.png","252757","MON","DOMESTIC_MEN_TEAM_A","","DOMESTIC","Allemagne","Mönchengladbach","Borussia Mönchengladbach","MON","360","MINUTE","4","0","0","38.9","KILOMETER","30.5","KILOMETER_PER_HOUR"
"250017790","50146","34","1991-08-06","4","Czerwiński","POL","CENTRAL_MIDFIELDER","DEFENDER","MALE","183","./image/250017790.jpg","Jakub Czerwiński","DEFENDER","","Czerwinski","300109","75","Pologne","Défenseur","Jakub","Czerwiński","Jakub Czerwiński","Czerwiński","200109","./assoc/200109_POL.svg","./logo/50146.png","UEFA","POL","50146","FAME","Legia Warszawa","","https://img.uefa.com/imgml/TP/teams/logos/70x70/50146.png","https://img.uefa.com/imgml/TP/teams/logos/240x240/50146.png","250146","LEG","DOMESTIC_MEN_TEAM_A","","DOMESTIC","Pologne","Legia Warszawa","Legia Warszawa","LEG","360","MINUTE","4","0","0","38.29","KILOMETER","30.3","KILOMETER_PER_HOUR"
"250017918","5312","35","1990-03-27","33","NKoulou","CMR","CENTRE_BACK","DEFENDER","MALE","180","./image/250017918.jpg","Nicolas Nkoulou","DEFENDER","3","N'Koulou","23","77","Cameroun","Défenseur","Nicolas","Nkoulou","Nicolas Nkoulou","Nkoulou","200043","./assoc/200043_FRA.svg","./logo/5312.png","UEFA","FRA","5312","FAME","Lyon","","https://img.uefa.com/imgml/TP/teams/logos/70x70/5312.png","https://img.uefa.com/imgml/TP/teams/logos/240x240/5312.png","205312","LYO","DOMESTIC_MEN_TEAM_A","","DOMESTIC","France","Lyon","Olympique Lyonnais","LYO","360","MINUTE","4","0","0","37.79","KILOMETER","27.1","KILOMETER_PER_HOUR"
"250042625","50164","30","1995-01-09","40","LIVAKOVIĆ","CRO","GOALKEEPER","GOALKEEPER","MALE","186","./image/250042625.jpg","Dominik Livaković","GOALKEEPER","1","Livaković","56370","79","Croatie","Gardien","Dominik","Livaković","Dominik Livaković","Livaković","256370","./assoc/256370_CRO.svg","./logo/50164.png","UEFA","CRO","50164","FAME","GNK Dinamo","","https://img.uefa.com/imgml/TP/teams/logos/70x70/50164.png","https://img.uefa.com/imgml/TP/teams/logos/240x240/50164.png","250164","DIN","DOMESTIC_MEN_TEAM_A","","DOMESTIC","Croatie","GNK Dinamo","GNK Dinamo","DIN","360","MINUTE","4","0","0","14.58","KILOMETER","20.4","KILOMETER_PER_HOUR"
"250022829","50109","31","1994-02-08","20","Çalhanoğlu","TUR","ATTACKING_MIDFIELDER","MIDFIELDER","MALE","176","./image/250022829.jpg","Hakan Çalhanoğlu","MIDFIELDER","10","ÇALHANOĞLU","135","76","Turquie","Milieu","","Hakan Çalhanoğlu","Hakan Çalhanoğlu","Hakan Çalhanoğlu","200047","./assoc/200047_GER.svg","./logo/50109.png","UEFA","GER","50109","FAME","Leverkusen","","https://img.uefa.com/imgml/TP/teams/logos/70x70/50109.png","https://img.uefa.com/imgml/TP/teams/logos/240x240/50109.png","250109","LEV","DOMESTIC_MEN_TEAM_A","","DOMESTIC","Allemagne","Leverkusen","Bayer 04 Leverkusen","LEV","357","MINUTE","6","1","1","43.43","KILOMETER","28.6","KILOMETER_PER_HOUR"
"250008250","52723","34","1991-05-02","5","Sydorchuk","UKR","CENTRAL_MIDFIELDER","MIDFIELDER","MALE","189","./image/250008250.jpg","Serhiy Sydorchuk","MIDFIELDER","5","Sydorchuk","57166","90","Ukraine","Milieu","Serhiy","Sydorchuk","Serhiy Sydorchuk","Sydorchuk","257166","./assoc/257166_UKR.svg","./logo/52723.png","UEFA","UKR","52723","FAME","Dynamo Kyiv","","https://img.uefa.com/imgml/TP/teams/logos/70x70/52723.png","https://img.uefa.com/imgml/TP/teams/logos/240x240/52723.png","252723","DKY","DOMESTIC_MEN_TEAM_A","","DOMESTIC","Ukraine","Dynamo Kyiv","FC Dynamo Kyiv","DKY","357","MINUTE","5","1","1","44.87","KILOMETER","28.4","KILOMETER_PER_HOUR"
"72563","59856","42","1982-12-15","10","Delgado","ITA","","MIDFIELDER","MALE","182","./image/72563.jpg","Matías Delgado","MIDFIELDER","","Delgado","","79","Italie","Milieu","Matías","Delgado","Matías Delgado","Delgado","200128","./assoc/200128_SUI.svg","./logo/59856.png","UEFA","SUI","59856","FAME","Basel","","https://img.uefa.com/imgml/TP/teams/logos/70x70/59856.png","https://img.uefa.com/imgml/TP/teams/logos/240x240/59856.png","259856","BSL","DOMESTIC_MEN_TEAM_A","","DOMESTIC","Suisse","Basel","FC Basel 1893","BSL","356","MINUTE","6","0","0","43.65","KILOMETER","28.5","KILOMETER_PER_HOUR"
"250053905","52747","30","1995-04-03","25","Rabiot","FRA","CENTRAL_MIDFIELDER","MIDFIELDER","MALE","188","./image/250053905.jpg","Adrien Rabiot","MIDFIELDER","14","Rabiot","43","71","France","Milieu","Adrien","Rabiot","Adrien Rabiot","Rabiot","200043","./assoc/200043_FRA.svg","./logo/52747.png","UEFA","FRA","52747","FAME","Paris","","https://img.uefa.com/imgml/TP/teams/logos/70x70/52747.png","https://img.uefa.com/imgml/TP/teams/logos/240x240/52747.png","252747","PSG","DOMESTIC_MEN_TEAM_A","","DOMESTIC","France","Paris","Paris Saint-Germain","PSG","356","MINUTE","5","0","1","43.99","KILOMETER","28.7","KILOMETER_PER_HOUR"
"250057386","50050","32","1992-12-16","18","Rogic","AUS","ATTACKING_MIDFIELDER","MIDFIELDER","MALE","187","./image/250057386.jpg","Tom Rogić","MIDFIELDER","","Rogic","7","85","Australie","Milieu","Tom","Rogić","Tom Rogić","Rogić","200117","./assoc/200117_SCO.svg","./logo/50050.png","UEFA","SCO","50050","FAME","Celtic","","https://img.uefa.com/imgml/TP/teams/logos/70x70/50050.png","https://img.uefa.com/imgml/TP/teams/logos/240x240/50050.png","250050","CEL","DOMESTIC_MEN_TEAM_A","","DOMESTIC","Écosse","Celtic","Celtic FC","CEL","351","MINUTE","5","0","0","44.76","KILOMETER","29.1","KILOMETER_PER_HOUR"
"60805","52747","44","1981-08-27","17","Maxwell","BRA","UNKNOWN","DEFENDER","MALE","177","./image/60805.jpg","Maxwell","DEFENDER","14","Maxwell","","81","Brésil","Défenseur","","Maxwell","Maxwell","Maxwell","200043","./assoc/200043_FRA.svg","./logo/52747.png","UEFA","FRA","52747","FAME","Paris","","https://img.uefa.com/imgml/TP/teams/logos/70x70/52747.png","https://img.uefa.com/imgml/TP/teams/logos/240x240/52747.png","252747","PSG","DOMESTIC_MEN_TEAM_A","","DOMESTIC","France","Paris","Paris Saint-Germain","PSG","350","MINUTE","4","0","0","37.59","KILOMETER","29.1","KILOMETER_PER_HOUR"
"250004244","54266","33","1992-02-19","7","Milanov","BUL","CENTRAL_MIDFIELDER","MIDFIELDER","MALE","184","./image/250004244.jpg","Georgi Milanov","MIDFIELDER","17","Milanov","20","70","Bulgarie","Milieu","Georgi","Milanov","Georgi Milanov","Milanov","257451","./assoc/257451_RUS.svg","./logo/54266.png","UEFA","RUS","54266","FAME","CSKA Moskva","","https://img.uefa.com/imgml/TP/teams/logos/70x70/54266.png","https://img.uefa.com/imgml/TP/teams/logos/240x240/54266.png","254266","CSM","DOMESTIC_MEN_TEAM_A","","DOMESTIC","Russie","CSKA Moskva","PFC CSKA Moskva","CSM","346","MINUTE","6","0","0","42.09","KILOMETER","30.3","KILOMETER_PER_HOUR"
"1900122","50051","35","1990-01-18","6","NACHO","ESP","CENTRE_BACK","DEFENDER","MALE","179","./image/1900122.jpg","Nacho","DEFENDER","4","Nacho","122","75","Espagne","Défenseur","","Nacho","Nacho","Nacho","200122","./assoc/200122_ESP.svg","./logo/50051.png","UEFA","ESP","50051","FAME","Real Madrid","","https://img.uefa.com/imgml/TP/teams/logos/70x70/50051.png","https://img.uefa.com/imgml/TP/teams/logos/240x240/50051.png","250051","RMA","DOMESTIC_MEN_TEAM_A","","DOMESTIC","Espagne","Real Madrid","Real Madrid C.F.","RMA","345","MINUTE","4","0","0","36.38","KILOMETER","28.6","KILOMETER_PER_HOUR"
"74321","52757","37","1987-12-11","19","Johnson","USA","WINGER","DEFENDER","MALE","183","./image/74321.jpg","Fabian Johnson","MIDFIELDER","23","Johnson","140","74","Etats-Unis","Défenseur","Fabian","Johnson","Fabian Johnson","Johnson","200047","./assoc/200047_GER.svg","./logo/52757.png","UEFA","GER","52757","FAME","Mönchengladbach","","https://img.uefa.com/imgml/TP/teams/logos/70x70/52757.png","https://img.uefa.com/imgml/TP/teams/logos/240x240/52757.png","252757","MON","DOMESTIC_MEN_TEAM_A","","DOMESTIC","Allemagne","Mönchengladbach","Borussia Mönchengladbach","MON","343","MINUTE","5","0","0","42.27","KILOMETER","30.3","KILOMETER_PER_HOUR"
"250068760","52757","35","1990-08-13","28","Hahn","GER","WINGER","MIDFIELDER","MALE","185","./image/250068760.jpg","André Hahn","MIDFIELDER","","Hahn","","80","Allemagne","Milieu","André","Hahn","André Hahn","Hahn","200047","./assoc/200047_GER.svg","./logo/52757.png","UEFA","GER","52757","FAME","Mönchengladbach","","https://img.uefa.com/imgml/TP/teams/logos/70x70/52757.png","https://img.uefa.com/imgml/TP/teams/logos/240x240/52757.png","252757","MON","DOMESTIC_MEN_TEAM_A","","DOMESTIC","Allemagne","Mönchengladbach","Borussia Mönchengladbach","MON","342","MINUTE","6","1","1","45.04","KILOMETER","29.5","KILOMETER_PER_HOUR"
"250002480","59856","37","1987-12-31","88","Doumbia","CIV","STRIKER","FORWARD","MALE","179","./image/250002480.jpg","Seydou Doumbia","FORWARD","7","Doumbia","","75","Côte d'Ivoire","Attaquant","Seydou","Doumbia","Seydou Doumbia","Doumbia","200128","./assoc/200128_SUI.svg","./logo/59856.png","UEFA","SUI","59856","FAME","Basel","","https://img.uefa.com/imgml/TP/teams/logos/70x70/59856.png","https://img.uefa.com/imgml/TP/teams/logos/240x240/59856.png","259856","BSL","DOMESTIC_MEN_TEAM_A","","DOMESTIC","Suisse","Basel","FC Basel 1893","BSL","342","MINUTE","6","1","0","37.24","KILOMETER","29.3","KILOMETER_PER_HOUR"
"1908196","5312","34","1991-05-28","10","Lacazette","FRA","STRIKER","FORWARD","MALE","175","./image/1908196.jpg","Alexandre Lacazette","FORWARD","20","Lacazette","43","73","France","Attaquant","Alexandre","Lacazette","Alexandre Lacazette","Lacazette","200043","./assoc/200043_FRA.svg","./logo/5312.png","UEFA","FRA","5312","FAME","Lyon","","https://img.uefa.com/imgml/TP/teams/logos/70x70/5312.png","https://img.uefa.com/imgml/TP/teams/logos/240x240/5312.png","205312","LYO","DOMESTIC_MEN_TEAM_A","","DOMESTIC","France","Lyon","Olympique Lyonnais","LYO","342","MINUTE","4","1","0","38.88","KILOMETER","30.7","KILOMETER_PER_HOUR"
"250021626","52757","34","1991-02-19","6","Kramer","GER","DEFENSIVE_MIDFIELDER","MIDFIELDER","MALE","179","./image/250021626.jpg","Christoph Kramer","MIDFIELDER","20","Kramer","47","67","Allemagne","Milieu","Christoph","Kramer","Christoph Kramer","Kramer","200047","./assoc/200047_GER.svg","./logo/52757.png","UEFA","GER","52757","FAME","Mönchengladbach","","https://img.uefa.com/imgml/TP/teams/logos/70x70/52757.png","https://img.uefa.com/imgml/TP/teams/logos/240x240/52757.png","252757","MON","DOMESTIC_MEN_TEAM_A","","DOMESTIC","Allemagne","Mönchengladbach","Borussia Mönchengladbach","MON","339","MINUTE","5","0","0","46.26","KILOMETER","28.8","KILOMETER_PER_HOUR"
"250017053","53577","39","1986-04-16","20","Okazaki","JPN","STRIKER","FORWARD","MALE","174","./image/250017053.jpg","Shinji Okazaki","FORWARD","9","Okazaki","","70","Japon","Attaquant","Shinji","Okazaki","Shinji Okazaki","Okazaki","200039","./assoc/200039_ENG.svg","./logo/53577.png","UEFA","ENG","53577","FAME","Leicester","","https://img.uefa.com/imgml/TP/teams/logos/70x70/53577.png","https://img.uefa.com/imgml/TP/teams/logos/240x240/53577.png","253577","LEI","DOMESTIC_MEN_TEAM_A","","DOMESTIC","Angleterre","Leicester","Leicester City FC","LEI","336","MINUTE","7","1","0","43.67","KILOMETER","29.4","KILOMETER_PER_HOUR"
"250049803","52714","36","1989-02-22","22","Vazquez","ARG","ATTACKING_MIDFIELDER","MIDFIELDER","MALE","186","./image/250049803.jpg","Franco Vázquez","MIDFIELDER","23","Vázquez","66","82","Argentine","Milieu","Franco","Vázquez","Franco Vázquez","Vázquez","200122","./assoc/200122_ESP.svg","./logo/52714.png","UEFA","ESP","52714","FAME","Sevilla","","https://img.uefa.com/imgml/TP/teams/logos/70x70/52714.png","https://img.uefa.com/imgml/TP/teams/logos/240x240/52714.png","252714","SEV","DOMESTIC_MEN_TEAM_A","","DOMESTIC","Espagne","Sevilla","Sevilla FC","SEV","335","MINUTE","5","0","1","40.6","KILOMETER","27.4","KILOMETER_PER_HOUR"
"1909920","52714","33","1992-05-11","19","Sarabia Garcia","ESP","WINGER","FORWARD","MALE","177","./image/1909920.jpg","Pablo Sarabia","FORWARD","17","Sarabia","122","70","Espagne","Attaquant","Pablo","Sarabia","Pablo Sarabia","Sarabia","200122","./assoc/200122_ESP.svg","./logo/52714.png","UEFA","ESP","52714","FAME","Sevilla","","https://img.uefa.com/imgml/TP/teams/logos/70x70/52714.png","https://img.uefa.com/imgml/TP/teams/logos/240x240/52714.png","252714","SEV","DOMESTIC_MEN_TEAM_A","","DOMESTIC","Espagne","Sevilla","Sevilla FC","SEV","332","MINUTE","7","1","1","42.52","KILOMETER","29.3","KILOMETER_PER_HOUR"
"250010781","50157","35","1990-08-16","18","ARSLAN","GER","CENTRAL_MIDFIELDER","MIDFIELDER","MALE","180","./image/250010781.jpg","Tolgay Arslan","MIDFIELDER","","Arslan","","","Allemagne","Milieu","","Tolgay Arslan","Tolgay Arslan","Tolgay Arslan","200135","./assoc/200135_TUR.svg","./logo/50157.png","UEFA","TUR","50157","FAME","Beşiktaş","","https://img.uefa.com/imgml/TP/teams/logos/70x70/50157.png","https://img.uefa.com/imgml/TP/teams/logos/240x240/50157.png","250157","BES","DOMESTIC_MEN_TEAM_A","","DOMESTIC","Turquie","Beşiktaş","Beşiktaş JK","BES","332","MINUTE","5","0","0","39.19","KILOMETER","26.3","KILOMETER_PER_HOUR"
"250040545","50062","33","1992-01-13","2","Arias","COL","FULL_BACK","DEFENDER","MALE","175","./image/250040545.jpg","Santiago Arias","DEFENDER","4","Arias","29","72","Colombie","Défenseur","Santiago","Arias","Santiago Arias","Arias","200095","./assoc/200095_NED.svg","./logo/50062.png","UEFA","NED","50062","FAME","PSV","","https://img.uefa.com/imgml/TP/teams/logos/70x70/50062.png","https://img.uefa.com/imgml/TP/teams/logos/240x240/50062.png","250062","PSV","DOMESTIC_MEN_TEAM_A","","DOMESTIC","Pays-Bas","PSV","PSV Eindhoven","PSV","332","MINUTE","4","1","0","37.82","KILOMETER","30.1","KILOMETER_PER_HOUR"
"250067766","50062","39","1986-09-28","18","A. GUARDADO","MEX","CENTRAL_MIDFIELDER","MIDFIELDER","MALE","169","./image/250067766.jpg","Andrés Guardado","MIDFIELDER","18","A.Guardado","91","67","Mexique","Milieu","Andrés","Guardado","Andrés Guardado","Guardado","200095","./assoc/200095_NED.svg","./logo/50062.png","UEFA","NED","50062","FAME","PSV","","https://img.uefa.com/imgml/TP/teams/logos/70x70/50062.png","https://img.uefa.com/imgml/TP/teams/logos/240x240/50062.png","250062","PSV","DOMESTIC_MEN_TEAM_A","","DOMESTIC","Pays-Bas","PSV","PSV Eindhoven","PSV","331","MINUTE","4","0","0","41.84","KILOMETER","28.2","KILOMETER_PER_HOUR"
"250026109","50164","33","1992-04-04","16","Šitum","CRO","WINGER","FORWARD","MALE","177","./image/250026109.jpg","Mario Šitum","MIDFIELDER","7","Šitum","256370","73","Croatie","Attaquant","Mario","Šitum","Mario Šitum","Šitum","256370","./assoc/256370_CRO.svg","./logo/50164.png","UEFA","CRO","50164","FAME","GNK Dinamo","","https://img.uefa.com/imgml/TP/teams/logos/70x70/50164.png","https://img.uefa.com/imgml/TP/teams/logos/240x240/50164.png","250164","DIN","DOMESTIC_MEN_TEAM_A","","DOMESTIC","Croatie","GNK Dinamo","GNK Dinamo","DIN","330","MINUTE","5","0","0","42.15","KILOMETER","30","KILOMETER_PER_HOUR"
"250023705","50109","33","1992-07-30","10","Volland","GER","STRIKER","FORWARD","MALE","179","./image/250023705.jpg","Kevin Volland","FORWARD","9","Volland","47","82","Allemagne","Attaquant","Kevin","Volland","Kevin Volland","Volland","200047","./assoc/200047_GER.svg","./logo/50109.png","UEFA","GER","50109","FAME","Leverkusen","","https://img.uefa.com/imgml/TP/teams/logos/70x70/50109.png","https://img.uefa.com/imgml/TP/teams/logos/240x240/50109.png","250109","LEV","DOMESTIC_MEN_TEAM_A","","DOMESTIC","Allemagne","Leverkusen","Bayer 04 Leverkusen","LEV","329","MINUTE","6","1","0","43.6","KILOMETER","29.6","KILOMETER_PER_HOUR"
"250067749","50136","33","1991-12-20","20","Jorginho","ITA","CENTRAL_MIDFIELDER","MIDFIELDER","MALE","180","./image/250067749.jpg","Jorginho","MIDFIELDER","8","Jorginho","66","65","Italie","Milieu","","Jorginho","Jorginho","Jorginho","200066","./assoc/200066_ITA.svg","./logo/50136.png","UEFA","ITA","50136","FAME","Napoli","","https://img.uefa.com/imgml/TP/teams/logos/70x70/50136.png","https://img.uefa.com/imgml/TP/teams/logos/240x240/50136.png","250136","NAP","DOMESTIC_MEN_TEAM_A","","DOMESTIC","Italie","Napoli","SSC Napoli","NAP","329","MINUTE","4","0","0","43.68","KILOMETER","27.2","KILOMETER_PER_HOUR"
"250025967","52709","34","1991-06-04","9","Santander","PAR","STRIKER","FORWARD","MALE","187","./image/250025967.jpg","Federico Santander","FORWARD","","Santander","106","84","Paraguay","Attaquant","Federico","Santander","Federico Santander","Santander","200035","./assoc/200035_DEN.svg","./logo/52709.png","UEFA","DEN","52709","FAME","Copenhagen","","https://img.uefa.com/imgml/TP/teams/logos/70x70/52709.png","https://img.uefa.com/imgml/TP/teams/logos/240x240/52709.png","252709","CPH","DOMESTIC_MEN_TEAM_A","","DOMESTIC","Danemark","Copenhagen","F.C. Copenhagen","CPH","328","MINUTE","4","1","0","35.11","KILOMETER","28.2","KILOMETER_PER_HOUR"
"250050819","52709","31","1993-11-27","77","VERBIC","SVN","WINGER","MIDFIELDER","MALE","179","./image/250050819.jpg","Benjamin Verbič","MIDFIELDER","7","Verbic","57163","70","Slovénie","Milieu","Benjamin","Verbič","Benjamin Verbič","Verbič","200035","./assoc/200035_DEN.svg","./logo/52709.png","UEFA","DEN","52709","FAME","Copenhagen","","https://img.uefa.com/imgml/TP/teams/logos/70x70/52709.png","https://img.uefa.com/imgml/TP/teams/logos/240x240/52709.png","252709","CPH","DOMESTIC_MEN_TEAM_A","","DOMESTIC","Danemark","Copenhagen","F.C. Copenhagen","CPH","327","MINUTE","5","0","1","41.13","KILOMETER","30","KILOMETER_PER_HOUR"
"98843","50109","37","1988-01-02","15","Baumgartlinger","AUT","DEFENSIVE_MIDFIELDER","MIDFIELDER","MALE","183","./image/98843.jpg","Julian Baumgartlinger","MIDFIELDER","14","Baumgartlinger","8","82","Autriche","Milieu","Julian","Baumgartlinger","Julian Baumgartlinger","Baumgartlinger","200047","./assoc/200047_GER.svg","./logo/50109.png","UEFA","GER","50109","FAME","Leverkusen","","https://img.uefa.com/imgml/TP/teams/logos/70x70/50109.png","https://img.uefa.com/imgml/TP/teams/logos/240x240/50109.png","250109","LEV","DOMESTIC_MEN_TEAM_A","","DOMESTIC","Allemagne","Leverkusen","Bayer 04 Leverkusen","LEV","325","MINUTE","6","0","0","44.54","KILOMETER","29.9","KILOMETER_PER_HOUR"
"250017884","50050","33","1992-03-30","16","Armstrong","SCO","ATTACKING_MIDFIELDER","MIDFIELDER","MALE","183","./image/250017884.jpg","Stuart Armstrong","MIDFIELDER","17","Armstrong","117","75","Écosse","Milieu","Stuart","Armstrong","Stuart Armstrong","Armstrong","200117","./assoc/200117_SCO.svg","./logo/50050.png","UEFA","SCO","50050","FAME","Celtic","","https://img.uefa.com/imgml/TP/teams/logos/70x70/50050.png","https://img.uefa.com/imgml/TP/teams/logos/240x240/50050.png","250050","CEL","DOMESTIC_MEN_TEAM_A","","DOMESTIC","Écosse","Celtic","Celtic FC","CEL","325","MINUTE","5","0","0","46.07","KILOMETER","28.7","KILOMETER_PER_HOUR"
"250075672","52919","42","1983-04-13","1","C. BRAVO","CHI","GOALKEEPER","GOALKEEPER","MALE","184","./image/250075672.jpg","Claudio Bravo","GOALKEEPER","1","C. Bravo","26","80","Chili","Gardien","Claudio","Bravo","Claudio Bravo","Bravo","200039","./assoc/200039_ENG.svg","./logo/52919.png","UEFA","ENG","52919","FAME","Man City","","https://img.uefa.com/imgml/TP/teams/logos/70x70/52919.png","https://img.uefa.com/imgml/TP/teams/logos/240x240/52919.png","252919","MCI","DOMESTIC_MEN_TEAM_A","","DOMESTIC","Angleterre","Man City","Manchester City","MCI","323","MINUTE","4","0","0","18.4","KILOMETER","18.7","KILOMETER_PER_HOUR"
"250060117","50064","35","1990-04-19","16","H.HERRERA","MEX","UNKNOWN","MIDFIELDER","MALE","183","./image/250060117.jpg","Héctor Herrera","MIDFIELDER","16","H. Herrera","91","74","Mexique","Milieu","Héctor","Herrera","Héctor Herrera","Herrera","200110","./assoc/200110_POR.svg","./logo/50064.png","UEFA","POR","50064","FAME","Porto","","https://img.uefa.com/imgml/TP/teams/logos/70x70/50064.png","https://img.uefa.com/imgml/TP/teams/logos/240x240/50064.png","250064","POR","DOMESTIC_MEN_TEAM_A","","DOMESTIC","Portugal","Porto","FC Porto","POR","322","MINUTE","6","0","0","41.15","KILOMETER","26.8","KILOMETER_PER_HOUR"
"250070712","52723","31","1994-03-20","25","D.Gonzalez","PAR","WINGER","MIDFIELDER","MALE","172","./image/250070712.jpg","Derlis González","MIDFIELDER","","D. González","106","64","Paraguay","Milieu","Derlis","González","Derlis González","González","257166","./assoc/257166_UKR.svg","./logo/52723.png","UEFA","UKR","52723","FAME","Dynamo Kyiv","","https://img.uefa.com/imgml/TP/teams/logos/70x70/52723.png","https://img.uefa.com/imgml/TP/teams/logos/240x240/52723.png","252723","DKY","DOMESTIC_MEN_TEAM_A","","DOMESTIC","Ukraine","Dynamo Kyiv","FC Dynamo Kyiv","DKY","322","MINUTE","5","1","0","37.61","KILOMETER","28.7","KILOMETER_PER_HOUR"
"250070417","50037","30","1995-02-08","6","Kimmich","GER","CENTRE_BACK","MIDFIELDER","MALE","176","./image/250070417.jpg","Joshua Kimmich","MIDFIELDER","6","Kimmich","47","70","Allemagne","Milieu","Joshua","Kimmich","Joshua Kimmich","Kimmich","200047","./assoc/200047_GER.svg","./logo/50037.png","UEFA","GER","50037","FAME","Bayern München","","https://img.uefa.com/imgml/TP/teams/logos/70x70/50037.png","https://img.uefa.com/imgml/TP/teams/logos/240x240/50037.png","250037","BAY","DOMESTIC_MEN_TEAM_A","","DOMESTIC","Allemagne","Bayern München","FC Bayern München","BAY","319","MINUTE","8","3","0","46.03","KILOMETER","28.9","KILOMETER_PER_HOUR"
"250004106","52709","33","1992-01-15","33","Falk","DEN","WINGER","FORWARD","MALE","177","./image/250004106.jpg","Rasmus Falk","FORWARD","11","Falk","35","65","Danemark","Attaquant","Rasmus","Falk","Rasmus Falk","Falk","200035","./assoc/200035_DEN.svg","./logo/52709.png","UEFA","DEN","52709","FAME","Copenhagen","","https://img.uefa.com/imgml/TP/teams/logos/70x70/52709.png","https://img.uefa.com/imgml/TP/teams/logos/240x240/52709.png","252709","CPH","DOMESTIC_MEN_TEAM_A","","DOMESTIC","Danemark","Copenhagen","F.C. Copenhagen","CPH","319","MINUTE","6","0","0","42.04","KILOMETER","26.7","KILOMETER_PER_HOUR"
"250021636","50051","34","1991-07-12","16","JAMES","COL","UNKNOWN","MIDFIELDER","MALE","180","./image/250021636.jpg","James Rodríguez","MIDFIELDER","10","James","29","75","Colombie","Milieu","","James Rodríguez","James Rodríguez","James Rodríguez","200122","./assoc/200122_ESP.svg","./logo/50051.png","UEFA","ESP","50051","FAME","Real Madrid","","https://img.uefa.com/imgml/TP/teams/logos/70x70/50051.png","https://img.uefa.com/imgml/TP/teams/logos/240x240/50051.png","250051","RMA","DOMESTIC_MEN_TEAM_A","","DOMESTIC","Espagne","Real Madrid","Real Madrid C.F.","RMA","318","MINUTE","6","0","2","40.58","KILOMETER","28.2","KILOMETER_PER_HOUR"
"250074281","50064","32","1993-01-06","11","Tecatito","POR","WINGER","FORWARD","MALE","173","./image/250074281.jpg","Jesús Corona","MIDFIELDER","17","Jesus C.","91","62","Portugal","Attaquant","Jesús","Corona","Jesús Corona","Corona","200110","./assoc/200110_POR.svg","./logo/50064.png","UEFA","POR","50064","FAME","Porto","","https://img.uefa.com/imgml/TP/teams/logos/70x70/50064.png","https://img.uefa.com/imgml/TP/teams/logos/240x240/50064.png","250064","POR","DOMESTIC_MEN_TEAM_A","","DOMESTIC","Portugal","Porto","FC Porto","POR","317","MINUTE","7","1","1","37.13","KILOMETER","29.1","KILOMETER_PER_HOUR"
"49086","54266","43","1982-06-20","6","Berezutskiy A.","RUS","CENTRE_BACK","DEFENDER","MALE","190","./image/49086.jpg","Aleksei Berezutski","DEFENDER","6","Berezutskiy A.","","87","Russie","Défenseur","Aleksei","Berezutski","Aleksei Berezutski","A. Berezutski","257451","./assoc/257451_RUS.svg","./logo/54266.png","UEFA","RUS","54266","FAME","CSKA Moskva","","https://img.uefa.com/imgml/TP/teams/logos/70x70/54266.png","https://img.uefa.com/imgml/TP/teams/logos/240x240/54266.png","254266","CSM","DOMESTIC_MEN_TEAM_A","","DOMESTIC","Russie","CSKA Moskva","PFC CSKA Moskva","CSM","316","MINUTE","5","0","0","35.58","KILOMETER","28.9","KILOMETER_PER_HOUR"
"250053787","50062","31","1994-03-20","20","Brenet","NED","UNKNOWN","DEFENDER","MALE","181","./image/250053787.jpg","Joshua Brenet","DEFENDER","2","Brenet","95","74","Pays-Bas","Défenseur","Joshua","Brenet","Joshua Brenet","Brenet","200095","./assoc/200095_NED.svg","./logo/50062.png","UEFA","NED","50062","FAME","PSV","","https://img.uefa.com/imgml/TP/teams/logos/70x70/50062.png","https://img.uefa.com/imgml/TP/teams/logos/240x240/50062.png","250062","PSV","DOMESTIC_MEN_TEAM_A","","DOMESTIC","Pays-Bas","PSV","PSV Eindhoven","PSV","315","MINUTE","4","0","0","36.55","KILOMETER","29.3","KILOMETER_PER_HOUR"
"250020851","52280","39","1986-09-30","9","GIROUD","FRA","STRIKER","FORWARD","MALE","192","./image/250020851.jpg","Olivier Giroud","FORWARD","9","Giroud","43","88","France","Attaquant","Olivier","Giroud","Olivier Giroud","Giroud","200039","./assoc/200039_ENG.svg","./logo/52280.png","UEFA","ENG","52280","FAME","Arsenal","","https://img.uefa.com/imgml/TP/teams/logos/70x70/52280.png","https://img.uefa.com/imgml/TP/teams/logos/240x240/52280.png","252280","ARS","DOMESTIC_MEN_TEAM_A","","DOMESTIC","Angleterre","Arsenal","Arsenal FC","ARS","312","MINUTE","6","2","0","36.12","KILOMETER","27.8","KILOMETER_PER_HOUR"
"1909868","50050","34","1991-07-07","49","Forrest","SCO","WINGER","MIDFIELDER","MALE","170","./image/1909868.jpg","James Forrest","MIDFIELDER","25","Forrest","117","67","Écosse","Milieu","James","Forrest","James Forrest","Forrest","200117","./assoc/200117_SCO.svg","./logo/50050.png","UEFA","SCO","50050","FAME","Celtic","","https://img.uefa.com/imgml/TP/teams/logos/70x70/50050.png","https://img.uefa.com/imgml/TP/teams/logos/240x240/50050.png","250050","CEL","DOMESTIC_MEN_TEAM_A","","DOMESTIC","Écosse","Celtic","Celtic FC","CEL","310","MINUTE","5","0","0","35.79","KILOMETER","31","KILOMETER_PER_HOUR"
"1903950","50146","40","1985-09-08","3","Jodłowiec","POL","UNKNOWN","MIDFIELDER","MALE","189","./image/1903950.jpg","Tomasz Jodłowiec","DEFENDER","6","Jodlowiec","109","91","Pologne","Milieu","Tomasz","Jodłowiec","Tomasz Jodłowiec","Jodłowiec","200109","./assoc/200109_POL.svg","./logo/50146.png","UEFA","POL","50146","FAME","Legia Warszawa","","https://img.uefa.com/imgml/TP/teams/logos/70x70/50146.png","https://img.uefa.com/imgml/TP/teams/logos/240x240/50146.png","250146","LEG","DOMESTIC_MEN_TEAM_A","","DOMESTIC","Pologne","Legia Warszawa","Legia Warszawa","LEG","309","MINUTE","5","0","0","40.5","KILOMETER","29.3","KILOMETER_PER_HOUR"
"103769","52280","34","1990-12-26","16","Ramsey","WAL","CENTRAL_MIDFIELDER","MIDFIELDER","MALE","178","./image/103769.jpg","Aaron Ramsey","MIDFIELDER","10","Ramsey","144","76","Pays de Galles","Milieu","Aaron","Ramsey","Aaron Ramsey","Ramsey","200039","./assoc/200039_ENG.svg","./logo/52280.png","UEFA","ENG","52280","FAME","Arsenal","","https://img.uefa.com/imgml/TP/teams/logos/70x70/52280.png","https://img.uefa.com/imgml/TP/teams/logos/240x240/52280.png","252280","ARS","DOMESTIC_MEN_TEAM_A","","DOMESTIC","Angleterre","Arsenal","Arsenal FC","ARS","307","MINUTE","4","0","2","39.39","KILOMETER","28","KILOMETER_PER_HOUR"
"250024370","50136","31","1994-05-20","7","Zieliński","POL","ATTACKING_MIDFIELDER","MIDFIELDER","MALE","177","./image/250024370.jpg","Piotr Zieliński","MIDFIELDER","10","Zieliński","109","64","Pologne","Milieu","Piotr","Zieliński","Piotr Zieliński","Zieliński","200066","./assoc/200066_ITA.svg","./logo/50136.png","UEFA","ITA","50136","FAME","Napoli","","https://img.uefa.com/imgml/TP/teams/logos/70x70/50136.png","https://img.uefa.com/imgml/TP/teams/logos/240x240/50136.png","250136","NAP","DOMESTIC_MEN_TEAM_A","","DOMESTIC","Italie","Napoli","SSC Napoli","NAP","305","MINUTE","7","0","0","38.8","KILOMETER","29.7","KILOMETER_PER_HOUR"
"250063803","50124","29","1996-02-14","21","L.HERNANDEZ","FRA","CENTRE_BACK","DEFENDER","MALE","180","./image/250063803.jpg","Lucas Hernández","DEFENDER","21","L. Hernandez","43","76","France","Défenseur","Lucas","Hernández","Lucas Hernández","L. Hernández","200122","./assoc/200122_ESP.svg","./logo/50124.png","UEFA","ESP","50124","FAME","Atleti","","https://img.uefa.com/imgml/TP/teams/logos/70x70/50124.png","https://img.uefa.com/imgml/TP/teams/logos/240x240/50124.png","250124","ATM","DOMESTIC_MEN_TEAM_A","","DOMESTIC","Espagne","Atleti","Atlético de Madrid","ATM","305","MINUTE","4","0","0","34.08","KILOMETER","30.5","KILOMETER_PER_HOUR"
"250023708","52757","33","1992-08-03","23","Vestergaard","DEN","CENTRE_BACK","DEFENDER","MALE","199","./image/250023708.jpg","Jannik Vestergaard","DEFENDER","3","Vestergaard","35","98","Danemark","Défenseur","Jannik","Vestergaard","Jannik Vestergaard","Vestergaard","200047","./assoc/200047_GER.svg","./logo/52757.png","UEFA","GER","52757","FAME","Mönchengladbach","","https://img.uefa.com/imgml/TP/teams/logos/70x70/52757.png","https://img.uefa.com/imgml/TP/teams/logos/240x240/52757.png","252757","MON","DOMESTIC_MEN_TEAM_A","","DOMESTIC","Allemagne","Mönchengladbach","Borussia Mönchengladbach","MON","300","MINUTE","4","0","0","31.49","KILOMETER","27.3","KILOMETER_PER_HOUR"
"250075828","50023","29","1996-04-28","18","Toure","FRA","FULL_BACK","DEFENDER","MALE","182","./image/250075828.jpg","Almamy Touré","DEFENDER","","Toure","43","72","France","Défenseur","Almamy","Touré","Almamy Touré","Touré","200043","./assoc/200043_FRA.svg","./logo/50023.png","UEFA","FRA","50023","FAME","Monaco","","https://img.uefa.com/imgml/TP/teams/logos/70x70/50023.png","https://img.uefa.com/imgml/TP/teams/logos/240x240/50023.png","250023","MON","DOMESTIC_MEN_TEAM_A","","DOMESTIC","France","Monaco","AS Monaco","MON","299","MINUTE","5","0","0","36.1","KILOMETER","29.3","KILOMETER_PER_HOUR"
"250074777","52757","29","1996-01-01","18","Dahoud","GER","CENTRAL_MIDFIELDER","MIDFIELDER","MALE","176","./image/250074777.jpg","Mahmoud Dahoud","MIDFIELDER","18","Dahoud","47","67","Allemagne","Milieu","Mahmoud","Dahoud","Mahmoud Dahoud","Dahoud","200047","./assoc/200047_GER.svg","./logo/52757.png","UEFA","GER","52757","FAME","Mönchengladbach","","https://img.uefa.com/imgml/TP/teams/logos/70x70/52757.png","https://img.uefa.com/imgml/TP/teams/logos/240x240/52757.png","252757","MON","DOMESTIC_MEN_TEAM_A","","DOMESTIC","Allemagne","Mönchengladbach","Borussia Mönchengladbach","MON","299","MINUTE","4","0","1","41.9","KILOMETER","30.5","KILOMETER_PER_HOUR"
"108762","59856","35","1990-03-27","7","ZUFFI","SUI","CENTRAL_MIDFIELDER","MIDFIELDER","MALE","180","./image/108762.jpg","Luca Zuffi","MIDFIELDER","17","Zuffi","128","70","Suisse","Milieu","Luca","Zuffi","Luca Zuffi","Zuffi","200128","./assoc/200128_SUI.svg","./logo/59856.png","UEFA","SUI","59856","FAME","Basel","","https://img.uefa.com/imgml/TP/teams/logos/70x70/59856.png","https://img.uefa.com/imgml/TP/teams/logos/240x240/59856.png","259856","BSL","DOMESTIC_MEN_TEAM_A","","DOMESTIC","Suisse","Basel","FC Basel 1893","BSL","298","MINUTE","6","1","0","37.49","KILOMETER","27.6","KILOMETER_PER_HOUR"
"1905353","50109","34","1991-03-16","14","Mehmedi","SUI","STRIKER","FORWARD","MALE","183","./image/1905353.jpg","Admir Mehmedi","FORWARD","18","Mehmedi","128","81","Suisse","Attaquant","Admir","Mehmedi","Admir Mehmedi","Mehmedi","200047","./assoc/200047_GER.svg","./logo/50109.png","UEFA","GER","50109","FAME","Leverkusen","","https://img.uefa.com/imgml/TP/teams/logos/70x70/50109.png","https://img.uefa.com/imgml/TP/teams/logos/240x240/50109.png","250109","LEV","DOMESTIC_MEN_TEAM_A","","DOMESTIC","Allemagne","Leverkusen","Bayer 04 Leverkusen","LEV","297","MINUTE","6","1","1","39.47","KILOMETER","29.1","KILOMETER_PER_HOUR"
"250073674","53577","30","1994-12-21","12","AMARTEY","GHA","DEFENSIVE_MIDFIELDER","DEFENDER","MALE","183","./image/250073674.jpg","Daniel Amartey","MIDFIELDER","18","Amartey","48","78","Ghana","Défenseur","Daniel","Amartey","Daniel Amartey","Amartey","200039","./assoc/200039_ENG.svg","./logo/53577.png","UEFA","ENG","53577","FAME","Leicester","","https://img.uefa.com/imgml/TP/teams/logos/70x70/53577.png","https://img.uefa.com/imgml/TP/teams/logos/240x240/53577.png","253577","LEI","DOMESTIC_MEN_TEAM_A","","DOMESTIC","Angleterre","Leicester","Leicester City FC","LEI","292","MINUTE","8","0","0","37.75","KILOMETER","28.5","KILOMETER_PER_HOUR"
"250007605","52758","33","1992-06-03","27","M. GÖTZE","GER","STRIKER","MIDFIELDER","MALE","176","./image/250007605.jpg","Mario Götze","MIDFIELDER","19","Götze","47","64","Allemagne","Milieu","Mario","Götze","Mario Götze","Götze","200047","./assoc/200047_GER.svg","./logo/52758.png","UEFA","GER","52758","FAME","B. Dortmund","","https://img.uefa.com/imgml/TP/teams/logos/70x70/52758.png","https://img.uefa.com/imgml/TP/teams/logos/240x240/52758.png","252758","BVB","DOMESTIC_MEN_TEAM_A","","DOMESTIC","Allemagne","B. Dortmund","Borussia Dortmund","BVB","292","MINUTE","4","1","1","38.49","KILOMETER","29.6","KILOMETER_PER_HOUR"
"72795","52919","42","1983-02-14","3","Sagna","FRA","FULL_BACK","DEFENDER","MALE","176","./image/72795.jpg","Bacary Sagna","DEFENDER","19","Sagna","43","72","France","Défenseur","Bacary","Sagna","Bacary Sagna","Sagna","200039","./assoc/200039_ENG.svg","./logo/52919.png","UEFA","ENG","52919","FAME","Man City","","https://img.uefa.com/imgml/TP/teams/logos/70x70/52919.png","https://img.uefa.com/imgml/TP/teams/logos/240x240/52919.png","252919","MCI","DOMESTIC_MEN_TEAM_A","","DOMESTIC","Angleterre","Man City","Manchester City","MCI","292","MINUTE","4","0","0","32.25","KILOMETER","28.2","KILOMETER_PER_HOUR"
"250011791","52758","36","1989-05-31","11","Reus","GER","ATTACKING_MIDFIELDER","MIDFIELDER","MALE","180","./image/250011791.jpg","Marco Reus","MIDFIELDER","11","Reus","47","75","Allemagne","Milieu","Marco","Reus","Marco Reus","Reus","200047","./assoc/200047_GER.svg","./logo/52758.png","UEFA","GER","52758","FAME","B. Dortmund","","https://img.uefa.com/imgml/TP/teams/logos/70x70/52758.png","https://img.uefa.com/imgml/TP/teams/logos/240x240/52758.png","252758","BVB","DOMESTIC_MEN_TEAM_A","","DOMESTIC","Allemagne","B. Dortmund","Borussia Dortmund","BVB","291","MINUTE","4","4","2","32.51","KILOMETER","30.1","KILOMETER_PER_HOUR"
"250074566","52714","31","1993-12-05","10","Vietto","ARG","STRIKER","FORWARD","MALE","173","./image/250074566.jpg","Luciano Vietto","FORWARD","","Vietto","","68","Argentine","Attaquant","Luciano","Vietto","Luciano Vietto","Vietto","200122","./assoc/200122_ESP.svg","./logo/52714.png","UEFA","ESP","52714","FAME","Sevilla","","https://img.uefa.com/imgml/TP/teams/logos/70x70/52714.png","https://img.uefa.com/imgml/TP/teams/logos/240x240/52714.png","252714","SEV","DOMESTIC_MEN_TEAM_A","","DOMESTIC","Espagne","Sevilla","Sevilla FC","SEV","290","MINUTE","4","1","1","35.6","KILOMETER","28.6","KILOMETER_PER_HOUR"
"62975","52919","40","1985-07-26","3","Clichy","FRA","FULL_BACK","DEFENDER","MALE","176","./image/62975.jpg","Gaël Clichy","","22","","","65","France","Défenseur","Gaël","Clichy","Gaël Clichy","Clichy","200039","./assoc/200039_ENG.svg","./logo/52919.png","UEFA","ENG","52919","FAME","Man City","","https://img.uefa.com/imgml/TP/teams/logos/70x70/52919.png","https://img.uefa.com/imgml/TP/teams/logos/240x240/52919.png","252919","MCI","DOMESTIC_MEN_TEAM_A","","DOMESTIC","Angleterre","Man City","Manchester City","MCI","289","MINUTE","5","0","0","32.84","KILOMETER","29.3","KILOMETER_PER_HOUR"
"93114","54266","38","1987-04-28","11","TOSIC","SRB","WINGER","MIDFIELDER","MALE","171","./image/93114.jpg","Zoran Tošić","MIDFIELDER","7","Tošic","147","70","Serbie","Milieu","Zoran","Tošić","Zoran Tošić","Z. Tošić","257451","./assoc/257451_RUS.svg","./logo/54266.png","UEFA","RUS","54266","FAME","CSKA Moskva","","https://img.uefa.com/imgml/TP/teams/logos/70x70/54266.png","https://img.uefa.com/imgml/TP/teams/logos/240x240/54266.png","254266","CSM","DOMESTIC_MEN_TEAM_A","","DOMESTIC","Russie","CSKA Moskva","PFC CSKA Moskva","CSM","289","MINUTE","4","0","2","36.54","KILOMETER","28.2","KILOMETER_PER_HOUR"
"250062148","5312","32","1993-07-18","8","FEKIR","FRA","ATTACKING_MIDFIELDER","FORWARD","MALE","173","./image/250062148.jpg","Nabil Fekir","MIDFIELDER","18","Fekir","43","72","France","Attaquant","Nabil","Fekir","Nabil Fekir","Fekir","200043","./assoc/200043_FRA.svg","./logo/5312.png","UEFA","FRA","5312","FAME","Lyon","","https://img.uefa.com/imgml/TP/teams/logos/70x70/5312.png","https://img.uefa.com/imgml/TP/teams/logos/240x240/5312.png","205312","LYO","DOMESTIC_MEN_TEAM_A","","DOMESTIC","France","Lyon","Olympique Lyonnais","LYO","286","MINUTE","5","0","0","32.87","KILOMETER","28.5","KILOMETER_PER_HOUR"
"250042622","50109","29","1995-11-28","21","JEDVAJ","CRO","CENTRE_BACK","DEFENDER","MALE","184","./image/250042622.jpg","Tin Jedvaj","DEFENDER","16","Jedvaj","56370","80","Croatie","Défenseur","Tin","Jedvaj","Tin Jedvaj","Jedvaj","200047","./assoc/200047_GER.svg","./logo/50109.png","UEFA","GER","50109","FAME","Leverkusen","","https://img.uefa.com/imgml/TP/teams/logos/70x70/50109.png","https://img.uefa.com/imgml/TP/teams/logos/240x240/50109.png","250109","LEV","DOMESTIC_MEN_TEAM_A","","DOMESTIC","Allemagne","Leverkusen","Bayer 04 Leverkusen","LEV","286","MINUTE","4","0","0","31.96","KILOMETER","29.3","KILOMETER_PER_HOUR"
"108917","50062","35","1990-09-13","7","Narsingh","NED","WINGER","FORWARD","MALE","178","./image/108917.jpg","Luciano Narsingh","FORWARD","19","Narsingh","95","69","Pays-Bas","Attaquant","Luciano","Narsingh","Luciano Narsingh","Narsingh","200095","./assoc/200095_NED.svg","./logo/50062.png","UEFA","NED","50062","FAME","PSV","","https://img.uefa.com/imgml/TP/teams/logos/70x70/50062.png","https://img.uefa.com/imgml/TP/teams/logos/240x240/50062.png","250062","PSV","DOMESTIC_MEN_TEAM_A","","DOMESTIC","Pays-Bas","PSV","PSV Eindhoven","PSV","285","MINUTE","5","1","0","30.84","KILOMETER","30.3","KILOMETER_PER_HOUR"
"250054950","5312","29","1996-09-27","17","Cornet","CIV","WINGER","FORWARD","MALE","179","./image/250054950.jpg","Maxwel Cornet","MIDFIELDER","17","Cornet","67","69","Côte d'Ivoire","Attaquant","Maxwel","Cornet","Maxwel Cornet","Cornet","200043","./assoc/200043_FRA.svg","./logo/5312.png","UEFA","FRA","5312","FAME","Lyon","","https://img.uefa.com/imgml/TP/teams/logos/70x70/5312.png","https://img.uefa.com/imgml/TP/teams/logos/240x240/5312.png","205312","LYO","DOMESTIC_MEN_TEAM_A","","DOMESTIC","France","Lyon","Olympique Lyonnais","LYO","284","MINUTE","6","1","1","34.95","KILOMETER","30","KILOMETER_PER_HOUR"
"250014002","50080","32","1993-07-20","12","Digne","FRA","FULL_BACK","DEFENDER","MALE","178","./image/250014002.jpg","Lucas Digne","DEFENDER","3","Digne","43","74","France","Défenseur","Lucas","Digne","Lucas Digne","Digne","200122","./assoc/200122_ESP.svg","./logo/50080.png","UEFA","ESP","50080","FAME","Barcelona","","https://img.uefa.com/imgml/TP/teams/logos/70x70/50080.png","https://img.uefa.com/imgml/TP/teams/logos/240x240/50080.png","250080","BAR","DOMESTIC_MEN_TEAM_A","","DOMESTIC","Espagne","Barcelona","FC Barcelona","BAR","284","MINUTE","4","0","0","34.06","KILOMETER","27.8","KILOMETER_PER_HOUR"
"250053743","50146","33","1992-06-15","15","KOPCZYŃSKI","POL","CENTRAL_MIDFIELDER","MIDFIELDER","MALE","180","./image/250053743.jpg","Michał Kopczyński","MIDFIELDER","","Kopczyński","","65","Pologne","Milieu","Michał","Kopczyński","Michał Kopczyński","Kopczyński","200109","./assoc/200109_POL.svg","./logo/50146.png","UEFA","POL","50146","FAME","Legia Warszawa","","https://img.uefa.com/imgml/TP/teams/logos/70x70/50146.png","https://img.uefa.com/imgml/TP/teams/logos/240x240/50146.png","250146","LEG","DOMESTIC_MEN_TEAM_A","","DOMESTIC","Pologne","Legia Warszawa","Legia Warszawa","LEG","283","MINUTE","5","0","0","40.49","KILOMETER","26.8","KILOMETER_PER_HOUR"
"107762","50064","35","1990-02-08","8","Brahimi","ALG","UNKNOWN","MIDFIELDER","MALE","175","./image/107762.jpg","Yacine Brahimi","MIDFIELDER","11","Brahimi","3","67","Algérie","Milieu","Yacine","Brahimi","Yacine Brahimi","Brahimi","200110","./assoc/200110_POR.svg","./logo/50064.png","UEFA","POR","50064","FAME","Porto","","https://img.uefa.com/imgml/TP/teams/logos/70x70/50064.png","https://img.uefa.com/imgml/TP/teams/logos/240x240/50064.png","250064","POR","DOMESTIC_MEN_TEAM_A","","DOMESTIC","Portugal","Porto","FC Porto","POR","281","MINUTE","5","1","0","34.19","KILOMETER","29.5","KILOMETER_PER_HOUR"
"250025875","52747","32","1992-12-24","92","AURIER","CIV","FULL_BACK","DEFENDER","MALE","176","./image/250025875.jpg","Serge Aurier","DEFENDER","17","AURIER","67","76","Côte d'Ivoire","Défenseur","Serge","Aurier","Serge Aurier","Aurier","200043","./assoc/200043_FRA.svg","./logo/52747.png","UEFA","FRA","52747","FAME","Paris","","https://img.uefa.com/imgml/TP/teams/logos/70x70/52747.png","https://img.uefa.com/imgml/TP/teams/logos/240x240/52747.png","252747","PSG","DOMESTIC_MEN_TEAM_A","","DOMESTIC","France","Paris","Paris Saint-Germain","PSG","281","MINUTE","5","0","1","32.11","KILOMETER","30.8","KILOMETER_PER_HOUR"
"250063984","52919","29","1996-01-11","10","SANÉ","GER","WINGER","MIDFIELDER","MALE","183","./image/250063984.jpg","Leroy Sané","MIDFIELDER","19","Sané","47","75","Allemagne","Milieu","Leroy","Sané","Leroy Sané","Sané","200039","./assoc/200039_ENG.svg","./logo/52919.png","UEFA","ENG","52919","FAME","Man City","","https://img.uefa.com/imgml/TP/teams/logos/70x70/52919.png","https://img.uefa.com/imgml/TP/teams/logos/240x240/52919.png","252919","MCI","DOMESTIC_MEN_TEAM_A","","DOMESTIC","Angleterre","Man City","Manchester City","MCI","281","MINUTE","4","2","2","29.48","KILOMETER","31.5","KILOMETER_PER_HOUR"
"250097853","50062","29","1996-06-29","25","Ramselaar","NED","UNKNOWN","MIDFIELDER","MALE","178","./image/250097853.jpg","Bart Ramselaar","MIDFIELDER","","Ramselaar","95","73","Pays-Bas","Milieu","Bart","Ramselaar","Bart Ramselaar","Ramselaar","200095","./assoc/200095_NED.svg","./logo/50062.png","UEFA","NED","50062","FAME","PSV","","https://img.uefa.com/imgml/TP/teams/logos/70x70/50062.png","https://img.uefa.com/imgml/TP/teams/logos/240x240/50062.png","250062","PSV","DOMESTIC_MEN_TEAM_A","","DOMESTIC","Pays-Bas","PSV","PSV Eindhoven","PSV","277","MINUTE","4","0","0","33.49","KILOMETER","30.9","KILOMETER_PER_HOUR"
"250005487","50147","35","1990-09-10","34","A. ALMEIDA","POR","FULL_BACK","DEFENDER","MALE","186","./image/250005487.jpg","André Almeida","DEFENDER","2","A.Almeida","110","75","Portugal","Défenseur","","André Almeida","André Almeida","André Almeida","200110","./assoc/200110_POR.svg","./logo/50147.png","UEFA","POR","50147","FAME","Benfica","","https://img.uefa.com/imgml/TP/teams/logos/70x70/50147.png","https://img.uefa.com/imgml/TP/teams/logos/240x240/50147.png","250147","BEN","DOMESTIC_MEN_TEAM_A","","DOMESTIC","Portugal","Benfica","SL Benfica","BEN","273","MINUTE","4","0","1","34.85","KILOMETER","28.8","KILOMETER_PER_HOUR"
"93279","52280","36","1989-03-16","14","Walcott","ENG","WINGER","FORWARD","MALE","176","./image/93279.jpg","Theo Walcott","FORWARD","7","Walcott","39","68","Angleterre","Attaquant","Theo","Walcott","Theo Walcott","Walcott","200039","./assoc/200039_ENG.svg","./logo/52280.png","UEFA","ENG","52280","FAME","Arsenal","","https://img.uefa.com/imgml/TP/teams/logos/70x70/52280.png","https://img.uefa.com/imgml/TP/teams/logos/240x240/52280.png","252280","ARS","DOMESTIC_MEN_TEAM_A","","DOMESTIC","Angleterre","Arsenal","Arsenal FC","ARS","272","MINUTE","6","4","0","32.84","KILOMETER","30.1","KILOMETER_PER_HOUR"
"250086340","50062","30","1995-06-11","20","Pereiro","URU","ATTACKING_MIDFIELDER","MIDFIELDER","MALE","188","./image/250086340.jpg","Gastón Pereiro","MIDFIELDER","","Pereiro","138","76","Uruguay","Milieu","Gastón","Pereiro","Gastón Pereiro","Pereiro","200095","./assoc/200095_NED.svg","./logo/50062.png","UEFA","NED","50062","FAME","PSV","","https://img.uefa.com/imgml/TP/teams/logos/70x70/50062.png","https://img.uefa.com/imgml/TP/teams/logos/240x240/50062.png","250062","PSV","DOMESTIC_MEN_TEAM_A","","DOMESTIC","Pays-Bas","PSV","PSV Eindhoven","PSV","272","MINUTE","5","0","1","34.67","KILOMETER","28.9","KILOMETER_PER_HOUR"
"250064108","50139","32","1993-09-01","","","GAB","UNKNOWN","MIDFIELDER","","182","./image/250064108.jpg","Mario Lemina","","","","","83","Gabon","Milieu","Mario","Lemina","Mario Lemina","Lemina","200066","./assoc/200066_ITA.svg","./logo/50139.png","UEFA","ITA","50139","FAME","Juventus","","https://img.uefa.com/imgml/TP/teams/logos/70x70/50139.png","https://img.uefa.com/imgml/TP/teams/logos/240x240/50139.png","250139","JUV","DOMESTIC_MEN_TEAM_A","","DOMESTIC","Italie","Juventus","Juventus","JUV","271","MINUTE","7","0","0","34.5","KILOMETER","32.3","KILOMETER_PER_HOUR"
"250068734","53577","37","1988-06-18","13","Slimani","ALG","STRIKER","FORWARD","MALE","188","./image/250068734.jpg","Islam Slimani","FORWARD","13","Slimani","3","84","Algérie","Attaquant","Islam","Slimani","Islam Slimani","Slimani","200039","./assoc/200039_ENG.svg","./logo/53577.png","UEFA","ENG","53577","FAME","Leicester","","https://img.uefa.com/imgml/TP/teams/logos/70x70/53577.png","https://img.uefa.com/imgml/TP/teams/logos/240x240/53577.png","253577","LEI","DOMESTIC_MEN_TEAM_A","","DOMESTIC","Angleterre","Leicester","Leicester City FC","LEI","271","MINUTE","5","1","1","31.48","KILOMETER","30.3","KILOMETER_PER_HOUR"
"65288","50147","42","1983-10-01","19","Eliseu","POR","FULL_BACK","DEFENDER","MALE","180","./image/65288.jpg","Eliseu","DEFENDER","19","Eliseu","110","75","Portugal","Défenseur","","Eliseu","Eliseu","Eliseu","200110","./assoc/200110_POR.svg","./logo/50147.png","UEFA","POR","50147","FAME","Benfica","","https://img.uefa.com/imgml/TP/teams/logos/70x70/50147.png","https://img.uefa.com/imgml/TP/teams/logos/240x240/50147.png","250147","BEN","DOMESTIC_MEN_TEAM_A","","DOMESTIC","Portugal","Benfica","SL Benfica","BEN","271","MINUTE","4","0","0","28.04","KILOMETER","28","KILOMETER_PER_HOUR"
"1902207","52723","35","1990-04-19","19","Garmash","UKR","CENTRAL_MIDFIELDER","MIDFIELDER","MALE","186","./image/1902207.jpg","Denys Garmash","MIDFIELDER","19","Garmash","57166","72","Ukraine","Milieu","Denys","Garmash","Denys Garmash","Garmash","257166","./assoc/257166_UKR.svg","./logo/52723.png","UEFA","UKR","52723","FAME","Dynamo Kyiv","","https://img.uefa.com/imgml/TP/teams/logos/70x70/52723.png","https://img.uefa.com/imgml/TP/teams/logos/240x240/52723.png","252723","DKY","DOMESTIC_MEN_TEAM_A","","DOMESTIC","Ukraine","Dynamo Kyiv","FC Dynamo Kyiv","DKY","270","MINUTE","3","1","0","33.3","KILOMETER","29.8","KILOMETER_PER_HOUR"
"250067541","50050","28","1997-06-05","63","Tierney","SCO","FULL_BACK","DEFENDER","MALE","178","./image/250067541.jpg","Kieran Tierney","DEFENDER","6","Tierney","117","70","Écosse","Défenseur","Kieran","Tierney","Kieran Tierney","Tierney","200117","./assoc/200117_SCO.svg","./logo/50050.png","UEFA","SCO","50050","FAME","Celtic","","https://img.uefa.com/imgml/TP/teams/logos/70x70/50050.png","https://img.uefa.com/imgml/TP/teams/logos/240x240/50050.png","250050","CEL","DOMESTIC_MEN_TEAM_A","","DOMESTIC","Écosse","Celtic","Celtic FC","CEL","270","MINUTE","3","0","1","30.79","KILOMETER","30.9","KILOMETER_PER_HOUR"
"108212","1652","35","1990-07-02","3","Rose","ENG","FULL_BACK","DEFENDER","MALE","173","./image/108212.jpg","Danny Rose","DEFENDER","3","Rose","39","72","Angleterre","Défenseur","Danny","Rose","Danny Rose","Rose","200039","./assoc/200039_ENG.svg","./logo/1652.png","UEFA","ENG","1652","FAME","Tottenham","","https://img.uefa.com/imgml/TP/teams/logos/70x70/1652.png","https://img.uefa.com/imgml/TP/teams/logos/240x240/1652.png","201652","TOT","DOMESTIC_MEN_TEAM_A","","DOMESTIC","Angleterre","Tottenham","Tottenham Hotspur","TOT","270","MINUTE","3","0","1","29.96","KILOMETER","28.2","KILOMETER_PER_HOUR"
"98125","52723","37","1988-01-17","9","Moroziuk","UKR","FULL_BACK","DEFENDER","MALE","176","./image/98125.jpg","Mykola Morozyuk","DEFENDER","9","Moroziuk","57166","71","Ukraine","Défenseur","Mykola","Morozyuk","Mykola Morozyuk","Morozyuk","257166","./assoc/257166_UKR.svg","./logo/52723.png","UEFA","UKR","52723","FAME","Dynamo Kyiv","","https://img.uefa.com/imgml/TP/teams/logos/70x70/52723.png","https://img.uefa.com/imgml/TP/teams/logos/240x240/52723.png","252723","DKY","DOMESTIC_MEN_TEAM_A","","DOMESTIC","Ukraine","Dynamo Kyiv","FC Dynamo Kyiv","DKY","270","MINUTE","3","0","0","33.93","KILOMETER","28.9","KILOMETER_PER_HOUR"
"250000919","1652","35","1990-09-19","2","Trippier","ENG","FULL_BACK","DEFENDER","MALE","178","./image/250000919.jpg","Kieran Trippier","DEFENDER","12","Trippier","39","81","Angleterre","Défenseur","Kieran","Trippier","Kieran Trippier","Trippier","200039","./assoc/200039_ENG.svg","./logo/1652.png","UEFA","ENG","1652","FAME","Tottenham","","https://img.uefa.com/imgml/TP/teams/logos/70x70/1652.png","https://img.uefa.com/imgml/TP/teams/logos/240x240/1652.png","201652","TOT","DOMESTIC_MEN_TEAM_A","","DOMESTIC","Angleterre","Tottenham","Tottenham Hotspur","TOT","270","MINUTE","3","0","0","33.58","KILOMETER","28.2","KILOMETER_PER_HOUR"
"250012942","1652","32","1993-04-24","33","DAVIES","WAL","FULL_BACK","DEFENDER","MALE","181","./image/250012942.jpg","Ben Davies","DEFENDER","4","B. Davies","144","76","Pays de Galles","Défenseur","Ben","Davies","Ben Davies","B. Davies","200039","./assoc/200039_ENG.svg","./logo/1652.png","UEFA","ENG","1652","FAME","Tottenham","","https://img.uefa.com/imgml/TP/teams/logos/70x70/1652.png","https://img.uefa.com/imgml/TP/teams/logos/240x240/1652.png","201652","TOT","DOMESTIC_MEN_TEAM_A","","DOMESTIC","Angleterre","Tottenham","Tottenham Hotspur","TOT","270","MINUTE","3","0","0","32.96","KILOMETER","26.9","KILOMETER_PER_HOUR"
"250078693","50043","29","1996-06-04","2","Cools","MAS","FULL_BACK","DEFENDER","MALE","184","./image/250078693.jpg","Dion Cools","DEFENDER","2","Cools","200013","77","Malaisie","Défenseur","Dion","Cools","Dion Cools","Cools","200013","./assoc/200013_BEL.svg","./logo/50043.png","UEFA","BEL","50043","FAME","Club Brugge","","https://img.uefa.com/imgml/TP/teams/logos/70x70/50043.png","https://img.uefa.com/imgml/TP/teams/logos/240x240/50043.png","250043","BRU","DOMESTIC_MEN_TEAM_A","","DOMESTIC","Belgique","Club Brugge","Club Brugge KV","BRU","270","MINUTE","3","0","0","32.78","KILOMETER","28.2","KILOMETER_PER_HOUR"
"250063372","52723","34","1991-05-21","19","Makarenko","UKR","DEFENSIVE_MIDFIELDER","MIDFIELDER","MALE","186","./image/250063372.jpg","Yevhen Makarenko","MIDFIELDER","14","Makarenko","57166","77","Ukraine","Milieu","Yevhen","Makarenko","Yevhen Makarenko","Makarenko","257166","./assoc/257166_UKR.svg","./logo/52723.png","UEFA","UKR","52723","FAME","Dynamo Kyiv","","https://img.uefa.com/imgml/TP/teams/logos/70x70/52723.png","https://img.uefa.com/imgml/TP/teams/logos/240x240/52723.png","252723","DKY","DOMESTIC_MEN_TEAM_A","","DOMESTIC","Ukraine","Dynamo Kyiv","FC Dynamo Kyiv","DKY","270","MINUTE","3","0","0","31.27","KILOMETER","28.7","KILOMETER_PER_HOUR"
"250010259","1652","35","1990-05-28","32","WALKER","ENG","FULL_BACK","DEFENDER","MALE","178","./image/250010259.jpg","Kyle Walker","DEFENDER","2","Walker","39","70","Angleterre","Défenseur","Kyle","Walker","Kyle Walker","Walker","200039","./assoc/200039_ENG.svg","./logo/1652.png","UEFA","ENG","1652","FAME","Tottenham","","https://img.uefa.com/imgml/TP/teams/logos/70x70/1652.png","https://img.uefa.com/imgml/TP/teams/logos/240x240/1652.png","201652","TOT","DOMESTIC_MEN_TEAM_A","","DOMESTIC","Angleterre","Tottenham","Tottenham Hotspur","TOT","270","MINUTE","3","0","0","30.68","KILOMETER","31.2","KILOMETER_PER_HOUR"
"250017096","50050","39","1986-05-10","3","Emilio","HON","FULL_BACK","DEFENDER","MALE","177","./image/250017096.jpg","Emilio Izaguirre","DEFENDER","7","Izaguirre","55","73","Honduras","Défenseur","Emilio","Izaguirre","Emilio Izaguirre","Izaguirre","200117","./assoc/200117_SCO.svg","./logo/50050.png","UEFA","SCO","50050","FAME","Celtic","","https://img.uefa.com/imgml/TP/teams/logos/70x70/50050.png","https://img.uefa.com/imgml/TP/teams/logos/240x240/50050.png","250050","CEL","DOMESTIC_MEN_TEAM_A","","DOMESTIC","Écosse","Celtic","Celtic FC","CEL","270","MINUTE","3","0","0","30.41","KILOMETER","28.4","KILOMETER_PER_HOUR"
"98804","50157","37","1988-10-04","88","CANER","TUR","FULL_BACK","DEFENDER","MALE","181","./image/98804.jpg","Caner Erkin","DEFENDER","18","CANER","135","76","Turquie","Défenseur","","Caner Erkin","Caner Erkin","Caner Erkin","200135","./assoc/200135_TUR.svg","./logo/50157.png","UEFA","TUR","50157","FAME","Beşiktaş","","https://img.uefa.com/imgml/TP/teams/logos/70x70/50157.png","https://img.uefa.com/imgml/TP/teams/logos/240x240/50157.png","250157","BES","DOMESTIC_MEN_TEAM_A","","DOMESTIC","Turquie","Beşiktaş","Beşiktaş JK","BES","270","MINUTE","3","0","0","30.24","KILOMETER","26.9","KILOMETER_PER_HOUR"
"250039931","50051","34","1991-07-15","6","Danilo","BRA","UNKNOWN","DEFENDER","MALE","184","./image/250039931.jpg","Danilo","DEFENDER","2","Danilo","18","78","Brésil","Défenseur","","Danilo","Danilo","Danilo","200122","./assoc/200122_ESP.svg","./logo/50051.png","UEFA","ESP","50051","FAME","Real Madrid","","https://img.uefa.com/imgml/TP/teams/logos/70x70/50051.png","https://img.uefa.com/imgml/TP/teams/logos/240x240/50051.png","250051","RMA","DOMESTIC_MEN_TEAM_A","","DOMESTIC","Espagne","Real Madrid","Real Madrid C.F.","RMA","270","MINUTE","3","0","0","29.93","KILOMETER","31.3","KILOMETER_PER_HOUR"
"250073903","5312","28","1996-12-19","12","DIAKHABY","FRA","CENTRE_BACK","DEFENDER","MALE","185","./image/250073903.jpg","Mouctar Diakhaby","DEFENDER","5","Diakhaby","200043","75","France","Défenseur","Mouctar","Diakhaby","Mouctar Diakhaby","Diakhaby","200043","./assoc/200043_FRA.svg","./logo/5312.png","UEFA","FRA","5312","FAME","Lyon","","https://img.uefa.com/imgml/TP/teams/logos/70x70/5312.png","https://img.uefa.com/imgml/TP/teams/logos/240x240/5312.png","205312","LYO","DOMESTIC_MEN_TEAM_A","","DOMESTIC","France","Lyon","Olympique Lyonnais","LYO","270","MINUTE","3","0","0","29.87","KILOMETER","29.7","KILOMETER_PER_HOUR"
"250000026","50146","38","1987-09-21","2","Pazdan","POL","CENTRE_BACK","DEFENDER","MALE","181","./image/250000026.jpg","Michał Pazdan","DEFENDER","2","Pazdan","109","78","Pologne","Défenseur","Michał","Pazdan","Michał Pazdan","Pazdan","200109","./assoc/200109_POL.svg","./logo/50146.png","UEFA","POL","50146","FAME","Legia Warszawa","","https://img.uefa.com/imgml/TP/teams/logos/70x70/50146.png","https://img.uefa.com/imgml/TP/teams/logos/240x240/50146.png","250146","LEG","DOMESTIC_MEN_TEAM_A","","DOMESTIC","Pologne","Legia Warszawa","Legia Warszawa","LEG","270","MINUTE","3","0","0","28.98","KILOMETER","25.9","KILOMETER_PER_HOUR"
"1909713","50109","34","1991-03-06","15","Dragović","AUT","CENTRE_BACK","DEFENDER","MALE","184","./image/1909713.jpg","Aleksandar Dragović","DEFENDER","3","Dragović","8","76","Autriche","Défenseur","Aleksandar","Dragović","Aleksandar Dragović","Dragović","200047","./assoc/200047_GER.svg","./logo/50109.png","UEFA","GER","50109","FAME","Leverkusen","","https://img.uefa.com/imgml/TP/teams/logos/70x70/50109.png","https://img.uefa.com/imgml/TP/teams/logos/240x240/50109.png","250109","LEV","DOMESTIC_MEN_TEAM_A","","DOMESTIC","Allemagne","Leverkusen","Bayer 04 Leverkusen","LEV","270","MINUTE","3","0","0","27.91","KILOMETER","29.3","KILOMETER_PER_HOUR"
"66613","50050","44","1981-03-19","2","","CIV","CENTRE_BACK","","MALE","183","./image/66613.jpg","Kolo Touré","DEFENDER","4","Kolo Touré","","72","Côte d'Ivoire","","Kolo","Touré","Kolo Touré","Touré","200117","./assoc/200117_SCO.svg","./logo/50050.png","UEFA","SCO","50050","FAME","Celtic","","https://img.uefa.com/imgml/TP/teams/logos/70x70/50050.png","https://img.uefa.com/imgml/TP/teams/logos/240x240/50050.png","250050","CEL","DOMESTIC_MEN_TEAM_A","","DOMESTIC","Écosse","Celtic","Celtic FC","CEL","270","MINUTE","3","0","0","26.36","KILOMETER","30.3","KILOMETER_PER_HOUR"
"250066134","50164","28","1997-01-28","97","Knežević","CRO","DEFENSIVE_MIDFIELDER","MIDFIELDER","MALE","175","./image/250066134.jpg","Bojan Knežević","MIDFIELDER","16","Knežević","256370","70","Croatie","Milieu","Bojan","Knežević","Bojan Knežević","Knežević","256370","./assoc/256370_CRO.svg","./logo/50164.png","UEFA","CRO","50164","FAME","GNK Dinamo","","https://img.uefa.com/imgml/TP/teams/logos/70x70/50164.png","https://img.uefa.com/imgml/TP/teams/logos/240x240/50164.png","250164","DIN","DOMESTIC_MEN_TEAM_A","","DOMESTIC","Croatie","GNK Dinamo","GNK Dinamo","DIN","267","MINUTE","3","0","0","34.25","KILOMETER","26","KILOMETER_PER_HOUR"
"101213","50043","36","1989-03-22","9","Vossen","BEL","STRIKER","FORWARD","MALE","180","./image/101213.jpg","Jelle Vossen","FORWARD","17","Vossen","200013","77","Belgique","Attaquant","Jelle","Vossen","Jelle Vossen","Vossen","200013","./assoc/200013_BEL.svg","./logo/50043.png","UEFA","BEL","50043","FAME","Club Brugge","","https://img.uefa.com/imgml/TP/teams/logos/70x70/50043.png","https://img.uefa.com/imgml/TP/teams/logos/240x240/50043.png","250043","BRU","DOMESTIC_MEN_TEAM_A","","DOMESTIC","Belgique","Club Brugge","Club Brugge KV","BRU","265","MINUTE","4","1","0","31.87","KILOMETER","28.5","KILOMETER_PER_HOUR"
"108426","54266","35","1990-06-17","10","Dzagoev","RUS","ATTACKING_MIDFIELDER","MIDFIELDER","MALE","179","./image/108426.jpg","Alan Dzagoev","MIDFIELDER","10","Dzagoev","57451","75","Russie","Milieu","Alan","Dzagoev","Alan Dzagoev","Dzagoev","257451","./assoc/257451_RUS.svg","./logo/54266.png","UEFA","RUS","54266","FAME","CSKA Moskva","","https://img.uefa.com/imgml/TP/teams/logos/70x70/54266.png","https://img.uefa.com/imgml/TP/teams/logos/240x240/54266.png","254266","CSM","DOMESTIC_MEN_TEAM_A","","DOMESTIC","Russie","CSKA Moskva","PFC CSKA Moskva","CSM","263","MINUTE","3","2","0","32.57","KILOMETER","26.9","KILOMETER_PER_HOUR"
"250016833","1652","32","1993-07-28","9","Kane","ENG","STRIKER","FORWARD","MALE","188","./image/250016833.jpg","Harry Kane","FORWARD","9","Kane","39","65","Angleterre","Attaquant","Harry","Kane","Harry Kane","Kane","200039","./assoc/200039_ENG.svg","./logo/1652.png","UEFA","ENG","1652","FAME","Tottenham","","https://img.uefa.com/imgml/TP/teams/logos/70x70/1652.png","https://img.uefa.com/imgml/TP/teams/logos/240x240/1652.png","201652","TOT","DOMESTIC_MEN_TEAM_A","","DOMESTIC","Angleterre","Tottenham","Tottenham Hotspur","TOT","263","MINUTE","3","2","0","30.31","KILOMETER","28.5","KILOMETER_PER_HOUR"
"250058270","52723","27","1997-11-15","8","Tsygankov","UKR","WINGER","MIDFIELDER","MALE","175","./image/250058270.jpg","Viktor Tsygankov","MIDFIELDER","15","Tsygankov","57166","70","Ukraine","Milieu","Viktor","Tsygankov","Viktor Tsygankov","Tsygankov","257166","./assoc/257166_UKR.svg","./logo/52723.png","UEFA","UKR","52723","FAME","Dynamo Kyiv","","https://img.uefa.com/imgml/TP/teams/logos/70x70/52723.png","https://img.uefa.com/imgml/TP/teams/logos/240x240/52723.png","252723","DKY","DOMESTIC_MEN_TEAM_A","","DOMESTIC","Ukraine","Dynamo Kyiv","FC Dynamo Kyiv","DKY","262","MINUTE","6","1","1","33.62","KILOMETER","29.3","KILOMETER_PER_HOUR"
"250075903","50043","33","1992-07-07","21","Izquierdo","COL","UNKNOWN","FORWARD","MALE","171","./image/250075903.jpg","José Izquierdo","FORWARD","","Izquierdo","29","75","Colombie","Attaquant","José","Izquierdo","José Izquierdo","Izquierdo","200013","./assoc/200013_BEL.svg","./logo/50043.png","UEFA","BEL","50043","FAME","Club Brugge","","https://img.uefa.com/imgml/TP/teams/logos/70x70/50043.png","https://img.uefa.com/imgml/TP/teams/logos/240x240/50043.png","250043","BRU","DOMESTIC_MEN_TEAM_A","","DOMESTIC","Belgique","Club Brugge","Club Brugge KV","BRU","259","MINUTE","4","1","0","28.37","KILOMETER","29.5","KILOMETER_PER_HOUR"
"250080570","50051","29","1996-01-21","21","M.ASENSIO","ESP","ATTACKING_MIDFIELDER","FORWARD","MALE","178","./image/250080570.jpg","Marco Asensio","FORWARD","10","M. Asensio","122","70","Espagne","Attaquant","Marco","Asensio","Marco Asensio","Asensio","200122","./assoc/200122_ESP.svg","./logo/50051.png","UEFA","ESP","50051","FAME","Real Madrid","","https://img.uefa.com/imgml/TP/teams/logos/70x70/50051.png","https://img.uefa.com/imgml/TP/teams/logos/240x240/50051.png","250051","RMA","DOMESTIC_MEN_TEAM_A","","DOMESTIC","Espagne","Real Madrid","Real Madrid C.F.","RMA","255","MINUTE","8","3","1","35.29","KILOMETER","30.1","KILOMETER_PER_HOUR"
"99092","52280","39","1986-02-26","20","Monreal","ESP","FULL_BACK","DEFENDER","MALE","178","./image/99092.jpg","Nacho Monreal","DEFENDER","16","Monreal","122","72","Espagne","Défenseur","Nacho","Monreal","Nacho Monreal","Monreal","200039","./assoc/200039_ENG.svg","./logo/52280.png","UEFA","ENG","52280","FAME","Arsenal","","https://img.uefa.com/imgml/TP/teams/logos/70x70/52280.png","https://img.uefa.com/imgml/TP/teams/logos/240x240/52280.png","252280","ARS","DOMESTIC_MEN_TEAM_A","","DOMESTIC","Angleterre","Arsenal","Arsenal FC","ARS","255","MINUTE","3","0","0","28.88","KILOMETER","29.9","KILOMETER_PER_HOUR"
"250012551","52757","32","1993-03-29","11","Hazard","BEL","ATTACKING_MIDFIELDER","MIDFIELDER","MALE","174","./image/250012551.jpg","Thorgan Hazard","MIDFIELDER","16","Hazard","13","69","Belgique","Milieu","Thorgan","Hazard","Thorgan Hazard","T. Hazard","200047","./assoc/200047_GER.svg","./logo/52757.png","UEFA","GER","52757","FAME","Mönchengladbach","","https://img.uefa.com/imgml/TP/teams/logos/70x70/52757.png","https://img.uefa.com/imgml/TP/teams/logos/240x240/52757.png","252757","MON","DOMESTIC_MEN_TEAM_A","","DOMESTIC","Allemagne","Mönchengladbach","Borussia Mönchengladbach","MON","252","MINUTE","4","1","1","32.86","KILOMETER","29.8","KILOMETER_PER_HOUR"
"103881","5312","36","1989-08-19","31","Rybus","POL","WINGER","DEFENDER","MALE","173","./image/103881.jpg","Maciej Rybus","DEFENDER","13","Rybus","109","75","Pologne","Défenseur","Maciej","Rybus","Maciej Rybus","Rybus","200043","./assoc/200043_FRA.svg","./logo/5312.png","UEFA","FRA","5312","FAME","Lyon","","https://img.uefa.com/imgml/TP/teams/logos/70x70/5312.png","https://img.uefa.com/imgml/TP/teams/logos/240x240/5312.png","205312","LYO","DOMESTIC_MEN_TEAM_A","","DOMESTIC","France","Lyon","Olympique Lyonnais","LYO","252","MINUTE","4","0","0","29.48","KILOMETER","32.3","KILOMETER_PER_HOUR"
"250086315","50124","30","1995-03-09","10","CORREA","ARG","WINGER","FORWARD","MALE","174","./image/250086315.jpg","Ángel Correa","MIDFIELDER","15","Correa","6","70","Argentine","Attaquant","Ángel","Correa","Ángel Correa","Correa","200122","./assoc/200122_ESP.svg","./logo/50124.png","UEFA","ESP","50124","FAME","Atleti","","https://img.uefa.com/imgml/TP/teams/logos/70x70/50124.png","https://img.uefa.com/imgml/TP/teams/logos/240x240/50124.png","250124","ATM","DOMESTIC_MEN_TEAM_A","","DOMESTIC","Espagne","Atleti","Atlético de Madrid","ATM","251","MINUTE","9","0","0","33.56","KILOMETER","29.1","KILOMETER_PER_HOUR"
"250003915","50043","32","1992-11-07","28","De Bock","BEL","FULL_BACK","DEFENDER","MALE","179","./image/250003915.jpg","Laurens De Bock","DEFENDER","16","De Bock","13","75","Belgique","Défenseur","Laurens","De Bock","Laurens De Bock","De Bock","200013","./assoc/200013_BEL.svg","./logo/50043.png","UEFA","BEL","50043","FAME","Club Brugge","","https://img.uefa.com/imgml/TP/teams/logos/70x70/50043.png","https://img.uefa.com/imgml/TP/teams/logos/240x240/50043.png","250043","BRU","DOMESTIC_MEN_TEAM_A","","DOMESTIC","Belgique","Club Brugge","Club Brugge KV","BRU","250","MINUTE","3","0","0","26.41","KILOMETER","28.2","KILOMETER_PER_HOUR"
"101154","52757","40","1985-03-28","11","Raffael","BRA","STRIKER","FORWARD","MALE","174","./image/101154.jpg","Raffael","FORWARD","","Raffael","","69","Brésil","Attaquant","","Raffael","Raffael","Raffael","200047","./assoc/200047_GER.svg","./logo/52757.png","UEFA","GER","52757","FAME","Mönchengladbach","","https://img.uefa.com/imgml/TP/teams/logos/70x70/52757.png","https://img.uefa.com/imgml/TP/teams/logos/240x240/52757.png","252757","MON","DOMESTIC_MEN_TEAM_A","","DOMESTIC","Allemagne","Mönchengladbach","Borussia Mönchengladbach","MON","249","MINUTE","5","1","0","29.28","KILOMETER","30.1","KILOMETER_PER_HOUR"
"1909623","50050","33","1991-10-30","55","Bitton","ISR","CENTRAL_MIDFIELDER","MIDFIELDER","MALE","196","./image/1909623.jpg","Nir Bitton","MIDFIELDER","4","Bitton","65","80","Israël","Milieu","Nir","Bitton","Nir Bitton","Bitton","200117","./assoc/200117_SCO.svg","./logo/50050.png","UEFA","SCO","50050","FAME","Celtic","","https://img.uefa.com/imgml/TP/teams/logos/70x70/50050.png","https://img.uefa.com/imgml/TP/teams/logos/240x240/50050.png","250050","CEL","DOMESTIC_MEN_TEAM_A","","DOMESTIC","Écosse","Celtic","Celtic FC","CEL","249","MINUTE","4","0","0","30.22","KILOMETER","26","KILOMETER_PER_HOUR"
"1909099","50157","33","1992-09-23","10","O.Özyakup","TUR","CENTRAL_MIDFIELDER","MIDFIELDER","MALE","180","./image/1909099.jpg","Oğuzhan Özyakup","MIDFIELDER","8","OĞUZHAN","135","75","Turquie","Milieu","","Oğuzhan Özyakup","Oğuzhan Özyakup","Oğuzhan Özyakup","200135","./assoc/200135_TUR.svg","./logo/50157.png","UEFA","TUR","50157","FAME","Beşiktaş","","https://img.uefa.com/imgml/TP/teams/logos/70x70/50157.png","https://img.uefa.com/imgml/TP/teams/logos/240x240/50157.png","250157","BES","DOMESTIC_MEN_TEAM_A","","DOMESTIC","Turquie","Beşiktaş","Beşiktaş JK","BES","249","MINUTE","4","0","0","29.57","KILOMETER","25.7","KILOMETER_PER_HOUR"
"250066128","50164","28","1997-04-14","24","Coric","CRO","ATTACKING_MIDFIELDER","MIDFIELDER","MALE","172","./image/250066128.jpg","Ante Ćorić","MIDFIELDER","11","Ćorić","56370","78","Croatie","Milieu","Ante","Ćorić","Ante Ćorić","Ćorić","256370","./assoc/256370_CRO.svg","./logo/50164.png","UEFA","CRO","50164","FAME","GNK Dinamo","","https://img.uefa.com/imgml/TP/teams/logos/70x70/50164.png","https://img.uefa.com/imgml/TP/teams/logos/240x240/50164.png","250164","DIN","DOMESTIC_MEN_TEAM_A","","DOMESTIC","Croatie","GNK Dinamo","GNK Dinamo","DIN","248","MINUTE","4","0","0","30.76","KILOMETER","29.6","KILOMETER_PER_HOUR"
"250013892","50037","32","1993-03-01","14","Juan Bernat","ESP","FULL_BACK","DEFENDER","MALE","170","./image/250013892.jpg","Juan Bernat","DEFENDER","14","Juan Bernat","122","67","Espagne","Défenseur","Juan","Bernat","Juan Bernat","Bernat","200047","./assoc/200047_GER.svg","./logo/50037.png","UEFA","GER","50037","FAME","Bayern München","","https://img.uefa.com/imgml/TP/teams/logos/70x70/50037.png","https://img.uefa.com/imgml/TP/teams/logos/240x240/50037.png","250037","BAY","DOMESTIC_MEN_TEAM_A","","DOMESTIC","Allemagne","Bayern München","FC Bayern München","BAY","245","MINUTE","4","2","1","29.51","KILOMETER","30.1","KILOMETER_PER_HOUR"
"58714","50149","41","1984-02-25","47","","POR","FULL_BACK","","MALE","172","./image/58714.jpg","João Pereira","DEFENDER","21","PEREIRA","","66","Portugal","","","João Pereira","João Pereira","João Pereira","200110","./assoc/200110_POR.svg","./logo/50149.png","UEFA","POR","50149","FAME","Sporting CP","","https://img.uefa.com/imgml/TP/teams/logos/70x70/50149.png","https://img.uefa.com/imgml/TP/teams/logos/240x240/50149.png","250149","SPO","DOMESTIC_MEN_TEAM_A","","DOMESTIC","Portugal","Sporting CP","Sporting Clube de Portugal","SPO","244","MINUTE","3","0","0","29.8","KILOMETER","28.9","KILOMETER_PER_HOUR"
"250050098","50164","30","1995-10-07","30","Stojanović","SVN","FULL_BACK","DEFENDER","MALE","178","./image/250050098.jpg","Petar Stojanović","DEFENDER","20","Stojanović","57163","73","Slovénie","Défenseur","Petar","Stojanović","Petar Stojanović","Stojanović","256370","./assoc/256370_CRO.svg","./logo/50164.png","UEFA","CRO","50164","FAME","GNK Dinamo","","https://img.uefa.com/imgml/TP/teams/logos/70x70/50164.png","https://img.uefa.com/imgml/TP/teams/logos/240x240/50164.png","250164","DIN","DOMESTIC_MEN_TEAM_A","","DOMESTIC","Croatie","GNK Dinamo","GNK Dinamo","DIN","241","MINUTE","4","0","0","28.91","KILOMETER","29.3","KILOMETER_PER_HOUR"
"72644","52280","40","1984-12-13","19","S. Cazorla","ESP","ATTACKING_MIDFIELDER","MIDFIELDER","MALE","165","./image/72644.jpg","Santi Cazorla","MIDFIELDER","20","S. Cazorla","122","67","Espagne","Milieu","","Santi Cazorla","Santi Cazorla","Santi Cazorla","200039","./assoc/200039_ENG.svg","./logo/52280.png","UEFA","ENG","52280","FAME","Arsenal","","https://img.uefa.com/imgml/TP/teams/logos/70x70/52280.png","https://img.uefa.com/imgml/TP/teams/logos/240x240/52280.png","252280","ARS","DOMESTIC_MEN_TEAM_A","","DOMESTIC","Angleterre","Arsenal","Arsenal FC","ARS","237","MINUTE","3","0","1","27.81","KILOMETER","25.7","KILOMETER_PER_HOUR"
"250085434","1652","31","1994-06-15","18","Janssen","NED","STRIKER","FORWARD","MALE","180","./image/250085434.jpg","Vincent Janssen","FORWARD","9","Janssen","95","79","Pays-Bas","Attaquant","Vincent","Janssen","Vincent Janssen","Janssen","200039","./assoc/200039_ENG.svg","./logo/1652.png","UEFA","ENG","1652","FAME","Tottenham","","https://img.uefa.com/imgml/TP/teams/logos/70x70/1652.png","https://img.uefa.com/imgml/TP/teams/logos/240x240/1652.png","201652","TOT","DOMESTIC_MEN_TEAM_A","","DOMESTIC","Angleterre","Tottenham","Tottenham Hotspur","TOT","236","MINUTE","5","0","0","27.36","KILOMETER","30.9","KILOMETER_PER_HOUR"
"250008303","59856","40","1984-11-07","20","SEREY DIE","CIV","UNKNOWN","MIDFIELDER","MALE","179","./image/250008303.jpg","Serey Dié","MIDFIELDER","20","Serey","67","77","Côte d'Ivoire","Milieu","Serey","Dié","Serey Dié","Dié","200128","./assoc/200128_SUI.svg","./logo/59856.png","UEFA","SUI","59856","FAME","Basel","","https://img.uefa.com/imgml/TP/teams/logos/70x70/59856.png","https://img.uefa.com/imgml/TP/teams/logos/240x240/59856.png","259856","BSL","DOMESTIC_MEN_TEAM_A","","DOMESTIC","Suisse","Basel","FC Basel 1893","BSL","236","MINUTE","3","0","0","25.48","KILOMETER","27.9","KILOMETER_PER_HOUR"
"250003453","50023","39","1986-02-25","8","DIRAR","BEL","WINGER","MIDFIELDER","MALE","182","./image/250003453.jpg","Nabil Dirar","","","Dirar","92","79","Belgique","Milieu","Nabil","Dirar","Nabil Dirar","Dirar","200043","./assoc/200043_FRA.svg","./logo/50023.png","UEFA","FRA","50023","FAME","Monaco","","https://img.uefa.com/imgml/TP/teams/logos/70x70/50023.png","https://img.uefa.com/imgml/TP/teams/logos/240x240/50023.png","250023","MON","DOMESTIC_MEN_TEAM_A","","DOMESTIC","France","Monaco","AS Monaco","MON","235","MINUTE","7","0","0","31.15","KILOMETER","30.5","KILOMETER_PER_HOUR"
"250028706","52758","33","1992-05-12","37","Durm","GER","FULL_BACK","DEFENDER","MALE","183","./image/250028706.jpg","Erik Durm","DEFENDER","15","Durm","47","72","Allemagne","Défenseur","Erik","Durm","Erik Durm","Durm","200047","./assoc/200047_GER.svg","./logo/52758.png","UEFA","GER","52758","FAME","B. Dortmund","","https://img.uefa.com/imgml/TP/teams/logos/70x70/52758.png","https://img.uefa.com/imgml/TP/teams/logos/240x240/52758.png","252758","BVB","DOMESTIC_MEN_TEAM_A","","DOMESTIC","Allemagne","B. Dortmund","Borussia Dortmund","BVB","235","MINUTE","4","0","1","28.29","KILOMETER","30.3","KILOMETER_PER_HOUR"
"101473","50157","41","1984-06-27","88","INLER","SUI","CENTRAL_MIDFIELDER","MIDFIELDER","MALE","182","./image/101473.jpg","Gökhan Inler","MIDFIELDER","8","Inler","128","77","Suisse","Milieu","Gökhan","Inler","Gökhan Inler","Inler","200135","./assoc/200135_TUR.svg","./logo/50157.png","UEFA","TUR","50157","FAME","Beşiktaş","","https://img.uefa.com/imgml/TP/teams/logos/70x70/50157.png","https://img.uefa.com/imgml/TP/teams/logos/240x240/50157.png","250157","BES","DOMESTIC_MEN_TEAM_A","","DOMESTIC","Turquie","Beşiktaş","Beşiktaş JK","BES","234","MINUTE","5","0","0","29.45","KILOMETER","24.7","KILOMETER_PER_HOUR"
"250024124","52723","32","1993-01-06","29","Buialskyi","UKR","CENTRAL_MIDFIELDER","MIDFIELDER","MALE","170","./image/250024124.jpg","Vitaliy Buialskyi","MIDFIELDER","14","Buyalskyi","57166","62","Ukraine","Milieu","Vitaliy","Buialskyi","Vitaliy Buialskyi","Buialskyi","257166","./assoc/257166_UKR.svg","./logo/52723.png","UEFA","UKR","52723","FAME","Dynamo Kyiv","","https://img.uefa.com/imgml/TP/teams/logos/70x70/52723.png","https://img.uefa.com/imgml/TP/teams/logos/240x240/52723.png","252723","DKY","DOMESTIC_MEN_TEAM_A","","DOMESTIC","Ukraine","Dynamo Kyiv","FC Dynamo Kyiv","DKY","233","MINUTE","4","1","1","29.28","KILOMETER","25","KILOMETER_PER_HOUR"
"1908783","53577","36","1988-10-29","10","King","WAL","UNKNOWN","MIDFIELDER","MALE","183","./image/1908783.jpg","Andy King","MIDFIELDER","8","King","144","74","Pays de Galles","Milieu","Andy","King","Andy King","King","200039","./assoc/200039_ENG.svg","./logo/53577.png","UEFA","ENG","53577","FAME","Leicester","","https://img.uefa.com/imgml/TP/teams/logos/70x70/53577.png","https://img.uefa.com/imgml/TP/teams/logos/240x240/53577.png","253577","LEI","DOMESTIC_MEN_TEAM_A","","DOMESTIC","Angleterre","Leicester","Leicester City FC","LEI","233","MINUTE","4","0","0","30.89","KILOMETER","26.7","KILOMETER_PER_HOUR"
"250066931","50050","28","1997-02-05","7","Roberts","ENG","ATTACKING_MIDFIELDER","FORWARD","MALE","167","./image/250066931.jpg","Patrick Roberts","MIDFIELDER","7","Roberts","300039","58","Angleterre","Attaquant","Patrick","Roberts","Patrick Roberts","Roberts","200117","./assoc/200117_SCO.svg","./logo/50050.png","UEFA","SCO","50050","FAME","Celtic","","https://img.uefa.com/imgml/TP/teams/logos/70x70/50050.png","https://img.uefa.com/imgml/TP/teams/logos/240x240/50050.png","250050","CEL","DOMESTIC_MEN_TEAM_A","","DOMESTIC","Écosse","Celtic","Celtic FC","CEL","232","MINUTE","6","1","0","29.77","KILOMETER","29.8","KILOMETER_PER_HOUR"
"250038224","1652","33","1992-03-04","9","Lamela","ARG","STRIKER","FORWARD","MALE","183","./image/250038224.jpg","Erik Lamela","FORWARD","","Lamela","6","79","Argentine","Attaquant","Erik","Lamela","Erik Lamela","Lamela","200039","./assoc/200039_ENG.svg","./logo/1652.png","UEFA","ENG","1652","FAME","Tottenham","","https://img.uefa.com/imgml/TP/teams/logos/70x70/1652.png","https://img.uefa.com/imgml/TP/teams/logos/240x240/1652.png","201652","TOT","DOMESTIC_MEN_TEAM_A","","DOMESTIC","Angleterre","Tottenham","Tottenham Hotspur","TOT","232","MINUTE","3","0","2","30.28","KILOMETER","28.4","KILOMETER_PER_HOUR"
"1901614","50146","35","1990-04-21","9","Prijovic","SRB","STRIKER","FORWARD","MALE","191","./image/1901614.jpg","Aleksandar Prijović","FORWARD","8","Prijovic","147","83","Serbie","Attaquant","Aleksandar","Prijović","Aleksandar Prijović","Prijović","200109","./assoc/200109_POL.svg","./logo/50146.png","UEFA","POL","50146","FAME","Legia Warszawa","","https://img.uefa.com/imgml/TP/teams/logos/70x70/50146.png","https://img.uefa.com/imgml/TP/teams/logos/240x240/50146.png","250146","LEG","DOMESTIC_MEN_TEAM_A","","DOMESTIC","Pologne","Legia Warszawa","Legia Warszawa","LEG","231","MINUTE","4","2","2","26.88","KILOMETER","29.3","KILOMETER_PER_HOUR"
"250025970","52714","35","1990-08-12","10","Ben Yedder","FRA","STRIKER","FORWARD","MALE","170","./image/250025970.jpg","Wissam Ben Yedder","FORWARD","9","Ben Yedder","43","68","France","Attaquant","Wissam","Ben Yedder","Wissam Ben Yedder","Ben Yedder","200122","./assoc/200122_ESP.svg","./logo/52714.png","UEFA","ESP","52714","FAME","Sevilla","","https://img.uefa.com/imgml/TP/teams/logos/70x70/52714.png","https://img.uefa.com/imgml/TP/teams/logos/240x240/52714.png","252714","SEV","DOMESTIC_MEN_TEAM_A","","DOMESTIC","Espagne","Sevilla","Sevilla FC","SEV","229","MINUTE","5","2","0","27.42","KILOMETER","28.2","KILOMETER_PER_HOUR"
"250006012","50146","34","1991-03-20","18","Kucharczyk","POL","STRIKER","MIDFIELDER","MALE","179","./image/250006012.jpg","Michał Kucharczyk","FORWARD","21","Kucharczyk","109","78","Pologne","Milieu","Michał","Kucharczyk","Michał Kucharczyk","Kucharczyk","200109","./assoc/200109_POL.svg","./logo/50146.png","UEFA","POL","50146","FAME","Legia Warszawa","","https://img.uefa.com/imgml/TP/teams/logos/70x70/50146.png","https://img.uefa.com/imgml/TP/teams/logos/240x240/50146.png","250146","LEG","DOMESTIC_MEN_TEAM_A","","DOMESTIC","Pologne","Legia Warszawa","Legia Warszawa","LEG","229","MINUTE","4","1","0","29.28","KILOMETER","31.6","KILOMETER_PER_HOUR"
"69173","52919","39","1985-11-21","16","J. Navas","ESP","FULL_BACK","FORWARD","MALE","170","./image/69173.jpg","Jesús Navas","FORWARD","22","J. Navas","122","60","Espagne","Attaquant","","Jesús Navas","Jesús Navas","Jesús Navas","200039","./assoc/200039_ENG.svg","./logo/52919.png","UEFA","ENG","52919","FAME","Man City","","https://img.uefa.com/imgml/TP/teams/logos/70x70/52919.png","https://img.uefa.com/imgml/TP/teams/logos/240x240/52919.png","252919","MCI","DOMESTIC_MEN_TEAM_A","","DOMESTIC","Angleterre","Man City","Manchester City","MCI","228","MINUTE","5","0","0","29.59","KILOMETER","30.7","KILOMETER_PER_HOUR"
"250001818","52757","37","1988-04-21","16","Traoré","GNB","ATTACKING_MIDFIELDER","MIDFIELDER","MALE","172","./image/250001818.jpg","Ibrahima Traoré","MIDFIELDER","","Traoré","200043","61","Guinée-Bissau","Milieu","Ibrahima","Traoré","Ibrahima Traoré","Traoré","200047","./assoc/200047_GER.svg","./logo/52757.png","UEFA","GER","52757","FAME","Mönchengladbach","","https://img.uefa.com/imgml/TP/teams/logos/70x70/52757.png","https://img.uefa.com/imgml/TP/teams/logos/240x240/52757.png","252757","MON","DOMESTIC_MEN_TEAM_A","","DOMESTIC","Allemagne","Mönchengladbach","Borussia Mönchengladbach","MON","226","MINUTE","4","0","0","27.84","KILOMETER","30.5","KILOMETER_PER_HOUR"
"250066551","50062","28","1997-10-08","7","Bergwijn","NED","UNKNOWN","FORWARD","MALE","171","./image/250066551.jpg","Steven Bergwijn","FORWARD","25","Bergwijn","95","74","Pays-Bas","Attaquant","Steven","Bergwijn","Steven Bergwijn","Bergwijn","200095","./assoc/200095_NED.svg","./logo/50062.png","UEFA","NED","50062","FAME","PSV","","https://img.uefa.com/imgml/TP/teams/logos/70x70/50062.png","https://img.uefa.com/imgml/TP/teams/logos/240x240/50062.png","250062","PSV","DOMESTIC_MEN_TEAM_A","","DOMESTIC","Pays-Bas","PSV","PSV Eindhoven","PSV","224","MINUTE","6","0","0","29.11","KILOMETER","28.9","KILOMETER_PER_HOUR"
"250022288","52919","38","1986-10-15","8","Nolito","ESP","WINGER","FORWARD","MALE","175","./image/250022288.jpg","Nolito","MIDFIELDER","20","Nolito","122","65","Espagne","Attaquant","","Nolito","Nolito","Nolito","200039","./assoc/200039_ENG.svg","./logo/52919.png","UEFA","ENG","52919","FAME","Man City","","https://img.uefa.com/imgml/TP/teams/logos/70x70/52919.png","https://img.uefa.com/imgml/TP/teams/logos/240x240/52919.png","252919","MCI","DOMESTIC_MEN_TEAM_A","","DOMESTIC","Angleterre","Man City","Manchester City","MCI","224","MINUTE","4","1","1","27.38","KILOMETER","28.8","KILOMETER_PER_HOUR"
"1908297","50157","34","1991-06-07","23","CENK TOSUN","TUR","STRIKER","FORWARD","MALE","183","./image/1908297.jpg","Cenk Tosun","FORWARD","9","CENK TOSUN","135","78","Turquie","Attaquant","","Cenk Tosun","Cenk Tosun","Cenk Tosun","200135","./assoc/200135_TUR.svg","./logo/50157.png","UEFA","TUR","50157","FAME","Beşiktaş","","https://img.uefa.com/imgml/TP/teams/logos/70x70/50157.png","https://img.uefa.com/imgml/TP/teams/logos/240x240/50157.png","250157","BES","DOMESTIC_MEN_TEAM_A","","DOMESTIC","Turquie","Beşiktaş","Beşiktaş JK","BES","220","MINUTE","6","1","0","25.82","KILOMETER","28.5","KILOMETER_PER_HOUR"
"250023551","50051","31","1994-05-06","8","Kovačić","CRO","ATTACKING_MIDFIELDER","MIDFIELDER","MALE","178","./image/250023551.jpg","Mateo Kovačić","MIDFIELDER","8","Kovačić","56370","77","Croatie","Milieu","Mateo","Kovačić","Mateo Kovačić","Kovačić","200122","./assoc/200122_ESP.svg","./logo/50051.png","UEFA","ESP","50051","FAME","Real Madrid","","https://img.uefa.com/imgml/TP/teams/logos/70x70/50051.png","https://img.uefa.com/imgml/TP/teams/logos/240x240/50051.png","250051","RMA","DOMESTIC_MEN_TEAM_A","","DOMESTIC","Espagne","Real Madrid","Real Madrid C.F.","RMA","219","MINUTE","6","1","0","27.4","KILOMETER","29.2","KILOMETER_PER_HOUR"
"250013895","50080","32","1993-02-12","17","ALCANTARA DO NASCIMENTO","BRA","UNKNOWN","","MALE","174","./image/250013895.jpg","Rafinha","MIDFIELDER","","Rafinha","","71","Brésil","","","Rafinha","Rafinha","Rafinha","200122","./assoc/200122_ESP.svg","./logo/50080.png","UEFA","ESP","50080","FAME","Barcelona","","https://img.uefa.com/imgml/TP/teams/logos/70x70/50080.png","https://img.uefa.com/imgml/TP/teams/logos/240x240/50080.png","250080","BAR","DOMESTIC_MEN_TEAM_A","","DOMESTIC","Espagne","Barcelona","FC Barcelona","BAR","216","MINUTE","6","0","0","28.11","KILOMETER","27.6","KILOMETER_PER_HOUR"
"103790","50109","36","1989-04-27","8","L. Bender","GER","DEFENSIVE_MIDFIELDER","MIDFIELDER","MALE","184","./image/103790.jpg","Lars Bender","MIDFIELDER","5","Bender","","81","Allemagne","Milieu","Lars","Bender","Lars Bender","L. Bender","200047","./assoc/200047_GER.svg","./logo/50109.png","UEFA","GER","50109","FAME","Leverkusen","","https://img.uefa.com/imgml/TP/teams/logos/70x70/50109.png","https://img.uefa.com/imgml/TP/teams/logos/240x240/50109.png","250109","LEV","DOMESTIC_MEN_TEAM_A","","DOMESTIC","Allemagne","Leverkusen","Bayer 04 Leverkusen","LEV","215","MINUTE","3","0","0","27.11","KILOMETER","28.4","KILOMETER_PER_HOUR"
"250044943","53577","33","1992-10-14","7","Musa","NGA","STRIKER","FORWARD","MALE","170","./image/250044943.jpg","Ahmed Musa","FORWARD","7","Musa","100","65","Nigeria","Attaquant","Ahmed","Musa","Ahmed Musa","Musa","200039","./assoc/200039_ENG.svg","./logo/53577.png","UEFA","ENG","53577","FAME","Leicester","","https://img.uefa.com/imgml/TP/teams/logos/70x70/53577.png","https://img.uefa.com/imgml/TP/teams/logos/240x240/53577.png","253577","LEI","DOMESTIC_MEN_TEAM_A","","DOMESTIC","Angleterre","Leicester","Leicester City FC","LEI","214","MINUTE","5","0","0","26.62","KILOMETER","31.8","KILOMETER_PER_HOUR"
"103984","54266","36","1989-02-18","11","Ionov","RUS","WINGER","MIDFIELDER","MALE","177","./image/103984.jpg","Aleksei Ionov","MIDFIELDER","20","Ionov","57451","69","Russie","Milieu","Aleksei","Ionov","Aleksei Ionov","Ionov","257451","./assoc/257451_RUS.svg","./logo/54266.png","UEFA","RUS","54266","FAME","CSKA Moskva","","https://img.uefa.com/imgml/TP/teams/logos/70x70/54266.png","https://img.uefa.com/imgml/TP/teams/logos/240x240/54266.png","254266","CSM","DOMESTIC_MEN_TEAM_A","","DOMESTIC","Russie","CSKA Moskva","PFC CSKA Moskva","CSM","213","MINUTE","3","0","1","26.95","KILOMETER","30.3","KILOMETER_PER_HOUR"
"250040612","64500","33","1992-08-13","34","Terentyev","RUS","FULL_BACK","DEFENDER","MALE","180","./image/250040612.jpg","Denis Terentyev","DEFENDER","","Terentyev","257451","70","Russie","Défenseur","Denis","Terentyev","Denis Terentyev","Terentyev","257451","./assoc/257451_RUS.svg","./logo/64500.png","UEFA","RUS","64500","FAME","Rostov","","https://img.uefa.com/imgml/TP/teams/logos/70x70/64500.png","https://img.uefa.com/imgml/TP/teams/logos/240x240/64500.png","264500","ROS","DOMESTIC_MEN_TEAM_A","","DOMESTIC","Russie","Rostov","FC Rostov","ROS","210","MINUTE","5","0","0","27.82","KILOMETER","30.9","KILOMETER_PER_HOUR"
"250099086","50164","34","1991-10-08","5","Jonas","BRA","UNKNOWN","MIDFIELDER","MALE","180","./image/250099086.jpg","Jonas","MIDFIELDER","","Jonas","","79","Brésil","Milieu","","Jonas","Jonas","Jonas","256370","./assoc/256370_CRO.svg","./logo/50164.png","UEFA","CRO","50164","FAME","GNK Dinamo","","https://img.uefa.com/imgml/TP/teams/logos/70x70/50164.png","https://img.uefa.com/imgml/TP/teams/logos/240x240/50164.png","250164","DIN","DOMESTIC_MEN_TEAM_A","","DOMESTIC","Croatie","GNK Dinamo","GNK Dinamo","DIN","210","MINUTE","4","0","0","26.86","KILOMETER","27.7","KILOMETER_PER_HOUR"
"102092","52747","35","1990-01-29","7","Krychowiak","POL","DEFENSIVE_MIDFIELDER","MIDFIELDER","MALE","186","./image/102092.jpg","Grzegorz Krychowiak","MIDFIELDER","10","Krychowiak","109","83","Pologne","Milieu","Grzegorz","Krychowiak","Grzegorz Krychowiak","Krychowiak","200043","./assoc/200043_FRA.svg","./logo/52747.png","UEFA","FRA","52747","FAME","Paris","","https://img.uefa.com/imgml/TP/teams/logos/70x70/52747.png","https://img.uefa.com/imgml/TP/teams/logos/240x240/52747.png","252747","PSG","DOMESTIC_MEN_TEAM_A","","DOMESTIC","France","Paris","Paris Saint-Germain","PSG","209","MINUTE","6","0","0","25.49","KILOMETER","30.7","KILOMETER_PER_HOUR"
"98328","50109","41","1984-01-25","11","","GER","","","MALE","191","./image/98328.jpg","Stefan Kiessling","FORWARD","9","Kiessling","","78","Allemagne","","Stefan","Kiessling","Stefan Kiessling","Kiessling","200047","./assoc/200047_GER.svg","./logo/50109.png","UEFA","GER","50109","FAME","Leverkusen","","https://img.uefa.com/imgml/TP/teams/logos/70x70/50109.png","https://img.uefa.com/imgml/TP/teams/logos/240x240/50109.png","250109","LEV","DOMESTIC_MEN_TEAM_A","","DOMESTIC","Allemagne","Leverkusen","Bayer 04 Leverkusen","LEV","207","MINUTE","3","0","0","25.16","KILOMETER","27.7","KILOMETER_PER_HOUR"
"250011569","5312","33","1992-03-12","12","Ferri","FRA","CENTRAL_MIDFIELDER","MIDFIELDER","MALE","172","./image/250011569.jpg","Jordan Ferri","MIDFIELDER","8","Ferri","200043","70","France","Milieu","Jordan","Ferri","Jordan Ferri","Ferri","200043","./assoc/200043_FRA.svg","./logo/5312.png","UEFA","FRA","5312","FAME","Lyon","","https://img.uefa.com/imgml/TP/teams/logos/70x70/5312.png","https://img.uefa.com/imgml/TP/teams/logos/240x240/5312.png","205312","LYO","DOMESTIC_MEN_TEAM_A","","DOMESTIC","France","Lyon","Olympique Lyonnais","LYO","206","MINUTE","3","1","0","25.92","KILOMETER","26.4","KILOMETER_PER_HOUR"
"250084882","50043","28","1996-11-24","7","Wesley","BRA","STRIKER","FORWARD","MALE","191","./image/250084882.jpg","Wesley","FORWARD","","Wesley","","93","Brésil","Attaquant","","Wesley","Wesley","Wesley","200013","./assoc/200013_BEL.svg","./logo/50043.png","UEFA","BEL","50043","FAME","Club Brugge","","https://img.uefa.com/imgml/TP/teams/logos/70x70/50043.png","https://img.uefa.com/imgml/TP/teams/logos/240x240/50043.png","250043","BRU","DOMESTIC_MEN_TEAM_A","","DOMESTIC","Belgique","Club Brugge","Club Brugge KV","BRU","205","MINUTE","5","0","0","22.31","KILOMETER","29.3","KILOMETER_PER_HOUR"
"250014607","50149","36","1989-05-23","2","Schelotto","ITA","UNKNOWN","DEFENDER","MALE","187","./image/250014607.jpg","Ezequiel Schelotto","MIDFIELDER","","Schelotto","","76","Italie","Défenseur","Ezequiel","Schelotto","Ezequiel Schelotto","Schelotto","200110","./assoc/200110_POR.svg","./logo/50149.png","UEFA","POR","50149","FAME","Sporting CP","","https://img.uefa.com/imgml/TP/teams/logos/70x70/50149.png","https://img.uefa.com/imgml/TP/teams/logos/240x240/50149.png","250149","SPO","DOMESTIC_MEN_TEAM_A","","DOMESTIC","Portugal","Sporting CP","Sporting Clube de Portugal","SPO","203","MINUTE","3","0","0","26.6","KILOMETER","30.8","KILOMETER_PER_HOUR"
"103333","1652","36","1989-03-02","23","Alderweireld","BEL","CENTRE_BACK","DEFENDER","MALE","186","./image/103333.jpg","Toby Alderweireld","DEFENDER","2","Alderweireld","13","81","Belgique","Défenseur","Toby","Alderweireld","Toby Alderweireld","Alderweireld","200039","./assoc/200039_ENG.svg","./logo/1652.png","UEFA","ENG","1652","FAME","Tottenham","","https://img.uefa.com/imgml/TP/teams/logos/70x70/1652.png","https://img.uefa.com/imgml/TP/teams/logos/240x240/1652.png","201652","TOT","DOMESTIC_MEN_TEAM_A","","DOMESTIC","Angleterre","Tottenham","Tottenham Hotspur","TOT","202","MINUTE","3","1","0","23.29","KILOMETER","26.1","KILOMETER_PER_HOUR"
"250058218","50037","28","1997-08-18","8","R. SANCHES","POR","CENTRAL_MIDFIELDER","MIDFIELDER","MALE","176","./image/250058218.jpg","Renato Sanches","MIDFIELDER","16","R. Sanches","110","70","Portugal","Milieu","","Renato Sanches","Renato Sanches","Renato Sanches","200047","./assoc/200047_GER.svg","./logo/50037.png","UEFA","GER","50037","FAME","Bayern München","","https://img.uefa.com/imgml/TP/teams/logos/70x70/50037.png","https://img.uefa.com/imgml/TP/teams/logos/240x240/50037.png","250037","BAY","DOMESTIC_MEN_TEAM_A","","DOMESTIC","Allemagne","Bayern München","FC Bayern München","BAY","201","MINUTE","6","0","0","25.76","KILOMETER","27.4","KILOMETER_PER_HOUR"
"250023001","50043","31","1994-07-15","14","Limbombe","BEL","WINGER","MIDFIELDER","MALE","177","./image/250023001.jpg","Anthony Limbombe","MIDFIELDER","11","Limbombe","300013","70","Belgique","Milieu","Anthony","Limbombe","Anthony Limbombe","Limbombe","200013","./assoc/200013_BEL.svg","./logo/50043.png","UEFA","BEL","50043","FAME","Club Brugge","","https://img.uefa.com/imgml/TP/teams/logos/70x70/50043.png","https://img.uefa.com/imgml/TP/teams/logos/240x240/50043.png","250043","BRU","DOMESTIC_MEN_TEAM_A","","DOMESTIC","Belgique","Club Brugge","Club Brugge KV","BRU","201","MINUTE","4","0","0","23.47","KILOMETER","30","KILOMETER_PER_HOUR"
"250043124","50136","31","1994-02-28","14","Milik","POL","STRIKER","FORWARD","MALE","186","./image/250043124.jpg","Arkadiusz Milik","FORWARD","7","Milik","109","78","Pologne","Attaquant","Arkadiusz","Milik","Arkadiusz Milik","Milik","200066","./assoc/200066_ITA.svg","./logo/50136.png","UEFA","ITA","50136","FAME","Napoli","","https://img.uefa.com/imgml/TP/teams/logos/70x70/50136.png","https://img.uefa.com/imgml/TP/teams/logos/240x240/50136.png","250136","NAP","DOMESTIC_MEN_TEAM_A","","DOMESTIC","Italie","Napoli","SSC Napoli","NAP","199","MINUTE","4","3","1","22.95","KILOMETER","27.8","KILOMETER_PER_HOUR"
"95417","50051","42","1983-02-26","3","De Lima Ferreira","POR","CENTRE_BACK","DEFENDER","MALE","188","./image/95417.jpg","Pepe","DEFENDER","3","Pepe","110","81","Portugal","Défenseur","","Pepe","Pepe","Pepe","200122","./assoc/200122_ESP.svg","./logo/50051.png","UEFA","ESP","50051","FAME","Real Madrid","","https://img.uefa.com/imgml/TP/teams/logos/70x70/50051.png","https://img.uefa.com/imgml/TP/teams/logos/240x240/50051.png","250051","RMA","DOMESTIC_MEN_TEAM_A","","DOMESTIC","Espagne","Real Madrid","Real Madrid C.F.","RMA","199","MINUTE","3","0","0","22.66","KILOMETER","30.8","KILOMETER_PER_HOUR"
"105575","5312","41","1984-09-28","28","Valbuena","FRA","WINGER","MIDFIELDER","MALE","167","./image/105575.jpg","Mathieu Valbuena","MIDFIELDER","8","Valbuena","43","58","France","Milieu","Mathieu","Valbuena","Mathieu Valbuena","Valbuena","200043","./assoc/200043_FRA.svg","./logo/5312.png","UEFA","FRA","5312","FAME","Lyon","","https://img.uefa.com/imgml/TP/teams/logos/70x70/5312.png","https://img.uefa.com/imgml/TP/teams/logos/240x240/5312.png","205312","LYO","DOMESTIC_MEN_TEAM_A","","DOMESTIC","France","Lyon","Olympique Lyonnais","LYO","198","MINUTE","3","0","0","23.23","KILOMETER","25","KILOMETER_PER_HOUR"
"250068846","1652","29","1996-02-02","8","Winks","ENG","CENTRAL_MIDFIELDER","MIDFIELDER","MALE","178","./image/250068846.jpg","Harry Winks","MIDFIELDER","19","Winks","39","","Angleterre","Milieu","Harry","Winks","Harry Winks","Winks","200039","./assoc/200039_ENG.svg","./logo/1652.png","UEFA","ENG","1652","FAME","Tottenham","","https://img.uefa.com/imgml/TP/teams/logos/70x70/1652.png","https://img.uefa.com/imgml/TP/teams/logos/240x240/1652.png","201652","TOT","DOMESTIC_MEN_TEAM_A","","DOMESTIC","Angleterre","Tottenham","Tottenham Hotspur","TOT","197","MINUTE","4","0","0","25.27","KILOMETER","29.3","KILOMETER_PER_HOUR"
"67607","2603104","38","1986-12-02","28","KESERU","ROU","STRIKER","FORWARD","MALE","178","./image/67607.jpg","Claudiu Keșerü","FORWARD","13","Keseru","113","71","Roumanie","Attaquant","Claudiu","Keșerü","Claudiu Keșerü","Keșerü","200020","./assoc/200020_BUL.svg","./logo/2603104.png","UEFA","BUL","2603104","FAME","Ludogorets","","https://img.uefa.com/imgml/TP/teams/logos/70x70/2603104.png","https://img.uefa.com/imgml/TP/teams/logos/240x240/2603104.png","250002030","LUD","DOMESTIC_MEN_TEAM_A","","DOMESTIC","Bulgarie","Ludogorets","PFC Ludogorets 1945","LUD","194","MINUTE","5","1","0","21.62","KILOMETER","25.7","KILOMETER_PER_HOUR"
"250035063","52709","31","1993-11-16","20","Pavlovic","SRB","STRIKER","FORWARD","MALE","189","./image/250035063.jpg","Andrija Pavlović","FORWARD","21","Pavlovic","147","85","Serbie","Attaquant","Andrija","Pavlović","Andrija Pavlović","Pavlović","200035","./assoc/200035_DEN.svg","./logo/52709.png","UEFA","DEN","52709","FAME","Copenhagen","","https://img.uefa.com/imgml/TP/teams/logos/70x70/52709.png","https://img.uefa.com/imgml/TP/teams/logos/240x240/52709.png","252709","CPH","DOMESTIC_MEN_TEAM_A","","DOMESTIC","Danemark","Copenhagen","F.C. Copenhagen","CPH","194","MINUTE","4","0","0","22.97","KILOMETER","28.9","KILOMETER_PER_HOUR"
"1901608","52757","35","1990-04-07","24","Jantschke","GER","FULL_BACK","DEFENDER","MALE","177","./image/1901608.jpg","Tony Jantschke","DEFENDER","2","Jantschke","300047","74","Allemagne","Défenseur","Tony","Jantschke","Tony Jantschke","Jantschke","200047","./assoc/200047_GER.svg","./logo/52757.png","UEFA","GER","52757","FAME","Mönchengladbach","","https://img.uefa.com/imgml/TP/teams/logos/70x70/52757.png","https://img.uefa.com/imgml/TP/teams/logos/240x240/52757.png","252757","MON","DOMESTIC_MEN_TEAM_A","","DOMESTIC","Allemagne","Mönchengladbach","Borussia Mönchengladbach","MON","193","MINUTE","3","0","0","23.17","KILOMETER","25.3","KILOMETER_PER_HOUR"
"250020656","50124","37","1988-02-23","10","NICO GAITÁN","ARG","WINGER","FORWARD","MALE","173","./image/250020656.jpg","Nicolás Gaitán","MIDFIELDER","","Gaitán","","68","Argentine","Attaquant","Nicolás","Gaitán","Nicolás Gaitán","Gaitán","200122","./assoc/200122_ESP.svg","./logo/50124.png","UEFA","ESP","50124","FAME","Atleti","","https://img.uefa.com/imgml/TP/teams/logos/70x70/50124.png","https://img.uefa.com/imgml/TP/teams/logos/240x240/50124.png","250124","ATM","DOMESTIC_MEN_TEAM_A","","DOMESTIC","Espagne","Atleti","Atlético de Madrid","ATM","190","MINUTE","5","0","0","25.2","KILOMETER","25.7","KILOMETER_PER_HOUR"
"250041194","52723","30","1995-03-06","30","Korzun","BLR","DEFENSIVE_MIDFIELDER","MIDFIELDER","MALE","174","./image/250041194.jpg","Nikita Korzun","MIDFIELDER","15","Korzun","57155","68","Bélarus","Milieu","Nikita","Korzun","Nikita Korzun","Korzun","257166","./assoc/257166_UKR.svg","./logo/52723.png","UEFA","UKR","52723","FAME","Dynamo Kyiv","","https://img.uefa.com/imgml/TP/teams/logos/70x70/52723.png","https://img.uefa.com/imgml/TP/teams/logos/240x240/52723.png","252723","DKY","DOMESTIC_MEN_TEAM_A","","DOMESTIC","Ukraine","Dynamo Kyiv","FC Dynamo Kyiv","DKY","190","MINUTE","4","0","0","25.2","KILOMETER","29.8","KILOMETER_PER_HOUR"
"250005337","52758","34","1990-11-06","20","Schürrle","GER","WINGER","MIDFIELDER","MALE","184","./image/250005337.jpg","André Schürrle","MIDFIELDER","9","Schürrle","47","74","Allemagne","Milieu","André","Schürrle","André Schürrle","Schürrle","200047","./assoc/200047_GER.svg","./logo/52758.png","UEFA","GER","52758","FAME","B. Dortmund","","https://img.uefa.com/imgml/TP/teams/logos/70x70/52758.png","https://img.uefa.com/imgml/TP/teams/logos/240x240/52758.png","252758","BVB","DOMESTIC_MEN_TEAM_A","","DOMESTIC","Allemagne","B. Dortmund","Borussia Dortmund","BVB","188","MINUTE","6","1","1","24.86","KILOMETER","31.6","KILOMETER_PER_HOUR"
"250019995","50146","37","1987-12-31","99","NIKOLIC","HUN","STRIKER","FORWARD","MALE","180","./image/250019995.jpg","Nemanja Nikolić","FORWARD","23","Nikolics","57","80","Hongrie","Attaquant","Nemanja","Nikolić","Nemanja Nikolić","Nikolić","200109","./assoc/200109_POL.svg","./logo/50146.png","UEFA","POL","50146","FAME","Legia Warszawa","","https://img.uefa.com/imgml/TP/teams/logos/70x70/50146.png","https://img.uefa.com/imgml/TP/teams/logos/240x240/50146.png","250146","LEG","DOMESTIC_MEN_TEAM_A","","DOMESTIC","Pologne","Legia Warszawa","Legia Warszawa","LEG","187","MINUTE","5","1","0","24.1","KILOMETER","30.5","KILOMETER_PER_HOUR"
"250056070","50164","29","1996-04-29","14","FIOLIĆ","CRO","ATTACKING_MIDFIELDER","MIDFIELDER","MALE","176","./image/250056070.jpg","Ivan Fiolić","FORWARD","17","Fiolić","56370","72","Croatie","Milieu","Ivan","Fiolić","Ivan Fiolić","Fiolić","256370","./assoc/256370_CRO.svg","./logo/50164.png","UEFA","CRO","50164","FAME","GNK Dinamo","","https://img.uefa.com/imgml/TP/teams/logos/70x70/50164.png","https://img.uefa.com/imgml/TP/teams/logos/240x240/50164.png","250164","DIN","DOMESTIC_MEN_TEAM_A","","DOMESTIC","Croatie","GNK Dinamo","GNK Dinamo","DIN","187","MINUTE","4","0","0","24.97","KILOMETER","30.1","KILOMETER_PER_HOUR"
"250039725","5312","33","1992-05-09","18","GHEZZAL","ALG","WINGER","FORWARD","MALE","182","./image/250039725.jpg","Rachid Ghezzal","MIDFIELDER","","GHEZZAL","","65","Algérie","Attaquant","Rachid","Ghezzal","Rachid Ghezzal","Ghezzal","200043","./assoc/200043_FRA.svg","./logo/5312.png","UEFA","FRA","5312","FAME","Lyon","","https://img.uefa.com/imgml/TP/teams/logos/70x70/5312.png","https://img.uefa.com/imgml/TP/teams/logos/240x240/5312.png","205312","LYO","DOMESTIC_MEN_TEAM_A","","DOMESTIC","France","Lyon","Olympique Lyonnais","LYO","186","MINUTE","5","0","1","23.02","KILOMETER","31.2","KILOMETER_PER_HOUR"
"250070170","52723","29","1996-03-31","41","Besedin","UKR","STRIKER","FORWARD","MALE","185","./image/250070170.jpg","Artem Besedin","FORWARD","19","Besedin","57166","77","Ukraine","Attaquant","Artem","Besedin","Artem Besedin","Besedin","257166","./assoc/257166_UKR.svg","./logo/52723.png","UEFA","UKR","52723","FAME","Dynamo Kyiv","","https://img.uefa.com/imgml/TP/teams/logos/70x70/52723.png","https://img.uefa.com/imgml/TP/teams/logos/240x240/52723.png","252723","DKY","DOMESTIC_MEN_TEAM_A","","DOMESTIC","Ukraine","Dynamo Kyiv","FC Dynamo Kyiv","DKY","186","MINUTE","3","1","0","23.13","KILOMETER","27","KILOMETER_PER_HOUR"
"250096705","52714","32","1993-05-21","32","Kranevitter","ARG","DEFENSIVE_MIDFIELDER","MIDFIELDER","MALE","179","./image/250096705.jpg","Matías Kranevitter","MIDFIELDER","","KRANEVITTER","","76","Argentine","Milieu","Matías","Kranevitter","Matías Kranevitter","Kranevitter","200122","./assoc/200122_ESP.svg","./logo/52714.png","UEFA","ESP","52714","FAME","Sevilla","","https://img.uefa.com/imgml/TP/teams/logos/70x70/52714.png","https://img.uefa.com/imgml/TP/teams/logos/240x240/52714.png","252714","SEV","DOMESTIC_MEN_TEAM_A","","DOMESTIC","Espagne","Sevilla","Sevilla FC","SEV","185","MINUTE","4","0","0","21.22","KILOMETER","25.9","KILOMETER_PER_HOUR"
"59688","59856","42","1983-06-25","49","Janko","AUT","STRIKER","FORWARD","MALE","60","./image/59688.jpg","Marc Janko","FORWARD","21","Janko","8","93","Autriche","Attaquant","Marc","Janko","Marc Janko","Janko","200128","./assoc/200128_SUI.svg","./logo/59856.png","UEFA","SUI","59856","FAME","Basel","","https://img.uefa.com/imgml/TP/teams/logos/70x70/59856.png","https://img.uefa.com/imgml/TP/teams/logos/240x240/59856.png","259856","BSL","DOMESTIC_MEN_TEAM_A","","DOMESTIC","Suisse","Basel","FC Basel 1893","BSL","184","MINUTE","5","0","1","21.74","KILOMETER","26.3","KILOMETER_PER_HOUR"
"250075724","50139","38","1987-04-17","4","Benatia","MAR","UNKNOWN","DEFENDER","MALE","190","./image/250075724.jpg","Medhi Benatia","DEFENDER","","Benatia","92","92","Maroc","Défenseur","Medhi","Benatia","Medhi Benatia","Benatia","200066","./assoc/200066_ITA.svg","./logo/50139.png","UEFA","ITA","50139","FAME","Juventus","","https://img.uefa.com/imgml/TP/teams/logos/70x70/50139.png","https://img.uefa.com/imgml/TP/teams/logos/240x240/50139.png","250139","JUV","DOMESTIC_MEN_TEAM_A","","DOMESTIC","Italie","Juventus","Juventus","JUV","183","MINUTE","5","0","0","21.47","KILOMETER","26.5","KILOMETER_PER_HOUR"
"250086316","50124","32","1993-06-13","16","T. Partey","GHA","DEFENSIVE_MIDFIELDER","MIDFIELDER","MALE","185","./image/250086316.jpg","Thomas Partey","MIDFIELDER","5","Partey","48","73","Ghana","Milieu","Thomas","Partey","Thomas Partey","Partey","200122","./assoc/200122_ESP.svg","./logo/50124.png","UEFA","ESP","50124","FAME","Atleti","","https://img.uefa.com/imgml/TP/teams/logos/70x70/50124.png","https://img.uefa.com/imgml/TP/teams/logos/240x240/50124.png","250124","ATM","DOMESTIC_MEN_TEAM_A","","DOMESTIC","Espagne","Atleti","Atlético de Madrid","ATM","181","MINUTE","6","0","0","23.79","KILOMETER","26.4","KILOMETER_PER_HOUR"
"72529","54266","38","1987-03-19","13","Eremenko","FIN","ATTACKING_MIDFIELDER","MIDFIELDER","MALE","180","./image/72529.jpg","Roman Eremenko","MIDFIELDER","7","Eremenko","42","67","Finlande","Milieu","Roman","Eremenko","Roman Eremenko","Eremenko","257451","./assoc/257451_RUS.svg","./logo/54266.png","UEFA","RUS","54266","FAME","CSKA Moskva","","https://img.uefa.com/imgml/TP/teams/logos/70x70/54266.png","https://img.uefa.com/imgml/TP/teams/logos/240x240/54266.png","254266","CSM","DOMESTIC_MEN_TEAM_A","","DOMESTIC","Russie","CSKA Moskva","PFC CSKA Moskva","CSM","180","MINUTE","2","1","0","23.16","KILOMETER","29.3","KILOMETER_PER_HOUR"
"250076274","52758","27","1998-05-29","30","Passlack","GER","FULL_BACK","MIDFIELDER","MALE","170","./image/250076274.jpg","Felix Passlack","MIDFIELDER","20","Passlack","200047","74","Allemagne","Milieu","Felix","Passlack","Felix Passlack","Passlack","200047","./assoc/200047_GER.svg","./logo/52758.png","UEFA","GER","52758","FAME","B. Dortmund","","https://img.uefa.com/imgml/TP/teams/logos/70x70/52758.png","https://img.uefa.com/imgml/TP/teams/logos/240x240/52758.png","252758","BVB","DOMESTIC_MEN_TEAM_A","","DOMESTIC","Allemagne","B. Dortmund","Borussia Dortmund","BVB","180","MINUTE","2","1","0","21.97","KILOMETER","30.5","KILOMETER_PER_HOUR"
"250024963","50139","31","1994-07-29","24","Rugani","ITA","CENTRE_BACK","DEFENDER","MALE","190","./image/250024963.jpg","Daniele Rugani","DEFENDER","15","Rugani","66","82","Italie","Défenseur","Daniele","Rugani","Daniele Rugani","Rugani","200066","./assoc/200066_ITA.svg","./logo/50139.png","UEFA","ITA","50139","FAME","Juventus","","https://img.uefa.com/imgml/TP/teams/logos/70x70/50139.png","https://img.uefa.com/imgml/TP/teams/logos/240x240/50139.png","250139","JUV","DOMESTIC_MEN_TEAM_A","","DOMESTIC","Italie","Juventus","Juventus","JUV","180","MINUTE","2","1","0","21.25","KILOMETER","28.5","KILOMETER_PER_HOUR"
"250086168","50064","34","1991-01-16","","","BRA","STRIKER","FORWARD","","","./image/250086168.jpg","Tiquinho Soares","","","","","","Brésil","Attaquant","Tiquinho","Soares","Tiquinho Soares","Soares","200110","./assoc/200110_POR.svg","./logo/50064.png","UEFA","POR","50064","FAME","Porto","","https://img.uefa.com/imgml/TP/teams/logos/70x70/50064.png","https://img.uefa.com/imgml/TP/teams/logos/240x240/50064.png","250064","POR","DOMESTIC_MEN_TEAM_A","","DOMESTIC","Portugal","Porto","FC Porto","POR","180","MINUTE","2","0","0","20.6","KILOMETER","29.3","KILOMETER_PER_HOUR"
"250012519","50050","31","1994-08-04","5","Šimunović","BIH","CENTRE_BACK","DEFENDER","MALE","190","./image/250012519.jpg","Jozo Šimunović","DEFENDER","10","Šimunović","56370","81","Bosnie-Herzégovine","Défenseur","Jozo","Šimunović","Jozo Šimunović","Šimunović","200117","./assoc/200117_SCO.svg","./logo/50050.png","UEFA","SCO","50050","FAME","Celtic","","https://img.uefa.com/imgml/TP/teams/logos/70x70/50050.png","https://img.uefa.com/imgml/TP/teams/logos/240x240/50050.png","250050","CEL","DOMESTIC_MEN_TEAM_A","","DOMESTIC","Écosse","Celtic","Celtic FC","CEL","180","MINUTE","2","0","0","20.44","KILOMETER","29.1","KILOMETER_PER_HOUR"
"250085047","2603104","36","1988-12-26","4","CICINHO","BUL","FULL_BACK","DEFENDER","MALE","168","./image/250085047.jpg","Cicinho","DEFENDER","6","CICINHO","20","65","Bulgarie","Défenseur","","Cicinho","Cicinho","Cicinho","200020","./assoc/200020_BUL.svg","./logo/2603104.png","UEFA","BUL","2603104","FAME","Ludogorets","","https://img.uefa.com/imgml/TP/teams/logos/70x70/2603104.png","https://img.uefa.com/imgml/TP/teams/logos/240x240/2603104.png","250002030","LUD","DOMESTIC_MEN_TEAM_A","","DOMESTIC","Bulgarie","Ludogorets","PFC Ludogorets 1945","LUD","180","MINUTE","2","0","0","19.99","KILOMETER","30.9","KILOMETER_PER_HOUR"
"250053044","50043","32","1993-01-28","44","Mechele","BEL","CENTRE_BACK","DEFENDER","MALE","188","./image/250053044.jpg","Brandon Mechele","DEFENDER","4","Mechele","13","81","Belgique","Défenseur","Brandon","Mechele","Brandon Mechele","Mechele","200013","./assoc/200013_BEL.svg","./logo/50043.png","UEFA","BEL","50043","FAME","Club Brugge","","https://img.uefa.com/imgml/TP/teams/logos/70x70/50043.png","https://img.uefa.com/imgml/TP/teams/logos/240x240/50043.png","250043","BRU","DOMESTIC_MEN_TEAM_A","","DOMESTIC","Belgique","Club Brugge","Club Brugge KV","BRU","180","MINUTE","2","0","0","19.72","KILOMETER","29.1","KILOMETER_PER_HOUR"
"250075775","50147","36","1989-09-01","2","Lisandro","ARG","UNKNOWN","DEFENDER","MALE","187","./image/250075775.jpg","Lisandro López","DEFENDER","","Lisandro","","80","Argentine","Défenseur","","Lisandro López","Lisandro López","Lisandro López","200110","./assoc/200110_POR.svg","./logo/50147.png","UEFA","POR","50147","FAME","Benfica","","https://img.uefa.com/imgml/TP/teams/logos/70x70/50147.png","https://img.uefa.com/imgml/TP/teams/logos/240x240/50147.png","250147","BEN","DOMESTIC_MEN_TEAM_A","","DOMESTIC","Portugal","Benfica","SL Benfica","BEN","180","MINUTE","2","0","0","18.01","KILOMETER","26.2","KILOMETER_PER_HOUR"
"35414","52758","45","1980-08-06","1","Weidenfeller","GER","GOALKEEPER","GOALKEEPER","MALE","190","./image/35414.jpg","Roman Weidenfeller","GOALKEEPER","22","Weidenfeller","","90","Allemagne","Gardien","Roman","Weidenfeller","Roman Weidenfeller","Weidenfeller","200047","./assoc/200047_GER.svg","./logo/52758.png","UEFA","GER","52758","FAME","B. Dortmund","","https://img.uefa.com/imgml/TP/teams/logos/70x70/52758.png","https://img.uefa.com/imgml/TP/teams/logos/240x240/52758.png","252758","BVB","DOMESTIC_MEN_TEAM_A","","DOMESTIC","Allemagne","B. Dortmund","Borussia Dortmund","BVB","180","MINUTE","2","0","0","9.28","KILOMETER","25.5","KILOMETER_PER_HOUR"
"250079284","50164","27","1998-01-12","98","Šemper","CRO","UNKNOWN","GOALKEEPER","MALE","192","./image/250079284.jpg","Adrian Šemper","GOALKEEPER","1","Šemper","56370","75","Croatie","Gardien","Adrian","Šemper","Adrian Šemper","Šemper","256370","./assoc/256370_CRO.svg","./logo/50164.png","UEFA","CRO","50164","FAME","GNK Dinamo","","https://img.uefa.com/imgml/TP/teams/logos/70x70/50164.png","https://img.uefa.com/imgml/TP/teams/logos/240x240/50164.png","250164","DIN","DOMESTIC_MEN_TEAM_A","","DOMESTIC","Croatie","GNK Dinamo","GNK Dinamo","DIN","180","MINUTE","2","0","0","9.19","KILOMETER","20.2","KILOMETER_PER_HOUR"
"1902188","52747","35","1990-07-08","1","Trapp","GER","GOALKEEPER","GOALKEEPER","MALE","189","./image/1902188.jpg","Kevin Trapp","GOALKEEPER","12","Trapp","47","88","Allemagne","Gardien","Kevin","Trapp","Kevin Trapp","Trapp","200043","./assoc/200043_FRA.svg","./logo/52747.png","UEFA","FRA","52747","FAME","Paris","","https://img.uefa.com/imgml/TP/teams/logos/70x70/52747.png","https://img.uefa.com/imgml/TP/teams/logos/240x240/52747.png","252747","PSG","DOMESTIC_MEN_TEAM_A","","DOMESTIC","France","Paris","Paris Saint-Germain","PSG","180","MINUTE","2","0","0","9.03","KILOMETER","17.4","KILOMETER_PER_HOUR"
"250014226","50149","31","1994-03-02","50","Marković","SRB","WINGER","MIDFIELDER","MALE","174","./image/250014226.jpg","Lazar Marković","MIDFIELDER","8","Markovic","147","66","Serbie","Milieu","Lazar","Marković","Lazar Marković","Marković","200110","./assoc/200110_POR.svg","./logo/50149.png","UEFA","POR","50149","FAME","Sporting CP","","https://img.uefa.com/imgml/TP/teams/logos/70x70/50149.png","https://img.uefa.com/imgml/TP/teams/logos/240x240/50149.png","250149","SPO","DOMESTIC_MEN_TEAM_A","","DOMESTIC","Portugal","Sporting CP","Sporting Clube de Portugal","SPO","178","MINUTE","5","0","0","23.75","KILOMETER","30.9","KILOMETER_PER_HOUR"
"250036905","50136","33","1991-11-26","23","Gabbiadini","ITA","STRIKER","FORWARD","MALE","186","./image/250036905.jpg","Manolo Gabbiadini","FORWARD","20","Gabbiadini","66","81","Italie","Attaquant","Manolo","Gabbiadini","Manolo Gabbiadini","Gabbiadini","200066","./assoc/200066_ITA.svg","./logo/50136.png","UEFA","ITA","50136","FAME","Napoli","","https://img.uefa.com/imgml/TP/teams/logos/70x70/50136.png","https://img.uefa.com/imgml/TP/teams/logos/240x240/50136.png","250136","NAP","DOMESTIC_MEN_TEAM_A","","DOMESTIC","Italie","Napoli","SSC Napoli","NAP","177","MINUTE","5","1","0","21.5","KILOMETER","28.7","KILOMETER_PER_HOUR"
"250007584","50080","32","1993-08-30","9","Paco Alcácer","ESP","STRIKER","FORWARD","MALE","176","./image/250007584.jpg","Paco Alcácer","FORWARD","9","Paco Alcácer","122","71","Espagne","Attaquant","Paco","Alcácer","Paco Alcácer","Alcácer","200122","./assoc/200122_ESP.svg","./logo/50080.png","UEFA","ESP","50080","FAME","Barcelona","","https://img.uefa.com/imgml/TP/teams/logos/70x70/50080.png","https://img.uefa.com/imgml/TP/teams/logos/240x240/50080.png","250080","BAR","DOMESTIC_MEN_TEAM_A","","DOMESTIC","Espagne","Barcelona","FC Barcelona","BAR","176","MINUTE","3","0","1","20.61","KILOMETER","28.7","KILOMETER_PER_HOUR"
"250035615","50050","35","1989-10-24","12","Gamboa","CRC","FULL_BACK","DEFENDER","MALE","173","./image/250035615.jpg","Cristian Gamboa","DEFENDER","16","Gamboa                        ","31","70","Costa Rica","Défenseur","Cristian","Gamboa","Cristian Gamboa","Gamboa","200117","./assoc/200117_SCO.svg","./logo/50050.png","UEFA","SCO","50050","FAME","Celtic","","https://img.uefa.com/imgml/TP/teams/logos/70x70/50050.png","https://img.uefa.com/imgml/TP/teams/logos/240x240/50050.png","250050","CEL","DOMESTIC_MEN_TEAM_A","","DOMESTIC","Écosse","Celtic","Celtic FC","CEL","175","MINUTE","2","0","0","20.12","KILOMETER","30.3","KILOMETER_PER_HOUR"
"250085534","50023","34","1991-05-25","11","CARRILLO","ARG","UNKNOWN","FORWARD","MALE","191","./image/250085534.jpg","Guido Carrillo","FORWARD","","Carrillo","","87","Argentine","Attaquant","Guido","Carrillo","Guido Carrillo","Carrillo","200043","./assoc/200043_FRA.svg","./logo/50023.png","UEFA","FRA","50023","FAME","Monaco","","https://img.uefa.com/imgml/TP/teams/logos/70x70/50023.png","https://img.uefa.com/imgml/TP/teams/logos/240x240/50023.png","250023","MON","DOMESTIC_MEN_TEAM_A","","DOMESTIC","France","Monaco","AS Monaco","MON","174","MINUTE","5","0","2","21.0","KILOMETER","28.9","KILOMETER_PER_HOUR"
"250056861","50062","28","1996-12-15","35","Zinchenko","UKR","FULL_BACK","DEFENDER","MALE","175","./image/250056861.jpg","Oleksandr Zinchenko","DEFENDER","17","Zinchenko","57166","61","Ukraine","Défenseur","Oleksandr","Zinchenko","Oleksandr Zinchenko","Zinchenko","200095","./assoc/200095_NED.svg","./logo/50062.png","UEFA","NED","50062","FAME","PSV","","https://img.uefa.com/imgml/TP/teams/logos/70x70/50062.png","https://img.uefa.com/imgml/TP/teams/logos/240x240/50062.png","250062","PSV","DOMESTIC_MEN_TEAM_A","","DOMESTIC","Pays-Bas","PSV","PSV Eindhoven","PSV","173","MINUTE","4","0","0","24.49","KILOMETER","26.2","KILOMETER_PER_HOUR"
"74850","50080","38","1987-01-30","66","Arda","TUR","ATTACKING_MIDFIELDER","MIDFIELDER","MALE","178","./image/74850.jpg","Arda Turan","FORWARD","10","Turan","135","76","Turquie","Milieu","","Arda Turan","Arda Turan","Arda Turan","200122","./assoc/200122_ESP.svg","./logo/50080.png","UEFA","ESP","50080","FAME","Barcelona","","https://img.uefa.com/imgml/TP/teams/logos/70x70/50080.png","https://img.uefa.com/imgml/TP/teams/logos/240x240/50080.png","250080","BAR","DOMESTIC_MEN_TEAM_A","","DOMESTIC","Espagne","Barcelona","FC Barcelona","BAR","171","MINUTE","5","4","1","21.36","KILOMETER","28.9","KILOMETER_PER_HOUR"
"250063840","50064","36","1989-08-26","21","A. André","POR","CENTRAL_MIDFIELDER","MIDFIELDER","MALE","174","./image/250063840.jpg","André André","MIDFIELDER","24","André","110","65","Portugal","Milieu","","André André","André André","André André","200110","./assoc/200110_POR.svg","./logo/50064.png","UEFA","POR","50064","FAME","Porto","","https://img.uefa.com/imgml/TP/teams/logos/70x70/50064.png","https://img.uefa.com/imgml/TP/teams/logos/240x240/50064.png","250064","POR","DOMESTIC_MEN_TEAM_A","","DOMESTIC","Portugal","Porto","FC Porto","POR","171","MINUTE","3","0","0","21.83","KILOMETER","25.6","KILOMETER_PER_HOUR"
"250007325","52280","33","1992-02-08","25","Jenkinson","ENG","FULL_BACK","DEFENDER","MALE","183","./image/250007325.jpg","Carl Jenkinson","DEFENDER","2","Jenkinson","200039","76","Angleterre","Défenseur","Carl","Jenkinson","Carl Jenkinson","Jenkinson","200039","./assoc/200039_ENG.svg","./logo/52280.png","UEFA","ENG","52280","FAME","Arsenal","","https://img.uefa.com/imgml/TP/teams/logos/70x70/52280.png","https://img.uefa.com/imgml/TP/teams/logos/240x240/52280.png","252280","ARS","DOMESTIC_MEN_TEAM_A","","DOMESTIC","Angleterre","Arsenal","Arsenal FC","ARS","171","MINUTE","2","0","0","19.01","KILOMETER","30.6","KILOMETER_PER_HOUR"
"250055967","59856","31","1994-08-04","10","ElYounossi","NOR","WINGER","FORWARD","MALE","178","./image/250055967.jpg","Mohamed Elyounoussi","FORWARD","11","Elyounoussi","101","70","Norvège","Attaquant","Mohamed","Elyounoussi","Mohamed Elyounoussi","Elyounoussi","200128","./assoc/200128_SUI.svg","./logo/59856.png","UEFA","SUI","59856","FAME","Basel","","https://img.uefa.com/imgml/TP/teams/logos/70x70/59856.png","https://img.uefa.com/imgml/TP/teams/logos/240x240/59856.png","259856","BSL","DOMESTIC_MEN_TEAM_A","","DOMESTIC","Suisse","Basel","FC Basel 1893","BSL","169","MINUTE","3","0","0","22.73","KILOMETER","27.1","KILOMETER_PER_HOUR"
"250008167","50136","33","1991-11-25","19","Maksimovic","SRB","CENTRE_BACK","DEFENDER","MALE","193","./image/250008167.jpg","Nikola Maksimović","DEFENDER","19","Maksimovic","147","82","Serbie","Défenseur","Nikola","Maksimović","Nikola Maksimović","Nik. Maksimović","200066","./assoc/200066_ITA.svg","./logo/50136.png","UEFA","ITA","50136","FAME","Napoli","","https://img.uefa.com/imgml/TP/teams/logos/70x70/50136.png","https://img.uefa.com/imgml/TP/teams/logos/240x240/50136.png","250136","NAP","DOMESTIC_MEN_TEAM_A","","DOMESTIC","Italie","Napoli","SSC Napoli","NAP","169","MINUTE","2","0","0","19.87","KILOMETER","28","KILOMETER_PER_HOUR"
"250024456","50051","32","1992-10-23","77","MORATA","ESP","STRIKER","FORWARD","MALE","189","./image/250024456.jpg","Álvaro Morata","FORWARD","7","MORATA","122","85","Espagne","Attaquant","Álvaro","Morata","Álvaro Morata","Morata","200122","./assoc/200122_ESP.svg","./logo/50051.png","UEFA","ESP","50051","FAME","Real Madrid","","https://img.uefa.com/imgml/TP/teams/logos/70x70/50051.png","https://img.uefa.com/imgml/TP/teams/logos/240x240/50051.png","250051","RMA","DOMESTIC_MEN_TEAM_A","","DOMESTIC","Espagne","Real Madrid","Real Madrid C.F.","RMA","165","MINUTE","9","3","1","22.83","KILOMETER","28.7","KILOMETER_PER_HOUR"
"74692","1652","38","1987-07-16","19","Dembele","BEL","CENTRAL_MIDFIELDER","FORWARD","MALE","185","./image/74692.jpg","Mousa Dembélé","FORWARD","19","Dembele","13","82","Belgique","Attaquant","Mousa","Dembélé","Mousa Dembélé","Dembélé","200039","./assoc/200039_ENG.svg","./logo/1652.png","UEFA","ENG","1652","FAME","Tottenham","","https://img.uefa.com/imgml/TP/teams/logos/70x70/1652.png","https://img.uefa.com/imgml/TP/teams/logos/240x240/1652.png","201652","TOT","DOMESTIC_MEN_TEAM_A","","DOMESTIC","Angleterre","Tottenham","Tottenham Hotspur","TOT","165","MINUTE","4","0","0","20.25","KILOMETER","28.5","KILOMETER_PER_HOUR"
"250062241","50043","30","1995-07-01","23","Bolingoli-Mbombo","BEL","FULL_BACK","DEFENDER","MALE","180","./image/250062241.jpg","Boli Bolingoli","DEFENDER","","Bolingoli Mbombo","","72","Belgique","Défenseur","Boli","Bolingoli","Boli Bolingoli","Bolingoli","200013","./assoc/200013_BEL.svg","./logo/50043.png","UEFA","BEL","50043","FAME","Club Brugge","","https://img.uefa.com/imgml/TP/teams/logos/70x70/50043.png","https://img.uefa.com/imgml/TP/teams/logos/240x240/50043.png","250043","BRU","DOMESTIC_MEN_TEAM_A","","DOMESTIC","Belgique","Club Brugge","Club Brugge KV","BRU","163","MINUTE","3","0","0","19.85","KILOMETER","28.8","KILOMETER_PER_HOUR"
"70094","50164","39","1986-03-31","10","Machado","POR","UNKNOWN","MIDFIELDER","MALE","174","./image/70094.jpg","Paulo Machado","MIDFIELDER","11","Machado","","72","Portugal","Milieu","","Paulo Machado","Paulo Machado","Paulo Machado","256370","./assoc/256370_CRO.svg","./logo/50164.png","UEFA","CRO","50164","FAME","GNK Dinamo","","https://img.uefa.com/imgml/TP/teams/logos/70x70/50164.png","https://img.uefa.com/imgml/TP/teams/logos/240x240/50164.png","250164","DIN","DOMESTIC_MEN_TEAM_A","","DOMESTIC","Croatie","GNK Dinamo","GNK Dinamo","DIN","162","MINUTE","4","0","0","20.76","KILOMETER","25.3","KILOMETER_PER_HOUR"
"250026763","52747","32","1993-09-20","93","DRAXLER","GER","ATTACKING_MIDFIELDER","","MALE","187","./image/250026763.jpg","Julian Draxler","FORWARD","7","Draxler","47","72","Allemagne","","Julian","Draxler","Julian Draxler","Draxler","200043","./assoc/200043_FRA.svg","./logo/52747.png","UEFA","FRA","52747","FAME","Paris","","https://img.uefa.com/imgml/TP/teams/logos/70x70/52747.png","https://img.uefa.com/imgml/TP/teams/logos/240x240/52747.png","252747","PSG","DOMESTIC_MEN_TEAM_A","","DOMESTIC","France","Paris","Paris Saint-Germain","PSG","161","MINUTE","2","1","0","19.88","KILOMETER","27.7","KILOMETER_PER_HOUR"
"97859","52758","37","1988-09-05","8","","GER","CENTRAL_MIDFIELDER","","MALE","180","./image/97859.jpg","Nuri Şahin","MIDFIELDER","20","Nuri Sahin","135","73","Allemagne","","","Nuri Şahin","Nuri Şahin","Nuri Şahin","200047","./assoc/200047_GER.svg","./logo/52758.png","UEFA","GER","52758","FAME","B. Dortmund","","https://img.uefa.com/imgml/TP/teams/logos/70x70/52758.png","https://img.uefa.com/imgml/TP/teams/logos/240x240/52758.png","252758","BVB","DOMESTIC_MEN_TEAM_A","","DOMESTIC","Allemagne","B. Dortmund","Borussia Dortmund","BVB","160","MINUTE","3","1","1","19.85","KILOMETER","25.1","KILOMETER_PER_HOUR"
"250006748","50139","36","1988-12-09","18","Asamoah","GHA","WINGER","MIDFIELDER","MALE","175","./image/250006748.jpg","Kwadwo Asamoah","MIDFIELDER","20","Asamoah","48","76","Ghana","Milieu","Kwadwo","Asamoah","Kwadwo Asamoah","Asamoah","200066","./assoc/200066_ITA.svg","./logo/50139.png","UEFA","ITA","50139","FAME","Juventus","","https://img.uefa.com/imgml/TP/teams/logos/70x70/50139.png","https://img.uefa.com/imgml/TP/teams/logos/240x240/50139.png","250139","JUV","DOMESTIC_MEN_TEAM_A","","DOMESTIC","Italie","Juventus","Juventus","JUV","160","MINUTE","3","0","0","19.19","KILOMETER","30.3","KILOMETER_PER_HOUR"
"250060115","50147","34","1991-05-05","9","Raul","MEX","STRIKER","FORWARD","MALE","190","./image/250060115.jpg","Raúl Jiménez","FORWARD","9","RAÚL JIMÉNEZ","91","76","Mexique","Attaquant","Raúl","Jiménez","Raúl Jiménez","Jiménez","200110","./assoc/200110_POR.svg","./logo/50147.png","UEFA","POR","50147","FAME","Benfica","","https://img.uefa.com/imgml/TP/teams/logos/70x70/50147.png","https://img.uefa.com/imgml/TP/teams/logos/240x240/50147.png","250147","BEN","DOMESTIC_MEN_TEAM_A","","DOMESTIC","Portugal","Benfica","SL Benfica","BEN","156","MINUTE","6","1","0","19.66","KILOMETER","30.8","KILOMETER_PER_HOUR"
"250025456","50109","35","1990-04-08","38","Bellarabi","GER","WINGER","FORWARD","MALE","183","./image/250025456.jpg","Karim Bellarabi","MIDFIELDER","20","Bellarabi","47","80","Allemagne","Attaquant","Karim","Bellarabi","Karim Bellarabi","Bellarabi","200047","./assoc/200047_GER.svg","./logo/50109.png","UEFA","GER","50109","FAME","Leverkusen","","https://img.uefa.com/imgml/TP/teams/logos/70x70/50109.png","https://img.uefa.com/imgml/TP/teams/logos/240x240/50109.png","250109","LEV","DOMESTIC_MEN_TEAM_A","","DOMESTIC","Allemagne","Leverkusen","Bayer 04 Leverkusen","LEV","156","MINUTE","2","1","0","18.61","KILOMETER","30.5","KILOMETER_PER_HOUR"
"250081965","53577","29","1996-06-28","28","Gray","ENG","WINGER","FORWARD","MALE","179","./image/250081965.jpg","Demarai Gray","MIDFIELDER","7","Gray","39","66","Angleterre","Attaquant","Demarai","Gray","Demarai Gray","Gray","200039","./assoc/200039_ENG.svg","./logo/53577.png","UEFA","ENG","53577","FAME","Leicester","","https://img.uefa.com/imgml/TP/teams/logos/70x70/53577.png","https://img.uefa.com/imgml/TP/teams/logos/240x240/53577.png","253577","LEI","DOMESTIC_MEN_TEAM_A","","DOMESTIC","Angleterre","Leicester","Leicester City FC","LEI","155","MINUTE","5","0","0","20.29","KILOMETER","31","KILOMETER_PER_HOUR"
"250066067","50164","28","1997-02-13","14","Gojak","BIH","ATTACKING_MIDFIELDER","FORWARD","MALE","184","./image/250066067.jpg","Amer Gojak","FORWARD","10","Gojak","60094","75","Bosnie-Herzégovine","Attaquant","Amer","Gojak","Amer Gojak","Gojak","256370","./assoc/256370_CRO.svg","./logo/50164.png","UEFA","CRO","50164","FAME","GNK Dinamo","","https://img.uefa.com/imgml/TP/teams/logos/70x70/50164.png","https://img.uefa.com/imgml/TP/teams/logos/240x240/50164.png","250164","DIN","DOMESTIC_MEN_TEAM_A","","DOMESTIC","Croatie","GNK Dinamo","GNK Dinamo","DIN","152","MINUTE","3","0","0","21.18","KILOMETER","28.7","KILOMETER_PER_HOUR"
"250024341","50149","33","1992-01-08","15","P. Oliveira","POR","CENTRE_BACK","DEFENDER","MALE","187","./image/250024341.jpg","Paulo Oliveira","DEFENDER","2","P.Oliveira","110","80","Portugal","Défenseur","Paulo","Oliveira","Paulo Oliveira","Paulo Oliveira","200110","./assoc/200110_POR.svg","./logo/50149.png","UEFA","POR","50149","FAME","Sporting CP","","https://img.uefa.com/imgml/TP/teams/logos/70x70/50149.png","https://img.uefa.com/imgml/TP/teams/logos/240x240/50149.png","250149","SPO","DOMESTIC_MEN_TEAM_A","","DOMESTIC","Portugal","Sporting CP","Sporting Clube de Portugal","SPO","148","MINUTE","2","0","0","16.87","KILOMETER","27.2","KILOMETER_PER_HOUR"
"250080473","50147","28","1996-11-07","21","Andre Horta","POR","ATTACKING_MIDFIELDER","MIDFIELDER","MALE","167","./image/250080473.jpg","André Horta","MIDFIELDER","7","André Horta","200110","55","Portugal","Milieu","André","Horta","André Horta","André Horta","200110","./assoc/200110_POR.svg","./logo/50147.png","UEFA","POR","50147","FAME","Benfica","","https://img.uefa.com/imgml/TP/teams/logos/70x70/50147.png","https://img.uefa.com/imgml/TP/teams/logos/240x240/50147.png","250147","BEN","DOMESTIC_MEN_TEAM_A","","DOMESTIC","Portugal","Benfica","SL Benfica","BEN","146","MINUTE","2","0","0","19.57","KILOMETER","31.6","KILOMETER_PER_HOUR"
"250008351","52758","35","1990-10-11","17","Rode","GER","DEFENSIVE_MIDFIELDER","MIDFIELDER","MALE","179","./image/250008351.jpg","Sebastian Rode","MIDFIELDER","8","Rode","300047","73","Allemagne","Milieu","Sebastian","Rode","Sebastian Rode","Rode","200047","./assoc/200047_GER.svg","./logo/52758.png","UEFA","GER","52758","FAME","B. Dortmund","","https://img.uefa.com/imgml/TP/teams/logos/70x70/52758.png","https://img.uefa.com/imgml/TP/teams/logos/240x240/52758.png","252758","BVB","DOMESTIC_MEN_TEAM_A","","DOMESTIC","Allemagne","B. Dortmund","Borussia Dortmund","BVB","140","MINUTE","4","0","0","19.45","KILOMETER","29.2","KILOMETER_PER_HOUR"
"1907791","50147","36","1989-06-13","22","SAMARIS","GRE","DEFENSIVE_MIDFIELDER","MIDFIELDER","MALE","189","./image/1907791.jpg","Andreas Samaris","MIDFIELDER","22","Samaris","49","80","Grèce","Milieu","Andreas","Samaris","Andreas Samaris","Samaris","200110","./assoc/200110_POR.svg","./logo/50147.png","UEFA","POR","50147","FAME","Benfica","","https://img.uefa.com/imgml/TP/teams/logos/70x70/50147.png","https://img.uefa.com/imgml/TP/teams/logos/240x240/50147.png","250147","BEN","DOMESTIC_MEN_TEAM_A","","DOMESTIC","Portugal","Benfica","SL Benfica","BEN","140","MINUTE","4","0","0","17.79","KILOMETER","26.7","KILOMETER_PER_HOUR"
"250014297","50139","32","1993-03-09","27","Sturaro S.","ITA","CENTRAL_MIDFIELDER","MIDFIELDER","MALE","178","./image/250014297.jpg","Stefano Sturaro","MIDFIELDER","14","Sturaro","66","78","Italie","Milieu","Stefano","Sturaro","Stefano Sturaro","Sturaro","200066","./assoc/200066_ITA.svg","./logo/50139.png","UEFA","ITA","50139","FAME","Juventus","","https://img.uefa.com/imgml/TP/teams/logos/70x70/50139.png","https://img.uefa.com/imgml/TP/teams/logos/240x240/50139.png","250139","JUV","DOMESTIC_MEN_TEAM_A","","DOMESTIC","Italie","Juventus","Juventus","JUV","139","MINUTE","4","0","0","19.9","KILOMETER","31.2","KILOMETER_PER_HOUR"
"250057117","52757","33","1992-07-14","7","Hofmann","GER","WINGER","MIDFIELDER","MALE","176","./image/250057117.jpg","Jonas Hofmann","MIDFIELDER","18","Hofmann","47","70","Allemagne","Milieu","Jonas","Hofmann","Jonas Hofmann","Hofmann","200047","./assoc/200047_GER.svg","./logo/52757.png","UEFA","GER","52757","FAME","Mönchengladbach","","https://img.uefa.com/imgml/TP/teams/logos/70x70/52757.png","https://img.uefa.com/imgml/TP/teams/logos/240x240/52757.png","252757","MON","DOMESTIC_MEN_TEAM_A","","DOMESTIC","Allemagne","Mönchengladbach","Borussia Mönchengladbach","MON","139","MINUTE","2","0","0","19.38","KILOMETER","27.8","KILOMETER_PER_HOUR"
"250070692","53577","32","1992-12-23","15","Schlupp","GER","WINGER","MIDFIELDER","MALE","178","./image/250070692.jpg","Jeffrey Schlupp","MIDFIELDER","","Schlupp","","72","Allemagne","Milieu","Jeffrey","Schlupp","Jeffrey Schlupp","Schlupp","200039","./assoc/200039_ENG.svg","./logo/53577.png","UEFA","ENG","53577","FAME","Leicester","","https://img.uefa.com/imgml/TP/teams/logos/70x70/53577.png","https://img.uefa.com/imgml/TP/teams/logos/240x240/53577.png","253577","LEI","DOMESTIC_MEN_TEAM_A","","DOMESTIC","Angleterre","Leicester","Leicester City FC","LEI","138","MINUTE","3","0","0","15.78","KILOMETER","27.6","KILOMETER_PER_HOUR"
"250003327","52919","38","1987-07-25","20","Fernando","BRA","DEFENSIVE_MIDFIELDER","MIDFIELDER","MALE","185","./image/250003327.jpg","Fernando","MIDFIELDER","","Fernando","","76","Brésil","Milieu","","Fernando","Fernando","Fernando","200039","./assoc/200039_ENG.svg","./logo/52919.png","UEFA","ENG","52919","FAME","Man City","","https://img.uefa.com/imgml/TP/teams/logos/70x70/52919.png","https://img.uefa.com/imgml/TP/teams/logos/240x240/52919.png","252919","MCI","DOMESTIC_MEN_TEAM_A","","DOMESTIC","Angleterre","Man City","Manchester City","MCI","137","MINUTE","4","0","0","17.21","KILOMETER","26.4","KILOMETER_PER_HOUR"
"250029815","52280","37","1988-09-10","9","Lucas","ESP","UNKNOWN","FORWARD","MALE","181","./image/250029815.jpg","Lucas Pérez","FORWARD","","Pérez Martínez","","73","Espagne","Attaquant","","Lucas Pérez","Lucas Pérez","Lucas Pérez","200039","./assoc/200039_ENG.svg","./logo/52280.png","UEFA","ENG","52280","FAME","Arsenal","","https://img.uefa.com/imgml/TP/teams/logos/70x70/52280.png","https://img.uefa.com/imgml/TP/teams/logos/240x240/52280.png","252280","ARS","DOMESTIC_MEN_TEAM_A","","DOMESTIC","Angleterre","Arsenal","Arsenal FC","ARS","136","MINUTE","3","3","2","18.32","KILOMETER","31","KILOMETER_PER_HOUR"
"250075767","50157","31","1994-02-01","94","TALISCA","BRA","ATTACKING_MIDFIELDER","MIDFIELDER","MALE","188","./image/250075767.jpg","Talisca","FORWARD","","A. Talisca","18","72","Brésil","Milieu","","Talisca","Talisca","Talisca","200135","./assoc/200135_TUR.svg","./logo/50157.png","UEFA","TUR","50157","FAME","Beşiktaş","","https://img.uefa.com/imgml/TP/teams/logos/70x70/50157.png","https://img.uefa.com/imgml/TP/teams/logos/240x240/50157.png","250157","BES","DOMESTIC_MEN_TEAM_A","","DOMESTIC","Turquie","Beşiktaş","Beşiktaş JK","BES","136","MINUTE","3","1","0","15.79","KILOMETER","28.4","KILOMETER_PER_HOUR"
"1902446","50062","36","1989-01-28","15","De Jong","NED","STRIKER","FORWARD","MALE","185","./image/1902446.jpg","Siem de Jong","FORWARD","","De Jong","95","76","Pays-Bas","Attaquant","Siem","de Jong","Siem de Jong","S. De Jong","200095","./assoc/200095_NED.svg","./logo/50062.png","UEFA","NED","50062","FAME","PSV","","https://img.uefa.com/imgml/TP/teams/logos/70x70/50062.png","https://img.uefa.com/imgml/TP/teams/logos/240x240/50062.png","250062","PSV","DOMESTIC_MEN_TEAM_A","","DOMESTIC","Pays-Bas","PSV","PSV Eindhoven","PSV","135","MINUTE","3","0","0","17.77","KILOMETER","25.7","KILOMETER_PER_HOUR"
"102514","52714","35","1989-11-02","8","Jovetić","MNE","UNKNOWN","FORWARD","MALE","183","./image/102514.jpg","Stevan Jovetić","FORWARD","10","Jovetić","92853","79","Monténégro","Attaquant","Stevan","Jovetić","Stevan Jovetić","S. Jovetić","200122","./assoc/200122_ESP.svg","./logo/52714.png","UEFA","ESP","52714","FAME","Sevilla","","https://img.uefa.com/imgml/TP/teams/logos/70x70/52714.png","https://img.uefa.com/imgml/TP/teams/logos/240x240/52714.png","252714","SEV","DOMESTIC_MEN_TEAM_A","","DOMESTIC","Espagne","Sevilla","Sevilla FC","SEV","135","MINUTE","2","0","1","16.45","KILOMETER","29.1","KILOMETER_PER_HOUR"
"250078763","53577","28","1996-12-21","3","CHILWELL","ENG","UNKNOWN","DEFENDER","MALE","178","./image/250078763.jpg","Ben Chilwell","DEFENDER","21","Chilwell","39","71","Angleterre","Défenseur","Ben","Chilwell","Ben Chilwell","Chilwell","200039","./assoc/200039_ENG.svg","./logo/53577.png","UEFA","ENG","53577","FAME","Leicester","","https://img.uefa.com/imgml/TP/teams/logos/70x70/53577.png","https://img.uefa.com/imgml/TP/teams/logos/240x240/53577.png","253577","LEI","DOMESTIC_MEN_TEAM_A","","DOMESTIC","Angleterre","Leicester","Leicester City FC","LEI","135","MINUTE","2","0","0","16.9","KILOMETER","31.5","KILOMETER_PER_HOUR"
"250087654","54266","27","1998-04-10","9","Chalov","RUS","STRIKER","FORWARD","MALE","180","./image/250087654.jpg","Fedor Chalov","FORWARD","9","Chalov","57451","77","Russie","Attaquant","Fedor","Chalov","Fedor Chalov","Chalov","257451","./assoc/257451_RUS.svg","./logo/54266.png","UEFA","RUS","54266","FAME","CSKA Moskva","","https://img.uefa.com/imgml/TP/teams/logos/70x70/54266.png","https://img.uefa.com/imgml/TP/teams/logos/240x240/54266.png","254266","CSM","DOMESTIC_MEN_TEAM_A","","DOMESTIC","Russie","CSKA Moskva","PFC CSKA Moskva","CSM","135","MINUTE","2","0","0","16.14","KILOMETER","27.8","KILOMETER_PER_HOUR"
"250014729","50146","37","1988-03-04","7","Langil","FRA","WINGER","MIDFIELDER","MALE","179","./image/250014729.jpg","Steeven Langil","MIDFIELDER","","Langil","200043","69","France","Milieu","Steeven","Langil","Steeven Langil","Langil","200109","./assoc/200109_POL.svg","./logo/50146.png","UEFA","POL","50146","FAME","Legia Warszawa","","https://img.uefa.com/imgml/TP/teams/logos/70x70/50146.png","https://img.uefa.com/imgml/TP/teams/logos/240x240/50146.png","250146","LEG","DOMESTIC_MEN_TEAM_A","","DOMESTIC","Pologne","Legia Warszawa","Legia Warszawa","LEG","135","MINUTE","2","0","0","14.94","KILOMETER","31.6","KILOMETER_PER_HOUR"
"250003709","53577","38","1987-03-28","29","BENALOUANE","TUN","UNKNOWN","DEFENDER","MALE","","./image/250003709.jpg","Yohan Benalouane","","13","Benalouane","134","","Tunisie","Défenseur","Yohan","Benalouane","Yohan Benalouane","Benalouane","200039","./assoc/200039_ENG.svg","./logo/53577.png","UEFA","ENG","53577","FAME","Leicester","","https://img.uefa.com/imgml/TP/teams/logos/70x70/53577.png","https://img.uefa.com/imgml/TP/teams/logos/240x240/53577.png","253577","LEI","DOMESTIC_MEN_TEAM_A","","DOMESTIC","Angleterre","Leicester","Leicester City FC","LEI","135","MINUTE","2","0","0","12.51","KILOMETER","28.6","KILOMETER_PER_HOUR"
"250014042","50050","32","1993-06-14","42","McGregor","SCO","WINGER","MIDFIELDER","MALE","180","./image/250014042.jpg","Callum McGregor","MIDFIELDER","8","McGregor","117","73","Écosse","Milieu","Callum","McGregor","Callum McGregor","McGregor","200117","./assoc/200117_SCO.svg","./logo/50050.png","UEFA","SCO","50050","FAME","Celtic","","https://img.uefa.com/imgml/TP/teams/logos/70x70/50050.png","https://img.uefa.com/imgml/TP/teams/logos/240x240/50050.png","250050","CEL","DOMESTIC_MEN_TEAM_A","","DOMESTIC","Écosse","Celtic","Celtic FC","CEL","134","MINUTE","4","0","0","18.3","KILOMETER","26","KILOMETER_PER_HOUR"
"103722","1652","36","1989-08-16","17","Sissoko","FRA","CENTRAL_MIDFIELDER","MIDFIELDER","MALE","187","./image/103722.jpg","Moussa Sissoko","MIDFIELDER","17","Sissoko","43","83","France","Milieu","Moussa","Sissoko","Moussa Sissoko","Sissoko","200039","./assoc/200039_ENG.svg","./logo/1652.png","UEFA","ENG","1652","FAME","Tottenham","","https://img.uefa.com/imgml/TP/teams/logos/70x70/1652.png","https://img.uefa.com/imgml/TP/teams/logos/240x240/1652.png","201652","TOT","DOMESTIC_MEN_TEAM_A","","DOMESTIC","Angleterre","Tottenham","Tottenham Hotspur","TOT","134","MINUTE","4","0","0","17.43","KILOMETER","30.9","KILOMETER_PER_HOUR"
"250039788","50147","34","1991-06-14","15","CARRILLO D.","PER","UNKNOWN","FORWARD","MALE","181","./image/250039788.jpg","André Carrillo","MIDFIELDER","18","Diaz","107","69","Pérou","Attaquant","André","Carrillo","André Carrillo","Carrillo","200110","./assoc/200110_POR.svg","./logo/50147.png","UEFA","POR","50147","FAME","Benfica","","https://img.uefa.com/imgml/TP/teams/logos/70x70/50147.png","https://img.uefa.com/imgml/TP/teams/logos/240x240/50147.png","250147","BEN","DOMESTIC_MEN_TEAM_A","","DOMESTIC","Portugal","Benfica","SL Benfica","BEN","134","MINUTE","3","0","0","15.86","KILOMETER","28.7","KILOMETER_PER_HOUR"
"250074556","52280","34","1990-11-26","3","G.Paulista","BRA","CENTRE_BACK","DEFENDER","MALE","185","./image/250074556.jpg","Gabriel Paulista","DEFENDER","","Gabriel","","72","Brésil","Défenseur","Gabriel","Paulista","Gabriel Paulista","Paulista","200039","./assoc/200039_ENG.svg","./logo/52280.png","UEFA","ENG","52280","FAME","Arsenal","","https://img.uefa.com/imgml/TP/teams/logos/70x70/52280.png","https://img.uefa.com/imgml/TP/teams/logos/240x240/52280.png","252280","ARS","DOMESTIC_MEN_TEAM_A","","DOMESTIC","Angleterre","Arsenal","Arsenal FC","ARS","131","MINUTE","2","0","0","14.46","KILOMETER","30.7","KILOMETER_PER_HOUR"
"250042712","50062","30","1995-02-06","6","Hendrix","NED","DEFENSIVE_MIDFIELDER","MIDFIELDER","MALE","182","./image/250042712.jpg","Jorrit Hendrix","MIDFIELDER","4","Hendrix","95","70","Pays-Bas","Milieu","Jorrit","Hendrix","Jorrit Hendrix","Hendrix","200095","./assoc/200095_NED.svg","./logo/50062.png","UEFA","NED","50062","FAME","PSV","","https://img.uefa.com/imgml/TP/teams/logos/70x70/50062.png","https://img.uefa.com/imgml/TP/teams/logos/240x240/50062.png","250062","PSV","DOMESTIC_MEN_TEAM_A","","DOMESTIC","Pays-Bas","PSV","PSV Eindhoven","PSV","130","MINUTE","2","0","0","15.35","KILOMETER","26.5","KILOMETER_PER_HOUR"
"250075902","50043","32","1993-07-12","19","F. Gedoz","BRA","UNKNOWN","MIDFIELDER","MALE","177","./image/250075902.jpg","Felipe Gedoz","MIDFIELDER","","F. Gedoz","","78","Brésil","Milieu","","Felipe Gedoz","Felipe Gedoz","Felipe Gedoz","200013","./assoc/200013_BEL.svg","./logo/50043.png","UEFA","BEL","50043","FAME","Club Brugge","","https://img.uefa.com/imgml/TP/teams/logos/70x70/50043.png","https://img.uefa.com/imgml/TP/teams/logos/240x240/50043.png","250043","BRU","DOMESTIC_MEN_TEAM_A","","DOMESTIC","Belgique","Club Brugge","Club Brugge KV","BRU","126","MINUTE","4","0","0","15.44","KILOMETER","26.6","KILOMETER_PER_HOUR"
"250063447","50147","32","1993-05-17","27","Rafa","POR","STRIKER","MIDFIELDER","MALE","170","./image/250063447.jpg","Rafa Silva","FORWARD","15","Rafa","110","63","Portugal","Milieu","","Rafa Silva","Rafa Silva","Rafa Silva","200110","./assoc/200110_POR.svg","./logo/50147.png","UEFA","POR","50147","FAME","Benfica","","https://img.uefa.com/imgml/TP/teams/logos/70x70/50147.png","https://img.uefa.com/imgml/TP/teams/logos/240x240/50147.png","250147","BEN","DOMESTIC_MEN_TEAM_A","","DOMESTIC","Portugal","Benfica","SL Benfica","BEN","126","MINUTE","3","0","0","16.55","KILOMETER","30.1","KILOMETER_PER_HOUR"
"93320","52747","38","1987-03-07","11","BEN ARFA","FRA","WINGER","MIDFIELDER","MALE","178","./image/93320.jpg","Hatem Ben Arfa","MIDFIELDER","20","Ben Arfa","43","65","France","Milieu","Hatem","Ben Arfa","Hatem Ben Arfa","Ben Arfa","200043","./assoc/200043_FRA.svg","./logo/52747.png","UEFA","FRA","52747","FAME","Paris","","https://img.uefa.com/imgml/TP/teams/logos/70x70/52747.png","https://img.uefa.com/imgml/TP/teams/logos/240x240/52747.png","252747","PSG","DOMESTIC_MEN_TEAM_A","","DOMESTIC","France","Paris","Paris Saint-Germain","PSG","122","MINUTE","3","0","0","14.71","KILOMETER","27","KILOMETER_PER_HOUR"
"250020415","53577","39","1986-07-27","23","Leonardo Ulloa","ARG","UNKNOWN","FORWARD","MALE","185","./image/250020415.jpg","Leonardo Ulloa","FORWARD","","Leonardo Ulloa","","75","Argentine","Attaquant","Leonardo","Ulloa","Leonardo Ulloa","Ulloa","200039","./assoc/200039_ENG.svg","./logo/53577.png","UEFA","ENG","53577","FAME","Leicester","","https://img.uefa.com/imgml/TP/teams/logos/70x70/53577.png","https://img.uefa.com/imgml/TP/teams/logos/240x240/53577.png","253577","LEI","DOMESTIC_MEN_TEAM_A","","DOMESTIC","Angleterre","Leicester","Leicester City FC","LEI","120","MINUTE","4","0","0","15.79","KILOMETER","27.4","KILOMETER_PER_HOUR"
"1906308","52709","34","1991-01-29","16","Gregus","SVK","CENTRAL_MIDFIELDER","MIDFIELDER","MALE","189","./image/1906308.jpg","Ján Greguš","MIDFIELDER","6","Gregus","58836","70","Slovaquie","Milieu","Ján","Greguš","Ján Greguš","Greguš","200035","./assoc/200035_DEN.svg","./logo/52709.png","UEFA","DEN","52709","FAME","Copenhagen","","https://img.uefa.com/imgml/TP/teams/logos/70x70/52709.png","https://img.uefa.com/imgml/TP/teams/logos/240x240/52709.png","252709","CPH","DOMESTIC_MEN_TEAM_A","","DOMESTIC","Danemark","Copenhagen","F.C. Copenhagen","CPH","116","MINUTE","4","0","0","16.43","KILOMETER","26.4","KILOMETER_PER_HOUR"
"250085466","52714","31","1994-08-13","20","Correa","ARG","WINGER","FORWARD","MALE","188","./image/250085466.jpg","Joaquín Correa","MIDFIELDER","","J. Correa","6","81","Argentine","Attaquant","Joaquín","Correa","Joaquín Correa","Correa","200122","./assoc/200122_ESP.svg","./logo/52714.png","UEFA","ESP","52714","FAME","Sevilla","","https://img.uefa.com/imgml/TP/teams/logos/70x70/52714.png","https://img.uefa.com/imgml/TP/teams/logos/240x240/52714.png","252714","SEV","DOMESTIC_MEN_TEAM_A","","DOMESTIC","Espagne","Sevilla","Sevilla FC","SEV","111","MINUTE","3","1","0","13.54","KILOMETER","30.3","KILOMETER_PER_HOUR"
"250055908","59856","31","1994-04-02","7","Fransson","SWE","UNKNOWN","MIDFIELDER","MALE","180","./image/250055908.jpg","Alexander Fransson","MIDFIELDER","6","Fransson","127","74","Suède","Milieu","Alexander","Fransson","Alexander Fransson","Fransson","200128","./assoc/200128_SUI.svg","./logo/59856.png","UEFA","SUI","59856","FAME","Basel","","https://img.uefa.com/imgml/TP/teams/logos/70x70/59856.png","https://img.uefa.com/imgml/TP/teams/logos/240x240/59856.png","259856","BSL","DOMESTIC_MEN_TEAM_A","","DOMESTIC","Suisse","Basel","FC Basel 1893","BSL","110","MINUTE","2","0","0","14.27","KILOMETER","28.7","KILOMETER_PER_HOUR"
"250025945","50043","34","1991-05-21","92","DIABY","MLI","STRIKER","FORWARD","MALE","173","./image/250025945.jpg","Abdoulay Diaby","FORWARD","","Diaby","","70","Mali","Attaquant","Abdoulay","Diaby","Abdoulay Diaby","Diaby","200013","./assoc/200013_BEL.svg","./logo/50043.png","UEFA","BEL","50043","FAME","Club Brugge","","https://img.uefa.com/imgml/TP/teams/logos/70x70/50043.png","https://img.uefa.com/imgml/TP/teams/logos/240x240/50043.png","250043","BRU","DOMESTIC_MEN_TEAM_A","","DOMESTIC","Belgique","Club Brugge","Club Brugge KV","BRU","107","MINUTE","2","0","0","12.91","KILOMETER","28.4","KILOMETER_PER_HOUR"
"52694","50124","44","1981-05-02","5","Tiago","POR","CENTRAL_MIDFIELDER","MIDFIELDER","MALE","183","./image/52694.jpg","Tiago","","19","","110","71","Portugal","Milieu","","Tiago","Tiago","Tiago","200122","./assoc/200122_ESP.svg","./logo/50124.png","UEFA","ESP","50124","FAME","Atleti","","https://img.uefa.com/imgml/TP/teams/logos/70x70/50124.png","https://img.uefa.com/imgml/TP/teams/logos/240x240/50124.png","250124","ATM","DOMESTIC_MEN_TEAM_A","","DOMESTIC","Espagne","Atleti","Atlético de Madrid","ATM","106","MINUTE","3","0","1","13.95","KILOMETER","23.6","KILOMETER_PER_HOUR"
"250081385","52919","29","1996-10-03","17","Iheanacho","NGA","STRIKER","FORWARD","MALE","177","./image/250081385.jpg","Kelechi Iheanacho","FORWARD","","Iheanacho","100","77","Nigeria","Attaquant","Kelechi","Iheanacho","Kelechi Iheanacho","Iheanacho","200039","./assoc/200039_ENG.svg","./logo/52919.png","UEFA","ENG","52919","FAME","Man City","","https://img.uefa.com/imgml/TP/teams/logos/70x70/52919.png","https://img.uefa.com/imgml/TP/teams/logos/240x240/52919.png","252919","MCI","DOMESTIC_MEN_TEAM_A","","DOMESTIC","Angleterre","Man City","Manchester City","MCI","103","MINUTE","3","2","0","12.6","KILOMETER","30.9","KILOMETER_PER_HOUR"
"250055271","50064","28","1997-03-13","8","Neves","POR","CENTRAL_MIDFIELDER","MIDFIELDER","MALE","180","./image/250055271.jpg","Rúben Neves","MIDFIELDER","21","R. NEVES","110","72","Portugal","Milieu","","Rúben Neves","Rúben Neves","Rúben Neves","200110","./assoc/200110_POR.svg","./logo/50064.png","UEFA","POR","50064","FAME","Porto","","https://img.uefa.com/imgml/TP/teams/logos/70x70/50064.png","https://img.uefa.com/imgml/TP/teams/logos/240x240/50064.png","250064","POR","DOMESTIC_MEN_TEAM_A","","DOMESTIC","Portugal","Porto","FC Porto","POR","103","MINUTE","3","0","0","14.71","KILOMETER","27.9","KILOMETER_PER_HOUR"
"250061413","54266","29","1996-04-14","10","Strandberg","SWE","STRIKER","FORWARD","MALE","187","./image/250061413.jpg","Carlos Strandberg","FORWARD","10","Strandberg","127","90","Suède","Attaquant","Carlos","Strandberg","Carlos Strandberg","Strandberg","257451","./assoc/257451_RUS.svg","./logo/54266.png","UEFA","RUS","54266","FAME","CSKA Moskva","","https://img.uefa.com/imgml/TP/teams/logos/70x70/54266.png","https://img.uefa.com/imgml/TP/teams/logos/240x240/54266.png","254266","CSM","DOMESTIC_MEN_TEAM_A","","DOMESTIC","Russie","CSKA Moskva","PFC CSKA Moskva","CSM","98","MINUTE","5","0","0","13.61","KILOMETER","27.8","KILOMETER_PER_HOUR"
"250027756","2603104","35","1990-08-20","32","Plastun","UKR","CENTRE_BACK","DEFENDER","MALE","193","./image/250027756.jpg","Igor Plastun","DEFENDER","3","Plastun","57166","80","Ukraine","Défenseur","Igor","Plastun","Igor Plastun","Plastun","200020","./assoc/200020_BUL.svg","./logo/2603104.png","UEFA","BUL","2603104","FAME","Ludogorets","","https://img.uefa.com/imgml/TP/teams/logos/70x70/2603104.png","https://img.uefa.com/imgml/TP/teams/logos/240x240/2603104.png","250002030","LUD","DOMESTIC_MEN_TEAM_A","","DOMESTIC","Bulgarie","Ludogorets","PFC Ludogorets 1945","LUD","96","MINUTE","3","0","0","10.57","KILOMETER","23.9","KILOMETER_PER_HOUR"
"107951","50051","37","1988-03-11","5","F. Coentrão","POR","FULL_BACK","DEFENDER","MALE","179","./image/107951.jpg","Fábio Coentrão","DEFENDER","5","F.Coentrão","110","72","Portugal","Défenseur","Fábio","Coentrão","Fábio Coentrão","Fábio Coentrão","200122","./assoc/200122_ESP.svg","./logo/50051.png","UEFA","ESP","50051","FAME","Real Madrid","","https://img.uefa.com/imgml/TP/teams/logos/70x70/50051.png","https://img.uefa.com/imgml/TP/teams/logos/240x240/50051.png","250051","RMA","DOMESTIC_MEN_TEAM_A","","DOMESTIC","Espagne","Real Madrid","Real Madrid C.F.","RMA","96","MINUTE","2","0","0","11.54","KILOMETER","25.5","KILOMETER_PER_HOUR"
"250024953","50139","40","1985-05-29","11","A.Hernanes","BRA","UNKNOWN","MIDFIELDER","MALE","180","./image/250024953.jpg","Hernanes","MIDFIELDER","18","Hernanes","","77","Brésil","Milieu","","Hernanes","Hernanes","Hernanes","200066","./assoc/200066_ITA.svg","./logo/50139.png","UEFA","ITA","50139","FAME","Juventus","","https://img.uefa.com/imgml/TP/teams/logos/70x70/50139.png","https://img.uefa.com/imgml/TP/teams/logos/240x240/50139.png","250139","JUV","DOMESTIC_MEN_TEAM_A","","DOMESTIC","Italie","Juventus","Juventus","JUV","95","MINUTE","2","0","0","11.42","KILOMETER","23.8","KILOMETER_PER_HOUR"
"250042632","50139","30","1995-05-06","20","Pjaca","CRO","WINGER","FORWARD","MALE","186","./image/250042632.jpg","Marko Pjaca","FORWARD","20","Pjaca","56370","81","Croatie","Attaquant","Marko","Pjaca","Marko Pjaca","Pjaca","200066","./assoc/200066_ITA.svg","./logo/50139.png","UEFA","ITA","50139","FAME","Juventus","","https://img.uefa.com/imgml/TP/teams/logos/70x70/50139.png","https://img.uefa.com/imgml/TP/teams/logos/240x240/50139.png","250139","JUV","DOMESTIC_MEN_TEAM_A","","DOMESTIC","Italie","Juventus","Juventus","JUV","94","MINUTE","4","1","0","11.79","KILOMETER","27.6","KILOMETER_PER_HOUR"
"250050391","59856","31","1994-02-27","99","Šporar","SVN","STRIKER","FORWARD","MALE","180","./image/250050391.jpg","Andraž Šporar","FORWARD","9","Šporar","57163","74","Slovénie","Attaquant","Andraž","Šporar","Andraž Šporar","Šporar","200128","./assoc/200128_SUI.svg","./logo/59856.png","UEFA","SUI","59856","FAME","Basel","","https://img.uefa.com/imgml/TP/teams/logos/70x70/59856.png","https://img.uefa.com/imgml/TP/teams/logos/240x240/59856.png","259856","BSL","DOMESTIC_MEN_TEAM_A","","DOMESTIC","Suisse","Basel","FC Basel 1893","BSL","93","MINUTE","4","0","0","12.65","KILOMETER","27.4","KILOMETER_PER_HOUR"
"250074349","64500","31","1994-08-15","10","Doumbia","MLI","WINGER","MIDFIELDER","MALE","173","./image/250074349.jpg","Moussa Doumbia","MIDFIELDER","","Doumbia","","68","Mali","Milieu","Moussa","Doumbia","Moussa Doumbia","Doumbia","257451","./assoc/257451_RUS.svg","./logo/64500.png","UEFA","RUS","64500","FAME","Rostov","","https://img.uefa.com/imgml/TP/teams/logos/70x70/64500.png","https://img.uefa.com/imgml/TP/teams/logos/240x240/64500.png","264500","ROS","DOMESTIC_MEN_TEAM_A","","DOMESTIC","Russie","Rostov","FC Rostov","ROS","91","MINUTE","4","0","0","12.75","KILOMETER","28","KILOMETER_PER_HOUR"
"69615","54266","39","1986-09-08","14","Nababkin","RUS","FULL_BACK","DEFENDER","MALE","176","./image/69615.jpg","Kirill Nababkin","DEFENDER","3","Nababkin","57451","72","Russie","Défenseur","Kirill","Nababkin","Kirill Nababkin","Nababkin","257451","./assoc/257451_RUS.svg","./logo/54266.png","UEFA","RUS","54266","FAME","CSKA Moskva","","https://img.uefa.com/imgml/TP/teams/logos/70x70/54266.png","https://img.uefa.com/imgml/TP/teams/logos/240x240/54266.png","254266","CSM","DOMESTIC_MEN_TEAM_A","","DOMESTIC","Russie","CSKA Moskva","PFC CSKA Moskva","CSM","91","MINUTE","2","0","0","10.2","KILOMETER","28","KILOMETER_PER_HOUR"
"250098625","50146","38","1987-04-20","5","Dąbrowski","POL","CENTRE_BACK","DEFENDER","MALE","139","./image/250098625.jpg","Maciej Dąbrowski","DEFENDER","","Dąbrowski","109","88","Pologne","Défenseur","Maciej","Dąbrowski","Maciej Dąbrowski","Dąbrowski","200109","./assoc/200109_POL.svg","./logo/50146.png","UEFA","POL","50146","FAME","Legia Warszawa","","https://img.uefa.com/imgml/TP/teams/logos/70x70/50146.png","https://img.uefa.com/imgml/TP/teams/logos/240x240/50146.png","250146","LEG","DOMESTIC_MEN_TEAM_A","","DOMESTIC","Pologne","Legia Warszawa","Legia Warszawa","LEG","91","MINUTE","2","0","0","8.8","KILOMETER","27.6","KILOMETER_PER_HOUR"
"1905190","50157","40","1985-01-04","77","GÖKHAN","TUR","FULL_BACK","DEFENDER","MALE","174","./image/1905190.jpg","Gökhan Gönül","","7","","135","73","Turquie","Défenseur","","Gökhan Gönül","Gökhan Gönül","Gökhan Gönül","200135","./assoc/200135_TUR.svg","./logo/50157.png","UEFA","TUR","50157","FAME","Beşiktaş","","https://img.uefa.com/imgml/TP/teams/logos/70x70/50157.png","https://img.uefa.com/imgml/TP/teams/logos/240x240/50157.png","250157","BES","DOMESTIC_MEN_TEAM_A","","DOMESTIC","Turquie","Beşiktaş","Beşiktaş JK","BES","90","MINUTE","2","0","0","9.61","KILOMETER","28","KILOMETER_PER_HOUR"
"250012020","52758","39","1986-01-22","20","Ramos Vasquez","COL","UNKNOWN","FORWARD","MALE","185","./image/250012020.jpg","Adrián Ramos","FORWARD","19","Ramos","29","74","Colombie","Attaquant","Adrián","Ramos","Adrián Ramos","Ramos","200047","./assoc/200047_GER.svg","./logo/52758.png","UEFA","GER","52758","FAME","B. Dortmund","","https://img.uefa.com/imgml/TP/teams/logos/70x70/52758.png","https://img.uefa.com/imgml/TP/teams/logos/240x240/52758.png","252758","BVB","DOMESTIC_MEN_TEAM_A","","DOMESTIC","Allemagne","B. Dortmund","Borussia Dortmund","BVB","90","MINUTE","1","1","0","9.56","KILOMETER","27.9","KILOMETER_PER_HOUR"
"250024391","50080","31","1994-01-06","22","Denis Suárez","ESP","UNKNOWN","MIDFIELDER","MALE","176","./image/250024391.jpg","Denis Suárez","MIDFIELDER","10","DENIS SUAREZ","122","72","Espagne","Milieu","","Denis Suárez","Denis Suárez","Denis Suárez","200122","./assoc/200122_ESP.svg","./logo/50080.png","UEFA","ESP","50080","FAME","Barcelona","","https://img.uefa.com/imgml/TP/teams/logos/70x70/50080.png","https://img.uefa.com/imgml/TP/teams/logos/240x240/50080.png","250080","BAR","DOMESTIC_MEN_TEAM_A","","DOMESTIC","Espagne","Barcelona","FC Barcelona","BAR","90","MINUTE","1","0","1","11.69","KILOMETER","26.4","KILOMETER_PER_HOUR"
"95082","52919","42","1983-05-13","42","Toure Yaya","CIV","CENTRAL_MIDFIELDER","MIDFIELDER","MALE","191","./image/95082.jpg","Yaya Touré","MIDFIELDER","19","Yaya Touré","67","90","Côte d'Ivoire","Milieu","Yaya","Touré","Yaya Touré","Touré","200039","./assoc/200039_ENG.svg","./logo/52919.png","UEFA","ENG","52919","FAME","Man City","","https://img.uefa.com/imgml/TP/teams/logos/70x70/52919.png","https://img.uefa.com/imgml/TP/teams/logos/240x240/52919.png","252919","MCI","DOMESTIC_MEN_TEAM_A","","DOMESTIC","Angleterre","Man City","Manchester City","MCI","90","MINUTE","1","0","1","10.6","KILOMETER","26.4","KILOMETER_PER_HOUR"
"250073985","50080","36","1989-08-21","17","Aleix V.C","ESP","FULL_BACK","DEFENDER","MALE","178","./image/250073985.jpg","Aleix Vidal","DEFENDER","17","Aleix Vidal","","69","Espagne","Défenseur","","Aleix Vidal","Aleix Vidal","Aleix Vidal","200122","./assoc/200122_ESP.svg","./logo/50080.png","UEFA","ESP","50080","FAME","Barcelona","","https://img.uefa.com/imgml/TP/teams/logos/70x70/50080.png","https://img.uefa.com/imgml/TP/teams/logos/240x240/50080.png","250080","BAR","DOMESTIC_MEN_TEAM_A","","DOMESTIC","Espagne","Barcelona","FC Barcelona","BAR","90","MINUTE","1","0","1","10.59","KILOMETER","31","KILOMETER_PER_HOUR"
"250004957","64500","33","1992-02-17","8","Kireev","RUS","WINGER","MIDFIELDER","MALE","178","./image/250004957.jpg","Igor Kireev","MIDFIELDER","7","Kireev","257451","71","Russie","Milieu","Igor","Kireev","Igor Kireev","Kireev","257451","./assoc/257451_RUS.svg","./logo/64500.png","UEFA","RUS","64500","FAME","Rostov","","https://img.uefa.com/imgml/TP/teams/logos/70x70/64500.png","https://img.uefa.com/imgml/TP/teams/logos/240x240/64500.png","264500","ROS","DOMESTIC_MEN_TEAM_A","","DOMESTIC","Russie","Rostov","FC Rostov","ROS","90","MINUTE","1","0","0","11.99","KILOMETER","28.5","KILOMETER_PER_HOUR"
"250007197","53577","33","1992-06-23","26","Mendy","SEN","DEFENSIVE_MIDFIELDER","MIDFIELDER","MALE","168","./image/250007197.jpg","Nampalys Mendy","MIDFIELDER","6","Mendy","118","68","Sénégal","Milieu","Nampalys","Mendy","Nampalys Mendy","N. Mendy","200039","./assoc/200039_ENG.svg","./logo/53577.png","UEFA","ENG","53577","FAME","Leicester","","https://img.uefa.com/imgml/TP/teams/logos/70x70/53577.png","https://img.uefa.com/imgml/TP/teams/logos/240x240/53577.png","253577","LEI","DOMESTIC_MEN_TEAM_A","","DOMESTIC","Angleterre","Leicester","Leicester City FC","LEI","90","MINUTE","1","0","0","11.6","KILOMETER","23.5","KILOMETER_PER_HOUR"
"250020488","52723","38","1986-11-24","2","Danilo Silva","BRA","UNKNOWN","DEFENDER","MALE","185","./image/250020488.jpg","Danilo Silva","DEFENDER","","Aparecido da Silva","","70","Brésil","Défenseur","","Danilo Silva","Danilo Silva","Danilo Silva","257166","./assoc/257166_UKR.svg","./logo/52723.png","UEFA","UKR","52723","FAME","Dynamo Kyiv","","https://img.uefa.com/imgml/TP/teams/logos/70x70/52723.png","https://img.uefa.com/imgml/TP/teams/logos/240x240/52723.png","252723","DKY","DOMESTIC_MEN_TEAM_A","","DOMESTIC","Ukraine","Dynamo Kyiv","FC Dynamo Kyiv","DKY","90","MINUTE","1","0","0","11.18","KILOMETER","27.9","KILOMETER_PER_HOUR"
"250066139","50164","27","1998-01-21","24","Sosa","CRO","UNKNOWN","DEFENDER","MALE","176","./image/250066139.jpg","Borna Sosa","DEFENDER","19","Sosa","56370","74","Croatie","Défenseur","Borna","Sosa","Borna Sosa","Sosa","256370","./assoc/256370_CRO.svg","./logo/50164.png","UEFA","CRO","50164","FAME","GNK Dinamo","","https://img.uefa.com/imgml/TP/teams/logos/70x70/50164.png","https://img.uefa.com/imgml/TP/teams/logos/240x240/50164.png","250164","DIN","DOMESTIC_MEN_TEAM_A","","DOMESTIC","Croatie","GNK Dinamo","GNK Dinamo","DIN","90","MINUTE","1","0","0","10.49","KILOMETER","25.7","KILOMETER_PER_HOUR"
"250049628","50149","37","1988-07-05","5","Jefferson","BRA","FULL_BACK","DEFENDER","MALE","176","./image/250049628.jpg","Jefferson","DEFENDER","","Jefferson","","74","Brésil","Défenseur","","Jefferson","Jefferson","Jefferson","200110","./assoc/200110_POR.svg","./logo/50149.png","UEFA","POR","50149","FAME","Sporting CP","","https://img.uefa.com/imgml/TP/teams/logos/70x70/50149.png","https://img.uefa.com/imgml/TP/teams/logos/240x240/50149.png","250149","SPO","DOMESTIC_MEN_TEAM_A","","DOMESTIC","Portugal","Sporting CP","Sporting Clube de Portugal","SPO","90","MINUTE","1","0","0","10.32","KILOMETER","29.7","KILOMETER_PER_HOUR"
"250042636","52723","30","1995-03-24","6","Burda","UKR","CENTRE_BACK","DEFENDER","MALE","187","./image/250042636.jpg","Mykyta Burda","DEFENDER","5","Burda","57166","80","Ukraine","Défenseur","Mykyta","Burda","Mykyta Burda","Burda","257166","./assoc/257166_UKR.svg","./logo/52723.png","UEFA","UKR","52723","FAME","Dynamo Kyiv","","https://img.uefa.com/imgml/TP/teams/logos/70x70/52723.png","https://img.uefa.com/imgml/TP/teams/logos/240x240/52723.png","252723","DKY","DOMESTIC_MEN_TEAM_A","","DOMESTIC","Ukraine","Dynamo Kyiv","FC Dynamo Kyiv","DKY","90","MINUTE","1","0","0","10.29","KILOMETER","28","KILOMETER_PER_HOUR"
"250014328","50109","32","1993-07-13","21","Da Costa","GER","FULL_BACK","DEFENDER","MALE","187","./image/250014328.jpg","Danny da Costa","DEFENDER","5","Vieira Da Costa","200047","85","Allemagne","Défenseur","Danny","da Costa","Danny da Costa","Da Costa","200047","./assoc/200047_GER.svg","./logo/50109.png","UEFA","GER","50109","FAME","Leverkusen","","https://img.uefa.com/imgml/TP/teams/logos/70x70/50109.png","https://img.uefa.com/imgml/TP/teams/logos/240x240/50109.png","250109","LEV","DOMESTIC_MEN_TEAM_A","","DOMESTIC","Allemagne","Leverkusen","Bayer 04 Leverkusen","LEV","90","MINUTE","1","0","0","10.19","KILOMETER","28.9","KILOMETER_PER_HOUR"
"250043066","1652","32","1992-11-15","6","Wimmer","AUT","CENTRE_BACK","DEFENDER","MALE","187","./image/250043066.jpg","Kevin Wimmer","DEFENDER","5","Wimmer","8","85","Autriche","Défenseur","Kevin","Wimmer","Kevin Wimmer","Wimmer","200039","./assoc/200039_ENG.svg","./logo/1652.png","UEFA","ENG","1652","FAME","Tottenham","","https://img.uefa.com/imgml/TP/teams/logos/70x70/1652.png","https://img.uefa.com/imgml/TP/teams/logos/240x240/1652.png","201652","TOT","DOMESTIC_MEN_TEAM_A","","DOMESTIC","Angleterre","Tottenham","Tottenham Hotspur","TOT","90","MINUTE","1","0","0","10.12","KILOMETER","28.7","KILOMETER_PER_HOUR"
"250100009","52280","30","1995-09-20","16","Holding","ENG","CENTRE_BACK","DEFENDER","MALE","182","./image/250100009.jpg","Rob Holding","DEFENDER","16","Holding","200039","75","Angleterre","Défenseur","Rob","Holding","Rob Holding","Holding","200039","./assoc/200039_ENG.svg","./logo/52280.png","UEFA","ENG","52280","FAME","Arsenal","","https://img.uefa.com/imgml/TP/teams/logos/70x70/52280.png","https://img.uefa.com/imgml/TP/teams/logos/240x240/52280.png","252280","ARS","DOMESTIC_MEN_TEAM_A","","DOMESTIC","Angleterre","Arsenal","Arsenal FC","ARS","90","MINUTE","1","0","0","10.08","KILOMETER","23.6","KILOMETER_PER_HOUR"
"98870","50109","40","1984-10-16","13","Hilbert","GER","UNKNOWN","DEFENDER","MALE","182","./image/98870.jpg","Roberto Hilbert","DEFENDER","","Hilbert","","80","Allemagne","Défenseur","Roberto","Hilbert","Roberto Hilbert","Hilbert","200047","./assoc/200047_GER.svg","./logo/50109.png","UEFA","GER","50109","FAME","Leverkusen","","https://img.uefa.com/imgml/TP/teams/logos/70x70/50109.png","https://img.uefa.com/imgml/TP/teams/logos/240x240/50109.png","250109","LEV","DOMESTIC_MEN_TEAM_A","","DOMESTIC","Allemagne","Leverkusen","Bayer 04 Leverkusen","LEV","90","MINUTE","1","0","0","10.06","KILOMETER","27.6","KILOMETER_PER_HOUR"
"250086712","50157","39","1986-08-11","44","RHODOLFO","BRA","CENTRE_BACK","DEFENDER","MALE","193","./image/250086712.jpg","Rhodolfo","DEFENDER","","Rhodolfo","","84","Brésil","Défenseur","","Rhodolfo","Rhodolfo","Rhodolfo","200135","./assoc/200135_TUR.svg","./logo/50157.png","UEFA","TUR","50157","FAME","Beşiktaş","","https://img.uefa.com/imgml/TP/teams/logos/70x70/50157.png","https://img.uefa.com/imgml/TP/teams/logos/240x240/50157.png","250157","BES","DOMESTIC_MEN_TEAM_A","","DOMESTIC","Turquie","Beşiktaş","Beşiktaş JK","BES","90","MINUTE","1","0","0","10.0","KILOMETER","23.4","KILOMETER_PER_HOUR"
"250076575","50023","29","1996-01-22","6","K. N'Doram","FRA","UNKNOWN","MIDFIELDER","MALE","185","./image/250076575.jpg","Kévin N'Doram","DEFENDER","","N'Doram","","60","France","Milieu","Kévin","N'Doram","Kévin N'Doram","N'Doram","200043","./assoc/200043_FRA.svg","./logo/50023.png","UEFA","FRA","50023","FAME","Monaco","","https://img.uefa.com/imgml/TP/teams/logos/70x70/50023.png","https://img.uefa.com/imgml/TP/teams/logos/240x240/50023.png","250023","MON","DOMESTIC_MEN_TEAM_A","","DOMESTIC","France","Monaco","AS Monaco","MON","90","MINUTE","1","0","0","9.87","KILOMETER","28.3","KILOMETER_PER_HOUR"
"250054952","50023","29","1996-05-04","37","Diallo","SEN","UNKNOWN","DEFENDER","MALE","183","./image/250054952.jpg","Abdou Diallo","DEFENDER","22","Diallo","118","72","Sénégal","Défenseur","Abdou","Diallo","Abdou Diallo","Diallo","200043","./assoc/200043_FRA.svg","./logo/50023.png","UEFA","FRA","50023","FAME","Monaco","","https://img.uefa.com/imgml/TP/teams/logos/70x70/50023.png","https://img.uefa.com/imgml/TP/teams/logos/240x240/50023.png","250023","MON","DOMESTIC_MEN_TEAM_A","","DOMESTIC","France","Monaco","AS Monaco","MON","90","MINUTE","1","0","0","9.69","KILOMETER","30.1","KILOMETER_PER_HOUR"
"46841","53577","45","1980-06-09","27","Wasilewski","POL","FULL_BACK","DEFENDER","MALE","57","./image/46841.jpg","Marcin Wasilewski","DEFENDER","13","Wasilewski","","88","Pologne","Défenseur","Marcin","Wasilewski","Marcin Wasilewski","Wasilewski","200039","./assoc/200039_ENG.svg","./logo/53577.png","UEFA","ENG","53577","FAME","Leicester","","https://img.uefa.com/imgml/TP/teams/logos/70x70/53577.png","https://img.uefa.com/imgml/TP/teams/logos/240x240/53577.png","253577","LEI","DOMESTIC_MEN_TEAM_A","","DOMESTIC","Angleterre","Leicester","Leicester City FC","LEI","90","MINUTE","1","0","0","9.65","KILOMETER","28.2","KILOMETER_PER_HOUR"
"54105","50136","43","1982-02-11","11","Maggio","ITA","FULL_BACK","DEFENDER","MALE","184","./image/54105.jpg","Christian Maggio","","2","","","79","Italie","Défenseur","Christian","Maggio","Christian Maggio","Maggio","200066","./assoc/200066_ITA.svg","./logo/50136.png","UEFA","ITA","50136","FAME","Napoli","","https://img.uefa.com/imgml/TP/teams/logos/70x70/50136.png","https://img.uefa.com/imgml/TP/teams/logos/240x240/50136.png","250136","NAP","DOMESTIC_MEN_TEAM_A","","DOMESTIC","Italie","Napoli","SSC Napoli","NAP","90","MINUTE","1","0","0","9.54","KILOMETER","26.7","KILOMETER_PER_HOUR"
"250012057","50136","35","1989-11-14","21","Chiriches","ROU","CENTRE_BACK","DEFENDER","MALE","184","./image/250012057.jpg","Vlad Chiricheş","DEFENDER","21","Chiricheş","113","75","Roumanie","Défenseur","Vlad","Chiricheş","Vlad Chiricheş","Chiricheş","200066","./assoc/200066_ITA.svg","./logo/50136.png","UEFA","ITA","50136","FAME","Napoli","","https://img.uefa.com/imgml/TP/teams/logos/70x70/50136.png","https://img.uefa.com/imgml/TP/teams/logos/240x240/50136.png","250136","NAP","DOMESTIC_MEN_TEAM_A","","DOMESTIC","Italie","Napoli","SSC Napoli","NAP","90","MINUTE","1","0","0","9.17","KILOMETER","28.4","KILOMETER_PER_HOUR"
"250064583","52747","30","1995-08-13","3","Kimpembe","FRA","UNKNOWN","DEFENDER","MALE","183","./image/250064583.jpg","Presnel Kimpembe","DEFENDER","3","Kimpembe","43","67","France","Défenseur","Presnel","Kimpembe","Presnel Kimpembe","Kimpembe","200043","./assoc/200043_FRA.svg","./logo/52747.png","UEFA","FRA","52747","FAME","Paris","","https://img.uefa.com/imgml/TP/teams/logos/70x70/52747.png","https://img.uefa.com/imgml/TP/teams/logos/240x240/52747.png","252747","PSG","DOMESTIC_MEN_TEAM_A","","DOMESTIC","France","Paris","Paris Saint-Germain","PSG","90","MINUTE","1","0","0","9.08","KILOMETER","30.3","KILOMETER_PER_HOUR"
"250000142","50037","36","1989-03-13","28","Badstuber","GER","CENTRE_BACK","DEFENDER","MALE","189","./image/250000142.jpg","Holger Badstuber","DEFENDER","14","Badstuber","","78","Allemagne","Défenseur","Holger","Badstuber","Holger Badstuber","Badstuber","200047","./assoc/200047_GER.svg","./logo/50037.png","UEFA","GER","50037","FAME","Bayern München","","https://img.uefa.com/imgml/TP/teams/logos/70x70/50037.png","https://img.uefa.com/imgml/TP/teams/logos/240x240/50037.png","250037","BAY","DOMESTIC_MEN_TEAM_A","","DOMESTIC","Allemagne","Bayern München","FC Bayern München","BAY","90","MINUTE","1","0","0","9.06","KILOMETER","27.8","KILOMETER_PER_HOUR"
"250064355","52919","28","1997-09-24","4","Tosin","ENG","UNKNOWN","DEFENDER","MALE","","./image/250064355.jpg","Tosin Adarabioyo","DEFENDER","","Adarabioyo","","","Angleterre","Défenseur","Tosin","Adarabioyo","Tosin Adarabioyo","Adarabioyo","200039","./assoc/200039_ENG.svg","./logo/52919.png","UEFA","ENG","52919","FAME","Man City","","https://img.uefa.com/imgml/TP/teams/logos/70x70/52919.png","https://img.uefa.com/imgml/TP/teams/logos/240x240/52919.png","252919","MCI","DOMESTIC_MEN_TEAM_A","","DOMESTIC","Angleterre","Man City","Manchester City","MCI","90","MINUTE","1","0","0","8.98","KILOMETER","23.6","KILOMETER_PER_HOUR"
"250070838","5312","29","1996-02-10","24","Mammanaa","ARG","CENTRE_BACK","DEFENDER","MALE","183","./image/250070838.jpg","Emanuel Mammana","DEFENDER","","Mammana","","70","Argentine","Défenseur","Emanuel","Mammana","Emanuel Mammana","Mammana","200043","./assoc/200043_FRA.svg","./logo/5312.png","UEFA","FRA","5312","FAME","Lyon","","https://img.uefa.com/imgml/TP/teams/logos/70x70/5312.png","https://img.uefa.com/imgml/TP/teams/logos/240x240/5312.png","205312","LYO","DOMESTIC_MEN_TEAM_A","","DOMESTIC","France","Lyon","Olympique Lyonnais","LYO","90","MINUTE","1","0","0","8.88","KILOMETER","25.1","KILOMETER_PER_HOUR"
"250002538","50157","34","1991-01-24","20","Necip Uysal","TUR","DEFENSIVE_MIDFIELDER","DEFENDER","MALE","180","./image/250002538.jpg","Necip Uysal","MIDFIELDER","14","Necip","200135","72","Turquie","Défenseur","","Necip Uysal","Necip Uysal","Necip Uysal","200135","./assoc/200135_TUR.svg","./logo/50157.png","UEFA","TUR","50157","FAME","Beşiktaş","","https://img.uefa.com/imgml/TP/teams/logos/70x70/50157.png","https://img.uefa.com/imgml/TP/teams/logos/240x240/50157.png","250157","BES","DOMESTIC_MEN_TEAM_A","","DOMESTIC","Turquie","Beşiktaş","Beşiktaş JK","BES","90","MINUTE","1","0","0","8.7","KILOMETER","24.8","KILOMETER_PER_HOUR"
"250004462","50080","36","1989-04-22","13","CILLESSEN","NED","UNKNOWN","GOALKEEPER","MALE","187","./image/250004462.jpg","Jasper Cillessen","GOALKEEPER","1","Cillessen","95","83","Pays-Bas","Gardien","Jasper","Cillessen","Jasper Cillessen","Cillessen","200122","./assoc/200122_ESP.svg","./logo/50080.png","UEFA","ESP","50080","FAME","Barcelona","","https://img.uefa.com/imgml/TP/teams/logos/70x70/50080.png","https://img.uefa.com/imgml/TP/teams/logos/240x240/50080.png","250080","BAR","DOMESTIC_MEN_TEAM_A","","DOMESTIC","Espagne","Barcelona","FC Barcelona","BAR","90","MINUTE","1","0","0","4.86","KILOMETER","15.9","KILOMETER_PER_HOUR"
"103138","53577","36","1989-02-12","21","Zieler","GER","GOALKEEPER","GOALKEEPER","MALE","188","./image/103138.jpg","Ron-Robert Zieler","GOALKEEPER","12","Zieler","47","83","Allemagne","Gardien","Ron-Robert","Zieler","Ron-Robert Zieler","Zieler","200039","./assoc/200039_ENG.svg","./logo/53577.png","UEFA","ENG","53577","FAME","Leicester","","https://img.uefa.com/imgml/TP/teams/logos/70x70/53577.png","https://img.uefa.com/imgml/TP/teams/logos/240x240/53577.png","253577","LEI","DOMESTIC_MEN_TEAM_A","","DOMESTIC","Angleterre","Leicester","Leicester City FC","LEI","90","MINUTE","1","0","0","4.8","KILOMETER","16","KILOMETER_PER_HOUR"
"1902445","50037","37","1988-08-03","26","Ulreich","GER","UNKNOWN","GOALKEEPER","MALE","192","./image/1902445.jpg","Sven Ulreich","GOALKEEPER","22","Ulreich","47","84","Allemagne","Gardien","Sven","Ulreich","Sven Ulreich","Ulreich","200047","./assoc/200047_GER.svg","./logo/50037.png","UEFA","GER","50037","FAME","Bayern München","","https://img.uefa.com/imgml/TP/teams/logos/70x70/50037.png","https://img.uefa.com/imgml/TP/teams/logos/240x240/50037.png","250037","BAY","DOMESTIC_MEN_TEAM_A","","DOMESTIC","Allemagne","Bayern München","FC Bayern München","BAY","90","MINUTE","1","0","0","4.61","KILOMETER","17.61","KILOMETER_PER_HOUR"
"23137","52723","50","1975-01-02","1","","UKR","","","MALE","191","./image/23137.jpg","Olexandr Shovkovskiy","","12","","","87","Ukraine","","Olexandr","Shovkovskiy","Olexandr Shovkovskiy","Shovkovskiy","257166","./assoc/257166_UKR.svg","./logo/52723.png","UEFA","UKR","52723","FAME","Dynamo Kyiv","","https://img.uefa.com/imgml/TP/teams/logos/70x70/52723.png","https://img.uefa.com/imgml/TP/teams/logos/240x240/52723.png","252723","DKY","DOMESTIC_MEN_TEAM_A","","DOMESTIC","Ukraine","Dynamo Kyiv","FC Dynamo Kyiv","DKY","90","MINUTE","1","0","0","4.56","KILOMETER","21.6","KILOMETER_PER_HOUR"
"95050","50146","42","1983-04-24","33","Cierzniak","POL","GOALKEEPER","GOALKEEPER","MALE","187","./image/95050.jpg","Radosław Cierzniak","GOALKEEPER","","Cierzniak","","81","Pologne","Gardien","Radosław","Cierzniak","Radosław Cierzniak","Cierzniak","200109","./assoc/200109_POL.svg","./logo/50146.png","UEFA","POL","50146","FAME","Legia Warszawa","","https://img.uefa.com/imgml/TP/teams/logos/70x70/50146.png","https://img.uefa.com/imgml/TP/teams/logos/240x240/50146.png","250146","LEG","DOMESTIC_MEN_TEAM_A","","DOMESTIC","Pologne","Legia Warszawa","Legia Warszawa","LEG","90","MINUTE","1","0","0","4.46","KILOMETER","13.7","KILOMETER_PER_HOUR"
"98834","50062","41","1983-11-08","22","Pasveer","NED","GOALKEEPER","GOALKEEPER","MALE","186","./image/98834.jpg","Remko Pasveer","GOALKEEPER","1","Pasveer","95","87","Pays-Bas","Gardien","Remko","Pasveer","Remko Pasveer","Pasveer","200095","./assoc/200095_NED.svg","./logo/50062.png","UEFA","NED","50062","FAME","PSV","","https://img.uefa.com/imgml/TP/teams/logos/70x70/50062.png","https://img.uefa.com/imgml/TP/teams/logos/240x240/50062.png","250062","PSV","DOMESTIC_MEN_TEAM_A","","DOMESTIC","Pays-Bas","PSV","PSV Eindhoven","PSV","90","MINUTE","1","0","0","4.31","KILOMETER","12.8","KILOMETER_PER_HOUR"
"95349","50051","39","1986-10-02","13","K. CASILLA","ESP","GOALKEEPER","GOALKEEPER","MALE","191","./image/95349.jpg","Kiko Casilla","GOALKEEPER","23","K. Casilla","200122","84","Espagne","Gardien","Kiko","Casilla","Kiko Casilla","Casilla","200122","./assoc/200122_ESP.svg","./logo/50051.png","UEFA","ESP","50051","FAME","Real Madrid","","https://img.uefa.com/imgml/TP/teams/logos/70x70/50051.png","https://img.uefa.com/imgml/TP/teams/logos/240x240/50051.png","250051","RMA","DOMESTIC_MEN_TEAM_A","","DOMESTIC","Espagne","Real Madrid","Real Madrid C.F.","RMA","90","MINUTE","1","0","0","4.2","KILOMETER","17.7","KILOMETER_PER_HOUR"
"250033741","53577","37","1987-11-20","12","Hamer","ENG","UNKNOWN","GOALKEEPER","MALE","193","./image/250033741.jpg","Ben Hamer","GOALKEEPER","","Hamer","","78","Angleterre","Gardien","Ben","Hamer","Ben Hamer","Hamer","200039","./assoc/200039_ENG.svg","./logo/53577.png","UEFA","ENG","53577","FAME","Leicester","","https://img.uefa.com/imgml/TP/teams/logos/70x70/53577.png","https://img.uefa.com/imgml/TP/teams/logos/240x240/53577.png","253577","LEI","DOMESTIC_MEN_TEAM_A","","DOMESTIC","Angleterre","Leicester","Leicester City FC","LEI","90","MINUTE","1","0","0","4.13","KILOMETER","17.61","KILOMETER_PER_HOUR"
"53733","50157","42","1983-10-10","29","T.ZENGİN","TUR","GOALKEEPER","GOALKEEPER","MALE","192","./image/53733.jpg","Tolga Zengin","GOALKEEPER","33","Zengin","135","90","Turquie","Gardien","","Tolga Zengin","Tolga Zengin","Tolga Zengin","200135","./assoc/200135_TUR.svg","./logo/50157.png","UEFA","TUR","50157","FAME","Beşiktaş","","https://img.uefa.com/imgml/TP/teams/logos/70x70/50157.png","https://img.uefa.com/imgml/TP/teams/logos/240x240/50157.png","250157","BES","DOMESTIC_MEN_TEAM_A","","DOMESTIC","Turquie","Beşiktaş","Beşiktaş JK","BES","90","MINUTE","1","0","0","4.02","KILOMETER","18.9","KILOMETER_PER_HOUR"
"27132","50023","48","1977-03-26","16","","ITA","GOALKEEPER","","MALE","190","./image/27132.jpg","Morgan De Sanctis","GOALKEEPER","14","De Sanctis","","86","Italie","","Morgan","De Sanctis","Morgan De Sanctis","De Sanctis","200043","./assoc/200043_FRA.svg","./logo/50023.png","UEFA","FRA","50023","FAME","Monaco","","https://img.uefa.com/imgml/TP/teams/logos/70x70/50023.png","https://img.uefa.com/imgml/TP/teams/logos/240x240/50023.png","250023","MON","DOMESTIC_MEN_TEAM_A","","DOMESTIC","France","Monaco","AS Monaco","MON","90","MINUTE","1","0","0","4","KILOMETER","17.8","KILOMETER_PER_HOUR"
"58032","50124","41","1984-04-02","13","Moyá","ESP","GOALKEEPER","GOALKEEPER","MALE","189","./image/58032.jpg","Miguel Ángel Moyá","GOALKEEPER","","MOYÁ","200122","82","Espagne","Gardien","Miguel Ángel","Moyá","Miguel Ángel Moyá","Moyá","200122","./assoc/200122_ESP.svg","./logo/50124.png","UEFA","ESP","50124","FAME","Atleti","","https://img.uefa.com/imgml/TP/teams/logos/70x70/50124.png","https://img.uefa.com/imgml/TP/teams/logos/240x240/50124.png","250124","ATM","DOMESTIC_MEN_TEAM_A","","DOMESTIC","Espagne","Atleti","Atlético de Madrid","ATM","90","MINUTE","1","0","0","3.93","KILOMETER","16.8","KILOMETER_PER_HOUR"
"95569","50109","41","1984-06-28","28","","AUT","GOALKEEPER","","MALE","187","./image/95569.jpg","Ramazan Özcan","GOALKEEPER","1","Özcan","200008","84","Autriche","","Ramazan","Özcan","Ramazan Özcan","Özcan","200047","./assoc/200047_GER.svg","./logo/50109.png","UEFA","GER","50109","FAME","Leverkusen","","https://img.uefa.com/imgml/TP/teams/logos/70x70/50109.png","https://img.uefa.com/imgml/TP/teams/logos/240x240/50109.png","250109","LEV","DOMESTIC_MEN_TEAM_A","","DOMESTIC","Allemagne","Leverkusen","Bayer 04 Leverkusen","LEV","90","MINUTE","1","0","0","3.92","KILOMETER","17.5","KILOMETER_PER_HOUR"
"250061507","50139","36","1989-07-19","32","Neto","BRA","GOALKEEPER","GOALKEEPER","MALE","191","./image/250061507.jpg","Neto","GOALKEEPER","","Murara Neto","18","83","Brésil","Gardien","","Neto","Neto","Neto","200066","./assoc/200066_ITA.svg","./logo/50139.png","UEFA","ITA","50139","FAME","Juventus","","https://img.uefa.com/imgml/TP/teams/logos/70x70/50139.png","https://img.uefa.com/imgml/TP/teams/logos/240x240/50139.png","250139","JUV","DOMESTIC_MEN_TEAM_A","","DOMESTIC","Italie","Juventus","Juventus","JUV","90","MINUTE","1","0","0","3.88","KILOMETER","12.9","KILOMETER_PER_HOUR"
"250029885","2603104","37","1987-10-23","82","Borjan","CAN","GOALKEEPER","GOALKEEPER","MALE","195","./image/250029885.jpg","Milan Borjan","GOALKEEPER","18","Borjan","24","80","Canada","Gardien","Milan","Borjan","Milan Borjan","Borjan","200020","./assoc/200020_BUL.svg","./logo/2603104.png","UEFA","BUL","2603104","FAME","Ludogorets","","https://img.uefa.com/imgml/TP/teams/logos/70x70/2603104.png","https://img.uefa.com/imgml/TP/teams/logos/240x240/2603104.png","250002030","LUD","DOMESTIC_MEN_TEAM_A","","DOMESTIC","Bulgarie","Ludogorets","PFC Ludogorets 1945","LUD","90","MINUTE","1","0","0","3.59","KILOMETER","18.3","KILOMETER_PER_HOUR"
"57586","50050","44","1980-12-29","24","De Vries","NED","GOALKEEPER","GOALKEEPER","MALE","190","./image/57586.jpg","Dorus de Vries","GOALKEEPER","","de Vries","","96","Pays-Bas","Gardien","Dorus","de Vries","Dorus de Vries","de Vries","200117","./assoc/200117_SCO.svg","./logo/50050.png","UEFA","SCO","50050","FAME","Celtic","","https://img.uefa.com/imgml/TP/teams/logos/70x70/50050.png","https://img.uefa.com/imgml/TP/teams/logos/240x240/50050.png","250050","CEL","DOMESTIC_MEN_TEAM_A","","DOMESTIC","Écosse","Celtic","Celtic FC","CEL","90","MINUTE","1","0","0","3.58","KILOMETER","10.4","KILOMETER_PER_HOUR"
"91862","50147","46","1979-09-03","12","Júlio César","BRA","","GOALKEEPER","MALE","186","./image/91862.jpg","Júlio César","GOALKEEPER","12","Julio César","","79","Brésil","Gardien","","Júlio César","Júlio César","Júlio César","200110","./assoc/200110_POR.svg","./logo/50147.png","UEFA","POR","50147","FAME","Benfica","","https://img.uefa.com/imgml/TP/teams/logos/70x70/50147.png","https://img.uefa.com/imgml/TP/teams/logos/240x240/50147.png","250147","BEN","DOMESTIC_MEN_TEAM_A","","DOMESTIC","Portugal","Benfica","SL Benfica","BEN","90","MINUTE","1","0","0","3.57","KILOMETER","15.9","KILOMETER_PER_HOUR"
"250000060","50164","35","1990-06-30","7","Antolić","CRO","CENTRAL_MIDFIELDER","MIDFIELDER","MALE","178","./image/250000060.jpg","Domagoj Antolić","MIDFIELDER","7","Antolić","56370","71","Croatie","Milieu","Domagoj","Antolić","Domagoj Antolić","Antolić","256370","./assoc/256370_CRO.svg","./logo/50164.png","UEFA","CRO","50164","FAME","GNK Dinamo","","https://img.uefa.com/imgml/TP/teams/logos/70x70/50164.png","https://img.uefa.com/imgml/TP/teams/logos/240x240/50164.png","250164","DIN","DOMESTIC_MEN_TEAM_A","","DOMESTIC","Croatie","GNK Dinamo","GNK Dinamo","DIN","87","MINUTE","2","0","0","10.45","KILOMETER","28","KILOMETER_PER_HOUR"
"250079279","50164","27","1998-03-12","6","Moro","CRO","DEFENSIVE_MIDFIELDER","MIDFIELDER","MALE","182","./image/250079279.jpg","Nikola Moro","MIDFIELDER","13","Moro","56370","73","Croatie","Milieu","Nikola","Moro","Nikola Moro","Moro","256370","./assoc/256370_CRO.svg","./logo/50164.png","UEFA","CRO","50164","FAME","GNK Dinamo","","https://img.uefa.com/imgml/TP/teams/logos/70x70/50164.png","https://img.uefa.com/imgml/TP/teams/logos/240x240/50164.png","250164","DIN","DOMESTIC_MEN_TEAM_A","","DOMESTIC","Croatie","GNK Dinamo","GNK Dinamo","DIN","85","MINUTE","1","0","0","10.99","KILOMETER","24.8","KILOMETER_PER_HOUR"
"72354","64500","39","1985-12-08","28","Prepelita","ROU","CENTRAL_MIDFIELDER","MIDFIELDER","MALE","178","./image/72354.jpg","Andrei Prepeliţă","MIDFIELDER","18","Prepelita","113","79","Roumanie","Milieu","Andrei","Prepeliţă","Andrei Prepeliţă","Prepeliţă","257451","./assoc/257451_RUS.svg","./logo/64500.png","UEFA","RUS","64500","FAME","Rostov","","https://img.uefa.com/imgml/TP/teams/logos/70x70/64500.png","https://img.uefa.com/imgml/TP/teams/logos/240x240/64500.png","264500","ROS","DOMESTIC_MEN_TEAM_A","","DOMESTIC","Russie","Rostov","FC Rostov","ROS","84","MINUTE","4","0","0","12.21","KILOMETER","25.5","KILOMETER_PER_HOUR"
"250013907","50146","32","1993-01-29","9","Vako","GEO","ATTACKING_MIDFIELDER","MIDFIELDER","MALE","174","./image/250013907.jpg","Valeri Qazaishvili","MIDFIELDER","10","Qazaishvili","57157","70","Géorgie","Milieu","Valeri","Qazaishvili","Valeri Qazaishvili","Qazaishvili","200109","./assoc/200109_POL.svg","./logo/50146.png","UEFA","POL","50146","FAME","Legia Warszawa","","https://img.uefa.com/imgml/TP/teams/logos/70x70/50146.png","https://img.uefa.com/imgml/TP/teams/logos/240x240/50146.png","250146","LEG","DOMESTIC_MEN_TEAM_A","","DOMESTIC","Pologne","Legia Warszawa","Legia Warszawa","LEG","82","MINUTE","2","0","0","10.11","KILOMETER","25.7","KILOMETER_PER_HOUR"
"250056993","52280","33","1992-07-11","25","M. Elneny","EGY","DEFENSIVE_MIDFIELDER","MIDFIELDER","MALE","180","./image/250056993.jpg","Mohamed Elneny","MIDFIELDER","","M. Elneny","38","77","Égypte","Milieu","Mohamed","Elneny","Mohamed Elneny","Elneny","200039","./assoc/200039_ENG.svg","./logo/52280.png","UEFA","ENG","52280","FAME","Arsenal","","https://img.uefa.com/imgml/TP/teams/logos/70x70/52280.png","https://img.uefa.com/imgml/TP/teams/logos/240x240/52280.png","252280","ARS","DOMESTIC_MEN_TEAM_A","","DOMESTIC","Angleterre","Arsenal","Arsenal FC","ARS","81","MINUTE","5","0","1","12.53","KILOMETER","25.6","KILOMETER_PER_HOUR"
"250087938","50109","26","1999-06-11","29","Havertz","GER","STRIKER","MIDFIELDER","MALE","","./image/250087938.jpg","Kai Havertz","FORWARD","7","Havertz","47","","Allemagne","Milieu","Kai","Havertz","Kai Havertz","Havertz","200047","./assoc/200047_GER.svg","./logo/50109.png","UEFA","GER","50109","FAME","Leverkusen","","https://img.uefa.com/imgml/TP/teams/logos/70x70/50109.png","https://img.uefa.com/imgml/TP/teams/logos/240x240/50109.png","250109","LEV","DOMESTIC_MEN_TEAM_A","","DOMESTIC","Allemagne","Leverkusen","Bayer 04 Leverkusen","LEV","80","MINUTE","3","0","0","11.33","KILOMETER","30","KILOMETER_PER_HOUR"
"250053906","50164","31","1994-04-13","9","Henríquez","CHI","UNKNOWN","FORWARD","MALE","175","./image/250053906.jpg","Ángelo Henríquez","FORWARD","","HENRÍQUEZ","26","74","Chili","Attaquant","Ángelo","Henríquez","Ángelo Henríquez","Henríquez","256370","./assoc/256370_CRO.svg","./logo/50164.png","UEFA","CRO","50164","FAME","GNK Dinamo","","https://img.uefa.com/imgml/TP/teams/logos/70x70/50164.png","https://img.uefa.com/imgml/TP/teams/logos/240x240/50164.png","250164","DIN","DOMESTIC_MEN_TEAM_A","","DOMESTIC","Croatie","GNK Dinamo","GNK Dinamo","DIN","79","MINUTE","2","0","0","10.94","KILOMETER","29.3","KILOMETER_PER_HOUR"
"65012","50080","41","1983-10-29","22","Mathieu","FRA","CENTRE_BACK","DEFENDER","MALE","189","./image/65012.jpg","Jérémy Mathieu","DEFENDER","5","Mathieu","43","84","France","Défenseur","Jérémy","Mathieu","Jérémy Mathieu","Mathieu","200122","./assoc/200122_ESP.svg","./logo/50080.png","UEFA","ESP","50080","FAME","Barcelona","","https://img.uefa.com/imgml/TP/teams/logos/70x70/50080.png","https://img.uefa.com/imgml/TP/teams/logos/240x240/50080.png","250080","BAR","DOMESTIC_MEN_TEAM_A","","DOMESTIC","Espagne","Barcelona","FC Barcelona","BAR","79","MINUTE","2","0","0","8.25","KILOMETER","30.9","KILOMETER_PER_HOUR"
"250087986","5312","28","1997-04-23","25","Gaspar","FRA","FULL_BACK","DEFENDER","MALE","","./image/250087986.jpg","Jordy Gaspar","DEFENDER","","GASPAR","","","France","Défenseur","Jordy","Gaspar","Jordy Gaspar","Gaspar","200043","./assoc/200043_FRA.svg","./logo/5312.png","UEFA","FRA","5312","FAME","Lyon","","https://img.uefa.com/imgml/TP/teams/logos/70x70/5312.png","https://img.uefa.com/imgml/TP/teams/logos/240x240/5312.png","205312","LYO","DOMESTIC_MEN_TEAM_A","","DOMESTIC","France","Lyon","Olympique Lyonnais","LYO","79","MINUTE","1","0","0","9.3","KILOMETER","29.8","KILOMETER_PER_HOUR"
"250029269","50149","40","1985-05-16","22","Elias","BRA","UNKNOWN","MIDFIELDER","MALE","173","./image/250029269.jpg","Elías","MIDFIELDER","","Mendes Trindade","","67","Brésil","Milieu","","Elías","Elías","Elías","200110","./assoc/200110_POR.svg","./logo/50149.png","UEFA","POR","50149","FAME","Sporting CP","","https://img.uefa.com/imgml/TP/teams/logos/70x70/50149.png","https://img.uefa.com/imgml/TP/teams/logos/240x240/50149.png","250149","SPO","DOMESTIC_MEN_TEAM_A","","DOMESTIC","Portugal","Sporting CP","Sporting Clube de Portugal","SPO","77","MINUTE","2","0","0","9.77","KILOMETER","27.8","KILOMETER_PER_HOUR"
"250099501","50023","29","1996-03-05","26","Boschilia","BRA","UNKNOWN","MIDFIELDER","MALE","172","./image/250099501.jpg","Gabriel Boschilia","MIDFIELDER","","Boschilia","","63","Brésil","Milieu","Gabriel","Boschilia","Gabriel Boschilia","Boschilia","200043","./assoc/200043_FRA.svg","./logo/50023.png","UEFA","FRA","50023","FAME","Monaco","","https://img.uefa.com/imgml/TP/teams/logos/70x70/50023.png","https://img.uefa.com/imgml/TP/teams/logos/240x240/50023.png","250023","MON","DOMESTIC_MEN_TEAM_A","","DOMESTIC","France","Monaco","AS Monaco","MON","76","MINUTE","2","0","0","8.67","KILOMETER","30.1","KILOMETER_PER_HOUR"
"250024897","50109","31","1994-01-22","10","Yurchenko","UKR","ATTACKING_MIDFIELDER","MIDFIELDER","MALE","181","./image/250024897.jpg","Vladlen Yurchenko","FORWARD","15","Yurchenko","57166","74","Ukraine","Milieu","Vladlen","Yurchenko","Vladlen Yurchenko","Yurchenko","200047","./assoc/200047_GER.svg","./logo/50109.png","UEFA","GER","50109","FAME","Leverkusen","","https://img.uefa.com/imgml/TP/teams/logos/70x70/50109.png","https://img.uefa.com/imgml/TP/teams/logos/240x240/50109.png","250109","LEV","DOMESTIC_MEN_TEAM_A","","DOMESTIC","Allemagne","Leverkusen","Bayer 04 Leverkusen","LEV","76","MINUTE","1","1","0","8.92","KILOMETER","26.2","KILOMETER_PER_HOUR"
"250042774","50023","30","1995-07-15","28","Jean","FRA","UNKNOWN","FORWARD","MALE","170","./image/250042774.jpg","Corentin Jean","FORWARD","18","Jean","200043","65","France","Attaquant","Corentin","Jean","Corentin Jean","Jean","200043","./assoc/200043_FRA.svg","./logo/50023.png","UEFA","FRA","50023","FAME","Monaco","","https://img.uefa.com/imgml/TP/teams/logos/70x70/50023.png","https://img.uefa.com/imgml/TP/teams/logos/240x240/50023.png","250023","MON","DOMESTIC_MEN_TEAM_A","","DOMESTIC","France","Monaco","AS Monaco","MON","76","MINUTE","1","0","0","8.56","KILOMETER","27.5","KILOMETER_PER_HOUR"
"250039881","52714","36","1989-10-12","19","Ganso","BRA","UNKNOWN","MIDFIELDER","MALE","184","./image/250039881.jpg","Ganso","","","Chagas De Lima                ","","73","Brésil","Milieu","","Ganso","Ganso","Ganso","200122","./assoc/200122_ESP.svg","./logo/52714.png","UEFA","ESP","52714","FAME","Sevilla","","https://img.uefa.com/imgml/TP/teams/logos/70x70/52714.png","https://img.uefa.com/imgml/TP/teams/logos/240x240/52714.png","252714","SEV","DOMESTIC_MEN_TEAM_A","","DOMESTIC","Espagne","Sevilla","Sevilla FC","SEV","75","MINUTE","1","0","0","7.79","KILOMETER","26","KILOMETER_PER_HOUR"
"56942","50139","41","1984-01-16","12","","SUI","FULL_BACK","","MALE","182","./image/56942.jpg","Stephan Lichtsteiner","DEFENDER","2","Lichtsteiner","128","75","Suisse","","Stephan","Lichtsteiner","Stephan Lichtsteiner","Lichtsteiner","200066","./assoc/200066_ITA.svg","./logo/50139.png","UEFA","ITA","50139","FAME","Juventus","","https://img.uefa.com/imgml/TP/teams/logos/70x70/50139.png","https://img.uefa.com/imgml/TP/teams/logos/240x240/50139.png","250139","JUV","DOMESTIC_MEN_TEAM_A","","DOMESTIC","Italie","Juventus","Juventus","JUV","73","MINUTE","1","0","0","8.79","KILOMETER","29.9","KILOMETER_PER_HOUR"
"250086986","1652","30","1995-02-13","7","Nkoudou","FRA","WINGER","MIDFIELDER","MALE","172","./image/250086986.jpg","Georges-Kévin N'Koudou","MIDFIELDER","14","Nkoudou Mbida","43","68","France","Milieu","Georges-Kévin","N'Koudou","Georges-Kévin N'Koudou","N'Koudou","200039","./assoc/200039_ENG.svg","./logo/1652.png","UEFA","ENG","1652","FAME","Tottenham","","https://img.uefa.com/imgml/TP/teams/logos/70x70/1652.png","https://img.uefa.com/imgml/TP/teams/logos/240x240/1652.png","201652","TOT","DOMESTIC_MEN_TEAM_A","","DOMESTIC","Angleterre","Tottenham","Tottenham Hotspur","TOT","69","MINUTE","3","0","0","9.52","KILOMETER","31.2","KILOMETER_PER_HOUR"
"250057130","50146","36","1989-06-11","77","Aleksandrov","BUL","WINGER","MIDFIELDER","MALE","179","./image/250057130.jpg","Mihail Alexandrov","MIDFIELDER","7","Alexandrov","20","74","Bulgarie","Milieu","Mihail","Alexandrov","Mihail Alexandrov","Alexandrov","200109","./assoc/200109_POL.svg","./logo/50146.png","UEFA","POL","50146","FAME","Legia Warszawa","","https://img.uefa.com/imgml/TP/teams/logos/70x70/50146.png","https://img.uefa.com/imgml/TP/teams/logos/240x240/50146.png","250146","LEG","DOMESTIC_MEN_TEAM_A","","DOMESTIC","Pologne","Legia Warszawa","Legia Warszawa","LEG","69","MINUTE","2","0","0","8.89","KILOMETER","27.6","KILOMETER_PER_HOUR"
"250024153","50109","31","1994-09-13","17","Pohjanpalo","FIN","STRIKER","FORWARD","MALE","185","./image/250024153.jpg","Joel Pohjanpalo","FORWARD","20","Pohjanpalo","42","83","Finlande","Attaquant","Joel","Pohjanpalo","Joel Pohjanpalo","Pohjanpalo","200047","./assoc/200047_GER.svg","./logo/50109.png","UEFA","GER","50109","FAME","Leverkusen","","https://img.uefa.com/imgml/TP/teams/logos/70x70/50109.png","https://img.uefa.com/imgml/TP/teams/logos/240x240/50109.png","250109","LEV","DOMESTIC_MEN_TEAM_A","","DOMESTIC","Allemagne","Leverkusen","Bayer 04 Leverkusen","LEV","69","MINUTE","2","0","0","8.82","KILOMETER","26.4","KILOMETER_PER_HOUR"
"250100539","59856","33","1992-01-30","4","Omar Gaber","EGY","UNKNOWN","DEFENDER","MALE","174","./image/250100539.jpg","Omar Gaber","DEFENDER","","O. Gaber","38","64","Égypte","Défenseur","Omar","Gaber","Omar Gaber","Gaber","200128","./assoc/200128_SUI.svg","./logo/59856.png","UEFA","SUI","59856","FAME","Basel","","https://img.uefa.com/imgml/TP/teams/logos/70x70/59856.png","https://img.uefa.com/imgml/TP/teams/logos/240x240/59856.png","259856","BSL","DOMESTIC_MEN_TEAM_A","","DOMESTIC","Suisse","Basel","FC Basel 1893","BSL","69","MINUTE","1","0","0","7.87","KILOMETER","30.1","KILOMETER_PER_HOUR"
"250039158","50149","33","1992-06-26","7","J. Campbell","CRC","UNKNOWN","FORWARD","MALE","178","./image/250039158.jpg","Joel Campbell","MIDFIELDER","12","Campbell","31","70","Costa Rica","Attaquant","Joel","Campbell","Joel Campbell","Campbell","200110","./assoc/200110_POR.svg","./logo/50149.png","UEFA","POR","50149","FAME","Sporting CP","","https://img.uefa.com/imgml/TP/teams/logos/70x70/50149.png","https://img.uefa.com/imgml/TP/teams/logos/240x240/50149.png","250149","SPO","DOMESTIC_MEN_TEAM_A","","DOMESTIC","Portugal","Sporting CP","Sporting Clube de Portugal","SPO","68","MINUTE","4","0","0","9.82","KILOMETER","28.6","KILOMETER_PER_HOUR"
"67193","50043","39","1986-04-26","11","Refaelov","ISR","ATTACKING_MIDFIELDER","MIDFIELDER","MALE","176","./image/67193.jpg","Lior Refaelov","MIDFIELDER","9","Refaelov","65","66","Israël","Milieu","Lior","Refaelov","Lior Refaelov","Refaelov","200013","./assoc/200013_BEL.svg","./logo/50043.png","UEFA","BEL","50043","FAME","Club Brugge","","https://img.uefa.com/imgml/TP/teams/logos/70x70/50043.png","https://img.uefa.com/imgml/TP/teams/logos/240x240/50043.png","250043","BRU","DOMESTIC_MEN_TEAM_A","","DOMESTIC","Belgique","Club Brugge","Club Brugge KV","BRU","66","MINUTE","1","0","0","8.11","KILOMETER","22.9","KILOMETER_PER_HOUR"
"104663","50164","35","1989-10-17","77","Măţel","ROU","FULL_BACK","DEFENDER","MALE","177","./image/104663.jpg","Alexandru Măţel","DEFENDER","2","Măţel","113","72","Roumanie","Défenseur","Alexandru","Măţel","Alexandru Măţel","Măţel","256370","./assoc/256370_CRO.svg","./logo/50164.png","UEFA","CRO","50164","FAME","GNK Dinamo","","https://img.uefa.com/imgml/TP/teams/logos/70x70/50164.png","https://img.uefa.com/imgml/TP/teams/logos/240x240/50164.png","250164","DIN","DOMESTIC_MEN_TEAM_A","","DOMESTIC","Croatie","GNK Dinamo","GNK Dinamo","DIN","64","MINUTE","3","0","0","8.18","KILOMETER","27.8","KILOMETER_PER_HOUR"
"250014332","52757","32","1993-04-01","14","Schulz","GER","FULL_BACK","DEFENDER","MALE","180","./image/250014332.jpg","Nico Schulz","DEFENDER","14","Schulz","47","78","Allemagne","Défenseur","Nico","Schulz","Nico Schulz","Schulz","200047","./assoc/200047_GER.svg","./logo/52757.png","UEFA","GER","52757","FAME","Mönchengladbach","","https://img.uefa.com/imgml/TP/teams/logos/70x70/52757.png","https://img.uefa.com/imgml/TP/teams/logos/240x240/52757.png","252757","MON","DOMESTIC_MEN_TEAM_A","","DOMESTIC","Allemagne","Mönchengladbach","Borussia Mönchengladbach","MON","63","MINUTE","2","0","0","8.58","KILOMETER","31","KILOMETER_PER_HOUR"
"1902640","50064","37","1988-01-08","20","Adrian","ESP","STRIKER","FORWARD","MALE","180","./image/1902640.jpg","Adrián López","FORWARD","7","Adrian","200122","71","Espagne","Attaquant","","Adrián López","Adrián López","Adrián López","200110","./assoc/200110_POR.svg","./logo/50064.png","UEFA","POR","50064","FAME","Porto","","https://img.uefa.com/imgml/TP/teams/logos/70x70/50064.png","https://img.uefa.com/imgml/TP/teams/logos/240x240/50064.png","250064","POR","DOMESTIC_MEN_TEAM_A","","DOMESTIC","Portugal","Porto","FC Porto","POR","63","MINUTE","1","0","0","7.37","KILOMETER","29.5","KILOMETER_PER_HOUR"
"250064825","52919","28","1997-07-12","50","Maffeo","ESP","UNKNOWN","DEFENDER","MALE","","./image/250064825.jpg","Pablo Maffeo","MIDFIELDER","2","Maffeo Becerra","200122","","Espagne","Défenseur","Pablo","Maffeo","Pablo Maffeo","Maffeo","200039","./assoc/200039_ENG.svg","./logo/52919.png","UEFA","ENG","52919","FAME","Man City","","https://img.uefa.com/imgml/TP/teams/logos/70x70/52919.png","https://img.uefa.com/imgml/TP/teams/logos/240x240/52919.png","252919","MCI","DOMESTIC_MEN_TEAM_A","","DOMESTIC","Angleterre","Man City","Manchester City","MCI","62","MINUTE","1","0","0","7.16","KILOMETER","28.6","KILOMETER_PER_HOUR"
"250081923","5312","28","1997-04-29","29","Tousart","FRA","DEFENSIVE_MIDFIELDER","MIDFIELDER","MALE","185","./image/250081923.jpg","Lucas Tousart","MIDFIELDER","6","TOUSART","200043","83","France","Milieu","Lucas","Tousart","Lucas Tousart","Tousart","200043","./assoc/200043_FRA.svg","./logo/5312.png","UEFA","FRA","5312","FAME","Lyon","","https://img.uefa.com/imgml/TP/teams/logos/70x70/5312.png","https://img.uefa.com/imgml/TP/teams/logos/240x240/5312.png","205312","LYO","DOMESTIC_MEN_TEAM_A","","DOMESTIC","France","Lyon","Olympique Lyonnais","LYO","58","MINUTE","1","0","0","8.08","KILOMETER","26.1","KILOMETER_PER_HOUR"
"250065455","52758","28","1997-07-24","99","EMRE","TUR","STRIKER","MIDFIELDER","MALE","168","./image/250065455.jpg","Emre Mor","FORWARD","21","EMRE","135","63","Turquie","Milieu","","Emre Mor","Emre Mor","Emre Mor","200047","./assoc/200047_GER.svg","./logo/52758.png","UEFA","GER","52758","FAME","B. Dortmund","","https://img.uefa.com/imgml/TP/teams/logos/70x70/52758.png","https://img.uefa.com/imgml/TP/teams/logos/240x240/52758.png","252758","BVB","DOMESTIC_MEN_TEAM_A","","DOMESTIC","Allemagne","B. Dortmund","Borussia Dortmund","BVB","57","MINUTE","3","0","0","7.22","KILOMETER","27.2","KILOMETER_PER_HOUR"
"250008931","52723","37","1988-10-05","25","Fedorchuk","UKR","UNKNOWN","MIDFIELDER","MALE","178","./image/250008931.jpg","Valeriy Fedorchuk","MIDFIELDER","32","Fedorchuk","57166","70","Ukraine","Milieu","Valeriy","Fedorchuk","Valeriy Fedorchuk","Fedorchuk","257166","./assoc/257166_UKR.svg","./logo/52723.png","UEFA","UKR","52723","FAME","Dynamo Kyiv","","https://img.uefa.com/imgml/TP/teams/logos/70x70/52723.png","https://img.uefa.com/imgml/TP/teams/logos/240x240/52723.png","252723","DKY","DOMESTIC_MEN_TEAM_A","","DOMESTIC","Ukraine","Dynamo Kyiv","FC Dynamo Kyiv","DKY","56","MINUTE","1","0","0","7.59","KILOMETER","24.5","KILOMETER_PER_HOUR"
"250042779","52714","30","1995-06-17","15","LENGLET","FRA","UNKNOWN","DEFENDER","MALE","186","./image/250042779.jpg","Clément Lenglet","DEFENDER","5","Lenglet","43","81","France","Défenseur","Clément","Lenglet","Clément Lenglet","Lenglet","200122","./assoc/200122_ESP.svg","./logo/52714.png","UEFA","ESP","52714","FAME","Sevilla","","https://img.uefa.com/imgml/TP/teams/logos/70x70/52714.png","https://img.uefa.com/imgml/TP/teams/logos/240x240/52714.png","252714","SEV","DOMESTIC_MEN_TEAM_A","","DOMESTIC","Espagne","Sevilla","Sevilla FC","SEV","55","MINUTE","1","0","0","6.07","KILOMETER","28.2","KILOMETER_PER_HOUR"
"250035057","50157","38","1987-05-26","10","O.ŞAHAN","TUR","WINGER","MIDFIELDER","MALE","179","./image/250035057.jpg","Olcay Şahan","MIDFIELDER","11","Olcay Şahan","135","71","Turquie","Milieu","","Olcay Şahan","Olcay Şahan","Olcay Şahan","200135","./assoc/200135_TUR.svg","./logo/50157.png","UEFA","TUR","50157","FAME","Beşiktaş","","https://img.uefa.com/imgml/TP/teams/logos/70x70/50157.png","https://img.uefa.com/imgml/TP/teams/logos/240x240/50157.png","250157","BES","DOMESTIC_MEN_TEAM_A","","DOMESTIC","Turquie","Beşiktaş","Beşiktaş JK","BES","54","MINUTE","2","0","0","6.76","KILOMETER","27.6","KILOMETER_PER_HOUR"
"250043858","50043","31","1994-09-15","3","Engels","BEL","CENTRE_BACK","DEFENDER","MALE","193","./image/250043858.jpg","Björn Engels","DEFENDER","4","Engels","13","83","Belgique","Défenseur","Björn","Engels","Björn Engels","Engels","200013","./assoc/200013_BEL.svg","./logo/50043.png","UEFA","BEL","50043","FAME","Club Brugge","","https://img.uefa.com/imgml/TP/teams/logos/70x70/50043.png","https://img.uefa.com/imgml/TP/teams/logos/240x240/50043.png","250043","BRU","DOMESTIC_MEN_TEAM_A","","DOMESTIC","Belgique","Club Brugge","Club Brugge KV","BRU","53","MINUTE","1","0","0","5.3","KILOMETER","26.2","KILOMETER_PER_HOUR"
"250024195","2603104","32","1992-11-15","92","LUKOKI","COD","STRIKER","FORWARD","MALE","174","./image/250024195.jpg","Jody Lukoki","FORWARD","7","Lukoki","148","62","RD Congo","Attaquant","Jody","Lukoki","Jody Lukoki","Lukoki","200020","./assoc/200020_BUL.svg","./logo/2603104.png","UEFA","BUL","2603104","FAME","Ludogorets","","https://img.uefa.com/imgml/TP/teams/logos/70x70/2603104.png","https://img.uefa.com/imgml/TP/teams/logos/240x240/2603104.png","250002030","LUD","DOMESTIC_MEN_TEAM_A","","DOMESTIC","Bulgarie","Ludogorets","PFC Ludogorets 1945","LUD","50","MINUTE","4","0","0","7.68","KILOMETER","31.9","KILOMETER_PER_HOUR"
"250019157","50149","35","1990-09-27","16","André Felipe","BRA","UNKNOWN","FORWARD","MALE","184","./image/250019157.jpg","André","FORWARD","","Ribeiro de Souza","","77","Brésil","Attaquant","","André","André","André","200110","./assoc/200110_POR.svg","./logo/50149.png","UEFA","POR","50149","FAME","Sporting CP","","https://img.uefa.com/imgml/TP/teams/logos/70x70/50149.png","https://img.uefa.com/imgml/TP/teams/logos/240x240/50149.png","250149","SPO","DOMESTIC_MEN_TEAM_A","","DOMESTIC","Portugal","Sporting CP","Sporting Clube de Portugal","SPO","47","MINUTE","3","0","0","7.68","KILOMETER","26.6","KILOMETER_PER_HOUR"
"250073817","50147","32","1993-08-12","5","F. Augusto","BRA","UNKNOWN","MIDFIELDER","MALE","182","./image/250073817.jpg","Filipe Augusto","MIDFIELDER","","F. Augusto","","","Brésil","Milieu","","Filipe Augusto","Filipe Augusto","Filipe Augusto","200110","./assoc/200110_POR.svg","./logo/50147.png","UEFA","POR","50147","FAME","Benfica","","https://img.uefa.com/imgml/TP/teams/logos/70x70/50147.png","https://img.uefa.com/imgml/TP/teams/logos/240x240/50147.png","250147","BEN","DOMESTIC_MEN_TEAM_A","","DOMESTIC","Portugal","Benfica","SL Benfica","BEN","45","MINUTE","1","0","0","6.09","KILOMETER","26.4","KILOMETER_PER_HOUR"
"250007055","50149","33","1992-09-27","14","Castaignos","NED","STRIKER","FORWARD","MALE","187","./image/250007055.jpg","Luc Castaignos","FORWARD","9","Castaignos","200095","83","Pays-Bas","Attaquant","Luc","Castaignos","Luc Castaignos","Castaignos","200110","./assoc/200110_POR.svg","./logo/50149.png","UEFA","POR","50149","FAME","Sporting CP","","https://img.uefa.com/imgml/TP/teams/logos/70x70/50149.png","https://img.uefa.com/imgml/TP/teams/logos/240x240/50149.png","250149","SPO","DOMESTIC_MEN_TEAM_A","","DOMESTIC","Portugal","Sporting CP","Sporting Clube de Portugal","SPO","45","MINUTE","1","0","0","6.06","KILOMETER","27.4","KILOMETER_PER_HOUR"
"250074030","50062","30","1995-01-08","30","de Wijs","NED","UNKNOWN","DEFENDER","MALE","189","./image/250074030.jpg","Jordy De Wijs","DEFENDER","","De Wijs","200095","84","Pays-Bas","Défenseur","Jordy","De Wijs","Jordy De Wijs","De Wijs","200095","./assoc/200095_NED.svg","./logo/50062.png","UEFA","NED","50062","FAME","PSV","","https://img.uefa.com/imgml/TP/teams/logos/70x70/50062.png","https://img.uefa.com/imgml/TP/teams/logos/240x240/50062.png","250062","PSV","DOMESTIC_MEN_TEAM_A","","DOMESTIC","Pays-Bas","PSV","PSV Eindhoven","PSV","45","MINUTE","1","0","0","5.34","KILOMETER","28.7","KILOMETER_PER_HOUR"
"103791","52758","36","1989-04-27","5","","GER","CENTRE_BACK","","MALE","185","./image/103791.jpg","Sven Bender","DEFENDER","4","Bender","","72","Allemagne","","Sven","Bender","Sven Bender","S. Bender","200047","./assoc/200047_GER.svg","./logo/52758.png","UEFA","GER","52758","FAME","B. Dortmund","","https://img.uefa.com/imgml/TP/teams/logos/70x70/52758.png","https://img.uefa.com/imgml/TP/teams/logos/240x240/52758.png","252758","BVB","DOMESTIC_MEN_TEAM_A","","DOMESTIC","Allemagne","B. Dortmund","Borussia Dortmund","BVB","45","MINUTE","1","0","0","5.04","KILOMETER","28.4","KILOMETER_PER_HOUR"
"1909627","50064","34","1991-02-03","30","Boly","CIV","CENTRE_BACK","DEFENDER","MALE","195","./image/1909627.jpg","Willy Boly","DEFENDER","15","Boly","67","","Côte d'Ivoire","Défenseur","Willy","Boly","Willy Boly","Boly","200110","./assoc/200110_POR.svg","./logo/50064.png","UEFA","POR","50064","FAME","Porto","","https://img.uefa.com/imgml/TP/teams/logos/70x70/50064.png","https://img.uefa.com/imgml/TP/teams/logos/240x240/50064.png","250064","POR","DOMESTIC_MEN_TEAM_A","","DOMESTIC","Portugal","Porto","FC Porto","POR","45","MINUTE","1","0","0","4.65","KILOMETER","29.4","KILOMETER_PER_HOUR"
"250071671","50136","30","1995-07-19","30","Rog","CRO","CENTRAL_MIDFIELDER","MIDFIELDER","MALE","180","./image/250071671.jpg","Marko Rog","MIDFIELDER","17","Rog","56370","73","Croatie","Milieu","Marko","Rog","Marko Rog","Rog","200066","./assoc/200066_ITA.svg","./logo/50136.png","UEFA","ITA","50136","FAME","Napoli","","https://img.uefa.com/imgml/TP/teams/logos/70x70/50136.png","https://img.uefa.com/imgml/TP/teams/logos/240x240/50136.png","250136","NAP","DOMESTIC_MEN_TEAM_A","","DOMESTIC","Italie","Napoli","SSC Napoli","NAP","44","MINUTE","2","0","0","6.68","KILOMETER","29.9","KILOMETER_PER_HOUR"
"70635","59856","41","1984-10-06","39","","SUI","","","MALE","176","./image/70635.jpg","Davide Callà","","","","","79","Suisse","","Davide","Callà","Davide Callà","Callà","200128","./assoc/200128_SUI.svg","./logo/59856.png","UEFA","SUI","59856","FAME","Basel","","https://img.uefa.com/imgml/TP/teams/logos/70x70/59856.png","https://img.uefa.com/imgml/TP/teams/logos/240x240/59856.png","259856","BSL","DOMESTIC_MEN_TEAM_A","","DOMESTIC","Suisse","Basel","FC Basel 1893","BSL","43","MINUTE","3","0","0","6.85","KILOMETER","28.3","KILOMETER_PER_HOUR"
"250005650","50050","35","1990-08-20","9","Griffiths","SCO","STRIKER","FORWARD","MALE","173","./image/250005650.jpg","Leigh Griffiths","FORWARD","20","Griffiths","117","64","Écosse","Attaquant","Leigh","Griffiths","Leigh Griffiths","Griffiths","200117","./assoc/200117_SCO.svg","./logo/50050.png","UEFA","SCO","50050","FAME","Celtic","","https://img.uefa.com/imgml/TP/teams/logos/70x70/50050.png","https://img.uefa.com/imgml/TP/teams/logos/240x240/50050.png","250050","CEL","DOMESTIC_MEN_TEAM_A","","DOMESTIC","Écosse","Celtic","Celtic FC","CEL","42","MINUTE","3","0","0","5.63","KILOMETER","27.8","KILOMETER_PER_HOUR"
"1901598","50050","35","1990-08-31","14","Mackay-Steven","SCO","WINGER","MIDFIELDER","MALE","175","./image/1901598.jpg","Gary Mackay-Steven","MIDFIELDER","18","Mackay-Steven","117","70","Écosse","Milieu","Gary","Mackay-Steven","Gary Mackay-Steven","Mackay-Steven","200117","./assoc/200117_SCO.svg","./logo/50050.png","UEFA","SCO","50050","FAME","Celtic","","https://img.uefa.com/imgml/TP/teams/logos/70x70/50050.png","https://img.uefa.com/imgml/TP/teams/logos/240x240/50050.png","250050","CEL","DOMESTIC_MEN_TEAM_A","","DOMESTIC","Écosse","Celtic","Celtic FC","CEL","39","MINUTE","1","0","0","5.29","KILOMETER","31.8","KILOMETER_PER_HOUR"
"250057033","5312","29","1996-01-21","15","Kalulu Kyatengwa","FRA","STRIKER","MIDFIELDER","MALE","161","./image/250057033.jpg","Aldo Kalulu","FORWARD","","Kalulu Kyatengwa","","57","France","Milieu","Aldo","Kalulu","Aldo Kalulu","A. Kalulu","200043","./assoc/200043_FRA.svg","./logo/5312.png","UEFA","FRA","5312","FAME","Lyon","","https://img.uefa.com/imgml/TP/teams/logos/70x70/5312.png","https://img.uefa.com/imgml/TP/teams/logos/240x240/5312.png","205312","LYO","DOMESTIC_MEN_TEAM_A","","DOMESTIC","France","Lyon","Olympique Lyonnais","LYO","38","MINUTE","2","0","0","4.62","KILOMETER","27.8","KILOMETER_PER_HOUR"
"250056867","52723","29","1996-05-13","48","Orikhovskyi","UKR","UNKNOWN","MIDFIELDER","MALE","","./image/250056867.jpg","Pavlo Orikhovskiy","MIDFIELDER","7","Orikhovskyi","257166","","Ukraine","Milieu","Pavlo","Orikhovskiy","Pavlo Orikhovskiy","Orikhovskiy","257166","./assoc/257166_UKR.svg","./logo/52723.png","UEFA","UKR","52723","FAME","Dynamo Kyiv","","https://img.uefa.com/imgml/TP/teams/logos/70x70/52723.png","https://img.uefa.com/imgml/TP/teams/logos/240x240/52723.png","252723","DKY","DOMESTIC_MEN_TEAM_A","","DOMESTIC","Ukraine","Dynamo Kyiv","FC Dynamo Kyiv","DKY","37","MINUTE","2","0","0","5.4","KILOMETER","27.8","KILOMETER_PER_HOUR"
"250039787","52714","37","1988-08-04","6","Carriço","POR","CENTRE_BACK","DEFENDER","MALE","182","./image/250039787.jpg","Daniel Carriço","DEFENDER","3","D. Carriço","110","80","Portugal","Défenseur","","Daniel Carriço","Daniel Carriço","Daniel Carriço","200122","./assoc/200122_ESP.svg","./logo/52714.png","UEFA","ESP","52714","FAME","Sevilla","","https://img.uefa.com/imgml/TP/teams/logos/70x70/52714.png","https://img.uefa.com/imgml/TP/teams/logos/240x240/52714.png","252714","SEV","DOMESTIC_MEN_TEAM_A","","DOMESTIC","Espagne","Sevilla","Sevilla FC","SEV","36","MINUTE","2","0","0","4.93","KILOMETER","25.7","KILOMETER_PER_HOUR"
"250054949","50037","29","1996-06-13","11","Coman","FRA","WINGER","FORWARD","MALE","178","./image/250054949.jpg","Kingsley Coman","FORWARD","7","Coman","43","71","France","Attaquant","Kingsley","Coman","Kingsley Coman","Coman","200047","./assoc/200047_GER.svg","./logo/50037.png","UEFA","GER","50037","FAME","Bayern München","","https://img.uefa.com/imgml/TP/teams/logos/70x70/50037.png","https://img.uefa.com/imgml/TP/teams/logos/240x240/50037.png","250037","BAY","DOMESTIC_MEN_TEAM_A","","DOMESTIC","Allemagne","Bayern München","FC Bayern München","BAY","35","MINUTE","2","0","0","4.86","KILOMETER","30.6","KILOMETER_PER_HOUR"
"250066974","54266","28","1997-03-30","72","Gordyushenko","RUS","UNKNOWN","MIDFIELDER","MALE","178","./image/250066974.jpg","Astemir Gordyushenko","MIDFIELDER","14","Gordyushenko","357451","74","Russie","Milieu","Astemir","Gordyushenko","Astemir Gordyushenko","Gordyushenko","257451","./assoc/257451_RUS.svg","./logo/54266.png","UEFA","RUS","54266","FAME","CSKA Moskva","","https://img.uefa.com/imgml/TP/teams/logos/70x70/54266.png","https://img.uefa.com/imgml/TP/teams/logos/240x240/54266.png","254266","CSM","DOMESTIC_MEN_TEAM_A","","DOMESTIC","Russie","CSKA Moskva","PFC CSKA Moskva","CSM","34","MINUTE","2","0","0","5.19","KILOMETER","29.3","KILOMETER_PER_HOUR"
"1908298","52757","34","1991-02-12","7","Herrmann","GER","WINGER","FORWARD","MALE","179","./image/1908298.jpg","Patrick Herrmann","MIDFIELDER","14","Herrmann","47","70","Allemagne","Attaquant","Patrick","Herrmann","Patrick Herrmann","Herrmann","200047","./assoc/200047_GER.svg","./logo/52757.png","UEFA","GER","52757","FAME","Mönchengladbach","","https://img.uefa.com/imgml/TP/teams/logos/70x70/52757.png","https://img.uefa.com/imgml/TP/teams/logos/240x240/52757.png","252757","MON","DOMESTIC_MEN_TEAM_A","","DOMESTIC","Allemagne","Mönchengladbach","Borussia Mönchengladbach","MON","32","MINUTE","3","0","0","5.68","KILOMETER","26.4","KILOMETER_PER_HOUR"
"250014114","50149","32","1993-05-16","47","R. Esgaio","POR","FULL_BACK","DEFENDER","MALE","171","./image/250014114.jpg","Ricardo Esgaio","DEFENDER","2","R. Esgaio","200110","65","Portugal","Défenseur","","Ricardo Esgaio","Ricardo Esgaio","Ricardo Esgaio","200110","./assoc/200110_POR.svg","./logo/50149.png","UEFA","POR","50149","FAME","Sporting CP","","https://img.uefa.com/imgml/TP/teams/logos/70x70/50149.png","https://img.uefa.com/imgml/TP/teams/logos/240x240/50149.png","250149","SPO","DOMESTIC_MEN_TEAM_A","","DOMESTIC","Portugal","Sporting CP","Sporting Clube de Portugal","SPO","32","MINUTE","1","0","0","4.75","KILOMETER","24.7","KILOMETER_PER_HOUR"
"250024626","50164","30","1994-11-17","15","Hodžić","BIH","STRIKER","FORWARD","MALE","181","./image/250024626.jpg","Armin Hodžić","FORWARD","9","Hodžić","60094","75","Bosnie-Herzégovine","Attaquant","Armin","Hodžić","Armin Hodžić","Hodžić","256370","./assoc/256370_CRO.svg","./logo/50164.png","UEFA","CRO","50164","FAME","GNK Dinamo","","https://img.uefa.com/imgml/TP/teams/logos/70x70/50164.png","https://img.uefa.com/imgml/TP/teams/logos/240x240/50164.png","250164","DIN","DOMESTIC_MEN_TEAM_A","","DOMESTIC","Croatie","GNK Dinamo","GNK Dinamo","DIN","32","MINUTE","1","0","0","4.1","KILOMETER","24.7","KILOMETER_PER_HOUR"
"250006734","50139","37","1988-01-13","88","Rincon","VEN","UNKNOWN","MIDFIELDER","MALE","175","./image/250006734.jpg","Tomás Rincón","DEFENDER","8","Rincón","142","75","Vénézuéla","Milieu","Tomás","Rincón","Tomás Rincón","Rincón","200066","./assoc/200066_ITA.svg","./logo/50139.png","UEFA","ITA","50139","FAME","Juventus","","https://img.uefa.com/imgml/TP/teams/logos/70x70/50139.png","https://img.uefa.com/imgml/TP/teams/logos/240x240/50139.png","250139","JUV","DOMESTIC_MEN_TEAM_A","","DOMESTIC","Italie","Juventus","Juventus","JUV","30","MINUTE","3","0","0","5.19","KILOMETER","21.7","KILOMETER_PER_HOUR"
"250056738","50164","31","1994-07-12","55","Perić","CRO","CENTRE_BACK","DEFENDER","MALE","195","./image/250056738.jpg","Dino Perić","DEFENDER","5","Perić","56370","78","Croatie","Défenseur","Dino","Perić","Dino Perić","Perić","256370","./assoc/256370_CRO.svg","./logo/50164.png","UEFA","CRO","50164","FAME","GNK Dinamo","","https://img.uefa.com/imgml/TP/teams/logos/70x70/50164.png","https://img.uefa.com/imgml/TP/teams/logos/240x240/50164.png","250164","DIN","DOMESTIC_MEN_TEAM_A","","DOMESTIC","Croatie","GNK Dinamo","GNK Dinamo","DIN","30","MINUTE","1","0","0","3.92","KILOMETER","24.3","KILOMETER_PER_HOUR"
"250020106","50157","32","1993-07-20","33","ATINÇ NUKAN","TUR","CENTRE_BACK","DEFENDER","MALE","196","./image/250020106.jpg","Atınç Nukan","DEFENDER","26","Nukan","135","86","Turquie","Défenseur","","Atınç Nukan","Atınç Nukan","Atınç Nukan","200135","./assoc/200135_TUR.svg","./logo/50157.png","UEFA","TUR","50157","FAME","Beşiktaş","","https://img.uefa.com/imgml/TP/teams/logos/70x70/50157.png","https://img.uefa.com/imgml/TP/teams/logos/240x240/50157.png","250157","BES","DOMESTIC_MEN_TEAM_A","","DOMESTIC","Turquie","Beşiktaş","Beşiktaş JK","BES","30","MINUTE","1","0","0","3.85","KILOMETER","27.8","KILOMETER_PER_HOUR"
"250086334","50064","36","1988-12-07","29","Depoitre","BEL","STRIKER","FORWARD","MALE","191","./image/250086334.jpg","Laurent Depoitre","FORWARD","20","Depoitre","13","91","Belgique","Attaquant","Laurent","Depoitre","Laurent Depoitre","Depoitre","200110","./assoc/200110_POR.svg","./logo/50064.png","UEFA","POR","50064","FAME","Porto","","https://img.uefa.com/imgml/TP/teams/logos/70x70/50064.png","https://img.uefa.com/imgml/TP/teams/logos/240x240/50064.png","250064","POR","DOMESTIC_MEN_TEAM_A","","DOMESTIC","Portugal","Porto","FC Porto","POR","28","MINUTE","1","0","0","3.59","KILOMETER","24.7","KILOMETER_PER_HOUR"
"250026742","50147","41","1984-04-01","10","Jonas","BRA","STRIKER","FORWARD","MALE","181","./image/250026742.jpg","Jonas","FORWARD","","Gonçalves De Oliveira","","75","Brésil","Attaquant","","Jonas","Jonas","Jonas","200110","./assoc/200110_POR.svg","./logo/50147.png","UEFA","POR","50147","FAME","Benfica","","https://img.uefa.com/imgml/TP/teams/logos/70x70/50147.png","https://img.uefa.com/imgml/TP/teams/logos/240x240/50147.png","250147","BEN","DOMESTIC_MEN_TEAM_A","","DOMESTIC","Portugal","Benfica","SL Benfica","BEN","26","MINUTE","1","0","0","3.19","KILOMETER","23.6","KILOMETER_PER_HOUR"
"73035","52723","38","1987-08-24","11","Gladkyy","UKR","STRIKER","FORWARD","MALE","188","./image/73035.jpg","Olexandr Gladkyy","FORWARD","34","Gladkyy","57166","86","Ukraine","Attaquant","Olexandr","Gladkyy","Olexandr Gladkyy","Gladkyy","257166","./assoc/257166_UKR.svg","./logo/52723.png","UEFA","UKR","52723","FAME","Dynamo Kyiv","","https://img.uefa.com/imgml/TP/teams/logos/70x70/52723.png","https://img.uefa.com/imgml/TP/teams/logos/240x240/52723.png","252723","DKY","DOMESTIC_MEN_TEAM_A","","DOMESTIC","Ukraine","Dynamo Kyiv","FC Dynamo Kyiv","DKY","25","MINUTE","3","0","0","4.07","KILOMETER","28","KILOMETER_PER_HOUR"
"250064243","50157","31","1993-11-19","29","Frei","TUR","WINGER","MIDFIELDER","MALE","171","./image/250064243.jpg","Kerim Frei","MIDFIELDER","31","Frei","135","70","Turquie","Milieu","","Kerim Frei","Kerim Frei","Kerim Frei","200135","./assoc/200135_TUR.svg","./logo/50157.png","UEFA","TUR","50157","FAME","Beşiktaş","","https://img.uefa.com/imgml/TP/teams/logos/70x70/50157.png","https://img.uefa.com/imgml/TP/teams/logos/240x240/50157.png","250157","BES","DOMESTIC_MEN_TEAM_A","","DOMESTIC","Turquie","Beşiktaş","Beşiktaş JK","BES","25","MINUTE","2","0","0","3.26","KILOMETER","27.8","KILOMETER_PER_HOUR"
"250073710","50023","30","1995-06-28","11","A. Traoré","MLI","UNKNOWN","MIDFIELDER","MALE","178","./image/250073710.jpg","Adama Traoré","MIDFIELDER","","A.TRAORE","","72","Mali","Milieu","Adama","Traoré","Adama Traoré","Traoré","200043","./assoc/200043_FRA.svg","./logo/50023.png","UEFA","FRA","50023","FAME","Monaco","","https://img.uefa.com/imgml/TP/teams/logos/70x70/50023.png","https://img.uefa.com/imgml/TP/teams/logos/240x240/50023.png","250023","MON","DOMESTIC_MEN_TEAM_A","","DOMESTIC","France","Monaco","AS Monaco","MON","23","MINUTE","1","0","0","3.11","KILOMETER","26.4","KILOMETER_PER_HOUR"
"250023961","52709","33","1991-11-10","7","Kusk","DEN","WINGER","MIDFIELDER","MALE","180","./image/250023961.jpg","Kasper Kusk","MIDFIELDER","17","Kusk","35","67","Danemark","Milieu","Kasper","Kusk","Kasper Kusk","Kusk","200035","./assoc/200035_DEN.svg","./logo/52709.png","UEFA","DEN","52709","FAME","Copenhagen","","https://img.uefa.com/imgml/TP/teams/logos/70x70/52709.png","https://img.uefa.com/imgml/TP/teams/logos/240x240/52709.png","252709","CPH","DOMESTIC_MEN_TEAM_A","","DOMESTIC","Danemark","Copenhagen","F.C. Copenhagen","CPH","22","MINUTE","2","0","0","3.7","KILOMETER","26.7","KILOMETER_PER_HOUR"
"250064551","50050","30","1995-08-13","34","O'Connell","IRL","UNKNOWN","DEFENDER","MALE","185","./image/250064551.jpg","Eoghan O'Connell","DEFENDER","2","O'Connell","200064","80","Eire","Défenseur","Eoghan","O'Connell","Eoghan O'Connell","O'Connell","200117","./assoc/200117_SCO.svg","./logo/50050.png","UEFA","SCO","50050","FAME","Celtic","","https://img.uefa.com/imgml/TP/teams/logos/70x70/50050.png","https://img.uefa.com/imgml/TP/teams/logos/240x240/50050.png","250050","CEL","DOMESTIC_MEN_TEAM_A","","DOMESTIC","Écosse","Celtic","Celtic FC","CEL","22","MINUTE","1","0","0","2.56","KILOMETER","28.5","KILOMETER_PER_HOUR"
"250076654","52747","27","1997-11-14","18","Nkunku","FRA","UNKNOWN","MIDFIELDER","MALE","178","./image/250076654.jpg","Christopher Nkunku","FORWARD","18","Nkunku","43","68","France","Milieu","Christopher","Nkunku","Christopher Nkunku","Nkunku","200043","./assoc/200043_FRA.svg","./logo/52747.png","UEFA","FRA","52747","FAME","Paris","","https://img.uefa.com/imgml/TP/teams/logos/70x70/52747.png","https://img.uefa.com/imgml/TP/teams/logos/240x240/52747.png","252747","PSG","DOMESTIC_MEN_TEAM_A","","DOMESTIC","France","Paris","Paris Saint-Germain","PSG","21","MINUTE","1","0","0","3.24","KILOMETER","28.9","KILOMETER_PER_HOUR"
"250056251","50146","28","1997-02-11","4","Wieteska","POL","CENTRE_BACK","DEFENDER","MALE","187","./image/250056251.jpg","Mateusz Wieteska","DEFENDER","4","Wieteska","109","80","Pologne","Défenseur","Mateusz","Wieteska","Mateusz Wieteska","Wieteska","200109","./assoc/200109_POL.svg","./logo/50146.png","UEFA","POL","50146","FAME","Legia Warszawa","","https://img.uefa.com/imgml/TP/teams/logos/70x70/50146.png","https://img.uefa.com/imgml/TP/teams/logos/240x240/50146.png","250146","LEG","DOMESTIC_MEN_TEAM_A","","DOMESTIC","Pologne","Legia Warszawa","Legia Warszawa","LEG","21","MINUTE","1","0","0","2.85","KILOMETER","24.3","KILOMETER_PER_HOUR"
"250039088","50109","37","1988-10-05","27","Kruse","AUS","UNKNOWN","FORWARD","MALE","179","./image/250039088.jpg","Robbie Kruse","FORWARD","","Kruse                         ","7","75","Australie","Attaquant","Robbie","Kruse","Robbie Kruse","Kruse","200047","./assoc/200047_GER.svg","./logo/50109.png","UEFA","GER","50109","FAME","Leverkusen","","https://img.uefa.com/imgml/TP/teams/logos/70x70/50109.png","https://img.uefa.com/imgml/TP/teams/logos/240x240/50109.png","250109","LEV","DOMESTIC_MEN_TEAM_A","","DOMESTIC","Allemagne","Leverkusen","Bayer 04 Leverkusen","LEV","19","MINUTE","1","0","0","2.85","KILOMETER","25.4","KILOMETER_PER_HOUR"
"250101096","50080","30","1995-09-07","4","M.Santos","BRA","CENTRE_BACK","DEFENDER","MALE","185","./image/250101096.jpg","Marlon Santos","DEFENDER","","MARLON","","80","Brésil","Défenseur","","Marlon Santos","Marlon Santos","Marlon Santos","200122","./assoc/200122_ESP.svg","./logo/50080.png","UEFA","ESP","50080","FAME","Barcelona","","https://img.uefa.com/imgml/TP/teams/logos/70x70/50080.png","https://img.uefa.com/imgml/TP/teams/logos/240x240/50080.png","250080","BAR","DOMESTIC_MEN_TEAM_A","","DOMESTIC","Espagne","Barcelona","FC Barcelona","BAR","18","MINUTE","1","0","0","2.34","KILOMETER","17.9","KILOMETER_PER_HOUR"
"250016661","52747","32","1993-02-26","21","Rodriguez Ruiz","ESP","STRIKER","FORWARD","MALE","178","./image/250016661.jpg","Jesé","FORWARD","10","Jesé","122","73","Espagne","Attaquant","","Jesé","Jesé","Jesé","200043","./assoc/200043_FRA.svg","./logo/52747.png","UEFA","FRA","52747","FAME","Paris","","https://img.uefa.com/imgml/TP/teams/logos/70x70/52747.png","https://img.uefa.com/imgml/TP/teams/logos/240x240/52747.png","252747","PSG","DOMESTIC_MEN_TEAM_A","","DOMESTIC","France","Paris","Paris Saint-Germain","PSG","17","MINUTE","4","0","0","3.79","KILOMETER","29.4","KILOMETER_PER_HOUR"
"68316","52723","42","1983-04-25","20","","UKR","WINGER","","MALE","179","./image/68316.jpg","Oleh Gusev","MIDFIELDER","9","Gusiev","57166","78","Ukraine","","Oleh","Gusev","Oleh Gusev","Gusev","257166","./assoc/257166_UKR.svg","./logo/52723.png","UEFA","UKR","52723","FAME","Dynamo Kyiv","","https://img.uefa.com/imgml/TP/teams/logos/70x70/52723.png","https://img.uefa.com/imgml/TP/teams/logos/240x240/52723.png","252723","DKY","DOMESTIC_MEN_TEAM_A","","DOMESTIC","Ukraine","Dynamo Kyiv","FC Dynamo Kyiv","DKY","17","MINUTE","1","0","0","2.34","KILOMETER","25.5","KILOMETER_PER_HOUR"
"250101094","50080","30","1995-07-08","29","CARDONA","ESP","UNKNOWN","FORWARD","MALE","183","./image/250101094.jpg","Marc Cardona","FORWARD","","CARDONA","","","Espagne","Attaquant","Marc","Cardona","Marc Cardona","Cardona","200122","./assoc/200122_ESP.svg","./logo/50080.png","UEFA","ESP","50080","FAME","Barcelona","","https://img.uefa.com/imgml/TP/teams/logos/70x70/50080.png","https://img.uefa.com/imgml/TP/teams/logos/240x240/50080.png","250080","BAR","DOMESTIC_MEN_TEAM_A","","DOMESTIC","Espagne","Barcelona","FC Barcelona","BAR","16","MINUTE","1","0","0","2.57","KILOMETER","23.8","KILOMETER_PER_HOUR"
"250042213","50147","29","1996-07-11","14","A. Živković","SRB","WINGER","FORWARD","MALE","170","./image/250042213.jpg","Andrija Živković","FORWARD","14","Živković","147","","Serbie","Attaquant","Andrija","Živković","Andrija Živković","Živković","200110","./assoc/200110_POR.svg","./logo/50147.png","UEFA","POR","50147","FAME","Benfica","","https://img.uefa.com/imgml/TP/teams/logos/70x70/50147.png","https://img.uefa.com/imgml/TP/teams/logos/240x240/50147.png","250147","BEN","DOMESTIC_MEN_TEAM_A","","DOMESTIC","Portugal","Benfica","SL Benfica","BEN","16","MINUTE","1","0","0","2.29","KILOMETER","25.2","KILOMETER_PER_HOUR"
"250099054","50109","28","1997-08-09","31","BAILEY","JAM","WINGER","FORWARD","MALE","165","./image/250099054.jpg","Leon Bailey","MIDFIELDER","","Bailey","","63","Jamaïque","Attaquant","Leon","Bailey","Leon Bailey","Bailey","200047","./assoc/200047_GER.svg","./logo/50109.png","UEFA","GER","50109","FAME","Leverkusen","","https://img.uefa.com/imgml/TP/teams/logos/70x70/50109.png","https://img.uefa.com/imgml/TP/teams/logos/240x240/50109.png","250109","LEV","DOMESTIC_MEN_TEAM_A","","DOMESTIC","Allemagne","Leverkusen","Bayer 04 Leverkusen","LEV","15","MINUTE","2","0","0","2.96","KILOMETER","28","KILOMETER_PER_HOUR"
"250015986","52747","36","1989-06-20","27","PASTORE","ITA","ATTACKING_MIDFIELDER","MIDFIELDER","MALE","187","./image/250015986.jpg","Javier Pastore","MIDFIELDER","23","Pastore","","78","Italie","Milieu","Javier","Pastore","Javier Pastore","Pastore","200043","./assoc/200043_FRA.svg","./logo/52747.png","UEFA","FRA","52747","FAME","Paris","","https://img.uefa.com/imgml/TP/teams/logos/70x70/52747.png","https://img.uefa.com/imgml/TP/teams/logos/240x240/52747.png","252747","PSG","DOMESTIC_MEN_TEAM_A","","DOMESTIC","France","Paris","Paris Saint-Germain","PSG","15","MINUTE","2","0","0","2.91","KILOMETER","26","KILOMETER_PER_HOUR"
"250056424","52714","35","1989-11-12","14","Kiyotake","JPN","UNKNOWN","MIDFIELDER","MALE","172","./image/250056424.jpg","Hiroshi Kiyotake","MIDFIELDER","8","Kiyotake                      ","","63","Japon","Milieu","Hiroshi","Kiyotake","Hiroshi Kiyotake","Kiyotake","200122","./assoc/200122_ESP.svg","./logo/52714.png","UEFA","ESP","52714","FAME","Sevilla","","https://img.uefa.com/imgml/TP/teams/logos/70x70/52714.png","https://img.uefa.com/imgml/TP/teams/logos/240x240/52714.png","252714","SEV","DOMESTIC_MEN_TEAM_A","","DOMESTIC","Espagne","Sevilla","Sevilla FC","SEV","15","MINUTE","1","0","0","2.51","KILOMETER","22.8","KILOMETER_PER_HOUR"
"250102497","53577","27","1997-12-09","11","Barnes","ENG","WINGER","FORWARD","MALE","","./image/250102497.jpg","Harvey Barnes","MIDFIELDER","17","Barnes","39","","Angleterre","Attaquant","Harvey","Barnes","Harvey Barnes","Barnes","200039","./assoc/200039_ENG.svg","./logo/53577.png","UEFA","ENG","53577","FAME","Leicester","","https://img.uefa.com/imgml/TP/teams/logos/70x70/53577.png","https://img.uefa.com/imgml/TP/teams/logos/240x240/53577.png","253577","LEI","DOMESTIC_MEN_TEAM_A","","DOMESTIC","Angleterre","Leicester","Leicester City FC","LEI","14","MINUTE","1","0","0","2.18","KILOMETER","27.6","KILOMETER_PER_HOUR"
"250025337","50136","40","1985-05-05","15","Giaccherini","ITA","WINGER","MIDFIELDER","MALE","167","./image/250025337.jpg","Emanuele Giaccherini","MIDFIELDER","23","Giaccherini","66","60","Italie","Milieu","Emanuele","Giaccherini","Emanuele Giaccherini","Giaccherini","200066","./assoc/200066_ITA.svg","./logo/50136.png","UEFA","ITA","50136","FAME","Napoli","","https://img.uefa.com/imgml/TP/teams/logos/70x70/50136.png","https://img.uefa.com/imgml/TP/teams/logos/240x240/50136.png","250136","NAP","DOMESTIC_MEN_TEAM_A","","DOMESTIC","Italie","Napoli","SSC Napoli","NAP","12","MINUTE","2","0","0","2.83","KILOMETER","23.6","KILOMETER_PER_HOUR"
"1908192","5312","34","1991-01-07","8","Grenier","FRA","CENTRAL_MIDFIELDER","MIDFIELDER","MALE","186","./image/1908192.jpg","Clément Grenier","MIDFIELDER","6","Grenier","200043","72","France","Milieu","Clément","Grenier","Clément Grenier","Grenier","200043","./assoc/200043_FRA.svg","./logo/5312.png","UEFA","FRA","5312","FAME","Lyon","","https://img.uefa.com/imgml/TP/teams/logos/70x70/5312.png","https://img.uefa.com/imgml/TP/teams/logos/240x240/5312.png","205312","LYO","DOMESTIC_MEN_TEAM_A","","DOMESTIC","France","Lyon","Olympique Lyonnais","LYO","12","MINUTE","1","0","0","2.02","KILOMETER","20","KILOMETER_PER_HOUR"
"250076659","50064","27","1998-03-20","99","Rui Pedro","POR","UNKNOWN","FORWARD","MALE","","./image/250076659.jpg","Rui Pedro","FORWARD","13","RUI PEDRO","300110","","Portugal","Attaquant","","Rui Pedro","Rui Pedro","Rui Pedro","200110","./assoc/200110_POR.svg","./logo/50064.png","UEFA","POR","50064","FAME","Porto","","https://img.uefa.com/imgml/TP/teams/logos/70x70/50064.png","https://img.uefa.com/imgml/TP/teams/logos/240x240/50064.png","250064","POR","DOMESTIC_MEN_TEAM_A","","DOMESTIC","Portugal","Porto","FC Porto","POR","12","MINUTE","1","0","0","1.82","KILOMETER","24.3","KILOMETER_PER_HOUR"
"250051344","2603104","39","1986-02-11","77","VITINHA","POR","FULL_BACK","DEFENDER","MALE","173","./image/250051344.jpg","Vitinha","DEFENDER","","de Freitas Fernandes","","66","Portugal","Défenseur","","Vitinha","Vitinha","Vitinha","200020","./assoc/200020_BUL.svg","./logo/2603104.png","UEFA","BUL","2603104","FAME","Ludogorets","","https://img.uefa.com/imgml/TP/teams/logos/70x70/2603104.png","https://img.uefa.com/imgml/TP/teams/logos/240x240/2603104.png","250002030","LUD","DOMESTIC_MEN_TEAM_A","","DOMESTIC","Bulgarie","Ludogorets","PFC Ludogorets 1945","LUD","10","MINUTE","1","0","0","1.46","KILOMETER","26","KILOMETER_PER_HOUR"
"250101113","50147","32","1993-05-08","93","Celis","COL","DEFENSIVE_MIDFIELDER","MIDFIELDER","MALE","177","./image/250101113.jpg","Guillermo Celis","MIDFIELDER","","G. Celis","","74","Colombie","Milieu","Guillermo","Celis","Guillermo Celis","Celis","200110","./assoc/200110_POR.svg","./logo/50147.png","UEFA","POR","50147","FAME","Benfica","","https://img.uefa.com/imgml/TP/teams/logos/70x70/50147.png","https://img.uefa.com/imgml/TP/teams/logos/240x240/50147.png","250147","BEN","DOMESTIC_MEN_TEAM_A","","DOMESTIC","Portugal","Benfica","SL Benfica","BEN","8","MINUTE","2","0","0","2.11","KILOMETER","21.6","KILOMETER_PER_HOUR"
"250066933","1652","28","1997-04-27","25","Onomah","ENG","UNKNOWN","MIDFIELDER","MALE","185","./image/250066933.jpg","Joshua Onomah","MIDFIELDER","14","Onomah","200039","","Angleterre","Milieu","Joshua","Onomah","Joshua Onomah","Onomah","200039","./assoc/200039_ENG.svg","./logo/1652.png","UEFA","ENG","1652","FAME","Tottenham","","https://img.uefa.com/imgml/TP/teams/logos/70x70/1652.png","https://img.uefa.com/imgml/TP/teams/logos/240x240/1652.png","201652","TOT","DOMESTIC_MEN_TEAM_A","","DOMESTIC","Angleterre","Tottenham","Tottenham Hotspur","TOT","8","MINUTE","2","0","0","1.74","KILOMETER","26.2","KILOMETER_PER_HOUR"
"250077645","50147","26","1999-04-08","9","","POR","STRIKER","FORWARD","MALE","","./image/250077645.jpg","José Gomes","FORWARD","9","JOSÉ GOMES","300110","","Portugal","Attaquant","","José Gomes","José Gomes","José Gomes","200110","./assoc/200110_POR.svg","./logo/50147.png","UEFA","POR","50147","FAME","Benfica","","https://img.uefa.com/imgml/TP/teams/logos/70x70/50147.png","https://img.uefa.com/imgml/TP/teams/logos/240x240/50147.png","250147","BEN","DOMESTIC_MEN_TEAM_A","","DOMESTIC","Portugal","Benfica","SL Benfica","BEN","8","MINUTE","1","0","0","1.97","KILOMETER","25.2","KILOMETER_PER_HOUR"
"108418","64500","35","1990-07-06","9","Grigoryev","RUS","ATTACKING_MIDFIELDER","MIDFIELDER","MALE","187","./image/108418.jpg","Maksim Grigoryev","FORWARD","17","Grigoryev","257451","80","Russie","Milieu","Maksim","Grigoryev","Maksim Grigoryev","Grigoryev","257451","./assoc/257451_RUS.svg","./logo/64500.png","UEFA","RUS","64500","FAME","Rostov","","https://img.uefa.com/imgml/TP/teams/logos/70x70/64500.png","https://img.uefa.com/imgml/TP/teams/logos/240x240/64500.png","264500","ROS","DOMESTIC_MEN_TEAM_A","","DOMESTIC","Russie","Rostov","FC Rostov","ROS","8","MINUTE","1","0","0","1.53","KILOMETER","20.6","KILOMETER_PER_HOUR"
"250029855","50064","39","1986-08-23","15","Evandro","BRA","UNKNOWN","MIDFIELDER","MALE","179","./image/250029855.jpg","Evandro","MIDFIELDER","","Evandro","","70","Brésil","Milieu","","Evandro","Evandro","Evandro","200110","./assoc/200110_POR.svg","./logo/50064.png","UEFA","POR","50064","FAME","Porto","","https://img.uefa.com/imgml/TP/teams/logos/70x70/50064.png","https://img.uefa.com/imgml/TP/teams/logos/240x240/50064.png","250064","POR","DOMESTIC_MEN_TEAM_A","","DOMESTIC","Portugal","Porto","FC Porto","POR","6","MINUTE","1","0","0","1.3","KILOMETER","20.6","KILOMETER_PER_HOUR"
"250087919","50139","25","2000-02-28","20","Kean","ITA","UNKNOWN","FORWARD","MALE","","./image/250087919.jpg","Moise Kean","FORWARD","11","Kean","66","","Italie","Attaquant","Moise","Kean","Moise Kean","Kean","200066","./assoc/200066_ITA.svg","./logo/50139.png","UEFA","ITA","50139","FAME","Juventus","","https://img.uefa.com/imgml/TP/teams/logos/70x70/50139.png","https://img.uefa.com/imgml/TP/teams/logos/240x240/50139.png","250139","JUV","DOMESTIC_MEN_TEAM_A","","DOMESTIC","Italie","Juventus","Juventus","JUV","6","MINUTE","1","0","0","1.28","KILOMETER","26.9","KILOMETER_PER_HOUR"
"250066763","50062","28","1997-05-10","24","Lundqvist","SWE","","MIDFIELDER","MALE","178","./image/250066763.jpg","Ramon-Pascal Lundqvist","MIDFIELDER","15","Lundqvist","200127","74","Suède","Milieu","Ramon-Pascal","Lundqvist","Ramon-Pascal Lundqvist","Lundqvist","200095","./assoc/200095_NED.svg","./logo/50062.png","UEFA","NED","50062","FAME","PSV","","https://img.uefa.com/imgml/TP/teams/logos/70x70/50062.png","https://img.uefa.com/imgml/TP/teams/logos/240x240/50062.png","250062","PSV","DOMESTIC_MEN_TEAM_A","","DOMESTIC","Pays-Bas","PSV","PSV Eindhoven","PSV","6","MINUTE","1","0","0","1.27","KILOMETER","23.3","KILOMETER_PER_HOUR"
"250012630","52709","31","1994-01-30","32","Amankwaa","DEN","WINGER","MIDFIELDER","MALE","178","./image/250012630.jpg","Danny Amankwaa","MIDFIELDER","11","","200035","70","Danemark","Milieu","Danny","Amankwaa","Danny Amankwaa","Amankwaa","200035","./assoc/200035_DEN.svg","./logo/52709.png","UEFA","DEN","52709","FAME","Copenhagen","","https://img.uefa.com/imgml/TP/teams/logos/70x70/52709.png","https://img.uefa.com/imgml/TP/teams/logos/240x240/52709.png","252709","CPH","DOMESTIC_MEN_TEAM_A","","DOMESTIC","Danemark","Copenhagen","F.C. Copenhagen","CPH","6","MINUTE","1","0","0","1.07","KILOMETER","21.5","KILOMETER_PER_HOUR"
"250061567","2603104","33","1992-04-04","10","CAMPANHARO","BRA","CENTRAL_MIDFIELDER","MIDFIELDER","MALE","178","./image/250061567.jpg","Gustavo Campanharo","MIDFIELDER","","Campanharo","","66","Brésil","Milieu","Gustavo","Campanharo","Gustavo Campanharo","Campanharo","200020","./assoc/200020_BUL.svg","./logo/2603104.png","UEFA","BUL","2603104","FAME","Ludogorets","","https://img.uefa.com/imgml/TP/teams/logos/70x70/2603104.png","https://img.uefa.com/imgml/TP/teams/logos/240x240/2603104.png","250002030","LUD","DOMESTIC_MEN_TEAM_A","","DOMESTIC","Bulgarie","Ludogorets","PFC Ludogorets 1945","LUD","5","MINUTE","2","0","0","1.17","KILOMETER","23.9","KILOMETER_PER_HOUR"
"250056848","50050","29","1996-04-25","53","Henderson","SCO","UNKNOWN","MIDFIELDER","MALE","183","./image/250056848.jpg","Liam Henderson","MIDFIELDER","4","Henderson","200117","77","Écosse","Milieu","Liam","Henderson","Liam Henderson","Henderson","200117","./assoc/200117_SCO.svg","./logo/50050.png","UEFA","SCO","50050","FAME","Celtic","","https://img.uefa.com/imgml/TP/teams/logos/70x70/50050.png","https://img.uefa.com/imgml/TP/teams/logos/240x240/50050.png","250050","CEL","DOMESTIC_MEN_TEAM_A","","DOMESTIC","Écosse","Celtic","Celtic FC","CEL","5","MINUTE","1","0","0","1.3","KILOMETER","22.9","KILOMETER_PER_HOUR"
"250096713","50051","32","1993-08-01","12","Mariano","ESP","STRIKER","FORWARD","MALE","178","./image/250096713.jpg","Mariano Díaz","FORWARD","","Mariano","","79","Espagne","Attaquant","","Mariano Díaz","Mariano Díaz","Mariano Díaz","200122","./assoc/200122_ESP.svg","./logo/50051.png","UEFA","ESP","50051","FAME","Real Madrid","","https://img.uefa.com/imgml/TP/teams/logos/70x70/50051.png","https://img.uefa.com/imgml/TP/teams/logos/240x240/50051.png","250051","RMA","DOMESTIC_MEN_TEAM_A","","DOMESTIC","Espagne","Real Madrid","Real Madrid C.F.","RMA","5","MINUTE","1","0","0","1.03","KILOMETER","25.3","KILOMETER_PER_HOUR"
"69657","50146","39","1986-08-08","22","Hämäläinen","FIN","ATTACKING_MIDFIELDER","MIDFIELDER","MALE","187","./image/69657.jpg","Kasper Hämäläinen","MIDFIELDER","21","Hämäläinen","42","74","Finlande","Milieu","Kasper","Hämäläinen","Kasper Hämäläinen","Hämäläinen","200109","./assoc/200109_POL.svg","./logo/50146.png","UEFA","POL","50146","FAME","Legia Warszawa","","https://img.uefa.com/imgml/TP/teams/logos/70x70/50146.png","https://img.uefa.com/imgml/TP/teams/logos/240x240/50146.png","250146","LEG","DOMESTIC_MEN_TEAM_A","","DOMESTIC","Pologne","Legia Warszawa","Legia Warszawa","LEG","4","MINUTE","1","0","0","1.28","KILOMETER","24.5","KILOMETER_PER_HOUR"
"250002316","50149","36","1989-03-08","3","PETROVIĆ","SRB","DEFENSIVE_MIDFIELDER","DEFENDER","MALE","193","./image/250002316.jpg","Radosav Petrović","MIDFIELDER","8","Petrović","","83","Serbie","Défenseur","Radosav","Petrović","Radosav Petrović","Petrović","200110","./assoc/200110_POR.svg","./logo/50149.png","UEFA","POR","50149","FAME","Sporting CP","","https://img.uefa.com/imgml/TP/teams/logos/70x70/50149.png","https://img.uefa.com/imgml/TP/teams/logos/240x240/50149.png","250149","SPO","DOMESTIC_MEN_TEAM_A","","DOMESTIC","Portugal","Sporting CP","Sporting Clube de Portugal","SPO","3","MINUTE","1","0","0","0.91","KILOMETER","22.3","KILOMETER_PER_HOUR"
"250008025","52723","35","1990-01-14","11","GROMOV","UKR","WINGER","FORWARD","MALE","178","./image/250008025.jpg","Artem Gromov","MIDFIELDER","33","Gromov","57166","72","Ukraine","Attaquant","Artem","Gromov","Artem Gromov","Gromov","257166","./assoc/257166_UKR.svg","./logo/52723.png","UEFA","UKR","52723","FAME","Dynamo Kyiv","","https://img.uefa.com/imgml/TP/teams/logos/70x70/52723.png","https://img.uefa.com/imgml/TP/teams/logos/240x240/52723.png","252723","DKY","DOMESTIC_MEN_TEAM_A","","DOMESTIC","Ukraine","Dynamo Kyiv","FC Dynamo Kyiv","DKY","3","MINUTE","1","0","0","0.84","KILOMETER","23.1","KILOMETER_PER_HOUR"
"1908195","52714","34","1991-10-01","5","Kolodziejczak","FRA","FULL_BACK","DEFENDER","MALE","185","./image/1908195.jpg","Timothée Kolodziejczak","DEFENDER","14","Kolodziedjczak","200043","74","France","Défenseur","Timothée","Kolodziejczak","Timothée Kolodziejczak","Kolodziejczak","200122","./assoc/200122_ESP.svg","./logo/52714.png","UEFA","ESP","52714","FAME","Sevilla","","https://img.uefa.com/imgml/TP/teams/logos/70x70/52714.png","https://img.uefa.com/imgml/TP/teams/logos/240x240/52714.png","252714","SEV","DOMESTIC_MEN_TEAM_A","","DOMESTIC","Espagne","Sevilla","Sevilla FC","SEV","3","MINUTE","1","0","0","0.71","KILOMETER","21.7","KILOMETER_PER_HOUR"
"250080684","64500","29","1996-10-01","6","Saeid","IRN","DEFENSIVE_MIDFIELDER","MIDFIELDER","MALE","190","./image/250080684.jpg","Saeid Ezatolahi","MIDFIELDER","6","SAEID","61","78","Iran","Milieu","Saeid","Ezatolahi","Saeid Ezatolahi","Ezatolahi","257451","./assoc/257451_RUS.svg","./logo/64500.png","UEFA","RUS","64500","FAME","Rostov","","https://img.uefa.com/imgml/TP/teams/logos/70x70/64500.png","https://img.uefa.com/imgml/TP/teams/logos/240x240/64500.png","264500","ROS","DOMESTIC_MEN_TEAM_A","","DOMESTIC","Russie","Rostov","FC Rostov","ROS","2","MINUTE","2","0","0","0.96","KILOMETER","21.5","KILOMETER_PER_HOUR"
"250076648","52747","27","1998-05-02","11","J. Ikonè","FRA","ATTACKING_MIDFIELDER","FORWARD","MALE","175","./image/250076648.jpg","Jonathan Ikoné","MIDFIELDER","8","Ikone","43","70","France","Attaquant","Jonathan","Ikoné","Jonathan Ikoné","Ikoné","200043","./assoc/200043_FRA.svg","./logo/52747.png","UEFA","FRA","52747","FAME","Paris","","https://img.uefa.com/imgml/TP/teams/logos/70x70/52747.png","https://img.uefa.com/imgml/TP/teams/logos/240x240/52747.png","252747","PSG","DOMESTIC_MEN_TEAM_A","","DOMESTIC","France","Paris","Paris Saint-Germain","PSG","2","MINUTE","1","0","0","0.89","KILOMETER","21","KILOMETER_PER_HOUR"
"73319","50064","40","1985-02-02","7","Varela","POR","WINGER","FORWARD","MALE","180","./image/73319.jpg","Silvestre Varela","FORWARD","18","VARELA","","75","Portugal","Attaquant","Silvestre","Varela","Silvestre Varela","Varela","200110","./assoc/200110_POR.svg","./logo/50064.png","UEFA","POR","50064","FAME","Porto","","https://img.uefa.com/imgml/TP/teams/logos/70x70/50064.png","https://img.uefa.com/imgml/TP/teams/logos/240x240/50064.png","250064","POR","DOMESTIC_MEN_TEAM_A","","DOMESTIC","Portugal","Porto","FC Porto","POR","2","MINUTE","1","0","0","0.82","KILOMETER","25.1","KILOMETER_PER_HOUR"
"250098951","52709","27","1997-11-05","35","Keita","CIV","CENTRAL_MIDFIELDER","MIDFIELDER","MALE","184","./image/250098951.jpg","Aboubakar Keita","MIDFIELDER","","Keita","","74","Côte d'Ivoire","Milieu","Aboubakar","Keita","Aboubakar Keita","Keita","200035","./assoc/200035_DEN.svg","./logo/52709.png","UEFA","DEN","52709","FAME","Copenhagen","","https://img.uefa.com/imgml/TP/teams/logos/70x70/52709.png","https://img.uefa.com/imgml/TP/teams/logos/240x240/52709.png","252709","CPH","DOMESTIC_MEN_TEAM_A","","DOMESTIC","Danemark","Copenhagen","F.C. Copenhagen","CPH","2","MINUTE","1","0","0","0.58","KILOMETER","20.5","KILOMETER_PER_HOUR"
"62194","64500","40","1985-03-12","11","Bukharov","RUS","STRIKER","FORWARD","MALE","191","./image/62194.jpg","Aleksandr Bukharov","FORWARD","10","Bukharov","57451","83","Russie","Attaquant","Aleksandr","Bukharov","Aleksandr Bukharov","Bukharov","257451","./assoc/257451_RUS.svg","./logo/64500.png","UEFA","RUS","64500","FAME","Rostov","","https://img.uefa.com/imgml/TP/teams/logos/70x70/64500.png","https://img.uefa.com/imgml/TP/teams/logos/240x240/64500.png","264500","ROS","DOMESTIC_MEN_TEAM_A","","DOMESTIC","Russie","Rostov","FC Rostov","ROS","1","MINUTE","1","0","0","0.89","KILOMETER","21.6","KILOMETER_PER_HOUR"
"250076262","52758","27","1998-05-22","32","Burnic","BIH","UNKNOWN","MIDFIELDER","MALE","","./image/250076262.jpg","Dzenis Burnić","MIDFIELDER","17","Burnić","60094","","Bosnie-Herzégovine","Milieu","Dzenis","Burnić","Dzenis Burnić","Burnić","200047","./assoc/200047_GER.svg","./logo/52758.png","UEFA","GER","52758","FAME","B. Dortmund","","https://img.uefa.com/imgml/TP/teams/logos/70x70/52758.png","https://img.uefa.com/imgml/TP/teams/logos/240x240/52758.png","252758","BVB","DOMESTIC_MEN_TEAM_A","","DOMESTIC","Allemagne","B. Dortmund","Borussia Dortmund","BVB","1","MINUTE","1","0","0","0.74","KILOMETER","21.4","KILOMETER_PER_HOUR"
"250052952","2603104","35","1990-03-01","8","L.SASHA","BRA","DEFENSIVE_MIDFIELDER","MIDFIELDER","MALE","177","./image/250052952.jpg","Lucas Sasha","MIDFIELDER","","Affini","","67","Brésil","Milieu","Lucas","Sasha","Lucas Sasha","Sasha","200020","./assoc/200020_BUL.svg","./logo/2603104.png","UEFA","BUL","2603104","FAME","Ludogorets","","https://img.uefa.com/imgml/TP/teams/logos/70x70/2603104.png","https://img.uefa.com/imgml/TP/teams/logos/240x240/2603104.png","250002030","LUD","DOMESTIC_MEN_TEAM_A","","DOMESTIC","Bulgarie","Ludogorets","PFC Ludogorets 1945","LUD","1","MINUTE","1","0","0","0.55","KILOMETER","25.2","KILOMETER_PER_HOUR"
"250064581","52747","28","1997-06-16","10","AUGUSTIN","FRA","STRIKER","FORWARD","MALE","177","./image/250064581.jpg","Jean-Kévin Augustin","FORWARD","11","Augustin","200043","69","France","Attaquant","Jean-Kévin","Augustin","Jean-Kévin Augustin","Augustin","200043","./assoc/200043_FRA.svg","./logo/52747.png","UEFA","FRA","52747","FAME","Paris","","https://img.uefa.com/imgml/TP/teams/logos/70x70/52747.png","https://img.uefa.com/imgml/TP/teams/logos/240x240/52747.png","252747","PSG","DOMESTIC_MEN_TEAM_A","","DOMESTIC","France","Paris","Paris Saint-Germain","PSG","1","MINUTE","1","0","0","0.41","KILOMETER","25.6","KILOMETER_PER_HOUR"
"95009","52709","41","1984-02-24","2","Høgli","NOR","FULL_BACK","DEFENDER","MALE","175","./image/95009.jpg","Tom Høgli","DEFENDER","2","Høgli","200101","75","Norvège","Défenseur","Tom","Høgli","Tom Høgli","Høgli","200035","./assoc/200035_DEN.svg","./logo/52709.png","UEFA","DEN","52709","FAME","Copenhagen","","https://img.uefa.com/imgml/TP/teams/logos/70x70/52709.png","https://img.uefa.com/imgml/TP/teams/logos/240x240/52709.png","252709","CPH","DOMESTIC_MEN_TEAM_A","","DOMESTIC","Danemark","Copenhagen","F.C. Copenhagen","CPH","1","MINUTE","1","0","0","0.38","KILOMETER","19.61","KILOMETER_PER_HOUR"
"42650","52709","44","1981-05-31","","","SWE","CENTRE_BACK","DEFENDER","","189","./image/42650.jpg","Mikael Antonsson","","","","","80","Suède","Défenseur","Mikael","Antonsson","Mikael Antonsson","Antonsson","200035","./assoc/200035_DEN.svg","./logo/52709.png","UEFA","DEN","52709","FAME","Copenhagen","","https://img.uefa.com/imgml/TP/teams/logos/70x70/52709.png","https://img.uefa.com/imgml/TP/teams/logos/240x240/52709.png","252709","CPH","DOMESTIC_MEN_TEAM_A","","DOMESTIC","Danemark","Copenhagen","F.C. Copenhagen","CPH","1","MINUTE","1","0","0","0.21","KILOMETER","17.3","KILOMETER_PER_HOUR"
"73064","50124","38","1987-07-23","17","CERCI","ITA","WINGER","MIDFIELDER","MALE","180","./image/73064.jpg","Alessio Cerci","MIDFIELDER","11","Cerci","","78","Italie","Milieu","Alessio","Cerci","Alessio Cerci","Cerci","200122","./assoc/200122_ESP.svg","./logo/50124.png","UEFA","ESP","50124","FAME","Atleti","","https://img.uefa.com/imgml/TP/teams/logos/70x70/50124.png","https://img.uefa.com/imgml/TP/teams/logos/240x240/50124.png","250124","ATM","DOMESTIC_MEN_TEAM_A","","DOMESTIC","Espagne","Atleti","Atlético de Madrid","ATM","0","MINUTE","","","","","","",""
"71507","52919","39","1986-04-10","4","","BEL","CENTRE_BACK","","MALE","193","./image/71507.jpg","Vincent Kompany","DEFENDER","4","Kompany","13","83","Belgique","","Vincent","Kompany","Vincent Kompany","Kompany","200039","./assoc/200039_ENG.svg","./logo/52919.png","UEFA","ENG","52919","FAME","Man City","","https://img.uefa.com/imgml/TP/teams/logos/70x70/52919.png","https://img.uefa.com/imgml/TP/teams/logos/240x240/52919.png","252919","MCI","DOMESTIC_MEN_TEAM_A","","DOMESTIC","Angleterre","Man City","Manchester City","MCI","0","MINUTE","","","","","","",""
"67840","50062","41","1984-10-07","14","Poulsen","DEN","UNKNOWN","DEFENDER","MALE","186","./image/67840.jpg","Simon Poulsen","DEFENDER","15","Poulsen","35","77","Danemark","Défenseur","Simon","Poulsen","Simon Poulsen","S. Poulsen","200095","./assoc/200095_NED.svg","./logo/50062.png","UEFA","NED","50062","FAME","PSV","","https://img.uefa.com/imgml/TP/teams/logos/70x70/50062.png","https://img.uefa.com/imgml/TP/teams/logos/240x240/50062.png","250062","PSV","DOMESTIC_MEN_TEAM_A","","DOMESTIC","Pays-Bas","PSV","PSV Eindhoven","PSV","0","MINUTE","","","","","","",""
"65689","59856","45","1980-08-30","18","","SUI","UNKNOWN","","MALE","187","./image/65689.jpg","Germano Vailati","GOALKEEPER","21","Vailati","","84","Suisse","","Germano","Vailati","Germano Vailati","Vailati","200128","./assoc/200128_SUI.svg","./logo/59856.png","UEFA","SUI","59856","FAME","Basel","","https://img.uefa.com/imgml/TP/teams/logos/70x70/59856.png","https://img.uefa.com/imgml/TP/teams/logos/240x240/59856.png","259856","BSL","DOMESTIC_MEN_TEAM_A","","DOMESTIC","Suisse","Basel","FC Basel 1893","BSL","0","MINUTE","","","","","","",""
"61728","1652","41","1983-10-20","13","Vorm","NED","GOALKEEPER","GOALKEEPER","MALE","183","./image/61728.jpg","Michel Vorm","GOALKEEPER","22","Vorm","95","84","Pays-Bas","Gardien","Michel","Vorm","Michel Vorm","Vorm","200039","./assoc/200039_ENG.svg","./logo/1652.png","UEFA","ENG","1652","FAME","Tottenham","","https://img.uefa.com/imgml/TP/teams/logos/70x70/1652.png","https://img.uefa.com/imgml/TP/teams/logos/240x240/1652.png","201652","TOT","DOMESTIC_MEN_TEAM_A","","DOMESTIC","Angleterre","Tottenham","Tottenham Hotspur","TOT","0","MINUTE","","","","","","",""
"51883","52709","43","1981-11-26","1","Maigaard Andersen","DEN","GOALKEEPER","GOALKEEPER","MALE","188","./image/51883.jpg","Stephan Andersen","GOALKEEPER","16","Maigaard Andersen","35","82","Danemark","Gardien","Stephan","Andersen","Stephan Andersen","Andersen","200035","./assoc/200035_DEN.svg","./logo/52709.png","UEFA","DEN","52709","FAME","Copenhagen","","https://img.uefa.com/imgml/TP/teams/logos/70x70/52709.png","https://img.uefa.com/imgml/TP/teams/logos/240x240/52709.png","252709","CPH","DOMESTIC_MEN_TEAM_A","","DOMESTIC","Danemark","Copenhagen","F.C. Copenhagen","CPH","0","MINUTE","","","","","","",""
"49029","52280","43","1982-05-20","1","","CZE","GOALKEEPER","","MALE","196","./image/49029.jpg","Petr Čech","GOALKEEPER","1","Cech","","90","Tchéquie","","Petr","Čech","Petr Čech","Čech","200039","./assoc/200039_ENG.svg","./logo/52280.png","UEFA","ENG","52280","FAME","Arsenal","","https://img.uefa.com/imgml/TP/teams/logos/70x70/52280.png","https://img.uefa.com/imgml/TP/teams/logos/240x240/52280.png","252280","ARS","DOMESTIC_MEN_TEAM_A","","DOMESTIC","Angleterre","Arsenal","Arsenal FC","ARS","0","MINUTE","","","","","","",""
"48661","50149","43","1982-05-01","34","Beto","POR","GOALKEEPER","GOALKEEPER","MALE","181","./image/48661.jpg","Beto","GOALKEEPER","22","Beto","110","81","Portugal","Gardien","","Beto","Beto","Beto","200110","./assoc/200110_POR.svg","./logo/50149.png","UEFA","POR","50149","FAME","Sporting CP","","https://img.uefa.com/imgml/TP/teams/logos/70x70/50149.png","https://img.uefa.com/imgml/TP/teams/logos/240x240/50149.png","250149","SPO","DOMESTIC_MEN_TEAM_A","","DOMESTIC","Portugal","Sporting CP","Sporting Clube de Portugal","SPO","0","MINUTE","","","","","","",""
"43126","50037","44","1981-03-18","22","","GER","","","MALE","194","./image/43126.jpg","Tom Starke","GOALKEEPER","","Starke","","97","Allemagne","","Tom","Starke","Tom Starke","Starke","200047","./assoc/200047_GER.svg","./logo/50037.png","UEFA","GER","50037","FAME","Bayern München","","https://img.uefa.com/imgml/TP/teams/logos/70x70/50037.png","https://img.uefa.com/imgml/TP/teams/logos/240x240/50037.png","250037","BAY","DOMESTIC_MEN_TEAM_A","","DOMESTIC","Allemagne","Bayern München","FC Bayern München","BAY","0","MINUTE","","","","","","",""
"250106638","50023","29","1996-06-28","18","Jorge","BRA","","DEFENDER","MALE","","./image/250106638.jpg","Jorge","DEFENDER","","Jorge","","","Brésil","Défenseur","","Jorge","Jorge","Jorge","200043","./assoc/200043_FRA.svg","./logo/50023.png","UEFA","FRA","50023","FAME","Monaco","","https://img.uefa.com/imgml/TP/teams/logos/70x70/50023.png","https://img.uefa.com/imgml/TP/teams/logos/240x240/50023.png","250023","MON","DOMESTIC_MEN_TEAM_A","","DOMESTIC","France","Monaco","AS Monaco","MON","0","MINUTE","","","","","","",""
"250101534","52919","25","2000-05-28","47","Foden","ENG","UNKNOWN","MIDFIELDER","MALE","","./image/250101534.jpg","Phil Foden","MIDFIELDER","10","Foden","39","","Angleterre","Milieu","Phil","Foden","Phil Foden","Foden","200039","./assoc/200039_ENG.svg","./logo/52919.png","UEFA","ENG","52919","FAME","Man City","","https://img.uefa.com/imgml/TP/teams/logos/70x70/52919.png","https://img.uefa.com/imgml/TP/teams/logos/240x240/52919.png","252919","MCI","DOMESTIC_MEN_TEAM_A","","DOMESTIC","Angleterre","Man City","Manchester City","MCI","0","MINUTE","","","","","","",""
"250101097","50124","28","1997-07-31","12","C. HENRIQUE","BRA","UNKNOWN","DEFENDER","MALE","178","./image/250101097.jpg","Caio Henrique","DEFENDER","","C. Henrique","","","Brésil","Défenseur","","Caio Henrique","Caio Henrique","Caio Henrique","200122","./assoc/200122_ESP.svg","./logo/50124.png","UEFA","ESP","50124","FAME","Atleti","","https://img.uefa.com/imgml/TP/teams/logos/70x70/50124.png","https://img.uefa.com/imgml/TP/teams/logos/240x240/50124.png","250124","ATM","DOMESTIC_MEN_TEAM_A","","DOMESTIC","Espagne","Atleti","Atlético de Madrid","ATM","0","MINUTE","","","","","","",""
"250101095","50080","31","1994-02-18","32","NILI","ESP","UNKNOWN","DEFENDER","MALE","178","./image/250101095.jpg","Nili Perdomo","DEFENDER","","NILI","","74","Espagne","Défenseur","","Nili Perdomo","Nili Perdomo","Nili Perdomo","200122","./assoc/200122_ESP.svg","./logo/50080.png","UEFA","ESP","50080","FAME","Barcelona","","https://img.uefa.com/imgml/TP/teams/logos/70x70/50080.png","https://img.uefa.com/imgml/TP/teams/logos/240x240/50080.png","250080","BAR","DOMESTIC_MEN_TEAM_A","","DOMESTIC","Espagne","Barcelona","FC Barcelona","BAR","0","MINUTE","","","","","","",""
"250100542","52723","30","1995-05-18","3","Oçiqava","UKR","CENTRE_BACK","DEFENDER","MALE","186","./image/250100542.jpg","Zurab Ochigava","DEFENDER","","Ochigava","","74","Ukraine","Défenseur","Zurab","Ochigava","Zurab Ochigava","Ochigava","257166","./assoc/257166_UKR.svg","./logo/52723.png","UEFA","UKR","52723","FAME","Dynamo Kyiv","","https://img.uefa.com/imgml/TP/teams/logos/70x70/52723.png","https://img.uefa.com/imgml/TP/teams/logos/240x240/52723.png","252723","DKY","DOMESTIC_MEN_TEAM_A","","DOMESTIC","Ukraine","Dynamo Kyiv","FC Dynamo Kyiv","DKY","0","MINUTE","","","","","","",""
"250100503","52757","30","1995-07-20","36","Rütten","GER","","MIDFIELDER","MALE","","./image/250100503.jpg","Nils Rütten","MIDFIELDER","","Rütten","","","Allemagne","Milieu","Nils","Rütten","Nils Rütten","Rütten","200047","./assoc/200047_GER.svg","./logo/52757.png","UEFA","GER","52757","FAME","Mönchengladbach","","https://img.uefa.com/imgml/TP/teams/logos/70x70/52757.png","https://img.uefa.com/imgml/TP/teams/logos/240x240/52757.png","252757","MON","DOMESTIC_MEN_TEAM_A","","DOMESTIC","Allemagne","Mönchengladbach","Borussia Mönchengladbach","MON","0","MINUTE","","","","","","",""
"250099445","64500","33","1992-01-07","19","Bayramyan","ARM","WINGER","MIDFIELDER","MALE","170","./image/250099445.jpg","Khoren Bayramyan","MIDFIELDER","7","Bayramyan","57419","63","Arménie","Milieu","Khoren","Bayramyan","Khoren Bayramyan","Bayramyan","257451","./assoc/257451_RUS.svg","./logo/64500.png","UEFA","RUS","64500","FAME","Rostov","","https://img.uefa.com/imgml/TP/teams/logos/70x70/64500.png","https://img.uefa.com/imgml/TP/teams/logos/240x240/64500.png","264500","ROS","DOMESTIC_MEN_TEAM_A","","DOMESTIC","Russie","Rostov","FC Rostov","ROS","0","MINUTE","","","","","","",""
"250097388","64500","30","1994-12-17","1","Medvedev","RUS","GOALKEEPER","GOALKEEPER","MALE","192","./image/250097388.jpg","Nikita Medvedev","GOALKEEPER","12","Medvedev","257451","80","Russie","Gardien","Nikita","Medvedev","Nikita Medvedev","Medvedev","257451","./assoc/257451_RUS.svg","./logo/64500.png","UEFA","RUS","64500","FAME","Rostov","","https://img.uefa.com/imgml/TP/teams/logos/70x70/64500.png","https://img.uefa.com/imgml/TP/teams/logos/240x240/64500.png","264500","ROS","DOMESTIC_MEN_TEAM_A","","DOMESTIC","Russie","Rostov","FC Rostov","ROS","0","MINUTE","","","","","","",""
"250094540","1652","27","1997-12-31","20","Carter-Vickers","USA","CENTRE_BACK","DEFENDER","MALE","186","./image/250094540.jpg","Cameron Carter-Vickers","DEFENDER","20","C.Vickers","140","","Etats-Unis","Défenseur","Cameron","Carter-Vickers","Cameron Carter-Vickers","Carter-Vickers","200039","./assoc/200039_ENG.svg","./logo/1652.png","UEFA","ENG","1652","FAME","Tottenham","","https://img.uefa.com/imgml/TP/teams/logos/70x70/1652.png","https://img.uefa.com/imgml/TP/teams/logos/240x240/1652.png","201652","TOT","DOMESTIC_MEN_TEAM_A","","DOMESTIC","Angleterre","Tottenham","Tottenham Hotspur","TOT","0","MINUTE","","","","","","",""
"250088061","50051","26","1998-11-04","2","HAKIMI","MAR","WINGER","DEFENDER","MALE","179","./image/250088061.jpg","Achraf Hakimi","MIDFIELDER","2","Hakimi","92","68","Maroc","Défenseur","Achraf","Hakimi","Achraf Hakimi","Hakimi","200122","./assoc/200122_ESP.svg","./logo/50051.png","UEFA","ESP","50051","FAME","Real Madrid","","https://img.uefa.com/imgml/TP/teams/logos/70x70/50051.png","https://img.uefa.com/imgml/TP/teams/logos/240x240/50051.png","250051","RMA","DOMESTIC_MEN_TEAM_A","","DOMESTIC","Espagne","Real Madrid","Real Madrid C.F.","RMA","","","","","","","","",""
"250087965","50062","31","1994-02-09","31","Jurjus","NED","UNKNOWN","GOALKEEPER","MALE","187","./image/250087965.jpg","Hidde Jurjus","GOALKEEPER","","Jurjus","200095","87","Pays-Bas","Gardien","Hidde","Jurjus","Hidde Jurjus","Jurjus","200095","./assoc/200095_NED.svg","./logo/50062.png","UEFA","NED","50062","FAME","PSV","","https://img.uefa.com/imgml/TP/teams/logos/70x70/50062.png","https://img.uefa.com/imgml/TP/teams/logos/240x240/50062.png","250062","PSV","DOMESTIC_MEN_TEAM_A","","DOMESTIC","Pays-Bas","PSV","PSV Eindhoven","PSV","0","MINUTE","","","","","","",""
"250086341","50051","32","1993-10-12","31","R. YÁÑEZ","ESP","UNKNOWN","GOALKEEPER","MALE","187","./image/250086341.jpg","Rubén Yáñez","GOALKEEPER","","Alabart","","80","Espagne","Gardien","Rubén","Yáñez","Rubén Yáñez","Yáñez","200122","./assoc/200122_ESP.svg","./logo/50051.png","UEFA","ESP","50051","FAME","Real Madrid","","https://img.uefa.com/imgml/TP/teams/logos/70x70/50051.png","https://img.uefa.com/imgml/TP/teams/logos/240x240/50051.png","250051","RMA","DOMESTIC_MEN_TEAM_A","","DOMESTIC","Espagne","Real Madrid","Real Madrid C.F.","RMA","0","MINUTE","","","","","","",""
"250085685","52758","31","1994-01-22","39","BONMANN","GER","UNKNOWN","GOALKEEPER","MALE","194","./image/250085685.jpg","Hendrik Bonmann","GOALKEEPER","","Bonmann","","80","Allemagne","Gardien","Hendrik","Bonmann","Hendrik Bonmann","Bonmann","200047","./assoc/200047_GER.svg","./logo/52758.png","UEFA","GER","52758","FAME","B. Dortmund","","https://img.uefa.com/imgml/TP/teams/logos/70x70/52758.png","https://img.uefa.com/imgml/TP/teams/logos/240x240/52758.png","252758","BVB","DOMESTIC_MEN_TEAM_A","","DOMESTIC","Allemagne","B. Dortmund","Borussia Dortmund","BVB","0","MINUTE","","","","","","",""
"250085621","50043","27","1998-04-24","92","Lemoine","BEL","","DEFENDER","MALE","184","./image/250085621.jpg","Laurent Lemoine","DEFENDER","3","Lemoine","300013","","Belgique","Défenseur","Laurent","Lemoine","Laurent Lemoine","Lemoine","200013","./assoc/200013_BEL.svg","./logo/50043.png","UEFA","BEL","50043","FAME","Club Brugge","","https://img.uefa.com/imgml/TP/teams/logos/70x70/50043.png","https://img.uefa.com/imgml/TP/teams/logos/240x240/50043.png","250043","BRU","DOMESTIC_MEN_TEAM_A","","DOMESTIC","Belgique","Club Brugge","Club Brugge KV","BRU","0","MINUTE","","","","","","",""
"250081368","52714","32","1993-04-04","13","DAVID SORIA","ESP","GOALKEEPER","GOALKEEPER","MALE","192","./image/250081368.jpg","David Soria","GOALKEEPER","","DAVID SORIA","","85","Espagne","Gardien","David","Soria","David Soria","Soria","200122","./assoc/200122_ESP.svg","./logo/52714.png","UEFA","ESP","52714","FAME","Sevilla","","https://img.uefa.com/imgml/TP/teams/logos/70x70/52714.png","https://img.uefa.com/imgml/TP/teams/logos/240x240/52714.png","252714","SEV","DOMESTIC_MEN_TEAM_A","","DOMESTIC","Espagne","Sevilla","Sevilla FC","SEV","0","MINUTE","","","","","","",""
"250081065","50124","28","1997-09-10","36","TACHI","ESP","UNKNOWN","DEFENDER","MALE","","./image/250081065.jpg","Alberto Rodríguez","DEFENDER","","ALBERTO","","","Espagne","Défenseur","Alberto","Rodríguez","Alberto Rodríguez","Alberto Rodríguez","200122","./assoc/200122_ESP.svg","./logo/50124.png","UEFA","ESP","50124","FAME","Atleti","","https://img.uefa.com/imgml/TP/teams/logos/70x70/50124.png","https://img.uefa.com/imgml/TP/teams/logos/240x240/50124.png","250124","ATM","DOMESTIC_MEN_TEAM_A","","DOMESTIC","Espagne","Atleti","Atlético de Madrid","ATM","0","MINUTE","","","","","","",""
"250080572","52758","29","1996-06-22","23","Merino","ESP","CENTRAL_MIDFIELDER","MIDFIELDER","MALE","","./image/250080572.jpg","Mikel Merino","MIDFIELDER","6","MERINO","122","","Espagne","Milieu","Mikel","Merino","Mikel Merino","Merino","200047","./assoc/200047_GER.svg","./logo/52758.png","UEFA","GER","52758","FAME","B. Dortmund","","https://img.uefa.com/imgml/TP/teams/logos/70x70/52758.png","https://img.uefa.com/imgml/TP/teams/logos/240x240/52758.png","252758","BVB","DOMESTIC_MEN_TEAM_A","","DOMESTIC","Allemagne","B. Dortmund","Borussia Dortmund","BVB","0","MINUTE","","","","","","",""
"250079546","50051","27","1998-05-13","30","LUCA","FRA","UNKNOWN","GOALKEEPER","MALE","182","./image/250079546.jpg","Luca Zidane","GOALKEEPER","1","Zidane","300043","76","France","Gardien","Luca","Zidane","Luca Zidane","Zidane","200122","./assoc/200122_ESP.svg","./logo/50051.png","UEFA","ESP","50051","FAME","Real Madrid","","https://img.uefa.com/imgml/TP/teams/logos/70x70/50051.png","https://img.uefa.com/imgml/TP/teams/logos/240x240/50051.png","250051","RMA","DOMESTIC_MEN_TEAM_A","","DOMESTIC","Espagne","Real Madrid","Real Madrid C.F.","RMA","","","","","","","","",""
"250079419","52280","27","1998-01-17","22","Reine-Adelaide","FRA","CENTRAL_MIDFIELDER","FORWARD","MALE","184","./image/250079419.jpg","Jeff Reine-Adélaïde","FORWARD","17","Reine-Adelaide","200043","75","France","Attaquant","Jeff","Reine-Adélaïde","Jeff Reine-Adélaïde","Reine-Adélaïde","200039","./assoc/200039_ENG.svg","./logo/52280.png","UEFA","ENG","52280","FAME","Arsenal","","https://img.uefa.com/imgml/TP/teams/logos/70x70/52280.png","https://img.uefa.com/imgml/TP/teams/logos/240x240/52280.png","252280","ARS","DOMESTIC_MEN_TEAM_A","","DOMESTIC","Angleterre","Arsenal","Arsenal FC","ARS","0","MINUTE","","","","","","",""
"250079357","50043","27","1998-01-30","39","TEUNCKENS","BEL","UNKNOWN","GOALKEEPER","MALE","186","./image/250079357.jpg","Jens Teunckens","GOALKEEPER","12","Teunckens","13","","Belgique","Gardien","Jens","Teunckens","Jens Teunckens","Teunckens","200013","./assoc/200013_BEL.svg","./logo/50043.png","UEFA","BEL","50043","FAME","Club Brugge","","https://img.uefa.com/imgml/TP/teams/logos/70x70/50043.png","https://img.uefa.com/imgml/TP/teams/logos/240x240/50043.png","250043","BRU","DOMESTIC_MEN_TEAM_A","","DOMESTIC","Belgique","Club Brugge","Club Brugge KV","BRU","0","MINUTE","","","","","","",""
"250076720","50051","29","1996-07-20","15","TEJERO","ESP","UNKNOWN","DEFENDER","MALE","","./image/250076720.jpg","Álvaro Tejero","DEFENDER","","Tejero","","","Espagne","Défenseur","Álvaro","Tejero","Álvaro Tejero","A. Tejero","200122","./assoc/200122_ESP.svg","./logo/50051.png","UEFA","ESP","50051","FAME","Real Madrid","","https://img.uefa.com/imgml/TP/teams/logos/70x70/50051.png","https://img.uefa.com/imgml/TP/teams/logos/240x240/50051.png","250051","RMA","DOMESTIC_MEN_TEAM_A","","DOMESTIC","Espagne","Real Madrid","Real Madrid C.F.","RMA","0","MINUTE","","","","","","",""
"250076718","50051","28","1997-01-22","34","Seoane Valenciano","ESP","UNKNOWN","MIDFIELDER","MALE","","./image/250076718.jpg","Jaime Seoane","MIDFIELDER","","Seoane Valenciano","","","Espagne","Milieu","Jaime","Seoane","Jaime Seoane","Seoane","200122","./assoc/200122_ESP.svg","./logo/50051.png","UEFA","ESP","50051","FAME","Real Madrid","","https://img.uefa.com/imgml/TP/teams/logos/70x70/50051.png","https://img.uefa.com/imgml/TP/teams/logos/240x240/50051.png","250051","RMA","DOMESTIC_MEN_TEAM_A","","DOMESTIC","Espagne","Real Madrid","Real Madrid C.F.","RMA","","","","","","","","",""
"250076715","50051","28","1997-03-14","31","JAVI SANCHEZ","ESP","UNKNOWN","DEFENDER","MALE","","./image/250076715.jpg","Javier Sánchez","DEFENDER","","Sanchez De Felipe","","","Espagne","Défenseur","","Javier Sánchez","Javier Sánchez","Javier Sánchez","200122","./assoc/200122_ESP.svg","./logo/50051.png","UEFA","ESP","50051","FAME","Real Madrid","","https://img.uefa.com/imgml/TP/teams/logos/70x70/50051.png","https://img.uefa.com/imgml/TP/teams/logos/240x240/50051.png","250051","RMA","DOMESTIC_MEN_TEAM_A","","DOMESTIC","Espagne","Real Madrid","Real Madrid C.F.","RMA","","","","","","","","",""
"250076714","50051","28","1997-04-15","22","A. SALTO","ESP","UNKNOWN","DEFENDER","MALE","","./image/250076714.jpg","Alejandro Salto","DEFENDER","","Salto Sanchez","","","Espagne","Défenseur","Alejandro","Salto","Alejandro Salto","Salto","200122","./assoc/200122_ESP.svg","./logo/50051.png","UEFA","ESP","50051","FAME","Real Madrid","","https://img.uefa.com/imgml/TP/teams/logos/70x70/50051.png","https://img.uefa.com/imgml/TP/teams/logos/240x240/50051.png","250051","RMA","DOMESTIC_MEN_TEAM_A","","DOMESTIC","Espagne","Real Madrid","Real Madrid C.F.","RMA","","","","","","","","",""
"250076711","50051","28","1997-03-03","11","MARIO","ESP","UNKNOWN","FORWARD","MALE","","./image/250076711.jpg","Mario","FORWARD","","Rodriguez Ruiz","2300122","","Espagne","Attaquant","","Mario","Mario","Mario","200122","./assoc/200122_ESP.svg","./logo/50051.png","UEFA","ESP","50051","FAME","Real Madrid","","https://img.uefa.com/imgml/TP/teams/logos/70x70/50051.png","https://img.uefa.com/imgml/TP/teams/logos/240x240/50051.png","250051","RMA","DOMESTIC_MEN_TEAM_A","","DOMESTIC","Espagne","Real Madrid","Real Madrid C.F.","RMA","","","","","","","","",""
"250076576","50023","29","1996-06-18","92","NGUINDA","FRA","UNKNOWN","DEFENDER","MALE","178","./image/250076576.jpg","Pierre-Daniel Nguinda","DEFENDER","","Nguinda Ndiffon","","71","France","Défenseur","Pierre-Daniel","Nguinda","Pierre-Daniel Nguinda","Nguinda","200043","./assoc/200043_FRA.svg","./logo/50023.png","UEFA","FRA","50023","FAME","Monaco","","https://img.uefa.com/imgml/TP/teams/logos/70x70/50023.png","https://img.uefa.com/imgml/TP/teams/logos/240x240/50023.png","250023","MON","DOMESTIC_MEN_TEAM_A","","DOMESTIC","France","Monaco","AS Monaco","MON","0","MINUTE","","","","","","",""
"250076563","50023","28","1997-08-08","9","Cardona","MLT","UNKNOWN","FORWARD","MALE","185","./image/250076563.jpg","Irvin Cardona","FORWARD","11","CARDONA","88","76","Malte","Attaquant","Irvin","Cardona","Irvin Cardona","Cardona","200043","./assoc/200043_FRA.svg","./logo/50023.png","UEFA","FRA","50023","FAME","Monaco","","https://img.uefa.com/imgml/TP/teams/logos/70x70/50023.png","https://img.uefa.com/imgml/TP/teams/logos/240x240/50023.png","250023","MON","DOMESTIC_MEN_TEAM_A","","DOMESTIC","France","Monaco","AS Monaco","MON","0","MINUTE","","","","","","",""
"250076558","50023","27","1998-02-05","1","L. BADIASHILE","FRA","UNKNOWN","GOALKEEPER","MALE","186","./image/250076558.jpg","Loïc Badiashile","GOALKEEPER","","Badiashile Mukinayi","","80","France","Gardien","Loïc","Badiashile","Loïc Badiashile","Badiashile","200043","./assoc/200043_FRA.svg","./logo/50023.png","UEFA","FRA","50023","FAME","Monaco","","https://img.uefa.com/imgml/TP/teams/logos/70x70/50023.png","https://img.uefa.com/imgml/TP/teams/logos/240x240/50023.png","250023","MON","DOMESTIC_MEN_TEAM_A","","DOMESTIC","France","Monaco","AS Monaco","MON","0","MINUTE","","","","","","",""
"250075881","50149","29","1996-05-05","73","Matheus","BRA","UNKNOWN","FORWARD","MALE","175","./image/250075881.jpg","Matheus Pereira","FORWARD","","Matheus P.","","","Brésil","Attaquant","","Matheus Pereira","Matheus Pereira","Matheus Pereira","200110","./assoc/200110_POR.svg","./logo/50149.png","UEFA","POR","50149","FAME","Sporting CP","","https://img.uefa.com/imgml/TP/teams/logos/70x70/50149.png","https://img.uefa.com/imgml/TP/teams/logos/240x240/50149.png","250149","SPO","DOMESTIC_MEN_TEAM_A","","DOMESTIC","Portugal","Sporting CP","Sporting Clube de Portugal","SPO","0","MINUTE","","","","","","",""
"250075736","50051","29","1996-05-30","46","ABNER","BRA","UNKNOWN","DEFENDER","MALE","176","./image/250075736.jpg","Abner","DEFENDER","","ABNER","","","Brésil","Défenseur","","Abner","Abner","Abner","200122","./assoc/200122_ESP.svg","./logo/50051.png","UEFA","ESP","50051","FAME","Real Madrid","","https://img.uefa.com/imgml/TP/teams/logos/70x70/50051.png","https://img.uefa.com/imgml/TP/teams/logos/240x240/50051.png","250051","RMA","DOMESTIC_MEN_TEAM_A","","DOMESTIC","Espagne","Real Madrid","Real Madrid C.F.","RMA","","","","","","","","",""
"250075541","50124","28","1997-05-11","26","JUAN MORENO","ESP","UNKNOWN","MIDFIELDER","MALE","175","./image/250075541.jpg","Juan Moreno","MIDFIELDER","","JUAN MORENO","","","Espagne","Milieu","","Juan Moreno","Juan Moreno","Juan Moreno","200122","./assoc/200122_ESP.svg","./logo/50124.png","UEFA","ESP","50124","FAME","Atleti","","https://img.uefa.com/imgml/TP/teams/logos/70x70/50124.png","https://img.uefa.com/imgml/TP/teams/logos/240x240/50124.png","250124","ATM","DOMESTIC_MEN_TEAM_A","","DOMESTIC","Espagne","Atleti","Atlético de Madrid","ATM","0","MINUTE","","","","","","",""
"250074012","5312","28","1997-03-25","32","Dzabana","FRA","STRIKER","FORWARD","MALE","","./image/250074012.jpg","Alan Dzabana","FORWARD","","DZABANA","","","France","Attaquant","Alan","Dzabana","Alan Dzabana","Dzabana","200043","./assoc/200043_FRA.svg","./logo/5312.png","UEFA","FRA","5312","FAME","Lyon","","https://img.uefa.com/imgml/TP/teams/logos/70x70/5312.png","https://img.uefa.com/imgml/TP/teams/logos/240x240/5312.png","205312","LYO","DOMESTIC_MEN_TEAM_A","","DOMESTIC","France","Lyon","Olympique Lyonnais","LYO","0","MINUTE","","","","","","",""
"250073627","50051","29","1996-07-11","3","Lienhart","AUT","UNKNOWN","DEFENDER","MALE","","./image/250073627.jpg","Philipp Lienhart","DEFENDER","15","Lienhart","8","","Autriche","Défenseur","Philipp","Lienhart","Philipp Lienhart","Lienhart","200122","./assoc/200122_ESP.svg","./logo/50051.png","UEFA","ESP","50051","FAME","Real Madrid","","https://img.uefa.com/imgml/TP/teams/logos/70x70/50051.png","https://img.uefa.com/imgml/TP/teams/logos/240x240/50051.png","250051","RMA","DOMESTIC_MEN_TEAM_A","","DOMESTIC","Espagne","Real Madrid","Real Madrid C.F.","RMA","","","","","","","","",""
"250070300","50124","29","1995-12-02","25","A. MOREIRA","POR","GOALKEEPER","GOALKEEPER","MALE","","./image/250070300.jpg","André Moreira","GOALKEEPER","1","André M.","200110","","Portugal","Gardien","","André Moreira","André Moreira","André Moreira","200122","./assoc/200122_ESP.svg","./logo/50124.png","UEFA","ESP","50124","FAME","Atleti","","https://img.uefa.com/imgml/TP/teams/logos/70x70/50124.png","https://img.uefa.com/imgml/TP/teams/logos/240x240/50124.png","250124","ATM","DOMESTIC_MEN_TEAM_A","","DOMESTIC","Espagne","Atleti","Atlético de Madrid","ATM","0","MINUTE","","","","","","",""
"250065420","52757","28","1997-02-06","18","Sow","SUI","CENTRAL_MIDFIELDER","MIDFIELDER","MALE","","./image/250065420.jpg","Djibril Sow","MIDFIELDER","15","Sow","128","","Suisse","Milieu","Djibril","Sow","Djibril Sow","Sow","200047","./assoc/200047_GER.svg","./logo/52757.png","UEFA","GER","52757","FAME","Mönchengladbach","","https://img.uefa.com/imgml/TP/teams/logos/70x70/52757.png","https://img.uefa.com/imgml/TP/teams/logos/240x240/52757.png","252757","MON","DOMESTIC_MEN_TEAM_A","","DOMESTIC","Allemagne","Mönchengladbach","Borussia Mönchengladbach","MON","0","MINUTE","","","","","","",""
"250065302","50080","27","1998-01-05","6","Aleña","ESP","UNKNOWN","MIDFIELDER","MALE","180","./image/250065302.jpg","Carles Aleñá","MIDFIELDER","6","Aleñà Castillo","200122","74","Espagne","Milieu","Carles","Aleñá","Carles Aleñá","Aleñá","200122","./assoc/200122_ESP.svg","./logo/50080.png","UEFA","ESP","50080","FAME","Barcelona","","https://img.uefa.com/imgml/TP/teams/logos/70x70/50080.png","https://img.uefa.com/imgml/TP/teams/logos/240x240/50080.png","250080","BAR","DOMESTIC_MEN_TEAM_A","","DOMESTIC","Espagne","Barcelona","FC Barcelona","BAR","0","MINUTE","","","","","","",""
"250065028","52757","28","1997-09-09","22","Bénes","SVK","ATTACKING_MIDFIELDER","MIDFIELDER","MALE","181","./image/250065028.jpg","László Bénes","MIDFIELDER","10","Bénes","58836","72","Slovaquie","Milieu","László","Bénes","László Bénes","Bénes","200047","./assoc/200047_GER.svg","./logo/52757.png","UEFA","GER","52757","FAME","Mönchengladbach","","https://img.uefa.com/imgml/TP/teams/logos/70x70/52757.png","https://img.uefa.com/imgml/TP/teams/logos/240x240/52757.png","252757","MON","DOMESTIC_MEN_TEAM_A","","DOMESTIC","Allemagne","Mönchengladbach","Borussia Mönchengladbach","MON","0","MINUTE","","","","","","",""
"250064356","52919","28","1997-01-04","3","ANGELINO","ESP","UNKNOWN","DEFENDER","MALE","","./image/250064356.jpg","Angeliño","DEFENDER","","Tasende","200122","","Espagne","Défenseur","","Angeliño","Angeliño","Angeliño","200039","./assoc/200039_ENG.svg","./logo/52919.png","UEFA","ENG","52919","FAME","Man City","","https://img.uefa.com/imgml/TP/teams/logos/70x70/52919.png","https://img.uefa.com/imgml/TP/teams/logos/240x240/52919.png","252919","MCI","DOMESTIC_MEN_TEAM_A","","DOMESTIC","Angleterre","Man City","Manchester City","MCI","0","MINUTE","","","","","","",""
"250064350","52280","28","1997-08-29","98","Maitland-Niles","ENG","FULL_BACK","DEFENDER","MALE","177","./image/250064350.jpg","Ainsley Maitland-Niles","MIDFIELDER","19","Maitland-Niles","39","","Angleterre","Défenseur","Ainsley","Maitland-Niles","Ainsley Maitland-Niles","Maitland-Niles","200039","./assoc/200039_ENG.svg","./logo/52280.png","UEFA","ENG","52280","FAME","Arsenal","","https://img.uefa.com/imgml/TP/teams/logos/70x70/52280.png","https://img.uefa.com/imgml/TP/teams/logos/240x240/52280.png","252280","ARS","DOMESTIC_MEN_TEAM_A","","DOMESTIC","Angleterre","Arsenal","Arsenal FC","ARS","0","MINUTE","","","","","","",""
"250064239","50064","32","1993-01-17","1","Jose Sa","POR","GOALKEEPER","GOALKEEPER","MALE","192","./image/250064239.jpg","José Sá","GOALKEEPER","12","JOSÉ SÁ","110","84","Portugal","Gardien","","José Sá","José Sá","José Sá","200110","./assoc/200110_POR.svg","./logo/50064.png","UEFA","POR","50064","FAME","Porto","","https://img.uefa.com/imgml/TP/teams/logos/70x70/50064.png","https://img.uefa.com/imgml/TP/teams/logos/240x240/50064.png","250064","POR","DOMESTIC_MEN_TEAM_A","","DOMESTIC","Portugal","Porto","FC Porto","POR","0","MINUTE","","","","","","",""
"250064085","50136","35","1990-05-20","1","Rafael Cabral","BRA","GOALKEEPER","GOALKEEPER","MALE","186","./image/250064085.jpg","Rafael Cabral","GOALKEEPER","","Cabral Barbosa","","83","Brésil","Gardien","","Rafael Cabral","Rafael Cabral","Rafael Cabral","200066","./assoc/200066_ITA.svg","./logo/50136.png","UEFA","ITA","50136","FAME","Napoli","","https://img.uefa.com/imgml/TP/teams/logos/70x70/50136.png","https://img.uefa.com/imgml/TP/teams/logos/240x240/50136.png","250136","NAP","DOMESTIC_MEN_TEAM_A","","DOMESTIC","Italie","Napoli","SSC Napoli","NAP","0","MINUTE","","","","","","",""
"250063951","50051","30","1995-03-24","29","ENZO","FRA","UNKNOWN","FORWARD","MALE","","./image/250063951.jpg","Enzo Fernández","MIDFIELDER","","Zidane Fernandez","","","France","Attaquant","Enzo","Fernández","Enzo Fernández","Fernández","200122","./assoc/200122_ESP.svg","./logo/50051.png","UEFA","ESP","50051","FAME","Real Madrid","","https://img.uefa.com/imgml/TP/teams/logos/70x70/50051.png","https://img.uefa.com/imgml/TP/teams/logos/240x240/50051.png","250051","RMA","DOMESTIC_MEN_TEAM_A","","DOMESTIC","Espagne","Real Madrid","Real Madrid C.F.","RMA","","","","","","","","",""
"250063906","54266","29","1996-08-16","1","Pomazun","RUS","GOALKEEPER","GOALKEEPER","MALE","178","./image/250063906.jpg","Ilya Pomazun","GOALKEEPER","","Pomazun","","74","Russie","Gardien","Ilya","Pomazun","Ilya Pomazun","Pomazun","257451","./assoc/257451_RUS.svg","./logo/54266.png","UEFA","RUS","54266","FAME","CSKA Moskva","","https://img.uefa.com/imgml/TP/teams/logos/70x70/54266.png","https://img.uefa.com/imgml/TP/teams/logos/240x240/54266.png","254266","CSM","DOMESTIC_MEN_TEAM_A","","DOMESTIC","Russie","CSKA Moskva","PFC CSKA Moskva","CSM","0","MINUTE","","","","","","",""
"250063830","50037","30","1995-06-06","37","Green","USA","UNKNOWN","FORWARD","MALE","172","./image/250063830.jpg","Julian Green","MIDFIELDER","16","Green","140","70","Etats-Unis","Attaquant","Julian","Green","Julian Green","Green","200047","./assoc/200047_GER.svg","./logo/50037.png","UEFA","GER","50037","FAME","Bayern München","","https://img.uefa.com/imgml/TP/teams/logos/70x70/50037.png","https://img.uefa.com/imgml/TP/teams/logos/240x240/50037.png","250037","BAY","DOMESTIC_MEN_TEAM_A","","DOMESTIC","Allemagne","Bayern München","FC Bayern München","BAY","0","MINUTE","","","","","","",""
"250056275","50051","29","1996-02-02","36","FEBAS","ESP","UNKNOWN","MIDFIELDER","MALE","","./image/250056275.jpg","Aleix Febas","MIDFIELDER","14","Febas","400122","","Espagne","Milieu","Aleix","Febas","Aleix Febas","Febas","200122","./assoc/200122_ESP.svg","./logo/50051.png","UEFA","ESP","50051","FAME","Real Madrid","","https://img.uefa.com/imgml/TP/teams/logos/70x70/50051.png","https://img.uefa.com/imgml/TP/teams/logos/240x240/50051.png","250051","RMA","DOMESTIC_MEN_TEAM_A","","DOMESTIC","Espagne","Real Madrid","Real Madrid C.F.","RMA","","","","","","","","",""
"250051345","2603104","39","1985-12-12","11","J.QUIXADA","BRA","STRIKER","FORWARD","MALE","168","./image/250051345.jpg","Júnior Quixadá","FORWARD","","Azevedo Junior","","65","Brésil","Attaquant","","Júnior Quixadá","Júnior Quixadá","Júnior Quixadá","200020","./assoc/200020_BUL.svg","./logo/2603104.png","UEFA","BUL","2603104","FAME","Ludogorets","","https://img.uefa.com/imgml/TP/teams/logos/70x70/2603104.png","https://img.uefa.com/imgml/TP/teams/logos/240x240/2603104.png","250002030","LUD","DOMESTIC_MEN_TEAM_A","","DOMESTIC","Bulgarie","Ludogorets","PFC Ludogorets 1945","LUD","0","MINUTE","","","","","","",""
"250047105","52919","29","1996-01-22","54","Gunn","SCO","UNKNOWN","GOALKEEPER","MALE","196","./image/250047105.jpg","Angus Gunn","GOALKEEPER","1","Gunn","117","","Écosse","Gardien","Angus","Gunn","Angus Gunn","Gunn","200039","./assoc/200039_ENG.svg","./logo/52919.png","UEFA","ENG","52919","FAME","Man City","","https://img.uefa.com/imgml/TP/teams/logos/70x70/52919.png","https://img.uefa.com/imgml/TP/teams/logos/240x240/52919.png","252919","MCI","DOMESTIC_MEN_TEAM_A","","DOMESTIC","Angleterre","Man City","Manchester City","MCI","0","MINUTE","","","","","","",""
"250047043","50139","30","1995-07-14","14","Mattiello","ITA","UNKNOWN","MIDFIELDER","MALE","182","./image/250047043.jpg","Federico Mattiello","MIDFIELDER","7","Mattiello","400066","","Italie","Milieu","Federico","Mattiello","Federico Mattiello","Mattiello","200066","./assoc/200066_ITA.svg","./logo/50139.png","UEFA","ITA","50139","FAME","Juventus","","https://img.uefa.com/imgml/TP/teams/logos/70x70/50139.png","https://img.uefa.com/imgml/TP/teams/logos/240x240/50139.png","250139","JUV","DOMESTIC_MEN_TEAM_A","","DOMESTIC","Italie","Juventus","Juventus","JUV","0","MINUTE","","","","","","",""
"250046678","50051","29","1995-10-21","12","Craninx","BEL","GOALKEEPER","GOALKEEPER","MALE","","./image/250046678.jpg","Alexandro Craninx","GOALKEEPER","12","Craninx Joostens","300013","","Belgique","Gardien","Alexandro","Craninx","Alexandro Craninx","Craninx","200122","./assoc/200122_ESP.svg","./logo/50051.png","UEFA","ESP","50051","FAME","Real Madrid","","https://img.uefa.com/imgml/TP/teams/logos/70x70/50051.png","https://img.uefa.com/imgml/TP/teams/logos/240x240/50051.png","250051","RMA","DOMESTIC_MEN_TEAM_A","","DOMESTIC","Espagne","Real Madrid","Real Madrid C.F.","RMA","","","","","","","","",""
"250040582","50146","39","1985-12-17","28","Broź","POL","FULL_BACK","DEFENDER","MALE","177","./image/250040582.jpg","Łukasz Broź","DEFENDER","23","Broź","109","74","Pologne","Défenseur","Łukasz","Broź","Łukasz Broź","Broź","200109","./assoc/200109_POL.svg","./logo/50146.png","UEFA","POL","50146","FAME","Legia Warszawa","","https://img.uefa.com/imgml/TP/teams/logos/70x70/50146.png","https://img.uefa.com/imgml/TP/teams/logos/240x240/50146.png","250146","LEG","DOMESTIC_MEN_TEAM_A","","DOMESTIC","Pologne","Legia Warszawa","Legia Warszawa","LEG","0","MINUTE","","","","","","",""
"250027143","50043","31","1994-09-30","42","Storm","BEL","UNKNOWN","FORWARD","MALE","178","./image/250027143.jpg","Nikola Storm","FORWARD","17","Storm","200013","","Belgique","Attaquant","Nikola","Storm","Nikola Storm","Storm","200013","./assoc/200013_BEL.svg","./logo/50043.png","UEFA","BEL","50043","FAME","Club Brugge","","https://img.uefa.com/imgml/TP/teams/logos/70x70/50043.png","https://img.uefa.com/imgml/TP/teams/logos/240x240/50043.png","250043","BRU","DOMESTIC_MEN_TEAM_A","","DOMESTIC","Belgique","Club Brugge","Club Brugge KV","BRU","0","MINUTE","","","","","","",""
"250026741","50147","39","1986-03-29","33","Jardel","BRA","CENTRE_BACK","DEFENDER","MALE","192","./image/250026741.jpg","Jardel","DEFENDER","","Nivaldo Vieira","","86","Brésil","Défenseur","","Jardel","Jardel","Jardel","200110","./assoc/200110_POR.svg","./logo/50147.png","UEFA","POR","50147","FAME","Benfica","","https://img.uefa.com/imgml/TP/teams/logos/70x70/50147.png","https://img.uefa.com/imgml/TP/teams/logos/240x240/50147.png","250147","BEN","DOMESTIC_MEN_TEAM_A","","DOMESTIC","Portugal","Benfica","SL Benfica","BEN","0","MINUTE","","","","","","",""
"250021781","50050","33","1992-02-12","7","Ciftci","TUR","STRIKER","FORWARD","MALE","185","./image/250021781.jpg","Nadir Çiftçi","MIDFIELDER","11","Nadir","300135","77","Turquie","Attaquant","","Nadir Çiftçi","Nadir Çiftçi","Nadir Çiftçi","200117","./assoc/200117_SCO.svg","./logo/50050.png","UEFA","SCO","50050","FAME","Celtic","","https://img.uefa.com/imgml/TP/teams/logos/70x70/50050.png","https://img.uefa.com/imgml/TP/teams/logos/240x240/50050.png","250050","CEL","DOMESTIC_MEN_TEAM_A","","DOMESTIC","Écosse","Celtic","Celtic FC","CEL","0","MINUTE","","","","","","",""
"250020893","52709","33","1992-08-11","26","Okore","DEN","CENTRE_BACK","DEFENDER","MALE","183","./image/250020893.jpg","Jores Okore","DEFENDER","4","Okore","35","80","Danemark","Défenseur","Jores","Okore","Jores Okore","Okore","200035","./assoc/200035_DEN.svg","./logo/52709.png","UEFA","DEN","52709","FAME","Copenhagen","","https://img.uefa.com/imgml/TP/teams/logos/70x70/52709.png","https://img.uefa.com/imgml/TP/teams/logos/240x240/52709.png","252709","CPH","DOMESTIC_MEN_TEAM_A","","DOMESTIC","Danemark","Copenhagen","F.C. Copenhagen","CPH","0","MINUTE","","","","","","",""
"250007931","52709","34","1991-07-09","17","Bashkim","DEN","STRIKER","FORWARD","MALE","176","./image/250007931.jpg","Bashkim Kadrii","MIDFIELDER","22","Bashkim","300035","71","Danemark","Attaquant","Bashkim","Kadrii","Bashkim Kadrii","Kadrii","200035","./assoc/200035_DEN.svg","./logo/52709.png","UEFA","DEN","52709","FAME","Copenhagen","","https://img.uefa.com/imgml/TP/teams/logos/70x70/52709.png","https://img.uefa.com/imgml/TP/teams/logos/240x240/52709.png","252709","CPH","DOMESTIC_MEN_TEAM_A","","DOMESTIC","Danemark","Copenhagen","F.C. Copenhagen","CPH","0","MINUTE","","","","","","",""
"250005255","50050","34","1990-11-28","28","Boyata","BEL","CENTRE_BACK","DEFENDER","MALE","188","./image/250005255.jpg","Dedryck Boyata","DEFENDER","4","Boyata","13","84","Belgique","Défenseur","Dedryck","Boyata","Dedryck Boyata","Boyata","200117","./assoc/200117_SCO.svg","./logo/50050.png","UEFA","SCO","50050","FAME","Celtic","","https://img.uefa.com/imgml/TP/teams/logos/70x70/50050.png","https://img.uefa.com/imgml/TP/teams/logos/240x240/50050.png","250050","CEL","DOMESTIC_MEN_TEAM_A","","DOMESTIC","Écosse","Celtic","Celtic FC","CEL","0","MINUTE","","","","","","",""
"250004736","52723","32","1992-12-09","35","KOVAL","UKR","GOALKEEPER","GOALKEEPER","MALE","189","./image/250004736.jpg","Maxym Koval","GOALKEEPER","23","Koval","57166","86","Ukraine","Gardien","Maxym","Koval","Maxym Koval","Koval","257166","./assoc/257166_UKR.svg","./logo/52723.png","UEFA","UKR","52723","FAME","Dynamo Kyiv","","https://img.uefa.com/imgml/TP/teams/logos/70x70/52723.png","https://img.uefa.com/imgml/TP/teams/logos/240x240/52723.png","252723","DKY","DOMESTIC_MEN_TEAM_A","","DOMESTIC","Ukraine","Dynamo Kyiv","FC Dynamo Kyiv","DKY","0","MINUTE","","","","","","",""
"250002891","52757","37","1988-03-22","21","Sippel","GER","GOALKEEPER","GOALKEEPER","MALE","180","./image/250002891.jpg","Tobias Sippel","GOALKEEPER","1","Sippel","","76","Allemagne","Gardien","Tobias","Sippel","Tobias Sippel","Sippel","200047","./assoc/200047_GER.svg","./logo/52757.png","UEFA","GER","52757","FAME","Mönchengladbach","","https://img.uefa.com/imgml/TP/teams/logos/70x70/52757.png","https://img.uefa.com/imgml/TP/teams/logos/240x240/52757.png","252757","MON","DOMESTIC_MEN_TEAM_A","","DOMESTIC","Allemagne","Mönchengladbach","Borussia Mönchengladbach","MON","0","MINUTE","","","","","","",""
"250002190","50136","34","1991-05-08","33","Sepe","ITA","GOALKEEPER","GOALKEEPER","MALE","185","./image/250002190.jpg","Luigi Sepe","GOALKEEPER","","Sepe","","75","Italie","Gardien","Luigi","Sepe","Luigi Sepe","Sepe","200066","./assoc/200066_ITA.svg","./logo/50136.png","UEFA","ITA","50136","FAME","Napoli","","https://img.uefa.com/imgml/TP/teams/logos/70x70/50136.png","https://img.uefa.com/imgml/TP/teams/logos/240x240/50136.png","250136","NAP","DOMESTIC_MEN_TEAM_A","","DOMESTIC","Italie","Napoli","SSC Napoli","NAP","0","MINUTE","","","","","","",""
"250000920","52919","35","1989-11-21","18","Delph","ENG","CENTRAL_MIDFIELDER","MIDFIELDER","MALE","174","./image/250000920.jpg","Fabian Delph","MIDFIELDER","17","Delph","39","60","Angleterre","Milieu","Fabian","Delph","Fabian Delph","Delph","200039","./assoc/200039_ENG.svg","./logo/52919.png","UEFA","ENG","52919","FAME","Man City","","https://img.uefa.com/imgml/TP/teams/logos/70x70/52919.png","https://img.uefa.com/imgml/TP/teams/logos/240x240/52919.png","252919","MCI","DOMESTIC_MEN_TEAM_A","","DOMESTIC","Angleterre","Man City","Manchester City","MCI","0","MINUTE","","","","","","",""
"250000582","59856","34","1991-01-06","5","Høegh","DEN","UNKNOWN","DEFENDER","MALE","190","./image/250000582.jpg","Daniel Høegh","DEFENDER","","","300035","74","Danemark","Défenseur","Daniel","Høegh","Daniel Høegh","Høegh","200128","./assoc/200128_SUI.svg","./logo/59856.png","UEFA","SUI","59856","FAME","Basel","","https://img.uefa.com/imgml/TP/teams/logos/70x70/59856.png","https://img.uefa.com/imgml/TP/teams/logos/240x240/59856.png","259856","BSL","DOMESTIC_MEN_TEAM_A","","DOMESTIC","Suisse","Basel","FC Basel 1893","BSL","0","MINUTE","","","","","","",""
"250000510","54266","40","1985-07-15","1","Chepchugov","RUS","UNKNOWN","GOALKEEPER","MALE","185","./image/250000510.jpg","Sergei Chepchugov","GOALKEEPER","","Chepchugov","","82","Russie","Gardien","Sergei","Chepchugov","Sergei Chepchugov","Chepchugov","257451","./assoc/257451_RUS.svg","./logo/54266.png","UEFA","RUS","54266","FAME","CSKA Moskva","","https://img.uefa.com/imgml/TP/teams/logos/70x70/54266.png","https://img.uefa.com/imgml/TP/teams/logos/240x240/54266.png","254266","CSM","DOMESTIC_MEN_TEAM_A","","DOMESTIC","Russie","CSKA Moskva","PFC CSKA Moskva","CSM","0","MINUTE","","","","","","",""
"1909101","50062","34","1991-02-09","17","Jozefzoon","NED","UNKNOWN","FORWARD","MALE","173","./image/1909101.jpg","Florian Jozefzoon","FORWARD","7","Jozefzoon","200095","80","Pays-Bas","Attaquant","Florian","Jozefzoon","Florian Jozefzoon","Jozefzoon","200095","./assoc/200095_NED.svg","./logo/50062.png","UEFA","NED","50062","FAME","PSV","","https://img.uefa.com/imgml/TP/teams/logos/70x70/50062.png","https://img.uefa.com/imgml/TP/teams/logos/240x240/50062.png","250062","PSV","DOMESTIC_MEN_TEAM_A","","DOMESTIC","Pays-Bas","PSV","PSV Eindhoven","PSV","0","MINUTE","","","","","","",""
"1907226","50043","36","1989-03-01","16","Bruzzese","BEL","UNKNOWN","GOALKEEPER","MALE","184","./image/1907226.jpg","Sébastien Bruzzese","GOALKEEPER","","Bruzzese","200013","74","Belgique","Gardien","Sébastien","Bruzzese","Sébastien Bruzzese","Bruzzese","200013","./assoc/200013_BEL.svg","./logo/50043.png","UEFA","BEL","50043","FAME","Club Brugge","","https://img.uefa.com/imgml/TP/teams/logos/70x70/50043.png","https://img.uefa.com/imgml/TP/teams/logos/240x240/50043.png","250043","BRU","DOMESTIC_MEN_TEAM_A","","DOMESTIC","Belgique","Club Brugge","Club Brugge KV","BRU","0","MINUTE","","","","","","",""
"1905994","50149","37","1988-01-12","19","Douglas","NED","UNKNOWN","DEFENDER","MALE","192","./image/1905994.jpg","Douglas","","","Douglas Franco ","","80","Pays-Bas","Défenseur","","Douglas","Douglas","Douglas","200110","./assoc/200110_POR.svg","./logo/50149.png","UEFA","POR","50149","FAME","Sporting CP","","https://img.uefa.com/imgml/TP/teams/logos/70x70/50149.png","https://img.uefa.com/imgml/TP/teams/logos/240x240/50149.png","250149","SPO","DOMESTIC_MEN_TEAM_A","","DOMESTIC","Portugal","Sporting CP","Sporting Clube de Portugal","SPO","0","MINUTE","","","","","","",""
"1905839","64500","41","1984-07-07","3","Papa G","SEN","CENTRE_BACK","DEFENDER","MALE","189","./image/1905839.jpg","Papa Gueye","DEFENDER","","Gueye","","79","Sénégal","Défenseur","Papa","Gueye","Papa Gueye","Gueye","257451","./assoc/257451_RUS.svg","./logo/64500.png","UEFA","RUS","64500","FAME","Rostov","","https://img.uefa.com/imgml/TP/teams/logos/70x70/64500.png","https://img.uefa.com/imgml/TP/teams/logos/240x240/64500.png","264500","ROS","DOMESTIC_MEN_TEAM_A","","DOMESTIC","Russie","Rostov","FC Rostov","ROS","0","MINUTE","","","","","","",""
"1901680","52280","34","1990-11-26","18","Welbeck","ENG","STRIKER","FORWARD","MALE","185","./image/1901680.jpg","Danny Welbeck","FORWARD","11","Welbeck","39","72","Angleterre","Attaquant","Danny","Welbeck","Danny Welbeck","Welbeck","200039","./assoc/200039_ENG.svg","./logo/52280.png","UEFA","ENG","52280","FAME","Arsenal","","https://img.uefa.com/imgml/TP/teams/logos/70x70/52280.png","https://img.uefa.com/imgml/TP/teams/logos/240x240/52280.png","252280","ARS","DOMESTIC_MEN_TEAM_A","","DOMESTIC","Angleterre","Arsenal","Arsenal FC","ARS","0","MINUTE","","","","","","",""
"150711837","50051","33","1992-04-21","22","ISCO","ESP","ATTACKING_MIDFIELDER","MIDFIELDER","MALE","176","https://img.uefa.com/imgml/TP/players/1/2017/324x324/150711837.jpg","Isco","MIDFIELDER","22","ISCO","122","74","Espagne","Milieu","","Isco","Isco","Isco","200122","./assoc/200122_ESP.svg","./logo/50051.png","UEFA","ESP","50051","FAME","Real Madrid","","https://img.uefa.com/imgml/TP/teams/logos/70x70/50051.png","https://img.uefa.com/imgml/TP/teams/logos/240x240/50051.png","250051","RMA","DOMESTIC_MEN_TEAM_A","","DOMESTIC","Espagne","Real Madrid","Real Madrid C.F.","RMA","","","","","","","","",""
"107754","5312","35","1990-08-05","30","Gorgelin","FRA","GOALKEEPER","GOALKEEPER","MALE","187","./image/107754.jpg","Mathieu Gorgelin","GOALKEEPER","16","Gorgelin","200043","83","France","Gardien","Mathieu","Gorgelin","Mathieu Gorgelin","Gorgelin","200043","./assoc/200043_FRA.svg","./logo/5312.png","UEFA","FRA","5312","FAME","Lyon","","https://img.uefa.com/imgml/TP/teams/logos/70x70/5312.png","https://img.uefa.com/imgml/TP/teams/logos/240x240/5312.png","205312","LYO","DOMESTIC_MEN_TEAM_A","","DOMESTIC","France","Lyon","Olympique Lyonnais","LYO","0","MINUTE","","","","","","",""
"106737","52714","38","1987-01-12","56","Sirigu","ITA","GOALKEEPER","GOALKEEPER","MALE","192","./image/106737.jpg","Salvatore Sirigu","GOALKEEPER","1","Sirigu","66","80","Italie","Gardien","Salvatore","Sirigu","Salvatore Sirigu","Sirigu","200122","./assoc/200122_ESP.svg","./logo/52714.png","UEFA","ESP","52714","FAME","Sevilla","","https://img.uefa.com/imgml/TP/teams/logos/70x70/52714.png","https://img.uefa.com/imgml/TP/teams/logos/240x240/52714.png","252714","SEV","DOMESTIC_MEN_TEAM_A","","DOMESTIC","Espagne","Sevilla","Sevilla FC","SEV","0","MINUTE","","","","","","",""
"104025","50080","36","1989-01-03","25","Masip","ESP","UNKNOWN","GOALKEEPER","MALE","179","./image/104025.jpg","Jordi Masip","GOALKEEPER","","Masip","","72","Espagne","Gardien","Jordi","Masip","Jordi Masip","Masip","200122","./assoc/200122_ESP.svg","./logo/50080.png","UEFA","ESP","50080","FAME","Barcelona","","https://img.uefa.com/imgml/TP/teams/logos/70x70/50080.png","https://img.uefa.com/imgml/TP/teams/logos/240x240/50080.png","250080","BAR","DOMESTIC_MEN_TEAM_A","","DOMESTIC","Espagne","Barcelona","FC Barcelona","BAR","0","MINUTE","","","","","","",""
