PlayerId,TeamId,PlayerAge,PlayerBirthDate,PlayerClubJerseyNumber,PlayerClubShirtName,PlayerCountryCode,PlayerDetailedFieldPosition,PlayerFieldPosition,PlayerGender,PlayerHeight,PlayerImageUrl,PlayerInternationalName,PlayerNationalFieldPosition,PlayerNationalJerseyNumber,PlayerNationalShirtName,PlayerNationalTeamId,PlayerWeight,PlayerCountryName,PlayerFieldPositionFR,PlayerFirstName,PlayerLastName,PlayerName,PlayerShortName,TeamAssociationId,TeamAssociationLogoUrl,TeamBigLogoUrl,TeamConfederationType,TeamCountryCode,TeamId_Full,TeamIdProvider,TeamInternationalName,TeamIsPlaceHolder,TeamLogoUrl,TeamMediumLogoUrl,TeamOrganizationId,TeamCode,TeamTypeDetail,TeamTypeIsNational,TeamType,TeamCountryName,TeamDisplayName,TeamDisplayOfficialName,TeamDisplayTeamCode,minutesplayedofficial,minutesplayedofficial_Unit,matchesappearance,goals,assists,distancecovered,distancecovered_Unit,topspeed,topspeed_Unit
"63706","50051","40","1985-02-05","7","Ronaldo","POR","STRIKER","FORWARD","MALE","185","./image/63706.jpg","Cristiano Ronaldo","FORWARD","7","RONALDO","110","80","Portugal","Attaquant","Cristiano","Ronaldo","Cristiano Ronaldo","Ronaldo","200122","./assoc/200122_ESP.svg","./logo/50051.png","UEFA","ESP","50051","FAME","Real Madrid","","https://img.uefa.com/imgml/TP/teams/logos/70x70/50051.png","https://img.uefa.com/imgml/TP/teams/logos/240x240/50051.png","250051","RMA","DOMESTIC_MEN_TEAM_A","","DOMESTIC","Espagne","Real Madrid","Real Madrid C.F.","RMA","1170","MINUTE","13","15","2","121.1","KILOMETER","31.3","KILOMETER_PER_HOUR"
"250014327","7889","32","1993-06-22","18","Karius","GER","GOALKEEPER","GOALKEEPER","MALE","","./image/250014327.jpg","Loris Karius","GOALKEEPER","12","Karius","200047","","Allemagne","Gardien","Loris","Karius","Loris Karius","Karius","200039","./assoc/200039_ENG.svg","./logo/7889.png","UEFA","ENG","7889","FAME","Liverpool","","https://img.uefa.com/imgml/TP/teams/logos/70x70/7889.png","https://img.uefa.com/imgml/TP/teams/logos/240x240/7889.png","207889","LIV","DOMESTIC_MEN_TEAM_A","","DOMESTIC","Angleterre","Liverpool","Liverpool FC","LIV","1170","MINUTE","13","0","0","54.89","KILOMETER","25.2","KILOMETER_PER_HOUR"
"105814","50137","39","1985-11-10","11","","SRB","FULL_BACK","","MALE","187","./image/105814.jpg","Aleksandar Kolarov","DEFENDER","11","Kolarov","147","82","Serbie","","Aleksandar","Kolarov","Aleksandar Kolarov","Kolarov","200066","./assoc/200066_ITA.svg","./logo/50137.png","UEFA","ITA","50137","FAME","Roma","","https://img.uefa.com/imgml/TP/teams/logos/70x70/50137.png","https://img.uefa.com/imgml/TP/teams/logos/240x240/50137.png","250137","ROM","DOMESTIC_MEN_TEAM_A","","DOMESTIC","Italie","Roma","AS Roma","ROM","1080","MINUTE","12","1","2","128.79","KILOMETER","30.5","KILOMETER_PER_HOUR"
"250099867","50137","33","1992-10-02","1","A.Becker","BRA","GOALKEEPER","GOALKEEPER","MALE","191","./image/250099867.jpg","Alisson Becker","GOALKEEPER","1","A. Becker","18","91","Brésil","Gardien","","Alisson Becker","Alisson Becker","Alisson Becker","200066","./assoc/200066_ITA.svg","./logo/50137.png","UEFA","ITA","50137","FAME","Roma","","https://img.uefa.com/imgml/TP/teams/logos/70x70/50137.png","https://img.uefa.com/imgml/TP/teams/logos/240x240/50137.png","250137","ROM","DOMESTIC_MEN_TEAM_A","","DOMESTIC","Italie","Roma","AS Roma","ROM","1080","MINUTE","12","0","0","60.95","KILOMETER","26.3","KILOMETER_PER_HOUR"
"72048","50137","39","1986-03-17","9","Dzeko","BIH","STRIKER","FORWARD","MALE","193","./image/72048.jpg","Edin Džeko","FORWARD","11","Džeko","60094","84","Bosnie-Herzégovine","Attaquant","Edin","Džeko","Edin Džeko","Džeko","200066","./assoc/200066_ITA.svg","./logo/50137.png","UEFA","ITA","50137","FAME","Roma","","https://img.uefa.com/imgml/TP/teams/logos/70x70/50137.png","https://img.uefa.com/imgml/TP/teams/logos/240x240/50137.png","250137","ROM","DOMESTIC_MEN_TEAM_A","","DOMESTIC","Italie","Roma","AS Roma","ROM","1078","MINUTE","12","8","3","114.52","KILOMETER","32","KILOMETER_PER_HOUR"
"250080619","7889","34","1991-10-02","9","Firmino","BRA","STRIKER","FORWARD","MALE","","./image/250080619.jpg","Roberto Firmino","FORWARD","","Roberto Firmino","18","","Brésil","Attaquant","Roberto","Firmino","Roberto Firmino","Firmino","200039","./assoc/200039_ENG.svg","./logo/7889.png","UEFA","ENG","7889","FAME","Liverpool","","https://img.uefa.com/imgml/TP/teams/logos/70x70/7889.png","https://img.uefa.com/imgml/TP/teams/logos/240x240/7889.png","207889","LIV","DOMESTIC_MEN_TEAM_A","","DOMESTIC","Angleterre","Liverpool","Liverpool FC","LIV","1055","MINUTE","13","10","8","130.49","KILOMETER","32.4","KILOMETER_PER_HOUR"
"97219","7889","36","1989-07-05","6","Lovren","CRO","CENTRE_BACK","DEFENDER","MALE","188","./image/97219.jpg","Dejan Lovren","DEFENDER","6","Lovren","56370","84","Croatie","Défenseur","Dejan","Lovren","Dejan Lovren","Lovren","200039","./assoc/200039_ENG.svg","./logo/7889.png","UEFA","ENG","7889","FAME","Liverpool","","https://img.uefa.com/imgml/TP/teams/logos/70x70/7889.png","https://img.uefa.com/imgml/TP/teams/logos/240x240/7889.png","207889","LIV","DOMESTIC_MEN_TEAM_A","","DOMESTIC","Angleterre","Liverpool","Liverpool FC","LIV","1050","MINUTE","12","0","1","115.16","KILOMETER","31.7","KILOMETER_PER_HOUR"
"93649","50051","39","1986-03-30","4","Sergio Ramos","ESP","CENTRE_BACK","DEFENDER","MALE","183","./image/93649.jpg","Sergio Ramos","DEFENDER","15","Sergio","122","75","Espagne","Défenseur","Sergio","Ramos","Sergio Ramos","Ramos","200122","./assoc/200122_ESP.svg","./logo/50051.png","UEFA","ESP","50051","FAME","Real Madrid","","https://img.uefa.com/imgml/TP/teams/logos/70x70/50051.png","https://img.uefa.com/imgml/TP/teams/logos/240x240/50051.png","250051","RMA","DOMESTIC_MEN_TEAM_A","","DOMESTIC","Espagne","Real Madrid","Real Madrid C.F.","RMA","990","MINUTE","11","1","0","109.1","KILOMETER","30.8","KILOMETER_PER_HOUR"
"1902445","50037","37","1988-08-03","26","Ulreich","GER","UNKNOWN","GOALKEEPER","MALE","192","./image/1902445.jpg","Sven Ulreich","GOALKEEPER","22","Ulreich","47","84","Allemagne","Gardien","Sven","Ulreich","Sven Ulreich","Ulreich","200047","./assoc/200047_GER.svg","./logo/50037.png","UEFA","GER","50037","FAME","Bayern München","","https://img.uefa.com/imgml/TP/teams/logos/70x70/50037.png","https://img.uefa.com/imgml/TP/teams/logos/240x240/50037.png","250037","BAY","DOMESTIC_MEN_TEAM_A","","DOMESTIC","Allemagne","Bayern München","FC Bayern München","BAY","990","MINUTE","11","0","1","50.52","KILOMETER","23","KILOMETER_PER_HOUR"
"250031037","50051","38","1986-12-15","1","K. Navas","CRC","UNKNOWN","GOALKEEPER","MALE","184","./image/250031037.jpg","Keylor Navas","GOALKEEPER","1","K. Navas","31","78","Costa Rica","Gardien","Keylor","Navas","Keylor Navas","Navas","200122","./assoc/200122_ESP.svg","./logo/50051.png","UEFA","ESP","50051","FAME","Real Madrid","","https://img.uefa.com/imgml/TP/teams/logos/70x70/50051.png","https://img.uefa.com/imgml/TP/teams/logos/240x240/50051.png","250051","RMA","DOMESTIC_MEN_TEAM_A","","DOMESTIC","Espagne","Real Madrid","Real Madrid C.F.","RMA","990","MINUTE","11","0","0","38.74","KILOMETER","21.5","KILOMETER_PER_HOUR"
"1906233","50137","37","1988-05-04","4","Nainggolan","BEL","CENTRAL_MIDFIELDER","MIDFIELDER","MALE","176","./image/1906233.jpg","Radja Nainggolan","MIDFIELDER","18","Nainggolan","13","65","Belgique","Milieu","Radja","Nainggolan","Radja Nainggolan","Nainggolan","200066","./assoc/200066_ITA.svg","./logo/50137.png","UEFA","ITA","50137","FAME","Roma","","https://img.uefa.com/imgml/TP/teams/logos/70x70/50137.png","https://img.uefa.com/imgml/TP/teams/logos/240x240/50137.png","250137","ROM","DOMESTIC_MEN_TEAM_A","","DOMESTIC","Italie","Roma","AS Roma","ROM","959","MINUTE","11","2","2","111.51","KILOMETER","30.8","KILOMETER_PER_HOUR"
"1900737","50051","37","1988-05-12","12","Marcelo","ESP","UNKNOWN","DEFENDER","MALE","174","./image/1900737.jpg","Marcelo","DEFENDER","6","Marcelo","18","73","Espagne","Défenseur","","Marcelo","Marcelo","Marcelo","200122","./assoc/200122_ESP.svg","./logo/50051.png","UEFA","ESP","50051","FAME","Real Madrid","","https://img.uefa.com/imgml/TP/teams/logos/70x70/50051.png","https://img.uefa.com/imgml/TP/teams/logos/240x240/50051.png","250051","RMA","DOMESTIC_MEN_TEAM_A","","DOMESTIC","Espagne","Real Madrid","Real Madrid C.F.","RMA","958","MINUTE","11","3","3","100.59","KILOMETER","31","KILOMETER_PER_HOUR"
"74699","50051","40","1985-09-09","10","MODRIĆ","CRO","CENTRAL_MIDFIELDER","MIDFIELDER","MALE","174","./image/74699.jpg","Luka Modrić","MIDFIELDER","10","Modrić","56370","65","Croatie","Milieu","Luka","Modrić","Luka Modrić","Modrić","200122","./assoc/200122_ESP.svg","./logo/50051.png","UEFA","ESP","50051","FAME","Real Madrid","","https://img.uefa.com/imgml/TP/teams/logos/70x70/50051.png","https://img.uefa.com/imgml/TP/teams/logos/240x240/50051.png","250051","RMA","DOMESTIC_MEN_TEAM_A","","DOMESTIC","Espagne","Real Madrid","Real Madrid C.F.","RMA","957","MINUTE","11","1","1","105.2","KILOMETER","31.5","KILOMETER_PER_HOUR"
"250002096","50037","37","1988-08-21","9","Lewandowski","POL","STRIKER","FORWARD","MALE","184","./image/250002096.jpg","Robert Lewandowski","FORWARD","9","Lewandowski","109","78","Pologne","Attaquant","Robert","Lewandowski","Robert Lewandowski","Lewandowski","200047","./assoc/200047_GER.svg","./logo/50037.png","UEFA","GER","50037","FAME","Bayern München","","https://img.uefa.com/imgml/TP/teams/logos/70x70/50037.png","https://img.uefa.com/imgml/TP/teams/logos/240x240/50037.png","250037","BAY","DOMESTIC_MEN_TEAM_A","","DOMESTIC","Allemagne","Bayern München","FC Bayern München","BAY","955","MINUTE","11","5","2","106.57","KILOMETER","30.2","KILOMETER_PER_HOUR"
"103147","50051","35","1990-01-04","8","KROOS","GER","CENTRAL_MIDFIELDER","MIDFIELDER","MALE","182","./image/103147.jpg","Toni Kroos","MIDFIELDER","8","Kroos","47","78","Allemagne","Milieu","Toni","Kroos","Toni Kroos","Kroos","200122","./assoc/200122_ESP.svg","./logo/50051.png","UEFA","ESP","50051","FAME","Real Madrid","","https://img.uefa.com/imgml/TP/teams/logos/70x70/50051.png","https://img.uefa.com/imgml/TP/teams/logos/240x240/50051.png","250051","RMA","DOMESTIC_MEN_TEAM_A","","DOMESTIC","Espagne","Real Madrid","Real Madrid C.F.","RMA","952","MINUTE","12","0","1","120.43","KILOMETER","30.6","KILOMETER_PER_HOUR"
"250057680","50051","33","1992-02-23","18","Casemiro","BRA","UNKNOWN","MIDFIELDER","MALE","184","./image/250057680.jpg","Casemiro","MIDFIELDER","5","Casemiro","18","76","Brésil","Milieu","","Casemiro","Casemiro","Casemiro","200122","./assoc/200122_ESP.svg","./logo/50051.png","UEFA","ESP","50051","FAME","Real Madrid","","https://img.uefa.com/imgml/TP/teams/logos/70x70/50051.png","https://img.uefa.com/imgml/TP/teams/logos/240x240/50051.png","250051","RMA","DOMESTIC_MEN_TEAM_A","","DOMESTIC","Espagne","Real Madrid","Real Madrid C.F.","RMA","944","MINUTE","12","1","0","111.81","KILOMETER","29.6","KILOMETER_PER_HOUR"
"250061119","7889","33","1992-04-10","17","Mané","SEN","STRIKER","FORWARD","MALE","","./image/250061119.jpg","Sadio Mané","FORWARD","","Mané","118","","Sénégal","Attaquant","Sadio","Mané","Sadio Mané","Mané","200039","./assoc/200039_ENG.svg","./logo/7889.png","UEFA","ENG","7889","FAME","Liverpool","","https://img.uefa.com/imgml/TP/teams/logos/70x70/7889.png","https://img.uefa.com/imgml/TP/teams/logos/240x240/7889.png","207889","LIV","DOMESTIC_MEN_TEAM_A","","DOMESTIC","Angleterre","Liverpool","Liverpool FC","LIV","940","MINUTE","11","10","2","114.93","KILOMETER","31.5","KILOMETER_PER_HOUR"
"250025891","50051","32","1993-04-25","19","R.Varane","FRA","CENTRE_BACK","DEFENDER","MALE","191","./image/250025891.jpg","Raphaël Varane","DEFENDER","4","Varane","43","78","France","Défenseur","Raphaël","Varane","Raphaël Varane","Varane","200122","./assoc/200122_ESP.svg","./logo/50051.png","UEFA","ESP","50051","FAME","Real Madrid","","https://img.uefa.com/imgml/TP/teams/logos/70x70/50051.png","https://img.uefa.com/imgml/TP/teams/logos/240x240/50051.png","250051","RMA","DOMESTIC_MEN_TEAM_A","","DOMESTIC","Espagne","Real Madrid","Real Madrid C.F.","RMA","938","MINUTE","11","0","1","101.99","KILOMETER","30.5","KILOMETER_PER_HOUR"
"250052469","7889","33","1992-06-15","11","M.Salah","EGY","WINGER","FORWARD","MALE","175","./image/250052469.jpg","Mohamed Salah","FORWARD","","Salah","38","72","Égypte","Attaquant","Mohamed","Salah","Mohamed Salah","Salah","200039","./assoc/200039_ENG.svg","./logo/7889.png","UEFA","ENG","7889","FAME","Liverpool","","https://img.uefa.com/imgml/TP/teams/logos/70x70/7889.png","https://img.uefa.com/imgml/TP/teams/logos/240x240/7889.png","207889","LIV","DOMESTIC_MEN_TEAM_A","","DOMESTIC","Angleterre","Liverpool","Liverpool FC","LIV","930","MINUTE","13","10","4","108.28","KILOMETER","33.8","KILOMETER_PER_HOUR"
"1900746","50137","38","1987-03-17","20","FAZIO","ARG","CENTRE_BACK","DEFENDER","MALE","195","./image/1900746.jpg","Federico Fazio","","","Fazio","6","85","Argentine","Défenseur","Federico","Fazio","Federico Fazio","Fazio","200066","./assoc/200066_ITA.svg","./logo/50137.png","UEFA","ITA","50137","FAME","Roma","","https://img.uefa.com/imgml/TP/teams/logos/70x70/50137.png","https://img.uefa.com/imgml/TP/teams/logos/240x240/50137.png","250137","ROM","DOMESTIC_MEN_TEAM_A","","DOMESTIC","Italie","Roma","AS Roma","ROM","922","MINUTE","11","0","1","103.95","KILOMETER","29.7","KILOMETER_PER_HOUR"
"250012954","50137","34","1991-06-14","44","Manolas","GRE","CENTRE_BACK","DEFENDER","MALE","186","./image/250012954.jpg","Kostas Manolas","DEFENDER","4","Manolas","49","79","Grèce","Défenseur","Kostas","Manolas","Kostas Manolas","Manolas","200066","./assoc/200066_ITA.svg","./logo/50137.png","UEFA","ITA","50137","FAME","Roma","","https://img.uefa.com/imgml/TP/teams/logos/70x70/50137.png","https://img.uefa.com/imgml/TP/teams/logos/240x240/50137.png","250137","ROM","DOMESTIC_MEN_TEAM_A","","DOMESTIC","Italie","Roma","AS Roma","ROM","914","MINUTE","11","2","0","92.55","KILOMETER","33.1","KILOMETER_PER_HOUR"
"250022295","52714","36","1989-09-02","18","Escudero","ESP","FULL_BACK","DEFENDER","MALE","176","./image/250022295.jpg","Sergio Escudero","DEFENDER","","Escudero","122","65","Espagne","Défenseur","Sergio","Escudero","Sergio Escudero","Escudero","200122","./assoc/200122_ESP.svg","./logo/52714.png","UEFA","ESP","52714","FAME","Sevilla","","https://img.uefa.com/imgml/TP/teams/logos/70x70/52714.png","https://img.uefa.com/imgml/TP/teams/logos/240x240/52714.png","252714","SEV","DOMESTIC_MEN_TEAM_A","","DOMESTIC","Espagne","Sevilla","Sevilla FC","SEV","900","MINUTE","10","0","2","104.36","KILOMETER","30.9","KILOMETER_PER_HOUR"
"250039930","50139","34","1991-01-26","12","Alex Sandro","BRA","UNKNOWN","DEFENDER","MALE","179","./image/250039930.jpg","Alex Sandro","DEFENDER","6","Lobo Silva","18","79","Brésil","Défenseur","","Alex Sandro","Alex Sandro","Alex Sandro","200066","./assoc/200066_ITA.svg","./logo/50139.png","UEFA","ITA","50139","FAME","Juventus","","https://img.uefa.com/imgml/TP/teams/logos/70x70/50139.png","https://img.uefa.com/imgml/TP/teams/logos/240x240/50139.png","250139","JUV","DOMESTIC_MEN_TEAM_A","","DOMESTIC","Italie","Juventus","Juventus","JUV","900","MINUTE","10","0","1","110.62","KILOMETER","30.9","KILOMETER_PER_HOUR"
"250070417","50037","30","1995-02-08","6","Kimmich","GER","CENTRE_BACK","MIDFIELDER","MALE","176","./image/250070417.jpg","Joshua Kimmich","MIDFIELDER","6","Kimmich","47","70","Allemagne","Milieu","Joshua","Kimmich","Joshua Kimmich","Kimmich","200047","./assoc/200047_GER.svg","./logo/50037.png","UEFA","GER","50037","FAME","Bayern München","","https://img.uefa.com/imgml/TP/teams/logos/70x70/50037.png","https://img.uefa.com/imgml/TP/teams/logos/240x240/50037.png","250037","BAY","DOMESTIC_MEN_TEAM_A","","DOMESTIC","Allemagne","Bayern München","FC Bayern München","BAY","897","MINUTE","11","4","3","114.63","KILOMETER","30.2","KILOMETER_PER_HOUR"
"106375","50080","38","1987-01-24","9","SUÁREZ","URU","UNKNOWN","FORWARD","MALE","181","./image/106375.jpg","Luis Suárez","FORWARD","9","Suárez","138","85","Uruguay","Attaquant","","Luis Suárez","Luis Suárez","Luis Suárez","200122","./assoc/200122_ESP.svg","./logo/50080.png","UEFA","ESP","50080","FAME","Barcelona","","https://img.uefa.com/imgml/TP/teams/logos/70x70/50080.png","https://img.uefa.com/imgml/TP/teams/logos/240x240/50080.png","250080","BAR","DOMESTIC_MEN_TEAM_A","","DOMESTIC","Espagne","Barcelona","FC Barcelona","BAR","884","MINUTE","10","1","5","90.29","KILOMETER","31.7","KILOMETER_PER_HOUR"
"70120","7889","39","1986-01-04","6","Milner","ENG","CENTRAL_MIDFIELDER","MIDFIELDER","MALE","175","./image/70120.jpg","James Milner","MIDFIELDER","4","Milner","39","70","Angleterre","Milieu","James","Milner","James Milner","Milner","200039","./assoc/200039_ENG.svg","./logo/7889.png","UEFA","ENG","7889","FAME","Liverpool","","https://img.uefa.com/imgml/TP/teams/logos/70x70/7889.png","https://img.uefa.com/imgml/TP/teams/logos/240x240/7889.png","207889","LIV","DOMESTIC_MEN_TEAM_A","","DOMESTIC","Angleterre","Liverpool","Liverpool FC","LIV","876","MINUTE","11","0","9","124.91","KILOMETER","29","KILOMETER_PER_HOUR"
"250010260","7889","35","1990-06-17","6","Henderson","ENG","CENTRAL_MIDFIELDER","MIDFIELDER","MALE","182","./image/250010260.jpg","Jordan Henderson","MIDFIELDER","8","Henderson","39","67","Angleterre","Milieu","Jordan","Henderson","Jordan Henderson","J. Henderson","200039","./assoc/200039_ENG.svg","./logo/7889.png","UEFA","ENG","7889","FAME","Liverpool","","https://img.uefa.com/imgml/TP/teams/logos/70x70/7889.png","https://img.uefa.com/imgml/TP/teams/logos/240x240/7889.png","207889","LIV","DOMESTIC_MEN_TEAM_A","","DOMESTIC","Angleterre","Liverpool","Liverpool FC","LIV","868","MINUTE","10","0","0","113.5","KILOMETER","30.8","KILOMETER_PER_HOUR"
"250187661","7889","34","1990-11-11","25","WIJNALDUM","NED","","MIDFIELDER","MALE","173","https://img.uefa.com/imgml/TP/players/1/2018/324x324/250187661.jpg","Georginio Wijnaldum","MIDFIELDER","8","Wijnaldum","95","74","Pays-Bas","Milieu","Georginio","Wijnaldum","Georginio Wijnaldum","Wijnaldum","200039","./assoc/200039_ENG.svg","./logo/7889.png","UEFA","ENG","7889","FAME","Liverpool","","https://img.uefa.com/imgml/TP/teams/logos/70x70/7889.png","https://img.uefa.com/imgml/TP/teams/logos/240x240/7889.png","207889","LIV","DOMESTIC_MEN_TEAM_A","","DOMESTIC","Angleterre","Liverpool","Liverpool FC","LIV","850","MINUTE","12","1","2","106.26","KILOMETER","31.7","KILOMETER_PER_HOUR"
"250005342","50137","35","1990-02-13","6","Strootman","NED","CENTRAL_MIDFIELDER","MIDFIELDER","MALE","186","./image/250005342.jpg","Kevin Strootman","MIDFIELDER","16","Strootman","95","78","Pays-Bas","Milieu","Kevin","Strootman","Kevin Strootman","Strootman","200066","./assoc/200066_ITA.svg","./logo/50137.png","UEFA","ITA","50137","FAME","Roma","","https://img.uefa.com/imgml/TP/teams/logos/70x70/50137.png","https://img.uefa.com/imgml/TP/teams/logos/240x240/50137.png","250137","ROM","DOMESTIC_MEN_TEAM_A","","DOMESTIC","Italie","Roma","AS Roma","ROM","839","MINUTE","11","0","1","108.81","KILOMETER","27.9","KILOMETER_PER_HOUR"
"1900739","50139","37","1987-12-10","21","Higuain","ARG","STRIKER","FORWARD","MALE","184","./image/1900739.jpg","Gonzalo Higuaín","FORWARD","9","Higuain","6","75","Argentine","Attaquant","Gonzalo","Higuaín","Gonzalo Higuaín","Higuaín","200066","./assoc/200066_ITA.svg","./logo/50139.png","UEFA","ITA","50139","FAME","Juventus","","https://img.uefa.com/imgml/TP/teams/logos/70x70/50139.png","https://img.uefa.com/imgml/TP/teams/logos/240x240/50139.png","250139","JUV","DOMESTIC_MEN_TEAM_A","","DOMESTIC","Italie","Juventus","Juventus","JUV","829","MINUTE","10","5","1","88.13","KILOMETER","31","KILOMETER_PER_HOUR"
"250076357","7889","27","1998-10-07","66","Alexander-Arnold","ENG","UNKNOWN","DEFENDER","MALE","","./image/250076357.jpg","Trent Alexander-Arnold","DEFENDER","2","Alexander-Arnold","39","","Angleterre","Défenseur","Trent","Alexander-Arnold","Trent Alexander-Arnold","Alexander-Arnold","200039","./assoc/200039_ENG.svg","./logo/7889.png","UEFA","ENG","7889","FAME","Liverpool","","https://img.uefa.com/imgml/TP/teams/logos/70x70/7889.png","https://img.uefa.com/imgml/TP/teams/logos/240x240/7889.png","207889","LIV","DOMESTIC_MEN_TEAM_A","","DOMESTIC","Angleterre","Liverpool","Liverpool FC","LIV","819","MINUTE","10","1","1","94.56","KILOMETER","32.21","KILOMETER_PER_HOUR"
"250042779","52714","30","1995-06-17","15","LENGLET","FRA","UNKNOWN","DEFENDER","MALE","186","./image/250042779.jpg","Clément Lenglet","DEFENDER","5","Lenglet","43","81","France","Défenseur","Clément","Lenglet","Clément Lenglet","Lenglet","200122","./assoc/200122_ESP.svg","./logo/52714.png","UEFA","ESP","52714","FAME","Sevilla","","https://img.uefa.com/imgml/TP/teams/logos/70x70/52714.png","https://img.uefa.com/imgml/TP/teams/logos/240x240/52714.png","252714","SEV","DOMESTIC_MEN_TEAM_A","","DOMESTIC","Espagne","Sevilla","Sevilla FC","SEV","810","MINUTE","9","1","0","88.99","KILOMETER","30.5","KILOMETER_PER_HOUR"
"250014003","50080","31","1993-11-14","14","UMTITI","FRA","CENTRE_BACK","DEFENDER","MALE","180","./image/250014003.jpg","Samuel Umtiti","DEFENDER","5","Umtiti","43","75","France","Défenseur","Samuel","Umtiti","Samuel Umtiti","Umtiti","200122","./assoc/200122_ESP.svg","./logo/50080.png","UEFA","ESP","50080","FAME","Barcelona","","https://img.uefa.com/imgml/TP/teams/logos/70x70/50080.png","https://img.uefa.com/imgml/TP/teams/logos/240x240/50080.png","250080","BAR","DOMESTIC_MEN_TEAM_A","","DOMESTIC","Espagne","Barcelona","FC Barcelona","BAR","810","MINUTE","9","0","0","84.12","KILOMETER","31.2","KILOMETER_PER_HOUR"
"21307","50139","47","1978-01-28","77","Buffon","ITA","GOALKEEPER","GOALKEEPER","MALE","192","./image/21307.jpg","Gianluigi Buffon","","1","","66","91","Italie","Gardien","Gianluigi","Buffon","Gianluigi Buffon","Buffon","200066","./assoc/200066_ITA.svg","./logo/50139.png","UEFA","ITA","50139","FAME","Juventus","","https://img.uefa.com/imgml/TP/teams/logos/70x70/50139.png","https://img.uefa.com/imgml/TP/teams/logos/240x240/50139.png","250139","JUV","DOMESTIC_MEN_TEAM_A","","DOMESTIC","Italie","Juventus","Juventus","JUV","810","MINUTE","9","0","0","37.75","KILOMETER","21.8","KILOMETER_PER_HOUR"
"250073809","52919","32","1993-08-17","31","EDERSON M.","BRA","UNKNOWN","GOALKEEPER","MALE","188","./image/250073809.jpg","Ederson","GOALKEEPER","23","EDERSON","18","81","Brésil","Gardien","","Ederson","Ederson","Ederson","200039","./assoc/200039_ENG.svg","./logo/52919.png","UEFA","ENG","52919","FAME","Man City","","https://img.uefa.com/imgml/TP/teams/logos/70x70/52919.png","https://img.uefa.com/imgml/TP/teams/logos/240x240/52919.png","252919","MCI","DOMESTIC_MEN_TEAM_A","","DOMESTIC","Angleterre","Man City","Manchester City","MCI","810","MINUTE","9","0","0","35.98","KILOMETER","24.8","KILOMETER_PER_HOUR"
"250007631","50080","33","1992-04-30","1","Ter Stegen","GER","GOALKEEPER","GOALKEEPER","MALE","187","./image/250007631.jpg","Marc-André ter Stegen","GOALKEEPER","1","Ter Stegen","47","85","Allemagne","Gardien","Marc-André","ter Stegen","Marc-André ter Stegen","Ter Stegen","200122","./assoc/200122_ESP.svg","./logo/50080.png","UEFA","ESP","50080","FAME","Barcelona","","https://img.uefa.com/imgml/TP/teams/logos/70x70/50080.png","https://img.uefa.com/imgml/TP/teams/logos/240x240/50080.png","250080","BAR","DOMESTIC_MEN_TEAM_A","","DOMESTIC","Espagne","Barcelona","FC Barcelona","BAR","810","MINUTE","9","0","0","35.54","KILOMETER","25.2","KILOMETER_PER_HOUR"
"250003399","52714","37","1988-06-29","10","Ever Banega","ARG","ATTACKING_MIDFIELDER","MIDFIELDER","MALE","174","./image/250003399.jpg","Éver Banega","MIDFIELDER","","EVER BANEGA","6","71","Argentine","Milieu","Éver","Banega","Éver Banega","Banega","200122","./assoc/200122_ESP.svg","./logo/52714.png","UEFA","ESP","52714","FAME","Sevilla","","https://img.uefa.com/imgml/TP/teams/logos/70x70/52714.png","https://img.uefa.com/imgml/TP/teams/logos/240x240/52714.png","252714","SEV","DOMESTIC_MEN_TEAM_A","","DOMESTIC","Espagne","Sevilla","Sevilla FC","SEV","792","MINUTE","9","1","2","95.37","KILOMETER","27.4","KILOMETER_PER_HOUR"
"95803","50080","38","1987-06-24","30","Messi","ARG","UNKNOWN","FORWARD","MALE","169","./image/95803.jpg","Lionel Messi","FORWARD","10","Messi","6","72","Argentine","Attaquant","Lionel","Messi","Lionel Messi","Messi","200122","./assoc/200122_ESP.svg","./logo/50080.png","UEFA","ESP","50080","FAME","Barcelona","","https://img.uefa.com/imgml/TP/teams/logos/70x70/50080.png","https://img.uefa.com/imgml/TP/teams/logos/240x240/50080.png","250080","BAR","DOMESTIC_MEN_TEAM_A","","DOMESTIC","Espagne","Barcelona","FC Barcelona","BAR","783","MINUTE","10","6","2","69.96","KILOMETER","28.4","KILOMETER_PER_HOUR"
"250021636","50037","34","1991-07-12","16","JAMES","COL","UNKNOWN","MIDFIELDER","MALE","180","./image/250021636.jpg","James Rodríguez","MIDFIELDER","10","James","29","75","Colombie","Milieu","","James Rodríguez","James Rodríguez","James Rodríguez","200047","./assoc/200047_GER.svg","./logo/50037.png","UEFA","GER","50037","FAME","Bayern München","","https://img.uefa.com/imgml/TP/teams/logos/70x70/50037.png","https://img.uefa.com/imgml/TP/teams/logos/240x240/50037.png","250037","BAY","DOMESTIC_MEN_TEAM_A","","DOMESTIC","Allemagne","Bayern München","FC Bayern München","BAY","778","MINUTE","12","1","2","98.98","KILOMETER","30.8","KILOMETER_PER_HOUR"
"58656","50137","42","1983-07-24","16","","ITA","DEFENSIVE_MIDFIELDER","","MALE","184","./image/58656.jpg","Daniele De Rossi","","16","","66","83","Italie","","Daniele","De Rossi","Daniele De Rossi","De Rossi","200066","./assoc/200066_ITA.svg","./logo/50137.png","UEFA","ITA","50137","FAME","Roma","","https://img.uefa.com/imgml/TP/teams/logos/70x70/50137.png","https://img.uefa.com/imgml/TP/teams/logos/240x240/50137.png","250137","ROM","DOMESTIC_MEN_TEAM_A","","DOMESTIC","Italie","Roma","AS Roma","ROM","776","MINUTE","10","1","1","98.01","KILOMETER","29.9","KILOMETER_PER_HOUR"
"250002704","50080","37","1988-07-16","5","Sergio","ESP","DEFENSIVE_MIDFIELDER","MIDFIELDER","MALE","189","./image/250002704.jpg","Sergio Busquets","MIDFIELDER","5","Sergio","122","76","Espagne","Milieu","","Sergio Busquets","Sergio Busquets","Sergio Busquets","200122","./assoc/200122_ESP.svg","./logo/50080.png","UEFA","ESP","50080","FAME","Barcelona","","https://img.uefa.com/imgml/TP/teams/logos/70x70/50080.png","https://img.uefa.com/imgml/TP/teams/logos/240x240/50080.png","250080","BAR","DOMESTIC_MEN_TEAM_A","","DOMESTIC","Espagne","Barcelona","FC Barcelona","BAR","768","MINUTE","10","0","0","89.82","KILOMETER","29.5","KILOMETER_PER_HOUR"
"97744","50080","37","1988-03-10","11","I. RAKITIĆ","CRO","CENTRAL_MIDFIELDER","MIDFIELDER","MALE","184","./image/97744.jpg","Ivan Rakitić","MIDFIELDER","7","I. Rakitić","56370","78","Croatie","Milieu","Ivan","Rakitić","Ivan Rakitić","Rakitić","200122","./assoc/200122_ESP.svg","./logo/50080.png","UEFA","ESP","50080","FAME","Barcelona","","https://img.uefa.com/imgml/TP/teams/logos/70x70/50080.png","https://img.uefa.com/imgml/TP/teams/logos/240x240/50080.png","250080","BAR","DOMESTIC_MEN_TEAM_A","","DOMESTIC","Espagne","Barcelona","FC Barcelona","BAR","758","MINUTE","10","1","0","92.55","KILOMETER","29.2","KILOMETER_PER_HOUR"
"1909920","52714","33","1992-05-11","19","Sarabia Garcia","ESP","WINGER","FORWARD","MALE","177","./image/1909920.jpg","Pablo Sarabia","FORWARD","17","Sarabia","122","70","Espagne","Attaquant","Pablo","Sarabia","Pablo Sarabia","Sarabia","200122","./assoc/200122_ESP.svg","./logo/52714.png","UEFA","ESP","52714","FAME","Sevilla","","https://img.uefa.com/imgml/TP/teams/logos/70x70/52714.png","https://img.uefa.com/imgml/TP/teams/logos/240x240/52714.png","252714","SEV","DOMESTIC_MEN_TEAM_A","","DOMESTIC","Espagne","Sevilla","Sevilla FC","SEV","741","MINUTE","10","1","2","98.59","KILOMETER","29.7","KILOMETER_PER_HOUR"
"98953","50037","37","1988-09-02","8","Martinez","ESP","CENTRE_BACK","MIDFIELDER","MALE","190","./image/98953.jpg","Javi Martínez","DEFENDER","4","Javi Martínez","122","86","Espagne","Milieu","","Javi Martínez","Javi Martínez","Javi Martínez","200047","./assoc/200047_GER.svg","./logo/50037.png","UEFA","GER","50037","FAME","Bayern München","","https://img.uefa.com/imgml/TP/teams/logos/70x70/50037.png","https://img.uefa.com/imgml/TP/teams/logos/240x240/50037.png","250037","BAY","DOMESTIC_MEN_TEAM_A","","DOMESTIC","Allemagne","Bayern München","FC Bayern München","BAY","740","MINUTE","10","1","0","85.04","KILOMETER","29.7","KILOMETER_PER_HOUR"
"250024454","50051","33","1992-04-21","22","Isco","ESP","ATTACKING_MIDFIELDER","MIDFIELDER","MALE","176","./image/250024454.jpg","Isco","MIDFIELDER","10","Isco","122","74","Espagne","Milieu","","Isco","Isco","Isco","200122","./assoc/200122_ESP.svg","./logo/50051.png","UEFA","ESP","50051","FAME","Real Madrid","","https://img.uefa.com/imgml/TP/teams/logos/70x70/50051.png","https://img.uefa.com/imgml/TP/teams/logos/240x240/50051.png","250051","RMA","DOMESTIC_MEN_TEAM_A","","DOMESTIC","Espagne","Real Madrid","Real Madrid C.F.","RMA","736","MINUTE","11","0","2","91.63","KILOMETER","29.9","KILOMETER_PER_HOUR"
"93148","50080","38","1987-02-02","3","Piqué","ESP","CENTRE_BACK","DEFENDER","MALE","193","./image/93148.jpg","Gerard Piqué","DEFENDER","3","Piqué","122","85","Espagne","Défenseur","Gerard","Piqué","Gerard Piqué","Piqué","200122","./assoc/200122_ESP.svg","./logo/50080.png","UEFA","ESP","50080","FAME","Barcelona","","https://img.uefa.com/imgml/TP/teams/logos/70x70/50080.png","https://img.uefa.com/imgml/TP/teams/logos/240x240/50080.png","250080","BAR","DOMESTIC_MEN_TEAM_A","","DOMESTIC","Espagne","Barcelona","FC Barcelona","BAR","736","MINUTE","9","1","0","76.19","KILOMETER","30.6","KILOMETER_PER_HOUR"
"250003318","50037","36","1989-09-13","25","Müller","GER","WINGER","FORWARD","MALE","186","./image/250003318.jpg","Thomas Müller","FORWARD","13","Müller","47","74","Allemagne","Attaquant","Thomas","Müller","Thomas Müller","Müller","200047","./assoc/200047_GER.svg","./logo/50037.png","UEFA","GER","50037","FAME","Bayern München","","https://img.uefa.com/imgml/TP/teams/logos/70x70/50037.png","https://img.uefa.com/imgml/TP/teams/logos/240x240/50037.png","250037","BAY","DOMESTIC_MEN_TEAM_A","","DOMESTIC","Allemagne","Bayern München","FC Bayern München","BAY","734","MINUTE","10","3","2","91.26","KILOMETER","30.4","KILOMETER_PER_HOUR"
"250011977","50137","37","1988-07-26","8","PEROTTI","ARG","WINGER","MIDFIELDER","MALE","179","./image/250011977.jpg","Diego Perotti","FORWARD","","Perotti","6","70","Argentine","Milieu","Diego","Perotti","Diego Perotti","Perotti","200066","./assoc/200066_ITA.svg","./logo/50137.png","UEFA","ITA","50137","FAME","Roma","","https://img.uefa.com/imgml/TP/teams/logos/70x70/50137.png","https://img.uefa.com/imgml/TP/teams/logos/240x240/50137.png","250137","ROM","DOMESTIC_MEN_TEAM_A","","DOMESTIC","Italie","Roma","AS Roma","ROM","729","MINUTE","9","3","1","91.79","KILOMETER","29.9","KILOMETER_PER_HOUR"
"1905346","59856","34","1991-02-08","5","LANG","SUI","FULL_BACK","DEFENDER","MALE","185","./image/1905346.jpg","Michael Lang","DEFENDER","7","Lang","128","79","Suisse","Défenseur","Michael","Lang","Michael Lang","M. Lang","200128","./assoc/200128_SUI.svg","./logo/59856.png","UEFA","SUI","59856","FAME","Basel","","https://img.uefa.com/imgml/TP/teams/logos/70x70/59856.png","https://img.uefa.com/imgml/TP/teams/logos/240x240/59856.png","259856","BSL","DOMESTIC_MEN_TEAM_A","","DOMESTIC","Suisse","Basel","FC Basel 1893","BSL","720","MINUTE","8","3","1","88.59","KILOMETER","29","KILOMETER_PER_HOUR"
"95724","52747","42","1983-05-06","13","DANI ALVES","BRA","UNKNOWN","DEFENDER","MALE","173","./image/95724.jpg","Dani Alves","MIDFIELDER","13","Daniel Alves","18","70","Brésil","Défenseur","","Dani Alves","Dani Alves","Dani Alves","200043","./assoc/200043_FRA.svg","./logo/52747.png","UEFA","FRA","52747","FAME","Paris","","https://img.uefa.com/imgml/TP/teams/logos/70x70/52747.png","https://img.uefa.com/imgml/TP/teams/logos/240x240/52747.png","252747","PSG","DOMESTIC_MEN_TEAM_A","","DOMESTIC","France","Paris","Paris Saint-Germain","PSG","720","MINUTE","8","2","0","85.48","KILOMETER","28.8","KILOMETER_PER_HOUR"
"250022354","52707","37","1988-01-13","11","Taison","BRA","WINGER","MIDFIELDER","MALE","172","./image/250022354.jpg","Taison","MIDFIELDER","","Barcellos Freda","18","64","Brésil","Milieu","","Taison","Taison","Taison","257166","./assoc/257166_UKR.svg","./logo/52707.png","UEFA","UKR","52707","FAME","Shakhtar","","https://img.uefa.com/imgml/TP/teams/logos/70x70/52707.png","https://img.uefa.com/imgml/TP/teams/logos/240x240/52707.png","252707","SHK","DOMESTIC_MEN_TEAM_A","","DOMESTIC","Ukraine","Shakhtar","FC Shakhtar Donetsk","SHK","720","MINUTE","8","1","0","83.04","KILOMETER","31.5","KILOMETER_PER_HOUR"
"250017040","52919","37","1988-02-12","30","Otamendi","ARG","UNKNOWN","DEFENDER","MALE","183","./image/250017040.jpg","Nicolás Otamendi","DEFENDER","19","Otamendi","6","78","Argentine","Défenseur","Nicolás","Otamendi","Nicolás Otamendi","Otamendi","200039","./assoc/200039_ENG.svg","./logo/52919.png","UEFA","ENG","52919","FAME","Man City","","https://img.uefa.com/imgml/TP/teams/logos/70x70/52919.png","https://img.uefa.com/imgml/TP/teams/logos/240x240/52919.png","252919","MCI","DOMESTIC_MEN_TEAM_A","","DOMESTIC","Angleterre","Man City","Manchester City","MCI","720","MINUTE","8","1","0","82.79","KILOMETER","28.9","KILOMETER_PER_HOUR"
"250064064","52747","31","1994-05-14","5","MARQUINHOS","BRA","CENTRE_BACK","DEFENDER","MALE","183","./image/250064064.jpg","Marquinhos","DEFENDER","4","Marquinhos","18","75","Brésil","Défenseur","","Marquinhos","Marquinhos","Marquinhos","200043","./assoc/200043_FRA.svg","./logo/52747.png","UEFA","FRA","52747","FAME","Paris","","https://img.uefa.com/imgml/TP/teams/logos/70x70/52747.png","https://img.uefa.com/imgml/TP/teams/logos/240x240/52747.png","252747","PSG","DOMESTIC_MEN_TEAM_A","","DOMESTIC","France","Paris","Paris Saint-Germain","PSG","720","MINUTE","8","0","1","75.49","KILOMETER","31.5","KILOMETER_PER_HOUR"
"96847","59856","37","1988-03-29","17","Suchý","CZE","CENTRE_BACK","DEFENDER","MALE","184","./image/96847.jpg","Marek Suchý","DEFENDER","17","Suchy","58837","84","Tchéquie","Défenseur","Marek","Suchý","Marek Suchý","Suchý","200128","./assoc/200128_SUI.svg","./logo/59856.png","UEFA","SUI","59856","FAME","Basel","","https://img.uefa.com/imgml/TP/teams/logos/70x70/59856.png","https://img.uefa.com/imgml/TP/teams/logos/240x240/59856.png","259856","BSL","DOMESTIC_MEN_TEAM_A","","DOMESTIC","Suisse","Basel","FC Basel 1893","BSL","720","MINUTE","8","0","0","82.47","KILOMETER","28.6","KILOMETER_PER_HOUR"
"250099374","1652","29","1996-06-12","6","SANCHEZ","COL","CENTRE_BACK","DEFENDER","MALE","187","./image/250099374.jpg","Davinson Sánchez","DEFENDER","","Sanchez","29","79","Colombie","Défenseur","Davinson","Sánchez","Davinson Sánchez","Sánchez","200039","./assoc/200039_ENG.svg","./logo/1652.png","UEFA","ENG","1652","FAME","Tottenham","","https://img.uefa.com/imgml/TP/teams/logos/70x70/1652.png","https://img.uefa.com/imgml/TP/teams/logos/240x240/1652.png","201652","TOT","DOMESTIC_MEN_TEAM_A","","DOMESTIC","Angleterre","Tottenham","Tottenham Hotspur","TOT","720","MINUTE","8","0","0","82.02","KILOMETER","32.5","KILOMETER_PER_HOUR"
"250011196","52682","35","1989-11-22","6","Smalling","ENG","CENTRE_BACK","DEFENDER","MALE","192","./image/250011196.jpg","Chris Smalling","DEFENDER","6","Smalling","39","81","Angleterre","Défenseur","Chris","Smalling","Chris Smalling","Smalling","200039","./assoc/200039_ENG.svg","./logo/52682.png","UEFA","ENG","52682","FAME","Man Utd","","https://img.uefa.com/imgml/TP/teams/logos/70x70/52682.png","https://img.uefa.com/imgml/TP/teams/logos/240x240/52682.png","252682","MUN","DOMESTIC_MEN_TEAM_A","","DOMESTIC","Angleterre","Man Utd","Manchester United","MUN","720","MINUTE","8","0","0","74.82","KILOMETER","30","KILOMETER_PER_HOUR"
"250013997","52747","32","1993-02-27","23","Areola","FRA","GOALKEEPER","GOALKEEPER","MALE","191","./image/250013997.jpg","Alphonse Areola","GOALKEEPER","23","Areola","43","91","France","Gardien","Alphonse","Areola","Alphonse Areola","Areola","200043","./assoc/200043_FRA.svg","./logo/52747.png","UEFA","FRA","52747","FAME","Paris","","https://img.uefa.com/imgml/TP/teams/logos/70x70/52747.png","https://img.uefa.com/imgml/TP/teams/logos/240x240/52747.png","252747","PSG","DOMESTIC_MEN_TEAM_A","","DOMESTIC","France","Paris","Paris Saint-Germain","PSG","720","MINUTE","8","0","0","38.56","KILOMETER","28","KILOMETER_PER_HOUR"
"67855","52707","41","1984-06-28","30","","UKR","GOALKEEPER","","MALE","190","./image/67855.jpg","Andriy Pyatov","GOALKEEPER","12","Pyatov","57166","84","Ukraine","","Andriy","Pyatov","Andriy Pyatov","Pyatov","257166","./assoc/257166_UKR.svg","./logo/52707.png","UEFA","UKR","52707","FAME","Shakhtar","","https://img.uefa.com/imgml/TP/teams/logos/70x70/52707.png","https://img.uefa.com/imgml/TP/teams/logos/240x240/52707.png","252707","SHK","DOMESTIC_MEN_TEAM_A","","DOMESTIC","Ukraine","Shakhtar","FC Shakhtar Donetsk","SHK","720","MINUTE","8","0","0","36.29","KILOMETER","24.1","KILOMETER_PER_HOUR"
"250000898","59856","36","1989-03-29","1","Vaclik","CZE","GOALKEEPER","GOALKEEPER","MALE","188","./image/250000898.jpg","Tomáš Vaclík","GOALKEEPER","1","Vaclik","58837","85","Tchéquie","Gardien","Tomáš","Vaclík","Tomáš Vaclík","Vaclík","200128","./assoc/200128_SUI.svg","./logo/59856.png","UEFA","SUI","59856","FAME","Basel","","https://img.uefa.com/imgml/TP/teams/logos/70x70/59856.png","https://img.uefa.com/imgml/TP/teams/logos/240x240/59856.png","259856","BSL","DOMESTIC_MEN_TEAM_A","","DOMESTIC","Suisse","Basel","FC Basel 1893","BSL","720","MINUTE","8","0","0","35.17","KILOMETER","19.61","KILOMETER_PER_HOUR"
"250062440","52714","32","1993-09-01","16","Rico","ESP","GOALKEEPER","GOALKEEPER","MALE","195","./image/250062440.jpg","Sergio Rico","GOALKEEPER","13","Sergio Rico","122","90","Espagne","Gardien","Sergio","Rico","Sergio Rico","Rico","200122","./assoc/200122_ESP.svg","./logo/52714.png","UEFA","ESP","52714","FAME","Sevilla","","https://img.uefa.com/imgml/TP/teams/logos/70x70/52714.png","https://img.uefa.com/imgml/TP/teams/logos/240x240/52714.png","252714","SEV","DOMESTIC_MEN_TEAM_A","","DOMESTIC","Espagne","Sevilla","Sevilla FC","SEV","720","MINUTE","8","0","0","33.08","KILOMETER","20.3","KILOMETER_PER_HOUR"
"250011668","52914","33","1992-05-11","1","COURTOIS","BEL","GOALKEEPER","GOALKEEPER","MALE","199","./image/250011668.jpg","Thibaut Courtois","GOALKEEPER","1","Courtois","13","91","Belgique","Gardien","Thibaut","Courtois","Thibaut Courtois","Courtois","200039","./assoc/200039_ENG.svg","./logo/52914.png","UEFA","ENG","52914","FAME","Chelsea","","https://img.uefa.com/imgml/TP/teams/logos/70x70/52914.png","https://img.uefa.com/imgml/TP/teams/logos/240x240/52914.png","252914","CHE","DOMESTIC_MEN_TEAM_A","","DOMESTIC","Angleterre","Chelsea","Chelsea FC","CHE","720","MINUTE","8","0","0","30.69","KILOMETER","20.5","KILOMETER_PER_HOUR"
"250016027","50139","35","1990-09-14","11","Costa","BRA","WINGER","MIDFIELDER","MALE","170","./image/250016027.jpg","Douglas Costa","MIDFIELDER","","Costa de Souza ","18","65","Brésil","Milieu","","Douglas Costa","Douglas Costa","Douglas Costa","200066","./assoc/200066_ITA.svg","./logo/50139.png","UEFA","ITA","50139","FAME","Juventus","","https://img.uefa.com/imgml/TP/teams/logos/70x70/50139.png","https://img.uefa.com/imgml/TP/teams/logos/240x240/50139.png","250139","JUV","DOMESTIC_MEN_TEAM_A","","DOMESTIC","Italie","Juventus","Juventus","JUV","719","MINUTE","10","0","1","86.29","KILOMETER","30.8","KILOMETER_PER_HOUR"
"250062176","52707","32","1993-03-05","7","FRED","BRA","CENTRAL_MIDFIELDER","MIDFIELDER","MALE","169","./image/250062176.jpg","Fred","MIDFIELDER","8","Rodrigues de Paula Santos","18","72","Brésil","Milieu","","Fred","Fred","Fred","257166","./assoc/257166_UKR.svg","./logo/52707.png","UEFA","UKR","52707","FAME","Shakhtar","","https://img.uefa.com/imgml/TP/teams/logos/70x70/52707.png","https://img.uefa.com/imgml/TP/teams/logos/240x240/52707.png","252707","SHK","DOMESTIC_MEN_TEAM_A","","DOMESTIC","Ukraine","Shakhtar","FC Shakhtar Donetsk","SHK","719","MINUTE","8","1","1","94.43","KILOMETER","30.4","KILOMETER_PER_HOUR"
"250026962","50137","34","1991-03-11","24","FLORENZI","ITA","CENTRAL_MIDFIELDER","DEFENDER","MALE","173","./image/250026962.jpg","Alessandro Florenzi","DEFENDER","7","Florenzi","66","67","Italie","Défenseur","Alessandro","Florenzi","Alessandro Florenzi","Florenzi","200066","./assoc/200066_ITA.svg","./logo/50137.png","UEFA","ITA","50137","FAME","Roma","","https://img.uefa.com/imgml/TP/teams/logos/70x70/50137.png","https://img.uefa.com/imgml/TP/teams/logos/240x240/50137.png","250137","ROM","DOMESTIC_MEN_TEAM_A","","DOMESTIC","Italie","Roma","AS Roma","ROM","708","MINUTE","10","0","0","84.68","KILOMETER","32.4","KILOMETER_PER_HOUR"
"103827","52914","36","1989-08-28","3","AZPILICUETA","ESP","FULL_BACK","DEFENDER","MALE","178","./image/103827.jpg","César Azpilicueta","DEFENDER","2","Azpilicueta","122","75","Espagne","Défenseur","César","Azpilicueta","César Azpilicueta","Azpilicueta","200039","./assoc/200039_ENG.svg","./logo/52914.png","UEFA","ENG","52914","FAME","Chelsea","","https://img.uefa.com/imgml/TP/teams/logos/70x70/52914.png","https://img.uefa.com/imgml/TP/teams/logos/240x240/52914.png","252914","CHE","DOMESTIC_MEN_TEAM_A","","DOMESTIC","Angleterre","Chelsea","Chelsea FC","CHE","705","MINUTE","8","1","0","82.28","KILOMETER","29.1","KILOMETER_PER_HOUR"
"250010802","52682","32","1993-05-13","90","Lukaku Bolingoli","BEL","STRIKER","FORWARD","MALE","190","./image/250010802.jpg","Romelu Lukaku","FORWARD","10","Lukaku","13","93","Belgique","Attaquant","Romelu","Lukaku","Romelu Lukaku","Lukaku","200039","./assoc/200039_ENG.svg","./logo/52682.png","UEFA","ENG","52682","FAME","Man Utd","","https://img.uefa.com/imgml/TP/teams/logos/70x70/52682.png","https://img.uefa.com/imgml/TP/teams/logos/240x240/52682.png","252682","MUN","DOMESTIC_MEN_TEAM_A","","DOMESTIC","Angleterre","Man Utd","Manchester United","MUN","704","MINUTE","8","5","0","70.1","KILOMETER","31.3","KILOMETER_PER_HOUR"
"250062178","52707","34","1991-03-14","9","Ferreyra","ARG","STRIKER","FORWARD","MALE","187","./image/250062178.jpg","Facundo Ferreyra","FORWARD","","Ferreyra","","70","Argentine","Attaquant","Facundo","Ferreyra","Facundo Ferreyra","Ferreyra","257166","./assoc/257166_UKR.svg","./logo/52707.png","UEFA","UKR","52707","FAME","Shakhtar","","https://img.uefa.com/imgml/TP/teams/logos/70x70/52707.png","https://img.uefa.com/imgml/TP/teams/logos/240x240/52707.png","252707","SHK","DOMESTIC_MEN_TEAM_A","","DOMESTIC","Ukraine","Shakhtar","FC Shakhtar Donetsk","SHK","703","MINUTE","8","3","2","76.97","KILOMETER","28.4","KILOMETER_PER_HOUR"
"250053792","52707","35","1990-01-11","31","ISMAILY","BRA","FULL_BACK","DEFENDER","MALE","177","./image/250053792.jpg","Ismaily","DEFENDER","","Gonçalves Dos Santos","18","78","Brésil","Défenseur","","Ismaily","Ismaily","Ismaily","257166","./assoc/257166_UKR.svg","./logo/52707.png","UEFA","UKR","52707","FAME","Shakhtar","","https://img.uefa.com/imgml/TP/teams/logos/70x70/52707.png","https://img.uefa.com/imgml/TP/teams/logos/240x240/52707.png","252707","SHK","DOMESTIC_MEN_TEAM_A","","DOMESTIC","Ukraine","Shakhtar","FC Shakhtar Donetsk","SHK","694","MINUTE","8","1","0","80.89","KILOMETER","31.4","KILOMETER_PER_HOUR"
"250100033","52714","38","1987-03-18","25","Mercado","ARG","FULL_BACK","DEFENDER","MALE","180","./image/250100033.jpg","Gabriel Mercado","DEFENDER","","Mercado","6","84","Argentine","Défenseur","Gabriel","Mercado","Gabriel Mercado","Mercado","200122","./assoc/200122_ESP.svg","./logo/52714.png","UEFA","ESP","52714","FAME","Sevilla","","https://img.uefa.com/imgml/TP/teams/logos/70x70/52714.png","https://img.uefa.com/imgml/TP/teams/logos/240x240/52714.png","252714","SEV","DOMESTIC_MEN_TEAM_A","","DOMESTIC","Espagne","Sevilla","Sevilla FC","SEV","693","MINUTE","8","0","0","75.54","KILOMETER","28.8","KILOMETER_PER_HOUR"
"70072","52914","38","1987-05-04","4","FÀBREGAS","ESP","CENTRAL_MIDFIELDER","MIDFIELDER","MALE","175","./image/70072.jpg","Cesc Fàbregas","MIDFIELDER","10","Fábregas","122","74","Espagne","Milieu","Cesc","Fàbregas","Cesc Fàbregas","Fàbregas","200039","./assoc/200039_ENG.svg","./logo/52914.png","UEFA","ENG","52914","FAME","Chelsea","","https://img.uefa.com/imgml/TP/teams/logos/70x70/52914.png","https://img.uefa.com/imgml/TP/teams/logos/240x240/52914.png","252914","CHE","DOMESTIC_MEN_TEAM_A","","DOMESTIC","Angleterre","Chelsea","Chelsea FC","CHE","691","MINUTE","8","1","1","92.21","KILOMETER","25.5","KILOMETER_PER_HOUR"
"1902685","52707","36","1989-08-08","6","Stepanenko","UKR","DEFENSIVE_MIDFIELDER","MIDFIELDER","MALE","181","./image/1902685.jpg","Taras Stepanenko","MIDFIELDER","6","Stepanenko","57166","75","Ukraine","Milieu","Taras","Stepanenko","Taras Stepanenko","Stepanenko","257166","./assoc/257166_UKR.svg","./logo/52707.png","UEFA","UKR","52707","FAME","Shakhtar","","https://img.uefa.com/imgml/TP/teams/logos/70x70/52707.png","https://img.uefa.com/imgml/TP/teams/logos/240x240/52707.png","252707","SHK","DOMESTIC_MEN_TEAM_A","","DOMESTIC","Ukraine","Shakhtar","FC Shakhtar Donetsk","SHK","684","MINUTE","8","0","1","89.22","KILOMETER","29.3","KILOMETER_PER_HOUR"
"101299","52919","40","1985-05-04","25","Fernandinho","BRA","","MIDFIELDER","MALE","176","./image/101299.jpg","Fernandinho","MIDFIELDER","5","Fernandinho","18","67","Brésil","Milieu","","Fernandinho","Fernandinho","Fernandinho","200039","./assoc/200039_ENG.svg","./logo/52919.png","UEFA","ENG","52919","FAME","Man City","","https://img.uefa.com/imgml/TP/teams/logos/70x70/52919.png","https://img.uefa.com/imgml/TP/teams/logos/240x240/52919.png","252919","MCI","DOMESTIC_MEN_TEAM_A","","DOMESTIC","Angleterre","Man City","Manchester City","MCI","682","MINUTE","8","0","0","83.94","KILOMETER","30.6","KILOMETER_PER_HOUR"
"1905813","52747","38","1987-02-14","21","Cavani","URU","STRIKER","FORWARD","MALE","184","./image/1905813.jpg","Edinson Cavani","FORWARD","21","Cavani","138","74","Uruguay","Attaquant","Edinson","Cavani","Edinson Cavani","Cavani","200043","./assoc/200043_FRA.svg","./logo/52747.png","UEFA","FRA","52747","FAME","Paris","","https://img.uefa.com/imgml/TP/teams/logos/70x70/52747.png","https://img.uefa.com/imgml/TP/teams/logos/240x240/52747.png","252747","PSG","DOMESTIC_MEN_TEAM_A","","DOMESTIC","France","Paris","Paris Saint-Germain","PSG","680","MINUTE","8","7","1","78.85","KILOMETER","32.8","KILOMETER_PER_HOUR"
"250059205","52707","33","1992-09-08","10","BERNARD","BRA","WINGER","MIDFIELDER","MALE","164","./image/250059205.jpg","Bernard","MIDFIELDER","20","Caldeira Duarte               ","","60","Brésil","Milieu","","Bernard","Bernard","Bernard","257166","./assoc/257166_UKR.svg","./logo/52707.png","UEFA","UKR","52707","FAME","Shakhtar","","https://img.uefa.com/imgml/TP/teams/logos/70x70/52707.png","https://img.uefa.com/imgml/TP/teams/logos/240x240/52707.png","252707","SHK","DOMESTIC_MEN_TEAM_A","","DOMESTIC","Ukraine","Shakhtar","FC Shakhtar Donetsk","SHK","680","MINUTE","8","3","0","79.09","KILOMETER","31.7","KILOMETER_PER_HOUR"
"106587","50037","36","1988-12-16","15","Hummels","GER","CENTRE_BACK","DEFENDER","MALE","191","./image/106587.jpg","Mats Hummels","DEFENDER","5","Hummels","47","92","Allemagne","Défenseur","Mats","Hummels","Mats Hummels","Hummels","200047","./assoc/200047_GER.svg","./logo/50037.png","UEFA","GER","50037","FAME","Bayern München","","https://img.uefa.com/imgml/TP/teams/logos/70x70/50037.png","https://img.uefa.com/imgml/TP/teams/logos/240x240/50037.png","250037","BAY","DOMESTIC_MEN_TEAM_A","","DOMESTIC","Allemagne","Bayern München","FC Bayern München","BAY","678","MINUTE","9","1","1","73.55","KILOMETER","30.6","KILOMETER_PER_HOUR"
"98865","50037","37","1988-09-03","17","Boateng","GER","CENTRE_BACK","DEFENDER","MALE","192","./image/98865.jpg","Jérôme Boateng","DEFENDER","17","Boateng","47","90","Allemagne","Défenseur","Jérôme","Boateng","Jérôme Boateng","Boateng","200047","./assoc/200047_GER.svg","./logo/50037.png","UEFA","GER","50037","FAME","Bayern München","","https://img.uefa.com/imgml/TP/teams/logos/70x70/50037.png","https://img.uefa.com/imgml/TP/teams/logos/240x240/50037.png","250037","BAY","DOMESTIC_MEN_TEAM_A","","DOMESTIC","Allemagne","Bayern München","FC Bayern München","BAY","677","MINUTE","9","0","1","69.75","KILOMETER","29.2","KILOMETER_PER_HOUR"
"250053905","52747","30","1995-04-03","25","Rabiot","FRA","CENTRAL_MIDFIELDER","MIDFIELDER","MALE","188","./image/250053905.jpg","Adrien Rabiot","MIDFIELDER","14","Rabiot","43","71","France","Milieu","Adrien","Rabiot","Adrien Rabiot","Rabiot","200043","./assoc/200043_FRA.svg","./logo/52747.png","UEFA","FRA","52747","FAME","Paris","","https://img.uefa.com/imgml/TP/teams/logos/70x70/52747.png","https://img.uefa.com/imgml/TP/teams/logos/240x240/52747.png","252747","PSG","DOMESTIC_MEN_TEAM_A","","DOMESTIC","France","Paris","Paris Saint-Germain","PSG","677","MINUTE","8","1","2","83.58","KILOMETER","29.1","KILOMETER_PER_HOUR"
"250012024","52714","36","1988-12-15","15","Nzonzi","FRA","UNKNOWN","MIDFIELDER","MALE","190","./image/250012024.jpg","Steven Nzonzi","MIDFIELDER","15","Nzonzi","43","75","France","Milieu","Steven","Nzonzi","Steven Nzonzi","Nzonzi","200122","./assoc/200122_ESP.svg","./logo/52714.png","UEFA","ESP","52714","FAME","Sevilla","","https://img.uefa.com/imgml/TP/teams/logos/70x70/52714.png","https://img.uefa.com/imgml/TP/teams/logos/240x240/52714.png","252714","SEV","DOMESTIC_MEN_TEAM_A","","DOMESTIC","Espagne","Sevilla","Sevilla FC","SEV","675","MINUTE","8","0","0","83.8","KILOMETER","29.2","KILOMETER_PER_HOUR"
"250045024","52707","37","1988-06-07","11","Marlos","UKR","ATTACKING_MIDFIELDER","MIDFIELDER","MALE","173","./image/250045024.jpg","Marlos","MIDFIELDER","11","Marlos","57166","69","Ukraine","Milieu","","Marlos","Marlos","Marlos","257166","./assoc/257166_UKR.svg","./logo/52707.png","UEFA","UKR","52707","FAME","Shakhtar","","https://img.uefa.com/imgml/TP/teams/logos/70x70/52707.png","https://img.uefa.com/imgml/TP/teams/logos/240x240/52707.png","252707","SHK","DOMESTIC_MEN_TEAM_A","","DOMESTIC","Ukraine","Shakhtar","FC Shakhtar Donetsk","SHK","667","MINUTE","8","2","2","78.1","KILOMETER","28.7","KILOMETER_PER_HOUR"
"250008901","52919","34","1991-06-28","11","De Bruyne","BEL","ATTACKING_MIDFIELDER","MIDFIELDER","MALE","181","./image/250008901.jpg","Kevin De Bruyne","MIDFIELDER","7","De Bruyne","13","68","Belgique","Milieu","Kevin","De Bruyne","Kevin De Bruyne","De Bruyne","200039","./assoc/200039_ENG.svg","./logo/52919.png","UEFA","ENG","52919","FAME","Man City","","https://img.uefa.com/imgml/TP/teams/logos/70x70/52919.png","https://img.uefa.com/imgml/TP/teams/logos/240x240/52919.png","252919","MCI","DOMESTIC_MEN_TEAM_A","","DOMESTIC","Angleterre","Man City","Manchester City","MCI","667","MINUTE","8","1","4","87.94","KILOMETER","29.8","KILOMETER_PER_HOUR"
"250004737","52707","33","1992-07-08","18","Ordets","UKR","CENTRE_BACK","DEFENDER","MALE","194","./image/250004737.jpg","Ivan Ordets","DEFENDER","20","Ordets","57166","88","Ukraine","Défenseur","Ivan","Ordets","Ivan Ordets","Ordets","257166","./assoc/257166_UKR.svg","./logo/52707.png","UEFA","UKR","52707","FAME","Shakhtar","","https://img.uefa.com/imgml/TP/teams/logos/70x70/52707.png","https://img.uefa.com/imgml/TP/teams/logos/240x240/52707.png","252707","SHK","DOMESTIC_MEN_TEAM_A","","DOMESTIC","Ukraine","Shakhtar","FC Shakhtar Donetsk","SHK","664","MINUTE","8","0","0","77.91","KILOMETER","29.9","KILOMETER_PER_HOUR"
"250086333","50139","31","1993-11-15","21","DYBALA","ARG","STRIKER","FORWARD","MALE","177","./image/250086333.jpg","Paulo Dybala","FORWARD","21","Dybala","6","79","Argentine","Attaquant","Paulo","Dybala","Paulo Dybala","Dybala","200066","./assoc/200066_ITA.svg","./logo/50139.png","UEFA","ITA","50139","FAME","Juventus","","https://img.uefa.com/imgml/TP/teams/logos/70x70/50139.png","https://img.uefa.com/imgml/TP/teams/logos/240x240/50139.png","250139","JUV","DOMESTIC_MEN_TEAM_A","","DOMESTIC","Italie","Juventus","Juventus","JUV","661","MINUTE","8","1","1","77.42","KILOMETER","29.3","KILOMETER_PER_HOUR"
"250076574","52747","26","1998-12-20","10","MBAPPÉ","FRA","STRIKER","FORWARD","MALE","178","./image/250076574.jpg","Kylian Mbappé","FORWARD","10","Mbappe","43","67","France","Attaquant","Kylian","Mbappé","Kylian Mbappé","Mbappé","200043","./assoc/200043_FRA.svg","./logo/52747.png","UEFA","FRA","52747","FAME","Paris","","https://img.uefa.com/imgml/TP/teams/logos/70x70/52747.png","https://img.uefa.com/imgml/TP/teams/logos/240x240/52747.png","252747","PSG","DOMESTIC_MEN_TEAM_A","","DOMESTIC","France","Paris","Paris Saint-Germain","PSG","658","MINUTE","8","4","3","70.41","KILOMETER","30.6","KILOMETER_PER_HOUR"
"74055","50139","44","1981-05-08","15","Barzagli","ITA","CENTRE_BACK","DEFENDER","MALE","187","./image/74055.jpg","Andrea Barzagli","DEFENDER","15","Barzagli","66","87","Italie","Défenseur","Andrea","Barzagli","Andrea Barzagli","Barzagli","200066","./assoc/200066_ITA.svg","./logo/50139.png","UEFA","ITA","50139","FAME","Juventus","","https://img.uefa.com/imgml/TP/teams/logos/70x70/50139.png","https://img.uefa.com/imgml/TP/teams/logos/240x240/50139.png","250139","JUV","DOMESTIC_MEN_TEAM_A","","DOMESTIC","Italie","Juventus","Juventus","JUV","655","MINUTE","8","0","0","74.72","KILOMETER","31.2","KILOMETER_PER_HOUR"
"250063984","52919","29","1996-01-11","10","SANÉ","GER","WINGER","MIDFIELDER","MALE","183","./image/250063984.jpg","Leroy Sané","MIDFIELDER","19","Sané","47","75","Allemagne","Milieu","Leroy","Sané","Leroy Sané","Sané","200039","./assoc/200039_ENG.svg","./logo/52919.png","UEFA","ENG","52919","FAME","Man City","","https://img.uefa.com/imgml/TP/teams/logos/70x70/52919.png","https://img.uefa.com/imgml/TP/teams/logos/240x240/52919.png","252919","MCI","DOMESTIC_MEN_TEAM_A","","DOMESTIC","Angleterre","Man City","Manchester City","MCI","652","MINUTE","9","0","1","71.72","KILOMETER","32.4","KILOMETER_PER_HOUR"
"250025970","52714","35","1990-08-12","10","Ben Yedder","FRA","STRIKER","FORWARD","MALE","170","./image/250025970.jpg","Wissam Ben Yedder","FORWARD","9","Ben Yedder","43","68","France","Attaquant","Wissam","Ben Yedder","Wissam Ben Yedder","Ben Yedder","200122","./assoc/200122_ESP.svg","./logo/52714.png","UEFA","ESP","52714","FAME","Sevilla","","https://img.uefa.com/imgml/TP/teams/logos/70x70/52714.png","https://img.uefa.com/imgml/TP/teams/logos/240x240/52714.png","252714","SEV","DOMESTIC_MEN_TEAM_A","","DOMESTIC","Espagne","Sevilla","Sevilla FC","SEV","651","MINUTE","9","8","0","77.19","KILOMETER","29.9","KILOMETER_PER_HOUR"
"250041781","50037","30","1995-09-03","25","Süle","GER","UNKNOWN","DEFENDER","MALE","","./image/250041781.jpg","Niklas Süle","DEFENDER","15","Süle","47","","Allemagne","Défenseur","Niklas","Süle","Niklas Süle","Süle","200047","./assoc/200047_GER.svg","./logo/50037.png","UEFA","GER","50037","FAME","Bayern München","","https://img.uefa.com/imgml/TP/teams/logos/70x70/50037.png","https://img.uefa.com/imgml/TP/teams/logos/240x240/50037.png","250037","BAY","DOMESTIC_MEN_TEAM_A","","DOMESTIC","Allemagne","Bayern München","FC Bayern München","BAY","644","MINUTE","9","0","0","70.32","KILOMETER","30.9","KILOMETER_PER_HOUR"
"250024448","50051","33","1992-01-11","2","CARVAJAL","ESP","FULL_BACK","DEFENDER","MALE","173","./image/250024448.jpg","Dani Carvajal","DEFENDER","2","CARVAJAL","122","73","Espagne","Défenseur","Dani","Carvajal","Dani Carvajal","Carvajal","200122","./assoc/200122_ESP.svg","./logo/50051.png","UEFA","ESP","50051","FAME","Real Madrid","","https://img.uefa.com/imgml/TP/teams/logos/70x70/50051.png","https://img.uefa.com/imgml/TP/teams/logos/240x240/50051.png","250051","RMA","DOMESTIC_MEN_TEAM_A","","DOMESTIC","Espagne","Real Madrid","Real Madrid C.F.","RMA","644","MINUTE","8","0","3","74.13","KILOMETER","30.5","KILOMETER_PER_HOUR"
"250055967","59856","31","1994-08-04","10","ElYounossi","NOR","WINGER","FORWARD","MALE","178","./image/250055967.jpg","Mohamed Elyounoussi","FORWARD","11","Elyounoussi","101","70","Norvège","Attaquant","Mohamed","Elyounoussi","Mohamed Elyounoussi","Elyounoussi","200128","./assoc/200128_SUI.svg","./logo/59856.png","UEFA","SUI","59856","FAME","Basel","","https://img.uefa.com/imgml/TP/teams/logos/70x70/59856.png","https://img.uefa.com/imgml/TP/teams/logos/240x240/59856.png","259856","BSL","DOMESTIC_MEN_TEAM_A","","DOMESTIC","Suisse","Basel","FC Basel 1893","BSL","640","MINUTE","8","2","2","87.93","KILOMETER","31.3","KILOMETER_PER_HOUR"
"250006200","52747","32","1992-11-05","6","VERRATTI","ITA","CENTRAL_MIDFIELDER","MIDFIELDER","MALE","165","./image/250006200.jpg","Marco Verratti","MIDFIELDER","6","Verratti","66","60","Italie","Milieu","Marco","Verratti","Marco Verratti","Verratti","200043","./assoc/200043_FRA.svg","./logo/52747.png","UEFA","FRA","52747","FAME","Paris","","https://img.uefa.com/imgml/TP/teams/logos/70x70/52747.png","https://img.uefa.com/imgml/TP/teams/logos/240x240/52747.png","252747","PSG","DOMESTIC_MEN_TEAM_A","","DOMESTIC","France","Paris","Paris Saint-Germain","PSG","639","MINUTE","8","2","2","79.05","KILOMETER","27.8","KILOMETER_PER_HOUR"
"250000036","50080","36","1989-03-21","18","Jordi Alba","ESP","FULL_BACK","DEFENDER","MALE","170","./image/250000036.jpg","Jordi Alba","DEFENDER","18","Jordi Alba","122","68","Espagne","Défenseur","Jordi","Alba","Jordi Alba","Jordi Alba","200122","./assoc/200122_ESP.svg","./logo/50080.png","UEFA","ESP","50080","FAME","Barcelona","","https://img.uefa.com/imgml/TP/teams/logos/70x70/50080.png","https://img.uefa.com/imgml/TP/teams/logos/240x240/50080.png","250080","BAR","DOMESTIC_MEN_TEAM_A","","DOMESTIC","Espagne","Barcelona","FC Barcelona","BAR","638","MINUTE","8","0","0","75.29","KILOMETER","31.3","KILOMETER_PER_HOUR"
"104071","50139","35","1990-04-02","16","Pjanić","BIH","UNKNOWN","MIDFIELDER","MALE","180","./image/104071.jpg","Miralem Pjanić","MIDFIELDER","10","Pjanić","60094","68","Bosnie-Herzégovine","Milieu","Miralem","Pjanić","Miralem Pjanić","Pjanić","200066","./assoc/200066_ITA.svg","./logo/50139.png","UEFA","ITA","50139","FAME","Juventus","","https://img.uefa.com/imgml/TP/teams/logos/70x70/50139.png","https://img.uefa.com/imgml/TP/teams/logos/240x240/50139.png","250139","JUV","DOMESTIC_MEN_TEAM_A","","DOMESTIC","Italie","Juventus","Juventus","JUV","634","MINUTE","8","1","1","83.56","KILOMETER","29.2","KILOMETER_PER_HOUR"
"74327","50139","38","1987-04-04","6","Khedira","GER","DEFENSIVE_MIDFIELDER","MIDFIELDER","MALE","189","./image/74327.jpg","Sami Khedira","MIDFIELDER","6","Khedira","47","90","Allemagne","Milieu","Sami","Khedira","Sami Khedira","Khedira","200066","./assoc/200066_ITA.svg","./logo/50139.png","UEFA","ITA","50139","FAME","Juventus","","https://img.uefa.com/imgml/TP/teams/logos/70x70/50139.png","https://img.uefa.com/imgml/TP/teams/logos/240x240/50139.png","250139","JUV","DOMESTIC_MEN_TEAM_A","","DOMESTIC","Italie","Juventus","Juventus","JUV","633","MINUTE","8","0","2","81.62","KILOMETER","30.2","KILOMETER_PER_HOUR"
"250039508","52747","33","1992-02-05","10","Da Silva Santos Junior","BRA","UNKNOWN","FORWARD","MALE","175","./image/250039508.jpg","Neymar","FORWARD","10","Neymar","18","68","Brésil","Attaquant","","Neymar","Neymar","Neymar","200043","./assoc/200043_FRA.svg","./logo/52747.png","UEFA","FRA","52747","FAME","Paris","","https://img.uefa.com/imgml/TP/teams/logos/70x70/52747.png","https://img.uefa.com/imgml/TP/teams/logos/240x240/52747.png","252747","PSG","DOMESTIC_MEN_TEAM_A","","DOMESTIC","France","Paris","Paris Saint-Germain","PSG","630","MINUTE","7","6","4","70.62","KILOMETER","31.5","KILOMETER_PER_HOUR"
"250067802","50064","32","1992-12-15","3","Alex Telles","BRA","FULL_BACK","DEFENDER","MALE","181","./image/250067802.jpg","Alex Telles","DEFENDER","16","Telles","18","71","Brésil","Défenseur","","Alex Telles","Alex Telles","Alex Telles","200110","./assoc/200110_POR.svg","./logo/50064.png","UEFA","POR","50064","FAME","Porto","","https://img.uefa.com/imgml/TP/teams/logos/70x70/50064.png","https://img.uefa.com/imgml/TP/teams/logos/240x240/50064.png","250064","POR","DOMESTIC_MEN_TEAM_A","","DOMESTIC","Portugal","Porto","FC Porto","POR","630","MINUTE","7","1","2","70.55","KILOMETER","31.9","KILOMETER_PER_HOUR"
"108762","59856","35","1990-03-27","7","ZUFFI","SUI","CENTRAL_MIDFIELDER","MIDFIELDER","MALE","180","./image/108762.jpg","Luca Zuffi","MIDFIELDER","17","Zuffi","128","70","Suisse","Milieu","Luca","Zuffi","Luca Zuffi","Zuffi","200128","./assoc/200128_SUI.svg","./logo/59856.png","UEFA","SUI","59856","FAME","Basel","","https://img.uefa.com/imgml/TP/teams/logos/70x70/59856.png","https://img.uefa.com/imgml/TP/teams/logos/240x240/59856.png","259856","BSL","DOMESTIC_MEN_TEAM_A","","DOMESTIC","Suisse","Basel","FC Basel 1893","BSL","630","MINUTE","7","1","0","81.85","KILOMETER","25.7","KILOMETER_PER_HOUR"
"250003525","50064","38","1987-06-23","5","Marcano","ESP","CENTRE_BACK","DEFENDER","MALE","189","./image/250003525.jpg","Iván Marcano","DEFENDER","16","Marcano","200122","80","Espagne","Défenseur","Iván","Marcano","Iván Marcano","Marcano","200110","./assoc/200110_POR.svg","./logo/50064.png","UEFA","POR","50064","FAME","Porto","","https://img.uefa.com/imgml/TP/teams/logos/70x70/50064.png","https://img.uefa.com/imgml/TP/teams/logos/240x240/50064.png","250064","POR","DOMESTIC_MEN_TEAM_A","","DOMESTIC","Portugal","Porto","FC Porto","POR","630","MINUTE","7","1","0","68.07","KILOMETER","30.9","KILOMETER_PER_HOUR"
"250010259","52919","35","1990-05-28","32","WALKER","ENG","FULL_BACK","DEFENDER","MALE","178","./image/250010259.jpg","Kyle Walker","DEFENDER","2","Walker","39","70","Angleterre","Défenseur","Kyle","Walker","Kyle Walker","Walker","200039","./assoc/200039_ENG.svg","./logo/52919.png","UEFA","ENG","52919","FAME","Man City","","https://img.uefa.com/imgml/TP/teams/logos/70x70/52919.png","https://img.uefa.com/imgml/TP/teams/logos/240x240/52919.png","252919","MCI","DOMESTIC_MEN_TEAM_A","","DOMESTIC","Angleterre","Man City","Manchester City","MCI","630","MINUTE","7","0","2","70.12","KILOMETER","33.3","KILOMETER_PER_HOUR"
"1906029","52707","34","1991-01-13","2","Butko","UKR","CENTRE_BACK","DEFENDER","MALE","180","./image/1906029.jpg","Bohdan Butko","DEFENDER","2","Butko","57166","68","Ukraine","Défenseur","Bohdan","Butko","Bohdan Butko","Butko","257166","./assoc/257166_UKR.svg","./logo/52707.png","UEFA","UKR","52707","FAME","Shakhtar","","https://img.uefa.com/imgml/TP/teams/logos/70x70/52707.png","https://img.uefa.com/imgml/TP/teams/logos/240x240/52707.png","252707","SHK","DOMESTIC_MEN_TEAM_A","","DOMESTIC","Ukraine","Shakhtar","FC Shakhtar Donetsk","SHK","630","MINUTE","7","0","1","77.98","KILOMETER","31","KILOMETER_PER_HOUR"
"59142","50139","41","1984-08-14","3","Chiellini","ITA","CENTRE_BACK","DEFENDER","MALE","187","./image/59142.jpg","Giorgio Chiellini","DEFENDER","3","Chiellini","66","86","Italie","Défenseur","Giorgio","Chiellini","Giorgio Chiellini","Chiellini","200066","./assoc/200066_ITA.svg","./logo/50139.png","UEFA","ITA","50139","FAME","Juventus","","https://img.uefa.com/imgml/TP/teams/logos/70x70/50139.png","https://img.uefa.com/imgml/TP/teams/logos/240x240/50139.png","250139","JUV","DOMESTIC_MEN_TEAM_A","","DOMESTIC","Italie","Juventus","Juventus","JUV","630","MINUTE","7","0","0","74.99","KILOMETER","32.6","KILOMETER_PER_HOUR"
"93846","1652","38","1986-12-26","1","Lloris","FRA","GOALKEEPER","GOALKEEPER","MALE","188","./image/93846.jpg","Hugo Lloris","GOALKEEPER","1","Lloris","43","73","France","Gardien","Hugo","Lloris","Hugo Lloris","Lloris","200039","./assoc/200039_ENG.svg","./logo/1652.png","UEFA","ENG","1652","FAME","Tottenham","","https://img.uefa.com/imgml/TP/teams/logos/70x70/1652.png","https://img.uefa.com/imgml/TP/teams/logos/240x240/1652.png","201652","TOT","DOMESTIC_MEN_TEAM_A","","DOMESTIC","Angleterre","Tottenham","Tottenham Hotspur","TOT","630","MINUTE","7","0","0","34.25","KILOMETER","24.5","KILOMETER_PER_HOUR"
"250085466","52714","31","1994-08-13","20","Correa","ARG","WINGER","FORWARD","MALE","188","./image/250085466.jpg","Joaquín Correa","MIDFIELDER","","J. Correa","6","81","Argentine","Attaquant","Joaquín","Correa","Joaquín Correa","Correa","200122","./assoc/200122_ESP.svg","./logo/52714.png","UEFA","ESP","52714","FAME","Sevilla","","https://img.uefa.com/imgml/TP/teams/logos/70x70/52714.png","https://img.uefa.com/imgml/TP/teams/logos/240x240/52714.png","252714","SEV","DOMESTIC_MEN_TEAM_A","","DOMESTIC","Espagne","Sevilla","Sevilla FC","SEV","626","MINUTE","8","1","3","74.23","KILOMETER","32","KILOMETER_PER_HOUR"
"1906540","50037","33","1992-06-24","4","ALABA","AUT","FULL_BACK","DEFENDER","MALE","180","./image/1906540.jpg","David Alaba","DEFENDER","8","Alaba","8","75","Autriche","Défenseur","David","Alaba","David Alaba","Alaba","200047","./assoc/200047_GER.svg","./logo/50037.png","UEFA","GER","50037","FAME","Bayern München","","https://img.uefa.com/imgml/TP/teams/logos/70x70/50037.png","https://img.uefa.com/imgml/TP/teams/logos/240x240/50037.png","250037","BAY","DOMESTIC_MEN_TEAM_A","","DOMESTIC","Allemagne","Bayern München","FC Bayern München","BAY","625","MINUTE","7","0","3","71.52","KILOMETER","31","KILOMETER_PER_HOUR"
"250086090","50080","31","1993-11-16","27","N. SEMEDO","POR","FULL_BACK","DEFENDER","MALE","177","./image/250086090.jpg","Nélson Semedo","DEFENDER","2","N. SEMEDO","110","65","Portugal","Défenseur","","Nélson Semedo","Nélson Semedo","Nélson Semedo","200122","./assoc/200122_ESP.svg","./logo/50080.png","UEFA","ESP","50080","FAME","Barcelona","","https://img.uefa.com/imgml/TP/teams/logos/70x70/50080.png","https://img.uefa.com/imgml/TP/teams/logos/240x240/50080.png","250080","BAR","DOMESTIC_MEN_TEAM_A","","DOMESTIC","Espagne","Barcelona","FC Barcelona","BAR","625","MINUTE","7","0","0","66.86","KILOMETER","31","KILOMETER_PER_HOUR"
"58031","50080","41","1984-05-11","8","A. Iniesta","ESP","ATTACKING_MIDFIELDER","FORWARD","MALE","171","./image/58031.jpg","Andrés Iniesta","MIDFIELDER","6","A. Iniesta","122","68","Espagne","Attaquant","Andrés","Iniesta","Andrés Iniesta","Iniesta","200122","./assoc/200122_ESP.svg","./logo/50080.png","UEFA","ESP","50080","FAME","Barcelona","","https://img.uefa.com/imgml/TP/teams/logos/70x70/50080.png","https://img.uefa.com/imgml/TP/teams/logos/240x240/50080.png","250080","BAR","DOMESTIC_MEN_TEAM_A","","DOMESTIC","Espagne","Barcelona","FC Barcelona","BAR","623","MINUTE","8","0","2","69.33","KILOMETER","28","KILOMETER_PER_HOUR"
"250106649","52919","28","1997-04-03","9","G.JESUS","BRA","STRIKER","FORWARD","MALE","","./image/250106649.jpg","Gabriel Jesus","FORWARD","18","G. Jesus","18","","Brésil","Attaquant","Gabriel","Jesus","Gabriel Jesus","Jesus","200039","./assoc/200039_ENG.svg","./logo/52919.png","UEFA","ENG","52919","FAME","Man City","","https://img.uefa.com/imgml/TP/teams/logos/70x70/52919.png","https://img.uefa.com/imgml/TP/teams/logos/240x240/52919.png","252919","MCI","DOMESTIC_MEN_TEAM_A","","DOMESTIC","Angleterre","Man City","Manchester City","MCI","619","MINUTE","9","4","0","72.44","KILOMETER","29.3","KILOMETER_PER_HOUR"
"250008930","52707","36","1989-08-03","44","RAKITSKYI","UKR","CENTRE_BACK","DEFENDER","MALE","180","./image/250008930.jpg","Yaroslav Rakitskyy","DEFENDER","20","RAKITSKYI","57166","70","Ukraine","Défenseur","Yaroslav","Rakitskyy","Yaroslav Rakitskyy","Rakitskyy","257166","./assoc/257166_UKR.svg","./logo/52707.png","UEFA","UKR","52707","FAME","Shakhtar","","https://img.uefa.com/imgml/TP/teams/logos/70x70/52707.png","https://img.uefa.com/imgml/TP/teams/logos/240x240/52707.png","252707","SHK","DOMESTIC_MEN_TEAM_A","","DOMESTIC","Ukraine","Shakhtar","FC Shakhtar Donetsk","SHK","615","MINUTE","7","0","1","68.2","KILOMETER","27.4","KILOMETER_PER_HOUR"
"250050416","1652","31","1994-01-15","3","DIER","ENG","DEFENSIVE_MIDFIELDER","DEFENDER","MALE","188","./image/250050416.jpg","Eric Dier","DEFENDER","15","Dier","39","88","Angleterre","Défenseur","Eric","Dier","Eric Dier","Dier","200039","./assoc/200039_ENG.svg","./logo/1652.png","UEFA","ENG","1652","FAME","Tottenham","","https://img.uefa.com/imgml/TP/teams/logos/70x70/1652.png","https://img.uefa.com/imgml/TP/teams/logos/240x240/1652.png","201652","TOT","DOMESTIC_MEN_TEAM_A","","DOMESTIC","Angleterre","Tottenham","Tottenham Hotspur","TOT","614","MINUTE","7","0","1","72.94","KILOMETER","30.2","KILOMETER_PER_HOUR"
"1902160","52914","34","1991-01-07","7","Hazard","BEL","WINGER","FORWARD","MALE","173","./image/1902160.jpg","Eden Hazard","FORWARD","10","Hazard","13","74","Belgique","Attaquant","Eden","Hazard","Eden Hazard","E. Hazard","200039","./assoc/200039_ENG.svg","./logo/52914.png","UEFA","ENG","52914","FAME","Chelsea","","https://img.uefa.com/imgml/TP/teams/logos/70x70/52914.png","https://img.uefa.com/imgml/TP/teams/logos/240x240/52914.png","252914","CHE","DOMESTIC_MEN_TEAM_A","","DOMESTIC","Angleterre","Chelsea","Chelsea FC","CHE","611","MINUTE","8","3","4","69.97","KILOMETER","32","KILOMETER_PER_HOUR"
"1906776","50037","34","1991-04-11","6","Thiago","ESP","CENTRAL_MIDFIELDER","MIDFIELDER","MALE","172","./image/1906776.jpg","Thiago Alcántara","MIDFIELDER","10","Thiago","122","71","Espagne","Milieu","","Thiago Alcántara","Thiago Alcántara","Thiago Alcántara","200047","./assoc/200047_GER.svg","./logo/50037.png","UEFA","GER","50037","FAME","Bayern München","","https://img.uefa.com/imgml/TP/teams/logos/70x70/50037.png","https://img.uefa.com/imgml/TP/teams/logos/240x240/50037.png","250037","BAY","DOMESTIC_MEN_TEAM_A","","DOMESTIC","Allemagne","Bayern München","FC Bayern München","BAY","608","MINUTE","10","3","0","75.75","KILOMETER","28.1","KILOMETER_PER_HOUR"
"53749","50157","42","1983-09-26","7","QUARESMA","POR","WINGER","MIDFIELDER","MALE","175","./image/53749.jpg","Ricardo Quaresma","MIDFIELDER","20","Quaresma","110","67","Portugal","Milieu","Ricardo","Quaresma","Ricardo Quaresma","Quaresma","200135","./assoc/200135_TUR.svg","./logo/50157.png","UEFA","TUR","50157","FAME","Beşiktaş","","https://img.uefa.com/imgml/TP/teams/logos/70x70/50157.png","https://img.uefa.com/imgml/TP/teams/logos/240x240/50157.png","250157","BES","DOMESTIC_MEN_TEAM_A","","DOMESTIC","Turquie","Beşiktaş","Beşiktaş JK","BES","603","MINUTE","7","0","3","66.69","KILOMETER","29.9","KILOMETER_PER_HOUR"
"93321","50051","37","1987-12-19","9","Benzema","FRA","STRIKER","FORWARD","MALE","187","./image/93321.jpg","Karim Benzema","FORWARD","19","Benzema","43","79","France","Attaquant","Karim","Benzema","Karim Benzema","Benzema","200122","./assoc/200122_ESP.svg","./logo/50051.png","UEFA","ESP","50051","FAME","Real Madrid","","https://img.uefa.com/imgml/TP/teams/logos/70x70/50051.png","https://img.uefa.com/imgml/TP/teams/logos/240x240/50051.png","250051","RMA","DOMESTIC_MEN_TEAM_A","","DOMESTIC","Espagne","Real Madrid","Real Madrid C.F.","RMA","600","MINUTE","9","5","0","68.14","KILOMETER","30.4","KILOMETER_PER_HOUR"
"250008348","52914","34","1990-12-28","20","MARCOS A.","ESP","FULL_BACK","DEFENDER","MALE","188","./image/250008348.jpg","Marcos Alonso","DEFENDER","17","Marcos A.","122","","Espagne","Défenseur","Marcos","Alonso","Marcos Alonso","Alonso","200039","./assoc/200039_ENG.svg","./logo/52914.png","UEFA","ENG","52914","FAME","Chelsea","","https://img.uefa.com/imgml/TP/teams/logos/70x70/52914.png","https://img.uefa.com/imgml/TP/teams/logos/240x240/52914.png","252914","CHE","DOMESTIC_MEN_TEAM_A","","DOMESTIC","Angleterre","Chelsea","Chelsea FC","CHE","598","MINUTE","7","0","1","77.39","KILOMETER","30.1","KILOMETER_PER_HOUR"
"250016833","1652","32","1993-07-28","9","Kane","ENG","STRIKER","FORWARD","MALE","188","./image/250016833.jpg","Harry Kane","FORWARD","9","Kane","39","65","Angleterre","Attaquant","Harry","Kane","Harry Kane","Kane","200039","./assoc/200039_ENG.svg","./logo/1652.png","UEFA","ENG","1652","FAME","Tottenham","","https://img.uefa.com/imgml/TP/teams/logos/70x70/1652.png","https://img.uefa.com/imgml/TP/teams/logos/240x240/1652.png","201652","TOT","DOMESTIC_MEN_TEAM_A","","DOMESTIC","Angleterre","Tottenham","Tottenham Hotspur","TOT","597","MINUTE","7","7","1","70.23","KILOMETER","31.4","KILOMETER_PER_HOUR"
"1900122","50051","35","1990-01-18","6","NACHO","ESP","CENTRE_BACK","DEFENDER","MALE","179","./image/1900122.jpg","Nacho","DEFENDER","4","Nacho","122","75","Espagne","Défenseur","","Nacho","Nacho","Nacho","200122","./assoc/200122_ESP.svg","./logo/50051.png","UEFA","ESP","50051","FAME","Real Madrid","","https://img.uefa.com/imgml/TP/teams/logos/70x70/50051.png","https://img.uefa.com/imgml/TP/teams/logos/240x240/50051.png","250051","RMA","DOMESTIC_MEN_TEAM_A","","DOMESTIC","Espagne","Real Madrid","Real Madrid C.F.","RMA","595","MINUTE","8","1","0","64.7","KILOMETER","32","KILOMETER_PER_HOUR"
"250006092","50080","33","1992-02-07","20","S. Roberto","ESP","FULL_BACK","MIDFIELDER","MALE","177","./image/250006092.jpg","Sergi Roberto","DEFENDER","10","S. Roberto","122","71","Espagne","Milieu","","Sergi Roberto","Sergi Roberto","Sergi Roberto","200122","./assoc/200122_ESP.svg","./logo/50080.png","UEFA","ESP","50080","FAME","Barcelona","","https://img.uefa.com/imgml/TP/teams/logos/70x70/50080.png","https://img.uefa.com/imgml/TP/teams/logos/240x240/50080.png","250080","BAR","DOMESTIC_MEN_TEAM_A","","DOMESTIC","Espagne","Barcelona","FC Barcelona","BAR","594","MINUTE","8","0","0","74.84","KILOMETER","31.7","KILOMETER_PER_HOUR"
"250100014","50064","36","1989-05-16","18","Felipe","BRA","UNKNOWN","DEFENDER","MALE","190","./image/250100014.jpg","Felipe","DEFENDER","","Felipe","","77","Brésil","Défenseur","","Felipe","Felipe","Felipe","200110","./assoc/200110_POR.svg","./logo/50064.png","UEFA","POR","50064","FAME","Porto","","https://img.uefa.com/imgml/TP/teams/logos/70x70/50064.png","https://img.uefa.com/imgml/TP/teams/logos/240x240/50064.png","250064","POR","DOMESTIC_MEN_TEAM_A","","DOMESTIC","Portugal","Porto","FC Porto","POR","578","MINUTE","7","1","1","61.31","KILOMETER","31.6","KILOMETER_PER_HOUR"
"95665","50037","42","1983-04-07","7","Ribery","FRA","WINGER","MIDFIELDER","MALE","170","./image/95665.jpg","Franck Ribéry","FORWARD","7","Ribery","","72","France","Milieu","Franck","Ribéry","Franck Ribéry","Ribéry","200047","./assoc/200047_GER.svg","./logo/50037.png","UEFA","GER","50037","FAME","Bayern München","","https://img.uefa.com/imgml/TP/teams/logos/70x70/50037.png","https://img.uefa.com/imgml/TP/teams/logos/240x240/50037.png","250037","BAY","DOMESTIC_MEN_TEAM_A","","DOMESTIC","Allemagne","Bayern München","FC Bayern München","BAY","574","MINUTE","8","0","2","69.28","KILOMETER","32.21","KILOMETER_PER_HOUR"
"107762","50064","35","1990-02-08","8","Brahimi","ALG","UNKNOWN","MIDFIELDER","MALE","175","./image/107762.jpg","Yacine Brahimi","MIDFIELDER","11","Brahimi","3","67","Algérie","Milieu","Yacine","Brahimi","Yacine Brahimi","Brahimi","200110","./assoc/200110_POR.svg","./logo/50064.png","UEFA","POR","50064","FAME","Porto","","https://img.uefa.com/imgml/TP/teams/logos/70x70/50064.png","https://img.uefa.com/imgml/TP/teams/logos/240x240/50064.png","250064","POR","DOMESTIC_MEN_TEAM_A","","DOMESTIC","Portugal","Porto","FC Porto","POR","568","MINUTE","7","1","1","63.06","KILOMETER","28.3","KILOMETER_PER_HOUR"
"250075724","50139","38","1987-04-17","4","Benatia","MAR","UNKNOWN","DEFENDER","MALE","190","./image/250075724.jpg","Medhi Benatia","DEFENDER","","Benatia","92","92","Maroc","Défenseur","Medhi","Benatia","Medhi Benatia","Benatia","200066","./assoc/200066_ITA.svg","./logo/50139.png","UEFA","ITA","50139","FAME","Juventus","","https://img.uefa.com/imgml/TP/teams/logos/70x70/50139.png","https://img.uefa.com/imgml/TP/teams/logos/240x240/50139.png","250139","JUV","DOMESTIC_MEN_TEAM_A","","DOMESTIC","Italie","Juventus","Juventus","JUV","565","MINUTE","8","0","0","64","KILOMETER","29","KILOMETER_PER_HOUR"
"250005348","52682","37","1988-08-01","31","Matic","SRB","DEFENSIVE_MIDFIELDER","MIDFIELDER","MALE","193","./image/250005348.jpg","Nemanja Matić","MIDFIELDER","21","Matic","147","82","Serbie","Milieu","Nemanja","Matić","Nemanja Matić","Matić","200039","./assoc/200039_ENG.svg","./logo/52682.png","UEFA","ENG","52682","FAME","Man Utd","","https://img.uefa.com/imgml/TP/teams/logos/70x70/52682.png","https://img.uefa.com/imgml/TP/teams/logos/240x240/52682.png","252682","MUN","DOMESTIC_MEN_TEAM_A","","DOMESTIC","Angleterre","Man Utd","Manchester United","MUN","564","MINUTE","7","0","1","72.5","KILOMETER","28.7","KILOMETER_PER_HOUR"
"250059115","52919","31","1994-08-10","20","Bernardo","POR","ATTACKING_MIDFIELDER","MIDFIELDER","MALE","173","./image/250059115.jpg","Bernardo Silva","MIDFIELDER","10","BERNARDO","110","64","Portugal","Milieu","","Bernardo Silva","Bernardo Silva","Bernardo Silva","200039","./assoc/200039_ENG.svg","./logo/52919.png","UEFA","ENG","52919","FAME","Man City","","https://img.uefa.com/imgml/TP/teams/logos/70x70/52919.png","https://img.uefa.com/imgml/TP/teams/logos/240x240/52919.png","252919","MCI","DOMESTIC_MEN_TEAM_A","","DOMESTIC","Angleterre","Man City","Manchester City","MCI","563","MINUTE","9","1","2","73.81","KILOMETER","28.9","KILOMETER_PER_HOUR"
"250049798","7889","33","1992-07-05","18","Alberto M.","ESP","FULL_BACK","DEFENDER","MALE","171","./image/250049798.jpg","Alberto Moreno","DEFENDER","18","Alberto Moreno","122","","Espagne","Défenseur","Alberto","Moreno","Alberto Moreno","Moreno","200039","./assoc/200039_ENG.svg","./logo/7889.png","UEFA","ENG","7889","FAME","Liverpool","","https://img.uefa.com/imgml/TP/teams/logos/70x70/7889.png","https://img.uefa.com/imgml/TP/teams/logos/240x240/7889.png","207889","LIV","DOMESTIC_MEN_TEAM_A","","DOMESTIC","Angleterre","Liverpool","Liverpool FC","LIV","563","MINUTE","8","0","3","66.37","KILOMETER","29.7","KILOMETER_PER_HOUR"
"105588","50157","42","1983-02-08","13","Hutchinson","CAN","DEFENSIVE_MIDFIELDER","MIDFIELDER","MALE","187","./image/105588.jpg","Atiba Hutchinson","MIDFIELDER","13","Hutchinson","24","72","Canada","Milieu","Atiba","Hutchinson","Atiba Hutchinson","Hutchinson","200135","./assoc/200135_TUR.svg","./logo/50157.png","UEFA","TUR","50157","FAME","Beşiktaş","","https://img.uefa.com/imgml/TP/teams/logos/70x70/50157.png","https://img.uefa.com/imgml/TP/teams/logos/240x240/50157.png","250157","BES","DOMESTIC_MEN_TEAM_A","","DOMESTIC","Turquie","Beşiktaş","Beşiktaş JK","BES","554","MINUTE","7","0","0","65.46","KILOMETER","30.4","KILOMETER_PER_HOUR"
"250064235","50064","32","1993-10-06","21","Pereira","POR","FULL_BACK","DEFENDER","MALE","175","./image/250064235.jpg","Ricardo Pereira","DEFENDER","15","Ricardo","110","70","Portugal","Défenseur","","Ricardo Pereira","Ricardo Pereira","Ricardo Pereira","200110","./assoc/200110_POR.svg","./logo/50064.png","UEFA","POR","50064","FAME","Porto","","https://img.uefa.com/imgml/TP/teams/logos/70x70/50064.png","https://img.uefa.com/imgml/TP/teams/logos/240x240/50064.png","250064","POR","DOMESTIC_MEN_TEAM_A","","DOMESTIC","Portugal","Porto","FC Porto","POR","553","MINUTE","7","0","2","63.48","KILOMETER","31.7","KILOMETER_PER_HOUR"
"68721","50157","38","1986-12-19","8","R.Babel","NED","STRIKER","FORWARD","MALE","185","./image/68721.jpg","Ryan Babel","FORWARD","9","Babel","95","79","Pays-Bas","Attaquant","Ryan","Babel","Ryan Babel","Babel","200135","./assoc/200135_TUR.svg","./logo/50157.png","UEFA","TUR","50157","FAME","Beşiktaş","","https://img.uefa.com/imgml/TP/teams/logos/70x70/50157.png","https://img.uefa.com/imgml/TP/teams/logos/240x240/50157.png","250157","BES","DOMESTIC_MEN_TEAM_A","","DOMESTIC","Turquie","Beşiktaş","Beşiktaş JK","BES","546","MINUTE","7","2","1","55.68","KILOMETER","30.9","KILOMETER_PER_HOUR"
"250040521","50051","34","1991-07-01","21","Lucas V.","ESP","STRIKER","DEFENDER","MALE","173","./image/250040521.jpg","Lucas Vázquez","MIDFIELDER","19","Lucas V.","122","70","Espagne","Défenseur","","Lucas Vázquez","Lucas Vázquez","Lucas Vázquez","200122","./assoc/200122_ESP.svg","./logo/50051.png","UEFA","ESP","50051","FAME","Real Madrid","","https://img.uefa.com/imgml/TP/teams/logos/70x70/50051.png","https://img.uefa.com/imgml/TP/teams/logos/240x240/50051.png","250051","RMA","DOMESTIC_MEN_TEAM_A","","DOMESTIC","Espagne","Real Madrid","Real Madrid C.F.","RMA","544","MINUTE","10","1","2","76.48","KILOMETER","31.5","KILOMETER_PER_HOUR"
"250011037","52758","36","1989-06-18","97","Aubameyang","GAB","STRIKER","FORWARD","MALE","185","./image/250011037.jpg","Pierre-Emerick Aubameyang","FORWARD","","Aubameyang","","74","Gabon","Attaquant","Pierre-Emerick","Aubameyang","Pierre-Emerick Aubameyang","Aubameyang","200047","./assoc/200047_GER.svg","./logo/52758.png","UEFA","GER","52758","FAME","B. Dortmund","","https://img.uefa.com/imgml/TP/teams/logos/70x70/52758.png","https://img.uefa.com/imgml/TP/teams/logos/240x240/52758.png","252758","BVB","DOMESTIC_MEN_TEAM_A","","DOMESTIC","Allemagne","B. Dortmund","Borussia Dortmund","BVB","540","MINUTE","6","4","0","54.4","KILOMETER","30.5","KILOMETER_PER_HOUR"
"250024288","52747","33","1992-09-04","20","KURZAWA","FRA","","DEFENDER","MALE","182","./image/250024288.jpg","Layvin Kurzawa","DEFENDER","22","Kurzawa","43","74","France","Défenseur","Layvin","Kurzawa","Layvin Kurzawa","Kurzawa","200043","./assoc/200043_FRA.svg","./logo/52747.png","UEFA","FRA","52747","FAME","Paris","","https://img.uefa.com/imgml/TP/teams/logos/70x70/52747.png","https://img.uefa.com/imgml/TP/teams/logos/240x240/52747.png","252747","PSG","DOMESTIC_MEN_TEAM_A","","DOMESTIC","France","Paris","Paris Saint-Germain","PSG","540","MINUTE","6","3","2","64.35","KILOMETER","28.7","KILOMETER_PER_HOUR"
"250058300","50068","33","1992-03-03","11","Fernando","BRA","DEFENSIVE_MIDFIELDER","MIDFIELDER","MALE","175","./image/250058300.jpg","Fernando","MIDFIELDER","","Fernando Lucas","","","Brésil","Milieu","","Fernando","Fernando","Fernando","257451","./assoc/257451_RUS.svg","./logo/50068.png","UEFA","RUS","50068","FAME","Spartak Moskva","","https://img.uefa.com/imgml/TP/teams/logos/70x70/50068.png","https://img.uefa.com/imgml/TP/teams/logos/240x240/50068.png","250068","SPM","DOMESTIC_MEN_TEAM_A","","DOMESTIC","Russie","Spartak Moskva","FC Spartak Moskva","SPM","540","MINUTE","6","1","1","67.74","KILOMETER","29.1","KILOMETER_PER_HOUR"
"108908","52682","35","1990-03-09","17","Blind","NED","CENTRE_BACK","DEFENDER","MALE","180","./image/108908.jpg","Daley Blind","DEFENDER","17","Blind","95","72","Pays-Bas","Défenseur","Daley","Blind","Daley Blind","Blind","200039","./assoc/200039_ENG.svg","./logo/52682.png","UEFA","ENG","52682","FAME","Man Utd","","https://img.uefa.com/imgml/TP/teams/logos/70x70/52682.png","https://img.uefa.com/imgml/TP/teams/logos/240x240/52682.png","252682","MUN","DOMESTIC_MEN_TEAM_A","","DOMESTIC","Angleterre","Man Utd","Manchester United","MUN","540","MINUTE","6","1","1","62.93","KILOMETER","28.5","KILOMETER_PER_HOUR"
"250017725","50124","30","1994-11-21","8","SAÚL","ESP","CENTRAL_MIDFIELDER","MIDFIELDER","MALE","180","./image/250017725.jpg","Saúl Ñíguez","MIDFIELDER","8","Saúl","122","70","Espagne","Milieu","","Saúl Ñíguez","Saúl Ñíguez","Saúl Ñíguez","200122","./assoc/200122_ESP.svg","./logo/50124.png","UEFA","ESP","50124","FAME","Atleti","","https://img.uefa.com/imgml/TP/teams/logos/70x70/50124.png","https://img.uefa.com/imgml/TP/teams/logos/240x240/50124.png","250124","ATM","DOMESTIC_MEN_TEAM_A","","DOMESTIC","Espagne","Atleti","Atlético de Madrid","ATM","540","MINUTE","6","1","0","72.16","KILOMETER","27.9","KILOMETER_PER_HOUR"
"108509","52714","36","1989-03-26","24","Kjær","DEN","CENTRE_BACK","DEFENDER","MALE","189","./image/108509.jpg","Simon Kjær","DEFENDER","4","Kjær","35","82","Danemark","Défenseur","Simon","Kjær","Simon Kjær","Kjær","200122","./assoc/200122_ESP.svg","./logo/52714.png","UEFA","ESP","52714","FAME","Sevilla","","https://img.uefa.com/imgml/TP/teams/logos/70x70/52714.png","https://img.uefa.com/imgml/TP/teams/logos/240x240/52714.png","252714","SEV","DOMESTIC_MEN_TEAM_A","","DOMESTIC","Espagne","Sevilla","Sevilla FC","SEV","540","MINUTE","6","1","0","55.94","KILOMETER","28","KILOMETER_PER_HOUR"
"1902388","50023","37","1988-02-03","25","Glik","POL","CENTRE_BACK","DEFENDER","MALE","190","./image/1902388.jpg","Kamil Glik","DEFENDER","15","Glik","109","80","Pologne","Défenseur","Kamil","Glik","Kamil Glik","Glik","200043","./assoc/200043_FRA.svg","./logo/50023.png","UEFA","FRA","50023","FAME","Monaco","","https://img.uefa.com/imgml/TP/teams/logos/70x70/50023.png","https://img.uefa.com/imgml/TP/teams/logos/240x240/50023.png","250023","MON","DOMESTIC_MEN_TEAM_A","","DOMESTIC","France","Monaco","AS Monaco","MON","540","MINUTE","6","1","0","55.08","KILOMETER","29.3","KILOMETER_PER_HOUR"
"1904694","50068","38","1987-04-12","12","L. Adriano","BRA","STRIKER","FORWARD","MALE","182","./image/1904694.jpg","Luiz Adriano","FORWARD","","L. Adriano","","71","Brésil","Attaquant","","Luiz Adriano","Luiz Adriano","Luiz Adriano","257451","./assoc/257451_RUS.svg","./logo/50068.png","UEFA","RUS","50068","FAME","Spartak Moskva","","https://img.uefa.com/imgml/TP/teams/logos/70x70/50068.png","https://img.uefa.com/imgml/TP/teams/logos/240x240/50068.png","250068","SPM","DOMESTIC_MEN_TEAM_A","","DOMESTIC","Russie","Spartak Moskva","FC Spartak Moskva","SPM","540","MINUTE","6","1","0","53.82","KILOMETER","29.3","KILOMETER_PER_HOUR"
"1905905","57490","34","1991-09-20","22","Milec","SVN","UNKNOWN","DEFENDER","MALE","174","./image/1905905.jpg","Martin Milec","DEFENDER","7","Milec","57163","71","Slovénie","Défenseur","Martin","Milec","Martin Milec","Milec","257163","./assoc/257163_SVN.svg","./logo/57490.png","UEFA","SVN","57490","FAME","Maribor","","https://img.uefa.com/imgml/TP/teams/logos/70x70/57490.png","https://img.uefa.com/imgml/TP/teams/logos/240x240/57490.png","257490","MRB","DOMESTIC_MEN_TEAM_A","","DOMESTIC","Slovénie","Maribor","NK Maribor","MRB","540","MINUTE","6","0","1","65.84","KILOMETER","29.3","KILOMETER_PER_HOUR"
"250052963","54266","35","1990-09-19","2","M. Fernandes","RUS","FULL_BACK","DEFENDER","MALE","189","./image/250052963.jpg","Mário Fernandes","DEFENDER","2","Fernandes","57451","80","Russie","Défenseur","","Mário Fernandes","Mário Fernandes","Mário Fernandes","257451","./assoc/257451_RUS.svg","./logo/54266.png","UEFA","RUS","54266","FAME","CSKA Moskva","","https://img.uefa.com/imgml/TP/teams/logos/70x70/54266.png","https://img.uefa.com/imgml/TP/teams/logos/240x240/54266.png","254266","CSM","DOMESTIC_MEN_TEAM_A","","DOMESTIC","Russie","CSKA Moskva","PFC CSKA Moskva","CSM","540","MINUTE","6","0","1","62.25","KILOMETER","29.1","KILOMETER_PER_HOUR"
"250067541","50050","28","1997-06-05","63","Tierney","SCO","FULL_BACK","DEFENDER","MALE","178","./image/250067541.jpg","Kieran Tierney","DEFENDER","6","Tierney","117","70","Écosse","Défenseur","Kieran","Tierney","Kieran Tierney","Tierney","200117","./assoc/200117_SCO.svg","./logo/50050.png","UEFA","SCO","50050","FAME","Celtic","","https://img.uefa.com/imgml/TP/teams/logos/70x70/50050.png","https://img.uefa.com/imgml/TP/teams/logos/240x240/50050.png","250050","CEL","DOMESTIC_MEN_TEAM_A","","DOMESTIC","Écosse","Celtic","Celtic FC","CEL","540","MINUTE","6","0","1","61.98","KILOMETER","28.9","KILOMETER_PER_HOUR"
"250021646","54266","37","1988-10-06","4","Vasin","RUS","CENTRE_BACK","DEFENDER","MALE","192","./image/250021646.jpg","Viktor Vasin","DEFENDER","5","Vasin","57451","80","Russie","Défenseur","Viktor","Vasin","Viktor Vasin","Vasin","257451","./assoc/257451_RUS.svg","./logo/54266.png","UEFA","RUS","54266","FAME","CSKA Moskva","","https://img.uefa.com/imgml/TP/teams/logos/70x70/54266.png","https://img.uefa.com/imgml/TP/teams/logos/240x240/54266.png","254266","CSM","DOMESTIC_MEN_TEAM_A","","DOMESTIC","Russie","CSKA Moskva","PFC CSKA Moskva","CSM","540","MINUTE","6","0","1","61.96","KILOMETER","29.1","KILOMETER_PER_HOUR"
"250085369","59856","30","1995-07-19","25","Akanji","SUI","UNKNOWN","DEFENDER","MALE","187","./image/250085369.jpg","Manuel Akanji","DEFENDER","5","Akanji","128","","Suisse","Défenseur","Manuel","Akanji","Manuel Akanji","Akanji","200128","./assoc/200128_SUI.svg","./logo/59856.png","UEFA","SUI","59856","FAME","Basel","","https://img.uefa.com/imgml/TP/teams/logos/70x70/59856.png","https://img.uefa.com/imgml/TP/teams/logos/240x240/59856.png","259856","BSL","DOMESTIC_MEN_TEAM_A","","DOMESTIC","Suisse","Basel","FC Basel 1893","BSL","540","MINUTE","6","0","1","58.24","KILOMETER","28.4","KILOMETER_PER_HOUR"
"250042602","50074","30","1995-04-15","32","Dendoncker","BEL","DEFENSIVE_MIDFIELDER","MIDFIELDER","MALE","188","./image/250042602.jpg","Leander Dendoncker","MIDFIELDER","6","Dendoncker","13","83","Belgique","Milieu","Leander","Dendoncker","Leander Dendoncker","Dendoncker","200013","./assoc/200013_BEL.svg","./logo/50074.png","UEFA","BEL","50074","FAME","Anderlecht","","https://img.uefa.com/imgml/TP/teams/logos/70x70/50074.png","https://img.uefa.com/imgml/TP/teams/logos/240x240/50074.png","250074","AND","DOMESTIC_MEN_TEAM_A","","DOMESTIC","Belgique","Anderlecht","RSC Anderlecht","AND","540","MINUTE","6","0","0","70.03","KILOMETER","30.5","KILOMETER_PER_HOUR"
"250060170","60609","36","1989-03-20","20","Richard","AZE","CENTRAL_MIDFIELDER","MIDFIELDER","MALE","177","./image/250060170.jpg","Richard Almeida","MIDFIELDER","20","Almeida","57154","69","Azerbaïdjan","Milieu","","Richard Almeida","Richard Almeida","Richard Almeida","257154","./assoc/257154_AZE.svg","./logo/60609.png","UEFA","AZE","60609","FAME","Qarabağ","","https://img.uefa.com/imgml/TP/teams/logos/70x70/60609.png","https://img.uefa.com/imgml/TP/teams/logos/240x240/60609.png","260609","QAR","DOMESTIC_MEN_TEAM_A","","DOMESTIC","Azerbaïdjan","Qarabağ","Qarabağ FK","QAR","540","MINUTE","6","0","0","69.88","KILOMETER","29.1","KILOMETER_PER_HOUR"
"95813","50124","40","1985-08-09","3","FILIPE LUIS","BRA","FULL_BACK","DEFENDER","MALE","188","./image/95813.jpg","Filipe Luís","DEFENDER","","LUIS","","77","Brésil","Défenseur","","Filipe Luís","Filipe Luís","Filipe Luís","200122","./assoc/200122_ESP.svg","./logo/50124.png","UEFA","ESP","50124","FAME","Atleti","","https://img.uefa.com/imgml/TP/teams/logos/70x70/50124.png","https://img.uefa.com/imgml/TP/teams/logos/240x240/50124.png","250124","ATM","DOMESTIC_MEN_TEAM_A","","DOMESTIC","Espagne","Atleti","Atlético de Madrid","ATM","540","MINUTE","6","0","0","65.63","KILOMETER","28.8","KILOMETER_PER_HOUR"
"250073779","50074","34","1991-03-03","25","Trebel","FRA","CENTRAL_MIDFIELDER","MIDFIELDER","MALE","173","./image/250073779.jpg","Adrien Trebel","MIDFIELDER","","Trebel","","72","France","Milieu","Adrien","Trebel","Adrien Trebel","Trebel","200013","./assoc/200013_BEL.svg","./logo/50074.png","UEFA","BEL","50074","FAME","Anderlecht","","https://img.uefa.com/imgml/TP/teams/logos/70x70/50074.png","https://img.uefa.com/imgml/TP/teams/logos/240x240/50074.png","250074","AND","DOMESTIC_MEN_TEAM_A","","DOMESTIC","Belgique","Anderlecht","RSC Anderlecht","AND","540","MINUTE","6","0","0","64.75","KILOMETER","29.5","KILOMETER_PER_HOUR"
"105353","57490","39","1986-09-01","28","Viler","SVN","UNKNOWN","DEFENDER","MALE","181","./image/105353.jpg","Mitja Viler","DEFENDER","3","Viler","57163","78","Slovénie","Défenseur","Mitja","Viler","Mitja Viler","Viler","257163","./assoc/257163_SVN.svg","./logo/57490.png","UEFA","SVN","57490","FAME","Maribor","","https://img.uefa.com/imgml/TP/teams/logos/70x70/57490.png","https://img.uefa.com/imgml/TP/teams/logos/240x240/57490.png","257490","MRB","DOMESTIC_MEN_TEAM_A","","DOMESTIC","Slovénie","Maribor","NK Maribor","MRB","540","MINUTE","6","0","0","63.32","KILOMETER","26.2","KILOMETER_PER_HOUR"
"250066157","7889","31","1994-03-11","26","Robertson","SCO","UNKNOWN","DEFENDER","MALE","","./image/250066157.jpg","Andy Robertson","DEFENDER","3","Robertson","117","","Écosse","Défenseur","Andy","Robertson","Andy Robertson","Robertson","200039","./assoc/200039_ENG.svg","./logo/7889.png","UEFA","ENG","7889","FAME","Liverpool","","https://img.uefa.com/imgml/TP/teams/logos/70x70/7889.png","https://img.uefa.com/imgml/TP/teams/logos/240x240/7889.png","207889","LIV","DOMESTIC_MEN_TEAM_A","","DOMESTIC","Angleterre","Liverpool","Liverpool FC","LIV","540","MINUTE","6","0","0","62.92","KILOMETER","32.6","KILOMETER_PER_HOUR"
"104448","2610","41","1984-01-18","4","Romao","TGO","DEFENSIVE_MIDFIELDER","MIDFIELDER","MALE","180","./image/104448.jpg","Alaixys Romao","MIDFIELDER","","Romao","","76","Togo","Milieu","Alaixys","Romao","Alaixys Romao","Romao","200049","./assoc/200049_GRE.svg","./logo/2610.png","UEFA","GRE","2610","FAME","Olympiacos","","https://img.uefa.com/imgml/TP/teams/logos/70x70/2610.png","https://img.uefa.com/imgml/TP/teams/logos/240x240/2610.png","202610","OLY","DOMESTIC_MEN_TEAM_A","","DOMESTIC","Grèce","Olympiacos","Olympiacos FC","OLY","540","MINUTE","6","0","0","61.44","KILOMETER","30.1","KILOMETER_PER_HOUR"
"103704","1652","38","1987-04-24","14","Vertonghen","BEL","CENTRE_BACK","DEFENDER","MALE","189","./image/103704.jpg","Jan Vertonghen","DEFENDER","5","Vertonghen","13","79","Belgique","Défenseur","Jan","Vertonghen","Jan Vertonghen","Vertonghen","200039","./assoc/200039_ENG.svg","./logo/1652.png","UEFA","ENG","1652","FAME","Tottenham","","https://img.uefa.com/imgml/TP/teams/logos/70x70/1652.png","https://img.uefa.com/imgml/TP/teams/logos/240x240/1652.png","201652","TOT","DOMESTIC_MEN_TEAM_A","","DOMESTIC","Angleterre","Tottenham","Tottenham Hotspur","TOT","540","MINUTE","6","0","0","59.66","KILOMETER","31.3","KILOMETER_PER_HOUR"
"250041550","50118","30","1995-05-05","14","VOUROS","GRE","CENTRE_BACK","DEFENDER","MALE","183","./image/250041550.jpg","Praxitelis Vouros","DEFENDER","14","Vouros","49","77","Grèce","Défenseur","Praxitelis","Vouros","Praxitelis Vouros","Vouros","200033","./assoc/200033_CYP.svg","./logo/50118.png","UEFA","CYP","50118","FAME","APOEL","","https://img.uefa.com/imgml/TP/teams/logos/70x70/50118.png","https://img.uefa.com/imgml/TP/teams/logos/240x240/50118.png","250118","APO","DOMESTIC_MEN_TEAM_A","","DOMESTIC","Chypre","APOEL","APOEL FC","APO","540","MINUTE","6","0","0","59.21","KILOMETER","29.5","KILOMETER_PER_HOUR"
"250029280","50118","38","1987-02-19","5","RUEDA","ESP","UNKNOWN","DEFENDER","MALE","","./image/250029280.jpg","Jesús Rueda","MIDFIELDER","","Rueda","","","Espagne","Défenseur","Jesús","Rueda","Jesús Rueda","Rueda","200033","./assoc/200033_CYP.svg","./logo/50118.png","UEFA","CYP","50118","FAME","APOEL","","https://img.uefa.com/imgml/TP/teams/logos/70x70/50118.png","https://img.uefa.com/imgml/TP/teams/logos/240x240/50118.png","250118","APO","DOMESTIC_MEN_TEAM_A","","DOMESTIC","Chypre","APOEL","APOEL FC","APO","540","MINUTE","6","0","0","58.63","KILOMETER","29.3","KILOMETER_PER_HOUR"
"50327420","7889","34","1991-07-08","4","Virgil","NED","CENTRE_BACK","DEFENDER","MALE","193","https://img.uefa.com/imgml/TP/players/1/2018/324x324/50327420.jpg","Virgil van Dijk","DEFENDER","4","Virgil","95","92","Pays-Bas","Défenseur","Virgil","van Dijk","Virgil van Dijk","Van Dijk","200039","./assoc/200039_ENG.svg","./logo/7889.png","UEFA","ENG","7889","FAME","Liverpool","","https://img.uefa.com/imgml/TP/teams/logos/70x70/7889.png","https://img.uefa.com/imgml/TP/teams/logos/240x240/7889.png","207889","LIV","DOMESTIC_MEN_TEAM_A","","DOMESTIC","Angleterre","Liverpool","Liverpool FC","LIV","540","MINUTE","6","0","0","55.66","KILOMETER","32.21","KILOMETER_PER_HOUR"
"250099502","50023","33","1992-08-24","5","Jemerson","BRA","UNKNOWN","DEFENDER","MALE","184","./image/250099502.jpg","Jemerson","DEFENDER","","Jemerson","","77","Brésil","Défenseur","","Jemerson","Jemerson","Jemerson","200043","./assoc/200043_FRA.svg","./logo/50023.png","UEFA","FRA","50023","FAME","Monaco","","https://img.uefa.com/imgml/TP/teams/logos/70x70/50023.png","https://img.uefa.com/imgml/TP/teams/logos/240x240/50023.png","250023","MON","DOMESTIC_MEN_TEAM_A","","DOMESTIC","France","Monaco","AS Monaco","MON","540","MINUTE","6","0","0","55.11","KILOMETER","29.5","KILOMETER_PER_HOUR"
"93443","50149","37","1988-02-15","28","Rui Patricio","POR","GOALKEEPER","GOALKEEPER","MALE","190","./image/93443.jpg","Rui Patrício","GOALKEEPER","1","Rui Patrício","110","84","Portugal","Gardien","","Rui Patrício","Rui Patrício","Rui Patrício","200110","./assoc/200110_POR.svg","./logo/50149.png","UEFA","POR","50149","FAME","Sporting CP","","https://img.uefa.com/imgml/TP/teams/logos/70x70/50149.png","https://img.uefa.com/imgml/TP/teams/logos/240x240/50149.png","250149","SPO","DOMESTIC_MEN_TEAM_A","","DOMESTIC","Portugal","Sporting CP","Sporting Clube de Portugal","SPO","540","MINUTE","6","0","0","27.87","KILOMETER","24.6","KILOMETER_PER_HOUR"
"1909720","60609","37","1988-09-02","13","Šehić","BIH","GOALKEEPER","GOALKEEPER","MALE","193","./image/1909720.jpg","Ibrahim Šehić","GOALKEEPER","12","Šehić","60094","80","Bosnie-Herzégovine","Gardien","Ibrahim","Šehić","Ibrahim Šehić","Šehić","257154","./assoc/257154_AZE.svg","./logo/60609.png","UEFA","AZE","60609","FAME","Qarabağ","","https://img.uefa.com/imgml/TP/teams/logos/70x70/60609.png","https://img.uefa.com/imgml/TP/teams/logos/240x240/60609.png","260609","QAR","DOMESTIC_MEN_TEAM_A","","DOMESTIC","Azerbaïdjan","Qarabağ","Qarabağ FK","QAR","540","MINUTE","6","0","0","25.24","KILOMETER","25.3","KILOMETER_PER_HOUR"
"48716","50136","43","1982-08-31","1","","ESP","GOALKEEPER","","MALE","188","./image/48716.jpg","Pepe Reina","GOALKEEPER","23","Reina","122","86","Espagne","","Pepe","Reina","Pepe Reina","Reina","200066","./assoc/200066_ITA.svg","./logo/50136.png","UEFA","ITA","50136","FAME","Napoli","","https://img.uefa.com/imgml/TP/teams/logos/70x70/50136.png","https://img.uefa.com/imgml/TP/teams/logos/240x240/50136.png","250136","NAP","DOMESTIC_MEN_TEAM_A","","DOMESTIC","Italie","Napoli","SSC Napoli","NAP","540","MINUTE","6","0","0","24.44","KILOMETER","22","KILOMETER_PER_HOUR"
"250012069","50124","32","1993-01-07","13","OBLAK","SVN","GOALKEEPER","GOALKEEPER","MALE","186","./image/250012069.jpg","Jan Oblak","GOALKEEPER","1","Oblak","57163","87","Slovénie","Gardien","Jan","Oblak","Jan Oblak","Oblak","200122","./assoc/200122_ESP.svg","./logo/50124.png","UEFA","ESP","50124","FAME","Atleti","","https://img.uefa.com/imgml/TP/teams/logos/70x70/50124.png","https://img.uefa.com/imgml/TP/teams/logos/240x240/50124.png","250124","ATM","DOMESTIC_MEN_TEAM_A","","DOMESTIC","Espagne","Atleti","Atlético de Madrid","ATM","540","MINUTE","6","0","0","24.11","KILOMETER","28.2","KILOMETER_PER_HOUR"
"57423","50050","42","1982-12-31","1","Gordon","SCO","GOALKEEPER","GOALKEEPER","MALE","193","./image/57423.jpg","Craig Gordon","GOALKEEPER","21","Gordon","117","83","Écosse","Gardien","Craig","Gordon","Craig Gordon","Gordon","200117","./assoc/200117_SCO.svg","./logo/50050.png","UEFA","SCO","50050","FAME","Celtic","","https://img.uefa.com/imgml/TP/teams/logos/70x70/50050.png","https://img.uefa.com/imgml/TP/teams/logos/240x240/50050.png","250050","CEL","DOMESTIC_MEN_TEAM_A","","DOMESTIC","Écosse","Celtic","Celtic FC","CEL","540","MINUTE","6","0","0","23.63","KILOMETER","23.6","KILOMETER_PER_HOUR"
"1901746","52682","34","1990-11-07","43","De Gea","ESP","GOALKEEPER","GOALKEEPER","MALE","192","./image/1901746.jpg","David de Gea","GOALKEEPER","1","De Gea","122","76","Espagne","Gardien","David","de Gea","David de Gea","De Gea","200039","./assoc/200039_ENG.svg","./logo/52682.png","UEFA","ENG","52682","FAME","Man Utd","","https://img.uefa.com/imgml/TP/teams/logos/70x70/52682.png","https://img.uefa.com/imgml/TP/teams/logos/240x240/52682.png","252682","MUN","DOMESTIC_MEN_TEAM_A","","DOMESTIC","Angleterre","Man Utd","Manchester United","MUN","540","MINUTE","6","0","0","21.6","KILOMETER","24.1","KILOMETER_PER_HOUR"
"66794","54266","39","1986-04-08","35","Akinfeev","RUS","GOALKEEPER","GOALKEEPER","MALE","186","./image/66794.jpg","Igor Akinfeev","GOALKEEPER","1","Akinfeev","57451","82","Russie","Gardien","Igor","Akinfeev","Igor Akinfeev","Akinfeev","257451","./assoc/257451_RUS.svg","./logo/54266.png","UEFA","RUS","54266","FAME","CSKA Moskva","","https://img.uefa.com/imgml/TP/teams/logos/70x70/54266.png","https://img.uefa.com/imgml/TP/teams/logos/240x240/54266.png","254266","CSM","DOMESTIC_MEN_TEAM_A","","DOMESTIC","Russie","CSKA Moskva","PFC CSKA Moskva","CSM","540","MINUTE","6","0","0","20.32","KILOMETER","22","KILOMETER_PER_HOUR"
"23755","57490","47","1978-01-28","33","","SVN","UNKNOWN","","MALE","196","./image/23755.jpg","Jasmin Handanović","","12","","","100","Slovénie","","Jasmin","Handanović","Jasmin Handanović","Handanović","257163","./assoc/257163_SVN.svg","./logo/57490.png","UEFA","SVN","57490","FAME","Maribor","","https://img.uefa.com/imgml/TP/teams/logos/70x70/57490.png","https://img.uefa.com/imgml/TP/teams/logos/240x240/57490.png","257490","MRB","DOMESTIC_MEN_TEAM_A","","DOMESTIC","Slovénie","Maribor","NK Maribor","MRB","540","MINUTE","6","0","0","19.86","KILOMETER","21.2","KILOMETER_PER_HOUR"
"250075767","50157","31","1994-02-01","94","TALISCA","BRA","ATTACKING_MIDFIELDER","MIDFIELDER","MALE","188","./image/250075767.jpg","Talisca","FORWARD","","A. Talisca","18","72","Brésil","Milieu","","Talisca","Talisca","Talisca","200135","./assoc/200135_TUR.svg","./logo/50157.png","UEFA","TUR","50157","FAME","Beşiktaş","","https://img.uefa.com/imgml/TP/teams/logos/70x70/50157.png","https://img.uefa.com/imgml/TP/teams/logos/240x240/50157.png","250157","BES","DOMESTIC_MEN_TEAM_A","","DOMESTIC","Turquie","Beşiktaş","Beşiktaş JK","BES","539","MINUTE","8","4","0","61.84","KILOMETER","27.8","KILOMETER_PER_HOUR"
"1904011","52758","34","1990-11-14","38","Bürki","SUI","GOALKEEPER","GOALKEEPER","MALE","187","./image/1904011.jpg","Roman Bürki","GOALKEEPER","21","Bürki","128","85","Suisse","Gardien","Roman","Bürki","Roman Bürki","Bürki","200047","./assoc/200047_GER.svg","./logo/52758.png","UEFA","GER","52758","FAME","B. Dortmund","","https://img.uefa.com/imgml/TP/teams/logos/70x70/52758.png","https://img.uefa.com/imgml/TP/teams/logos/240x240/52758.png","252758","BVB","DOMESTIC_MEN_TEAM_A","","DOMESTIC","Allemagne","B. Dortmund","Borussia Dortmund","BVB","539","MINUTE","6","0","0","30.48","KILOMETER","25.5","KILOMETER_PER_HOUR"
"250078886","50149","31","1994-09-08","8","B. Fernandes","POR","ATTACKING_MIDFIELDER","MIDFIELDER","MALE","","./image/250078886.jpg","Bruno Fernandes","MIDFIELDER","8","B. FERNANDES","110","","Portugal","Milieu","Bruno","Fernandes","Bruno Fernandes","Fernandes","200110","./assoc/200110_POR.svg","./logo/50149.png","UEFA","POR","50149","FAME","Sporting CP","","https://img.uefa.com/imgml/TP/teams/logos/70x70/50149.png","https://img.uefa.com/imgml/TP/teams/logos/240x240/50149.png","250149","SPO","DOMESTIC_MEN_TEAM_A","","DOMESTIC","Portugal","Sporting CP","Sporting Clube de Portugal","SPO","537","MINUTE","6","1","1","70.08","KILOMETER","30.5","KILOMETER_PER_HOUR"
"250058227","54266","29","1996-05-30","10","GOLOVIN","RUS","ATTACKING_MIDFIELDER","MIDFIELDER","MALE","180","./image/250058227.jpg","Aleksandr Golovin","MIDFIELDER","17","Golovin","57451","69","Russie","Milieu","Aleksandr","Golovin","Aleksandr Golovin","Golovin","257451","./assoc/257451_RUS.svg","./logo/54266.png","UEFA","RUS","54266","FAME","CSKA Moskva","","https://img.uefa.com/imgml/TP/teams/logos/70x70/54266.png","https://img.uefa.com/imgml/TP/teams/logos/240x240/54266.png","254266","CSM","DOMESTIC_MEN_TEAM_A","","DOMESTIC","Russie","CSKA Moskva","PFC CSKA Moskva","CSM","537","MINUTE","6","0","1","67.98","KILOMETER","30","KILOMETER_PER_HOUR"
"250111309","50149","34","1991-07-12","16","Battaglia","ARG","CENTRAL_MIDFIELDER","MIDFIELDER","MALE","","./image/250111309.jpg","Rodrigo Battaglia","MIDFIELDER","","R. Battaglia","","","Argentine","Milieu","Rodrigo","Battaglia","Rodrigo Battaglia","Battaglia","200110","./assoc/200110_POR.svg","./logo/50149.png","UEFA","POR","50149","FAME","Sporting CP","","https://img.uefa.com/imgml/TP/teams/logos/70x70/50149.png","https://img.uefa.com/imgml/TP/teams/logos/240x240/50149.png","250149","SPO","DOMESTIC_MEN_TEAM_A","","DOMESTIC","Portugal","Sporting CP","Sporting Clube de Portugal","SPO","537","MINUTE","6","0","0","63.91","KILOMETER","28.5","KILOMETER_PER_HOUR"
"250060817","59856","33","1991-11-03","11","Steffen","SUI","WINGER","MIDFIELDER","MALE","170","./image/250060817.jpg","Renato Steffen","MIDFIELDER","11","Steffen","128","65","Suisse","Milieu","Renato","Steffen","Renato Steffen","Steffen","200128","./assoc/200128_SUI.svg","./logo/59856.png","UEFA","SUI","59856","FAME","Basel","","https://img.uefa.com/imgml/TP/teams/logos/70x70/59856.png","https://img.uefa.com/imgml/TP/teams/logos/240x240/59856.png","259856","BSL","DOMESTIC_MEN_TEAM_A","","DOMESTIC","Suisse","Basel","FC Basel 1893","BSL","536","MINUTE","6","0","1","62.42","KILOMETER","32.5","KILOMETER_PER_HOUR"
"1905884","1652","33","1992-02-14","14","Eriksen","DEN","ATTACKING_MIDFIELDER","MIDFIELDER","MALE","175","./image/1905884.jpg","Christian Eriksen","MIDFIELDER","10","Eriksen","35","65","Danemark","Milieu","Christian","Eriksen","Christian Eriksen","Eriksen","200039","./assoc/200039_ENG.svg","./logo/1652.png","UEFA","ENG","1652","FAME","Tottenham","","https://img.uefa.com/imgml/TP/teams/logos/70x70/1652.png","https://img.uefa.com/imgml/TP/teams/logos/240x240/1652.png","201652","TOT","DOMESTIC_MEN_TEAM_A","","DOMESTIC","Angleterre","Tottenham","Tottenham Hotspur","TOT","534","MINUTE","6","2","1","73.63","KILOMETER","29.9","KILOMETER_PER_HOUR"
"250017824","7889","31","1994-01-12","23","Emre Can","GER","DEFENSIVE_MIDFIELDER","DEFENDER","MALE","184","./image/250017824.jpg","Emre Can","MIDFIELDER","23","Can","47","82","Allemagne","Défenseur","Emre","Can","Emre Can","Can","200039","./assoc/200039_ENG.svg","./logo/7889.png","UEFA","ENG","7889","FAME","Liverpool","","https://img.uefa.com/imgml/TP/teams/logos/70x70/7889.png","https://img.uefa.com/imgml/TP/teams/logos/240x240/7889.png","207889","LIV","DOMESTIC_MEN_TEAM_A","","DOMESTIC","Angleterre","Liverpool","Liverpool FC","LIV","533","MINUTE","8","1","0","62.59","KILOMETER","30.9","KILOMETER_PER_HOUR"
"250027015","52749","30","1995-01-03","52","VILHENA","NED","CENTRAL_MIDFIELDER","MIDFIELDER","MALE","175","./image/250027015.jpg","Tonny Vilhena","MIDFIELDER","18","Trindade De Vilhena","95","73","Pays-Bas","Milieu","Tonny","Vilhena","Tonny Vilhena","Vilhena","200095","./assoc/200095_NED.svg","./logo/52749.png","UEFA","NED","52749","FAME","Feyenoord","","https://img.uefa.com/imgml/TP/teams/logos/70x70/52749.png","https://img.uefa.com/imgml/TP/teams/logos/240x240/52749.png","252749","FEY","DOMESTIC_MEN_TEAM_A","","DOMESTIC","Pays-Bas","Feyenoord","Feyenoord","FEY","533","MINUTE","6","0","2","66.95","KILOMETER","27.8","KILOMETER_PER_HOUR"
"250014528","50064","34","1991-09-09","15","DANILO","POR","DEFENSIVE_MIDFIELDER","MIDFIELDER","MALE","188","./image/250014528.jpg","Danilo","MIDFIELDER","13","Danilo","110","83","Portugal","Milieu","","Danilo","Danilo","Danilo","200110","./assoc/200110_POR.svg","./logo/50064.png","UEFA","POR","50064","FAME","Porto","","https://img.uefa.com/imgml/TP/teams/logos/70x70/50064.png","https://img.uefa.com/imgml/TP/teams/logos/240x240/50064.png","250064","POR","DOMESTIC_MEN_TEAM_A","","DOMESTIC","Portugal","Porto","FC Porto","POR","532","MINUTE","6","1","2","61.88","KILOMETER","30.5","KILOMETER_PER_HOUR"
"250021789","60609","39","1985-11-08","8","Michel","ESP","DEFENSIVE_MIDFIELDER","MIDFIELDER","MALE","183","./image/250021789.jpg","Míchel","MIDFIELDER","","Madera","","72","Espagne","Milieu","","Míchel","Míchel","Míchel","257154","./assoc/257154_AZE.svg","./logo/60609.png","UEFA","AZE","60609","FAME","Qarabağ","","https://img.uefa.com/imgml/TP/teams/logos/70x70/60609.png","https://img.uefa.com/imgml/TP/teams/logos/240x240/60609.png","260609","QAR","DOMESTIC_MEN_TEAM_A","","DOMESTIC","Azerbaïdjan","Qarabağ","Qarabağ FK","QAR","532","MINUTE","6","1","0","66.43","KILOMETER","29.5","KILOMETER_PER_HOUR"
"95417","50157","42","1983-02-26","3","De Lima Ferreira","POR","CENTRE_BACK","DEFENDER","MALE","188","./image/95417.jpg","Pepe","DEFENDER","3","Pepe","110","81","Portugal","Défenseur","","Pepe","Pepe","Pepe","200135","./assoc/200135_TUR.svg","./logo/50157.png","UEFA","TUR","50157","FAME","Beşiktaş","","https://img.uefa.com/imgml/TP/teams/logos/70x70/50157.png","https://img.uefa.com/imgml/TP/teams/logos/240x240/50157.png","250157","BES","DOMESTIC_MEN_TEAM_A","","DOMESTIC","Turquie","Beşiktaş","Beşiktaş JK","BES","531","MINUTE","6","0","0","57.23","KILOMETER","29.1","KILOMETER_PER_HOUR"
"102420","2603790","35","1990-05-06","1","Gulacsi","HUN","GOALKEEPER","GOALKEEPER","MALE","190","./image/102420.jpg","Péter Gulácsi","GOALKEEPER","12","Gulacsi","57","83","Hongrie","Gardien","Péter","Gulácsi","Péter Gulácsi","Gulácsi","200047","./assoc/200047_GER.svg","./logo/2603790.png","UEFA","GER","2603790","FAME","Leipzig","","https://img.uefa.com/imgml/TP/teams/logos/70x70/2603790.png","https://img.uefa.com/imgml/TP/teams/logos/240x240/2603790.png","250002563","RBL","DOMESTIC_MEN_TEAM_A","","DOMESTIC","Allemagne","Leipzig","RB Leipzig","RBL","531","MINUTE","6","0","0","29.04","KILOMETER","19.7","KILOMETER_PER_HOUR"
"250002154","50157","37","1987-12-31","1","FABRICIO","ESP","GOALKEEPER","GOALKEEPER","MALE","185","./image/250002154.jpg","Fabri","","","Fabri","200122","67","Espagne","Gardien","","Fabri","Fabri","Fabri","200135","./assoc/200135_TUR.svg","./logo/50157.png","UEFA","TUR","50157","FAME","Beşiktaş","","https://img.uefa.com/imgml/TP/teams/logos/70x70/50157.png","https://img.uefa.com/imgml/TP/teams/logos/240x240/50157.png","250157","BES","DOMESTIC_MEN_TEAM_A","","DOMESTIC","Turquie","Beşiktaş","Beşiktaş JK","BES","531","MINUTE","6","0","0","26.68","KILOMETER","20.6","KILOMETER_PER_HOUR"
"250060117","50064","35","1990-04-19","16","H.HERRERA","MEX","UNKNOWN","MIDFIELDER","MALE","183","./image/250060117.jpg","Héctor Herrera","MIDFIELDER","16","H. Herrera","91","74","Mexique","Milieu","Héctor","Herrera","Héctor Herrera","Herrera","200110","./assoc/200110_POR.svg","./logo/50064.png","UEFA","POR","50064","FAME","Porto","","https://img.uefa.com/imgml/TP/teams/logos/70x70/50064.png","https://img.uefa.com/imgml/TP/teams/logos/240x240/50064.png","250064","POR","DOMESTIC_MEN_TEAM_A","","DOMESTIC","Portugal","Porto","FC Porto","POR","530","MINUTE","6","1","1","67.28","KILOMETER","27.7","KILOMETER_PER_HOUR"
"250067467","59856","32","1993-02-28","39","Balanta","COL","DEFENSIVE_MIDFIELDER","DEFENDER","MALE","181","./image/250067467.jpg","Éder Balanta","MIDFIELDER","16","Alvarez","29","84","Colombie","Défenseur","Éder","Balanta","Éder Balanta","Balanta","200128","./assoc/200128_SUI.svg","./logo/59856.png","UEFA","SUI","59856","FAME","Basel","","https://img.uefa.com/imgml/TP/teams/logos/70x70/59856.png","https://img.uefa.com/imgml/TP/teams/logos/240x240/59856.png","259856","BSL","DOMESTIC_MEN_TEAM_A","","DOMESTIC","Suisse","Basel","FC Basel 1893","BSL","530","MINUTE","6","0","0","61.45","KILOMETER","30.3","KILOMETER_PER_HOUR"
"250068982","59856","28","1997-09-27","19","OBERLIN","SUI","UNKNOWN","FORWARD","MALE","180","./image/250068982.jpg","Dimitri Oberlin","FORWARD","7","Oberlin","128","","Suisse","Attaquant","Dimitri","Oberlin","Dimitri Oberlin","Oberlin","200128","./assoc/200128_SUI.svg","./logo/59856.png","UEFA","SUI","59856","FAME","Basel","","https://img.uefa.com/imgml/TP/teams/logos/70x70/59856.png","https://img.uefa.com/imgml/TP/teams/logos/240x240/59856.png","259856","BSL","DOMESTIC_MEN_TEAM_A","","DOMESTIC","Suisse","Basel","FC Basel 1893","BSL","529","MINUTE","8","4","0","65.95","KILOMETER","32.5","KILOMETER_PER_HOUR"
"250019498","50124","34","1991-03-21","7","GRIEZMANN","FRA","STRIKER","FORWARD","MALE","176","./image/250019498.jpg","Antoine Griezmann","FORWARD","7","Griezmann","43","67","France","Attaquant","Antoine","Griezmann","Antoine Griezmann","Griezmann","200122","./assoc/200122_ESP.svg","./logo/50124.png","UEFA","ESP","50124","FAME","Atleti","","https://img.uefa.com/imgml/TP/teams/logos/70x70/50124.png","https://img.uefa.com/imgml/TP/teams/logos/240x240/50124.png","250124","ATM","DOMESTIC_MEN_TEAM_A","","DOMESTIC","Espagne","Atleti","Atlético de Madrid","ATM","529","MINUTE","6","2","2","63.51","KILOMETER","31.2","KILOMETER_PER_HOUR"
"250111362","52749","29","1996-08-21","14","AMRABAT","MAR","CENTRAL_MIDFIELDER","MIDFIELDER","MALE","","./image/250111362.jpg","Sofyan Amrabat","MIDFIELDER","4","Amrabat","92","","Maroc","Milieu","Sofyan","Amrabat","Sofyan Amrabat","Amrabat","200095","./assoc/200095_NED.svg","./logo/52749.png","UEFA","NED","52749","FAME","Feyenoord","","https://img.uefa.com/imgml/TP/teams/logos/70x70/52749.png","https://img.uefa.com/imgml/TP/teams/logos/240x240/52749.png","252749","FEY","DOMESTIC_MEN_TEAM_A","","DOMESTIC","Pays-Bas","Feyenoord","Feyenoord","FEY","528","MINUTE","6","1","0","65.11","KILOMETER","31.5","KILOMETER_PER_HOUR"
"250058755","57490","34","1991-02-23","8","Kabha","ISR","DEFENSIVE_MIDFIELDER","MIDFIELDER","MALE","","./image/250058755.jpg","Marwan Kabha","MIDFIELDER","22","Kabha","65","","Israël","Milieu","Marwan","Kabha","Marwan Kabha","Kabha","257163","./assoc/257163_SVN.svg","./logo/57490.png","UEFA","SVN","57490","FAME","Maribor","","https://img.uefa.com/imgml/TP/teams/logos/70x70/57490.png","https://img.uefa.com/imgml/TP/teams/logos/240x240/57490.png","257490","MRB","DOMESTIC_MEN_TEAM_A","","DOMESTIC","Slovénie","Maribor","NK Maribor","MRB","524","MINUTE","6","0","0","64.77","KILOMETER","29.5","KILOMETER_PER_HOUR"
"1905362","59856","34","1991-03-28","34","XHAKA","ALB","DEFENSIVE_MIDFIELDER","MIDFIELDER","MALE","172","./image/1905362.jpg","Taulant Xhaka","MIDFIELDER","14","Xhaka","2","72","Albanie","Milieu","Taulant","Xhaka","Taulant Xhaka","Xhaka","200128","./assoc/200128_SUI.svg","./logo/59856.png","UEFA","SUI","59856","FAME","Basel","","https://img.uefa.com/imgml/TP/teams/logos/70x70/59856.png","https://img.uefa.com/imgml/TP/teams/logos/240x240/59856.png","259856","BSL","DOMESTIC_MEN_TEAM_A","","DOMESTIC","Suisse","Basel","FC Basel 1893","BSL","523","MINUTE","6","1","1","65.21","KILOMETER","28","KILOMETER_PER_HOUR"
"250011954","52747","41","1984-09-22","6","T.Silva","BRA","CENTRE_BACK","DEFENDER","MALE","183","./image/250011954.jpg","Thiago Silva","DEFENDER","3","T. Silva","18","79","Brésil","Défenseur","","Thiago Silva","Thiago Silva","Thiago Silva","200043","./assoc/200043_FRA.svg","./logo/52747.png","UEFA","FRA","52747","FAME","Paris","","https://img.uefa.com/imgml/TP/teams/logos/70x70/52747.png","https://img.uefa.com/imgml/TP/teams/logos/240x240/52747.png","252747","PSG","DOMESTIC_MEN_TEAM_A","","DOMESTIC","France","Paris","Paris Saint-Germain","PSG","522","MINUTE","6","0","0","49.26","KILOMETER","27.4","KILOMETER_PER_HOUR"
"103445","60609","36","1989-09-29","5","Medvedev","AZE","FULL_BACK","DEFENDER","MALE","177","./image/103445.jpg","Maksim Medvedev","DEFENDER","5","Medvedev","57154","71","Azerbaïdjan","Défenseur","Maksim","Medvedev","Maksim Medvedev","Medvedev","257154","./assoc/257154_AZE.svg","./logo/60609.png","UEFA","AZE","60609","FAME","Qarabağ","","https://img.uefa.com/imgml/TP/teams/logos/70x70/60609.png","https://img.uefa.com/imgml/TP/teams/logos/240x240/60609.png","260609","QAR","DOMESTIC_MEN_TEAM_A","","DOMESTIC","Azerbaïdjan","Qarabağ","Qarabağ FK","QAR","521","MINUTE","6","0","0","58.45","KILOMETER","31","KILOMETER_PER_HOUR"
"74694","50050","40","1985-06-25","8","Brown","SCO","DEFENSIVE_MIDFIELDER","MIDFIELDER","MALE","178","./image/74694.jpg","Scott Brown","MIDFIELDER","8","Brown","117","71","Écosse","Milieu","Scott","Brown","Scott Brown","Brown","200117","./assoc/200117_SCO.svg","./logo/50050.png","UEFA","SCO","50050","FAME","Celtic","","https://img.uefa.com/imgml/TP/teams/logos/70x70/50050.png","https://img.uefa.com/imgml/TP/teams/logos/240x240/50050.png","250050","CEL","DOMESTIC_MEN_TEAM_A","","DOMESTIC","Écosse","Celtic","Celtic FC","CEL","520","MINUTE","6","0","0","68.41","KILOMETER","29.3","KILOMETER_PER_HOUR"
"1907027","60609","33","1992-10-12","2","Qarayev","AZE","DEFENSIVE_MIDFIELDER","MIDFIELDER","MALE","169","./image/1907027.jpg","Gara Garayev","MIDFIELDER","2","Garayev","57154","66","Azerbaïdjan","Milieu","Gara","Garayev","Gara Garayev","Garayev","257154","./assoc/257154_AZE.svg","./logo/60609.png","UEFA","AZE","60609","FAME","Qarabağ","","https://img.uefa.com/imgml/TP/teams/logos/70x70/60609.png","https://img.uefa.com/imgml/TP/teams/logos/240x240/60609.png","260609","QAR","DOMESTIC_MEN_TEAM_A","","DOMESTIC","Azerbaïdjan","Qarabağ","Qarabağ FK","QAR","520","MINUTE","6","0","0","62.93","KILOMETER","28.4","KILOMETER_PER_HOUR"
"250023520","50136","31","1994-02-02","23","Hysaj","ALB","FULL_BACK","DEFENDER","MALE","182","./image/250023520.jpg","Elseid Hysaj","DEFENDER","4","Hysaj","2","70","Albanie","Défenseur","Elseid","Hysaj","Elseid Hysaj","Hysaj","200066","./assoc/200066_ITA.svg","./logo/50136.png","UEFA","ITA","50136","FAME","Napoli","","https://img.uefa.com/imgml/TP/teams/logos/70x70/50136.png","https://img.uefa.com/imgml/TP/teams/logos/240x240/50136.png","250136","NAP","DOMESTIC_MEN_TEAM_A","","DOMESTIC","Italie","Napoli","SSC Napoli","NAP","520","MINUTE","6","0","0","59.45","KILOMETER","28.6","KILOMETER_PER_HOUR"
"250024867","52749","31","1994-03-22","7","Boëtius","NED","WINGER","FORWARD","MALE","179","./image/250024867.jpg","Jean-Paul Boëtius","FORWARD","7","Boëtius","200095","70","Pays-Bas","Attaquant","Jean-Paul","Boëtius","Jean-Paul Boëtius","Boëtius","200095","./assoc/200095_NED.svg","./logo/52749.png","UEFA","NED","52749","FAME","Feyenoord","","https://img.uefa.com/imgml/TP/teams/logos/70x70/52749.png","https://img.uefa.com/imgml/TP/teams/logos/240x240/52749.png","252749","FEY","DOMESTIC_MEN_TEAM_A","","DOMESTIC","Pays-Bas","Feyenoord","Feyenoord","FEY","519","MINUTE","6","0","0","65.05","KILOMETER","30.1","KILOMETER_PER_HOUR"
"250045594","50137","34","1991-06-10","5","Jesus","BRA","CENTRE_BACK","DEFENDER","MALE","185","./image/250045594.jpg","Juan Jesus","DEFENDER","","Nunes Jesus","","76","Brésil","Défenseur","","Juan Jesus","Juan Jesus","Juan Jesus","200066","./assoc/200066_ITA.svg","./logo/50137.png","UEFA","ITA","50137","FAME","Roma","","https://img.uefa.com/imgml/TP/teams/logos/70x70/50137.png","https://img.uefa.com/imgml/TP/teams/logos/240x240/50137.png","250137","ROM","DOMESTIC_MEN_TEAM_A","","DOMESTIC","Italie","Roma","AS Roma","ROM","517","MINUTE","6","0","0","54.81","KILOMETER","31","KILOMETER_PER_HOUR"
"250005016","50074","33","1992-06-09","12","APPIAH","FRA","FULL_BACK","DEFENDER","MALE","179","./image/250005016.jpg","Dennis Appiah","DEFENDER","2","Appiah","200043","68","France","Défenseur","Dennis","Appiah","Dennis Appiah","Appiah","200013","./assoc/200013_BEL.svg","./logo/50074.png","UEFA","BEL","50074","FAME","Anderlecht","","https://img.uefa.com/imgml/TP/teams/logos/70x70/50074.png","https://img.uefa.com/imgml/TP/teams/logos/240x240/50074.png","250074","AND","DOMESTIC_MEN_TEAM_A","","DOMESTIC","Belgique","Anderlecht","RSC Anderlecht","AND","513","MINUTE","6","0","0","57.81","KILOMETER","29.4","KILOMETER_PER_HOUR"
"70969","50118","41","1984-01-29","26","MORAIS","POR","DEFENSIVE_MIDFIELDER","MIDFIELDER","MALE","185","./image/70969.jpg","Nuno Morais","MIDFIELDER","","Morais","","76","Portugal","Milieu","","Nuno Morais","Nuno Morais","Nuno Morais","200033","./assoc/200033_CYP.svg","./logo/50118.png","UEFA","CYP","50118","FAME","APOEL","","https://img.uefa.com/imgml/TP/teams/logos/70x70/50118.png","https://img.uefa.com/imgml/TP/teams/logos/240x240/50118.png","250118","APO","DOMESTIC_MEN_TEAM_A","","DOMESTIC","Chypre","APOEL","APOEL FC","APO","510","MINUTE","6","0","0","62.99","KILOMETER","30.8","KILOMETER_PER_HOUR"
"98804","50157","37","1988-10-04","88","CANER","TUR","FULL_BACK","DEFENDER","MALE","181","./image/98804.jpg","Caner Erkin","DEFENDER","18","CANER","135","76","Turquie","Défenseur","","Caner Erkin","Caner Erkin","Caner Erkin","200135","./assoc/200135_TUR.svg","./logo/50157.png","UEFA","TUR","50157","FAME","Beşiktaş","","https://img.uefa.com/imgml/TP/teams/logos/70x70/50157.png","https://img.uefa.com/imgml/TP/teams/logos/240x240/50157.png","250157","BES","DOMESTIC_MEN_TEAM_A","","DOMESTIC","Turquie","Beşiktaş","Beşiktaş JK","BES","510","MINUTE","6","0","0","57.71","KILOMETER","29.7","KILOMETER_PER_HOUR"
"101594","50037","40","1985-09-07","13","Rafinha","BRA","","DEFENDER","MALE","172","./image/101594.jpg","Rafinha","DEFENDER","","Rafinha","","68","Brésil","Défenseur","","Rafinha","Rafinha","Rafinha","200047","./assoc/200047_GER.svg","./logo/50037.png","UEFA","GER","50037","FAME","Bayern München","","https://img.uefa.com/imgml/TP/teams/logos/70x70/50037.png","https://img.uefa.com/imgml/TP/teams/logos/240x240/50037.png","250037","BAY","DOMESTIC_MEN_TEAM_A","","DOMESTIC","Allemagne","Bayern München","FC Bayern München","BAY","507","MINUTE","8","0","0","59.27","KILOMETER","32.6","KILOMETER_PER_HOUR"
"1905868","50136","38","1987-02-11","7","Callejon","ESP","STRIKER","FORWARD","MALE","178","./image/1905868.jpg","José Callejón","FORWARD","7","Callejón","122","73","Espagne","Attaquant","José","Callejón","José Callejón","Callejón","200066","./assoc/200066_ITA.svg","./logo/50136.png","UEFA","ITA","50136","FAME","Napoli","","https://img.uefa.com/imgml/TP/teams/logos/70x70/50136.png","https://img.uefa.com/imgml/TP/teams/logos/240x240/50136.png","250136","NAP","DOMESTIC_MEN_TEAM_A","","DOMESTIC","Italie","Napoli","SSC Napoli","NAP","507","MINUTE","6","1","0","62.72","KILOMETER","28.8","KILOMETER_PER_HOUR"
"250025875","1652","32","1992-12-24","92","AURIER","CIV","FULL_BACK","DEFENDER","MALE","176","./image/250025875.jpg","Serge Aurier","DEFENDER","17","AURIER","67","76","Côte d'Ivoire","Défenseur","Serge","Aurier","Serge Aurier","Aurier","200039","./assoc/200039_ENG.svg","./logo/1652.png","UEFA","ENG","1652","FAME","Tottenham","","https://img.uefa.com/imgml/TP/teams/logos/70x70/1652.png","https://img.uefa.com/imgml/TP/teams/logos/240x240/1652.png","201652","TOT","DOMESTIC_MEN_TEAM_A","","DOMESTIC","Angleterre","Tottenham","Tottenham Hotspur","TOT","507","MINUTE","6","0","2","58.77","KILOMETER","31.7","KILOMETER_PER_HOUR"
"250005335","52919","34","1990-10-24","20","GÜNDOĞAN","GER","CENTRAL_MIDFIELDER","MIDFIELDER","MALE","180","./image/250005335.jpg","İlkay Gündoğan","MIDFIELDER","21","Gündoğan","47","80","Allemagne","Milieu","İlkay","Gündoğan","İlkay Gündoğan","Gündoğan","200039","./assoc/200039_ENG.svg","./logo/52919.png","UEFA","ENG","52919","FAME","Man City","","https://img.uefa.com/imgml/TP/teams/logos/70x70/52919.png","https://img.uefa.com/imgml/TP/teams/logos/240x240/52919.png","252919","MCI","DOMESTIC_MEN_TEAM_A","","DOMESTIC","Angleterre","Man City","Manchester City","MCI","503","MINUTE","9","2","2","65.53","KILOMETER","30.4","KILOMETER_PER_HOUR"
"48517","50118","42","1983-03-29","46","ALONEFTIS","CYP","WINGER","MIDFIELDER","MALE","168","./image/48517.jpg","Stathis Aloneftis","MIDFIELDER","7","Aloneftis","33","65","Chypre","Milieu","Stathis","Aloneftis","Stathis Aloneftis","Aloneftis","200033","./assoc/200033_CYP.svg","./logo/50118.png","UEFA","CYP","50118","FAME","APOEL","","https://img.uefa.com/imgml/TP/teams/logos/70x70/50118.png","https://img.uefa.com/imgml/TP/teams/logos/240x240/50118.png","250118","APO","DOMESTIC_MEN_TEAM_A","","DOMESTIC","Chypre","APOEL","APOEL FC","APO","502","MINUTE","6","0","0","61","KILOMETER","29.3","KILOMETER_PER_HOUR"
"250111284","52714","35","1990-02-26","14","Pizarro","ARG","","MIDFIELDER","MALE","","./image/250111284.jpg","Guido Pizarro","MIDFIELDER","","Pizarro","","","Argentine","Milieu","Guido","Pizarro","Guido Pizarro","Pizarro","200122","./assoc/200122_ESP.svg","./logo/52714.png","UEFA","ESP","52714","FAME","Sevilla","","https://img.uefa.com/imgml/TP/teams/logos/70x70/52714.png","https://img.uefa.com/imgml/TP/teams/logos/240x240/52714.png","252714","SEV","DOMESTIC_MEN_TEAM_A","","DOMESTIC","Espagne","Sevilla","Sevilla FC","SEV","501","MINUTE","9","1","0","62.19","KILOMETER","29.1","KILOMETER_PER_HOUR"
"63733","50157","40","1985-01-19","6","TOSIC","SRB","FULL_BACK","DEFENDER","MALE","181","./image/63733.jpg","Duško Tošić","DEFENDER","18","Tošić","147","78","Serbie","Défenseur","Duško","Tošić","Duško Tošić","D. Tošić","200135","./assoc/200135_TUR.svg","./logo/50157.png","UEFA","TUR","50157","FAME","Beşiktaş","","https://img.uefa.com/imgml/TP/teams/logos/70x70/50157.png","https://img.uefa.com/imgml/TP/teams/logos/240x240/50157.png","250157","BES","DOMESTIC_MEN_TEAM_A","","DOMESTIC","Turquie","Beşiktaş","Beşiktaş JK","BES","498","MINUTE","7","0","0","53.63","KILOMETER","29.2","KILOMETER_PER_HOUR"
"250097248","52914","34","1991-03-29","7","Kanté","FRA","DEFENSIVE_MIDFIELDER","MIDFIELDER","MALE","169","./image/250097248.jpg","N'Golo Kanté","MIDFIELDER","13","Kanté","43","68","France","Milieu","N'Golo","Kanté","N'Golo Kanté","Kanté","200039","./assoc/200039_ENG.svg","./logo/52914.png","UEFA","ENG","52914","FAME","Chelsea","","https://img.uefa.com/imgml/TP/teams/logos/70x70/52914.png","https://img.uefa.com/imgml/TP/teams/logos/240x240/52914.png","252914","CHE","DOMESTIC_MEN_TEAM_A","","DOMESTIC","Angleterre","Chelsea","Chelsea FC","CHE","498","MINUTE","6","0","0","62.57","KILOMETER","30.8","KILOMETER_PER_HOUR"
"250049803","52714","36","1989-02-22","22","Vazquez","ARG","ATTACKING_MIDFIELDER","MIDFIELDER","MALE","186","./image/250049803.jpg","Franco Vázquez","MIDFIELDER","23","Vázquez","66","82","Argentine","Milieu","Franco","Vázquez","Franco Vázquez","Vázquez","200122","./assoc/200122_ESP.svg","./logo/52714.png","UEFA","ESP","52714","FAME","Sevilla","","https://img.uefa.com/imgml/TP/teams/logos/70x70/52714.png","https://img.uefa.com/imgml/TP/teams/logos/240x240/52714.png","252714","SEV","DOMESTIC_MEN_TEAM_A","","DOMESTIC","Espagne","Sevilla","Sevilla FC","SEV","496","MINUTE","7","0","1","63.15","KILOMETER","27.7","KILOMETER_PER_HOUR"
"250017920","50064","33","1992-01-22","10","ABOUBAKAR","CMR","STRIKER","FORWARD","MALE","184","./image/250017920.jpg","Vincent Aboubakar","FORWARD","10","Aboubakar","23","82","Cameroun","Attaquant","Vincent","Aboubakar","Vincent Aboubakar","Aboubakar","200110","./assoc/200110_POR.svg","./logo/50064.png","UEFA","POR","50064","FAME","Porto","","https://img.uefa.com/imgml/TP/teams/logos/70x70/50064.png","https://img.uefa.com/imgml/TP/teams/logos/240x240/50064.png","250064","POR","DOMESTIC_MEN_TEAM_A","","DOMESTIC","Portugal","Porto","FC Porto","POR","495","MINUTE","6","5","2","55.3","KILOMETER","30.7","KILOMETER_PER_HOUR"
"103546","50139","38","1987-04-09","14","Matuidi","FRA","DEFENSIVE_MIDFIELDER","MIDFIELDER","MALE","175","./image/103546.jpg","Blaise Matuidi","MIDFIELDER","14","Matuidi","43","70","France","Milieu","Blaise","Matuidi","Blaise Matuidi","Matuidi","200066","./assoc/200066_ITA.svg","./logo/50139.png","UEFA","ITA","50139","FAME","Juventus","","https://img.uefa.com/imgml/TP/teams/logos/70x70/50139.png","https://img.uefa.com/imgml/TP/teams/logos/240x240/50139.png","250139","JUV","DOMESTIC_MEN_TEAM_A","","DOMESTIC","Italie","Juventus","Juventus","JUV","494","MINUTE","9","1","0","66.03","KILOMETER","29.7","KILOMETER_PER_HOUR"
"250024795","52919","30","1994-12-08","30","Sterling","ENG","WINGER","MIDFIELDER","MALE","170","./image/250024795.jpg","Raheem Sterling","FORWARD","10","Sterling","39","69","Angleterre","Milieu","Raheem","Sterling","Raheem Sterling","Sterling","200039","./assoc/200039_ENG.svg","./logo/52919.png","UEFA","ENG","52919","FAME","Man City","","https://img.uefa.com/imgml/TP/teams/logos/70x70/52919.png","https://img.uefa.com/imgml/TP/teams/logos/240x240/52919.png","252919","MCI","DOMESTIC_MEN_TEAM_A","","DOMESTIC","Angleterre","Man City","Manchester City","MCI","494","MINUTE","8","4","2","56.84","KILOMETER","32.1","KILOMETER_PER_HOUR"
"250054829","50037","31","1994-08-03","8","Tolisso","FRA","CENTRAL_MIDFIELDER","MIDFIELDER","MALE","181","./image/250054829.jpg","Corentin Tolisso","MIDFIELDER","12","Tolisso","43","78","France","Milieu","Corentin","Tolisso","Corentin Tolisso","Tolisso","200047","./assoc/200047_GER.svg","./logo/50037.png","UEFA","GER","50037","FAME","Bayern München","","https://img.uefa.com/imgml/TP/teams/logos/70x70/50037.png","https://img.uefa.com/imgml/TP/teams/logos/240x240/50037.png","250037","BAY","DOMESTIC_MEN_TEAM_A","","DOMESTIC","Allemagne","Bayern München","FC Bayern München","BAY","494","MINUTE","8","3","2","64.02","KILOMETER","29.6","KILOMETER_PER_HOUR"
"57134","50037","41","1984-01-23","10","Robben","NED","UNKNOWN","MIDFIELDER","MALE","181","./image/57134.jpg","Arjen Robben","FORWARD","11","Robben","95","80","Pays-Bas","Milieu","Arjen","Robben","Arjen Robben","Robben","200047","./assoc/200047_GER.svg","./logo/50037.png","UEFA","GER","50037","FAME","Bayern München","","https://img.uefa.com/imgml/TP/teams/logos/70x70/50037.png","https://img.uefa.com/imgml/TP/teams/logos/240x240/50037.png","250037","BAY","DOMESTIC_MEN_TEAM_A","","DOMESTIC","Allemagne","Bayern München","FC Bayern München","BAY","493","MINUTE","9","0","1","54.66","KILOMETER","30.6","KILOMETER_PER_HOUR"
"98593","50157","40","1984-10-26","3","ADRIANO","BRA","FULL_BACK","DEFENDER","MALE","172","./image/98593.jpg","Adriano","DEFENDER","","Adriano","","73","Brésil","Défenseur","","Adriano","Adriano","Adriano","200135","./assoc/200135_TUR.svg","./logo/50157.png","UEFA","TUR","50157","FAME","Beşiktaş","","https://img.uefa.com/imgml/TP/teams/logos/70x70/50157.png","https://img.uefa.com/imgml/TP/teams/logos/240x240/50157.png","250157","BES","DOMESTIC_MEN_TEAM_A","","DOMESTIC","Turquie","Beşiktaş","Beşiktaş JK","BES","486","MINUTE","6","0","0","52.87","KILOMETER","29.6","KILOMETER_PER_HOUR"
"250050555","57490","33","1991-10-18","39","Bohar","SVN","UNKNOWN","MIDFIELDER","MALE","172","./image/250050555.jpg","Damjan Bohar","FORWARD","15","Bohar","57163","","Slovénie","Milieu","Damjan","Bohar","Damjan Bohar","Bohar","257163","./assoc/257163_SVN.svg","./logo/57490.png","UEFA","SVN","57490","FAME","Maribor","","https://img.uefa.com/imgml/TP/teams/logos/70x70/57490.png","https://img.uefa.com/imgml/TP/teams/logos/240x240/57490.png","257490","MRB","DOMESTIC_MEN_TEAM_A","","DOMESTIC","Slovénie","Maribor","NK Maribor","MRB","483","MINUTE","6","1","0","60.8","KILOMETER","27.8","KILOMETER_PER_HOUR"
"250075765","50147","36","1989-10-06","21","PIZZI","POR","CENTRAL_MIDFIELDER","MIDFIELDER","MALE","172","./image/250075765.jpg","Pizzi","MIDFIELDER","15","Pizzi","110","66","Portugal","Milieu","","Pizzi","Pizzi","Pizzi","200110","./assoc/200110_POR.svg","./logo/50147.png","UEFA","POR","50147","FAME","Benfica","","https://img.uefa.com/imgml/TP/teams/logos/70x70/50147.png","https://img.uefa.com/imgml/TP/teams/logos/240x240/50147.png","250147","BEN","DOMESTIC_MEN_TEAM_A","","DOMESTIC","Portugal","Benfica","SL Benfica","BEN","481","MINUTE","6","0","0","56.2","KILOMETER","28.4","KILOMETER_PER_HOUR"
"250019924","50136","38","1987-05-06","10","MERTENS","BEL","STRIKER","FORWARD","MALE","169","./image/250019924.jpg","Dries Mertens","FORWARD","14","Mertens","13","61","Belgique","Attaquant","Dries","Mertens","Dries Mertens","Mertens","200066","./assoc/200066_ITA.svg","./logo/50136.png","UEFA","ITA","50136","FAME","Napoli","","https://img.uefa.com/imgml/TP/teams/logos/70x70/50136.png","https://img.uefa.com/imgml/TP/teams/logos/240x240/50136.png","250136","NAP","DOMESTIC_MEN_TEAM_A","","DOMESTIC","Italie","Napoli","SSC Napoli","NAP","480","MINUTE","6","2","3","54.75","KILOMETER","31.1","KILOMETER_PER_HOUR"
"1903913","57490","41","1984-03-30","9","Tavares","SVN","UNKNOWN","FORWARD","MALE","175","./image/1903913.jpg","Marcos Tavares","FORWARD","","Morales Tavares","","","Slovénie","Attaquant","Marcos","Tavares","Marcos Tavares","Tavares","257163","./assoc/257163_SVN.svg","./logo/57490.png","UEFA","SVN","57490","FAME","Maribor","","https://img.uefa.com/imgml/TP/teams/logos/70x70/57490.png","https://img.uefa.com/imgml/TP/teams/logos/240x240/57490.png","257490","MRB","DOMESTIC_MEN_TEAM_A","","DOMESTIC","Slovénie","Maribor","NK Maribor","MRB","479","MINUTE","6","1","1","56.42","KILOMETER","25.3","KILOMETER_PER_HOUR"
"250051754","2603790","32","1992-11-03","4","Orbán","HUN","CENTRE_BACK","DEFENDER","MALE","","./image/250051754.jpg","Willi Orbán","DEFENDER","6","Orbán","57","","Hongrie","Défenseur","Willi","Orbán","Willi Orbán","Orbán","200047","./assoc/200047_GER.svg","./logo/2603790.png","UEFA","GER","2603790","FAME","Leipzig","","https://img.uefa.com/imgml/TP/teams/logos/70x70/2603790.png","https://img.uefa.com/imgml/TP/teams/logos/240x240/2603790.png","250002563","RBL","DOMESTIC_MEN_TEAM_A","","DOMESTIC","Allemagne","Leipzig","RB Leipzig","RBL","476","MINUTE","6","1","0","51.1","KILOMETER","28.1","KILOMETER_PER_HOUR"
"1906016","50037","38","1987-05-22","22","Vidal","CHI","UNKNOWN","MIDFIELDER","MALE","180","./image/1906016.jpg","Arturo Vidal","MIDFIELDER","8","Vidal","26","75","Chili","Milieu","Arturo","Vidal","Arturo Vidal","Vidal","200047","./assoc/200047_GER.svg","./logo/50037.png","UEFA","GER","50037","FAME","Bayern München","","https://img.uefa.com/imgml/TP/teams/logos/70x70/50037.png","https://img.uefa.com/imgml/TP/teams/logos/240x240/50037.png","250037","BAY","DOMESTIC_MEN_TEAM_A","","DOMESTIC","Allemagne","Bayern München","FC Bayern München","BAY","475","MINUTE","8","0","0","57.73","KILOMETER","26.3","KILOMETER_PER_HOUR"
"250080570","50051","29","1996-01-21","21","M.ASENSIO","ESP","ATTACKING_MIDFIELDER","FORWARD","MALE","178","./image/250080570.jpg","Marco Asensio","FORWARD","10","M. Asensio","122","70","Espagne","Attaquant","Marco","Asensio","Marco Asensio","Asensio","200122","./assoc/200122_ESP.svg","./logo/50051.png","UEFA","ESP","50051","FAME","Real Madrid","","https://img.uefa.com/imgml/TP/teams/logos/70x70/50051.png","https://img.uefa.com/imgml/TP/teams/logos/240x240/50051.png","250051","RMA","DOMESTIC_MEN_TEAM_A","","DOMESTIC","Espagne","Real Madrid","Real Madrid C.F.","RMA","474","MINUTE","12","1","1","63.47","KILOMETER","31.3","KILOMETER_PER_HOUR"
"250025896","50074","34","1990-12-29","94","Hanni","ALG","ATTACKING_MIDFIELDER","MIDFIELDER","MALE","","./image/250025896.jpg","Sofiane Hanni","MIDFIELDER","","Hanni","3","","Algérie","Milieu","Sofiane","Hanni","Sofiane Hanni","Hanni","200013","./assoc/200013_BEL.svg","./logo/50074.png","UEFA","BEL","50074","FAME","Anderlecht","","https://img.uefa.com/imgml/TP/teams/logos/70x70/50074.png","https://img.uefa.com/imgml/TP/teams/logos/240x240/50074.png","250074","AND","DOMESTIC_MEN_TEAM_A","","DOMESTIC","Belgique","Anderlecht","RSC Anderlecht","AND","471","MINUTE","6","1","0","56.45","KILOMETER","27.6","KILOMETER_PER_HOUR"
"250064062","54266","32","1993-10-09","11","Coelho Santos","BRA","WINGER","FORWARD","MALE","178","./image/250064062.jpg","Vitinho","MIDFIELDER","","Coelho Santos","","","Brésil","Attaquant","","Vitinho","Vitinho","Vitinho","257451","./assoc/257451_RUS.svg","./logo/54266.png","UEFA","RUS","54266","FAME","CSKA Moskva","","https://img.uefa.com/imgml/TP/teams/logos/70x70/54266.png","https://img.uefa.com/imgml/TP/teams/logos/240x240/54266.png","254266","CSM","DOMESTIC_MEN_TEAM_A","","DOMESTIC","Russie","CSKA Moskva","PFC CSKA Moskva","CSM","468","MINUTE","6","2","1","53.25","KILOMETER","29.9","KILOMETER_PER_HOUR"
"70098","50023","39","1986-09-08","8","J. Moutinho","POR","CENTRAL_MIDFIELDER","MIDFIELDER","MALE","171","./image/70098.jpg","João Moutinho","MIDFIELDER","8","J. Moutinho","110","61","Portugal","Milieu","João","Moutinho","João Moutinho","João Moutinho","200043","./assoc/200043_FRA.svg","./logo/50023.png","UEFA","FRA","50023","FAME","Monaco","","https://img.uefa.com/imgml/TP/teams/logos/70x70/50023.png","https://img.uefa.com/imgml/TP/teams/logos/240x240/50023.png","250023","MON","DOMESTIC_MEN_TEAM_A","","DOMESTIC","France","Monaco","AS Monaco","MON","467","MINUTE","6","0","1","55.02","KILOMETER","25.7","KILOMETER_PER_HOUR"
"250059137","50118","31","1994-09-08","29","Zahid","NOR","STRIKER","MIDFIELDER","MALE","","./image/250059137.jpg","Ghayas Zahid","FORWARD","10","Zahid","101","","Norvège","Milieu","Ghayas","Zahid","Ghayas Zahid","Zahid","200033","./assoc/200033_CYP.svg","./logo/50118.png","UEFA","CYP","50118","FAME","APOEL","","https://img.uefa.com/imgml/TP/teams/logos/70x70/50118.png","https://img.uefa.com/imgml/TP/teams/logos/240x240/50118.png","250118","APO","DOMESTIC_MEN_TEAM_A","","DOMESTIC","Chypre","APOEL","APOEL FC","APO","467","MINUTE","6","0","0","64.63","KILOMETER","30.5","KILOMETER_PER_HOUR"
"250014668","52749","33","1991-12-19","23","Berghuis","NED","WINGER","FORWARD","MALE","182","./image/250014668.jpg","Steven Berghuis","FORWARD","11","Berghuis","95","75","Pays-Bas","Attaquant","Steven","Berghuis","Steven Berghuis","Berghuis","200095","./assoc/200095_NED.svg","./logo/52749.png","UEFA","NED","52749","FAME","Feyenoord","","https://img.uefa.com/imgml/TP/teams/logos/70x70/52749.png","https://img.uefa.com/imgml/TP/teams/logos/240x240/52749.png","252749","FEY","DOMESTIC_MEN_TEAM_A","","DOMESTIC","Pays-Bas","Feyenoord","Feyenoord","FEY","465","MINUTE","6","1","2","53.57","KILOMETER","30.1","KILOMETER_PER_HOUR"
"73965","50136","38","1987-07-27","17","Hamsik","SVK","ATTACKING_MIDFIELDER","MIDFIELDER","MALE","183","./image/73965.jpg","Marek Hamšík","","17","","58836","79","Slovaquie","Milieu","Marek","Hamšík","Marek Hamšík","Hamšík","200066","./assoc/200066_ITA.svg","./logo/50136.png","UEFA","ITA","50136","FAME","Napoli","","https://img.uefa.com/imgml/TP/teams/logos/70x70/50136.png","https://img.uefa.com/imgml/TP/teams/logos/240x240/50136.png","250136","NAP","DOMESTIC_MEN_TEAM_A","","DOMESTIC","Italie","Napoli","SSC Napoli","NAP","465","MINUTE","6","0","0","63.43","KILOMETER","26.6","KILOMETER_PER_HOUR"
"250018116","7889","34","1991-08-08","32","Matip","CMR","UNKNOWN","DEFENDER","MALE","192","./image/250018116.jpg","Joël Matip","DEFENDER","21","Matip","","","Cameroun","Défenseur","Joël","Matip","Joël Matip","Matip","200039","./assoc/200039_ENG.svg","./logo/7889.png","UEFA","ENG","7889","FAME","Liverpool","","https://img.uefa.com/imgml/TP/teams/logos/70x70/7889.png","https://img.uefa.com/imgml/TP/teams/logos/240x240/7889.png","207889","LIV","DOMESTIC_MEN_TEAM_A","","DOMESTIC","Angleterre","Liverpool","Liverpool FC","LIV","465","MINUTE","6","0","0","48.25","KILOMETER","27.5","KILOMETER_PER_HOUR"
"106810","50118","39","1986-05-16","16","VINICIUS","BRA","CENTRAL_MIDFIELDER","MIDFIELDER","MALE","186","./image/106810.jpg","Vinicius","MIDFIELDER","","Vinicius","","74","Brésil","Milieu","","Vinicius","Vinicius","Vinicius","200033","./assoc/200033_CYP.svg","./logo/50118.png","UEFA","CYP","50118","FAME","APOEL","","https://img.uefa.com/imgml/TP/teams/logos/70x70/50118.png","https://img.uefa.com/imgml/TP/teams/logos/240x240/50118.png","250118","APO","DOMESTIC_MEN_TEAM_A","","DOMESTIC","Chypre","APOEL","APOEL FC","APO","464","MINUTE","6","0","0","60.12","KILOMETER","26.6","KILOMETER_PER_HOUR"
"250066239","50149","30","1995-05-11","10","Gelson.M","POR","ATTACKING_MIDFIELDER","FORWARD","MALE","186","./image/250066239.jpg","Gelson Martins","MIDFIELDER","18","Gelson M.","110","","Portugal","Attaquant","","Gelson Martins","Gelson Martins","Gelson Martins","200110","./assoc/200110_POR.svg","./logo/50149.png","UEFA","POR","50149","FAME","Sporting CP","","https://img.uefa.com/imgml/TP/teams/logos/70x70/50149.png","https://img.uefa.com/imgml/TP/teams/logos/240x240/50149.png","250149","SPO","DOMESTIC_MEN_TEAM_A","","DOMESTIC","Portugal","Sporting CP","Sporting Clube de Portugal","SPO","463","MINUTE","6","1","3","57.06","KILOMETER","30.2","KILOMETER_PER_HOUR"
"97687","50050","38","1986-12-13","33","Lustig","SWE","FULL_BACK","DEFENDER","MALE","189","./image/97687.jpg","Mikael Lustig","DEFENDER","2","Lustig","127","78","Suède","Défenseur","Mikael","Lustig","Mikael Lustig","Lustig","200117","./assoc/200117_SCO.svg","./logo/50050.png","UEFA","SCO","50050","FAME","Celtic","","https://img.uefa.com/imgml/TP/teams/logos/70x70/50050.png","https://img.uefa.com/imgml/TP/teams/logos/240x240/50050.png","250050","CEL","DOMESTIC_MEN_TEAM_A","","DOMESTIC","Écosse","Celtic","Celtic FC","CEL","463","MINUTE","6","0","0","53.77","KILOMETER","28.5","KILOMETER_PER_HOUR"
"250057119","2603790","34","1991-09-27","23","Halstenberg","GER","FULL_BACK","DEFENDER","MALE","","./image/250057119.jpg","Marcel Halstenberg","DEFENDER","3","Halstenberg","47","","Allemagne","Défenseur","Marcel","Halstenberg","Marcel Halstenberg","Halstenberg","200047","./assoc/200047_GER.svg","./logo/2603790.png","UEFA","GER","2603790","FAME","Leipzig","","https://img.uefa.com/imgml/TP/teams/logos/70x70/2603790.png","https://img.uefa.com/imgml/TP/teams/logos/240x240/2603790.png","250002563","RBL","DOMESTIC_MEN_TEAM_A","","DOMESTIC","Allemagne","Leipzig","RB Leipzig","RBL","462","MINUTE","6","0","1","53.15","KILOMETER","29.9","KILOMETER_PER_HOUR"
"250081372","50137","35","1990-03-01","33","Peres","BRA","FULL_BACK","DEFENDER","MALE","178","./image/250081372.jpg","Bruno Peres","DEFENDER","","Da Silva Peres","","72","Brésil","Défenseur","","Bruno Peres","Bruno Peres","Bruno Peres","200066","./assoc/200066_ITA.svg","./logo/50137.png","UEFA","ITA","50137","FAME","Roma","","https://img.uefa.com/imgml/TP/teams/logos/70x70/50137.png","https://img.uefa.com/imgml/TP/teams/logos/240x240/50137.png","250137","ROM","DOMESTIC_MEN_TEAM_A","","DOMESTIC","Italie","Roma","AS Roma","ROM","462","MINUTE","6","0","0","49.94","KILOMETER","30.6","KILOMETER_PER_HOUR"
"99350","50139","39","1986-05-21","9","MANDŽUKIĆ","CRO","STRIKER","FORWARD","MALE","190","./image/99350.jpg","Mario Mandžukić","","17","","56370","85","Croatie","Attaquant","Mario","Mandžukić","Mario Mandžukić","Mandžukić","200066","./assoc/200066_ITA.svg","./logo/50139.png","UEFA","ITA","50139","FAME","Juventus","","https://img.uefa.com/imgml/TP/teams/logos/70x70/50139.png","https://img.uefa.com/imgml/TP/teams/logos/240x240/50139.png","250139","JUV","DOMESTIC_MEN_TEAM_A","","DOMESTIC","Italie","Juventus","Juventus","JUV","457","MINUTE","6","4","0","50.43","KILOMETER","30.2","KILOMETER_PER_HOUR"
"250041718","52914","29","1996-04-10","15","Christensen","DEN","CENTRE_BACK","DEFENDER","MALE","188","./image/250041718.jpg","Andreas  Christensen","DEFENDER","6","Christensen","35","74","Danemark","Défenseur","Andreas","Christensen","Andreas  Christensen","Christensen","200039","./assoc/200039_ENG.svg","./logo/52914.png","UEFA","ENG","52914","FAME","Chelsea","","https://img.uefa.com/imgml/TP/teams/logos/70x70/52914.png","https://img.uefa.com/imgml/TP/teams/logos/240x240/52914.png","252914","CHE","DOMESTIC_MEN_TEAM_A","","DOMESTIC","Angleterre","Chelsea","Chelsea FC","CHE","454","MINUTE","6","0","0","49.96","KILOMETER","29.9","KILOMETER_PER_HOUR"
"250058260","2603790","29","1996-06-03","16","Klostermann","GER","FULL_BACK","DEFENDER","MALE","","./image/250058260.jpg","Lukas Klostermann","DEFENDER","16","Klostermann","47","","Allemagne","Défenseur","Lukas","Klostermann","Lukas Klostermann","Klostermann","200047","./assoc/200047_GER.svg","./logo/2603790.png","UEFA","GER","2603790","FAME","Leipzig","","https://img.uefa.com/imgml/TP/teams/logos/70x70/2603790.png","https://img.uefa.com/imgml/TP/teams/logos/240x240/2603790.png","250002563","RBL","DOMESTIC_MEN_TEAM_A","","DOMESTIC","Allemagne","Leipzig","RB Leipzig","RBL","453","MINUTE","6","0","0","54.66","KILOMETER","29.5","KILOMETER_PER_HOUR"
"250064233","52919","31","1994-05-28","5","Stones","ENG","CENTRE_BACK","DEFENDER","MALE","188","./image/250064233.jpg","John Stones","DEFENDER","5","Stones","39","70","Angleterre","Défenseur","John","Stones","John Stones","Stones","200039","./assoc/200039_ENG.svg","./logo/52919.png","UEFA","ENG","52919","FAME","Man City","","https://img.uefa.com/imgml/TP/teams/logos/70x70/52919.png","https://img.uefa.com/imgml/TP/teams/logos/240x240/52919.png","252919","MCI","DOMESTIC_MEN_TEAM_A","","DOMESTIC","Angleterre","Man City","Manchester City","MCI","450","MINUTE","5","3","0","52.32","KILOMETER","30.3","KILOMETER_PER_HOUR"
"99720","54266","39","1986-06-25","86","","SWE","DEFENSIVE_MIDFIELDER","MIDFIELDER","MALE","187","./image/99720.jpg","Pontus Wernbloom","MIDFIELDER","16","Wernbloom","","85","Suède","Milieu","Pontus","Wernbloom","Pontus Wernbloom","Wernbloom","257451","./assoc/257451_RUS.svg","./logo/54266.png","UEFA","RUS","54266","FAME","CSKA Moskva","","https://img.uefa.com/imgml/TP/teams/logos/70x70/54266.png","https://img.uefa.com/imgml/TP/teams/logos/240x240/54266.png","254266","CSM","DOMESTIC_MEN_TEAM_A","","DOMESTIC","Russie","CSKA Moskva","PFC CSKA Moskva","CSM","450","MINUTE","5","1","0","54.24","KILOMETER","26.6","KILOMETER_PER_HOUR"
"73874","52758","37","1988-06-09","15","Sokratis","GRE","CENTRE_BACK","DEFENDER","MALE","185","./image/73874.jpg","Sokratis Papastathopoulos","DEFENDER","19","Sokratis","49","82","Grèce","Défenseur","Sokratis","Papastathopoulos","Sokratis Papastathopoulos","Papastathopoulos","200047","./assoc/200047_GER.svg","./logo/52758.png","UEFA","GER","52758","FAME","B. Dortmund","","https://img.uefa.com/imgml/TP/teams/logos/70x70/52758.png","https://img.uefa.com/imgml/TP/teams/logos/240x240/52758.png","252758","BVB","DOMESTIC_MEN_TEAM_A","","DOMESTIC","Allemagne","B. Dortmund","Borussia Dortmund","BVB","450","MINUTE","5","1","0","49.69","KILOMETER","31.4","KILOMETER_PER_HOUR"
"69168","50136","40","1985-09-04","3","R. Albiol","ESP","CENTRE_BACK","DEFENDER","MALE","190","./image/69168.jpg","Raúl Albiol","DEFENDER","3","R. Albiol","122","82","Espagne","Défenseur","Raúl","Albiol","Raúl Albiol","Albiol","200066","./assoc/200066_ITA.svg","./logo/50136.png","UEFA","ITA","50136","FAME","Napoli","","https://img.uefa.com/imgml/TP/teams/logos/70x70/50136.png","https://img.uefa.com/imgml/TP/teams/logos/240x240/50136.png","250136","NAP","DOMESTIC_MEN_TEAM_A","","DOMESTIC","Italie","Napoli","SSC Napoli","NAP","450","MINUTE","5","0","1","50.16","KILOMETER","28.2","KILOMETER_PER_HOUR"
"250030929","50118","39","1986-01-19","50","CARLAO","BRA","CENTRE_BACK","DEFENDER","MALE","183","./image/250030929.jpg","Carlão","MIDFIELDER","","Carlao","","73","Brésil","Défenseur","","Carlão","Carlão","Carlão","200033","./assoc/200033_CYP.svg","./logo/50118.png","UEFA","CYP","50118","FAME","APOEL","","https://img.uefa.com/imgml/TP/teams/logos/70x70/50118.png","https://img.uefa.com/imgml/TP/teams/logos/240x240/50118.png","250118","APO","DOMESTIC_MEN_TEAM_A","","DOMESTIC","Chypre","APOEL","APOEL FC","APO","450","MINUTE","5","0","1","46.74","KILOMETER","29.5","KILOMETER_PER_HOUR"
"250016979","50149","35","1990-10-07","4","S. Coates","URU","CENTRE_BACK","DEFENDER","MALE","196","./image/250016979.jpg","Sebastián Coates","DEFENDER","19","Coates","138","92","Uruguay","Défenseur","Sebastián","Coates","Sebastián Coates","Coates","200110","./assoc/200110_POR.svg","./logo/50149.png","UEFA","POR","50149","FAME","Sporting CP","","https://img.uefa.com/imgml/TP/teams/logos/70x70/50149.png","https://img.uefa.com/imgml/TP/teams/logos/240x240/50149.png","250149","SPO","DOMESTIC_MEN_TEAM_A","","DOMESTIC","Portugal","Sporting CP","Sporting Clube de Portugal","SPO","450","MINUTE","5","0","1","41.82","KILOMETER","28","KILOMETER_PER_HOUR"
"250012942","1652","32","1993-04-24","33","DAVIES","WAL","FULL_BACK","DEFENDER","MALE","181","./image/250012942.jpg","Ben Davies","DEFENDER","4","B. Davies","144","76","Pays de Galles","Défenseur","Ben","Davies","Ben Davies","B. Davies","200039","./assoc/200039_ENG.svg","./logo/1652.png","UEFA","ENG","1652","FAME","Tottenham","","https://img.uefa.com/imgml/TP/teams/logos/70x70/1652.png","https://img.uefa.com/imgml/TP/teams/logos/240x240/1652.png","201652","TOT","DOMESTIC_MEN_TEAM_A","","DOMESTIC","Angleterre","Tottenham","Tottenham Hotspur","TOT","450","MINUTE","5","0","0","56.55","KILOMETER","28.7","KILOMETER_PER_HOUR"
"1907943","50149","33","1992-04-07","14","WILLIAM","POR","DEFENSIVE_MIDFIELDER","MIDFIELDER","MALE","187","./image/1907943.jpg","William Carvalho","MIDFIELDER","14","William","110","83","Portugal","Milieu","","William Carvalho","William Carvalho","William Carvalho","200110","./assoc/200110_POR.svg","./logo/50149.png","UEFA","POR","50149","FAME","Sporting CP","","https://img.uefa.com/imgml/TP/teams/logos/70x70/50149.png","https://img.uefa.com/imgml/TP/teams/logos/240x240/50149.png","250149","SPO","DOMESTIC_MEN_TEAM_A","","DOMESTIC","Portugal","Sporting CP","Sporting Clube de Portugal","SPO","450","MINUTE","5","0","0","54.76","KILOMETER","27.6","KILOMETER_PER_HOUR"
"49083","54266","43","1982-06-20","24","","RUS","CENTRE_BACK","","MALE","189","./image/49083.jpg","Vasili Berezutski","DEFENDER","24","Berezutskiy","57451","87","Russie","","Vasili","Berezutski","Vasili Berezutski","V. Berezutski","257451","./assoc/257451_RUS.svg","./logo/54266.png","UEFA","RUS","54266","FAME","CSKA Moskva","","https://img.uefa.com/imgml/TP/teams/logos/70x70/54266.png","https://img.uefa.com/imgml/TP/teams/logos/240x240/54266.png","254266","CSM","DOMESTIC_MEN_TEAM_A","","DOMESTIC","Russie","CSKA Moskva","PFC CSKA Moskva","CSM","450","MINUTE","5","0","0","51.77","KILOMETER","28","KILOMETER_PER_HOUR"
"106682","50118","40","1985-08-30","3","ROBERTO LAGO","ESP","FULL_BACK","DEFENDER","MALE","178","./image/106682.jpg","Roberto Lago","DEFENDER","","Roberto Lago","","76","Espagne","Défenseur","","Roberto Lago","Roberto Lago","Roberto Lago","200033","./assoc/200033_CYP.svg","./logo/50118.png","UEFA","CYP","50118","FAME","APOEL","","https://img.uefa.com/imgml/TP/teams/logos/70x70/50118.png","https://img.uefa.com/imgml/TP/teams/logos/240x240/50118.png","250118","APO","DOMESTIC_MEN_TEAM_A","","DOMESTIC","Chypre","APOEL","APOEL FC","APO","450","MINUTE","5","0","0","50.95","KILOMETER","30.7","KILOMETER_PER_HOUR"
"250025886","50136","34","1991-06-20","26","Koulibaly","SEN","CENTRE_BACK","DEFENDER","MALE","195","./image/250025886.jpg","Kalidou Koulibaly","DEFENDER","3","Koulibaly","118","89","Sénégal","Défenseur","Kalidou","Koulibaly","Kalidou Koulibaly","Koulibaly","200066","./assoc/200066_ITA.svg","./logo/50136.png","UEFA","ITA","50136","FAME","Napoli","","https://img.uefa.com/imgml/TP/teams/logos/70x70/50136.png","https://img.uefa.com/imgml/TP/teams/logos/240x240/50136.png","250136","NAP","DOMESTIC_MEN_TEAM_A","","DOMESTIC","Italie","Napoli","SSC Napoli","NAP","450","MINUTE","5","0","0","49.71","KILOMETER","29.7","KILOMETER_PER_HOUR"
"250053907","50023","31","1993-10-23","3","Fabinho","BRA","UNKNOWN","MIDFIELDER","MALE","188","./image/250053907.jpg","Fabinho","MIDFIELDER","15","Tavares","18","78","Brésil","Milieu","","Fabinho","Fabinho","Fabinho","200043","./assoc/200043_FRA.svg","./logo/50023.png","UEFA","FRA","50023","FAME","Monaco","","https://img.uefa.com/imgml/TP/teams/logos/70x70/50023.png","https://img.uefa.com/imgml/TP/teams/logos/240x240/50023.png","250023","MON","DOMESTIC_MEN_TEAM_A","","DOMESTIC","France","Monaco","AS Monaco","MON","450","MINUTE","5","0","0","49.13","KILOMETER","29.8","KILOMETER_PER_HOUR"
"250005255","50050","34","1990-11-28","28","Boyata","BEL","CENTRE_BACK","DEFENDER","MALE","188","./image/250005255.jpg","Dedryck Boyata","DEFENDER","4","Boyata","13","84","Belgique","Défenseur","Dedryck","Boyata","Dedryck Boyata","Boyata","200117","./assoc/200117_SCO.svg","./logo/50050.png","UEFA","SCO","50050","FAME","Celtic","","https://img.uefa.com/imgml/TP/teams/logos/70x70/50050.png","https://img.uefa.com/imgml/TP/teams/logos/240x240/50050.png","250050","CEL","DOMESTIC_MEN_TEAM_A","","DOMESTIC","Écosse","Celtic","Celtic FC","CEL","450","MINUTE","5","0","0","48.53","KILOMETER","29.7","KILOMETER_PER_HOUR"
"103696","50068","38","1987-04-24","5","Taşci","GER","CENTRE_BACK","DEFENDER","MALE","186","./image/103696.jpg","Serdar Tasci","DEFENDER","5","Tasci","","80","Allemagne","Défenseur","Serdar","Tasci","Serdar Tasci","Tasci","257451","./assoc/257451_RUS.svg","./logo/50068.png","UEFA","RUS","50068","FAME","Spartak Moskva","","https://img.uefa.com/imgml/TP/teams/logos/70x70/50068.png","https://img.uefa.com/imgml/TP/teams/logos/240x240/50068.png","250068","SPM","DOMESTIC_MEN_TEAM_A","","DOMESTIC","Russie","Spartak Moskva","FC Spartak Moskva","SPM","450","MINUTE","5","0","0","47.97","KILOMETER","25.7","KILOMETER_PER_HOUR"
"250099206","2610","30","1995-07-23","32","Leonardo","GRE","FULL_BACK","DEFENDER","MALE","","./image/250099206.jpg","Leonardo Koutris","DEFENDER","19","Koutris","49","","Grèce","Défenseur","Leonardo","Koutris","Leonardo Koutris","Koutris","200049","./assoc/200049_GRE.svg","./logo/2610.png","UEFA","GRE","2610","FAME","Olympiacos","","https://img.uefa.com/imgml/TP/teams/logos/70x70/2610.png","https://img.uefa.com/imgml/TP/teams/logos/240x240/2610.png","202610","OLY","DOMESTIC_MEN_TEAM_A","","DOMESTIC","Grèce","Olympiacos","Olympiacos FC","OLY","450","MINUTE","5","0","0","47.48","KILOMETER","31","KILOMETER_PER_HOUR"
"250055905","52682","31","1994-07-17","3","Lindelöf","SWE","CENTRE_BACK","DEFENDER","MALE","187","./image/250055905.jpg","Victor Lindelöf","DEFENDER","3","Lindelöf","127","80","Suède","Défenseur","Victor","Lindelöf","Victor Lindelöf","Lindelöf","200039","./assoc/200039_ENG.svg","./logo/52682.png","UEFA","ENG","52682","FAME","Man Utd","","https://img.uefa.com/imgml/TP/teams/logos/70x70/52682.png","https://img.uefa.com/imgml/TP/teams/logos/240x240/52682.png","252682","MUN","DOMESTIC_MEN_TEAM_A","","DOMESTIC","Angleterre","Man Utd","Manchester United","MUN","450","MINUTE","5","0","0","46.48","KILOMETER","29.3","KILOMETER_PER_HOUR"
"63313","57490","42","1983-03-09","4","Šuler","SVN","UNKNOWN","DEFENDER","MALE","187","./image/63313.jpg","Marko Šuler","DEFENDER","4","Šuler","","","Slovénie","Défenseur","Marko","Šuler","Marko Šuler","Šuler","257163","./assoc/257163_SVN.svg","./logo/57490.png","UEFA","SVN","57490","FAME","Maribor","","https://img.uefa.com/imgml/TP/teams/logos/70x70/57490.png","https://img.uefa.com/imgml/TP/teams/logos/240x240/57490.png","257490","MRB","DOMESTIC_MEN_TEAM_A","","DOMESTIC","Slovénie","Maribor","NK Maribor","MRB","450","MINUTE","5","0","0","46.21","KILOMETER","28.2","KILOMETER_PER_HOUR"
"250043858","2610","31","1994-09-15","3","Engels","BEL","CENTRE_BACK","DEFENDER","MALE","193","./image/250043858.jpg","Björn Engels","DEFENDER","4","Engels","13","83","Belgique","Défenseur","Björn","Engels","Björn Engels","Engels","200049","./assoc/200049_GRE.svg","./logo/2610.png","UEFA","GRE","2610","FAME","Olympiacos","","https://img.uefa.com/imgml/TP/teams/logos/70x70/2610.png","https://img.uefa.com/imgml/TP/teams/logos/240x240/2610.png","202610","OLY","DOMESTIC_MEN_TEAM_A","","DOMESTIC","Grèce","Olympiacos","Olympiacos FC","OLY","450","MINUTE","5","0","0","43.6","KILOMETER","26.6","KILOMETER_PER_HOUR"
"95967","52749","43","1982-03-19","25","Jones","AUS","GOALKEEPER","GOALKEEPER","MALE","191","./image/95967.jpg","Brad Jones","GOALKEEPER","18","Jones","7","76","Australie","Gardien","Brad","Jones","Brad Jones","Jones","200095","./assoc/200095_NED.svg","./logo/52749.png","UEFA","NED","52749","FAME","Feyenoord","","https://img.uefa.com/imgml/TP/teams/logos/70x70/52749.png","https://img.uefa.com/imgml/TP/teams/logos/240x240/52749.png","252749","FEY","DOMESTIC_MEN_TEAM_A","","DOMESTIC","Pays-Bas","Feyenoord","Feyenoord","FEY","450","MINUTE","5","0","0","22.61","KILOMETER","23.2","KILOMETER_PER_HOUR"
"64070","2610","42","1983-05-23","24","Proto","BEL","GOALKEEPER","GOALKEEPER","MALE","184","./image/64070.jpg","Silvio Proto","GOALKEEPER","","Proto","","75","Belgique","Gardien","Silvio","Proto","Silvio Proto","Proto","200049","./assoc/200049_GRE.svg","./logo/2610.png","UEFA","GRE","2610","FAME","Olympiacos","","https://img.uefa.com/imgml/TP/teams/logos/70x70/2610.png","https://img.uefa.com/imgml/TP/teams/logos/240x240/2610.png","202610","OLY","DOMESTIC_MEN_TEAM_A","","DOMESTIC","Grèce","Olympiacos","Olympiacos FC","OLY","450","MINUTE","5","0","0","21.57","KILOMETER","25","KILOMETER_PER_HOUR"
"250064239","50064","32","1993-01-17","1","Jose Sa","POR","GOALKEEPER","GOALKEEPER","MALE","192","./image/250064239.jpg","José Sá","GOALKEEPER","12","JOSÉ SÁ","110","84","Portugal","Gardien","","José Sá","José Sá","José Sá","200110","./assoc/200110_POR.svg","./logo/50064.png","UEFA","POR","50064","FAME","Porto","","https://img.uefa.com/imgml/TP/teams/logos/70x70/50064.png","https://img.uefa.com/imgml/TP/teams/logos/240x240/50064.png","250064","POR","DOMESTIC_MEN_TEAM_A","","DOMESTIC","Portugal","Porto","FC Porto","POR","450","MINUTE","5","0","0","19.09","KILOMETER","20.2","KILOMETER_PER_HOUR"
"1908297","50157","34","1991-06-07","23","CENK TOSUN","TUR","STRIKER","FORWARD","MALE","183","./image/1908297.jpg","Cenk Tosun","FORWARD","9","CENK TOSUN","135","78","Turquie","Attaquant","","Cenk Tosun","Cenk Tosun","Cenk Tosun","200135","./assoc/200135_TUR.svg","./logo/50157.png","UEFA","TUR","50157","FAME","Beşiktaş","","https://img.uefa.com/imgml/TP/teams/logos/70x70/50157.png","https://img.uefa.com/imgml/TP/teams/logos/240x240/50157.png","250157","BES","DOMESTIC_MEN_TEAM_A","","DOMESTIC","Turquie","Beşiktaş","Beşiktaş JK","BES","448","MINUTE","6","4","2","48.42","KILOMETER","29.5","KILOMETER_PER_HOUR"
"1902472","52914","39","1985-12-19","24","Cahill","ENG","CENTRE_BACK","DEFENDER","MALE","193","./image/1902472.jpg","Gary Cahill","DEFENDER","5","Cahill","39","86","Angleterre","Défenseur","Gary","Cahill","Gary Cahill","Cahill","200039","./assoc/200039_ENG.svg","./logo/52914.png","UEFA","ENG","52914","FAME","Chelsea","","https://img.uefa.com/imgml/TP/teams/logos/70x70/52914.png","https://img.uefa.com/imgml/TP/teams/logos/240x240/52914.png","252914","CHE","DOMESTIC_MEN_TEAM_A","","DOMESTIC","Angleterre","Chelsea","Chelsea FC","CHE","448","MINUTE","6","0","0","55.07","KILOMETER","29.7","KILOMETER_PER_HOUR"
"250027892","50149","33","1992-09-26","24","Piccini","ITA","FULL_BACK","DEFENDER","MALE","","./image/250027892.jpg","Cristiano Piccini","DEFENDER","2","Piccini","66","","Italie","Défenseur","Cristiano","Piccini","Cristiano Piccini","Piccini","200110","./assoc/200110_POR.svg","./logo/50149.png","UEFA","POR","50149","FAME","Sporting CP","","https://img.uefa.com/imgml/TP/teams/logos/70x70/50149.png","https://img.uefa.com/imgml/TP/teams/logos/240x240/50149.png","250149","SPO","DOMESTIC_MEN_TEAM_A","","DOMESTIC","Portugal","Sporting CP","Sporting Clube de Portugal","SPO","445","MINUTE","5","0","0","47.81","KILOMETER","30.7","KILOMETER_PER_HOUR"
"250079545","2603790","26","1998-10-27","2","Upamecano","FRA","CENTRE_BACK","DEFENDER","MALE","185","./image/250079545.jpg","Dayot Upamecano","DEFENDER","4","Upamecano","43","83","France","Défenseur","Dayot","Upamecano","Dayot Upamecano","Upamecano","200047","./assoc/200047_GER.svg","./logo/2603790.png","UEFA","GER","2603790","FAME","Leipzig","","https://img.uefa.com/imgml/TP/teams/logos/70x70/2603790.png","https://img.uefa.com/imgml/TP/teams/logos/240x240/2603790.png","250002563","RBL","DOMESTIC_MEN_TEAM_A","","DOMESTIC","Allemagne","Leipzig","RB Leipzig","RBL","441","MINUTE","5","0","0","48.48","KILOMETER","30","KILOMETER_PER_HOUR"
"1903543","52919","37","1988-06-02","19","Kun Agüero","ARG","UNKNOWN","FORWARD","MALE","172","./image/1903543.jpg","Sergio Agüero","FORWARD","20","Agüero","6","74","Argentine","Attaquant","Sergio","Agüero","Sergio Agüero","Agüero","200039","./assoc/200039_ENG.svg","./logo/52919.png","UEFA","ENG","52919","FAME","Man City","","https://img.uefa.com/imgml/TP/teams/logos/70x70/52919.png","https://img.uefa.com/imgml/TP/teams/logos/240x240/52919.png","252919","MCI","DOMESTIC_MEN_TEAM_A","","DOMESTIC","Angleterre","Man City","Manchester City","MCI","440","MINUTE","7","4","1","48.81","KILOMETER","29.3","KILOMETER_PER_HOUR"
"250086907","50064","34","1991-04-14","11","Marega","MLI","STRIKER","FORWARD","MALE","","./image/250086907.jpg","Moussa Marega","FORWARD","","Marega","","","Mali","Attaquant","Moussa","Marega","Moussa Marega","Marega","200110","./assoc/200110_POR.svg","./logo/50064.png","UEFA","POR","50064","FAME","Porto","","https://img.uefa.com/imgml/TP/teams/logos/70x70/50064.png","https://img.uefa.com/imgml/TP/teams/logos/240x240/50064.png","250064","POR","DOMESTIC_MEN_TEAM_A","","DOMESTIC","Portugal","Porto","FC Porto","POR","440","MINUTE","6","0","2","50.44","KILOMETER","31.4","KILOMETER_PER_HOUR"
"101415","50068","41","1984-02-09","38","Eshchenko","RUS","FULL_BACK","DEFENDER","MALE","","./image/101415.jpg","Andrei Eschenko","DEFENDER","22","Eshchenko","","","Russie","Défenseur","Andrei","Eschenko","Andrei Eschenko","Eschenko","257451","./assoc/257451_RUS.svg","./logo/50068.png","UEFA","RUS","50068","FAME","Spartak Moskva","","https://img.uefa.com/imgml/TP/teams/logos/70x70/50068.png","https://img.uefa.com/imgml/TP/teams/logos/240x240/50068.png","250068","SPM","DOMESTIC_MEN_TEAM_A","","DOMESTIC","Russie","Spartak Moskva","FC Spartak Moskva","SPM","440","MINUTE","5","0","1","55.17","KILOMETER","30","KILOMETER_PER_HOUR"
"65012","50149","41","1983-10-29","22","Mathieu","FRA","CENTRE_BACK","DEFENDER","MALE","189","./image/65012.jpg","Jérémy Mathieu","DEFENDER","5","Mathieu","43","84","France","Défenseur","Jérémy","Mathieu","Jérémy Mathieu","Mathieu","200110","./assoc/200110_POR.svg","./logo/50149.png","UEFA","POR","50149","FAME","Sporting CP","","https://img.uefa.com/imgml/TP/teams/logos/70x70/50149.png","https://img.uefa.com/imgml/TP/teams/logos/240x240/50149.png","250149","SPO","DOMESTIC_MEN_TEAM_A","","DOMESTIC","Portugal","Sporting CP","Sporting Clube de Portugal","SPO","437","MINUTE","5","0","0","41.05","KILOMETER","29.4","KILOMETER_PER_HOUR"
"1909099","50157","33","1992-09-23","10","O.Özyakup","TUR","CENTRAL_MIDFIELDER","MIDFIELDER","MALE","180","./image/1909099.jpg","Oğuzhan Özyakup","MIDFIELDER","8","OĞUZHAN","135","75","Turquie","Milieu","","Oğuzhan Özyakup","Oğuzhan Özyakup","Oğuzhan Özyakup","200135","./assoc/200135_TUR.svg","./logo/50157.png","UEFA","TUR","50157","FAME","Beşiktaş","","https://img.uefa.com/imgml/TP/teams/logos/70x70/50157.png","https://img.uefa.com/imgml/TP/teams/logos/240x240/50157.png","250157","BES","DOMESTIC_MEN_TEAM_A","","DOMESTIC","Turquie","Beşiktaş","Beşiktaş JK","BES","435","MINUTE","7","0","0","54.88","KILOMETER","28.4","KILOMETER_PER_HOUR"
"250086316","50124","32","1993-06-13","16","T. Partey","GHA","DEFENSIVE_MIDFIELDER","MIDFIELDER","MALE","185","./image/250086316.jpg","Thomas Partey","MIDFIELDER","5","Partey","48","73","Ghana","Milieu","Thomas","Partey","Thomas Partey","Partey","200122","./assoc/200122_ESP.svg","./logo/50124.png","UEFA","ESP","50124","FAME","Atleti","","https://img.uefa.com/imgml/TP/teams/logos/70x70/50124.png","https://img.uefa.com/imgml/TP/teams/logos/240x240/50124.png","250124","ATM","DOMESTIC_MEN_TEAM_A","","DOMESTIC","Espagne","Atleti","Atlético de Madrid","ATM","435","MINUTE","6","1","0","52.01","KILOMETER","27.7","KILOMETER_PER_HOUR"
"250111308","50149","33","1991-10-28","19","Acuña","ARG","ATTACKING_MIDFIELDER","DEFENDER","MALE","","./image/250111308.jpg","Marcos Acuña","MIDFIELDER","8","Acuña","6","","Argentine","Défenseur","Marcos","Acuña","Marcos Acuña","Acuña","200110","./assoc/200110_POR.svg","./logo/50149.png","UEFA","POR","50149","FAME","Sporting CP","","https://img.uefa.com/imgml/TP/teams/logos/70x70/50149.png","https://img.uefa.com/imgml/TP/teams/logos/240x240/50149.png","250149","SPO","DOMESTIC_MEN_TEAM_A","","DOMESTIC","Portugal","Sporting CP","Sporting Clube de Portugal","SPO","433","MINUTE","5","0","1","49.42","KILOMETER","30.8","KILOMETER_PER_HOUR"
"250017120","50157","38","1987-08-03","6","MEDEL","CHI","DEFENSIVE_MIDFIELDER","DEFENDER","MALE","171","./image/250017120.jpg","Gary Medel","MIDFIELDER","17","Medel","26","74","Chili","Défenseur","Gary","Medel","Gary Medel","Medel","200135","./assoc/200135_TUR.svg","./logo/50157.png","UEFA","TUR","50157","FAME","Beşiktaş","","https://img.uefa.com/imgml/TP/teams/logos/70x70/50157.png","https://img.uefa.com/imgml/TP/teams/logos/240x240/50157.png","250157","BES","DOMESTIC_MEN_TEAM_A","","DOMESTIC","Turquie","Beşiktaş","Beşiktaş JK","BES","432","MINUTE","8","0","0","46.78","KILOMETER","28.4","KILOMETER_PER_HOUR"
"250027830","50068","33","1992-01-04","24","Promes","NED","WINGER","FORWARD","MALE","","./image/250027830.jpg","Quincy Promes","MIDFIELDER","11","Promes","95","","Pays-Bas","Attaquant","Quincy","Promes","Quincy Promes","Promes","257451","./assoc/257451_RUS.svg","./logo/50068.png","UEFA","RUS","50068","FAME","Spartak Moskva","","https://img.uefa.com/imgml/TP/teams/logos/70x70/50068.png","https://img.uefa.com/imgml/TP/teams/logos/240x240/50068.png","250068","SPM","DOMESTIC_MEN_TEAM_A","","DOMESTIC","Russie","Spartak Moskva","FC Spartak Moskva","SPM","430","MINUTE","5","2","2","51.73","KILOMETER","29.4","KILOMETER_PER_HOUR"
"1905688","52914","37","1988-08-09","18","Willian","BRA","WINGER","MIDFIELDER","MALE","173","./image/1905688.jpg","Willian","MIDFIELDER","19","Willian","18","71","Brésil","Milieu","","Willian","Willian","Willian","200039","./assoc/200039_ENG.svg","./logo/52914.png","UEFA","ENG","52914","FAME","Chelsea","","https://img.uefa.com/imgml/TP/teams/logos/70x70/52914.png","https://img.uefa.com/imgml/TP/teams/logos/240x240/52914.png","252914","CHE","DOMESTIC_MEN_TEAM_A","","DOMESTIC","Angleterre","Chelsea","Chelsea FC","CHE","429","MINUTE","8","3","1","50.17","KILOMETER","32","KILOMETER_PER_HOUR"
"250058217","1652","29","1996-04-11","20","Dele","ENG","ATTACKING_MIDFIELDER","MIDFIELDER","MALE","188","./image/250058217.jpg","Dele Alli","MIDFIELDER","20","Dele","39","73","Angleterre","Milieu","Dele","Alli","Dele Alli","Alli","200039","./assoc/200039_ENG.svg","./logo/1652.png","UEFA","ENG","1652","FAME","Tottenham","","https://img.uefa.com/imgml/TP/teams/logos/70x70/1652.png","https://img.uefa.com/imgml/TP/teams/logos/240x240/1652.png","201652","TOT","DOMESTIC_MEN_TEAM_A","","DOMESTIC","Angleterre","Tottenham","Tottenham Hotspur","TOT","428","MINUTE","5","2","3","55.9","KILOMETER","29.7","KILOMETER_PER_HOUR"
"69173","52714","39","1985-11-21","16","J. Navas","ESP","FULL_BACK","FORWARD","MALE","170","./image/69173.jpg","Jesús Navas","FORWARD","22","J. Navas","122","60","Espagne","Attaquant","","Jesús Navas","Jesús Navas","Jesús Navas","200122","./assoc/200122_ESP.svg","./logo/52714.png","UEFA","ESP","52714","FAME","Sevilla","","https://img.uefa.com/imgml/TP/teams/logos/70x70/52714.png","https://img.uefa.com/imgml/TP/teams/logos/240x240/52714.png","252714","SEV","DOMESTIC_MEN_TEAM_A","","DOMESTIC","Espagne","Sevilla","Sevilla FC","SEV","426","MINUTE","8","0","0","53.73","KILOMETER","31.5","KILOMETER_PER_HOUR"
"250043463","1652","33","1992-07-08","7","Son","KOR","WINGER","MIDFIELDER","MALE","183","./image/250043463.jpg","Heung-Min Son","FORWARD","7","HM SON","74","77","République de Corée","Milieu","Heung-Min","Son","Heung-Min Son","Son","200039","./assoc/200039_ENG.svg","./logo/1652.png","UEFA","ENG","1652","FAME","Tottenham","","https://img.uefa.com/imgml/TP/teams/logos/70x70/1652.png","https://img.uefa.com/imgml/TP/teams/logos/240x240/1652.png","201652","TOT","DOMESTIC_MEN_TEAM_A","","DOMESTIC","Angleterre","Tottenham","Tottenham Hotspur","TOT","426","MINUTE","7","4","0","51.77","KILOMETER","31.4","KILOMETER_PER_HOUR"
"64257","52919","39","1986-01-08","21","Silva","ESP","ATTACKING_MIDFIELDER","MIDFIELDER","MALE","173","./image/64257.jpg","David Silva","MIDFIELDER","21","Silva","122","67","Espagne","Milieu","","David Silva","David Silva","David Silva","200039","./assoc/200039_ENG.svg","./logo/52919.png","UEFA","ENG","52919","FAME","Man City","","https://img.uefa.com/imgml/TP/teams/logos/70x70/52919.png","https://img.uefa.com/imgml/TP/teams/logos/240x240/52919.png","252919","MCI","DOMESTIC_MEN_TEAM_A","","DOMESTIC","Angleterre","Man City","Manchester City","MCI","426","MINUTE","7","0","2","54.44","KILOMETER","26.5","KILOMETER_PER_HOUR"
"250068846","1652","29","1996-02-02","8","Winks","ENG","CENTRAL_MIDFIELDER","MIDFIELDER","MALE","178","./image/250068846.jpg","Harry Winks","MIDFIELDER","19","Winks","39","","Angleterre","Milieu","Harry","Winks","Harry Winks","Winks","200039","./assoc/200039_ENG.svg","./logo/1652.png","UEFA","ENG","1652","FAME","Tottenham","","https://img.uefa.com/imgml/TP/teams/logos/70x70/1652.png","https://img.uefa.com/imgml/TP/teams/logos/240x240/1652.png","201652","TOT","DOMESTIC_MEN_TEAM_A","","DOMESTIC","Angleterre","Tottenham","Tottenham Hotspur","TOT","426","MINUTE","5","0","0","54.42","KILOMETER","28.4","KILOMETER_PER_HOUR"
"250049751","60609","35","1990-02-15","9","Dino","RSA","STRIKER","FORWARD","MALE","183","./image/250049751.jpg","Dino Ndlovu","FORWARD","","Ndlovu","","80","Afrique du Sud","Attaquant","Dino","Ndlovu","Dino Ndlovu","Ndlovu","257154","./assoc/257154_AZE.svg","./logo/60609.png","UEFA","AZE","60609","FAME","Qarabağ","","https://img.uefa.com/imgml/TP/teams/logos/70x70/60609.png","https://img.uefa.com/imgml/TP/teams/logos/240x240/60609.png","260609","QAR","DOMESTIC_MEN_TEAM_A","","DOMESTIC","Azerbaïdjan","Qarabağ","Qarabağ FK","QAR","425","MINUTE","5","0","1","49.04","KILOMETER","31.5","KILOMETER_PER_HOUR"
"250105976","50068","31","1993-11-21","14","Dzhikiia","RUS","CENTRE_BACK","DEFENDER","MALE","","./image/250105976.jpg","Georgi Dzhikiya","DEFENDER","14","Dzhikiia","57451","","Russie","Défenseur","Georgi","Dzhikiya","Georgi Dzhikiya","Dzhikiya","257451","./assoc/257451_RUS.svg","./logo/50068.png","UEFA","RUS","50068","FAME","Spartak Moskva","","https://img.uefa.com/imgml/TP/teams/logos/70x70/50068.png","https://img.uefa.com/imgml/TP/teams/logos/240x240/50068.png","250068","SPM","DOMESTIC_MEN_TEAM_A","","DOMESTIC","Russie","Spartak Moskva","FC Spartak Moskva","SPM","420","MINUTE","5","0","0","47.5","KILOMETER","30.5","KILOMETER_PER_HOUR"
"250073741","2603790","30","1995-02-10","5","Keita","GUI","CENTRAL_MIDFIELDER","MIDFIELDER","MALE","172","./image/250073741.jpg","Naby Keïta","MIDFIELDER","","Keita","","","Guinée","Milieu","Naby","Keïta","Naby Keïta","Keïta","200047","./assoc/200047_GER.svg","./logo/2603790.png","UEFA","GER","2603790","FAME","Leipzig","","https://img.uefa.com/imgml/TP/teams/logos/70x70/2603790.png","https://img.uefa.com/imgml/TP/teams/logos/240x240/2603790.png","250002563","RBL","DOMESTIC_MEN_TEAM_A","","DOMESTIC","Allemagne","Leipzig","RB Leipzig","RBL","419","MINUTE","5","2","0","46.88","KILOMETER","27.8","KILOMETER_PER_HOUR"
"106572","2610","36","1989-02-21","8","ODJIDJA","BEL","DEFENSIVE_MIDFIELDER","MIDFIELDER","MALE","185","./image/106572.jpg","Vadis Odjidja-Ofoe","MIDFIELDER","19","Odjidja","200013","79","Belgique","Milieu","Vadis","Odjidja-Ofoe","Vadis Odjidja-Ofoe","Odjidja-Ofoe","200049","./assoc/200049_GRE.svg","./logo/2610.png","UEFA","GRE","2610","FAME","Olympiacos","","https://img.uefa.com/imgml/TP/teams/logos/70x70/2610.png","https://img.uefa.com/imgml/TP/teams/logos/240x240/2610.png","202610","OLY","DOMESTIC_MEN_TEAM_A","","DOMESTIC","Grèce","Olympiacos","Olympiacos FC","OLY","414","MINUTE","6","1","0","48.69","KILOMETER","28.4","KILOMETER_PER_HOUR"
"250064851","59856","28","1997-03-24","28","PETRETTA","ITA","FULL_BACK","DEFENDER","MALE","","./image/250064851.jpg","Raoul Petretta","DEFENDER","","Petretta","400066","","Italie","Défenseur","Raoul","Petretta","Raoul Petretta","Petretta","200128","./assoc/200128_SUI.svg","./logo/59856.png","UEFA","SUI","59856","FAME","Basel","","https://img.uefa.com/imgml/TP/teams/logos/70x70/59856.png","https://img.uefa.com/imgml/TP/teams/logos/240x240/59856.png","259856","BSL","DOMESTIC_MEN_TEAM_A","","DOMESTIC","Suisse","Basel","FC Basel 1893","BSL","414","MINUTE","5","0","1","48.24","KILOMETER","26.6","KILOMETER_PER_HOUR"
"104584","52682","37","1988-04-28","8","Mata","ESP","ATTACKING_MIDFIELDER","MIDFIELDER","MALE","170","./image/104584.jpg","Juan Mata","FORWARD","13","Mata","122","61","Espagne","Milieu","Juan","Mata","Juan Mata","Mata","200039","./assoc/200039_ENG.svg","./logo/52682.png","UEFA","ENG","52682","FAME","Man Utd","","https://img.uefa.com/imgml/TP/teams/logos/70x70/52682.png","https://img.uefa.com/imgml/TP/teams/logos/240x240/52682.png","252682","MUN","DOMESTIC_MEN_TEAM_A","","DOMESTIC","Angleterre","Man Utd","Manchester United","MUN","411","MINUTE","6","0","1","54.06","KILOMETER","27.7","KILOMETER_PER_HOUR"
"250015966","50139","37","1988-05-26","7","Cuadrado","COL","UNKNOWN","MIDFIELDER","MALE","176","./image/250015966.jpg","Juan Cuadrado","MIDFIELDER","11","Cuadrado","29","66","Colombie","Milieu","Juan","Cuadrado","Juan Cuadrado","Cuadrado","200066","./assoc/200066_ITA.svg","./logo/50139.png","UEFA","ITA","50139","FAME","Juventus","","https://img.uefa.com/imgml/TP/teams/logos/70x70/50139.png","https://img.uefa.com/imgml/TP/teams/logos/240x240/50139.png","250139","JUV","DOMESTIC_MEN_TEAM_A","","DOMESTIC","Italie","Juventus","Juventus","JUV","410","MINUTE","6","1","1","48.74","KILOMETER","30.6","KILOMETER_PER_HOUR"
"1906987","54266","34","1991-04-27","42","Shchennikov","RUS","FULL_BACK","DEFENDER","MALE","180","./image/1906987.jpg","Georgi Schennikov","DEFENDER","23","Shchennikov","57451","75","Russie","Défenseur","Georgi","Schennikov","Georgi Schennikov","Schennikov","257451","./assoc/257451_RUS.svg","./logo/54266.png","UEFA","RUS","54266","FAME","CSKA Moskva","","https://img.uefa.com/imgml/TP/teams/logos/70x70/54266.png","https://img.uefa.com/imgml/TP/teams/logos/240x240/54266.png","254266","CSM","DOMESTIC_MEN_TEAM_A","","DOMESTIC","Russie","CSKA Moskva","PFC CSKA Moskva","CSM","410","MINUTE","5","1","0","50.77","KILOMETER","29.7","KILOMETER_PER_HOUR"
"250014636","2603790","35","1990-10-09","44","Kampl","SVN","CENTRAL_MIDFIELDER","MIDFIELDER","MALE","180","./image/250014636.jpg","Kevin Kampl","MIDFIELDER","10","Kampl","57163","67","Slovénie","Milieu","Kevin","Kampl","Kevin Kampl","Kampl","200047","./assoc/200047_GER.svg","./logo/2603790.png","UEFA","GER","2603790","FAME","Leipzig","","https://img.uefa.com/imgml/TP/teams/logos/70x70/2603790.png","https://img.uefa.com/imgml/TP/teams/logos/240x240/2603790.png","250002563","RBL","DOMESTIC_MEN_TEAM_A","","DOMESTIC","Allemagne","Leipzig","RB Leipzig","RBL","407","MINUTE","6","0","1","51.29","KILOMETER","29.1","KILOMETER_PER_HOUR"
"250111361","50074","28","1997-06-05","7","HENRY","NGA","STRIKER","FORWARD","MALE","","./image/250111361.jpg","Henry Onyekuru","FORWARD","","Onyekuru","100","","Nigeria","Attaquant","Henry","Onyekuru","Henry Onyekuru","Onyekuru","200013","./assoc/200013_BEL.svg","./logo/50074.png","UEFA","BEL","50074","FAME","Anderlecht","","https://img.uefa.com/imgml/TP/teams/logos/70x70/50074.png","https://img.uefa.com/imgml/TP/teams/logos/240x240/50074.png","250074","AND","DOMESTIC_MEN_TEAM_A","","DOMESTIC","Belgique","Anderlecht","RSC Anderlecht","AND","405","MINUTE","6","0","0","46.88","KILOMETER","31.9","KILOMETER_PER_HOUR"
"250038928","50074","30","1995-02-17","8","Gerkens","BEL","CENTRAL_MIDFIELDER","MIDFIELDER","MALE","","./image/250038928.jpg","Pieter Gerkens","MIDFIELDER","5","Gerkens","200013","","Belgique","Milieu","Pieter","Gerkens","Pieter Gerkens","Gerkens","200013","./assoc/200013_BEL.svg","./logo/50074.png","UEFA","BEL","50074","FAME","Anderlecht","","https://img.uefa.com/imgml/TP/teams/logos/70x70/50074.png","https://img.uefa.com/imgml/TP/teams/logos/240x240/50074.png","250074","AND","DOMESTIC_MEN_TEAM_A","","DOMESTIC","Belgique","Anderlecht","RSC Anderlecht","AND","404","MINUTE","5","0","1","55.54","KILOMETER","26.4","KILOMETER_PER_HOUR"
"250013469","2603790","33","1991-10-23","10","Forsberg","SWE","WINGER","FORWARD","MALE","179","./image/250013469.jpg","Emil Forsberg","MIDFIELDER","10","Forsberg","127","78","Suède","Attaquant","Emil","Forsberg","Emil Forsberg","Forsberg","200047","./assoc/200047_GER.svg","./logo/2603790.png","UEFA","GER","2603790","FAME","Leipzig","","https://img.uefa.com/imgml/TP/teams/logos/70x70/2603790.png","https://img.uefa.com/imgml/TP/teams/logos/240x240/2603790.png","250002563","RBL","DOMESTIC_MEN_TEAM_A","","DOMESTIC","Allemagne","Leipzig","RB Leipzig","RBL","402","MINUTE","5","2","0","46.45","KILOMETER","29.1","KILOMETER_PER_HOUR"
"250053887","50080","37","1988-07-25","15","Paulinho","BRA","UNKNOWN","MIDFIELDER","MALE","180","./image/250053887.jpg","Paulinho","MIDFIELDER","8","Bezzera Junior                ","18","81","Brésil","Milieu","","Paulinho","Paulinho","Paulinho","200122","./assoc/200122_ESP.svg","./logo/50080.png","UEFA","ESP","50080","FAME","Barcelona","","https://img.uefa.com/imgml/TP/teams/logos/70x70/50080.png","https://img.uefa.com/imgml/TP/teams/logos/240x240/50080.png","250080","BAR","DOMESTIC_MEN_TEAM_A","","DOMESTIC","Espagne","Barcelona","FC Barcelona","BAR","401","MINUTE","9","0","0","51.13","KILOMETER","26.8","KILOMETER_PER_HOUR"
"250021739","52758","36","1989-03-17","23","Shinji Kagawa","JPN","ATTACKING_MIDFIELDER","MIDFIELDER","MALE","172","./image/250021739.jpg","Shinji Kagawa","MIDFIELDER","10","Kagawa","","63","Japon","Milieu","Shinji","Kagawa","Shinji Kagawa","Kagawa","200047","./assoc/200047_GER.svg","./logo/52758.png","UEFA","GER","52758","FAME","B. Dortmund","","https://img.uefa.com/imgml/TP/teams/logos/70x70/52758.png","https://img.uefa.com/imgml/TP/teams/logos/240x240/52758.png","252758","BVB","DOMESTIC_MEN_TEAM_A","","DOMESTIC","Allemagne","B. Dortmund","Borussia Dortmund","BVB","401","MINUTE","5","0","2","49.66","KILOMETER","28.4","KILOMETER_PER_HOUR"
"250015755","50147","35","1990-07-13","18","Salvio","ARG","WINGER","MIDFIELDER","MALE","173","./image/250015755.jpg","Eduardo Salvio","MIDFIELDER","","Salvio","6","71","Argentine","Milieu","Eduardo","Salvio","Eduardo Salvio","Salvio","200110","./assoc/200110_POR.svg","./logo/50147.png","UEFA","POR","50147","FAME","Benfica","","https://img.uefa.com/imgml/TP/teams/logos/70x70/50147.png","https://img.uefa.com/imgml/TP/teams/logos/240x240/50147.png","250147","BEN","DOMESTIC_MEN_TEAM_A","","DOMESTIC","Portugal","Benfica","SL Benfica","BEN","398","MINUTE","5","0","0","48.58","KILOMETER","29.3","KILOMETER_PER_HOUR"
"250023788","57490","33","1992-02-20","4","","SVN","UNKNOWN","","MALE","","./image/250023788.jpg","Blaž Vrhovec","MIDFIELDER","15","Vrhovec","57163","","Slovénie","","Blaž","Vrhovec","Blaž Vrhovec","Vrhovec","257163","./assoc/257163_SVN.svg","./logo/57490.png","UEFA","SVN","57490","FAME","Maribor","","https://img.uefa.com/imgml/TP/teams/logos/70x70/57490.png","https://img.uefa.com/imgml/TP/teams/logos/240x240/57490.png","257490","MRB","DOMESTIC_MEN_TEAM_A","","DOMESTIC","Slovénie","Maribor","NK Maribor","MRB","394","MINUTE","5","0","0","53.11","KILOMETER","28","KILOMETER_PER_HOUR"
"250025001","57490","31","1994-01-15","8","Pihler","SVN","UNKNOWN","MIDFIELDER","MALE","183","./image/250025001.jpg","Aleks Pihler","MIDFIELDER","14","Pihler","57163","75","Slovénie","Milieu","Aleks","Pihler","Aleks Pihler","Pihler","257163","./assoc/257163_SVN.svg","./logo/57490.png","UEFA","SVN","57490","FAME","Maribor","","https://img.uefa.com/imgml/TP/teams/logos/70x70/57490.png","https://img.uefa.com/imgml/TP/teams/logos/240x240/57490.png","257490","MRB","DOMESTIC_MEN_TEAM_A","","DOMESTIC","Slovénie","Maribor","NK Maribor","MRB","392","MINUTE","6","0","0","51.57","KILOMETER","25.1","KILOMETER_PER_HOUR"
"250024083","50139","32","1992-10-20","2","De Sciglio","ITA","FULL_BACK","DEFENDER","MALE","183","./image/250024083.jpg","Mattia De Sciglio","DEFENDER","2","De Sciglio","66","74","Italie","Défenseur","Mattia","De Sciglio","Mattia De Sciglio","De Sciglio","200066","./assoc/200066_ITA.svg","./logo/50139.png","UEFA","ITA","50139","FAME","Juventus","","https://img.uefa.com/imgml/TP/teams/logos/70x70/50139.png","https://img.uefa.com/imgml/TP/teams/logos/240x240/50139.png","250139","JUV","DOMESTIC_MEN_TEAM_A","","DOMESTIC","Italie","Juventus","Juventus","JUV","392","MINUTE","6","0","0","44.14","KILOMETER","27.9","KILOMETER_PER_HOUR"
"250026037","50136","34","1991-06-04","24","INSIGNE","ITA","STRIKER","FORWARD","MALE","163","./image/250026037.jpg","Lorenzo Insigne","FORWARD","10","Insigne","66","59","Italie","Attaquant","Lorenzo","Insigne","Lorenzo Insigne","Insigne","200066","./assoc/200066_ITA.svg","./logo/50136.png","UEFA","ITA","50136","FAME","Napoli","","https://img.uefa.com/imgml/TP/teams/logos/70x70/50136.png","https://img.uefa.com/imgml/TP/teams/logos/240x240/50136.png","250136","NAP","DOMESTIC_MEN_TEAM_A","","DOMESTIC","Italie","Napoli","SSC Napoli","NAP","391","MINUTE","5","3","0","50.4","KILOMETER","28.9","KILOMETER_PER_HOUR"
"250030690","50074","35","1989-11-22","4","Mbodji","SEN","CENTRE_BACK","DEFENDER","MALE","192","./image/250030690.jpg","Serigne Mbodji","DEFENDER","","Kara Mbodji","","85","Sénégal","Défenseur","Serigne","Mbodji","Serigne Mbodji","Mbodji","200013","./assoc/200013_BEL.svg","./logo/50074.png","UEFA","BEL","50074","FAME","Anderlecht","","https://img.uefa.com/imgml/TP/teams/logos/70x70/50074.png","https://img.uefa.com/imgml/TP/teams/logos/240x240/50074.png","250074","AND","DOMESTIC_MEN_TEAM_A","","DOMESTIC","Belgique","Anderlecht","RSC Anderlecht","AND","391","MINUTE","5","0","0","37.63","KILOMETER","27.9","KILOMETER_PER_HOUR"
"250054949","50037","29","1996-06-13","11","Coman","FRA","WINGER","FORWARD","MALE","178","./image/250054949.jpg","Kingsley Coman","FORWARD","7","Coman","43","71","France","Attaquant","Kingsley","Coman","Kingsley Coman","Coman","200047","./assoc/200047_GER.svg","./logo/50037.png","UEFA","GER","50037","FAME","Bayern München","","https://img.uefa.com/imgml/TP/teams/logos/70x70/50037.png","https://img.uefa.com/imgml/TP/teams/logos/240x240/50037.png","250037","BAY","DOMESTIC_MEN_TEAM_A","","DOMESTIC","Allemagne","Bayern München","FC Bayern München","BAY","389","MINUTE","6","2","3","46.61","KILOMETER","29.6","KILOMETER_PER_HOUR"
"250028211","52914","32","1993-03-03","22","RÜDIGER","GER","CENTRE_BACK","DEFENDER","MALE","190","./image/250028211.jpg","Antonio Rüdiger","DEFENDER","2","Rüdiger","47","85","Allemagne","Défenseur","Antonio","Rüdiger","Antonio Rüdiger","Rüdiger","200039","./assoc/200039_ENG.svg","./logo/52914.png","UEFA","ENG","52914","FAME","Chelsea","","https://img.uefa.com/imgml/TP/teams/logos/70x70/52914.png","https://img.uefa.com/imgml/TP/teams/logos/240x240/52914.png","252914","CHE","DOMESTIC_MEN_TEAM_A","","DOMESTIC","Angleterre","Chelsea","Chelsea FC","CHE","389","MINUTE","6","0","0","44.07","KILOMETER","32.4","KILOMETER_PER_HOUR"
"250002701","52914","38","1987-07-28","9","Pedro","ESP","WINGER","FORWARD","MALE","167","./image/250002701.jpg","Pedro Rodríguez","MIDFIELDER","11","Pedro","122","62","Espagne","Attaquant","","Pedro Rodríguez","Pedro Rodríguez","Pedro Rodríguez","200039","./assoc/200039_ENG.svg","./logo/52914.png","UEFA","ENG","52914","FAME","Chelsea","","https://img.uefa.com/imgml/TP/teams/logos/70x70/52914.png","https://img.uefa.com/imgml/TP/teams/logos/240x240/52914.png","252914","CHE","DOMESTIC_MEN_TEAM_A","","DOMESTIC","Angleterre","Chelsea","Chelsea FC","CHE","388","MINUTE","7","1","2","50.9","KILOMETER","29","KILOMETER_PER_HOUR"
"250026024","50074","34","1991-06-03","91","TEODORCZYK","POL","STRIKER","FORWARD","MALE","185","./image/250026024.jpg","Łukasz Teodorczyk","FORWARD","14","Teodorczyk","109","79","Pologne","Attaquant","Łukasz","Teodorczyk","Łukasz Teodorczyk","Teodorczyk","200013","./assoc/200013_BEL.svg","./logo/50074.png","UEFA","BEL","50074","FAME","Anderlecht","","https://img.uefa.com/imgml/TP/teams/logos/70x70/50074.png","https://img.uefa.com/imgml/TP/teams/logos/240x240/50074.png","250074","AND","DOMESTIC_MEN_TEAM_A","","DOMESTIC","Belgique","Anderlecht","RSC Anderlecht","AND","388","MINUTE","6","0","1","46.16","KILOMETER","28","KILOMETER_PER_HOUR"
"250024349","2603790","31","1994-03-17","20","Sabitzer","AUT","ATTACKING_MIDFIELDER","MIDFIELDER","MALE","177","./image/250024349.jpg","Marcel Sabitzer","MIDFIELDER","9","Sabitzer","8","74","Autriche","Milieu","Marcel","Sabitzer","Marcel Sabitzer","Sabitzer","200047","./assoc/200047_GER.svg","./logo/2603790.png","UEFA","GER","2603790","FAME","Leipzig","","https://img.uefa.com/imgml/TP/teams/logos/70x70/2603790.png","https://img.uefa.com/imgml/TP/teams/logos/240x240/2603790.png","250002563","RBL","DOMESTIC_MEN_TEAM_A","","DOMESTIC","Allemagne","Leipzig","RB Leipzig","RBL","386","MINUTE","5","0","3","45.72","KILOMETER","29.5","KILOMETER_PER_HOUR"
"250054961","50050","29","1996-02-09","10","Ntcham","CMR","CENTRAL_MIDFIELDER","MIDFIELDER","MALE","","./image/250054961.jpg","Olivier Ntcham","MIDFIELDER","22","NTCHAM","23","","Cameroun","Milieu","Olivier","Ntcham","Olivier Ntcham","Ntcham","200117","./assoc/200117_SCO.svg","./logo/50050.png","UEFA","SCO","50050","FAME","Celtic","","https://img.uefa.com/imgml/TP/teams/logos/70x70/50050.png","https://img.uefa.com/imgml/TP/teams/logos/240x240/50050.png","250050","CEL","DOMESTIC_MEN_TEAM_A","","DOMESTIC","Écosse","Celtic","Celtic FC","CEL","384","MINUTE","5","0","2","46.97","KILOMETER","26.9","KILOMETER_PER_HOUR"
"250024456","52914","32","1992-10-23","77","MORATA","ESP","STRIKER","FORWARD","MALE","189","./image/250024456.jpg","Álvaro Morata","FORWARD","7","MORATA","122","85","Espagne","Attaquant","Álvaro","Morata","Álvaro Morata","Morata","200039","./assoc/200039_ENG.svg","./logo/52914.png","UEFA","ENG","52914","FAME","Chelsea","","https://img.uefa.com/imgml/TP/teams/logos/70x70/52914.png","https://img.uefa.com/imgml/TP/teams/logos/240x240/52914.png","252914","CHE","DOMESTIC_MEN_TEAM_A","","DOMESTIC","Angleterre","Chelsea","Chelsea FC","CHE","383","MINUTE","7","1","0","43.93","KILOMETER","31.2","KILOMETER_PER_HOUR"
"250011928","50023","39","1986-02-10","9","Falcao","COL","UNKNOWN","FORWARD","MALE","177","./image/250011928.jpg","Radamel Falcao","FORWARD","","Falcao","29","73","Colombie","Attaquant","Radamel","Falcao","Radamel Falcao","Falcao","200043","./assoc/200043_FRA.svg","./logo/50023.png","UEFA","FRA","50023","FAME","Monaco","","https://img.uefa.com/imgml/TP/teams/logos/70x70/50023.png","https://img.uefa.com/imgml/TP/teams/logos/240x240/50023.png","250023","MON","DOMESTIC_MEN_TEAM_A","","DOMESTIC","France","Monaco","AS Monaco","MON","383","MINUTE","5","3","0","43.53","KILOMETER","27.6","KILOMETER_PER_HOUR"
"250000920","52919","35","1989-11-21","18","Delph","ENG","CENTRAL_MIDFIELDER","MIDFIELDER","MALE","174","./image/250000920.jpg","Fabian Delph","MIDFIELDER","17","Delph","39","60","Angleterre","Milieu","Fabian","Delph","Fabian Delph","Delph","200039","./assoc/200039_ENG.svg","./logo/52919.png","UEFA","ENG","52919","FAME","Man City","","https://img.uefa.com/imgml/TP/teams/logos/70x70/52919.png","https://img.uefa.com/imgml/TP/teams/logos/240x240/52919.png","252919","MCI","DOMESTIC_MEN_TEAM_A","","DOMESTIC","Angleterre","Man City","Manchester City","MCI","383","MINUTE","5","0","0","45.8","KILOMETER","28.6","KILOMETER_PER_HOUR"
"250088019","50068","31","1994-04-07","57","Selikhov","RUS","GOALKEEPER","GOALKEEPER","MALE","","./image/250088019.jpg","Aleksandr Selikhov","GOALKEEPER","1","Selikhov","257451","","Russie","Gardien","Aleksandr","Selikhov","Aleksandr Selikhov","Selikhov","257451","./assoc/257451_RUS.svg","./logo/50068.png","UEFA","RUS","50068","FAME","Spartak Moskva","","https://img.uefa.com/imgml/TP/teams/logos/70x70/50068.png","https://img.uefa.com/imgml/TP/teams/logos/240x240/50068.png","250068","SPM","DOMESTIC_MEN_TEAM_A","","DOMESTIC","Russie","Spartak Moskva","FC Spartak Moskva","SPM","382","MINUTE","5","0","0","20.5","KILOMETER","21","KILOMETER_PER_HOUR"
"250014661","50149","36","1989-05-31","29","Dost","NED","STRIKER","FORWARD","MALE","196","./image/250014661.jpg","Bas Dost","FORWARD","","Dost","95","78","Pays-Bas","Attaquant","Bas","Dost","Bas Dost","Dost","200110","./assoc/200110_POR.svg","./logo/50149.png","UEFA","POR","50149","FAME","Sporting CP","","https://img.uefa.com/imgml/TP/teams/logos/70x70/50149.png","https://img.uefa.com/imgml/TP/teams/logos/240x240/50149.png","250149","SPO","DOMESTIC_MEN_TEAM_A","","DOMESTIC","Portugal","Sporting CP","Sporting Clube de Portugal","SPO","379","MINUTE","6","2","0","42.6","KILOMETER","29.3","KILOMETER_PER_HOUR"
"103709","50050","36","1989-03-25","11","Sinclair","ENG","WINGER","MIDFIELDER","MALE","173","./image/103709.jpg","Scott Sinclair","FORWARD","11","Sinclair","","63","Angleterre","Milieu","Scott","Sinclair","Scott Sinclair","Sinclair","200117","./assoc/200117_SCO.svg","./logo/50050.png","UEFA","SCO","50050","FAME","Celtic","","https://img.uefa.com/imgml/TP/teams/logos/70x70/50050.png","https://img.uefa.com/imgml/TP/teams/logos/240x240/50050.png","250050","CEL","DOMESTIC_MEN_TEAM_A","","DOMESTIC","Écosse","Celtic","Celtic FC","CEL","379","MINUTE","5","1","0","45.32","KILOMETER","28.4","KILOMETER_PER_HOUR"
"69717","60609","38","1986-10-26","52","Kuba","POL","CENTRE_BACK","DEFENDER","MALE","183","./image/69717.jpg","Jakub Rzeźniczak","DEFENDER","","Rzelniczak","200109","82","Pologne","Défenseur","Jakub","Rzeźniczak","Jakub Rzeźniczak","Rzeźniczak","257154","./assoc/257154_AZE.svg","./logo/60609.png","UEFA","AZE","60609","FAME","Qarabağ","","https://img.uefa.com/imgml/TP/teams/logos/70x70/60609.png","https://img.uefa.com/imgml/TP/teams/logos/240x240/60609.png","260609","QAR","DOMESTIC_MEN_TEAM_A","","DOMESTIC","Azerbaïdjan","Qarabağ","Qarabağ FK","QAR","379","MINUTE","5","0","0","42.19","KILOMETER","27","KILOMETER_PER_HOUR"
"250000069","52758","35","1989-10-23","7","Yarmolenko","UKR","WINGER","MIDFIELDER","MALE","189","./image/250000069.jpg","Andriy Yarmolenko","MIDFIELDER","7","Yarmolenko","57166","81","Ukraine","Milieu","Andriy","Yarmolenko","Andriy Yarmolenko","Yarmolenko","200047","./assoc/200047_GER.svg","./logo/52758.png","UEFA","GER","52758","FAME","B. Dortmund","","https://img.uefa.com/imgml/TP/teams/logos/70x70/52758.png","https://img.uefa.com/imgml/TP/teams/logos/240x240/52758.png","252758","BVB","DOMESTIC_MEN_TEAM_A","","DOMESTIC","Allemagne","B. Dortmund","Borussia Dortmund","BVB","378","MINUTE","6","1","1","47.78","KILOMETER","29.7","KILOMETER_PER_HOUR"
"250014680","52682","36","1989-08-14","21","Ander Herrera","ESP","CENTRAL_MIDFIELDER","MIDFIELDER","MALE","182","./image/250014680.jpg","Ander Herrera","MIDFIELDER","12","Ander Herrera","122","70","Espagne","Milieu","Ander","Herrera","Ander Herrera","Herrera","200039","./assoc/200039_ENG.svg","./logo/52682.png","UEFA","ENG","52682","FAME","Man Utd","","https://img.uefa.com/imgml/TP/teams/logos/70x70/52682.png","https://img.uefa.com/imgml/TP/teams/logos/240x240/52682.png","252682","MUN","DOMESTIC_MEN_TEAM_A","","DOMESTIC","Angleterre","Man Utd","Manchester United","MUN","376","MINUTE","6","0","0","48.38","KILOMETER","29","KILOMETER_PER_HOUR"
"250087967","52749","28","1996-10-19","3","St. Juste","NED","UNKNOWN","DEFENDER","MALE","","./image/250087967.jpg","Jerry St. Juste","DEFENDER","","St. Juste","95","","Pays-Bas","Défenseur","Jerry","St. Juste","Jerry St. Juste","St. Juste","200095","./assoc/200095_NED.svg","./logo/52749.png","UEFA","NED","52749","FAME","Feyenoord","","https://img.uefa.com/imgml/TP/teams/logos/70x70/52749.png","https://img.uefa.com/imgml/TP/teams/logos/240x240/52749.png","252749","FEY","DOMESTIC_MEN_TEAM_A","","DOMESTIC","Pays-Bas","Feyenoord","Feyenoord","FEY","374","MINUTE","5","1","0","39.8","KILOMETER","31.6","KILOMETER_PER_HOUR"
"250096698","52758","27","1998-09-18","11","PULISIC","USA","UNKNOWN","FORWARD","MALE","172","./image/250096698.jpg","Christian Pulišić","MIDFIELDER","10","Pulisic","140","69","Etats-Unis","Attaquant","Christian","Pulišić","Christian Pulišić","Pulišić","200047","./assoc/200047_GER.svg","./logo/52758.png","UEFA","GER","52758","FAME","B. Dortmund","","https://img.uefa.com/imgml/TP/teams/logos/70x70/52758.png","https://img.uefa.com/imgml/TP/teams/logos/240x240/52758.png","252758","BVB","DOMESTIC_MEN_TEAM_A","","DOMESTIC","Allemagne","B. Dortmund","Borussia Dortmund","BVB","374","MINUTE","5","0","0","44.02","KILOMETER","31.5","KILOMETER_PER_HOUR"
"250058215","7889","28","1997-05-23","2","Gomez","ENG","UNKNOWN","DEFENDER","MALE","","./image/250058215.jpg","Joe Gomez","DEFENDER","22","Gomez","39","","Angleterre","Défenseur","Joe","Gomez","Joe Gomez","Gomez","200039","./assoc/200039_ENG.svg","./logo/7889.png","UEFA","ENG","7889","FAME","Liverpool","","https://img.uefa.com/imgml/TP/teams/logos/70x70/7889.png","https://img.uefa.com/imgml/TP/teams/logos/240x240/7889.png","207889","LIV","DOMESTIC_MEN_TEAM_A","","DOMESTIC","Angleterre","Liverpool","Liverpool FC","LIV","371","MINUTE","5","0","0","43.09","KILOMETER","29.9","KILOMETER_PER_HOUR"
"250101099","50136","28","1997-07-17","21","Diawara","GUI","DEFENSIVE_MIDFIELDER","MIDFIELDER","MALE","184","./image/250101099.jpg","Amadou Diawara","MIDFIELDER","","Diawara","","74","Guinée","Milieu","Amadou","Diawara","Amadou Diawara","Diawara","200066","./assoc/200066_ITA.svg","./logo/50136.png","UEFA","ITA","50136","FAME","Napoli","","https://img.uefa.com/imgml/TP/teams/logos/70x70/50136.png","https://img.uefa.com/imgml/TP/teams/logos/240x240/50136.png","250136","NAP","DOMESTIC_MEN_TEAM_A","","DOMESTIC","Italie","Napoli","SSC Napoli","NAP","370","MINUTE","5","1","0","50.56","KILOMETER","28.4","KILOMETER_PER_HOUR"
"250007605","52758","33","1992-06-03","27","M. GÖTZE","GER","STRIKER","MIDFIELDER","MALE","176","./image/250007605.jpg","Mario Götze","MIDFIELDER","19","Götze","47","64","Allemagne","Milieu","Mario","Götze","Mario Götze","Götze","200047","./assoc/200047_GER.svg","./logo/52758.png","UEFA","GER","52758","FAME","B. Dortmund","","https://img.uefa.com/imgml/TP/teams/logos/70x70/52758.png","https://img.uefa.com/imgml/TP/teams/logos/240x240/52758.png","252758","BVB","DOMESTIC_MEN_TEAM_A","","DOMESTIC","Allemagne","B. Dortmund","Borussia Dortmund","BVB","370","MINUTE","5","0","1","47.6","KILOMETER","28.2","KILOMETER_PER_HOUR"
"250039931","52919","34","1991-07-15","6","Danilo","BRA","UNKNOWN","DEFENDER","MALE","184","./image/250039931.jpg","Danilo","DEFENDER","2","Danilo","18","78","Brésil","Défenseur","","Danilo","Danilo","Danilo","200039","./assoc/200039_ENG.svg","./logo/52919.png","UEFA","ENG","52919","FAME","Man City","","https://img.uefa.com/imgml/TP/teams/logos/70x70/52919.png","https://img.uefa.com/imgml/TP/teams/logos/240x240/52919.png","252919","MCI","DOMESTIC_MEN_TEAM_A","","DOMESTIC","Angleterre","Man City","Manchester City","MCI","368","MINUTE","6","0","0","43.01","KILOMETER","29.9","KILOMETER_PER_HOUR"
"108426","54266","35","1990-06-17","10","Dzagoev","RUS","ATTACKING_MIDFIELDER","MIDFIELDER","MALE","179","./image/108426.jpg","Alan Dzagoev","MIDFIELDER","10","Dzagoev","57451","75","Russie","Milieu","Alan","Dzagoev","Alan Dzagoev","Dzagoev","257451","./assoc/257451_RUS.svg","./logo/54266.png","UEFA","RUS","54266","FAME","CSKA Moskva","","https://img.uefa.com/imgml/TP/teams/logos/70x70/54266.png","https://img.uefa.com/imgml/TP/teams/logos/240x240/54266.png","254266","CSM","DOMESTIC_MEN_TEAM_A","","DOMESTIC","Russie","CSKA Moskva","PFC CSKA Moskva","CSM","368","MINUTE","5","1","0","47.54","KILOMETER","25.7","KILOMETER_PER_HOUR"
"250027193","52914","31","1994-08-17","8","Bakayoko","FRA","DEFENSIVE_MIDFIELDER","MIDFIELDER","MALE","184","./image/250027193.jpg","Tiémoué Bakayoko","MIDFIELDER","4","Bakayoko","43","72","France","Milieu","Tiémoué","Bakayoko","Tiémoué Bakayoko","Bakayoko","200039","./assoc/200039_ENG.svg","./logo/52914.png","UEFA","ENG","52914","FAME","Chelsea","","https://img.uefa.com/imgml/TP/teams/logos/70x70/52914.png","https://img.uefa.com/imgml/TP/teams/logos/240x240/52914.png","252914","CHE","DOMESTIC_MEN_TEAM_A","","DOMESTIC","Angleterre","Chelsea","Chelsea FC","CHE","361","MINUTE","5","1","1","43.02","KILOMETER","27","KILOMETER_PER_HOUR"
"250061619","2610","34","1991-07-01","2","D. Figueiras","POR","FULL_BACK","DEFENDER","MALE","170","./image/250061619.jpg","Diogo Figueiras","DEFENDER","","Figueiras","","62","Portugal","Défenseur","Diogo","Figueiras","Diogo Figueiras","Figueiras","200049","./assoc/200049_GRE.svg","./logo/2610.png","UEFA","GRE","2610","FAME","Olympiacos","","https://img.uefa.com/imgml/TP/teams/logos/70x70/2610.png","https://img.uefa.com/imgml/TP/teams/logos/240x240/2610.png","202610","OLY","DOMESTIC_MEN_TEAM_A","","DOMESTIC","Grèce","Olympiacos","Olympiacos FC","OLY","360","MINUTE","4","0","2","38.49","KILOMETER","31.9","KILOMETER_PER_HOUR"
"104930","52749","40","1985-01-27","8","El Ahmadi","MAR","CENTRAL_MIDFIELDER","MIDFIELDER","MALE","185","./image/104930.jpg","Karim El Ahmadi","MIDFIELDER","","El Ahmadi","92","78","Maroc","Milieu","Karim","El Ahmadi","Karim El Ahmadi","El Ahmadi","200095","./assoc/200095_NED.svg","./logo/52749.png","UEFA","NED","52749","FAME","Feyenoord","","https://img.uefa.com/imgml/TP/teams/logos/70x70/52749.png","https://img.uefa.com/imgml/TP/teams/logos/240x240/52749.png","252749","FEY","DOMESTIC_MEN_TEAM_A","","DOMESTIC","Pays-Bas","Feyenoord","Feyenoord","FEY","360","MINUTE","4","0","0","45.67","KILOMETER","28.2","KILOMETER_PER_HOUR"
"105823","50147","37","1988-08-14","15","Fejsa","SRB","DEFENSIVE_MIDFIELDER","MIDFIELDER","MALE","185","./image/105823.jpg","Ljubomir Fejsa","MIDFIELDER","16","Fejsa","147","80","Serbie","Milieu","Ljubomir","Fejsa","Ljubomir Fejsa","Fejsa","200110","./assoc/200110_POR.svg","./logo/50147.png","UEFA","POR","50147","FAME","Benfica","","https://img.uefa.com/imgml/TP/teams/logos/70x70/50147.png","https://img.uefa.com/imgml/TP/teams/logos/240x240/50147.png","250147","BEN","DOMESTIC_MEN_TEAM_A","","DOMESTIC","Portugal","Benfica","SL Benfica","BEN","360","MINUTE","4","0","0","43.86","KILOMETER","27.8","KILOMETER_PER_HOUR"
"105352","57490","38","1986-11-17","26","Rajcevic","SVN","UNKNOWN","DEFENDER","MALE","184","./image/105352.jpg","Aleksander Rajčević","DEFENDER","","Rajcevic","","76","Slovénie","Défenseur","Aleksander","Rajčević","Aleksander Rajčević","Rajčević","257163","./assoc/257163_SVN.svg","./logo/57490.png","UEFA","SVN","57490","FAME","Maribor","","https://img.uefa.com/imgml/TP/teams/logos/70x70/57490.png","https://img.uefa.com/imgml/TP/teams/logos/240x240/57490.png","257490","MRB","DOMESTIC_MEN_TEAM_A","","DOMESTIC","Slovénie","Maribor","NK Maribor","MRB","360","MINUTE","4","0","0","41.12","KILOMETER","25.3","KILOMETER_PER_HOUR"
"54932","60609","43","1982-10-11","25","Agolli","ALB","FULL_BACK","DEFENDER","MALE","179","./image/54932.jpg","Ansi Agolli","DEFENDER","7","Agolli","2","70","Albanie","Défenseur","Ansi","Agolli","Ansi Agolli","Agolli","257154","./assoc/257154_AZE.svg","./logo/60609.png","UEFA","AZE","60609","FAME","Qarabağ","","https://img.uefa.com/imgml/TP/teams/logos/70x70/60609.png","https://img.uefa.com/imgml/TP/teams/logos/240x240/60609.png","260609","QAR","DOMESTIC_MEN_TEAM_A","","DOMESTIC","Azerbaïdjan","Qarabağ","Qarabağ FK","QAR","360","MINUTE","4","0","0","40.03","KILOMETER","32.21","KILOMETER_PER_HOUR"
"250012519","50050","31","1994-08-04","5","Šimunović","BIH","CENTRE_BACK","DEFENDER","MALE","190","./image/250012519.jpg","Jozo Šimunović","DEFENDER","10","Šimunović","56370","81","Bosnie-Herzégovine","Défenseur","Jozo","Šimunović","Jozo Šimunović","Šimunović","200117","./assoc/200117_SCO.svg","./logo/50050.png","UEFA","SCO","50050","FAME","Celtic","","https://img.uefa.com/imgml/TP/teams/logos/70x70/50050.png","https://img.uefa.com/imgml/TP/teams/logos/240x240/50050.png","250050","CEL","DOMESTIC_MEN_TEAM_A","","DOMESTIC","Écosse","Celtic","Celtic FC","CEL","360","MINUTE","4","0","0","40.01","KILOMETER","29.7","KILOMETER_PER_HOUR"
"250026741","50147","39","1986-03-29","33","Jardel","BRA","CENTRE_BACK","DEFENDER","MALE","192","./image/250026741.jpg","Jardel","DEFENDER","","Nivaldo Vieira","","86","Brésil","Défenseur","","Jardel","Jardel","Jardel","200110","./assoc/200110_POR.svg","./logo/50147.png","UEFA","POR","50147","FAME","Benfica","","https://img.uefa.com/imgml/TP/teams/logos/70x70/50147.png","https://img.uefa.com/imgml/TP/teams/logos/240x240/50147.png","250147","BEN","DOMESTIC_MEN_TEAM_A","","DOMESTIC","Portugal","Benfica","SL Benfica","BEN","360","MINUTE","4","0","0","39.35","KILOMETER","29.1","KILOMETER_PER_HOUR"
"250053781","52749","32","1993-06-12","5","Haps","NED","FULL_BACK","DEFENDER","MALE","175","./image/250053781.jpg","Ridgeciano Haps","DEFENDER","","Haps","","76","Pays-Bas","Défenseur","Ridgeciano","Haps","Ridgeciano Haps","Haps","200095","./assoc/200095_NED.svg","./logo/52749.png","UEFA","NED","52749","FAME","Feyenoord","","https://img.uefa.com/imgml/TP/teams/logos/70x70/52749.png","https://img.uefa.com/imgml/TP/teams/logos/240x240/52749.png","252749","FEY","DOMESTIC_MEN_TEAM_A","","DOMESTIC","Pays-Bas","Feyenoord","Feyenoord","FEY","360","MINUTE","4","0","0","39.28","KILOMETER","30","KILOMETER_PER_HOUR"
"1905535","2610","33","1991-12-05","3","Elabdellaoui","NOR","FULL_BACK","DEFENDER","MALE","179","./image/1905535.jpg","Omar Elabdellaoui","DEFENDER","14","Elabdelloui","101","73","Norvège","Défenseur","Omar","Elabdellaoui","Omar Elabdellaoui","Elabdellaoui","200049","./assoc/200049_GRE.svg","./logo/2610.png","UEFA","GRE","2610","FAME","Olympiacos","","https://img.uefa.com/imgml/TP/teams/logos/70x70/2610.png","https://img.uefa.com/imgml/TP/teams/logos/240x240/2610.png","202610","OLY","DOMESTIC_MEN_TEAM_A","","DOMESTIC","Grèce","Olympiacos","Olympiacos FC","OLY","360","MINUTE","4","0","0","39.05","KILOMETER","30.5","KILOMETER_PER_HOUR"
"250110408","57490","31","1993-12-28","6","Billong","FRA","UNKNOWN","DEFENDER","MALE","","./image/250110408.jpg","Jean-Claude Billong","DEFENDER","","Billong","","","France","Défenseur","Jean-Claude","Billong","Jean-Claude Billong","Billong","257163","./assoc/257163_SVN.svg","./logo/57490.png","UEFA","SVN","57490","FAME","Maribor","","https://img.uefa.com/imgml/TP/teams/logos/70x70/57490.png","https://img.uefa.com/imgml/TP/teams/logos/240x240/57490.png","257490","MRB","DOMESTIC_MEN_TEAM_A","","DOMESTIC","Slovénie","Maribor","NK Maribor","MRB","360","MINUTE","4","0","0","37.72","KILOMETER","26.1","KILOMETER_PER_HOUR"
"1906224","50124","39","1986-02-16","2","Godin Leal","URU","CENTRE_BACK","DEFENDER","MALE","186","./image/1906224.jpg","Diego Godín","DEFENDER","3","Godin","138","78","Uruguay","Défenseur","Diego","Godín","Diego Godín","Godín","200122","./assoc/200122_ESP.svg","./logo/50124.png","UEFA","ESP","50124","FAME","Atleti","","https://img.uefa.com/imgml/TP/teams/logos/70x70/50124.png","https://img.uefa.com/imgml/TP/teams/logos/240x240/50124.png","250124","ATM","DOMESTIC_MEN_TEAM_A","","DOMESTIC","Espagne","Atleti","Atlético de Madrid","ATM","360","MINUTE","4","0","0","37.54","KILOMETER","28.4","KILOMETER_PER_HOUR"
"250106638","50023","29","1996-06-28","18","Jorge","BRA","","DEFENDER","MALE","","./image/250106638.jpg","Jorge","DEFENDER","","Jorge","","","Brésil","Défenseur","","Jorge","Jorge","Jorge","200043","./assoc/200043_FRA.svg","./logo/50023.png","UEFA","FRA","50023","FAME","Monaco","","https://img.uefa.com/imgml/TP/teams/logos/70x70/50023.png","https://img.uefa.com/imgml/TP/teams/logos/240x240/50023.png","250023","MON","DOMESTIC_MEN_TEAM_A","","DOMESTIC","France","Monaco","AS Monaco","MON","360","MINUTE","4","0","0","37.42","KILOMETER","29.4","KILOMETER_PER_HOUR"
"72580","50147","44","1981-02-13","4","Luisão","BRA","UNKNOWN","DEFENDER","MALE","193","./image/72580.jpg","Luisão","DEFENDER","14","Luisão","","92","Brésil","Défenseur","","Luisão","Luisão","Luisão","200110","./assoc/200110_POR.svg","./logo/50147.png","UEFA","POR","50147","FAME","Benfica","","https://img.uefa.com/imgml/TP/teams/logos/70x70/50147.png","https://img.uefa.com/imgml/TP/teams/logos/240x240/50147.png","250147","BEN","DOMESTIC_MEN_TEAM_A","","DOMESTIC","Portugal","Benfica","SL Benfica","BEN","360","MINUTE","4","0","0","36.26","KILOMETER","30.7","KILOMETER_PER_HOUR"
"250006202","50137","32","1992-10-27","92","EL SHAARAWY","ITA","WINGER","FORWARD","MALE","178","./image/250006202.jpg","Stephan El Shaarawy","FORWARD","22","El Shaarawy","66","72","Italie","Attaquant","Stephan","El Shaarawy","Stephan El Shaarawy","El Shaarawy","200066","./assoc/200066_ITA.svg","./logo/50137.png","UEFA","ITA","50137","FAME","Roma","","https://img.uefa.com/imgml/TP/teams/logos/70x70/50137.png","https://img.uefa.com/imgml/TP/teams/logos/240x240/50137.png","250137","ROM","DOMESTIC_MEN_TEAM_A","","DOMESTIC","Italie","Roma","AS Roma","ROM","359","MINUTE","10","2","2","44.4","KILOMETER","32.6","KILOMETER_PER_HOUR"
"57291","60609","43","1982-06-16","14","","AZE","CENTRE_BACK","","MALE","181","./image/57291.jpg","Rashad F. Sadygov","DEFENDER","14","Sadigov","57154","79","Azerbaïdjan","","Rashad F.","Sadygov","Rashad F. Sadygov","R. F. Sadygov","257154","./assoc/257154_AZE.svg","./logo/60609.png","UEFA","AZE","60609","FAME","Qarabağ","","https://img.uefa.com/imgml/TP/teams/logos/70x70/60609.png","https://img.uefa.com/imgml/TP/teams/logos/240x240/60609.png","260609","QAR","DOMESTIC_MEN_TEAM_A","","DOMESTIC","Azerbaïdjan","Qarabağ","Qarabağ FK","QAR","359","MINUTE","5","0","0","32.51","KILOMETER","30.8","KILOMETER_PER_HOUR"
"102799","50068","38","1987-01-22","23","Kombarov","RUS","FULL_BACK","DEFENDER","MALE","181","./image/102799.jpg","Dmitri Kombarov","DEFENDER","23","Kombarov","57451","72","Russie","Défenseur","Dmitri","Kombarov","Dmitri Kombarov","Kombarov","257451","./assoc/257451_RUS.svg","./logo/50068.png","UEFA","RUS","50068","FAME","Spartak Moskva","","https://img.uefa.com/imgml/TP/teams/logos/70x70/50068.png","https://img.uefa.com/imgml/TP/teams/logos/240x240/50068.png","250068","SPM","DOMESTIC_MEN_TEAM_A","","DOMESTIC","Russie","Spartak Moskva","FC Spartak Moskva","SPM","359","MINUTE","4","0","1","43.03","KILOMETER","29.1","KILOMETER_PER_HOUR"
"250016616","50074","32","1993-02-13","5","Spajić","SRB","CENTRE_BACK","DEFENDER","MALE","","./image/250016616.jpg","Uroš Spajić","DEFENDER","24","Spajić","147","","Serbie","Défenseur","Uroš","Spajić","Uroš Spajić","Spajić","200013","./assoc/200013_BEL.svg","./logo/50074.png","UEFA","BEL","50074","FAME","Anderlecht","","https://img.uefa.com/imgml/TP/teams/logos/70x70/50074.png","https://img.uefa.com/imgml/TP/teams/logos/240x240/50074.png","250074","AND","DOMESTIC_MEN_TEAM_A","","DOMESTIC","Belgique","Anderlecht","RSC Anderlecht","AND","358","MINUTE","5","0","0","36.06","KILOMETER","29.5","KILOMETER_PER_HOUR"
"250059421","60609","36","1989-03-31","96","D. GUERRIER","HAI","FULL_BACK","DEFENDER","MALE","","./image/250059421.jpg","Donald Guerrier","DEFENDER","","Guerrier                      ","","","Haïti","Défenseur","Donald","Guerrier","Donald Guerrier","Guerrier","257154","./assoc/257154_AZE.svg","./logo/60609.png","UEFA","AZE","60609","FAME","Qarabağ","","https://img.uefa.com/imgml/TP/teams/logos/70x70/60609.png","https://img.uefa.com/imgml/TP/teams/logos/240x240/60609.png","260609","QAR","DOMESTIC_MEN_TEAM_A","","DOMESTIC","Azerbaïdjan","Qarabağ","Qarabağ FK","QAR","354","MINUTE","6","0","1","40.05","KILOMETER","30.1","KILOMETER_PER_HOUR"
"250042631","50068","30","1995-02-09","8","Pašalić","CRO","CENTRAL_MIDFIELDER","MIDFIELDER","MALE","186","./image/250042631.jpg","Mario Pašalić","MIDFIELDER","15","Pašalić","56370","78","Croatie","Milieu","Mario","Pašalić","Mario Pašalić","Pašalić","257451","./assoc/257451_RUS.svg","./logo/50068.png","UEFA","RUS","50068","FAME","Spartak Moskva","","https://img.uefa.com/imgml/TP/teams/logos/70x70/50068.png","https://img.uefa.com/imgml/TP/teams/logos/240x240/50068.png","250068","SPM","DOMESTIC_MEN_TEAM_A","","DOMESTIC","Russie","Spartak Moskva","FC Spartak Moskva","SPM","353","MINUTE","6","0","0","44.98","KILOMETER","30","KILOMETER_PER_HOUR"
"250024370","50136","31","1994-05-20","7","Zieliński","POL","ATTACKING_MIDFIELDER","MIDFIELDER","MALE","177","./image/250024370.jpg","Piotr Zieliński","MIDFIELDER","10","Zieliński","109","64","Pologne","Milieu","Piotr","Zieliński","Piotr Zieliński","Zieliński","200066","./assoc/200066_ITA.svg","./logo/50136.png","UEFA","ITA","50136","FAME","Napoli","","https://img.uefa.com/imgml/TP/teams/logos/70x70/50136.png","https://img.uefa.com/imgml/TP/teams/logos/240x240/50136.png","250136","NAP","DOMESTIC_MEN_TEAM_A","","DOMESTIC","Italie","Napoli","SSC Napoli","NAP","353","MINUTE","5","2","0","46.69","KILOMETER","29.1","KILOMETER_PER_HOUR"
"250064232","52914","33","1992-06-11","77","Zappacosta","ITA","FULL_BACK","DEFENDER","MALE","182","./image/250064232.jpg","Davide Zappacosta","DEFENDER","2","Zappacosta","66","70","Italie","Défenseur","Davide","Zappacosta","Davide Zappacosta","Zappacosta","200039","./assoc/200039_ENG.svg","./logo/52914.png","UEFA","ENG","52914","FAME","Chelsea","","https://img.uefa.com/imgml/TP/teams/logos/70x70/52914.png","https://img.uefa.com/imgml/TP/teams/logos/240x240/52914.png","252914","CHE","DOMESTIC_MEN_TEAM_A","","DOMESTIC","Angleterre","Chelsea","Chelsea FC","CHE","353","MINUTE","5","1","0","45.5","KILOMETER","28.5","KILOMETER_PER_HOUR"
"250003853","50064","33","1992-06-02","27","Sérgio","POR","CENTRAL_MIDFIELDER","MIDFIELDER","MALE","181","./image/250003853.jpg","Sérgio Oliveira","MIDFIELDER","24","Sérgio","110","72","Portugal","Milieu","","Sérgio Oliveira","Sérgio Oliveira","Sérgio Oliveira","200110","./assoc/200110_POR.svg","./logo/50064.png","UEFA","POR","50064","FAME","Porto","","https://img.uefa.com/imgml/TP/teams/logos/70x70/50064.png","https://img.uefa.com/imgml/TP/teams/logos/240x240/50064.png","250064","POR","DOMESTIC_MEN_TEAM_A","","DOMESTIC","Portugal","Porto","FC Porto","POR","352","MINUTE","5","0","0","43.04","KILOMETER","29.3","KILOMETER_PER_HOUR"
"250010245","52758","34","1991-01-15","5","BARTRA","ESP","CENTRE_BACK","DEFENDER","MALE","183","./image/250010245.jpg","Marc Bartra","DEFENDER","21","Bartra","122","74","Espagne","Défenseur","Marc","Bartra","Marc Bartra","Bartra","200047","./assoc/200047_GER.svg","./logo/52758.png","UEFA","GER","52758","FAME","B. Dortmund","","https://img.uefa.com/imgml/TP/teams/logos/70x70/52758.png","https://img.uefa.com/imgml/TP/teams/logos/240x240/52758.png","252758","BVB","DOMESTIC_MEN_TEAM_A","","DOMESTIC","Allemagne","B. Dortmund","Borussia Dortmund","BVB","350","MINUTE","4","0","0","41.52","KILOMETER","30","KILOMETER_PER_HOUR"
"250020682","7889","33","1992-06-12","23","Coutinho","BRA","ATTACKING_MIDFIELDER","FORWARD","MALE","171","./image/250020682.jpg","Philippe Coutinho","MIDFIELDER","","Coutinho","18","72","Brésil","Attaquant","Philippe","Coutinho","Philippe Coutinho","Coutinho","200039","./assoc/200039_ENG.svg","./logo/7889.png","UEFA","ENG","7889","FAME","Liverpool","","https://img.uefa.com/imgml/TP/teams/logos/70x70/7889.png","https://img.uefa.com/imgml/TP/teams/logos/240x240/7889.png","207889","LIV","DOMESTIC_MEN_TEAM_A","","DOMESTIC","Angleterre","Liverpool","Liverpool FC","LIV","347","MINUTE","5","5","2","43.35","KILOMETER","27.5","KILOMETER_PER_HOUR"
"93951","50124","42","1983-07-10","14","","ESP","WINGER","","MALE","180","./image/93951.jpg","Gabi","MIDFIELDER","","Fernández Arenas","","74","Espagne","","","Gabi","Gabi","Gabi","200122","./assoc/200122_ESP.svg","./logo/50124.png","UEFA","ESP","50124","FAME","Atleti","","https://img.uefa.com/imgml/TP/teams/logos/70x70/50124.png","https://img.uefa.com/imgml/TP/teams/logos/240x240/50124.png","250124","ATM","DOMESTIC_MEN_TEAM_A","","DOMESTIC","Espagne","Atleti","Atlético de Madrid","ATM","347","MINUTE","5","0","0","44.49","KILOMETER","28.6","KILOMETER_PER_HOUR"
"250002180","50037","35","1990-02-28","16","Rudy","GER","DEFENSIVE_MIDFIELDER","MIDFIELDER","MALE","179","./image/250002180.jpg","Sebastian Rudy","MIDFIELDER","16","Rudy","47","74","Allemagne","Milieu","Sebastian","Rudy","Sebastian Rudy","Rudy","200047","./assoc/200047_GER.svg","./logo/50037.png","UEFA","GER","50037","FAME","Bayern München","","https://img.uefa.com/imgml/TP/teams/logos/70x70/50037.png","https://img.uefa.com/imgml/TP/teams/logos/240x240/50037.png","250037","BAY","DOMESTIC_MEN_TEAM_A","","DOMESTIC","Allemagne","Bayern München","FC Bayern München","BAY","346","MINUTE","5","0","0","42.25","KILOMETER","27.8","KILOMETER_PER_HOUR"
"250088246","52682","27","1997-10-31","14","Rashford","ENG","STRIKER","FORWARD","MALE","180","./image/250088246.jpg","Marcus Rashford","FORWARD","11","Rashford","39","70","Angleterre","Attaquant","Marcus","Rashford","Marcus Rashford","Rashford","200039","./assoc/200039_ENG.svg","./logo/52682.png","UEFA","ENG","52682","FAME","Man Utd","","https://img.uefa.com/imgml/TP/teams/logos/70x70/52682.png","https://img.uefa.com/imgml/TP/teams/logos/240x240/52682.png","252682","MUN","DOMESTIC_MEN_TEAM_A","","DOMESTIC","Angleterre","Man Utd","Manchester United","MUN","344","MINUTE","8","3","1","39.71","KILOMETER","33.5","KILOMETER_PER_HOUR"
"250042781","52682","29","1995-12-05","26","Martial","FRA","UNKNOWN","FORWARD","MALE","181","./image/250042781.jpg","Anthony Martial","FORWARD","9","Martial","43","76","France","Attaquant","Anthony","Martial","Anthony Martial","Martial","200039","./assoc/200039_ENG.svg","./logo/52682.png","UEFA","ENG","52682","FAME","Man Utd","","https://img.uefa.com/imgml/TP/teams/logos/70x70/52682.png","https://img.uefa.com/imgml/TP/teams/logos/240x240/52682.png","252682","MUN","DOMESTIC_MEN_TEAM_A","","DOMESTIC","Angleterre","Man Utd","Manchester United","MUN","343","MINUTE","8","1","3","34.92","KILOMETER","30.8","KILOMETER_PER_HOUR"
"103722","1652","36","1989-08-16","17","Sissoko","FRA","CENTRAL_MIDFIELDER","MIDFIELDER","MALE","187","./image/103722.jpg","Moussa Sissoko","MIDFIELDER","17","Sissoko","43","83","France","Milieu","Moussa","Sissoko","Moussa Sissoko","Sissoko","200039","./assoc/200039_ENG.svg","./logo/1652.png","UEFA","ENG","1652","FAME","Tottenham","","https://img.uefa.com/imgml/TP/teams/logos/70x70/1652.png","https://img.uefa.com/imgml/TP/teams/logos/240x240/1652.png","201652","TOT","DOMESTIC_MEN_TEAM_A","","DOMESTIC","Angleterre","Tottenham","Tottenham Hotspur","TOT","342","MINUTE","6","0","1","42.66","KILOMETER","31.8","KILOMETER_PER_HOUR"
"106571","50074","37","1988-02-26","24","Kums","BEL","DEFENSIVE_MIDFIELDER","MIDFIELDER","MALE","176","./image/106571.jpg","Sven Kums","MIDFIELDER","16","Kums","13","62","Belgique","Milieu","Sven","Kums","Sven Kums","Kums","200013","./assoc/200013_BEL.svg","./logo/50074.png","UEFA","BEL","50074","FAME","Anderlecht","","https://img.uefa.com/imgml/TP/teams/logos/70x70/50074.png","https://img.uefa.com/imgml/TP/teams/logos/240x240/50074.png","250074","AND","DOMESTIC_MEN_TEAM_A","","DOMESTIC","Belgique","Anderlecht","RSC Anderlecht","AND","338","MINUTE","5","0","0","43.38","KILOMETER","25.2","KILOMETER_PER_HOUR"
"250000927","52758","36","1989-07-21","36","Toprak","TUR","CENTRE_BACK","DEFENDER","MALE","186","./image/250000927.jpg","Ömer Toprak","DEFENDER","4","Ömer Toprak","135","83","Turquie","Défenseur","","Ömer Toprak","Ömer Toprak","Ömer Toprak","200047","./assoc/200047_GER.svg","./logo/52758.png","UEFA","GER","52758","FAME","B. Dortmund","","https://img.uefa.com/imgml/TP/teams/logos/70x70/52758.png","https://img.uefa.com/imgml/TP/teams/logos/240x240/52758.png","252758","BVB","DOMESTIC_MEN_TEAM_A","","DOMESTIC","Allemagne","B. Dortmund","Borussia Dortmund","BVB","337","MINUTE","6","0","0","36.96","KILOMETER","30.9","KILOMETER_PER_HOUR"
"106602","52682","40","1985-07-09","15","Young","ENG","FULL_BACK","DEFENDER","MALE","177","./image/106602.jpg","Ashley Young","DEFENDER","11","Young","39","65","Angleterre","Défenseur","Ashley","Young","Ashley Young","Young","200039","./assoc/200039_ENG.svg","./logo/52682.png","UEFA","ENG","52682","FAME","Man Utd","","https://img.uefa.com/imgml/TP/teams/logos/70x70/52682.png","https://img.uefa.com/imgml/TP/teams/logos/240x240/52682.png","252682","MUN","DOMESTIC_MEN_TEAM_A","","DOMESTIC","Angleterre","Man Utd","Manchester United","MUN","337","MINUTE","4","0","1","37.15","KILOMETER","30.2","KILOMETER_PER_HOUR"
"1901672","52914","34","1990-12-12","8","Moses","NGA","WINGER","MIDFIELDER","MALE","177","./image/1901672.jpg","Victor Moses","MIDFIELDER","11","Moses","100","76","Nigeria","Milieu","Victor","Moses","Victor Moses","Moses","200039","./assoc/200039_ENG.svg","./logo/52914.png","UEFA","ENG","52914","FAME","Chelsea","","https://img.uefa.com/imgml/TP/teams/logos/70x70/52914.png","https://img.uefa.com/imgml/TP/teams/logos/240x240/52914.png","252914","CHE","DOMESTIC_MEN_TEAM_A","","DOMESTIC","Angleterre","Chelsea","Chelsea FC","CHE","337","MINUTE","4","0","0","40.66","KILOMETER","29.4","KILOMETER_PER_HOUR"
"250002908","50068","38","1987-01-27","8","Glushakov","RUS","CENTRAL_MIDFIELDER","MIDFIELDER","MALE","182","./image/250002908.jpg","Denis Glushakov","MIDFIELDER","8","Glushakov","57451","80","Russie","Milieu","Denis","Glushakov","Denis Glushakov","Glushakov","257451","./assoc/257451_RUS.svg","./logo/50068.png","UEFA","RUS","50068","FAME","Spartak Moskva","","https://img.uefa.com/imgml/TP/teams/logos/70x70/50068.png","https://img.uefa.com/imgml/TP/teams/logos/240x240/50068.png","250068","SPM","DOMESTIC_MEN_TEAM_A","","DOMESTIC","Russie","Spartak Moskva","FC Spartak Moskva","SPM","336","MINUTE","5","1","1","42.92","KILOMETER","26.3","KILOMETER_PER_HOUR"
"1909917","50124","33","1992-01-08","6","KOKE","ESP","CENTRAL_MIDFIELDER","MIDFIELDER","MALE","178","./image/1909917.jpg","Koke","MIDFIELDER","8","Koke","122","74","Espagne","Milieu","","Koke","Koke","Koke","200122","./assoc/200122_ESP.svg","./logo/50124.png","UEFA","ESP","50124","FAME","Atleti","","https://img.uefa.com/imgml/TP/teams/logos/70x70/50124.png","https://img.uefa.com/imgml/TP/teams/logos/240x240/50124.png","250124","ATM","DOMESTIC_MEN_TEAM_A","","DOMESTIC","Espagne","Atleti","Atlético de Madrid","ATM","333","MINUTE","4","0","0","46.1","KILOMETER","25.7","KILOMETER_PER_HOUR"
"250064581","2603790","28","1997-06-16","10","AUGUSTIN","FRA","STRIKER","FORWARD","MALE","177","./image/250064581.jpg","Jean-Kévin Augustin","FORWARD","11","Augustin","200043","69","France","Attaquant","Jean-Kévin","Augustin","Jean-Kévin Augustin","Augustin","200047","./assoc/200047_GER.svg","./logo/2603790.png","UEFA","GER","2603790","FAME","Leipzig","","https://img.uefa.com/imgml/TP/teams/logos/70x70/2603790.png","https://img.uefa.com/imgml/TP/teams/logos/240x240/2603790.png","250002563","RBL","DOMESTIC_MEN_TEAM_A","","DOMESTIC","Allemagne","Leipzig","RB Leipzig","RBL","332","MINUTE","5","1","0","39.04","KILOMETER","28.4","KILOMETER_PER_HOUR"
"250049183","2603790","29","1996-03-06","16","Werner","GER","STRIKER","FORWARD","MALE","","./image/250049183.jpg","Timo Werner","FORWARD","11","Werner","47","","Allemagne","Attaquant","Timo","Werner","Timo Werner","Werner","200047","./assoc/200047_GER.svg","./logo/2603790.png","UEFA","GER","2603790","FAME","Leipzig","","https://img.uefa.com/imgml/TP/teams/logos/70x70/2603790.png","https://img.uefa.com/imgml/TP/teams/logos/240x240/2603790.png","250002563","RBL","DOMESTIC_MEN_TEAM_A","","DOMESTIC","Allemagne","Leipzig","RB Leipzig","RBL","330","MINUTE","6","3","0","41.29","KILOMETER","31.2","KILOMETER_PER_HOUR"
"250074283","52749","30","1995-07-28","20","Tapia Cortijo","PER","CENTRAL_MIDFIELDER","MIDFIELDER","MALE","185","./image/250074283.jpg","Renato Tapia","MIDFIELDER","13","Tapia","107","78","Pérou","Milieu","Renato","Tapia","Renato Tapia","Tapia","200095","./assoc/200095_NED.svg","./logo/52749.png","UEFA","NED","52749","FAME","Feyenoord","","https://img.uefa.com/imgml/TP/teams/logos/70x70/52749.png","https://img.uefa.com/imgml/TP/teams/logos/240x240/52749.png","252749","FEY","DOMESTIC_MEN_TEAM_A","","DOMESTIC","Pays-Bas","Feyenoord","Feyenoord","FEY","330","MINUTE","4","0","0","33.17","KILOMETER","29","KILOMETER_PER_HOUR"
"74692","1652","38","1987-07-16","19","Dembele","BEL","CENTRAL_MIDFIELDER","FORWARD","MALE","185","./image/74692.jpg","Mousa Dembélé","FORWARD","19","Dembele","13","82","Belgique","Attaquant","Mousa","Dembélé","Mousa Dembélé","Dembélé","200039","./assoc/200039_ENG.svg","./logo/1652.png","UEFA","ENG","1652","FAME","Tottenham","","https://img.uefa.com/imgml/TP/teams/logos/70x70/1652.png","https://img.uefa.com/imgml/TP/teams/logos/240x240/1652.png","201652","TOT","DOMESTIC_MEN_TEAM_A","","DOMESTIC","Angleterre","Tottenham","Tottenham Hotspur","TOT","329","MINUTE","6","0","0","40.49","KILOMETER","28.1","KILOMETER_PER_HOUR"
"101303","52682","40","1985-08-04","25","VALENCIA","ECU","FULL_BACK","DEFENDER","MALE","178","./image/101303.jpg","Antonio Valencia","DEFENDER","16","Valencia","37","78","Équateur","Défenseur","Antonio","Valencia","Antonio Valencia","A. Valencia","200039","./assoc/200039_ENG.svg","./logo/52682.png","UEFA","ENG","52682","FAME","Man Utd","","https://img.uefa.com/imgml/TP/teams/logos/70x70/52682.png","https://img.uefa.com/imgml/TP/teams/logos/240x240/52682.png","252682","MUN","DOMESTIC_MEN_TEAM_A","","DOMESTIC","Angleterre","Man Utd","Manchester United","MUN","329","MINUTE","4","0","0","33.94","KILOMETER","29.9","KILOMETER_PER_HOUR"
"1900733","52914","38","1987-04-22","4","DAVID LUIZ","BRA","CENTRE_BACK","DEFENDER","MALE","188","./image/1900733.jpg","David Luiz","DEFENDER","4","DAVID LUIZ","18","84","Brésil","Défenseur","","David Luiz","David Luiz","David Luiz","200039","./assoc/200039_ENG.svg","./logo/52914.png","UEFA","ENG","52914","FAME","Chelsea","","https://img.uefa.com/imgml/TP/teams/logos/70x70/52914.png","https://img.uefa.com/imgml/TP/teams/logos/240x240/52914.png","252914","CHE","DOMESTIC_MEN_TEAM_A","","DOMESTIC","Angleterre","Chelsea","Chelsea FC","CHE","327","MINUTE","4","1","0","34.57","KILOMETER","28.3","KILOMETER_PER_HOUR"
"60708","50074","44","1981-02-16","3","DESCHACHT","BEL","CENTRE_BACK","DEFENDER","MALE","186","./image/60708.jpg","Olivier Deschacht","","15","","","75","Belgique","Défenseur","Olivier","Deschacht","Olivier Deschacht","Deschacht","200013","./assoc/200013_BEL.svg","./logo/50074.png","UEFA","BEL","50074","FAME","Anderlecht","","https://img.uefa.com/imgml/TP/teams/logos/70x70/50074.png","https://img.uefa.com/imgml/TP/teams/logos/240x240/50074.png","250074","AND","DOMESTIC_MEN_TEAM_A","","DOMESTIC","Belgique","Anderlecht","RSC Anderlecht","AND","326","MINUTE","4","0","0","32.5","KILOMETER","27.1","KILOMETER_PER_HOUR"
"250070415","52758","30","1995-09-08","28","J. WEIGL","GER","DEFENSIVE_MIDFIELDER","MIDFIELDER","MALE","186","./image/250070415.jpg","Julian Weigl","MIDFIELDER","15","Weigl","47","71","Allemagne","Milieu","Julian","Weigl","Julian Weigl","Weigl","200047","./assoc/200047_GER.svg","./logo/52758.png","UEFA","GER","52758","FAME","B. Dortmund","","https://img.uefa.com/imgml/TP/teams/logos/70x70/52758.png","https://img.uefa.com/imgml/TP/teams/logos/240x240/52758.png","252758","BVB","DOMESTIC_MEN_TEAM_A","","DOMESTIC","Allemagne","B. Dortmund","Borussia Dortmund","BVB","325","MINUTE","5","0","0","44.25","KILOMETER","28.4","KILOMETER_PER_HOUR"
"250021657","52749","36","1989-04-04","28","Toornstra","NED","ATTACKING_MIDFIELDER","MIDFIELDER","MALE","178","./image/250021657.jpg","Jens Toornstra","MIDFIELDER","15","Toornstra","95","74","Pays-Bas","Milieu","Jens","Toornstra","Jens Toornstra","Toornstra","200095","./assoc/200095_NED.svg","./logo/52749.png","UEFA","NED","52749","FAME","Feyenoord","","https://img.uefa.com/imgml/TP/teams/logos/70x70/52749.png","https://img.uefa.com/imgml/TP/teams/logos/240x240/52749.png","252749","FEY","DOMESTIC_MEN_TEAM_A","","DOMESTIC","Pays-Bas","Feyenoord","Feyenoord","FEY","323","MINUTE","5","0","0","42.97","KILOMETER","30.5","KILOMETER_PER_HOUR"
"250056341","60609","28","1997-07-01","11","Emreli","AZE","WINGER","FORWARD","MALE","173","./image/250056341.jpg","Mahir Emreli","FORWARD","10","Emreli","57154","68","Azerbaïdjan","Attaquant","Mahir","Emreli","Mahir Emreli","Emreli","257154","./assoc/257154_AZE.svg","./logo/60609.png","UEFA","AZE","60609","FAME","Qarabağ","","https://img.uefa.com/imgml/TP/teams/logos/70x70/60609.png","https://img.uefa.com/imgml/TP/teams/logos/240x240/60609.png","260609","QAR","DOMESTIC_MEN_TEAM_A","","DOMESTIC","Azerbaïdjan","Qarabağ","Qarabağ FK","QAR","321","MINUTE","5","0","0","38.69","KILOMETER","28.6","KILOMETER_PER_HOUR"
"250042422","50147","30","1995-09-20","20","Grimaldo","ESP","FULL_BACK","DEFENDER","MALE","170","./image/250042422.jpg","Alejandro Grimaldo","DEFENDER","17","GRIMALDO","122","64","Espagne","Défenseur","Alejandro","Grimaldo","Alejandro Grimaldo","Grimaldo","200110","./assoc/200110_POR.svg","./logo/50147.png","UEFA","POR","50147","FAME","Benfica","","https://img.uefa.com/imgml/TP/teams/logos/70x70/50147.png","https://img.uefa.com/imgml/TP/teams/logos/240x240/50147.png","250147","BEN","DOMESTIC_MEN_TEAM_A","","DOMESTIC","Portugal","Benfica","SL Benfica","BEN","321","MINUTE","4","0","0","37.14","KILOMETER","29.1","KILOMETER_PER_HOUR"
"250021048","7889","32","1993-08-15","15","CHAMBERLAIN","ENG","WINGER","MIDFIELDER","MALE","180","./image/250021048.jpg","Alex Oxlade-Chamberlain","MIDFIELDER","15","Chamberlain","39","70","Angleterre","Milieu","Alex","Oxlade-Chamberlain","Alex Oxlade-Chamberlain","Oxlade-Chamberlain","200039","./assoc/200039_ENG.svg","./logo/7889.png","UEFA","ENG","7889","FAME","Liverpool","","https://img.uefa.com/imgml/TP/teams/logos/70x70/7889.png","https://img.uefa.com/imgml/TP/teams/logos/240x240/7889.png","207889","LIV","DOMESTIC_MEN_TEAM_A","","DOMESTIC","Angleterre","Liverpool","Liverpool FC","LIV","320","MINUTE","7","2","0","42.19","KILOMETER","32.6","KILOMETER_PER_HOUR"
"250074281","50064","32","1993-01-06","11","Tecatito","POR","WINGER","FORWARD","MALE","173","./image/250074281.jpg","Jesús Corona","MIDFIELDER","17","Jesus C.","91","62","Portugal","Attaquant","Jesús","Corona","Jesús Corona","Corona","200110","./assoc/200110_POR.svg","./logo/50064.png","UEFA","POR","50064","FAME","Porto","","https://img.uefa.com/imgml/TP/teams/logos/70x70/50064.png","https://img.uefa.com/imgml/TP/teams/logos/240x240/50064.png","250064","POR","DOMESTIC_MEN_TEAM_A","","DOMESTIC","Portugal","Porto","FC Porto","POR","318","MINUTE","8","0","0","40.82","KILOMETER","29.5","KILOMETER_PER_HOUR"
"250109183","2603790","33","1991-11-21","4","Demme","GER","DEFENSIVE_MIDFIELDER","MIDFIELDER","MALE","","./image/250109183.jpg","Diego Demme","MIDFIELDER","23","Demme","47","","Allemagne","Milieu","Diego","Demme","Diego Demme","Demme","200047","./assoc/200047_GER.svg","./logo/2603790.png","UEFA","GER","2603790","FAME","Leipzig","","https://img.uefa.com/imgml/TP/teams/logos/70x70/2603790.png","https://img.uefa.com/imgml/TP/teams/logos/240x240/2603790.png","250002563","RBL","DOMESTIC_MEN_TEAM_A","","DOMESTIC","Allemagne","Leipzig","RB Leipzig","RBL","316","MINUTE","4","0","0","42.59","KILOMETER","26.4","KILOMETER_PER_HOUR"
"250026763","52747","32","1993-09-20","93","DRAXLER","GER","ATTACKING_MIDFIELDER","","MALE","187","./image/250026763.jpg","Julian Draxler","FORWARD","7","Draxler","47","72","Allemagne","","Julian","Draxler","Julian Draxler","Draxler","200043","./assoc/200043_FRA.svg","./logo/52747.png","UEFA","FRA","52747","FAME","Paris","","https://img.uefa.com/imgml/TP/teams/logos/70x70/52747.png","https://img.uefa.com/imgml/TP/teams/logos/240x240/52747.png","252747","PSG","DOMESTIC_MEN_TEAM_A","","DOMESTIC","France","Paris","Paris Saint-Germain","PSG","315","MINUTE","8","0","1","43.38","KILOMETER","29.7","KILOMETER_PER_HOUR"
"250022288","52714","38","1986-10-15","8","Nolito","ESP","WINGER","FORWARD","MALE","175","./image/250022288.jpg","Nolito","MIDFIELDER","20","Nolito","122","65","Espagne","Attaquant","","Nolito","Nolito","Nolito","200122","./assoc/200122_ESP.svg","./logo/52714.png","UEFA","ESP","52714","FAME","Sevilla","","https://img.uefa.com/imgml/TP/teams/logos/70x70/52714.png","https://img.uefa.com/imgml/TP/teams/logos/240x240/52714.png","252714","SEV","DOMESTIC_MEN_TEAM_A","","DOMESTIC","Espagne","Sevilla","Sevilla FC","SEV","315","MINUTE","5","0","0","37.18","KILOMETER","26.9","KILOMETER_PER_HOUR"
"55543","54266","46","1979-07-14","4","","RUS","CENTRE_BACK","","MALE","187","./image/55543.jpg","Sergei Ignashevich","DEFENDER","4","Ignashevich","","84","Russie","","Sergei","Ignashevich","Sergei Ignashevich","Ignashevich","257451","./assoc/257451_RUS.svg","./logo/54266.png","UEFA","RUS","54266","FAME","CSKA Moskva","","https://img.uefa.com/imgml/TP/teams/logos/70x70/54266.png","https://img.uefa.com/imgml/TP/teams/logos/240x240/54266.png","254266","CSM","DOMESTIC_MEN_TEAM_A","","DOMESTIC","Russie","CSKA Moskva","PFC CSKA Moskva","CSM","315","MINUTE","4","0","0","34.28","KILOMETER","28","KILOMETER_PER_HOUR"
"250010781","50157","35","1990-08-16","18","ARSLAN","GER","CENTRAL_MIDFIELDER","MIDFIELDER","MALE","180","./image/250010781.jpg","Tolgay Arslan","MIDFIELDER","","Arslan","","","Allemagne","Milieu","","Tolgay Arslan","Tolgay Arslan","Tolgay Arslan","200135","./assoc/200135_TUR.svg","./logo/50157.png","UEFA","TUR","50157","FAME","Beşiktaş","","https://img.uefa.com/imgml/TP/teams/logos/70x70/50157.png","https://img.uefa.com/imgml/TP/teams/logos/240x240/50157.png","250157","BES","DOMESTIC_MEN_TEAM_A","","DOMESTIC","Turquie","Beşiktaş","Beşiktaş JK","BES","313","MINUTE","6","0","0","38.77","KILOMETER","28.8","KILOMETER_PER_HOUR"
"250034275","50118","41","1984-09-24","9","POTE","BEN","UNKNOWN","FORWARD","MALE","","./image/250034275.jpg","Mickaël Poté","FORWARD","","Poté","","","Bénin","Attaquant","Mickaël","Poté","Mickaël Poté","Poté","200033","./assoc/200033_CYP.svg","./logo/50118.png","UEFA","CYP","50118","FAME","APOEL","","https://img.uefa.com/imgml/TP/teams/logos/70x70/50118.png","https://img.uefa.com/imgml/TP/teams/logos/240x240/50118.png","250118","APO","DOMESTIC_MEN_TEAM_A","","DOMESTIC","Chypre","APOEL","APOEL FC","APO","312","MINUTE","5","2","0","36.43","KILOMETER","31.3","KILOMETER_PER_HOUR"
"250064006","50023","28","1997-05-07","8","Tielemans","BEL","CENTRAL_MIDFIELDER","MIDFIELDER","MALE","176","./image/250064006.jpg","Youri Tielemans","MIDFIELDER","8","Tielemans","13","72","Belgique","Milieu","Youri","Tielemans","Youri Tielemans","Tielemans","200043","./assoc/200043_FRA.svg","./logo/50023.png","UEFA","FRA","50023","FAME","Monaco","","https://img.uefa.com/imgml/TP/teams/logos/70x70/50023.png","https://img.uefa.com/imgml/TP/teams/logos/240x240/50023.png","250023","MON","DOMESTIC_MEN_TEAM_A","","DOMESTIC","France","Monaco","AS Monaco","MON","311","MINUTE","4","1","0","38.14","KILOMETER","28","KILOMETER_PER_HOUR"
"1905737","50137","36","1989-03-10","4","GONALONS","FRA","DEFENSIVE_MIDFIELDER","DEFENDER","MALE","185","./image/1905737.jpg","Maxime Gonalons","MIDFIELDER","22","Gonalons","43","70","France","Défenseur","Maxime","Gonalons","Maxime Gonalons","Gonalons","200066","./assoc/200066_ITA.svg","./logo/50137.png","UEFA","ITA","50137","FAME","Roma","","https://img.uefa.com/imgml/TP/teams/logos/70x70/50137.png","https://img.uefa.com/imgml/TP/teams/logos/240x240/50137.png","250137","ROM","DOMESTIC_MEN_TEAM_A","","DOMESTIC","Italie","Roma","AS Roma","ROM","309","MINUTE","6","0","0","39.08","KILOMETER","29.7","KILOMETER_PER_HOUR"
"1909868","50050","34","1991-07-07","49","Forrest","SCO","WINGER","MIDFIELDER","MALE","170","./image/1909868.jpg","James Forrest","MIDFIELDER","25","Forrest","117","67","Écosse","Milieu","James","Forrest","James Forrest","Forrest","200117","./assoc/200117_SCO.svg","./logo/50050.png","UEFA","SCO","50050","FAME","Celtic","","https://img.uefa.com/imgml/TP/teams/logos/70x70/50050.png","https://img.uefa.com/imgml/TP/teams/logos/240x240/50050.png","250050","CEL","DOMESTIC_MEN_TEAM_A","","DOMESTIC","Écosse","Celtic","Celtic FC","CEL","308","MINUTE","6","0","1","35.64","KILOMETER","26.2","KILOMETER_PER_HOUR"
"250060115","50147","34","1991-05-05","9","Raul","MEX","STRIKER","FORWARD","MALE","190","./image/250060115.jpg","Raúl Jiménez","FORWARD","9","RAÚL JIMÉNEZ","91","76","Mexique","Attaquant","Raúl","Jiménez","Raúl Jiménez","Jiménez","200110","./assoc/200110_POR.svg","./logo/50147.png","UEFA","POR","50147","FAME","Benfica","","https://img.uefa.com/imgml/TP/teams/logos/70x70/50147.png","https://img.uefa.com/imgml/TP/teams/logos/240x240/50147.png","250147","BEN","DOMESTIC_MEN_TEAM_A","","DOMESTIC","Portugal","Benfica","SL Benfica","BEN","308","MINUTE","5","0","0","34.05","KILOMETER","30.7","KILOMETER_PER_HOUR"
"250052947","50136","34","1991-01-08","5","Allan","BRA","CENTRAL_MIDFIELDER","MIDFIELDER","MALE","175","./image/250052947.jpg","Allan","MIDFIELDER","","Allan","18","74","Brésil","Milieu","","Allan","Allan","Allan","200066","./assoc/200066_ITA.svg","./logo/50136.png","UEFA","ITA","50136","FAME","Napoli","","https://img.uefa.com/imgml/TP/teams/logos/70x70/50136.png","https://img.uefa.com/imgml/TP/teams/logos/240x240/50136.png","250136","NAP","DOMESTIC_MEN_TEAM_A","","DOMESTIC","Italie","Napoli","SSC Napoli","NAP","307","MINUTE","6","0","0","39.35","KILOMETER","28.5","KILOMETER_PER_HOUR"
"56451","52747","43","1982-08-28","8","","ITA","DEFENSIVE_MIDFIELDER","","MALE","183","./image/56451.jpg","Thiago Motta","MIDFIELDER","10","Motta","","82","Italie","","Thiago","Motta","Thiago Motta","Thiago Motta","200043","./assoc/200043_FRA.svg","./logo/52747.png","UEFA","FRA","52747","FAME","Paris","","https://img.uefa.com/imgml/TP/teams/logos/70x70/52747.png","https://img.uefa.com/imgml/TP/teams/logos/240x240/52747.png","252747","PSG","DOMESTIC_MEN_TEAM_A","","DOMESTIC","France","Paris","Paris Saint-Germain","PSG","306","MINUTE","4","0","0","35.51","KILOMETER","25.4","KILOMETER_PER_HOUR"
"250042514","50023","29","1995-12-28","29","Rony Lopes","POR","WINGER","FORWARD","MALE","174","./image/250042514.jpg","Rony Lopes","MIDFIELDER","10","Rony Lopes","110","68","Portugal","Attaquant","","Rony Lopes","Rony Lopes","Rony Lopes","200043","./assoc/200043_FRA.svg","./logo/50023.png","UEFA","FRA","50023","FAME","Monaco","","https://img.uefa.com/imgml/TP/teams/logos/70x70/50023.png","https://img.uefa.com/imgml/TP/teams/logos/240x240/50023.png","250023","MON","DOMESTIC_MEN_TEAM_A","","DOMESTIC","France","Monaco","AS Monaco","MON","301","MINUTE","5","1","1","35.44","KILOMETER","31.2","KILOMETER_PER_HOUR"
"250063448","2610","35","1990-08-17","90","F. Pardo","COL","WINGER","MIDFIELDER","MALE","178","./image/250063448.jpg","Felipe Pardo","MIDFIELDER","","Pardo Castro","","80","Colombie","Milieu","Felipe","Pardo","Felipe Pardo","Pardo","200049","./assoc/200049_GRE.svg","./logo/2610.png","UEFA","GRE","2610","FAME","Olympiacos","","https://img.uefa.com/imgml/TP/teams/logos/70x70/2610.png","https://img.uefa.com/imgml/TP/teams/logos/240x240/2610.png","202610","OLY","DOMESTIC_MEN_TEAM_A","","DOMESTIC","Grèce","Olympiacos","Olympiacos FC","OLY","300","MINUTE","6","2","0","36.07","KILOMETER","31.6","KILOMETER_PER_HOUR"
"250025961","50136","34","1991-02-01","31","Ghoulam","FRA","FULL_BACK","DEFENDER","MALE","188","./image/250025961.jpg","Faouzi Ghoulam","DEFENDER","3","Ghoulam","3","80","France","Défenseur","Faouzi","Ghoulam","Faouzi Ghoulam","Ghoulam","200066","./assoc/200066_ITA.svg","./logo/50136.png","UEFA","ITA","50136","FAME","Napoli","","https://img.uefa.com/imgml/TP/teams/logos/70x70/50136.png","https://img.uefa.com/imgml/TP/teams/logos/240x240/50136.png","250136","NAP","DOMESTIC_MEN_TEAM_A","","DOMESTIC","Italie","Napoli","SSC Napoli","NAP","300","MINUTE","4","0","0","35.51","KILOMETER","28.7","KILOMETER_PER_HOUR"
"62208","7889","39","1985-10-30","15","Klavan","EST","UNKNOWN","DEFENDER","MALE","186","./image/62208.jpg","Ragnar Klavan","DEFENDER","15","Klavan","56556","81","Estonie","Défenseur","Ragnar","Klavan","Ragnar Klavan","Klavan","200039","./assoc/200039_ENG.svg","./logo/7889.png","UEFA","ENG","7889","FAME","Liverpool","","https://img.uefa.com/imgml/TP/teams/logos/70x70/7889.png","https://img.uefa.com/imgml/TP/teams/logos/240x240/7889.png","207889","LIV","DOMESTIC_MEN_TEAM_A","","DOMESTIC","Angleterre","Liverpool","Liverpool FC","LIV","298","MINUTE","7","0","0","34.48","KILOMETER","29.9","KILOMETER_PER_HOUR"
"250070130","50137","29","1996-06-19","7","PELLEGRINI","ITA","CENTRAL_MIDFIELDER","MIDFIELDER","MALE","186","./image/250070130.jpg","Lorenzo Pellegrini","MIDFIELDER","10","Pellegrini","66","77","Italie","Milieu","Lorenzo","Pellegrini","Lorenzo Pellegrini","Pellegrini","200066","./assoc/200066_ITA.svg","./logo/50137.png","UEFA","ITA","50137","FAME","Roma","","https://img.uefa.com/imgml/TP/teams/logos/70x70/50137.png","https://img.uefa.com/imgml/TP/teams/logos/240x240/50137.png","250137","ROM","DOMESTIC_MEN_TEAM_A","","DOMESTIC","Italie","Roma","AS Roma","ROM","296","MINUTE","8","0","1","39.46","KILOMETER","29.1","KILOMETER_PER_HOUR"
"102225","50051","36","1989-07-16","18","BALE","WAL","STRIKER","FORWARD","MALE","183","./image/102225.jpg","Gareth Bale","FORWARD","11","Bale","144","74","Pays de Galles","Attaquant","Gareth","Bale","Gareth Bale","Bale","200122","./assoc/200122_ESP.svg","./logo/50051.png","UEFA","ESP","50051","FAME","Real Madrid","","https://img.uefa.com/imgml/TP/teams/logos/70x70/50051.png","https://img.uefa.com/imgml/TP/teams/logos/240x240/50051.png","250051","RMA","DOMESTIC_MEN_TEAM_A","","DOMESTIC","Espagne","Real Madrid","Real Madrid C.F.","RMA","296","MINUTE","7","3","2","35.69","KILOMETER","32.3","KILOMETER_PER_HOUR"
"250057386","50050","32","1992-12-16","18","Rogic","AUS","ATTACKING_MIDFIELDER","MIDFIELDER","MALE","187","./image/250057386.jpg","Tom Rogić","MIDFIELDER","","Rogic","7","85","Australie","Milieu","Tom","Rogić","Tom Rogić","Rogić","200117","./assoc/200117_SCO.svg","./logo/50050.png","UEFA","SCO","50050","FAME","Celtic","","https://img.uefa.com/imgml/TP/teams/logos/70x70/50050.png","https://img.uefa.com/imgml/TP/teams/logos/240x240/50050.png","250050","CEL","DOMESTIC_MEN_TEAM_A","","DOMESTIC","Écosse","Celtic","Celtic FC","CEL","296","MINUTE","6","0","0","38.87","KILOMETER","25.7","KILOMETER_PER_HOUR"
"250014042","50050","32","1993-06-14","42","McGregor","SCO","WINGER","MIDFIELDER","MALE","180","./image/250014042.jpg","Callum McGregor","MIDFIELDER","8","McGregor","117","73","Écosse","Milieu","Callum","McGregor","Callum McGregor","McGregor","200117","./assoc/200117_SCO.svg","./logo/50050.png","UEFA","SCO","50050","FAME","Celtic","","https://img.uefa.com/imgml/TP/teams/logos/70x70/50050.png","https://img.uefa.com/imgml/TP/teams/logos/240x240/50050.png","250050","CEL","DOMESTIC_MEN_TEAM_A","","DOMESTIC","Écosse","Celtic","Celtic FC","CEL","295","MINUTE","4","1","0","39.06","KILOMETER","30.1","KILOMETER_PER_HOUR"
"103333","1652","36","1989-03-02","23","Alderweireld","BEL","CENTRE_BACK","DEFENDER","MALE","186","./image/103333.jpg","Toby Alderweireld","DEFENDER","2","Alderweireld","13","81","Belgique","Défenseur","Toby","Alderweireld","Toby Alderweireld","Alderweireld","200039","./assoc/200039_ENG.svg","./logo/1652.png","UEFA","ENG","1652","FAME","Tottenham","","https://img.uefa.com/imgml/TP/teams/logos/70x70/1652.png","https://img.uefa.com/imgml/TP/teams/logos/240x240/1652.png","201652","TOT","DOMESTIC_MEN_TEAM_A","","DOMESTIC","Angleterre","Tottenham","Tottenham Hotspur","TOT","294","MINUTE","4","0","1","34.4","KILOMETER","30","KILOMETER_PER_HOUR"
"250042213","50147","29","1996-07-11","14","A. Živković","SRB","WINGER","FORWARD","MALE","170","./image/250042213.jpg","Andrija Živković","FORWARD","14","Živković","147","","Serbie","Attaquant","Andrija","Živković","Andrija Živković","Živković","200110","./assoc/200110_POR.svg","./logo/50147.png","UEFA","POR","50147","FAME","Benfica","","https://img.uefa.com/imgml/TP/teams/logos/70x70/50147.png","https://img.uefa.com/imgml/TP/teams/logos/240x240/50147.png","250147","BEN","DOMESTIC_MEN_TEAM_A","","DOMESTIC","Portugal","Benfica","SL Benfica","BEN","292","MINUTE","5","0","1","35.43","KILOMETER","30.1","KILOMETER_PER_HOUR"
"250112826","50139","28","1997-06-25","30","BENTANCUR","URU","UNKNOWN","MIDFIELDER","MALE","","./image/250112826.jpg","Rodrigo Bentancur","MIDFIELDER","6","Bentancur","138","","Uruguay","Milieu","Rodrigo","Bentancur","Rodrigo Bentancur","Bentancur","200066","./assoc/200066_ITA.svg","./logo/50139.png","UEFA","ITA","50139","FAME","Juventus","","https://img.uefa.com/imgml/TP/teams/logos/70x70/50139.png","https://img.uefa.com/imgml/TP/teams/logos/240x240/50139.png","250139","JUV","DOMESTIC_MEN_TEAM_A","","DOMESTIC","Italie","Juventus","Juventus","JUV","291","MINUTE","5","0","0","37.27","KILOMETER","29.1","KILOMETER_PER_HOUR"
"1905190","50157","40","1985-01-04","77","GÖKHAN","TUR","FULL_BACK","DEFENDER","MALE","174","./image/1905190.jpg","Gökhan Gönül","","7","","135","73","Turquie","Défenseur","","Gökhan Gönül","Gökhan Gönül","Gökhan Gönül","200135","./assoc/200135_TUR.svg","./logo/50157.png","UEFA","TUR","50157","FAME","Beşiktaş","","https://img.uefa.com/imgml/TP/teams/logos/70x70/50157.png","https://img.uefa.com/imgml/TP/teams/logos/240x240/50157.png","250157","BES","DOMESTIC_MEN_TEAM_A","","DOMESTIC","Turquie","Beşiktaş","Beşiktaş JK","BES","291","MINUTE","4","0","1","30.75","KILOMETER","28.1","KILOMETER_PER_HOUR"
"250065179","50118","28","1997-05-22","7","SALLAI","HUN","UNKNOWN","FORWARD","MALE","","./image/250065179.jpg","Roland Sallai","FORWARD","20","Sallai","57","","Hongrie","Attaquant","Roland","Sallai","Roland Sallai","Sallai","200033","./assoc/200033_CYP.svg","./logo/50118.png","UEFA","CYP","50118","FAME","APOEL","","https://img.uefa.com/imgml/TP/teams/logos/70x70/50118.png","https://img.uefa.com/imgml/TP/teams/logos/240x240/50118.png","250118","APO","DOMESTIC_MEN_TEAM_A","","DOMESTIC","Chypre","APOEL","APOEL FC","APO","290","MINUTE","6","0","0","36.71","KILOMETER","30.2","KILOMETER_PER_HOUR"
"250064177","50023","30","1995-03-08","11","Keita Balde","SEN","WINGER","MIDFIELDER","MALE","","./image/250064177.jpg","Keita Baldé","MIDFIELDER","","Balde","118","","Sénégal","Milieu","","Keita Baldé","Keita Baldé","Keita Baldé","200043","./assoc/200043_FRA.svg","./logo/50023.png","UEFA","FRA","50023","FAME","Monaco","","https://img.uefa.com/imgml/TP/teams/logos/70x70/50023.png","https://img.uefa.com/imgml/TP/teams/logos/240x240/50023.png","250023","MON","DOMESTIC_MEN_TEAM_A","","DOMESTIC","France","Monaco","AS Monaco","MON","289","MINUTE","6","0","2","31.46","KILOMETER","28","KILOMETER_PER_HOUR"
"250026742","50147","41","1984-04-01","10","Jonas","BRA","STRIKER","FORWARD","MALE","181","./image/250026742.jpg","Jonas","FORWARD","","Gonçalves De Oliveira","","75","Brésil","Attaquant","","Jonas","Jonas","Jonas","200110","./assoc/200110_POR.svg","./logo/50147.png","UEFA","POR","50147","FAME","Benfica","","https://img.uefa.com/imgml/TP/teams/logos/70x70/50147.png","https://img.uefa.com/imgml/TP/teams/logos/240x240/50147.png","250147","BEN","DOMESTIC_MEN_TEAM_A","","DOMESTIC","Portugal","Benfica","SL Benfica","BEN","287","MINUTE","6","0","0","33.81","KILOMETER","28","KILOMETER_PER_HOUR"
"250100540","59856","27","1998-02-03","15","Riveros","PAR","FULL_BACK","DEFENDER","MALE","","./image/250100540.jpg","Blas Riveros","DEFENDER","","B. Riveros","106","","Paraguay","Défenseur","Blas","Riveros","Blas Riveros","Riveros","200128","./assoc/200128_SUI.svg","./logo/59856.png","UEFA","SUI","59856","FAME","Basel","","https://img.uefa.com/imgml/TP/teams/logos/70x70/59856.png","https://img.uefa.com/imgml/TP/teams/logos/240x240/59856.png","259856","BSL","DOMESTIC_MEN_TEAM_A","","DOMESTIC","Suisse","Basel","FC Basel 1893","BSL","287","MINUTE","5","1","1","35.61","KILOMETER","29.8","KILOMETER_PER_HOUR"
"250008303","59856","40","1984-11-07","20","SEREY DIE","CIV","UNKNOWN","MIDFIELDER","MALE","179","./image/250008303.jpg","Serey Dié","MIDFIELDER","20","Serey","67","77","Côte d'Ivoire","Milieu","Serey","Dié","Serey Dié","Dié","200128","./assoc/200128_SUI.svg","./logo/59856.png","UEFA","SUI","59856","FAME","Basel","","https://img.uefa.com/imgml/TP/teams/logos/70x70/59856.png","https://img.uefa.com/imgml/TP/teams/logos/240x240/59856.png","259856","BSL","DOMESTIC_MEN_TEAM_A","","DOMESTIC","Suisse","Basel","FC Basel 1893","BSL","287","MINUTE","5","0","0","33.42","KILOMETER","28.1","KILOMETER_PER_HOUR"
"98023","52682","36","1989-01-21","22","Mkhitaryan","ARM","ATTACKING_MIDFIELDER","MIDFIELDER","MALE","178","./image/98023.jpg","Henrikh Mkhitaryan","MIDFIELDER","18","Mkhitaryan","57419","72","Arménie","Milieu","Henrikh","Mkhitaryan","Henrikh Mkhitaryan","Mkhitaryan","200039","./assoc/200039_ENG.svg","./logo/52682.png","UEFA","ENG","52682","FAME","Man Utd","","https://img.uefa.com/imgml/TP/teams/logos/70x70/52682.png","https://img.uefa.com/imgml/TP/teams/logos/240x240/52682.png","252682","MUN","DOMESTIC_MEN_TEAM_A","","DOMESTIC","Angleterre","Man Utd","Manchester United","MUN","284","MINUTE","4","1","0","37.96","KILOMETER","28.5","KILOMETER_PER_HOUR"
"250050002","60609","35","1990-06-16","11","Pedro Henrique","BRA","CENTRAL_MIDFIELDER","FORWARD","MALE","","./image/250050002.jpg","Pedro Henrique","MIDFIELDER","","Henrique","","","Brésil","Attaquant","Pedro","Henrique","Pedro Henrique","Henrique","257154","./assoc/257154_AZE.svg","./logo/60609.png","UEFA","AZE","60609","FAME","Qarabağ","","https://img.uefa.com/imgml/TP/teams/logos/70x70/60609.png","https://img.uefa.com/imgml/TP/teams/logos/240x240/60609.png","260609","QAR","DOMESTIC_MEN_TEAM_A","","DOMESTIC","Azerbaïdjan","Qarabağ","Qarabağ FK","QAR","281","MINUTE","4","1","0","32.58","KILOMETER","31.7","KILOMETER_PER_HOUR"
"250015808","52682","32","1993-03-15","8","POGBA","FRA","CENTRAL_MIDFIELDER","MIDFIELDER","MALE","191","./image/250015808.jpg","Paul Pogba","MIDFIELDER","6","Pogba","43","84","France","Milieu","Paul","Pogba","Paul Pogba","Pogba","200039","./assoc/200039_ENG.svg","./logo/52682.png","UEFA","ENG","52682","FAME","Man Utd","","https://img.uefa.com/imgml/TP/teams/logos/70x70/52682.png","https://img.uefa.com/imgml/TP/teams/logos/240x240/52682.png","252682","MUN","DOMESTIC_MEN_TEAM_A","","DOMESTIC","Angleterre","Man Utd","Manchester United","MUN","278","MINUTE","5","0","1","33.85","KILOMETER","30.2","KILOMETER_PER_HOUR"
"250063505","50124","30","1995-01-20","2","J. M. GIMÉNEZ","URU","CENTRE_BACK","DEFENDER","MALE","185","./image/250063505.jpg","José María Giménez","DEFENDER","2","Giménez","138","76","Uruguay","Défenseur","José María","Giménez","José María Giménez","Giménez","200122","./assoc/200122_ESP.svg","./logo/50124.png","UEFA","ESP","50124","FAME","Atleti","","https://img.uefa.com/imgml/TP/teams/logos/70x70/50124.png","https://img.uefa.com/imgml/TP/teams/logos/240x240/50124.png","250124","ATM","DOMESTIC_MEN_TEAM_A","","DOMESTIC","Espagne","Atleti","Atlético de Madrid","ATM","272","MINUTE","4","0","0","29.19","KILOMETER","29.7","KILOMETER_PER_HOUR"
"250003420","52758","37","1988-01-22","29","Schmelzer","GER","FULL_BACK","DEFENDER","MALE","181","./image/250003420.jpg","Marcel Schmelzer","DEFENDER","3","Schmelzer","","74","Allemagne","Défenseur","Marcel","Schmelzer","Marcel Schmelzer","Schmelzer","200047","./assoc/200047_GER.svg","./logo/52758.png","UEFA","GER","52758","FAME","B. Dortmund","","https://img.uefa.com/imgml/TP/teams/logos/70x70/52758.png","https://img.uefa.com/imgml/TP/teams/logos/240x240/52758.png","252758","BVB","DOMESTIC_MEN_TEAM_A","","DOMESTIC","Allemagne","B. Dortmund","Borussia Dortmund","BVB","271","MINUTE","4","0","1","31.92","KILOMETER","28.6","KILOMETER_PER_HOUR"
"250027202","52758","31","1994-08-08","2","Toljan","GER","FULL_BACK","DEFENDER","MALE","","./image/250027202.jpg","Jeremy Toljan","DEFENDER","2","Toljan","200047","","Allemagne","Défenseur","Jeremy","Toljan","Jeremy Toljan","Toljan","200047","./assoc/200047_GER.svg","./logo/52758.png","UEFA","GER","52758","FAME","B. Dortmund","","https://img.uefa.com/imgml/TP/teams/logos/70x70/52758.png","https://img.uefa.com/imgml/TP/teams/logos/240x240/52758.png","252758","BVB","DOMESTIC_MEN_TEAM_A","","DOMESTIC","Allemagne","B. Dortmund","Borussia Dortmund","BVB","271","MINUTE","4","0","0","32.63","KILOMETER","32.4","KILOMETER_PER_HOUR"
"250014002","50080","32","1993-07-20","12","Digne","FRA","FULL_BACK","DEFENDER","MALE","178","./image/250014002.jpg","Lucas Digne","DEFENDER","3","Digne","43","74","France","Défenseur","Lucas","Digne","Lucas Digne","Digne","200122","./assoc/200122_ESP.svg","./logo/50080.png","UEFA","ESP","50080","FAME","Barcelona","","https://img.uefa.com/imgml/TP/teams/logos/70x70/50080.png","https://img.uefa.com/imgml/TP/teams/logos/240x240/50080.png","250080","BAR","DOMESTIC_MEN_TEAM_A","","DOMESTIC","Espagne","Barcelona","FC Barcelona","BAR","270","MINUTE","3","1","0","32.89","KILOMETER","30.5","KILOMETER_PER_HOUR"
"250065883","2610","27","1998-08-13","77","Nikolaou","GRE","CENTRE_BACK","DEFENDER","MALE","175","./image/250065883.jpg","Dimitris Nikolaou","DEFENDER","3","Nikolaou","49","77","Grèce","Défenseur","Dimitris","Nikolaou","Dimitris Nikolaou","Nikolaou","200049","./assoc/200049_GRE.svg","./logo/2610.png","UEFA","GRE","2610","FAME","Olympiacos","","https://img.uefa.com/imgml/TP/teams/logos/70x70/2610.png","https://img.uefa.com/imgml/TP/teams/logos/240x240/2610.png","202610","OLY","DOMESTIC_MEN_TEAM_A","","DOMESTIC","Grèce","Olympiacos","Olympiacos FC","OLY","270","MINUTE","3","1","0","27.72","KILOMETER","24.5","KILOMETER_PER_HOUR"
"250000919","1652","35","1990-09-19","2","Trippier","ENG","FULL_BACK","DEFENDER","MALE","178","./image/250000919.jpg","Kieran Trippier","DEFENDER","12","Trippier","39","81","Angleterre","Défenseur","Kieran","Trippier","Kieran Trippier","Trippier","200039","./assoc/200039_ENG.svg","./logo/1652.png","UEFA","ENG","1652","FAME","Tottenham","","https://img.uefa.com/imgml/TP/teams/logos/70x70/1652.png","https://img.uefa.com/imgml/TP/teams/logos/240x240/1652.png","201652","TOT","DOMESTIC_MEN_TEAM_A","","DOMESTIC","Angleterre","Tottenham","Tottenham Hotspur","TOT","270","MINUTE","3","0","3","36.35","KILOMETER","28.1","KILOMETER_PER_HOUR"
"250027046","52919","31","1994-05-27","14","Laporte","ESP","CENTRE_BACK","DEFENDER","MALE","189","./image/250027046.jpg","Aymeric Laporte","DEFENDER","10","LAPORTE","122","85","Espagne","Défenseur","Aymeric","Laporte","Aymeric Laporte","Laporte","200039","./assoc/200039_ENG.svg","./logo/52919.png","UEFA","ENG","52919","FAME","Man City","","https://img.uefa.com/imgml/TP/teams/logos/70x70/52919.png","https://img.uefa.com/imgml/TP/teams/logos/240x240/52919.png","252919","MCI","DOMESTIC_MEN_TEAM_A","","DOMESTIC","Angleterre","Man City","Manchester City","MCI","270","MINUTE","3","0","0","33.28","KILOMETER","27.7","KILOMETER_PER_HOUR"
"250075674","50147","35","1990-08-06","5","Douglas","BRA","FULL_BACK","DEFENDER","MALE","171","./image/250075674.jpg","Douglas","DEFENDER","","Douglas S.","","67","Brésil","Défenseur","","Douglas","Douglas","Douglas","200110","./assoc/200110_POR.svg","./logo/50147.png","UEFA","POR","50147","FAME","Benfica","","https://img.uefa.com/imgml/TP/teams/logos/70x70/50147.png","https://img.uefa.com/imgml/TP/teams/logos/240x240/50147.png","250147","BEN","DOMESTIC_MEN_TEAM_A","","DOMESTIC","Portugal","Benfica","SL Benfica","BEN","270","MINUTE","3","0","0","32.69","KILOMETER","30","KILOMETER_PER_HOUR"
"49086","54266","43","1982-06-20","6","Berezutskiy A.","RUS","CENTRE_BACK","DEFENDER","MALE","190","./image/49086.jpg","Aleksei Berezutski","DEFENDER","6","Berezutskiy A.","","87","Russie","Défenseur","Aleksei","Berezutski","Aleksei Berezutski","A. Berezutski","257451","./assoc/257451_RUS.svg","./logo/54266.png","UEFA","RUS","54266","FAME","CSKA Moskva","","https://img.uefa.com/imgml/TP/teams/logos/70x70/54266.png","https://img.uefa.com/imgml/TP/teams/logos/240x240/54266.png","254266","CSM","DOMESTIC_MEN_TEAM_A","","DOMESTIC","Russie","CSKA Moskva","PFC CSKA Moskva","CSM","270","MINUTE","3","0","0","32.12","KILOMETER","29.6","KILOMETER_PER_HOUR"
"69172","50124","40","1985-01-09","20","JUANFRAN","ESP","FULL_BACK","DEFENDER","MALE","180","./image/69172.jpg","Juanfran","DEFENDER","16","Juanfran","122","72","Espagne","Défenseur","","Juanfran","Juanfran","Juanfran","200122","./assoc/200122_ESP.svg","./logo/50124.png","UEFA","ESP","50124","FAME","Atleti","","https://img.uefa.com/imgml/TP/teams/logos/70x70/50124.png","https://img.uefa.com/imgml/TP/teams/logos/240x240/50124.png","250124","ATM","DOMESTIC_MEN_TEAM_A","","DOMESTIC","Espagne","Atleti","Atlético de Madrid","ATM","270","MINUTE","3","0","0","31.13","KILOMETER","27.8","KILOMETER_PER_HOUR"
"1902704","50068","38","1986-11-30","16","Bocchetti","ITA","CENTRE_BACK","DEFENDER","MALE","178","./image/1902704.jpg","Salvatore Bocchetti","DEFENDER","13","Bocchetti","","70","Italie","Défenseur","Salvatore","Bocchetti","Salvatore Bocchetti","Bocchetti","257451","./assoc/257451_RUS.svg","./logo/50068.png","UEFA","RUS","50068","FAME","Spartak Moskva","","https://img.uefa.com/imgml/TP/teams/logos/70x70/50068.png","https://img.uefa.com/imgml/TP/teams/logos/240x240/50068.png","250068","SPM","DOMESTIC_MEN_TEAM_A","","DOMESTIC","Russie","Spartak Moskva","FC Spartak Moskva","SPM","270","MINUTE","3","0","0","30.35","KILOMETER","27.9","KILOMETER_PER_HOUR"
"250075828","50023","29","1996-04-28","18","Toure","FRA","FULL_BACK","DEFENDER","MALE","182","./image/250075828.jpg","Almamy Touré","DEFENDER","","Toure","43","72","France","Défenseur","Almamy","Touré","Almamy Touré","Touré","200043","./assoc/200043_FRA.svg","./logo/50023.png","UEFA","FRA","50023","FAME","Monaco","","https://img.uefa.com/imgml/TP/teams/logos/70x70/50023.png","https://img.uefa.com/imgml/TP/teams/logos/240x240/50023.png","250023","MON","DOMESTIC_MEN_TEAM_A","","DOMESTIC","France","Monaco","AS Monaco","MON","270","MINUTE","3","0","0","30.26","KILOMETER","30.1","KILOMETER_PER_HOUR"
"250012866","50068","32","1993-07-29","29","Kutepov","RUS","CENTRE_BACK","DEFENDER","MALE","191","./image/250012866.jpg","Ilya Kutepov","DEFENDER","3","Kutepov","57451","79","Russie","Défenseur","Ilya","Kutepov","Ilya Kutepov","Kutepov","257451","./assoc/257451_RUS.svg","./logo/50068.png","UEFA","RUS","50068","FAME","Spartak Moskva","","https://img.uefa.com/imgml/TP/teams/logos/70x70/50068.png","https://img.uefa.com/imgml/TP/teams/logos/240x240/50068.png","250068","SPM","DOMESTIC_MEN_TEAM_A","","DOMESTIC","Russie","Spartak Moskva","FC Spartak Moskva","SPM","270","MINUTE","3","0","0","29.28","KILOMETER","27.2","KILOMETER_PER_HOUR"
"250063803","50124","29","1996-02-14","21","L.HERNANDEZ","FRA","CENTRE_BACK","DEFENDER","MALE","180","./image/250063803.jpg","Lucas Hernández","DEFENDER","21","L. Hernandez","43","76","France","Défenseur","Lucas","Hernández","Lucas Hernández","L. Hernández","200122","./assoc/200122_ESP.svg","./logo/50124.png","UEFA","ESP","50124","FAME","Atleti","","https://img.uefa.com/imgml/TP/teams/logos/70x70/50124.png","https://img.uefa.com/imgml/TP/teams/logos/240x240/50124.png","250124","ATM","DOMESTIC_MEN_TEAM_A","","DOMESTIC","Espagne","Atleti","Atlético de Madrid","ATM","270","MINUTE","3","0","0","28.07","KILOMETER","29.9","KILOMETER_PER_HOUR"
"250006566","2610","36","1989-01-27","3","Botia","ESP","CENTRE_BACK","DEFENDER","MALE","187","./image/250006566.jpg","Alberto Botía","DEFENDER","3","Botia","200122","80","Espagne","Défenseur","Alberto","Botía","Alberto Botía","Botía","200049","./assoc/200049_GRE.svg","./logo/2610.png","UEFA","GRE","2610","FAME","Olympiacos","","https://img.uefa.com/imgml/TP/teams/logos/70x70/2610.png","https://img.uefa.com/imgml/TP/teams/logos/240x240/2610.png","202610","OLY","DOMESTIC_MEN_TEAM_A","","DOMESTIC","Grèce","Olympiacos","Olympiacos FC","OLY","270","MINUTE","3","0","0","27.69","KILOMETER","28.7","KILOMETER_PER_HOUR"
"250040486","60609","34","1991-07-11","55","Guseynov","AZE","CENTRE_BACK","DEFENDER","MALE","183","./image/250040486.jpg","Badavi Hüseynov","DEFENDER","15","Hüseynov","57154","72","Azerbaïdjan","Défenseur","Badavi","Hüseynov","Badavi Hüseynov","B. Hüseynov","257154","./assoc/257154_AZE.svg","./logo/60609.png","UEFA","AZE","60609","FAME","Qarabağ","","https://img.uefa.com/imgml/TP/teams/logos/70x70/60609.png","https://img.uefa.com/imgml/TP/teams/logos/240x240/60609.png","260609","QAR","DOMESTIC_MEN_TEAM_A","","DOMESTIC","Azerbaïdjan","Qarabağ","Qarabağ FK","QAR","270","MINUTE","3","0","0","26.57","KILOMETER","28.9","KILOMETER_PER_HOUR"
"250081215","52682","31","1994-04-12","30","E. Bailly","CIV","CENTRE_BACK","DEFENDER","MALE","187","./image/250081215.jpg","Eric Bailly","DEFENDER","","Bailly","67","77","Côte d'Ivoire","Défenseur","Eric","Bailly","Eric Bailly","Bailly","200039","./assoc/200039_ENG.svg","./logo/52682.png","UEFA","ENG","52682","FAME","Man Utd","","https://img.uefa.com/imgml/TP/teams/logos/70x70/52682.png","https://img.uefa.com/imgml/TP/teams/logos/240x240/52682.png","252682","MUN","DOMESTIC_MEN_TEAM_A","","DOMESTIC","Angleterre","Man Utd","Manchester United","MUN","270","MINUTE","3","0","0","23.8","KILOMETER","28.8","KILOMETER_PER_HOUR"
"53001","50023","42","1983-09-08","16","Benaglio","SUI","GOALKEEPER","GOALKEEPER","MALE","194","./image/53001.jpg","Diego Benaglio","GOALKEEPER","1","Benaglio","","89","Suisse","Gardien","Diego","Benaglio","Diego Benaglio","Benaglio","200043","./assoc/200043_FRA.svg","./logo/50023.png","UEFA","FRA","50023","FAME","Monaco","","https://img.uefa.com/imgml/TP/teams/logos/70x70/50023.png","https://img.uefa.com/imgml/TP/teams/logos/240x240/50023.png","250023","MON","DOMESTIC_MEN_TEAM_A","","DOMESTIC","France","Monaco","AS Monaco","MON","270","MINUTE","3","0","0","15.66","KILOMETER","31.4","KILOMETER_PER_HOUR"
"250076007","50147","26","1999-08-27","99","SVILAR","SRB","GOALKEEPER","GOALKEEPER","MALE","","./image/250076007.jpg","Mile Svilar","GOALKEEPER","23","Svilar","147","","Serbie","Gardien","Mile","Svilar","Mile Svilar","Svilar","200110","./assoc/200110_POR.svg","./logo/50147.png","UEFA","POR","50147","FAME","Benfica","","https://img.uefa.com/imgml/TP/teams/logos/70x70/50147.png","https://img.uefa.com/imgml/TP/teams/logos/240x240/50147.png","250147","BEN","DOMESTIC_MEN_TEAM_A","","DOMESTIC","Portugal","Benfica","SL Benfica","BEN","270","MINUTE","3","0","0","13.41","KILOMETER","26.9","KILOMETER_PER_HOUR"
"63931","50118","40","1985-03-01","13","Nauzet Perez","ESP","UNKNOWN","GOALKEEPER","MALE","","./image/63931.jpg","Nauzet Pérez","GOALKEEPER","","Perez Gonzalez","","","Espagne","Gardien","","Nauzet Pérez","Nauzet Pérez","Nauzet Pérez","200033","./assoc/200033_CYP.svg","./logo/50118.png","UEFA","CYP","50118","FAME","APOEL","","https://img.uefa.com/imgml/TP/teams/logos/70x70/50118.png","https://img.uefa.com/imgml/TP/teams/logos/240x240/50118.png","250118","APO","DOMESTIC_MEN_TEAM_A","","DOMESTIC","Chypre","APOEL","APOEL FC","APO","270","MINUTE","3","0","0","12.73","KILOMETER","28","KILOMETER_PER_HOUR"
"250007046","50074","33","1992-02-26","26","Sels","BEL","GOALKEEPER","GOALKEEPER","MALE","188","./image/250007046.jpg","Matz Sels","GOALKEEPER","13","Sels","13","75","Belgique","Gardien","Matz","Sels","Matz Sels","Sels","200013","./assoc/200013_BEL.svg","./logo/50074.png","UEFA","BEL","50074","FAME","Anderlecht","","https://img.uefa.com/imgml/TP/teams/logos/70x70/50074.png","https://img.uefa.com/imgml/TP/teams/logos/240x240/50074.png","250074","AND","DOMESTIC_MEN_TEAM_A","","DOMESTIC","Belgique","Anderlecht","RSC Anderlecht","AND","270","MINUTE","3","0","0","12.47","KILOMETER","22.4","KILOMETER_PER_HOUR"
"68887","50074","39","1986-09-27","1","","BEL","GOALKEEPER","","MALE","180","./image/68887.jpg","Frank Boeckx","GOALKEEPER","12","Boeckx","200013","74","Belgique","","Frank","Boeckx","Frank Boeckx","Boeckx","200013","./assoc/200013_BEL.svg","./logo/50074.png","UEFA","BEL","50074","FAME","Anderlecht","","https://img.uefa.com/imgml/TP/teams/logos/70x70/50074.png","https://img.uefa.com/imgml/TP/teams/logos/240x240/50074.png","250074","AND","DOMESTIC_MEN_TEAM_A","","DOMESTIC","Belgique","Anderlecht","RSC Anderlecht","AND","270","MINUTE","3","0","0","11.64","KILOMETER","24.1","KILOMETER_PER_HOUR"
"34694","50064","44","1981-05-20","1","I. Casillas","ESP","GOALKEEPER","GOALKEEPER","MALE","185","./image/34694.jpg","Iker Casillas","GOALKEEPER","1","I. Casillas","122","84","Espagne","Gardien","Iker","Casillas","Iker Casillas","Casillas","200110","./assoc/200110_POR.svg","./logo/50064.png","UEFA","POR","50064","FAME","Porto","","https://img.uefa.com/imgml/TP/teams/logos/70x70/50064.png","https://img.uefa.com/imgml/TP/teams/logos/240x240/50064.png","250064","POR","DOMESTIC_MEN_TEAM_A","","DOMESTIC","Portugal","Porto","FC Porto","POR","270","MINUTE","3","0","0","11.4","KILOMETER","20","KILOMETER_PER_HOUR"
"106230","50023","40","1984-10-27","1","SUBAŠIĆ","CRO","GOALKEEPER","GOALKEEPER","MALE","191","./image/106230.jpg","Danijel Subašić","","23","","56370","87","Croatie","Gardien","Danijel","Subašić","Danijel Subašić","Subašić","200043","./assoc/200043_FRA.svg","./logo/50023.png","UEFA","FRA","50023","FAME","Monaco","","https://img.uefa.com/imgml/TP/teams/logos/70x70/50023.png","https://img.uefa.com/imgml/TP/teams/logos/240x240/50023.png","250023","MON","DOMESTIC_MEN_TEAM_A","","DOMESTIC","France","Monaco","AS Monaco","MON","270","MINUTE","3","0","0","11.12","KILOMETER","19.7","KILOMETER_PER_HOUR"
"250040959","50124","32","1993-09-04","21","CARRASCO","BEL","WINGER","FORWARD","MALE","180","./image/250040959.jpg","Yannick Carrasco","FORWARD","11","Carrasco","13","67","Belgique","Attaquant","Yannick","Carrasco","Yannick Carrasco","Carrasco","200122","./assoc/200122_ESP.svg","./logo/50124.png","UEFA","ESP","50124","FAME","Atleti","","https://img.uefa.com/imgml/TP/teams/logos/70x70/50124.png","https://img.uefa.com/imgml/TP/teams/logos/240x240/50124.png","250124","ATM","DOMESTIC_MEN_TEAM_A","","DOMESTIC","Espagne","Atleti","Atlético de Madrid","ATM","269","MINUTE","5","0","0","33.6","KILOMETER","30.5","KILOMETER_PER_HOUR"
"250059135","52749","31","1994-07-28","3","Van Beek","NED","CENTRE_BACK","DEFENDER","MALE","190","./image/250059135.jpg","Sven van Beek","DEFENDER","3","Van Beek","200095","76","Pays-Bas","Défenseur","Sven","Van Beek","Sven van Beek","Van Beek","200095","./assoc/200095_NED.svg","./logo/52749.png","UEFA","NED","52749","FAME","Feyenoord","","https://img.uefa.com/imgml/TP/teams/logos/70x70/52749.png","https://img.uefa.com/imgml/TP/teams/logos/240x240/52749.png","252749","FEY","DOMESTIC_MEN_TEAM_A","","DOMESTIC","Pays-Bas","Feyenoord","Feyenoord","FEY","269","MINUTE","4","0","0","29.39","KILOMETER","30","KILOMETER_PER_HOUR"
"1907998","50124","34","1991-01-08","15","SAVIC","MNE","CENTRE_BACK","DEFENDER","MALE","186","./image/1907998.jpg","Stefan Savić","DEFENDER","15","Savić","92853","73","Monténégro","Défenseur","Stefan","Savić","Stefan Savić","Savić","200122","./assoc/200122_ESP.svg","./logo/50124.png","UEFA","ESP","50124","FAME","Atleti","","https://img.uefa.com/imgml/TP/teams/logos/70x70/50124.png","https://img.uefa.com/imgml/TP/teams/logos/240x240/50124.png","250124","ATM","DOMESTIC_MEN_TEAM_A","","DOMESTIC","Espagne","Atleti","Atlético de Madrid","ATM","268","MINUTE","3","0","0","29.14","KILOMETER","29.5","KILOMETER_PER_HOUR"
"107951","50149","37","1988-03-11","5","F. Coentrão","POR","FULL_BACK","DEFENDER","MALE","179","./image/107951.jpg","Fábio Coentrão","DEFENDER","5","F.Coentrão","110","72","Portugal","Défenseur","Fábio","Coentrão","Fábio Coentrão","Fábio Coentrão","200110","./assoc/200110_POR.svg","./logo/50149.png","UEFA","POR","50149","FAME","Sporting CP","","https://img.uefa.com/imgml/TP/teams/logos/70x70/50149.png","https://img.uefa.com/imgml/TP/teams/logos/240x240/50149.png","250149","SPO","DOMESTIC_MEN_TEAM_A","","DOMESTIC","Portugal","Sporting CP","Sporting Clube de Portugal","SPO","267","MINUTE","4","0","0","29.6","KILOMETER","28.4","KILOMETER_PER_HOUR"
"250121853","2610","36","1989-07-01","10","Carcela","BEL","WINGER","MIDFIELDER","MALE","176","https://img.uefa.com/imgml/TP/players/1/2018/324x324/250121853.jpg","Mehdi Carcela","MIDFIELDER","","Carcela","200013","67","Belgique","Milieu","Mehdi","Carcela","Mehdi Carcela","Carcela","200049","./assoc/200049_GRE.svg","./logo/2610.png","UEFA","GRE","2610","FAME","Olympiacos","","https://img.uefa.com/imgml/TP/teams/logos/70x70/2610.png","https://img.uefa.com/imgml/TP/teams/logos/240x240/2610.png","202610","OLY","DOMESTIC_MEN_TEAM_A","","DOMESTIC","Grèce","Olympiacos","Olympiacos FC","OLY","267","MINUTE","4","0","0","27.68","KILOMETER","30.3","KILOMETER_PER_HOUR"
"103344","2610","36","1989-07-01","","","MAR","UNKNOWN","MIDFIELDER","","176","./image/103344.jpg","","","","","","67","","","","","","","200049","./assoc/200049_GRE.svg","./logo/2610.png","UEFA","GRE","2610","FAME","Olympiacos","","https://img.uefa.com/imgml/TP/teams/logos/70x70/2610.png","https://img.uefa.com/imgml/TP/teams/logos/240x240/2610.png","202610","OLY","DOMESTIC_MEN_TEAM_A","","DOMESTIC","Grèce","Olympiacos","Olympiacos FC","OLY","267","MINUTE","4","0","0","27.65","KILOMETER","30.3","KILOMETER_PER_HOUR"
"250057929","50050","29","1996-07-12","9","DEMBELE","FRA","STRIKER","FORWARD","MALE","183","./image/250057929.jpg","Moussa Dembélé","FORWARD","9","DEMBELE","43","74","France","Attaquant","Moussa","Dembélé","Moussa Dembélé","Dembélé","200117","./assoc/200117_SCO.svg","./logo/50050.png","UEFA","SCO","50050","FAME","Celtic","","https://img.uefa.com/imgml/TP/teams/logos/70x70/50050.png","https://img.uefa.com/imgml/TP/teams/logos/240x240/50050.png","250050","CEL","DOMESTIC_MEN_TEAM_A","","DOMESTIC","Écosse","Celtic","Celtic FC","CEL","266","MINUTE","4","1","0","28.77","KILOMETER","28","KILOMETER_PER_HOUR"
"250076224","50147","28","1997-02-06","9","Diogo","POR","WINGER","FORWARD","MALE","","./image/250076224.jpg","Diogo Gonçalves","FORWARD","11","Diogo Gonçalves","110","","Portugal","Attaquant","Gonçalves","Diogo","Diogo Gonçalves","Diogo Gonçalves","200110","./assoc/200110_POR.svg","./logo/50147.png","UEFA","POR","50147","FAME","Benfica","","https://img.uefa.com/imgml/TP/teams/logos/70x70/50147.png","https://img.uefa.com/imgml/TP/teams/logos/240x240/50147.png","250147","BEN","DOMESTIC_MEN_TEAM_A","","DOMESTIC","Portugal","Benfica","SL Benfica","BEN","266","MINUTE","4","0","0","31.33","KILOMETER","29.6","KILOMETER_PER_HOUR"
"250014115","2603790","30","1994-10-24","27","Bruma","POR","ATTACKING_MIDFIELDER","FORWARD","MALE","173","./image/250014115.jpg","Bruma","FORWARD","17","Bruma","110","","Portugal","Attaquant","","Bruma","Bruma","Bruma","200047","./assoc/200047_GER.svg","./logo/2603790.png","UEFA","GER","2603790","FAME","Leipzig","","https://img.uefa.com/imgml/TP/teams/logos/70x70/2603790.png","https://img.uefa.com/imgml/TP/teams/logos/240x240/2603790.png","250002563","RBL","DOMESTIC_MEN_TEAM_A","","DOMESTIC","Allemagne","Leipzig","RB Leipzig","RBL","264","MINUTE","5","0","0","33.63","KILOMETER","27.8","KILOMETER_PER_HOUR"
"1908216","50118","34","1991-09-24","11","Ebecilio","NED","CENTRAL_MIDFIELDER","MIDFIELDER","MALE","176","./image/1908216.jpg","Lorenzo Ebecilio","FORWARD","13","Ebicilio","300095","79","Pays-Bas","Milieu","Lorenzo","Ebecilio","Lorenzo Ebecilio","Ebecilio","200033","./assoc/200033_CYP.svg","./logo/50118.png","UEFA","CYP","50118","FAME","APOEL","","https://img.uefa.com/imgml/TP/teams/logos/70x70/50118.png","https://img.uefa.com/imgml/TP/teams/logos/240x240/50118.png","250118","APO","DOMESTIC_MEN_TEAM_A","","DOMESTIC","Chypre","APOEL","APOEL FC","APO","259","MINUTE","4","0","1","31.78","KILOMETER","30.9","KILOMETER_PER_HOUR"
"250005487","50147","35","1990-09-10","34","A. ALMEIDA","POR","FULL_BACK","DEFENDER","MALE","186","./image/250005487.jpg","André Almeida","DEFENDER","2","A.Almeida","110","75","Portugal","Défenseur","","André Almeida","André Almeida","André Almeida","200110","./assoc/200110_POR.svg","./logo/50147.png","UEFA","POR","50147","FAME","Benfica","","https://img.uefa.com/imgml/TP/teams/logos/70x70/50147.png","https://img.uefa.com/imgml/TP/teams/logos/240x240/50147.png","250147","BEN","DOMESTIC_MEN_TEAM_A","","DOMESTIC","Portugal","Benfica","SL Benfica","BEN","259","MINUTE","4","0","0","31.82","KILOMETER","28.8","KILOMETER_PER_HOUR"
"250013182","52749","34","1991-01-15","39","Jørgensen","DEN","STRIKER","FORWARD","MALE","190","./image/250013182.jpg","Nicolai Jørgensen","FORWARD","9","Jorgensen","35","93","Danemark","Attaquant","Nicolai","Jørgensen","Nicolai Jørgensen","N. Jørgensen","200095","./assoc/200095_NED.svg","./logo/52749.png","UEFA","NED","52749","FAME","Feyenoord","","https://img.uefa.com/imgml/TP/teams/logos/70x70/52749.png","https://img.uefa.com/imgml/TP/teams/logos/240x240/52749.png","252749","FEY","DOMESTIC_MEN_TEAM_A","","DOMESTIC","Pays-Bas","Feyenoord","Feyenoord","FEY","258","MINUTE","4","2","0","30.16","KILOMETER","28","KILOMETER_PER_HOUR"
"250023551","50051","31","1994-05-06","8","Kovačić","CRO","ATTACKING_MIDFIELDER","MIDFIELDER","MALE","178","./image/250023551.jpg","Mateo Kovačić","MIDFIELDER","8","Kovačić","56370","77","Croatie","Milieu","Mateo","Kovačić","Mateo Kovačić","Kovačić","200122","./assoc/200122_ESP.svg","./logo/50051.png","UEFA","ESP","50051","FAME","Real Madrid","","https://img.uefa.com/imgml/TP/teams/logos/70x70/50051.png","https://img.uefa.com/imgml/TP/teams/logos/240x240/50051.png","250051","RMA","DOMESTIC_MEN_TEAM_A","","DOMESTIC","Espagne","Real Madrid","Real Madrid C.F.","RMA","256","MINUTE","7","0","1","33.92","KILOMETER","31.3","KILOMETER_PER_HOUR"
"250086315","50124","30","1995-03-09","10","CORREA","ARG","WINGER","FORWARD","MALE","174","./image/250086315.jpg","Ángel Correa","MIDFIELDER","15","Correa","6","70","Argentine","Attaquant","Ángel","Correa","Ángel Correa","Correa","200122","./assoc/200122_ESP.svg","./logo/50124.png","UEFA","ESP","50124","FAME","Atleti","","https://img.uefa.com/imgml/TP/teams/logos/70x70/50124.png","https://img.uefa.com/imgml/TP/teams/logos/240x240/50124.png","250124","ATM","DOMESTIC_MEN_TEAM_A","","DOMESTIC","Espagne","Atleti","Atlético de Madrid","ATM","255","MINUTE","6","0","1","30.9","KILOMETER","30","KILOMETER_PER_HOUR"
"95082","52919","42","1983-05-13","42","Toure Yaya","CIV","CENTRAL_MIDFIELDER","MIDFIELDER","MALE","191","./image/95082.jpg","Yaya Touré","MIDFIELDER","19","Yaya Touré","67","90","Côte d'Ivoire","Milieu","Yaya","Touré","Yaya Touré","Touré","200039","./assoc/200039_ENG.svg","./logo/52919.png","UEFA","ENG","52919","FAME","Man City","","https://img.uefa.com/imgml/TP/teams/logos/70x70/52919.png","https://img.uefa.com/imgml/TP/teams/logos/240x240/52919.png","252919","MCI","DOMESTIC_MEN_TEAM_A","","DOMESTIC","Angleterre","Man City","Manchester City","MCI","255","MINUTE","3","0","0","31.43","KILOMETER","29.7","KILOMETER_PER_HOUR"
"103354","2603790","36","1989-05-18","3","Ilsanker","AUT","DEFENSIVE_MIDFIELDER","MIDFIELDER","MALE","189","./image/103354.jpg","Stefan Ilsanker","MIDFIELDER","6","Ilsanker","8","86","Autriche","Milieu","Stefan","Ilsanker","Stefan Ilsanker","Ilsanker","200047","./assoc/200047_GER.svg","./logo/2603790.png","UEFA","GER","2603790","FAME","Leipzig","","https://img.uefa.com/imgml/TP/teams/logos/70x70/2603790.png","https://img.uefa.com/imgml/TP/teams/logos/240x240/2603790.png","250002563","RBL","DOMESTIC_MEN_TEAM_A","","DOMESTIC","Allemagne","Leipzig","RB Leipzig","RBL","253","MINUTE","3","0","0","29.12","KILOMETER","28","KILOMETER_PER_HOUR"
"250024306","50023","33","1992-07-29","29","Sidibe","FRA","UNKNOWN","DEFENDER","MALE","182","./image/250024306.jpg","Djibril Sidibé","DEFENDER","19","Sidibe","43","71","France","Défenseur","Djibril","Sidibé","Djibril Sidibé","Sidibé","200043","./assoc/200043_FRA.svg","./logo/50023.png","UEFA","FRA","50023","FAME","Monaco","","https://img.uefa.com/imgml/TP/teams/logos/70x70/50023.png","https://img.uefa.com/imgml/TP/teams/logos/240x240/50023.png","250023","MON","DOMESTIC_MEN_TEAM_A","","DOMESTIC","France","Monaco","AS Monaco","MON","253","MINUTE","3","0","0","28.48","KILOMETER","31.2","KILOMETER_PER_HOUR"
"250052948","52714","34","1991-04-16","9","L. Muriel","COL","STRIKER","FORWARD","MALE","178","./image/250052948.jpg","Luis Muriel","FORWARD","","L. MURIEL","29","75","Colombie","Attaquant","Luis","Muriel","Luis Muriel","Muriel","200122","./assoc/200122_ESP.svg","./logo/52714.png","UEFA","ESP","52714","FAME","Sevilla","","https://img.uefa.com/imgml/TP/teams/logos/70x70/52714.png","https://img.uefa.com/imgml/TP/teams/logos/240x240/52714.png","252714","SEV","DOMESTIC_MEN_TEAM_A","","DOMESTIC","Espagne","Sevilla","Sevilla FC","SEV","252","MINUTE","8","0","1","29.19","KILOMETER","28.8","KILOMETER_PER_HOUR"
"250038978","50149","36","1988-11-03","11","Bruno César","BRA","WINGER","MIDFIELDER","MALE","177","./image/250038978.jpg","Bruno César","MIDFIELDER","","Zanaki","","75","Brésil","Milieu","","Bruno César","Bruno César","Bruno César","200110","./assoc/200110_POR.svg","./logo/50149.png","UEFA","POR","50149","FAME","Sporting CP","","https://img.uefa.com/imgml/TP/teams/logos/70x70/50149.png","https://img.uefa.com/imgml/TP/teams/logos/240x240/50149.png","250149","SPO","DOMESTIC_MEN_TEAM_A","","DOMESTIC","Portugal","Sporting CP","Sporting Clube de Portugal","SPO","252","MINUTE","5","2","0","28.32","KILOMETER","29.3","KILOMETER_PER_HOUR"
"250066156","52758","31","1993-12-22","22","Guerreiro","POR","FULL_BACK","DEFENDER","MALE","170","./image/250066156.jpg","Raphaël Guerreiro","DEFENDER","5","Raphael","110","67","Portugal","Défenseur","Raphaël","Guerreiro","Raphaël Guerreiro","Guerreiro","200047","./assoc/200047_GER.svg","./logo/52758.png","UEFA","GER","52758","FAME","B. Dortmund","","https://img.uefa.com/imgml/TP/teams/logos/70x70/52758.png","https://img.uefa.com/imgml/TP/teams/logos/240x240/52758.png","252758","BVB","DOMESTIC_MEN_TEAM_A","","DOMESTIC","Allemagne","B. Dortmund","Borussia Dortmund","BVB","252","MINUTE","3","1","0","31.11","KILOMETER","28.4","KILOMETER_PER_HOUR"
"104892","2610","41","1984-03-09","30","","BEL","UNKNOWN","","MALE","186","./image/104892.jpg","Guillaume Gillet","","13","","13","80","Belgique","","Guillaume","Gillet","Guillaume Gillet","Gillet","200049","./assoc/200049_GRE.svg","./logo/2610.png","UEFA","GRE","2610","FAME","Olympiacos","","https://img.uefa.com/imgml/TP/teams/logos/70x70/2610.png","https://img.uefa.com/imgml/TP/teams/logos/240x240/2610.png","202610","OLY","DOMESTIC_MEN_TEAM_A","","DOMESTIC","Grèce","Olympiacos","Olympiacos FC","OLY","250","MINUTE","4","0","0","31.76","KILOMETER","27.2","KILOMETER_PER_HOUR"
"250025002","57490","31","1994-04-29","30","Bajde","SVN","UNKNOWN","FORWARD","MALE","","./image/250025002.jpg","Gregor Bajde","FORWARD","19","Bajde","57163","","Slovénie","Attaquant","Gregor","Bajde","Gregor Bajde","Bajde","257163","./assoc/257163_SVN.svg","./logo/57490.png","UEFA","SVN","57490","FAME","Maribor","","https://img.uefa.com/imgml/TP/teams/logos/70x70/57490.png","https://img.uefa.com/imgml/TP/teams/logos/240x240/57490.png","257490","MRB","DOMESTIC_MEN_TEAM_A","","DOMESTIC","Slovénie","Maribor","NK Maribor","MRB","249","MINUTE","4","0","0","33.21","KILOMETER","31.4","KILOMETER_PER_HOUR"
"250005650","50050","35","1990-08-20","9","Griffiths","SCO","STRIKER","FORWARD","MALE","173","./image/250005650.jpg","Leigh Griffiths","FORWARD","20","Griffiths","117","64","Écosse","Attaquant","Leigh","Griffiths","Leigh Griffiths","Griffiths","200117","./assoc/200117_SCO.svg","./logo/50050.png","UEFA","SCO","50050","FAME","Celtic","","https://img.uefa.com/imgml/TP/teams/logos/70x70/50050.png","https://img.uefa.com/imgml/TP/teams/logos/240x240/50050.png","250050","CEL","DOMESTIC_MEN_TEAM_A","","DOMESTIC","Écosse","Celtic","Celtic FC","CEL","248","MINUTE","5","1","0","27.42","KILOMETER","27.8","KILOMETER_PER_HOUR"
"250017753","2610","32","1992-10-16","7","Fortounis","GRE","ATTACKING_MIDFIELDER","FORWARD","MALE","182","./image/250017753.jpg","Kostas Fortounis","MIDFIELDER","10","Fortounis","49","70","Grèce","Attaquant","Kostas","Fortounis","Kostas Fortounis","Fortounis","200049","./assoc/200049_GRE.svg","./logo/2610.png","UEFA","GRE","2610","FAME","Olympiacos","","https://img.uefa.com/imgml/TP/teams/logos/70x70/2610.png","https://img.uefa.com/imgml/TP/teams/logos/240x240/2610.png","202610","OLY","DOMESTIC_MEN_TEAM_A","","DOMESTIC","Grèce","Olympiacos","Olympiacos FC","OLY","246","MINUTE","6","0","1","29.84","KILOMETER","28.8","KILOMETER_PER_HOUR"
"250056685","52749","29","1996-03-07","2","Nieuwkoop","NED","FULL_BACK","DEFENDER","MALE","180","./image/250056685.jpg","Bart Nieuwkoop","DEFENDER","15","Nieuwkoop","200095","","Pays-Bas","Défenseur","Bart","Nieuwkoop","Bart Nieuwkoop","Nieuwkoop","200095","./assoc/200095_NED.svg","./logo/52749.png","UEFA","NED","52749","FAME","Feyenoord","","https://img.uefa.com/imgml/TP/teams/logos/70x70/52749.png","https://img.uefa.com/imgml/TP/teams/logos/240x240/52749.png","252749","FEY","DOMESTIC_MEN_TEAM_A","","DOMESTIC","Pays-Bas","Feyenoord","Feyenoord","FEY","245","MINUTE","4","0","0","29.22","KILOMETER","29.6","KILOMETER_PER_HOUR"
"1907824","2610","34","1991-02-15","77","PANAGIOTIS","GRE","UNKNOWN","MIDFIELDER","MALE","","./image/1907824.jpg","Panagiotis Tachtsidis","MIDFIELDER","17","Tachtsidis","49","","Grèce","Milieu","Panagiotis","Tachtsidis","Panagiotis Tachtsidis","Tachtsidis","200049","./assoc/200049_GRE.svg","./logo/2610.png","UEFA","GRE","2610","FAME","Olympiacos","","https://img.uefa.com/imgml/TP/teams/logos/70x70/2610.png","https://img.uefa.com/imgml/TP/teams/logos/240x240/2610.png","202610","OLY","DOMESTIC_MEN_TEAM_A","","DOMESTIC","Grèce","Olympiacos","Olympiacos FC","OLY","245","MINUTE","3","0","0","28.74","KILOMETER","29.1","KILOMETER_PER_HOUR"
"250043859","52682","32","1992-12-15","14","Lingard","ENG","WINGER","MIDFIELDER","MALE","168","./image/250043859.jpg","Jesse Lingard","MIDFIELDER","7","Lingard","39","65","Angleterre","Milieu","Jesse","Lingard","Jesse Lingard","Lingard","200039","./assoc/200039_ENG.svg","./logo/52682.png","UEFA","ENG","52682","FAME","Man Utd","","https://img.uefa.com/imgml/TP/teams/logos/70x70/52682.png","https://img.uefa.com/imgml/TP/teams/logos/240x240/52682.png","252682","MUN","DOMESTIC_MEN_TEAM_A","","DOMESTIC","Angleterre","Man Utd","Manchester United","MUN","243","MINUTE","6","0","0","32.71","KILOMETER","31.6","KILOMETER_PER_HOUR"
"95078","50068","37","1987-10-26","10","Popov","BUL","ATTACKING_MIDFIELDER","MIDFIELDER","MALE","182","./image/95078.jpg","Ivelin Popov","MIDFIELDER","10","I,Popov","20","78","Bulgarie","Milieu","Ivelin","Popov","Ivelin Popov","Popov","257451","./assoc/257451_RUS.svg","./logo/50068.png","UEFA","RUS","50068","FAME","Spartak Moskva","","https://img.uefa.com/imgml/TP/teams/logos/70x70/50068.png","https://img.uefa.com/imgml/TP/teams/logos/240x240/50068.png","250068","SPM","DOMESTIC_MEN_TEAM_A","","DOMESTIC","Russie","Spartak Moskva","FC Spartak Moskva","SPM","242","MINUTE","5","0","0","31.19","KILOMETER","28.2","KILOMETER_PER_HOUR"
"97869","54266","37","1988-02-18","10","Natcho","ISR","CENTRAL_MIDFIELDER","MIDFIELDER","MALE","175","./image/97869.jpg","Bibras Natcho","MIDFIELDER","6","Natcho","65","73","Israël","Milieu","Bibras","Natcho","Bibras Natcho","Natcho","257451","./assoc/257451_RUS.svg","./logo/54266.png","UEFA","RUS","54266","FAME","CSKA Moskva","","https://img.uefa.com/imgml/TP/teams/logos/70x70/54266.png","https://img.uefa.com/imgml/TP/teams/logos/240x240/54266.png","254266","CSM","DOMESTIC_MEN_TEAM_A","","DOMESTIC","Russie","CSKA Moskva","PFC CSKA Moskva","CSM","237","MINUTE","4","0","2","27.1","KILOMETER","25.7","KILOMETER_PER_HOUR"
"250073817","50147","32","1993-08-12","5","F. Augusto","BRA","UNKNOWN","MIDFIELDER","MALE","182","./image/250073817.jpg","Filipe Augusto","MIDFIELDER","","F. Augusto","","","Brésil","Milieu","","Filipe Augusto","Filipe Augusto","Filipe Augusto","200110","./assoc/200110_POR.svg","./logo/50147.png","UEFA","POR","50147","FAME","Benfica","","https://img.uefa.com/imgml/TP/teams/logos/70x70/50147.png","https://img.uefa.com/imgml/TP/teams/logos/240x240/50147.png","250147","BEN","DOMESTIC_MEN_TEAM_A","","DOMESTIC","Portugal","Benfica","SL Benfica","BEN","237","MINUTE","3","0","0","31.6","KILOMETER","27","KILOMETER_PER_HOUR"
"250082680","50137","28","1997-07-14","20","ÜNDER","TUR","WINGER","FORWARD","MALE","173","./image/250082680.jpg","Cengiz Ünder","FORWARD","17","CENGİZ ÜNDER","135","68","Turquie","Attaquant","","Cengiz Ünder","Cengiz Ünder","Cengiz Ünder","200066","./assoc/200066_ITA.svg","./logo/50137.png","UEFA","ITA","50137","FAME","Roma","","https://img.uefa.com/imgml/TP/teams/logos/70x70/50137.png","https://img.uefa.com/imgml/TP/teams/logos/240x240/50137.png","250137","ROM","DOMESTIC_MEN_TEAM_A","","DOMESTIC","Italie","Roma","AS Roma","ROM","236","MINUTE","5","1","1","28.61","KILOMETER","31","KILOMETER_PER_HOUR"
"250014297","50139","32","1993-03-09","27","Sturaro S.","ITA","CENTRAL_MIDFIELDER","MIDFIELDER","MALE","178","./image/250014297.jpg","Stefano Sturaro","MIDFIELDER","14","Sturaro","66","78","Italie","Milieu","Stefano","Sturaro","Stefano Sturaro","Sturaro","200066","./assoc/200066_ITA.svg","./logo/50139.png","UEFA","ITA","50139","FAME","Juventus","","https://img.uefa.com/imgml/TP/teams/logos/70x70/50139.png","https://img.uefa.com/imgml/TP/teams/logos/240x240/50139.png","250139","JUV","DOMESTIC_MEN_TEAM_A","","DOMESTIC","Italie","Juventus","Juventus","JUV","235","MINUTE","5","0","0","28.89","KILOMETER","29.3","KILOMETER_PER_HOUR"
"54105","50136","43","1982-02-11","11","Maggio","ITA","FULL_BACK","DEFENDER","MALE","184","./image/54105.jpg","Christian Maggio","","2","","","79","Italie","Défenseur","Christian","Maggio","Christian Maggio","Maggio","200066","./assoc/200066_ITA.svg","./logo/50136.png","UEFA","ITA","50136","FAME","Napoli","","https://img.uefa.com/imgml/TP/teams/logos/70x70/50136.png","https://img.uefa.com/imgml/TP/teams/logos/240x240/50136.png","250136","NAP","DOMESTIC_MEN_TEAM_A","","DOMESTIC","Italie","Napoli","SSC Napoli","NAP","235","MINUTE","4","0","0","26.98","KILOMETER","30.1","KILOMETER_PER_HOUR"
"250060116","50064","33","1992-09-19","23","D.REYES","MEX","CENTRE_BACK","DEFENDER","MALE","193","./image/250060116.jpg","Diego Reyes","DEFENDER","5","Reyes","91","","Mexique","Défenseur","Diego","Reyes","Diego Reyes","Reyes","200110","./assoc/200110_POR.svg","./logo/50064.png","UEFA","POR","50064","FAME","Porto","","https://img.uefa.com/imgml/TP/teams/logos/70x70/50064.png","https://img.uefa.com/imgml/TP/teams/logos/240x240/50064.png","250064","POR","DOMESTIC_MEN_TEAM_A","","DOMESTIC","Portugal","Porto","FC Porto","POR","234","MINUTE","6","0","0","27.57","KILOMETER","28.9","KILOMETER_PER_HOUR"
"66072","50118","42","1983-05-12","9","DE CAMARGO","BEL","STRIKER","FORWARD","MALE","187","./image/66072.jpg","Igor De Camargo","FORWARD","23","De Camargo","","85","Belgique","Attaquant","Igor","De Camargo","Igor De Camargo","De Camargo","200033","./assoc/200033_CYP.svg","./logo/50118.png","UEFA","CYP","50118","FAME","APOEL","","https://img.uefa.com/imgml/TP/teams/logos/70x70/50118.png","https://img.uefa.com/imgml/TP/teams/logos/240x240/50118.png","250118","APO","DOMESTIC_MEN_TEAM_A","","DOMESTIC","Chypre","APOEL","APOEL FC","APO","234","MINUTE","5","0","0","28.85","KILOMETER","28.3","KILOMETER_PER_HOUR"
"250017884","50050","33","1992-03-30","16","Armstrong","SCO","ATTACKING_MIDFIELDER","MIDFIELDER","MALE","183","./image/250017884.jpg","Stuart Armstrong","MIDFIELDER","17","Armstrong","117","75","Écosse","Milieu","Stuart","Armstrong","Stuart Armstrong","Armstrong","200117","./assoc/200117_SCO.svg","./logo/50050.png","UEFA","SCO","50050","FAME","Celtic","","https://img.uefa.com/imgml/TP/teams/logos/70x70/50050.png","https://img.uefa.com/imgml/TP/teams/logos/240x240/50050.png","250050","CEL","DOMESTIC_MEN_TEAM_A","","DOMESTIC","Écosse","Celtic","Celtic FC","CEL","234","MINUTE","4","0","0","30.86","KILOMETER","28.4","KILOMETER_PER_HOUR"
"250066931","50050","28","1997-02-05","7","Roberts","ENG","ATTACKING_MIDFIELDER","FORWARD","MALE","167","./image/250066931.jpg","Patrick Roberts","MIDFIELDER","7","Roberts","300039","58","Angleterre","Attaquant","Patrick","Roberts","Patrick Roberts","Roberts","200117","./assoc/200117_SCO.svg","./logo/50050.png","UEFA","SCO","50050","FAME","Celtic","","https://img.uefa.com/imgml/TP/teams/logos/70x70/50050.png","https://img.uefa.com/imgml/TP/teams/logos/240x240/50050.png","250050","CEL","DOMESTIC_MEN_TEAM_A","","DOMESTIC","Écosse","Celtic","Celtic FC","CEL","233","MINUTE","3","1","0","27.65","KILOMETER","28.4","KILOMETER_PER_HOUR"
"250111646","50023","29","1996-07-05","11","A Diakhaby","FRA","","MIDFIELDER","MALE","","./image/250111646.jpg","Adama Diakhaby","FORWARD","15","Diakhaby","200043","","France","Milieu","Adama","Diakhaby","Adama Diakhaby","Diakhaby","200043","./assoc/200043_FRA.svg","./logo/50023.png","UEFA","FRA","50023","FAME","Monaco","","https://img.uefa.com/imgml/TP/teams/logos/70x70/50023.png","https://img.uefa.com/imgml/TP/teams/logos/240x240/50023.png","250023","MON","DOMESTIC_MEN_TEAM_A","","DOMESTIC","France","Monaco","AS Monaco","MON","227","MINUTE","5","0","0","24.76","KILOMETER","31.5","KILOMETER_PER_HOUR"
"250056057","57490","31","1994-10-07","30","Ahmedi","ITA","","MIDFIELDER","MALE","","./image/250056057.jpg","Valon Ahmedi","FORWARD","11","Ahmedi","2","","Italie","Milieu","Valon","Ahmedi","Valon Ahmedi","Ahmedi","257163","./assoc/257163_SVN.svg","./logo/57490.png","UEFA","SVN","57490","FAME","Maribor","","https://img.uefa.com/imgml/TP/teams/logos/70x70/57490.png","https://img.uefa.com/imgml/TP/teams/logos/240x240/57490.png","257490","MRB","DOMESTIC_MEN_TEAM_A","","DOMESTIC","Slovénie","Maribor","NK Maribor","MRB","226","MINUTE","4","0","0","31.46","KILOMETER","30.8","KILOMETER_PER_HOUR"
"250063840","50064","36","1989-08-26","21","A. André","POR","CENTRAL_MIDFIELDER","MIDFIELDER","MALE","174","./image/250063840.jpg","André André","MIDFIELDER","24","André","110","65","Portugal","Milieu","","André André","André André","André André","200110","./assoc/200110_POR.svg","./logo/50064.png","UEFA","POR","50064","FAME","Porto","","https://img.uefa.com/imgml/TP/teams/logos/70x70/50064.png","https://img.uefa.com/imgml/TP/teams/logos/240x240/50064.png","250064","POR","DOMESTIC_MEN_TEAM_A","","DOMESTIC","Portugal","Porto","FC Porto","POR","226","MINUTE","4","0","0","29.74","KILOMETER","27.6","KILOMETER_PER_HOUR"
"69176","1652","40","1985-02-26","9","LLORENTE","ESP","","FORWARD","MALE","195","./image/69176.jpg","Fernando Llorente","FORWARD","19","LLORENTE","","90","Espagne","Attaquant","Fernando","Llorente","Fernando Llorente","Llorente","200039","./assoc/200039_ENG.svg","./logo/1652.png","UEFA","ENG","1652","FAME","Tottenham","","https://img.uefa.com/imgml/TP/teams/logos/70x70/1652.png","https://img.uefa.com/imgml/TP/teams/logos/240x240/1652.png","201652","TOT","DOMESTIC_MEN_TEAM_A","","DOMESTIC","Angleterre","Tottenham","Tottenham Hotspur","TOT","225","MINUTE","7","1","1","28.28","KILOMETER","29.1","KILOMETER_PER_HOUR"
"52563","50118","41","1984-01-24","24","Waterman","NED","GOALKEEPER","GOALKEEPER","MALE","188","./image/52563.jpg","Boy Waterman","GOALKEEPER","1","Waterman","","80","Pays-Bas","Gardien","Boy","Waterman","Boy Waterman","Waterman","200033","./assoc/200033_CYP.svg","./logo/50118.png","UEFA","CYP","50118","FAME","APOEL","","https://img.uefa.com/imgml/TP/teams/logos/70x70/50118.png","https://img.uefa.com/imgml/TP/teams/logos/240x240/50118.png","250118","APO","DOMESTIC_MEN_TEAM_A","","DOMESTIC","Chypre","APOEL","APOEL FC","APO","224","MINUTE","3","0","0","8.95","KILOMETER","23.1","KILOMETER_PER_HOUR"
"250087653","54266","27","1998-03-18","20","Kuchaev","RUS","CENTRAL_MIDFIELDER","MIDFIELDER","MALE","","./image/250087653.jpg","Konstantin Kuchaev","MIDFIELDER","13","Kuchaev","57451","","Russie","Milieu","Konstantin","Kuchaev","Konstantin Kuchaev","Kuchaev","257451","./assoc/257451_RUS.svg","./logo/54266.png","UEFA","RUS","54266","FAME","CSKA Moskva","","https://img.uefa.com/imgml/TP/teams/logos/70x70/54266.png","https://img.uefa.com/imgml/TP/teams/logos/240x240/54266.png","254266","CSM","DOMESTIC_MEN_TEAM_A","","DOMESTIC","Russie","CSKA Moskva","PFC CSKA Moskva","CSM","221","MINUTE","6","1","0","33.25","KILOMETER","28.7","KILOMETER_PER_HOUR"
"250100184","50137","28","1997-05-20","8","Gerson","BRA","ATTACKING_MIDFIELDER","MIDFIELDER","MALE","175","./image/250100184.jpg","Gerson","MIDFIELDER","","Gerson","","66","Brésil","Milieu","","Gerson","Gerson","Gerson","200066","./assoc/200066_ITA.svg","./logo/50137.png","UEFA","ITA","50137","FAME","Roma","","https://img.uefa.com/imgml/TP/teams/logos/70x70/50137.png","https://img.uefa.com/imgml/TP/teams/logos/240x240/50137.png","250137","ROM","DOMESTIC_MEN_TEAM_A","","DOMESTIC","Italie","Roma","AS Roma","ROM","221","MINUTE","6","0","0","25.67","KILOMETER","28.4","KILOMETER_PER_HOUR"
"104237","52682","37","1987-11-22","27","FELLAINI","BEL","CENTRAL_MIDFIELDER","MIDFIELDER","MALE","194","./image/104237.jpg","Marouane Fellaini","MIDFIELDER","8","Fellaini-Bakkioui","13","85","Belgique","Milieu","Marouane","Fellaini","Marouane Fellaini","Fellaini","200039","./assoc/200039_ENG.svg","./logo/52682.png","UEFA","ENG","52682","FAME","Man Utd","","https://img.uefa.com/imgml/TP/teams/logos/70x70/52682.png","https://img.uefa.com/imgml/TP/teams/logos/240x240/52682.png","252682","MUN","DOMESTIC_MEN_TEAM_A","","DOMESTIC","Angleterre","Man Utd","Manchester United","MUN","221","MINUTE","3","1","1","27.33","KILOMETER","25.2","KILOMETER_PER_HOUR"
"250002548","50147","33","1992-02-22","14","SEFEROVIC","SUI","STRIKER","FORWARD","MALE","185","./image/250002548.jpg","Haris Seferović","FORWARD","9","Seferovic","128","85","Suisse","Attaquant","Haris","Seferović","Haris Seferović","Seferović","200110","./assoc/200110_POR.svg","./logo/50147.png","UEFA","POR","50147","FAME","Benfica","","https://img.uefa.com/imgml/TP/teams/logos/70x70/50147.png","https://img.uefa.com/imgml/TP/teams/logos/240x240/50147.png","250147","BEN","DOMESTIC_MEN_TEAM_A","","DOMESTIC","Portugal","Benfica","SL Benfica","BEN","219","MINUTE","4","1","0","27.14","KILOMETER","29.1","KILOMETER_PER_HOUR"
"97859","52758","37","1988-09-05","8","","GER","CENTRAL_MIDFIELDER","","MALE","180","./image/97859.jpg","Nuri Şahin","MIDFIELDER","20","Nuri Sahin","135","73","Allemagne","","","Nuri Şahin","Nuri Şahin","Nuri Şahin","200047","./assoc/200047_GER.svg","./logo/52758.png","UEFA","GER","52758","FAME","B. Dortmund","","https://img.uefa.com/imgml/TP/teams/logos/70x70/52758.png","https://img.uefa.com/imgml/TP/teams/logos/240x240/52758.png","252758","BVB","DOMESTIC_MEN_TEAM_A","","DOMESTIC","Allemagne","B. Dortmund","Borussia Dortmund","BVB","215","MINUTE","3","0","0","27.44","KILOMETER","25.1","KILOMETER_PER_HOUR"
"250042212","2610","30","1995-03-20","16","Zdjelar","SRB","DEFENSIVE_MIDFIELDER","MIDFIELDER","MALE","181","./image/250042212.jpg","Saša Zdjelar","MIDFIELDER","20","Zdjelar","147","77","Serbie","Milieu","Saša","Zdjelar","Saša Zdjelar","Zdjelar","200049","./assoc/200049_GRE.svg","./logo/2610.png","UEFA","GRE","2610","FAME","Olympiacos","","https://img.uefa.com/imgml/TP/teams/logos/70x70/2610.png","https://img.uefa.com/imgml/TP/teams/logos/240x240/2610.png","202610","OLY","DOMESTIC_MEN_TEAM_A","","DOMESTIC","Grèce","Olympiacos","Olympiacos FC","OLY","212","MINUTE","3","0","0","25.64","KILOMETER","27","KILOMETER_PER_HOUR"
"250043286","50068","35","1990-08-10","25","Melgarejo","PAR","WINGER","MIDFIELDER","MALE","178","./image/250043286.jpg","Lorenzo Melgarejo","FORWARD","","Melgarejo","106","","Paraguay","Milieu","Lorenzo","Melgarejo","Lorenzo Melgarejo","Melgarejo","257451","./assoc/257451_RUS.svg","./logo/50068.png","UEFA","RUS","50068","FAME","Spartak Moskva","","https://img.uefa.com/imgml/TP/teams/logos/70x70/50068.png","https://img.uefa.com/imgml/TP/teams/logos/240x240/50068.png","250068","SPM","DOMESTIC_MEN_TEAM_A","","DOMESTIC","Russie","Spartak Moskva","FC Spartak Moskva","SPM","210","MINUTE","6","1","1","27.45","KILOMETER","28.9","KILOMETER_PER_HOUR"
"250075866","50149","31","1994-06-29","19","J.SILVA","ITA","UNKNOWN","DEFENDER","MALE","178","./image/250075866.jpg","Jonathan Silva","DEFENDER","","J. Silva","","","Italie","Défenseur","Jonathan","Silva","Jonathan Silva","Silva","200110","./assoc/200110_POR.svg","./logo/50149.png","UEFA","POR","50149","FAME","Sporting CP","","https://img.uefa.com/imgml/TP/teams/logos/70x70/50149.png","https://img.uefa.com/imgml/TP/teams/logos/240x240/50149.png","250149","SPO","DOMESTIC_MEN_TEAM_A","","DOMESTIC","Portugal","Sporting CP","Sporting Clube de Portugal","SPO","209","MINUTE","4","0","0","24.21","KILOMETER","27.6","KILOMETER_PER_HOUR"
"250055110","50137","29","1996-01-24","14","Schick","CZE","STRIKER","FORWARD","MALE","186","./image/250055110.jpg","Patrik Schick","FORWARD","10","Schick","58837","73","Tchéquie","Attaquant","Patrik","Schick","Patrik Schick","Schick","200066","./assoc/200066_ITA.svg","./logo/50137.png","UEFA","ITA","50137","FAME","Roma","","https://img.uefa.com/imgml/TP/teams/logos/70x70/50137.png","https://img.uefa.com/imgml/TP/teams/logos/240x240/50137.png","250137","ROM","DOMESTIC_MEN_TEAM_A","","DOMESTIC","Italie","Roma","AS Roma","ROM","208","MINUTE","3","0","0","24.86","KILOMETER","30.6","KILOMETER_PER_HOUR"
"58686","50124","41","1984-03-20","9","","ESP","STRIKER","","MALE","186","./image/58686.jpg","Fernando Torres","FORWARD","9","TORRES","","81","Espagne","","Fernando","Torres","Fernando Torres","Torres","200122","./assoc/200122_ESP.svg","./logo/50124.png","UEFA","ESP","50124","FAME","Atleti","","https://img.uefa.com/imgml/TP/teams/logos/70x70/50124.png","https://img.uefa.com/imgml/TP/teams/logos/240x240/50124.png","250124","ATM","DOMESTIC_MEN_TEAM_A","","DOMESTIC","Espagne","Atleti","Atlético de Madrid","ATM","207","MINUTE","5","0","1","25.23","KILOMETER","27.8","KILOMETER_PER_HOUR"
"250031265","2610","31","1994-03-01","","","SRB","STRIKER","FORWARD","","","./image/250031265.jpg","Uroš Djurdjević","","","","","","Serbie","Attaquant","Uroš","Djurdjević","Uroš Djurdjević","Djurdjević","200049","./assoc/200049_GRE.svg","./logo/2610.png","UEFA","GRE","2610","FAME","Olympiacos","","https://img.uefa.com/imgml/TP/teams/logos/70x70/2610.png","https://img.uefa.com/imgml/TP/teams/logos/240x240/2610.png","202610","OLY","DOMESTIC_MEN_TEAM_A","","DOMESTIC","Grèce","Olympiacos","Olympiacos FC","OLY","207","MINUTE","5","0","0","25.47","KILOMETER","30.6","KILOMETER_PER_HOUR"
"250088240","52682","28","1996-12-08","8","McTominay","SCO","DEFENSIVE_MIDFIELDER","FORWARD","MALE","","./image/250088240.jpg","Scott McTominay","MIDFIELDER","4","McTominay","117","","Écosse","Attaquant","Scott","McTominay","Scott McTominay","McTominay","200039","./assoc/200039_ENG.svg","./logo/52682.png","UEFA","ENG","52682","FAME","Man Utd","","https://img.uefa.com/imgml/TP/teams/logos/70x70/52682.png","https://img.uefa.com/imgml/TP/teams/logos/240x240/52682.png","252682","MUN","DOMESTIC_MEN_TEAM_A","","DOMESTIC","Angleterre","Man Utd","Manchester United","MUN","204","MINUTE","4","0","0","25.99","KILOMETER","27","KILOMETER_PER_HOUR"
"103806","52682","35","1989-12-02","36","Darmian","ITA","FULL_BACK","DEFENDER","MALE","182","./image/103806.jpg","Matteo Darmian","DEFENDER","13","Darmian","66","70","Italie","Défenseur","Matteo","Darmian","Matteo Darmian","Darmian","200039","./assoc/200039_ENG.svg","./logo/52682.png","UEFA","ENG","52682","FAME","Man Utd","","https://img.uefa.com/imgml/TP/teams/logos/70x70/52682.png","https://img.uefa.com/imgml/TP/teams/logos/240x240/52682.png","252682","MUN","DOMESTIC_MEN_TEAM_A","","DOMESTIC","Angleterre","Man Utd","Manchester United","MUN","203","MINUTE","3","0","0","22.5","KILOMETER","27.7","KILOMETER_PER_HOUR"
"250022869","2603790","31","1994-06-15","9","Poulsen","DEN","STRIKER","FORWARD","MALE","193","./image/250022869.jpg","Yussuf Poulsen","FORWARD","20","Yurary","35","78","Danemark","Attaquant","Yussuf","Poulsen","Yussuf Poulsen","Poulsen","200047","./assoc/200047_GER.svg","./logo/2603790.png","UEFA","GER","2603790","FAME","Leipzig","","https://img.uefa.com/imgml/TP/teams/logos/70x70/2603790.png","https://img.uefa.com/imgml/TP/teams/logos/240x240/2603790.png","250002563","RBL","DOMESTIC_MEN_TEAM_A","","DOMESTIC","Allemagne","Leipzig","RB Leipzig","RBL","200","MINUTE","4","0","1","24.59","KILOMETER","29.6","KILOMETER_PER_HOUR"
"65288","50147","42","1983-10-01","19","Eliseu","POR","FULL_BACK","DEFENDER","MALE","180","./image/65288.jpg","Eliseu","DEFENDER","19","Eliseu","110","75","Portugal","Défenseur","","Eliseu","Eliseu","Eliseu","200110","./assoc/200110_POR.svg","./logo/50147.png","UEFA","POR","50147","FAME","Benfica","","https://img.uefa.com/imgml/TP/teams/logos/70x70/50147.png","https://img.uefa.com/imgml/TP/teams/logos/240x240/50147.png","250147","BEN","DOMESTIC_MEN_TEAM_A","","DOMESTIC","Portugal","Benfica","SL Benfica","BEN","200","MINUTE","3","0","0","22.01","KILOMETER","30.3","KILOMETER_PER_HOUR"
"1905761","50064","41","1984-06-08","2","Maxi","URU","UNKNOWN","DEFENDER","MALE","173","./image/1905761.jpg","Maxi Pereira","DEFENDER","16","Maxi","138","71","Uruguay","Défenseur","","Maxi Pereira","Maxi Pereira","Maxi Pereira","200110","./assoc/200110_POR.svg","./logo/50064.png","UEFA","POR","50064","FAME","Porto","","https://img.uefa.com/imgml/TP/teams/logos/70x70/50064.png","https://img.uefa.com/imgml/TP/teams/logos/240x240/50064.png","250064","POR","DOMESTIC_MEN_TEAM_A","","DOMESTIC","Portugal","Porto","FC Porto","POR","198","MINUTE","3","1","0","23.07","KILOMETER","26.2","KILOMETER_PER_HOUR"
"250064583","52747","30","1995-08-13","3","Kimpembe","FRA","UNKNOWN","DEFENDER","MALE","183","./image/250064583.jpg","Presnel Kimpembe","DEFENDER","3","Kimpembe","43","67","France","Défenseur","Presnel","Kimpembe","Presnel Kimpembe","Kimpembe","200043","./assoc/200043_FRA.svg","./logo/52747.png","UEFA","FRA","52747","FAME","Paris","","https://img.uefa.com/imgml/TP/teams/logos/70x70/52747.png","https://img.uefa.com/imgml/TP/teams/logos/240x240/52747.png","252747","PSG","DOMESTIC_MEN_TEAM_A","","DOMESTIC","France","Paris","Paris Saint-Germain","PSG","198","MINUTE","3","0","0","20.15","KILOMETER","29.7","KILOMETER_PER_HOUR"
"250101534","52919","25","2000-05-28","47","Foden","ENG","UNKNOWN","MIDFIELDER","MALE","","./image/250101534.jpg","Phil Foden","MIDFIELDER","10","Foden","39","","Angleterre","Milieu","Phil","Foden","Phil Foden","Foden","200039","./assoc/200039_ENG.svg","./logo/52919.png","UEFA","ENG","52919","FAME","Man City","","https://img.uefa.com/imgml/TP/teams/logos/70x70/52919.png","https://img.uefa.com/imgml/TP/teams/logos/240x240/52919.png","252919","MCI","DOMESTIC_MEN_TEAM_A","","DOMESTIC","Angleterre","Man City","Manchester City","MCI","194","MINUTE","3","0","0","25.83","KILOMETER","28.9","KILOMETER_PER_HOUR"
"250074777","52758","29","1996-01-01","18","Dahoud","GER","CENTRAL_MIDFIELDER","MIDFIELDER","MALE","176","./image/250074777.jpg","Mahmoud Dahoud","MIDFIELDER","18","Dahoud","47","67","Allemagne","Milieu","Mahmoud","Dahoud","Mahmoud Dahoud","Dahoud","200047","./assoc/200047_GER.svg","./logo/52758.png","UEFA","GER","52758","FAME","B. Dortmund","","https://img.uefa.com/imgml/TP/teams/logos/70x70/52758.png","https://img.uefa.com/imgml/TP/teams/logos/240x240/52758.png","252758","BVB","DOMESTIC_MEN_TEAM_A","","DOMESTIC","Allemagne","B. Dortmund","Borussia Dortmund","BVB","192","MINUTE","3","0","0","27.19","KILOMETER","26.1","KILOMETER_PER_HOUR"
"72363","50068","41","1984-07-19","19","Samedov","RUS","CENTRAL_MIDFIELDER","MIDFIELDER","MALE","177","./image/72363.jpg","Aleksandr Samedov","MIDFIELDER","19","Samedov","57451","75","Russie","Milieu","Aleksandr","Samedov","Aleksandr Samedov","Samedov","257451","./assoc/257451_RUS.svg","./logo/50068.png","UEFA","RUS","50068","FAME","Spartak Moskva","","https://img.uefa.com/imgml/TP/teams/logos/70x70/50068.png","https://img.uefa.com/imgml/TP/teams/logos/240x240/50068.png","250068","SPM","DOMESTIC_MEN_TEAM_A","","DOMESTIC","Russie","Spartak Moskva","FC Spartak Moskva","SPM","190","MINUTE","4","1","0","24.52","KILOMETER","26.2","KILOMETER_PER_HOUR"
"1909623","50050","33","1991-10-30","55","Bitton","ISR","CENTRAL_MIDFIELDER","MIDFIELDER","MALE","196","./image/1909623.jpg","Nir Bitton","MIDFIELDER","4","Bitton","65","80","Israël","Milieu","Nir","Bitton","Nir Bitton","Bitton","200117","./assoc/200117_SCO.svg","./logo/50050.png","UEFA","SCO","50050","FAME","Celtic","","https://img.uefa.com/imgml/TP/teams/logos/70x70/50050.png","https://img.uefa.com/imgml/TP/teams/logos/240x240/50050.png","250050","CEL","DOMESTIC_MEN_TEAM_A","","DOMESTIC","Écosse","Celtic","Celtic FC","CEL","187","MINUTE","3","0","0","21.03","KILOMETER","29.7","KILOMETER_PER_HOUR"
"1902554","50074","37","1988-07-25","37","Obradović","SRB","FULL_BACK","DEFENDER","MALE","181","./image/1902554.jpg","Ivan Obradović","DEFENDER","3","Obradovic","147","79","Serbie","Défenseur","Ivan","Obradović","Ivan Obradović","Obradović","200013","./assoc/200013_BEL.svg","./logo/50074.png","UEFA","BEL","50074","FAME","Anderlecht","","https://img.uefa.com/imgml/TP/teams/logos/70x70/50074.png","https://img.uefa.com/imgml/TP/teams/logos/240x240/50074.png","250074","AND","DOMESTIC_MEN_TEAM_A","","DOMESTIC","Belgique","Anderlecht","RSC Anderlecht","AND","181","MINUTE","3","0","0","20.61","KILOMETER","28.9","KILOMETER_PER_HOUR"
"250086168","50064","34","1991-01-16","","","BRA","STRIKER","FORWARD","","","./image/250086168.jpg","Tiquinho Soares","","","","","","Brésil","Attaquant","Tiquinho","Soares","Tiquinho Soares","Soares","200110","./assoc/200110_POR.svg","./logo/50064.png","UEFA","POR","50064","FAME","Porto","","https://img.uefa.com/imgml/TP/teams/logos/70x70/50064.png","https://img.uefa.com/imgml/TP/teams/logos/240x240/50064.png","250064","POR","DOMESTIC_MEN_TEAM_A","","DOMESTIC","Portugal","Porto","FC Porto","POR","180","MINUTE","3","1","0","20.82","KILOMETER","28","KILOMETER_PER_HOUR"
"1907791","50147","36","1989-06-13","22","SAMARIS","GRE","DEFENSIVE_MIDFIELDER","MIDFIELDER","MALE","189","./image/1907791.jpg","Andreas Samaris","MIDFIELDER","22","Samaris","49","80","Grèce","Milieu","Andreas","Samaris","Andreas Samaris","Samaris","200110","./assoc/200110_POR.svg","./logo/50147.png","UEFA","POR","50147","FAME","Benfica","","https://img.uefa.com/imgml/TP/teams/logos/70x70/50147.png","https://img.uefa.com/imgml/TP/teams/logos/240x240/50147.png","250147","BEN","DOMESTIC_MEN_TEAM_A","","DOMESTIC","Portugal","Benfica","SL Benfica","BEN","180","MINUTE","3","0","0","22.66","KILOMETER","27.4","KILOMETER_PER_HOUR"
"250057664","2610","33","1992-06-08","92","Seba","BRA","WINGER","FORWARD","MALE","182","./image/250057664.jpg","Sebá","MIDFIELDER","","de Freita Couto Júnior","","72","Brésil","Attaquant","","Sebá","Sebá","Sebá","200049","./assoc/200049_GRE.svg","./logo/2610.png","UEFA","GRE","2610","FAME","Olympiacos","","https://img.uefa.com/imgml/TP/teams/logos/70x70/2610.png","https://img.uefa.com/imgml/TP/teams/logos/240x240/2610.png","202610","OLY","DOMESTIC_MEN_TEAM_A","","DOMESTIC","Grèce","Olympiacos","Olympiacos FC","OLY","180","MINUTE","3","0","0","20.59","KILOMETER","28.8","KILOMETER_PER_HOUR"
"250078678","52749","29","1996-10-06","2","Diks","NED","FULL_BACK","DEFENDER","MALE","","./image/250078678.jpg","Kevin Diks","DEFENDER","2","Diks","200095","","Pays-Bas","Défenseur","Kevin","Diks","Kevin Diks","Diks","200095","./assoc/200095_NED.svg","./logo/52749.png","UEFA","NED","52749","FAME","Feyenoord","","https://img.uefa.com/imgml/TP/teams/logos/70x70/52749.png","https://img.uefa.com/imgml/TP/teams/logos/240x240/52749.png","252749","FEY","DOMESTIC_MEN_TEAM_A","","DOMESTIC","Pays-Bas","Feyenoord","Feyenoord","FEY","180","MINUTE","3","0","0","20.28","KILOMETER","28.4","KILOMETER_PER_HOUR"
"74029","52758","40","1985-06-03","26","","POL","FULL_BACK","","MALE","184","./image/74029.jpg","Łukasz Piszczek","DEFENDER","20","Piszczek","109","79","Pologne","","Łukasz","Piszczek","Łukasz Piszczek","Piszczek","200047","./assoc/200047_GER.svg","./logo/52758.png","UEFA","GER","52758","FAME","B. Dortmund","","https://img.uefa.com/imgml/TP/teams/logos/70x70/52758.png","https://img.uefa.com/imgml/TP/teams/logos/240x240/52758.png","252758","BVB","DOMESTIC_MEN_TEAM_A","","DOMESTIC","Allemagne","B. Dortmund","Borussia Dortmund","BVB","180","MINUTE","2","0","0","22.56","KILOMETER","32.6","KILOMETER_PER_HOUR"
"250023100","59856","33","1992-02-27","3","Lacroix","SUI","CENTRE_BACK","DEFENDER","MALE","197","./image/250023100.jpg","Léo Lacroix","DEFENDER","13","Lacroix","128","92","Suisse","Défenseur","Léo","Lacroix","Léo Lacroix","Lacroix","200128","./assoc/200128_SUI.svg","./logo/59856.png","UEFA","SUI","59856","FAME","Basel","","https://img.uefa.com/imgml/TP/teams/logos/70x70/59856.png","https://img.uefa.com/imgml/TP/teams/logos/240x240/59856.png","259856","BSL","DOMESTIC_MEN_TEAM_A","","DOMESTIC","Suisse","Basel","FC Basel 1893","BSL","180","MINUTE","2","0","0","21.72","KILOMETER","28.8","KILOMETER_PER_HOUR"
"71507","52919","39","1986-04-10","4","","BEL","CENTRE_BACK","","MALE","193","./image/71507.jpg","Vincent Kompany","DEFENDER","4","Kompany","13","83","Belgique","","Vincent","Kompany","Vincent Kompany","Kompany","200039","./assoc/200039_ENG.svg","./logo/52919.png","UEFA","ENG","52919","FAME","Man City","","https://img.uefa.com/imgml/TP/teams/logos/70x70/52919.png","https://img.uefa.com/imgml/TP/teams/logos/240x240/52919.png","252919","MCI","DOMESTIC_MEN_TEAM_A","","DOMESTIC","Angleterre","Man City","Manchester City","MCI","180","MINUTE","2","0","0","21.67","KILOMETER","30.6","KILOMETER_PER_HOUR"
"250088061","50051","26","1998-11-04","2","HAKIMI","MAR","WINGER","DEFENDER","MALE","179","./image/250088061.jpg","Achraf Hakimi","MIDFIELDER","2","Hakimi","92","68","Maroc","Défenseur","Achraf","Hakimi","Achraf Hakimi","Hakimi","200122","./assoc/200122_ESP.svg","./logo/50051.png","UEFA","ESP","50051","FAME","Real Madrid","","https://img.uefa.com/imgml/TP/teams/logos/70x70/50051.png","https://img.uefa.com/imgml/TP/teams/logos/240x240/50051.png","250051","RMA","DOMESTIC_MEN_TEAM_A","","DOMESTIC","Espagne","Real Madrid","Real Madrid C.F.","RMA","180","MINUTE","2","0","0","21.37","KILOMETER","31.4","KILOMETER_PER_HOUR"
"102128","59856","36","1989-01-08","20","FREI","SUI","CENTRAL_MIDFIELDER","MIDFIELDER","MALE","182","./image/102128.jpg","Fabian Frei","MIDFIELDER","20","Frei","128","77","Suisse","Milieu","Fabian","Frei","Fabian Frei","F. Frei","200128","./assoc/200128_SUI.svg","./logo/59856.png","UEFA","SUI","59856","FAME","Basel","","https://img.uefa.com/imgml/TP/teams/logos/70x70/59856.png","https://img.uefa.com/imgml/TP/teams/logos/240x240/59856.png","259856","BSL","DOMESTIC_MEN_TEAM_A","","DOMESTIC","Suisse","Basel","FC Basel 1893","BSL","180","MINUTE","2","0","0","20.92","KILOMETER","31","KILOMETER_PER_HOUR"
"250003745","52919","34","1991-02-13","4","MANGALA","FRA","CENTRE_BACK","DEFENDER","MALE","188","./image/250003745.jpg","Eliaquim Mangala","DEFENDER","22","Mangala","43","84","France","Défenseur","Eliaquim","Mangala","Eliaquim Mangala","Mangala","200039","./assoc/200039_ENG.svg","./logo/52919.png","UEFA","ENG","52919","FAME","Man City","","https://img.uefa.com/imgml/TP/teams/logos/70x70/52919.png","https://img.uefa.com/imgml/TP/teams/logos/240x240/52919.png","252919","MCI","DOMESTIC_MEN_TEAM_A","","DOMESTIC","Angleterre","Man City","Manchester City","MCI","180","MINUTE","2","0","0","20.91","KILOMETER","27.6","KILOMETER_PER_HOUR"
"103823","52747","35","1990-02-10","17","YURI","ESP","UNKNOWN","DEFENDER","MALE","","./image/103823.jpg","Yuri Berchiche","DEFENDER","","YURI B.M.","","","Espagne","Défenseur","Yuri","Berchiche","Yuri Berchiche","Berchiche","200043","./assoc/200043_FRA.svg","./logo/52747.png","UEFA","FRA","52747","FAME","Paris","","https://img.uefa.com/imgml/TP/teams/logos/70x70/52747.png","https://img.uefa.com/imgml/TP/teams/logos/240x240/52747.png","252747","PSG","DOMESTIC_MEN_TEAM_A","","DOMESTIC","France","Paris","Paris Saint-Germain","PSG","180","MINUTE","2","0","0","20.73","KILOMETER","31","KILOMETER_PER_HOUR"
"103854","50074","36","1989-05-18","27","Chipciu","ROU","STRIKER","DEFENDER","MALE","177","./image/103854.jpg","Alexandru Chipciu","DEFENDER","8","Chipciu","113","74","Roumanie","Défenseur","Alexandru","Chipciu","Alexandru Chipciu","Chipciu","200013","./assoc/200013_BEL.svg","./logo/50074.png","UEFA","BEL","50074","FAME","Anderlecht","","https://img.uefa.com/imgml/TP/teams/logos/70x70/50074.png","https://img.uefa.com/imgml/TP/teams/logos/240x240/50074.png","250074","AND","DOMESTIC_MEN_TEAM_A","","DOMESTIC","Belgique","Anderlecht","RSC Anderlecht","AND","180","MINUTE","2","0","0","20.49","KILOMETER","28.8","KILOMETER_PER_HOUR"
"1902467","50023","41","1984-06-24","24","Raggi","ITA","UNKNOWN","DEFENDER","MALE","187","./image/1902467.jpg","Andrea Raggi","DEFENDER","17","Raggi","","82","Italie","Défenseur","Andrea","Raggi","Andrea Raggi","Raggi","200043","./assoc/200043_FRA.svg","./logo/50023.png","UEFA","FRA","50023","FAME","Monaco","","https://img.uefa.com/imgml/TP/teams/logos/70x70/50023.png","https://img.uefa.com/imgml/TP/teams/logos/240x240/50023.png","250023","MON","DOMESTIC_MEN_TEAM_A","","DOMESTIC","France","Monaco","AS Monaco","MON","180","MINUTE","2","0","0","20.16","KILOMETER","28.7","KILOMETER_PER_HOUR"
"250058220","50147","28","1997-05-14","3","Rúben","POR","CENTRE_BACK","DEFENDER","MALE","","./image/250058220.jpg","Rúben Dias","DEFENDER","3","RÚBEN DIAS","110","","Portugal","Défenseur","","Rúben Dias","Rúben Dias","Rúben Dias","200110","./assoc/200110_POR.svg","./logo/50147.png","UEFA","POR","50147","FAME","Benfica","","https://img.uefa.com/imgml/TP/teams/logos/70x70/50147.png","https://img.uefa.com/imgml/TP/teams/logos/240x240/50147.png","250147","BEN","DOMESTIC_MEN_TEAM_A","","DOMESTIC","Portugal","Benfica","SL Benfica","BEN","180","MINUTE","2","0","0","19.79","KILOMETER","30.1","KILOMETER_PER_HOUR"
"58883","50118","41","1984-07-30","30","MERKIS","CYP","CENTRE_BACK","DEFENDER","MALE","180","./image/58883.jpg","Giorgos Merkis","DEFENDER","4","Merkis","33","83","Chypre","Défenseur","Giorgos","Merkis","Giorgos Merkis","Merkis","200033","./assoc/200033_CYP.svg","./logo/50118.png","UEFA","CYP","50118","FAME","APOEL","","https://img.uefa.com/imgml/TP/teams/logos/70x70/50118.png","https://img.uefa.com/imgml/TP/teams/logos/240x240/50118.png","250118","APO","DOMESTIC_MEN_TEAM_A","","DOMESTIC","Chypre","APOEL","APOEL FC","APO","180","MINUTE","2","0","0","18.84","KILOMETER","28.1","KILOMETER_PER_HOUR"
"103759","50149","36","1989-10-05","6","A. Pinto","POR","CENTRE_BACK","DEFENDER","MALE","193","./image/103759.jpg","André Pinto","DEFENDER","","André Pinto","","85","Portugal","Défenseur","","André Pinto","André Pinto","André Pinto","200110","./assoc/200110_POR.svg","./logo/50149.png","UEFA","POR","50149","FAME","Sporting CP","","https://img.uefa.com/imgml/TP/teams/logos/70x70/50149.png","https://img.uefa.com/imgml/TP/teams/logos/240x240/50149.png","250149","SPO","DOMESTIC_MEN_TEAM_A","","DOMESTIC","Portugal","Sporting CP","Sporting Clube de Portugal","SPO","180","MINUTE","2","0","0","18.83","KILOMETER","26.8","KILOMETER_PER_HOUR"
"105986","52714","41","1984-01-19","21","Pareja","ARG","UNKNOWN","DEFENDER","MALE","183","./image/105986.jpg","Nicolás Pareja","DEFENDER","","Pareja","","75","Argentine","Défenseur","Nicolás","Pareja","Nicolás Pareja","Pareja","200122","./assoc/200122_ESP.svg","./logo/52714.png","UEFA","ESP","52714","FAME","Sevilla","","https://img.uefa.com/imgml/TP/teams/logos/70x70/52714.png","https://img.uefa.com/imgml/TP/teams/logos/240x240/52714.png","252714","SEV","DOMESTIC_MEN_TEAM_A","","DOMESTIC","Espagne","Sevilla","Sevilla FC","SEV","180","MINUTE","2","0","0","18.24","KILOMETER","26.4","KILOMETER_PER_HOUR"
"95349","50051","39","1986-10-02","13","K. CASILLA","ESP","GOALKEEPER","GOALKEEPER","MALE","191","./image/95349.jpg","Kiko Casilla","GOALKEEPER","23","K. Casilla","200122","84","Espagne","Gardien","Kiko","Casilla","Kiko Casilla","Casilla","200122","./assoc/200122_ESP.svg","./logo/50051.png","UEFA","ESP","50051","FAME","Real Madrid","","https://img.uefa.com/imgml/TP/teams/logos/70x70/50051.png","https://img.uefa.com/imgml/TP/teams/logos/240x240/50051.png","250051","RMA","DOMESTIC_MEN_TEAM_A","","DOMESTIC","Espagne","Real Madrid","Real Madrid C.F.","RMA","180","MINUTE","2","0","0","8.54","KILOMETER","23.6","KILOMETER_PER_HOUR"
"250024742","50147","30","1994-11-04","14","B. Varela","POR","GOALKEEPER","GOALKEEPER","MALE","191","./image/250024742.jpg","Bruno Varela","GOALKEEPER","22","Varela","110","","Portugal","Gardien","","Bruno Varela","Bruno Varela","Bruno Varela","200110","./assoc/200110_POR.svg","./logo/50147.png","UEFA","POR","50147","FAME","Benfica","","https://img.uefa.com/imgml/TP/teams/logos/70x70/50147.png","https://img.uefa.com/imgml/TP/teams/logos/240x240/50147.png","250147","BEN","DOMESTIC_MEN_TEAM_A","","DOMESTIC","Portugal","Benfica","SL Benfica","BEN","180","MINUTE","2","0","0","8.4","KILOMETER","23.7","KILOMETER_PER_HOUR"
"250081368","52714","32","1993-04-04","13","DAVID SORIA","ESP","GOALKEEPER","GOALKEEPER","MALE","192","./image/250081368.jpg","David Soria","GOALKEEPER","","DAVID SORIA","","85","Espagne","Gardien","David","Soria","David Soria","Soria","200122","./assoc/200122_ESP.svg","./logo/52714.png","UEFA","ESP","52714","FAME","Sevilla","","https://img.uefa.com/imgml/TP/teams/logos/70x70/52714.png","https://img.uefa.com/imgml/TP/teams/logos/240x240/52714.png","252714","SEV","DOMESTIC_MEN_TEAM_A","","DOMESTIC","Espagne","Sevilla","Sevilla FC","SEV","180","MINUTE","2","0","0","8.25","KILOMETER","18.8","KILOMETER_PER_HOUR"
"53733","50157","42","1983-10-10","29","T.ZENGİN","TUR","GOALKEEPER","GOALKEEPER","MALE","192","./image/53733.jpg","Tolga Zengin","GOALKEEPER","33","Zengin","135","90","Turquie","Gardien","","Tolga Zengin","Tolga Zengin","Tolga Zengin","200135","./assoc/200135_TUR.svg","./logo/50157.png","UEFA","TUR","50157","FAME","Beşiktaş","","https://img.uefa.com/imgml/TP/teams/logos/70x70/50157.png","https://img.uefa.com/imgml/TP/teams/logos/240x240/50157.png","250157","BES","DOMESTIC_MEN_TEAM_A","","DOMESTIC","Turquie","Beşiktaş","Beşiktaş JK","BES","180","MINUTE","2","0","0","7.64","KILOMETER","28.7","KILOMETER_PER_HOUR"
"1905918","52682","38","1987-02-22","22","Romero","ARG","GOALKEEPER","GOALKEEPER","MALE","192","./image/1905918.jpg","Sergio Romero","GOALKEEPER","1","Romero","6","89","Argentine","Gardien","Sergio","Romero","Sergio Romero","Romero","200039","./assoc/200039_ENG.svg","./logo/52682.png","UEFA","ENG","52682","FAME","Man Utd","","https://img.uefa.com/imgml/TP/teams/logos/70x70/52682.png","https://img.uefa.com/imgml/TP/teams/logos/240x240/52682.png","252682","MUN","DOMESTIC_MEN_TEAM_A","","DOMESTIC","Angleterre","Man Utd","Manchester United","MUN","180","MINUTE","2","0","0","7.1","KILOMETER","14.1","KILOMETER_PER_HOUR"
"250042778","50023","29","1995-11-12","11","LEMAR","FRA","UNKNOWN","MIDFIELDER","MALE","170","./image/250042778.jpg","Thomas Lemar","MIDFIELDER","8","Lemar","43","58","France","Milieu","Thomas","Lemar","Thomas Lemar","Lemar","200043","./assoc/200043_FRA.svg","./logo/50023.png","UEFA","FRA","50023","FAME","Monaco","","https://img.uefa.com/imgml/TP/teams/logos/70x70/50023.png","https://img.uefa.com/imgml/TP/teams/logos/240x240/50023.png","250023","MON","DOMESTIC_MEN_TEAM_A","","DOMESTIC","France","Monaco","AS Monaco","MON","179","MINUTE","3","0","0","20.83","KILOMETER","32.5","KILOMETER_PER_HOUR"
"250075775","50147","36","1989-09-01","2","Lisandro","ARG","UNKNOWN","DEFENDER","MALE","187","./image/250075775.jpg","Lisandro López","DEFENDER","","Lisandro","","80","Argentine","Défenseur","","Lisandro López","Lisandro López","Lisandro López","200110","./assoc/200110_POR.svg","./logo/50147.png","UEFA","POR","50147","FAME","Benfica","","https://img.uefa.com/imgml/TP/teams/logos/70x70/50147.png","https://img.uefa.com/imgml/TP/teams/logos/240x240/50147.png","250147","BEN","DOMESTIC_MEN_TEAM_A","","DOMESTIC","Portugal","Benfica","SL Benfica","BEN","179","MINUTE","2","0","0","18.18","KILOMETER","29.8","KILOMETER_PER_HOUR"
"250000089","59856","36","1989-01-27","9","Van Wolfswinkel","NED","STRIKER","FORWARD","MALE","186","./image/250000089.jpg","Ricky van Wolfswinkel","FORWARD","17","VAN WOLFSWINKEL","200095","70","Pays-Bas","Attaquant","Ricky","van Wolfswinkel","Ricky van Wolfswinkel","Van Wolfswinkel","200128","./assoc/200128_SUI.svg","./logo/59856.png","UEFA","SUI","59856","FAME","Basel","","https://img.uefa.com/imgml/TP/teams/logos/70x70/59856.png","https://img.uefa.com/imgml/TP/teams/logos/240x240/59856.png","259856","BSL","DOMESTIC_MEN_TEAM_A","","DOMESTIC","Suisse","Basel","FC Basel 1893","BSL","172","MINUTE","3","1","0","22.73","KILOMETER","29.5","KILOMETER_PER_HOUR"
"250101239","52758","31","1994-03-01","26","Philipp","GER","ATTACKING_MIDFIELDER","FORWARD","MALE","","./image/250101239.jpg","Maximilian Philipp","FORWARD","22","Philipp","200047","","Allemagne","Attaquant","Maximilian","Philipp","Maximilian Philipp","Philipp","200047","./assoc/200047_GER.svg","./logo/52758.png","UEFA","GER","52758","FAME","B. Dortmund","","https://img.uefa.com/imgml/TP/teams/logos/70x70/52758.png","https://img.uefa.com/imgml/TP/teams/logos/240x240/52758.png","252758","BVB","DOMESTIC_MEN_TEAM_A","","DOMESTIC","Allemagne","B. Dortmund","Borussia Dortmund","BVB","172","MINUTE","3","0","0","20.18","KILOMETER","28.5","KILOMETER_PER_HOUR"
"250017709","50080","32","1993-07-30","26","ANDRE GOMES","POR","CENTRAL_MIDFIELDER","MIDFIELDER","MALE","188","./image/250017709.jpg","André Gomes","MIDFIELDER","21","André Gomes","110","84","Portugal","Milieu","","André Gomes","André Gomes","André Gomes","200122","./assoc/200122_ESP.svg","./logo/50080.png","UEFA","ESP","50080","FAME","Barcelona","","https://img.uefa.com/imgml/TP/teams/logos/70x70/50080.png","https://img.uefa.com/imgml/TP/teams/logos/240x240/50080.png","250080","BAR","DOMESTIC_MEN_TEAM_A","","DOMESTIC","Espagne","Barcelona","FC Barcelona","BAR","171","MINUTE","9","0","0","25.73","KILOMETER","28.6","KILOMETER_PER_HOUR"
"250024391","50080","31","1994-01-06","22","Denis Suárez","ESP","UNKNOWN","MIDFIELDER","MALE","176","./image/250024391.jpg","Denis Suárez","MIDFIELDER","10","DENIS SUAREZ","122","72","Espagne","Milieu","","Denis Suárez","Denis Suárez","Denis Suárez","200122","./assoc/200122_ESP.svg","./logo/50080.png","UEFA","ESP","50080","FAME","Barcelona","","https://img.uefa.com/imgml/TP/teams/logos/70x70/50080.png","https://img.uefa.com/imgml/TP/teams/logos/240x240/50080.png","250080","BAR","DOMESTIC_MEN_TEAM_A","","DOMESTIC","Espagne","Barcelona","FC Barcelona","BAR","170","MINUTE","3","0","2","21.56","KILOMETER","27.5","KILOMETER_PER_HOUR"
"108212","1652","35","1990-07-02","3","Rose","ENG","FULL_BACK","DEFENDER","MALE","173","./image/108212.jpg","Danny Rose","DEFENDER","3","Rose","39","72","Angleterre","Défenseur","Danny","Rose","Danny Rose","Rose","200039","./assoc/200039_ENG.svg","./logo/1652.png","UEFA","ENG","1652","FAME","Tottenham","","https://img.uefa.com/imgml/TP/teams/logos/70x70/1652.png","https://img.uefa.com/imgml/TP/teams/logos/240x240/1652.png","201652","TOT","DOMESTIC_MEN_TEAM_A","","DOMESTIC","Angleterre","Tottenham","Tottenham Hotspur","TOT","170","MINUTE","3","0","0","20.21","KILOMETER","26.4","KILOMETER_PER_HOUR"
"250050353","50064","30","1994-11-10","21","Óliver T.","ESP","ATTACKING_MIDFIELDER","MIDFIELDER","MALE","178","./image/250050353.jpg","Óliver Torres","MIDFIELDER","16","Óliver","122","70","Espagne","Milieu","","Óliver Torres","Óliver Torres","Óliver Torres","200110","./assoc/200110_POR.svg","./logo/50064.png","UEFA","POR","50064","FAME","Porto","","https://img.uefa.com/imgml/TP/teams/logos/70x70/50064.png","https://img.uefa.com/imgml/TP/teams/logos/240x240/50064.png","250064","POR","DOMESTIC_MEN_TEAM_A","","DOMESTIC","Portugal","Porto","FC Porto","POR","167","MINUTE","3","0","0","22.94","KILOMETER","27.1","KILOMETER_PER_HOUR"
"250099647","50137","34","1991-06-17","23","DEFREL","FRA","STRIKER","FORWARD","MALE","179","./image/250099647.jpg","Gregoire Defrel","FORWARD","","DEFREL","","77","France","Attaquant","Gregoire","Defrel","Gregoire Defrel","Defrel","200066","./assoc/200066_ITA.svg","./logo/50137.png","UEFA","ITA","50137","FAME","Roma","","https://img.uefa.com/imgml/TP/teams/logos/70x70/50137.png","https://img.uefa.com/imgml/TP/teams/logos/240x240/50137.png","250137","ROM","DOMESTIC_MEN_TEAM_A","","DOMESTIC","Italie","Roma","AS Roma","ROM","166","MINUTE","5","0","0","19.87","KILOMETER","30.8","KILOMETER_PER_HOUR"
"250003528","52682","36","1988-12-19","70","Alexis","CHI","STRIKER","FORWARD","MALE","168","./image/250003528.jpg","Alexis Sánchez","FORWARD","10","Alexis","26","62","Chili","Attaquant","","Alexis Sánchez","Alexis Sánchez","Alexis Sánchez","200039","./assoc/200039_ENG.svg","./logo/52682.png","UEFA","ENG","52682","FAME","Man Utd","","https://img.uefa.com/imgml/TP/teams/logos/70x70/52682.png","https://img.uefa.com/imgml/TP/teams/logos/240x240/52682.png","252682","MUN","DOMESTIC_MEN_TEAM_A","","DOMESTIC","Angleterre","Man Utd","Manchester United","MUN","165","MINUTE","2","0","0","17.28","KILOMETER","29.5","KILOMETER_PER_HOUR"
"250002538","50157","34","1991-01-24","20","Necip Uysal","TUR","DEFENSIVE_MIDFIELDER","DEFENDER","MALE","180","./image/250002538.jpg","Necip Uysal","MIDFIELDER","14","Necip","200135","72","Turquie","Défenseur","","Necip Uysal","Necip Uysal","Necip Uysal","200135","./assoc/200135_TUR.svg","./logo/50157.png","UEFA","TUR","50157","FAME","Beşiktaş","","https://img.uefa.com/imgml/TP/teams/logos/70x70/50157.png","https://img.uefa.com/imgml/TP/teams/logos/240x240/50157.png","250157","BES","DOMESTIC_MEN_TEAM_A","","DOMESTIC","Turquie","Beşiktaş","Beşiktaş JK","BES","164","MINUTE","4","0","0","17.41","KILOMETER","29.7","KILOMETER_PER_HOUR"
"101528","50124","38","1987-05-09","9","GAMEIRO","FRA","STRIKER","FORWARD","MALE","172","./image/101528.jpg","Kevin Gameiro","FORWARD","10","Gameiro","43","69","France","Attaquant","Kevin","Gameiro","Kevin Gameiro","Gameiro","200122","./assoc/200122_ESP.svg","./logo/50124.png","UEFA","ESP","50124","FAME","Atleti","","https://img.uefa.com/imgml/TP/teams/logos/70x70/50124.png","https://img.uefa.com/imgml/TP/teams/logos/240x240/50124.png","250124","ATM","DOMESTIC_MEN_TEAM_A","","DOMESTIC","Espagne","Atleti","Atlético de Madrid","ATM","164","MINUTE","3","1","0","18.34","KILOMETER","28.6","KILOMETER_PER_HOUR"
"250067749","50136","33","1991-12-20","20","Jorginho","ITA","CENTRAL_MIDFIELDER","MIDFIELDER","MALE","180","./image/250067749.jpg","Jorginho","MIDFIELDER","8","Jorginho","66","65","Italie","Milieu","","Jorginho","Jorginho","Jorginho","200066","./assoc/200066_ITA.svg","./logo/50136.png","UEFA","ITA","50136","FAME","Napoli","","https://img.uefa.com/imgml/TP/teams/logos/70x70/50136.png","https://img.uefa.com/imgml/TP/teams/logos/240x240/50136.png","250136","NAP","DOMESTIC_MEN_TEAM_A","","DOMESTIC","Italie","Napoli","SSC Napoli","NAP","162","MINUTE","2","1","0","22.24","KILOMETER","26.6","KILOMETER_PER_HOUR"
"250038226","50068","34","1991-01-24","29","Ze Luis","CPV","STRIKER","FORWARD","MALE","183","./image/250038226.jpg","Zé Luís","FORWARD","","Mendes Andrade","","","Cap-Vert","Attaquant","","Zé Luís","Zé Luís","Zé Luís","257451","./assoc/257451_RUS.svg","./logo/50068.png","UEFA","RUS","50068","FAME","Spartak Moskva","","https://img.uefa.com/imgml/TP/teams/logos/70x70/50068.png","https://img.uefa.com/imgml/TP/teams/logos/240x240/50068.png","250068","SPM","DOMESTIC_MEN_TEAM_A","","DOMESTIC","Russie","Spartak Moskva","FC Spartak Moskva","SPM","159","MINUTE","3","2","0","17.48","KILOMETER","27.4","KILOMETER_PER_HOUR"
"1902602","50157","37","1988-08-11","19","Pektemek","TUR","STRIKER","FORWARD","MALE","182","./image/1902602.jpg","Mustafa Pektemek","FORWARD","19","PEKTEMEK","200135","72","Turquie","Attaquant","","Mustafa Pektemek","Mustafa Pektemek","Mustafa Pektemek","200135","./assoc/200135_TUR.svg","./logo/50157.png","UEFA","TUR","50157","FAME","Beşiktaş","","https://img.uefa.com/imgml/TP/teams/logos/70x70/50157.png","https://img.uefa.com/imgml/TP/teams/logos/240x240/50157.png","250157","BES","DOMESTIC_MEN_TEAM_A","","DOMESTIC","Turquie","Beşiktaş","Beşiktaş JK","BES","158","MINUTE","2","0","0","18.89","KILOMETER","29.5","KILOMETER_PER_HOUR"
"95528","50068","41","1984-03-04","32","","RUS","GOALKEEPER","","MALE","193","./image/95528.jpg","Artem Rebrov","GOALKEEPER","16","Rebrov","","88","Russie","","Artem","Rebrov","Artem Rebrov","Rebrov","257451","./assoc/257451_RUS.svg","./logo/50068.png","UEFA","RUS","50068","FAME","Spartak Moskva","","https://img.uefa.com/imgml/TP/teams/logos/70x70/50068.png","https://img.uefa.com/imgml/TP/teams/logos/240x240/50068.png","250068","SPM","DOMESTIC_MEN_TEAM_A","","DOMESTIC","Russie","Spartak Moskva","FC Spartak Moskva","SPM","158","MINUTE","2","0","0","7.55","KILOMETER","24.3","KILOMETER_PER_HOUR"
"250021116","52749","32","1993-04-10","11","Larsson","SWE","WINGER","FORWARD","MALE","","./image/250021116.jpg","Sam Larsson","FORWARD","15","Larsson","127","","Suède","Attaquant","Sam","Larsson","Sam Larsson","Larsson","200095","./assoc/200095_NED.svg","./logo/52749.png","UEFA","NED","52749","FAME","Feyenoord","","https://img.uefa.com/imgml/TP/teams/logos/70x70/52749.png","https://img.uefa.com/imgml/TP/teams/logos/240x240/52749.png","252749","FEY","DOMESTIC_MEN_TEAM_A","","DOMESTIC","Pays-Bas","Feyenoord","Feyenoord","FEY","157","MINUTE","6","0","0","20.07","KILOMETER","29.5","KILOMETER_PER_HOUR"
"250050090","57490","30","1995-07-26","21","Hotić","SVN","UNKNOWN","MIDFIELDER","MALE","168","./image/250050090.jpg","Dino Hotić","MIDFIELDER","20","Hotić","60094","","Slovénie","Milieu","Dino","Hotić","Dino Hotić","Hotić","257163","./assoc/257163_SVN.svg","./logo/57490.png","UEFA","SVN","57490","FAME","Maribor","","https://img.uefa.com/imgml/TP/teams/logos/70x70/57490.png","https://img.uefa.com/imgml/TP/teams/logos/240x240/57490.png","257490","MRB","DOMESTIC_MEN_TEAM_A","","DOMESTIC","Slovénie","Maribor","NK Maribor","MRB","152","MINUTE","5","0","0","21.14","KILOMETER","28","KILOMETER_PER_HOUR"
"250100013","52747","29","1996-04-09","20","LO CELSO","ARG","CENTRAL_MIDFIELDER","MIDFIELDER","MALE","","./image/250100013.jpg","Giovani Lo Celso","MIDFIELDER","20","Lo Celso","6","","Argentine","Milieu","Giovani","Lo Celso","Giovani Lo Celso","Lo Celso","200043","./assoc/200043_FRA.svg","./logo/52747.png","UEFA","FRA","52747","FAME","Paris","","https://img.uefa.com/imgml/TP/teams/logos/70x70/52747.png","https://img.uefa.com/imgml/TP/teams/logos/240x240/52747.png","252747","PSG","DOMESTIC_MEN_TEAM_A","","DOMESTIC","France","Paris","Paris Saint-Germain","PSG","151","MINUTE","7","0","2","22.44","KILOMETER","29.9","KILOMETER_PER_HOUR"
"106777","50157","37","1987-11-24","77","Lens","NED","WINGER","MIDFIELDER","MALE","176","./image/106777.jpg","Jeremain Lens","FORWARD","17","Lens","95","81","Pays-Bas","Milieu","Jeremain","Lens","Jeremain Lens","Lens","200135","./assoc/200135_TUR.svg","./logo/50157.png","UEFA","TUR","50157","FAME","Beşiktaş","","https://img.uefa.com/imgml/TP/teams/logos/70x70/50157.png","https://img.uefa.com/imgml/TP/teams/logos/240x240/50157.png","250157","BES","DOMESTIC_MEN_TEAM_A","","DOMESTIC","Turquie","Beşiktaş","Beşiktaş JK","BES","150","MINUTE","2","0","0","14.89","KILOMETER","31.7","KILOMETER_PER_HOUR"
"99208","7889","37","1988-05-10","14","Lallana","ENG","ATTACKING_MIDFIELDER","MIDFIELDER","MALE","172","./image/99208.jpg","Adam Lallana","MIDFIELDER","8","Lallana","39","73","Angleterre","Milieu","Adam","Lallana","Adam Lallana","Lallana","200039","./assoc/200039_ENG.svg","./logo/7889.png","UEFA","ENG","7889","FAME","Liverpool","","https://img.uefa.com/imgml/TP/teams/logos/70x70/7889.png","https://img.uefa.com/imgml/TP/teams/logos/240x240/7889.png","207889","LIV","DOMESTIC_MEN_TEAM_A","","DOMESTIC","Angleterre","Liverpool","Liverpool FC","LIV","149","MINUTE","2","0","0","21.39","KILOMETER","28.6","KILOMETER_PER_HOUR"
"250013890","50080","31","1994-03-13","16","Deulofeu","ESP","UNKNOWN","FORWARD","MALE","179","./image/250013890.jpg","Gerard Deulofeu","FORWARD","9","Deulofeu","122","70","Espagne","Attaquant","Gerard","Deulofeu","Gerard Deulofeu","Deulofeu","200122","./assoc/200122_ESP.svg","./logo/50080.png","UEFA","ESP","50080","FAME","Barcelona","","https://img.uefa.com/imgml/TP/teams/logos/70x70/50080.png","https://img.uefa.com/imgml/TP/teams/logos/240x240/50080.png","250080","BAR","DOMESTIC_MEN_TEAM_A","","DOMESTIC","Espagne","Barcelona","FC Barcelona","BAR","147","MINUTE","3","0","1","16.66","KILOMETER","30.1","KILOMETER_PER_HOUR"
"250087654","54266","27","1998-04-10","9","Chalov","RUS","STRIKER","FORWARD","MALE","180","./image/250087654.jpg","Fedor Chalov","FORWARD","9","Chalov","57451","77","Russie","Attaquant","Fedor","Chalov","Fedor Chalov","Chalov","257451","./assoc/257451_RUS.svg","./logo/54266.png","UEFA","RUS","54266","FAME","CSKA Moskva","","https://img.uefa.com/imgml/TP/teams/logos/70x70/54266.png","https://img.uefa.com/imgml/TP/teams/logos/240x240/54266.png","254266","CSM","DOMESTIC_MEN_TEAM_A","","DOMESTIC","Russie","CSKA Moskva","PFC CSKA Moskva","CSM","145","MINUTE","3","0","0","20.12","KILOMETER","27.5","KILOMETER_PER_HOUR"
"1905153","52747","37","1988-02-14","11","Di Maria","ARG","UNKNOWN","FORWARD","MALE","180","./image/1905153.jpg","Ángel Di María","FORWARD","11","Di María","6","75","Argentine","Attaquant","Ángel","Di María","Ángel Di María","Di María","200043","./assoc/200043_FRA.svg","./logo/52747.png","UEFA","FRA","52747","FAME","Paris","","https://img.uefa.com/imgml/TP/teams/logos/70x70/52747.png","https://img.uefa.com/imgml/TP/teams/logos/240x240/52747.png","252747","PSG","DOMESTIC_MEN_TEAM_A","","DOMESTIC","France","Paris","Paris Saint-Germain","PSG","143","MINUTE","5","1","1","17.2","KILOMETER","29.2","KILOMETER_PER_HOUR"
"250066886","50080","28","1997-05-15","10","O.DEMBÉLÉ","FRA","UNKNOWN","FORWARD","MALE","178","./image/250066886.jpg","Ousmane Dembélé","FORWARD","7","Dembele","43","67","France","Attaquant","Ousmane","Dembélé","Ousmane Dembélé","Dembélé","200122","./assoc/200122_ESP.svg","./logo/50080.png","UEFA","ESP","50080","FAME","Barcelona","","https://img.uefa.com/imgml/TP/teams/logos/70x70/50080.png","https://img.uefa.com/imgml/TP/teams/logos/240x240/50080.png","250080","BAR","DOMESTIC_MEN_TEAM_A","","DOMESTIC","Espagne","Barcelona","FC Barcelona","BAR","143","MINUTE","3","1","0","16.25","KILOMETER","33.3","KILOMETER_PER_HOUR"
"250004363","50149","33","1992-02-12","33","Ristovski","MKD","FULL_BACK","DEFENDER","MALE","180","./image/250004363.jpg","Stefan Ristovski","DEFENDER","13","Ristovski","59205","72","Macédoine du Nord","Défenseur","Stefan","Ristovski","Stefan Ristovski","S. Ristovski","200110","./assoc/200110_POR.svg","./logo/50149.png","UEFA","POR","50149","FAME","Sporting CP","","https://img.uefa.com/imgml/TP/teams/logos/70x70/50149.png","https://img.uefa.com/imgml/TP/teams/logos/240x240/50149.png","250149","SPO","DOMESTIC_MEN_TEAM_A","","DOMESTIC","Portugal","Sporting CP","Sporting Clube de Portugal","SPO","142","MINUTE","4","0","0","17.2","KILOMETER","29.1","KILOMETER_PER_HOUR"
"250039725","50023","33","1992-05-09","18","GHEZZAL","ALG","WINGER","FORWARD","MALE","182","./image/250039725.jpg","Rachid Ghezzal","MIDFIELDER","","GHEZZAL","","65","Algérie","Attaquant","Rachid","Ghezzal","Rachid Ghezzal","Ghezzal","200043","./assoc/200043_FRA.svg","./logo/50023.png","UEFA","FRA","50023","FAME","Monaco","","https://img.uefa.com/imgml/TP/teams/logos/70x70/50023.png","https://img.uefa.com/imgml/TP/teams/logos/240x240/50023.png","250023","MON","DOMESTIC_MEN_TEAM_A","","DOMESTIC","France","Monaco","AS Monaco","MON","142","MINUTE","4","0","0","16.52","KILOMETER","30.1","KILOMETER_PER_HOUR"
"250076701","50051","28","1997-04-05","21","B. MAYORAL","ESP","STRIKER","FORWARD","MALE","181","./image/250076701.jpg","Borja Mayoral","FORWARD","9","B. MAYORAL","200122","68","Espagne","Attaquant","Borja","Mayoral","Borja Mayoral","Mayoral","200122","./assoc/200122_ESP.svg","./logo/50051.png","UEFA","ESP","50051","FAME","Real Madrid","","https://img.uefa.com/imgml/TP/teams/logos/70x70/50051.png","https://img.uefa.com/imgml/TP/teams/logos/240x240/50051.png","250051","RMA","DOMESTIC_MEN_TEAM_A","","DOMESTIC","Espagne","Real Madrid","Real Madrid C.F.","RMA","141","MINUTE","4","1","1","19.18","KILOMETER","28.6","KILOMETER_PER_HOUR"
"63344","52714","42","1983-06-06","7","Krohn-Dehli","DEN","UNKNOWN","MIDFIELDER","MALE","170","./image/63344.jpg","Michael Krohn-Dehli","MIDFIELDER","9","Krohn-Dehli","35","68","Danemark","Milieu","Michael","Krohn-Dehli","Michael Krohn-Dehli","Krohn-Dehli","200122","./assoc/200122_ESP.svg","./logo/52714.png","UEFA","ESP","52714","FAME","Sevilla","","https://img.uefa.com/imgml/TP/teams/logos/70x70/52714.png","https://img.uefa.com/imgml/TP/teams/logos/240x240/52714.png","252714","SEV","DOMESTIC_MEN_TEAM_A","","DOMESTIC","Espagne","Sevilla","Sevilla FC","SEV","139","MINUTE","3","0","0","18.43","KILOMETER","26.4","KILOMETER_PER_HOUR"
"103149","2610","36","1989-03-13","10","Marin","GER","ATTACKING_MIDFIELDER","MIDFIELDER","MALE","170","./image/103149.jpg","Marko Marin","MIDFIELDER","21","Marin","","64","Allemagne","Milieu","Marko","Marin","Marko Marin","Marin","200049","./assoc/200049_GRE.svg","./logo/2610.png","UEFA","GRE","2610","FAME","Olympiacos","","https://img.uefa.com/imgml/TP/teams/logos/70x70/2610.png","https://img.uefa.com/imgml/TP/teams/logos/240x240/2610.png","202610","OLY","DOMESTIC_MEN_TEAM_A","","DOMESTIC","Grèce","Olympiacos","Olympiacos FC","OLY","137","MINUTE","3","0","0","16.64","KILOMETER","27.6","KILOMETER_PER_HOUR"
"250061597","50139","31","1994-02-16","10","Bernardeschi","ITA","WINGER","MIDFIELDER","MALE","183","./image/250061597.jpg","Federico Bernardeschi","MIDFIELDER","10","Bernardeschi","66","75","Italie","Milieu","Federico","Bernardeschi","Federico Bernardeschi","Bernardeschi","200066","./assoc/200066_ITA.svg","./logo/50139.png","UEFA","ITA","50139","FAME","Juventus","","https://img.uefa.com/imgml/TP/teams/logos/70x70/50139.png","https://img.uefa.com/imgml/TP/teams/logos/240x240/50139.png","250139","JUV","DOMESTIC_MEN_TEAM_A","","DOMESTIC","Italie","Juventus","Juventus","JUV","136","MINUTE","5","1","0","17.82","KILOMETER","27.4","KILOMETER_PER_HOUR"
"250085534","50023","34","1991-05-25","11","CARRILLO","ARG","UNKNOWN","FORWARD","MALE","191","./image/250085534.jpg","Guido Carrillo","FORWARD","","Carrillo","","87","Argentine","Attaquant","Guido","Carrillo","Guido Carrillo","Carrillo","200043","./assoc/200043_FRA.svg","./logo/50023.png","UEFA","FRA","50023","FAME","Monaco","","https://img.uefa.com/imgml/TP/teams/logos/70x70/50023.png","https://img.uefa.com/imgml/TP/teams/logos/240x240/50023.png","250023","MON","DOMESTIC_MEN_TEAM_A","","DOMESTIC","France","Monaco","AS Monaco","MON","135","MINUTE","5","0","0","16.34","KILOMETER","31.2","KILOMETER_PER_HOUR"
"104264","50080","41","1984-06-08","14","Mascherano","ARG","UNKNOWN","DEFENDER","MALE","174","./image/104264.jpg","Javier Mascherano","DEFENDER","14","Mascherano","6","73","Argentine","Défenseur","Javier","Mascherano","Javier Mascherano","Mascherano","200122","./assoc/200122_ESP.svg","./logo/50080.png","UEFA","ESP","50080","FAME","Barcelona","","https://img.uefa.com/imgml/TP/teams/logos/70x70/50080.png","https://img.uefa.com/imgml/TP/teams/logos/240x240/50080.png","250080","BAR","DOMESTIC_MEN_TEAM_A","","DOMESTIC","Espagne","Barcelona","FC Barcelona","BAR","135","MINUTE","2","0","0","13.05","KILOMETER","27.6","KILOMETER_PER_HOUR"
"250075567","54266","28","1997-05-21","75","Zhamaletdinov","RUS","UNKNOWN","FORWARD","MALE","","./image/250075567.jpg","Timur Zhamaletdinov","FORWARD","11","Zhamaletdinov","257451","","Russie","Attaquant","Timur","Zhamaletdinov","Timur Zhamaletdinov","Zhamaletdinov","257451","./assoc/257451_RUS.svg","./logo/54266.png","UEFA","RUS","54266","FAME","CSKA Moskva","","https://img.uefa.com/imgml/TP/teams/logos/70x70/54266.png","https://img.uefa.com/imgml/TP/teams/logos/240x240/54266.png","254266","CSM","DOMESTIC_MEN_TEAM_A","","DOMESTIC","Russie","CSKA Moskva","PFC CSKA Moskva","CSM","132","MINUTE","5","1","0","17.5","KILOMETER","27.4","KILOMETER_PER_HOUR"
"95293","52758","38","1987-06-11","27","Castro","GER","CENTRAL_MIDFIELDER","MIDFIELDER","MALE","171","./image/95293.jpg","Gonzalo Castro","MIDFIELDER","20","Castro","","72","Allemagne","Milieu","Gonzalo","Castro","Gonzalo Castro","Castro","200047","./assoc/200047_GER.svg","./logo/52758.png","UEFA","GER","52758","FAME","B. Dortmund","","https://img.uefa.com/imgml/TP/teams/logos/70x70/52758.png","https://img.uefa.com/imgml/TP/teams/logos/240x240/52758.png","252758","BVB","DOMESTIC_MEN_TEAM_A","","DOMESTIC","Allemagne","B. Dortmund","Borussia Dortmund","BVB","132","MINUTE","3","0","1","17.82","KILOMETER","25.8","KILOMETER_PER_HOUR"
"94885","50157","41","1984-06-11","19","Vágner Love","BRA","STRIKER","FORWARD","MALE","171","./image/94885.jpg","Vágner Love","FORWARD","","Vágner Love","","72","Brésil","Attaquant","","Vágner Love","Vágner Love","Vágner Love","200135","./assoc/200135_TUR.svg","./logo/50157.png","UEFA","TUR","50157","FAME","Beşiktaş","","https://img.uefa.com/imgml/TP/teams/logos/70x70/50157.png","https://img.uefa.com/imgml/TP/teams/logos/240x240/50157.png","250157","BES","DOMESTIC_MEN_TEAM_A","","DOMESTIC","Turquie","Beşiktaş","Beşiktaş JK","BES","132","MINUTE","2","1","0","14.03","KILOMETER","27.7","KILOMETER_PER_HOUR"
"250076126","50051","28","1997-10-06","19","THEO","FRA","FULL_BACK","DEFENDER","MALE","184","./image/250076126.jpg","Theo Hernández","DEFENDER","22","T. Hernandez","43","70","France","Défenseur","Theo","Hernández","Theo Hernández","T. Hernández","200122","./assoc/200122_ESP.svg","./logo/50051.png","UEFA","ESP","50051","FAME","Real Madrid","","https://img.uefa.com/imgml/TP/teams/logos/70x70/50051.png","https://img.uefa.com/imgml/TP/teams/logos/240x240/50051.png","250051","RMA","DOMESTIC_MEN_TEAM_A","","DOMESTIC","Espagne","Real Madrid","Real Madrid C.F.","RMA","131","MINUTE","3","0","1","15.76","KILOMETER","31","KILOMETER_PER_HOUR"
"69615","54266","39","1986-09-08","14","Nababkin","RUS","FULL_BACK","DEFENDER","MALE","176","./image/69615.jpg","Kirill Nababkin","DEFENDER","3","Nababkin","57451","72","Russie","Défenseur","Kirill","Nababkin","Kirill Nababkin","Nababkin","257451","./assoc/257451_RUS.svg","./logo/54266.png","UEFA","RUS","54266","FAME","CSKA Moskva","","https://img.uefa.com/imgml/TP/teams/logos/70x70/54266.png","https://img.uefa.com/imgml/TP/teams/logos/240x240/54266.png","254266","CSM","DOMESTIC_MEN_TEAM_A","","DOMESTIC","Russie","CSKA Moskva","PFC CSKA Moskva","CSM","129","MINUTE","2","0","0","15.64","KILOMETER","29.3","KILOMETER_PER_HOUR"
"250045955","60609","33","1992-08-22","32","Yunuszade","AZE","CENTRE_BACK","DEFENDER","MALE","179","./image/250045955.jpg","Elvin Yunuszadä","DEFENDER","21","Yunuszade","257154","70","Azerbaïdjan","Défenseur","Elvin","Yunuszadä","Elvin Yunuszadä","Yunuszadä","257154","./assoc/257154_AZE.svg","./logo/60609.png","UEFA","AZE","60609","FAME","Qarabağ","","https://img.uefa.com/imgml/TP/teams/logos/70x70/60609.png","https://img.uefa.com/imgml/TP/teams/logos/240x240/60609.png","260609","QAR","DOMESTIC_MEN_TEAM_A","","DOMESTIC","Azerbaïdjan","Qarabağ","Qarabağ FK","QAR","126","MINUTE","3","0","0","12.78","KILOMETER","27.6","KILOMETER_PER_HOUR"
"250020656","50124","37","1988-02-23","10","NICO GAITÁN","ARG","WINGER","FORWARD","MALE","173","./image/250020656.jpg","Nicolás Gaitán","MIDFIELDER","","Gaitán","","68","Argentine","Attaquant","Nicolás","Gaitán","Nicolás Gaitán","Gaitán","200122","./assoc/200122_ESP.svg","./logo/50124.png","UEFA","ESP","50124","FAME","Atleti","","https://img.uefa.com/imgml/TP/teams/logos/70x70/50124.png","https://img.uefa.com/imgml/TP/teams/logos/240x240/50124.png","250124","ATM","DOMESTIC_MEN_TEAM_A","","DOMESTIC","Espagne","Atleti","Atlético de Madrid","ATM","123","MINUTE","4","0","0","17.34","KILOMETER","28.9","KILOMETER_PER_HOUR"
"250038932","52914","32","1993-10-02","30","BATSHUAYI","BEL","STRIKER","FORWARD","MALE","185","./image/250038932.jpg","Michy Batshuayi","FORWARD","23","Batshuayi","13","78","Belgique","Attaquant","Michy","Batshuayi","Michy Batshuayi","Batshuayi","200039","./assoc/200039_ENG.svg","./logo/52914.png","UEFA","ENG","52914","FAME","Chelsea","","https://img.uefa.com/imgml/TP/teams/logos/70x70/52914.png","https://img.uefa.com/imgml/TP/teams/logos/240x240/52914.png","252914","CHE","DOMESTIC_MEN_TEAM_A","","DOMESTIC","Angleterre","Chelsea","Chelsea FC","CHE","122","MINUTE","4","2","1","14.7","KILOMETER","26.4","KILOMETER_PER_HOUR"
"250002480","50149","37","1987-12-31","88","Doumbia","CIV","STRIKER","FORWARD","MALE","179","./image/250002480.jpg","Seydou Doumbia","FORWARD","7","Doumbia","","75","Côte d'Ivoire","Attaquant","Seydou","Doumbia","Seydou Doumbia","Doumbia","200110","./assoc/200110_POR.svg","./logo/50149.png","UEFA","POR","50149","FAME","Sporting CP","","https://img.uefa.com/imgml/TP/teams/logos/70x70/50149.png","https://img.uefa.com/imgml/TP/teams/logos/240x240/50149.png","250149","SPO","DOMESTIC_MEN_TEAM_A","","DOMESTIC","Portugal","Sporting CP","Sporting Clube de Portugal","SPO","120","MINUTE","4","1","1","13.31","KILOMETER","28.7","KILOMETER_PER_HOUR"
"250032159","2610","38","1987-05-10","29","Emenike","NGA","STRIKER","FORWARD","MALE","182","./image/250032159.jpg","Emmanuel Emenike","FORWARD","9","Emenike","","90","Nigeria","Attaquant","Emmanuel","Emenike","Emmanuel Emenike","Emenike","200049","./assoc/200049_GRE.svg","./logo/2610.png","UEFA","GRE","2610","FAME","Olympiacos","","https://img.uefa.com/imgml/TP/teams/logos/70x70/2610.png","https://img.uefa.com/imgml/TP/teams/logos/240x240/2610.png","202610","OLY","DOMESTIC_MEN_TEAM_A","","DOMESTIC","Grèce","Olympiacos","Olympiacos FC","OLY","116","MINUTE","2","0","0","12.96","KILOMETER","31.6","KILOMETER_PER_HOUR"
"250098953","2603790","30","1995-05-14","95","Bernardo","BRA","FULL_BACK","DEFENDER","MALE","","./image/250098953.jpg","Bernardo","DEFENDER","","Bernardo","","","Brésil","Défenseur","","Bernardo","Bernardo","Bernardo","200047","./assoc/200047_GER.svg","./logo/2603790.png","UEFA","GER","2603790","FAME","Leipzig","","https://img.uefa.com/imgml/TP/teams/logos/70x70/2603790.png","https://img.uefa.com/imgml/TP/teams/logos/240x240/2603790.png","250002563","RBL","DOMESTIC_MEN_TEAM_A","","DOMESTIC","Allemagne","Leipzig","RB Leipzig","RBL","115","MINUTE","3","0","0","13.89","KILOMETER","29.7","KILOMETER_PER_HOUR"
"250073985","50080","36","1989-08-21","17","Aleix V.C","ESP","FULL_BACK","DEFENDER","MALE","178","./image/250073985.jpg","Aleix Vidal","DEFENDER","17","Aleix Vidal","","69","Espagne","Défenseur","","Aleix Vidal","Aleix Vidal","Aleix Vidal","200122","./assoc/200122_ESP.svg","./logo/50080.png","UEFA","ESP","50080","FAME","Barcelona","","https://img.uefa.com/imgml/TP/teams/logos/70x70/50080.png","https://img.uefa.com/imgml/TP/teams/logos/240x240/50080.png","250080","BAR","DOMESTIC_MEN_TEAM_A","","DOMESTIC","Espagne","Barcelona","FC Barcelona","BAR","112","MINUTE","4","0","0","14.7","KILOMETER","31.5","KILOMETER_PER_HOUR"
"250024963","50139","31","1994-07-29","24","Rugani","ITA","CENTRE_BACK","DEFENDER","MALE","190","./image/250024963.jpg","Daniele Rugani","DEFENDER","15","Rugani","66","82","Italie","Défenseur","Daniele","Rugani","Daniele Rugani","Rugani","200066","./assoc/200066_ITA.svg","./logo/50139.png","UEFA","ITA","50139","FAME","Juventus","","https://img.uefa.com/imgml/TP/teams/logos/70x70/50139.png","https://img.uefa.com/imgml/TP/teams/logos/240x240/50139.png","250139","JUV","DOMESTIC_MEN_TEAM_A","","DOMESTIC","Italie","Juventus","Juventus","JUV","110","MINUTE","2","0","0","12.71","KILOMETER","26.7","KILOMETER_PER_HOUR"
"250040109","50064","37","1988-06-25","24","M. Layún","MEX","FULL_BACK","DEFENDER","MALE","178","./image/250040109.jpg","Miguel Layún","DEFENDER","7","Prado Layún","91","64","Mexique","Défenseur","Miguel","Layún","Miguel Layún","Layún","200110","./assoc/200110_POR.svg","./logo/50064.png","UEFA","POR","50064","FAME","Porto","","https://img.uefa.com/imgml/TP/teams/logos/70x70/50064.png","https://img.uefa.com/imgml/TP/teams/logos/240x240/50064.png","250064","POR","DOMESTIC_MEN_TEAM_A","","DOMESTIC","Portugal","Porto","FC Porto","POR","109","MINUTE","2","1","0","12.83","KILOMETER","31.7","KILOMETER_PER_HOUR"
"250024491","50068","31","1994-02-11","47","Zobnin","RUS","CENTRAL_MIDFIELDER","MIDFIELDER","MALE","184","./image/250024491.jpg","Roman Zobnin","MIDFIELDER","11","Zobnin","57451","","Russie","Milieu","Roman","Zobnin","Roman Zobnin","Zobnin","257451","./assoc/257451_RUS.svg","./logo/50068.png","UEFA","RUS","50068","FAME","Spartak Moskva","","https://img.uefa.com/imgml/TP/teams/logos/70x70/50068.png","https://img.uefa.com/imgml/TP/teams/logos/240x240/50068.png","250068","SPM","DOMESTIC_MEN_TEAM_A","","DOMESTIC","Russie","Spartak Moskva","FC Spartak Moskva","SPM","107","MINUTE","2","0","0","13.46","KILOMETER","29.1","KILOMETER_PER_HOUR"
"250004261","52707","32","1993-02-08","5","Khocholava","GEO","CENTRE_BACK","DEFENDER","MALE","192","./image/250004261.jpg","David Khocholava","DEFENDER","3","Khocholava","57157","80","Géorgie","Défenseur","David","Khocholava","David Khocholava","Khocholava","257166","./assoc/257166_UKR.svg","./logo/52707.png","UEFA","UKR","52707","FAME","Shakhtar","","https://img.uefa.com/imgml/TP/teams/logos/70x70/52707.png","https://img.uefa.com/imgml/TP/teams/logos/240x240/52707.png","252707","SHK","DOMESTIC_MEN_TEAM_A","","DOMESTIC","Ukraine","Shakhtar","FC Shakhtar Donetsk","SHK","105","MINUTE","4","0","0","13.71","KILOMETER","26.3","KILOMETER_PER_HOUR"
"250086986","1652","30","1995-02-13","7","Nkoudou","FRA","WINGER","MIDFIELDER","MALE","172","./image/250086986.jpg","Georges-Kévin N'Koudou","MIDFIELDER","14","Nkoudou Mbida","43","68","France","Milieu","Georges-Kévin","N'Koudou","Georges-Kévin N'Koudou","N'Koudou","200039","./assoc/200039_ENG.svg","./logo/1652.png","UEFA","ENG","1652","FAME","Tottenham","","https://img.uefa.com/imgml/TP/teams/logos/70x70/1652.png","https://img.uefa.com/imgml/TP/teams/logos/240x240/1652.png","201652","TOT","DOMESTIC_MEN_TEAM_A","","DOMESTIC","Angleterre","Tottenham","Tottenham Hotspur","TOT","105","MINUTE","2","1","0","13.99","KILOMETER","28.5","KILOMETER_PER_HOUR"
"250038224","1652","33","1992-03-04","9","Lamela","ARG","STRIKER","FORWARD","MALE","183","./image/250038224.jpg","Erik Lamela","FORWARD","","Lamela","6","79","Argentine","Attaquant","Erik","Lamela","Erik Lamela","Lamela","200039","./assoc/200039_ENG.svg","./logo/1652.png","UEFA","ENG","1652","FAME","Tottenham","","https://img.uefa.com/imgml/TP/teams/logos/70x70/1652.png","https://img.uefa.com/imgml/TP/teams/logos/240x240/1652.png","201652","TOT","DOMESTIC_MEN_TEAM_A","","DOMESTIC","Angleterre","Tottenham","Tottenham Hotspur","TOT","105","MINUTE","2","0","0","13.45","KILOMETER","27.7","KILOMETER_PER_HOUR"
"250050429","50157","31","1993-11-10","6","Mitrovic","CRO","CENTRE_BACK","DEFENDER","MALE","187","./image/250050429.jpg","Matej Mitrović","DEFENDER","5","Mitrovic","56370","85","Croatie","Défenseur","Matej","Mitrović","Matej Mitrović","Mitrović","200135","./assoc/200135_TUR.svg","./logo/50157.png","UEFA","TUR","50157","FAME","Beşiktaş","","https://img.uefa.com/imgml/TP/teams/logos/70x70/50157.png","https://img.uefa.com/imgml/TP/teams/logos/240x240/50157.png","250157","BES","DOMESTIC_MEN_TEAM_A","","DOMESTIC","Turquie","Beşiktaş","Beşiktaş JK","BES","105","MINUTE","2","0","0","11.45","KILOMETER","30.1","KILOMETER_PER_HOUR"
"1902141","52714","34","1990-11-01","24","Corchia","FRA","FULL_BACK","DEFENDER","MALE","174","./image/1902141.jpg","Sébastien Corchia","DEFENDER","2","Corchia","43","65","France","Défenseur","Sébastien","Corchia","Sébastien Corchia","Corchia","200122","./assoc/200122_ESP.svg","./logo/52714.png","UEFA","ESP","52714","FAME","Sevilla","","https://img.uefa.com/imgml/TP/teams/logos/70x70/52714.png","https://img.uefa.com/imgml/TP/teams/logos/240x240/52714.png","252714","SEV","DOMESTIC_MEN_TEAM_A","","DOMESTIC","Espagne","Sevilla","Sevilla FC","SEV","104","MINUTE","3","0","0","13.61","KILOMETER","28","KILOMETER_PER_HOUR"
"250035735","50074","32","1993-05-07","7","Stanciu","ROU","ATTACKING_MIDFIELDER","MIDFIELDER","MALE","170","./image/250035735.jpg","Nicolae Stanciu","MIDFIELDER","10","Stanciu","113","69","Roumanie","Milieu","Nicolae","Stanciu","Nicolae Stanciu","Stanciu","200013","./assoc/200013_BEL.svg","./logo/50074.png","UEFA","BEL","50074","FAME","Anderlecht","","https://img.uefa.com/imgml/TP/teams/logos/70x70/50074.png","https://img.uefa.com/imgml/TP/teams/logos/240x240/50074.png","250074","AND","DOMESTIC_MEN_TEAM_A","","DOMESTIC","Belgique","Anderlecht","RSC Anderlecht","AND","103","MINUTE","3","0","0","14.34","KILOMETER","26.6","KILOMETER_PER_HOUR"
"250085374","59856","32","1993-08-11","33","K. BUA","ESP","WINGER","MIDFIELDER","MALE","","./image/250085374.jpg","Kevin Bua","MIDFIELDER","","Bua","","","Espagne","Milieu","Kevin","Bua","Kevin Bua","Bua","200128","./assoc/200128_SUI.svg","./logo/59856.png","UEFA","SUI","59856","FAME","Basel","","https://img.uefa.com/imgml/TP/teams/logos/70x70/59856.png","https://img.uefa.com/imgml/TP/teams/logos/240x240/59856.png","259856","BSL","DOMESTIC_MEN_TEAM_A","","DOMESTIC","Suisse","Basel","FC Basel 1893","BSL","102","MINUTE","5","0","0","14.89","KILOMETER","30.8","KILOMETER_PER_HOUR"
"56942","50139","41","1984-01-16","12","","SUI","FULL_BACK","","MALE","182","./image/56942.jpg","Stephan Lichtsteiner","DEFENDER","2","Lichtsteiner","128","75","Suisse","","Stephan","Lichtsteiner","Stephan Lichtsteiner","Lichtsteiner","200066","./assoc/200066_ITA.svg","./logo/50139.png","UEFA","ITA","50139","FAME","Juventus","","https://img.uefa.com/imgml/TP/teams/logos/70x70/50139.png","https://img.uefa.com/imgml/TP/teams/logos/240x240/50139.png","250139","JUV","DOMESTIC_MEN_TEAM_A","","DOMESTIC","Italie","Juventus","Juventus","JUV","102","MINUTE","2","0","1","13.67","KILOMETER","28.4","KILOMETER_PER_HOUR"
"101672","50157","40","1985-08-20","9","A.NEGREDO","ESP","STRIKER","FORWARD","MALE","186","./image/101672.jpg","Álvaro Negredo","FORWARD","11","A.NEGREDO","","79","Espagne","Attaquant","Álvaro","Negredo","Álvaro Negredo","Negredo","200135","./assoc/200135_TUR.svg","./logo/50157.png","UEFA","TUR","50157","FAME","Beşiktaş","","https://img.uefa.com/imgml/TP/teams/logos/70x70/50157.png","https://img.uefa.com/imgml/TP/teams/logos/240x240/50157.png","250157","BES","DOMESTIC_MEN_TEAM_A","","DOMESTIC","Turquie","Beşiktaş","Beşiktaş JK","BES","100","MINUTE","5","1","1","13.16","KILOMETER","27.3","KILOMETER_PER_HOUR"
"250006748","50139","36","1988-12-09","18","Asamoah","GHA","WINGER","MIDFIELDER","MALE","175","./image/250006748.jpg","Kwadwo Asamoah","MIDFIELDER","20","Asamoah","48","76","Ghana","Milieu","Kwadwo","Asamoah","Kwadwo Asamoah","Asamoah","200066","./assoc/200066_ITA.svg","./logo/50139.png","UEFA","ITA","50139","FAME","Juventus","","https://img.uefa.com/imgml/TP/teams/logos/70x70/50139.png","https://img.uefa.com/imgml/TP/teams/logos/240x240/50139.png","250139","JUV","DOMESTIC_MEN_TEAM_A","","DOMESTIC","Italie","Juventus","Juventus","JUV","100","MINUTE","3","0","0","11.27","KILOMETER","31.3","KILOMETER_PER_HOUR"
"250055748","59856","28","1997-02-26","23","AJETI","SUI","STRIKER","FORWARD","MALE","182","./image/250055748.jpg","Albian Ajeti","FORWARD","9","Ajeti","128","","Suisse","Attaquant","Albian","Ajeti","Albian Ajeti","Al. Ajeti","200128","./assoc/200128_SUI.svg","./logo/59856.png","UEFA","SUI","59856","FAME","Basel","","https://img.uefa.com/imgml/TP/teams/logos/70x70/59856.png","https://img.uefa.com/imgml/TP/teams/logos/240x240/59856.png","259856","BSL","DOMESTIC_MEN_TEAM_A","","DOMESTIC","Suisse","Basel","FC Basel 1893","BSL","99","MINUTE","3","0","0","12.66","KILOMETER","29.2","KILOMETER_PER_HOUR"
"250041808","57490","33","1992-01-06","27","Mešanović","BIH","UNKNOWN","FORWARD","MALE","","./image/250041808.jpg","Jasmin Mešanović","FORWARD","20","Mešanović","60094","","Bosnie-Herzégovine","Attaquant","Jasmin","Mešanović","Jasmin Mešanović","Mešanović","257163","./assoc/257163_SVN.svg","./logo/57490.png","UEFA","SVN","57490","FAME","Maribor","","https://img.uefa.com/imgml/TP/teams/logos/70x70/57490.png","https://img.uefa.com/imgml/TP/teams/logos/240x240/57490.png","257490","MRB","DOMESTIC_MEN_TEAM_A","","DOMESTIC","Slovénie","Maribor","NK Maribor","MRB","98","MINUTE","5","1","0","14.28","KILOMETER","28","KILOMETER_PER_HOUR"
"250076523","57490","27","1997-11-14","97","Kramarič","SVN","UNKNOWN","FORWARD","MALE","","./image/250076523.jpg","Martin Kramarič","FORWARD","17","Kramarič","257163","","Slovénie","Attaquant","Martin","Kramarič","Martin Kramarič","Kramarič","257163","./assoc/257163_SVN.svg","./logo/57490.png","UEFA","SVN","57490","FAME","Maribor","","https://img.uefa.com/imgml/TP/teams/logos/70x70/57490.png","https://img.uefa.com/imgml/TP/teams/logos/240x240/57490.png","257490","MRB","DOMESTIC_MEN_TEAM_A","","DOMESTIC","Slovénie","Maribor","NK Maribor","MRB","98","MINUTE","3","0","1","13.39","KILOMETER","28.9","KILOMETER_PER_HOUR"
"250101112","50147","31","1994-05-26","11","F. CERVI","ARG","STRIKER","FORWARD","MALE","170","./image/250101112.jpg","Franco Cervi","FORWARD","","F. CERVI","","69","Argentine","Attaquant","Franco","Cervi","Franco Cervi","Cervi","200110","./assoc/200110_POR.svg","./logo/50147.png","UEFA","POR","50147","FAME","Benfica","","https://img.uefa.com/imgml/TP/teams/logos/70x70/50147.png","https://img.uefa.com/imgml/TP/teams/logos/240x240/50147.png","250147","BEN","DOMESTIC_MEN_TEAM_A","","DOMESTIC","Portugal","Benfica","SL Benfica","BEN","97","MINUTE","3","0","0","13.72","KILOMETER","28.9","KILOMETER_PER_HOUR"
"250007584","50080","32","1993-08-30","9","Paco Alcácer","ESP","STRIKER","FORWARD","MALE","176","./image/250007584.jpg","Paco Alcácer","FORWARD","9","Paco Alcácer","122","71","Espagne","Attaquant","Paco","Alcácer","Paco Alcácer","Alcácer","200122","./assoc/200122_ESP.svg","./logo/50080.png","UEFA","ESP","50080","FAME","Barcelona","","https://img.uefa.com/imgml/TP/teams/logos/70x70/50080.png","https://img.uefa.com/imgml/TP/teams/logos/240x240/50080.png","250080","BAR","DOMESTIC_MEN_TEAM_A","","DOMESTIC","Espagne","Barcelona","FC Barcelona","BAR","96","MINUTE","2","1","0","11.05","KILOMETER","29.7","KILOMETER_PER_HOUR"
"250063299","50064","34","1991-09-19","18","Waris","GHA","UNKNOWN","FORWARD","MALE","172","./image/250063299.jpg","Majeed Waris","FORWARD","18","Waris","48","","Ghana","Attaquant","Majeed","Waris","Majeed Waris","Waris","200110","./assoc/200110_POR.svg","./logo/50064.png","UEFA","POR","50064","FAME","Porto","","https://img.uefa.com/imgml/TP/teams/logos/70x70/50064.png","https://img.uefa.com/imgml/TP/teams/logos/240x240/50064.png","250064","POR","DOMESTIC_MEN_TEAM_A","","DOMESTIC","Portugal","Porto","FC Porto","POR","96","MINUTE","2","0","0","11.71","KILOMETER","28.8","KILOMETER_PER_HOUR"
"250024339","50074","33","1992-06-17","32","Josue","POR","CENTRE_BACK","DEFENDER","MALE","","./image/250024339.jpg","Josué Sá","DEFENDER","6","Josue","","","Portugal","Défenseur","","Josué Sá","Josué Sá","Josué Sá","200013","./assoc/200013_BEL.svg","./logo/50074.png","UEFA","BEL","50074","FAME","Anderlecht","","https://img.uefa.com/imgml/TP/teams/logos/70x70/50074.png","https://img.uefa.com/imgml/TP/teams/logos/240x240/50074.png","250074","AND","DOMESTIC_MEN_TEAM_A","","DOMESTIC","Belgique","Anderlecht","RSC Anderlecht","AND","94","MINUTE","3","0","0","10.77","KILOMETER","28.9","KILOMETER_PER_HOUR"
"102138","59856","36","1989-04-12","14","STOCKER","SUI","ATTACKING_MIDFIELDER","MIDFIELDER","MALE","179","./image/102138.jpg","Valentin Stocker","MIDFIELDER","14","Stocker","128","72","Suisse","Milieu","Valentin","Stocker","Valentin Stocker","Stocker","200128","./assoc/200128_SUI.svg","./logo/59856.png","UEFA","SUI","59856","FAME","Basel","","https://img.uefa.com/imgml/TP/teams/logos/70x70/59856.png","https://img.uefa.com/imgml/TP/teams/logos/240x240/59856.png","259856","BSL","DOMESTIC_MEN_TEAM_A","","DOMESTIC","Suisse","Basel","FC Basel 1893","BSL","93","MINUTE","2","0","0","12.66","KILOMETER","28.4","KILOMETER_PER_HOUR"
"250014329","52714","32","1993-08-17","16","Geis","GER","DEFENSIVE_MIDFIELDER","MIDFIELDER","MALE","181","./image/250014329.jpg","Johannes Geis","MIDFIELDER","6","Geis","200047","81","Allemagne","Milieu","Johannes","Geis","Johannes Geis","Geis","200122","./assoc/200122_ESP.svg","./logo/52714.png","UEFA","ESP","52714","FAME","Sevilla","","https://img.uefa.com/imgml/TP/teams/logos/70x70/52714.png","https://img.uefa.com/imgml/TP/teams/logos/240x240/52714.png","252714","SEV","DOMESTIC_MEN_TEAM_A","","DOMESTIC","Espagne","Sevilla","Sevilla FC","SEV","91","MINUTE","2","0","0","10.86","KILOMETER","29.6","KILOMETER_PER_HOUR"
"250064355","52919","28","1997-09-24","4","Tosin","ENG","UNKNOWN","DEFENDER","MALE","","./image/250064355.jpg","Tosin Adarabioyo","DEFENDER","","Adarabioyo","","","Angleterre","Défenseur","Tosin","Adarabioyo","Tosin Adarabioyo","Adarabioyo","200039","./assoc/200039_ENG.svg","./logo/52919.png","UEFA","ENG","52919","FAME","Man City","","https://img.uefa.com/imgml/TP/teams/logos/70x70/52919.png","https://img.uefa.com/imgml/TP/teams/logos/240x240/52919.png","252919","MCI","DOMESTIC_MEN_TEAM_A","","DOMESTIC","Angleterre","Man City","Manchester City","MCI","91","MINUTE","2","0","0","9.87","KILOMETER","28.7","KILOMETER_PER_HOUR"
"108501","50139","35","1990-04-18","25","Szczęsny","POL","GOALKEEPER","GOALKEEPER","MALE","196","./image/108501.jpg","Wojciech Szczęsny","GOALKEEPER","1","Szczęsny","109","84","Pologne","Gardien","Wojciech","Szczęsny","Wojciech Szczęsny","Szczęsny","200066","./assoc/200066_ITA.svg","./logo/50139.png","UEFA","ITA","50139","FAME","Juventus","","https://img.uefa.com/imgml/TP/teams/logos/70x70/50139.png","https://img.uefa.com/imgml/TP/teams/logos/240x240/50139.png","250139","JUV","DOMESTIC_MEN_TEAM_A","","DOMESTIC","Italie","Juventus","Juventus","JUV","91","MINUTE","2","0","0","4.27","KILOMETER","14.3","KILOMETER_PER_HOUR"
"250085693","50064","30","1995-02-09","25","Da Silva Monteiro","POR","CENTRAL_MIDFIELDER","MIDFIELDER","MALE","","./image/250085693.jpg","Otávio","MIDFIELDER","25","OTÁVIO","110","","Portugal","Milieu","","Otávio","Otávio","Otávio","200110","./assoc/200110_POR.svg","./logo/50064.png","UEFA","POR","50064","FAME","Porto","","https://img.uefa.com/imgml/TP/teams/logos/70x70/50064.png","https://img.uefa.com/imgml/TP/teams/logos/240x240/50064.png","250064","POR","DOMESTIC_MEN_TEAM_A","","DOMESTIC","Portugal","Porto","FC Porto","POR","90","MINUTE","2","0","0","11.46","KILOMETER","28.2","KILOMETER_PER_HOUR"
"250043124","50136","31","1994-02-28","14","Milik","POL","STRIKER","FORWARD","MALE","186","./image/250043124.jpg","Arkadiusz Milik","FORWARD","7","Milik","109","78","Pologne","Attaquant","Arkadiusz","Milik","Arkadiusz Milik","Milik","200066","./assoc/200066_ITA.svg","./logo/50136.png","UEFA","ITA","50136","FAME","Napoli","","https://img.uefa.com/imgml/TP/teams/logos/70x70/50136.png","https://img.uefa.com/imgml/TP/teams/logos/240x240/50136.png","250136","NAP","DOMESTIC_MEN_TEAM_A","","DOMESTIC","Italie","Napoli","SSC Napoli","NAP","90","MINUTE","1","1","0","10.31","KILOMETER","26.8","KILOMETER_PER_HOUR"
"250024981","52919","31","1994-07-17","22","Mendy","FRA","UNKNOWN","DEFENDER","MALE","185","./image/250024981.jpg","Benjamin Mendy","DEFENDER","22","Mendy","43","85","France","Défenseur","Benjamin","Mendy","Benjamin Mendy","B. Mendy","200039","./assoc/200039_ENG.svg","./logo/52919.png","UEFA","ENG","52919","FAME","Man City","","https://img.uefa.com/imgml/TP/teams/logos/70x70/52919.png","https://img.uefa.com/imgml/TP/teams/logos/240x240/52919.png","252919","MCI","DOMESTIC_MEN_TEAM_A","","DOMESTIC","Angleterre","Man City","Manchester City","MCI","90","MINUTE","1","0","1","9.89","KILOMETER","31.4","KILOMETER_PER_HOUR"
"250063924","50064","28","1997-04-19","28","Costa","POR","CENTRAL_MIDFIELDER","MIDFIELDER","MALE","169","./image/250063924.jpg","Bruno Costa","MIDFIELDER","17","B. Costa","200110","","Portugal","Milieu","","Bruno Costa","Bruno Costa","Bruno Costa","200110","./assoc/200110_POR.svg","./logo/50064.png","UEFA","POR","50064","FAME","Porto","","https://img.uefa.com/imgml/TP/teams/logos/70x70/50064.png","https://img.uefa.com/imgml/TP/teams/logos/240x240/50064.png","250064","POR","DOMESTIC_MEN_TEAM_A","","DOMESTIC","Portugal","Porto","FC Porto","POR","90","MINUTE","1","0","0","12.93","KILOMETER","24.5","KILOMETER_PER_HOUR"
"250068945","50147","28","1997-03-09","20","Carvalho","POR","","MIDFIELDER","MALE","","./image/250068945.jpg","João Carvalho","MIDFIELDER","10","J. Carvalho","200110","","Portugal","Milieu","","João Carvalho","João Carvalho","João Carvalho","200110","./assoc/200110_POR.svg","./logo/50147.png","UEFA","POR","50147","FAME","Benfica","","https://img.uefa.com/imgml/TP/teams/logos/70x70/50147.png","https://img.uefa.com/imgml/TP/teams/logos/240x240/50147.png","250147","BEN","DOMESTIC_MEN_TEAM_A","","DOMESTIC","Portugal","Benfica","SL Benfica","BEN","90","MINUTE","1","0","0","12.38","KILOMETER","24.4","KILOMETER_PER_HOUR"
"250056861","52919","28","1996-12-15","35","Zinchenko","UKR","FULL_BACK","DEFENDER","MALE","175","./image/250056861.jpg","Oleksandr Zinchenko","DEFENDER","17","Zinchenko","57166","61","Ukraine","Défenseur","Oleksandr","Zinchenko","Oleksandr Zinchenko","Zinchenko","200039","./assoc/200039_ENG.svg","./logo/52919.png","UEFA","ENG","52919","FAME","Man City","","https://img.uefa.com/imgml/TP/teams/logos/70x70/52919.png","https://img.uefa.com/imgml/TP/teams/logos/240x240/52919.png","252919","MCI","DOMESTIC_MEN_TEAM_A","","DOMESTIC","Angleterre","Man City","Manchester City","MCI","90","MINUTE","1","0","0","11.54","KILOMETER","27","KILOMETER_PER_HOUR"
"250076611","2610","28","1997-05-06","14","Androutsos","GRE","ATTACKING_MIDFIELDER","DEFENDER","MALE","","./image/250076611.jpg","Thanasis Androutsos","DEFENDER","15","Androutsos","49","","Grèce","Défenseur","Thanasis","Androutsos","Thanasis Androutsos","Androutsos","200049","./assoc/200049_GRE.svg","./logo/2610.png","UEFA","GRE","2610","FAME","Olympiacos","","https://img.uefa.com/imgml/TP/teams/logos/70x70/2610.png","https://img.uefa.com/imgml/TP/teams/logos/240x240/2610.png","202610","OLY","DOMESTIC_MEN_TEAM_A","","DOMESTIC","Grèce","Olympiacos","Olympiacos FC","OLY","90","MINUTE","1","0","0","11.52","KILOMETER","26.6","KILOMETER_PER_HOUR"
"1906421","50124","33","1992-01-10","2","Vrsaljko","CRO","FULL_BACK","DEFENDER","MALE","183","./image/1906421.jpg","Šime Vrsaljko","DEFENDER","2","Vrsaljko","56370","75","Croatie","Défenseur","Šime","Vrsaljko","Šime Vrsaljko","Vrsaljko","200122","./assoc/200122_ESP.svg","./logo/50124.png","UEFA","ESP","50124","FAME","Atleti","","https://img.uefa.com/imgml/TP/teams/logos/70x70/50124.png","https://img.uefa.com/imgml/TP/teams/logos/240x240/50124.png","250124","ATM","DOMESTIC_MEN_TEAM_A","","DOMESTIC","Espagne","Atleti","Atlético de Madrid","ATM","90","MINUTE","1","0","0","11.29","KILOMETER","29.7","KILOMETER_PER_HOUR"
"48893","52707","43","1982-05-01","33","","CRO","FULL_BACK","","MALE","178","./image/48893.jpg","Darijo Srna","DEFENDER","11","Srna","56370","78","Croatie","","Darijo","Srna","Darijo Srna","Srna","257166","./assoc/257166_UKR.svg","./logo/52707.png","UEFA","UKR","52707","FAME","Shakhtar","","https://img.uefa.com/imgml/TP/teams/logos/70x70/52707.png","https://img.uefa.com/imgml/TP/teams/logos/240x240/52707.png","252707","SHK","DOMESTIC_MEN_TEAM_A","","DOMESTIC","Ukraine","Shakhtar","FC Shakhtar Donetsk","SHK","90","MINUTE","1","0","0","10.88","KILOMETER","29.1","KILOMETER_PER_HOUR"
"250035615","50050","35","1989-10-24","12","Gamboa","CRC","FULL_BACK","DEFENDER","MALE","173","./image/250035615.jpg","Cristian Gamboa","DEFENDER","16","Gamboa                        ","31","70","Costa Rica","Défenseur","Cristian","Gamboa","Cristian Gamboa","Gamboa","200117","./assoc/200117_SCO.svg","./logo/50050.png","UEFA","SCO","50050","FAME","Celtic","","https://img.uefa.com/imgml/TP/teams/logos/70x70/50050.png","https://img.uefa.com/imgml/TP/teams/logos/240x240/50050.png","250050","CEL","DOMESTIC_MEN_TEAM_A","","DOMESTIC","Écosse","Celtic","Celtic FC","CEL","90","MINUTE","1","0","0","10.88","KILOMETER","23.9","KILOMETER_PER_HOUR"
"250091161","52749","26","1999-08-17","12","Malacia","NED","CENTRE_BACK","DEFENDER","MALE","","./image/250091161.jpg","Tyrell Malacia","DEFENDER","16","Malacia","95","","Pays-Bas","Défenseur","Tyrell","Malacia","Tyrell Malacia","Malacia","200095","./assoc/200095_NED.svg","./logo/52749.png","UEFA","NED","52749","FAME","Feyenoord","","https://img.uefa.com/imgml/TP/teams/logos/70x70/52749.png","https://img.uefa.com/imgml/TP/teams/logos/240x240/52749.png","252749","FEY","DOMESTIC_MEN_TEAM_A","","DOMESTIC","Pays-Bas","Feyenoord","Feyenoord","FEY","90","MINUTE","1","0","0","10.62","KILOMETER","29.2","KILOMETER_PER_HOUR"
"250081628","50064","26","1999-03-18","20","Dalot","POR","FULL_BACK","DEFENDER","MALE","","./image/250081628.jpg","Diogo Dalot","DEFENDER","5","DALOT","110","","Portugal","Défenseur","Diogo","Dalot","Diogo Dalot","Dalot","200110","./assoc/200110_POR.svg","./logo/50064.png","UEFA","POR","50064","FAME","Porto","","https://img.uefa.com/imgml/TP/teams/logos/70x70/50064.png","https://img.uefa.com/imgml/TP/teams/logos/240x240/50064.png","250064","POR","DOMESTIC_MEN_TEAM_A","","DOMESTIC","Portugal","Porto","FC Porto","POR","90","MINUTE","1","0","0","10.61","KILOMETER","29","KILOMETER_PER_HOUR"
"250008167","50136","33","1991-11-25","19","Maksimovic","SRB","CENTRE_BACK","DEFENDER","MALE","193","./image/250008167.jpg","Nikola Maksimović","DEFENDER","19","Maksimovic","147","82","Serbie","Défenseur","Nikola","Maksimović","Nikola Maksimović","Nik. Maksimović","200066","./assoc/200066_ITA.svg","./logo/50136.png","UEFA","ITA","50136","FAME","Napoli","","https://img.uefa.com/imgml/TP/teams/logos/70x70/50136.png","https://img.uefa.com/imgml/TP/teams/logos/240x240/50136.png","250136","NAP","DOMESTIC_MEN_TEAM_A","","DOMESTIC","Italie","Napoli","SSC Napoli","NAP","90","MINUTE","1","0","0","10.47","KILOMETER","27.2","KILOMETER_PER_HOUR"
"150182144","50037","27","1998-03-16","34","Friedl","AUT","UNKNOWN","DEFENDER","MALE","","./image/150182144.jpg","Marco Friedl","DEFENDER","3","Friedl","8","","Autriche","Défenseur","Marco","Friedl","Marco Friedl","Friedl","200047","./assoc/200047_GER.svg","./logo/50037.png","UEFA","GER","50037","FAME","Bayern München","","https://img.uefa.com/imgml/TP/teams/logos/70x70/50037.png","https://img.uefa.com/imgml/TP/teams/logos/240x240/50037.png","250037","BAY","DOMESTIC_MEN_TEAM_A","","DOMESTIC","Allemagne","Bayern München","FC Bayern München","BAY","90","MINUTE","1","0","0","10.38","KILOMETER","26.8","KILOMETER_PER_HOUR"
"250076575","50023","29","1996-01-22","6","K. N'Doram","FRA","UNKNOWN","MIDFIELDER","MALE","185","./image/250076575.jpg","Kévin N'Doram","DEFENDER","","N'Doram","","60","France","Milieu","Kévin","N'Doram","Kévin N'Doram","N'Doram","200043","./assoc/200043_FRA.svg","./logo/50023.png","UEFA","FRA","50023","FAME","Monaco","","https://img.uefa.com/imgml/TP/teams/logos/70x70/50023.png","https://img.uefa.com/imgml/TP/teams/logos/240x240/50023.png","250023","MON","DOMESTIC_MEN_TEAM_A","","DOMESTIC","France","Monaco","AS Monaco","MON","90","MINUTE","1","0","0","10.36","KILOMETER","25.8","KILOMETER_PER_HOUR"
"250003411","52758","36","1988-12-10","4","Subotić","SRB","UNKNOWN","DEFENDER","MALE","193","./image/250003411.jpg","Neven Subotić","DEFENDER","20","Subotić","","88","Serbie","Défenseur","Neven","Subotić","Neven Subotić","Subotić","200047","./assoc/200047_GER.svg","./logo/52758.png","UEFA","GER","52758","FAME","B. Dortmund","","https://img.uefa.com/imgml/TP/teams/logos/70x70/52758.png","https://img.uefa.com/imgml/TP/teams/logos/240x240/52758.png","252758","BVB","DOMESTIC_MEN_TEAM_A","","DOMESTIC","Allemagne","B. Dortmund","Borussia Dortmund","BVB","90","MINUTE","1","0","0","10.34","KILOMETER","23.2","KILOMETER_PER_HOUR"
"250042705","52682","30","1995-07-12","23","Shaw","ENG","FULL_BACK","DEFENDER","MALE","185","./image/250042705.jpg","Luke Shaw","DEFENDER","3","Shaw","39","75","Angleterre","Défenseur","Luke","Shaw","Luke Shaw","Shaw","200039","./assoc/200039_ENG.svg","./logo/52682.png","UEFA","ENG","52682","FAME","Man Utd","","https://img.uefa.com/imgml/TP/teams/logos/70x70/52682.png","https://img.uefa.com/imgml/TP/teams/logos/240x240/52682.png","252682","MUN","DOMESTIC_MEN_TEAM_A","","DOMESTIC","Angleterre","Man Utd","Manchester United","MUN","90","MINUTE","1","0","0","10.25","KILOMETER","27.5","KILOMETER_PER_HOUR"
"250096737","50050","26","1998-11-16","56","Ralston","SCO","FULL_BACK","DEFENDER","MALE","","./image/250096737.jpg","Anthony Ralston","DEFENDER","2","Ralston","117","","Écosse","Défenseur","Anthony","Ralston","Anthony Ralston","Ralston","200117","./assoc/200117_SCO.svg","./logo/50050.png","UEFA","SCO","50050","FAME","Celtic","","https://img.uefa.com/imgml/TP/teams/logos/70x70/50050.png","https://img.uefa.com/imgml/TP/teams/logos/240x240/50050.png","250050","CEL","DOMESTIC_MEN_TEAM_A","","DOMESTIC","Écosse","Celtic","Celtic FC","CEL","90","MINUTE","1","0","0","10.23","KILOMETER","27","KILOMETER_PER_HOUR"
"71982","50080","39","1985-11-14","24","Vermaelen","BEL","CENTRE_BACK","DEFENDER","MALE","183","./image/71982.jpg","Thomas Vermaelen","","3","","13","80","Belgique","Défenseur","Thomas","Vermaelen","Thomas Vermaelen","Vermaelen","200122","./assoc/200122_ESP.svg","./logo/50080.png","UEFA","ESP","50080","FAME","Barcelona","","https://img.uefa.com/imgml/TP/teams/logos/70x70/50080.png","https://img.uefa.com/imgml/TP/teams/logos/240x240/50080.png","250080","BAR","DOMESTIC_MEN_TEAM_A","","DOMESTIC","Espagne","Barcelona","FC Barcelona","BAR","90","MINUTE","1","0","0","10.01","KILOMETER","26.3","KILOMETER_PER_HOUR"
"250024855","50023","31","1994-02-14","4","KONGOLO","NED","CENTRE_BACK","DEFENDER","MALE","183","./image/250024855.jpg","Terence Kongolo","DEFENDER","14","Kongolo","95","70","Pays-Bas","Défenseur","Terence","Kongolo","Terence Kongolo","Kongolo","200043","./assoc/200043_FRA.svg","./logo/50023.png","UEFA","FRA","50023","FAME","Monaco","","https://img.uefa.com/imgml/TP/teams/logos/70x70/50023.png","https://img.uefa.com/imgml/TP/teams/logos/240x240/50023.png","250023","MON","DOMESTIC_MEN_TEAM_A","","DOMESTIC","France","Monaco","AS Monaco","MON","90","MINUTE","1","0","0","9.84","KILOMETER","30.3","KILOMETER_PER_HOUR"
"250112836","1652","27","1998-01-11","","","ARG","UNKNOWN","DEFENDER","","","./image/250112836.jpg","Juan Foyth","","","","","","Argentine","Défenseur","Juan","Foyth","Juan Foyth","Foyth","200039","./assoc/200039_ENG.svg","./logo/1652.png","UEFA","ENG","1652","FAME","Tottenham","","https://img.uefa.com/imgml/TP/teams/logos/70x70/1652.png","https://img.uefa.com/imgml/TP/teams/logos/240x240/1652.png","201652","TOT","DOMESTIC_MEN_TEAM_A","","DOMESTIC","Angleterre","Tottenham","Tottenham Hotspur","TOT","90","MINUTE","1","0","0","9.84","KILOMETER","27.8","KILOMETER_PER_HOUR"
"1906053","52749","37","1988-03-03","6","Van Der Heijden","NED","CENTRE_BACK","DEFENDER","MALE","185","./image/1906053.jpg","Jan-Arie van der Heijden","MIDFIELDER","","Van Der Heijden","200095","71","Pays-Bas","Défenseur","Jan-Arie","van der Heijden","Jan-Arie van der Heijden","Van der Heijden","200095","./assoc/200095_NED.svg","./logo/52749.png","UEFA","NED","52749","FAME","Feyenoord","","https://img.uefa.com/imgml/TP/teams/logos/70x70/52749.png","https://img.uefa.com/imgml/TP/teams/logos/240x240/52749.png","252749","FEY","DOMESTIC_MEN_TEAM_A","","DOMESTIC","Pays-Bas","Feyenoord","Feyenoord","FEY","90","MINUTE","1","0","0","9.73","KILOMETER","29.1","KILOMETER_PER_HOUR"
"250065307","50051","28","1997-01-05","18","VALLEJO","ESP","CENTRE_BACK","DEFENDER","MALE","183","./image/250065307.jpg","Jesús Vallejo","DEFENDER","2","Vallejo","200122","74","Espagne","Défenseur","Jesús","Vallejo","Jesús Vallejo","Vallejo","200122","./assoc/200122_ESP.svg","./logo/50051.png","UEFA","ESP","50051","FAME","Real Madrid","","https://img.uefa.com/imgml/TP/teams/logos/70x70/50051.png","https://img.uefa.com/imgml/TP/teams/logos/240x240/50051.png","250051","RMA","DOMESTIC_MEN_TEAM_A","","DOMESTIC","Espagne","Real Madrid","Real Madrid C.F.","RMA","90","MINUTE","1","0","0","9.73","KILOMETER","27.7","KILOMETER_PER_HOUR"
"1901630","52749","35","1990-09-22","18","Nelom","NED","FULL_BACK","DEFENDER","MALE","174","./image/1901630.jpg","Miquel Nelom","DEFENDER","5","Nelom","200095","69","Pays-Bas","Défenseur","Miquel","Nelom","Miquel Nelom","Nelom","200095","./assoc/200095_NED.svg","./logo/52749.png","UEFA","NED","52749","FAME","Feyenoord","","https://img.uefa.com/imgml/TP/teams/logos/70x70/52749.png","https://img.uefa.com/imgml/TP/teams/logos/240x240/52749.png","252749","FEY","DOMESTIC_MEN_TEAM_A","","DOMESTIC","Pays-Bas","Feyenoord","Feyenoord","FEY","90","MINUTE","1","0","0","9.72","KILOMETER","28.6","KILOMETER_PER_HOUR"
"250012057","50136","35","1989-11-14","21","Chiriches","ROU","CENTRE_BACK","DEFENDER","MALE","184","./image/250012057.jpg","Vlad Chiricheş","DEFENDER","21","Chiricheş","113","75","Roumanie","Défenseur","Vlad","Chiricheş","Vlad Chiricheş","Chiricheş","200066","./assoc/200066_ITA.svg","./logo/50136.png","UEFA","ITA","50136","FAME","Napoli","","https://img.uefa.com/imgml/TP/teams/logos/70x70/50136.png","https://img.uefa.com/imgml/TP/teams/logos/240x240/50136.png","250136","NAP","DOMESTIC_MEN_TEAM_A","","DOMESTIC","Italie","Napoli","SSC Napoli","NAP","90","MINUTE","1","0","0","9.66","KILOMETER","25.5","KILOMETER_PER_HOUR"
"250025141","52749","38","1987-08-31","33","Botteghin","BRA","CENTRE_BACK","DEFENDER","MALE","192","./image/250025141.jpg","Eric Botteghin","DEFENDER","","Botteghin","","89","Brésil","Défenseur","Eric","Botteghin","Eric Botteghin","Botteghin","200095","./assoc/200095_NED.svg","./logo/52749.png","UEFA","NED","52749","FAME","Feyenoord","","https://img.uefa.com/imgml/TP/teams/logos/70x70/52749.png","https://img.uefa.com/imgml/TP/teams/logos/240x240/52749.png","252749","FEY","DOMESTIC_MEN_TEAM_A","","DOMESTIC","Pays-Bas","Feyenoord","Feyenoord","FEY","90","MINUTE","1","0","0","9.18","KILOMETER","25.5","KILOMETER_PER_HOUR"
"250026718","52682","35","1990-03-20","16","Alberto Rojo","ARG","FULL_BACK","DEFENDER","MALE","187","./image/250026718.jpg","Marcos Rojo","DEFENDER","16","Rojo","6","80","Argentine","Défenseur","Marcos","Rojo","Marcos Rojo","Rojo","200039","./assoc/200039_ENG.svg","./logo/52682.png","UEFA","ENG","52682","FAME","Man Utd","","https://img.uefa.com/imgml/TP/teams/logos/70x70/52682.png","https://img.uefa.com/imgml/TP/teams/logos/240x240/52682.png","252682","MUN","DOMESTIC_MEN_TEAM_A","","DOMESTIC","Angleterre","Man Utd","Manchester United","MUN","90","MINUTE","1","0","0","9.12","KILOMETER","26.9","KILOMETER_PER_HOUR"
"72102","52749","39","1986-01-10","1","Vermeer","NED","GOALKEEPER","GOALKEEPER","MALE","181","./image/72102.jpg","Kenneth Vermeer","GOALKEEPER","13","Vermeer","95","78","Pays-Bas","Gardien","Kenneth","Vermeer","Kenneth Vermeer","Vermeer","200095","./assoc/200095_NED.svg","./logo/52749.png","UEFA","NED","52749","FAME","Feyenoord","","https://img.uefa.com/imgml/TP/teams/logos/70x70/52749.png","https://img.uefa.com/imgml/TP/teams/logos/240x240/52749.png","252749","FEY","DOMESTIC_MEN_TEAM_A","","DOMESTIC","Pays-Bas","Feyenoord","Feyenoord","FEY","90","MINUTE","1","0","0","5.22","KILOMETER","21.5","KILOMETER_PER_HOUR"
"250075672","52919","42","1983-04-13","1","C. BRAVO","CHI","GOALKEEPER","GOALKEEPER","MALE","184","./image/250075672.jpg","Claudio Bravo","GOALKEEPER","1","C. Bravo","26","80","Chili","Gardien","Claudio","Bravo","Claudio Bravo","Bravo","200039","./assoc/200039_ENG.svg","./logo/52919.png","UEFA","ENG","52919","FAME","Man City","","https://img.uefa.com/imgml/TP/teams/logos/70x70/52919.png","https://img.uefa.com/imgml/TP/teams/logos/240x240/52919.png","252919","MCI","DOMESTIC_MEN_TEAM_A","","DOMESTIC","Angleterre","Man City","Manchester City","MCI","90","MINUTE","1","0","0","4.93","KILOMETER","13.8","KILOMETER_PER_HOUR"
"250004462","50080","36","1989-04-22","13","CILLESSEN","NED","UNKNOWN","GOALKEEPER","MALE","187","./image/250004462.jpg","Jasper Cillessen","GOALKEEPER","1","Cillessen","95","83","Pays-Bas","Gardien","Jasper","Cillessen","Jasper Cillessen","Cillessen","200122","./assoc/200122_ESP.svg","./logo/50080.png","UEFA","ESP","50080","FAME","Barcelona","","https://img.uefa.com/imgml/TP/teams/logos/70x70/50080.png","https://img.uefa.com/imgml/TP/teams/logos/240x240/50080.png","250080","BAR","DOMESTIC_MEN_TEAM_A","","DOMESTIC","Espagne","Barcelona","FC Barcelona","BAR","90","MINUTE","1","0","0","4.67","KILOMETER","10.6","KILOMETER_PER_HOUR"
"97923","50037","39","1986-03-27","1","Neuer","GER","GOALKEEPER","GOALKEEPER","MALE","193","./image/97923.jpg","Manuel Neuer","GOALKEEPER","1","Neuer","47","92","Allemagne","Gardien","Manuel","Neuer","Manuel Neuer","Neuer","200047","./assoc/200047_GER.svg","./logo/50037.png","UEFA","GER","50037","FAME","Bayern München","","https://img.uefa.com/imgml/TP/teams/logos/70x70/50037.png","https://img.uefa.com/imgml/TP/teams/logos/240x240/50037.png","250037","BAY","DOMESTIC_MEN_TEAM_A","","DOMESTIC","Allemagne","Bayern München","FC Bayern München","BAY","90","MINUTE","1","0","0","4.34","KILOMETER","13.8","KILOMETER_PER_HOUR"
"61728","1652","41","1983-10-20","13","Vorm","NED","GOALKEEPER","GOALKEEPER","MALE","183","./image/61728.jpg","Michel Vorm","GOALKEEPER","22","Vorm","95","84","Pays-Bas","Gardien","Michel","Vorm","Michel Vorm","Vorm","200039","./assoc/200039_ENG.svg","./logo/1652.png","UEFA","ENG","1652","FAME","Tottenham","","https://img.uefa.com/imgml/TP/teams/logos/70x70/1652.png","https://img.uefa.com/imgml/TP/teams/logos/240x240/1652.png","201652","TOT","DOMESTIC_MEN_TEAM_A","","DOMESTIC","Angleterre","Tottenham","Tottenham Hotspur","TOT","90","MINUTE","1","0","0","4.16","KILOMETER","17.11","KILOMETER_PER_HOUR"
"250013050","2610","31","1994-03-18","27","Kapino","GRE","GOALKEEPER","GOALKEEPER","MALE","193","./image/250013050.jpg","Stefanos Kapino","GOALKEEPER","12","Kapino","49","85","Grèce","Gardien","Stefanos","Kapino","Stefanos Kapino","Kapino","200049","./assoc/200049_GRE.svg","./logo/2610.png","UEFA","GRE","2610","FAME","Olympiacos","","https://img.uefa.com/imgml/TP/teams/logos/70x70/2610.png","https://img.uefa.com/imgml/TP/teams/logos/240x240/2610.png","202610","OLY","DOMESTIC_MEN_TEAM_A","","DOMESTIC","Grèce","Olympiacos","Olympiacos FC","OLY","90","MINUTE","1","0","0","3.57","KILOMETER","15.8","KILOMETER_PER_HOUR"
"91862","50147","46","1979-09-03","12","Júlio César","BRA","","GOALKEEPER","MALE","186","./image/91862.jpg","Júlio César","GOALKEEPER","12","Julio César","","79","Brésil","Gardien","","Júlio César","Júlio César","Júlio César","200110","./assoc/200110_POR.svg","./logo/50147.png","UEFA","POR","50147","FAME","Benfica","","https://img.uefa.com/imgml/TP/teams/logos/70x70/50147.png","https://img.uefa.com/imgml/TP/teams/logos/240x240/50147.png","250147","BEN","DOMESTIC_MEN_TEAM_A","","DOMESTIC","Portugal","Benfica","SL Benfica","BEN","90","MINUTE","1","0","0","3.52","KILOMETER","21.7","KILOMETER_PER_HOUR"
"250004244","54266","33","1992-02-19","7","Milanov","BUL","CENTRAL_MIDFIELDER","MIDFIELDER","MALE","184","./image/250004244.jpg","Georgi Milanov","MIDFIELDER","17","Milanov","20","70","Bulgarie","Milieu","Georgi","Milanov","Georgi Milanov","Milanov","257451","./assoc/257451_RUS.svg","./logo/54266.png","UEFA","RUS","54266","FAME","CSKA Moskva","","https://img.uefa.com/imgml/TP/teams/logos/70x70/54266.png","https://img.uefa.com/imgml/TP/teams/logos/240x240/54266.png","254266","CSM","DOMESTIC_MEN_TEAM_A","","DOMESTIC","Russie","CSKA Moskva","PFC CSKA Moskva","CSM","89","MINUTE","3","0","0","10.81","KILOMETER","25.8","KILOMETER_PER_HOUR"
"250087431","52758","26","1999-06-03","23","Zagadou","FRA","FULL_BACK","DEFENDER","MALE","","./image/250087431.jpg","Dan-Axel Zagadou","DEFENDER","3","Zagadou","200043","","France","Défenseur","Dan-Axel","Zagadou","Dan-Axel Zagadou","Zagadou","200047","./assoc/200047_GER.svg","./logo/52758.png","UEFA","GER","52758","FAME","B. Dortmund","","https://img.uefa.com/imgml/TP/teams/logos/70x70/52758.png","https://img.uefa.com/imgml/TP/teams/logos/240x240/52758.png","252758","BVB","DOMESTIC_MEN_TEAM_A","","DOMESTIC","Allemagne","B. Dortmund","Borussia Dortmund","BVB","88","MINUTE","2","0","0","10.64","KILOMETER","26.4","KILOMETER_PER_HOUR"
"250110399","50118","37","1987-12-25","25","FARIAS","ARG","UNKNOWN","DEFENDER","MALE","","./image/250110399.jpg","Agustin Farias","MIDFIELDER","","FARIAS","","","Argentine","Défenseur","Agustin","Farias","Agustin Farias","Farias","200033","./assoc/200033_CYP.svg","./logo/50118.png","UEFA","CYP","50118","FAME","APOEL","","https://img.uefa.com/imgml/TP/teams/logos/70x70/50118.png","https://img.uefa.com/imgml/TP/teams/logos/240x240/50118.png","250118","APO","DOMESTIC_MEN_TEAM_A","","DOMESTIC","Chypre","APOEL","APOEL FC","APO","84","MINUTE","4","0","0","13.81","KILOMETER","26","KILOMETER_PER_HOUR"
"250001486","52749","36","1988-12-03","29","Kramer","NED","STRIKER","FORWARD","MALE","","./image/250001486.jpg","Michiel Kramer","FORWARD","","Kramer","","","Pays-Bas","Attaquant","Michiel","Kramer","Michiel Kramer","Kramer","200095","./assoc/200095_NED.svg","./logo/52749.png","UEFA","NED","52749","FAME","Feyenoord","","https://img.uefa.com/imgml/TP/teams/logos/70x70/52749.png","https://img.uefa.com/imgml/TP/teams/logos/240x240/52749.png","252749","FEY","DOMESTIC_MEN_TEAM_A","","DOMESTIC","Pays-Bas","Feyenoord","Feyenoord","FEY","84","MINUTE","2","0","0","9.35","KILOMETER","29.7","KILOMETER_PER_HOUR"
"103561","7889","36","1989-09-01","19","Sturridge","ENG","STRIKER","FORWARD","MALE","188","./image/103561.jpg","Daniel Sturridge","FORWARD","15","Sturridge","39","76","Angleterre","Attaquant","Daniel","Sturridge","Daniel Sturridge","Sturridge","200039","./assoc/200039_ENG.svg","./logo/7889.png","UEFA","ENG","7889","FAME","Liverpool","","https://img.uefa.com/imgml/TP/teams/logos/70x70/7889.png","https://img.uefa.com/imgml/TP/teams/logos/240x240/7889.png","207889","LIV","DOMESTIC_MEN_TEAM_A","","DOMESTIC","Angleterre","Liverpool","Liverpool FC","LIV","83","MINUTE","5","1","2","11.26","KILOMETER","26.9","KILOMETER_PER_HOUR"
"250086709","50051","29","1996-08-07","19","D. CEBALLOS","ESP","CENTRAL_MIDFIELDER","MIDFIELDER","MALE","176","./image/250086709.jpg","Dani Ceballos","MIDFIELDER","10","D. Ceballos","122","65","Espagne","Milieu","Dani","Ceballos","Dani Ceballos","Ceballos","200122","./assoc/200122_ESP.svg","./logo/50051.png","UEFA","ESP","50051","FAME","Real Madrid","","https://img.uefa.com/imgml/TP/teams/logos/70x70/50051.png","https://img.uefa.com/imgml/TP/teams/logos/240x240/50051.png","250051","RMA","DOMESTIC_MEN_TEAM_A","","DOMESTIC","Espagne","Real Madrid","Real Madrid C.F.","RMA","83","MINUTE","4","0","0","12.57","KILOMETER","29.1","KILOMETER_PER_HOUR"
"250007252","50068","33","1992-09-03","3","Petkovic","SRB","FULL_BACK","DEFENDER","MALE","","./image/250007252.jpg","Marko Petković","DEFENDER","3","Petkovic","147","","Serbie","Défenseur","Marko","Petković","Marko Petković","Petković","257451","./assoc/257451_RUS.svg","./logo/50068.png","UEFA","RUS","50068","FAME","Spartak Moskva","","https://img.uefa.com/imgml/TP/teams/logos/70x70/50068.png","https://img.uefa.com/imgml/TP/teams/logos/240x240/50068.png","250068","SPM","DOMESTIC_MEN_TEAM_A","","DOMESTIC","Russie","Spartak Moskva","FC Spartak Moskva","SPM","83","MINUTE","2","0","0","9.94","KILOMETER","26.5","KILOMETER_PER_HOUR"
"250055133","60609","29","1996-03-15","77","Sheidaev","AZE","UNKNOWN","FORWARD","MALE","187","./image/250055133.jpg","Ramil Sheydaev","FORWARD","11","Şeydayev","57154","77","Azerbaïdjan","Attaquant","Ramil","Sheydaev","Ramil Sheydaev","Sheydaev","257154","./assoc/257154_AZE.svg","./logo/60609.png","UEFA","AZE","60609","FAME","Qarabağ","","https://img.uefa.com/imgml/TP/teams/logos/70x70/60609.png","https://img.uefa.com/imgml/TP/teams/logos/240x240/60609.png","260609","QAR","DOMESTIC_MEN_TEAM_A","","DOMESTIC","Azerbaïdjan","Qarabağ","Qarabağ FK","QAR","77","MINUTE","2","0","0","10.15","KILOMETER","25.9","KILOMETER_PER_HOUR"
"250003472","60609","37","1988-10-08","22","","AZE","WINGER","","MALE","174","./image/250003472.jpg","Afran Ismayilov","MIDFIELDER","22","Ismayilov","57154","72","Azerbaïdjan","","Afran","Ismayilov","Afran Ismayilov","Ismayilov","257154","./assoc/257154_AZE.svg","./logo/60609.png","UEFA","AZE","60609","FAME","Qarabağ","","https://img.uefa.com/imgml/TP/teams/logos/70x70/60609.png","https://img.uefa.com/imgml/TP/teams/logos/240x240/60609.png","260609","QAR","DOMESTIC_MEN_TEAM_A","","DOMESTIC","Azerbaïdjan","Qarabağ","Qarabağ FK","QAR","77","MINUTE","2","0","0","9.07","KILOMETER","28","KILOMETER_PER_HOUR"
"250071671","50136","30","1995-07-19","30","Rog","CRO","CENTRAL_MIDFIELDER","MIDFIELDER","MALE","180","./image/250071671.jpg","Marko Rog","MIDFIELDER","17","Rog","56370","73","Croatie","Milieu","Marko","Rog","Marko Rog","Rog","200066","./assoc/200066_ITA.svg","./logo/50136.png","UEFA","ITA","50136","FAME","Napoli","","https://img.uefa.com/imgml/TP/teams/logos/70x70/50136.png","https://img.uefa.com/imgml/TP/teams/logos/240x240/50136.png","250136","NAP","DOMESTIC_MEN_TEAM_A","","DOMESTIC","Italie","Napoli","SSC Napoli","NAP","75","MINUTE","4","0","0","11.12","KILOMETER","30.3","KILOMETER_PER_HOUR"
"250074566","50124","31","1993-12-05","10","Vietto","ARG","STRIKER","FORWARD","MALE","173","./image/250074566.jpg","Luciano Vietto","FORWARD","","Vietto","","68","Argentine","Attaquant","Luciano","Vietto","Luciano Vietto","Vietto","200122","./assoc/200122_ESP.svg","./logo/50124.png","UEFA","ESP","50124","FAME","Atleti","","https://img.uefa.com/imgml/TP/teams/logos/70x70/50124.png","https://img.uefa.com/imgml/TP/teams/logos/240x240/50124.png","250124","ATM","DOMESTIC_MEN_TEAM_A","","DOMESTIC","Espagne","Atleti","Atlético de Madrid","ATM","69","MINUTE","2","0","0","9.98","KILOMETER","29.8","KILOMETER_PER_HOUR"
"250015986","52747","36","1989-06-20","27","PASTORE","ITA","ATTACKING_MIDFIELDER","MIDFIELDER","MALE","187","./image/250015986.jpg","Javier Pastore","MIDFIELDER","23","Pastore","","78","Italie","Milieu","Javier","Pastore","Javier Pastore","Pastore","200043","./assoc/200043_FRA.svg","./logo/52747.png","UEFA","FRA","52747","FAME","Paris","","https://img.uefa.com/imgml/TP/teams/logos/70x70/52747.png","https://img.uefa.com/imgml/TP/teams/logos/240x240/52747.png","252747","PSG","DOMESTIC_MEN_TEAM_A","","DOMESTIC","France","Paris","Paris Saint-Germain","PSG","68","MINUTE","3","0","1","10.16","KILOMETER","26.5","KILOMETER_PER_HOUR"
"250110813","54266","31","1994-06-04","11","Samuel","NGA","STRIKER","FORWARD","MALE","","./image/250110813.jpg","Aaron Olanare","FORWARD","","Olanare","","","Nigeria","Attaquant","Aaron","Olanare","Aaron Olanare","Olanare","257451","./assoc/257451_RUS.svg","./logo/54266.png","UEFA","RUS","54266","FAME","CSKA Moskva","","https://img.uefa.com/imgml/TP/teams/logos/70x70/54266.png","https://img.uefa.com/imgml/TP/teams/logos/240x240/54266.png","254266","CSM","DOMESTIC_MEN_TEAM_A","","DOMESTIC","Russie","CSKA Moskva","PFC CSKA Moskva","CSM","67","MINUTE","1","0","0","7.59","KILOMETER","30.9","KILOMETER_PER_HOUR"
"250020851","52914","39","1986-09-30","9","GIROUD","FRA","STRIKER","FORWARD","MALE","192","./image/250020851.jpg","Olivier Giroud","FORWARD","9","Giroud","43","88","France","Attaquant","Olivier","Giroud","Olivier Giroud","Giroud","200039","./assoc/200039_ENG.svg","./logo/52914.png","UEFA","ENG","52914","FAME","Chelsea","","https://img.uefa.com/imgml/TP/teams/logos/70x70/52914.png","https://img.uefa.com/imgml/TP/teams/logos/240x240/52914.png","252914","CHE","DOMESTIC_MEN_TEAM_A","","DOMESTIC","Angleterre","Chelsea","Chelsea FC","CHE","67","MINUTE","1","0","0","7.19","KILOMETER","28.6","KILOMETER_PER_HOUR"
"250024987","50023","31","1994-03-17","8","Meite","FRA","CENTRAL_MIDFIELDER","MIDFIELDER","MALE","187","./image/250024987.jpg","Soualiho Meite","MIDFIELDER","8","Meite","300043","","France","Milieu","Soualiho","Meite","Soualiho Meite","Meite","200043","./assoc/200043_FRA.svg","./logo/50023.png","UEFA","FRA","50023","FAME","Monaco","","https://img.uefa.com/imgml/TP/teams/logos/70x70/50023.png","https://img.uefa.com/imgml/TP/teams/logos/240x240/50023.png","250023","MON","DOMESTIC_MEN_TEAM_A","","DOMESTIC","France","Monaco","AS Monaco","MON","66","MINUTE","1","0","0","7.86","KILOMETER","28","KILOMETER_PER_HOUR"
"250042679","60609","30","1995-09-13","91","Diniyev","AZE","DEFENSIVE_MIDFIELDER","MIDFIELDER","MALE","175","./image/250042679.jpg","Joshgun Diniyev","MIDFIELDER","7","Diniyev","57154","65","Azerbaïdjan","Milieu","Joshgun","Diniyev","Joshgun Diniyev","Diniyev","257154","./assoc/257154_AZE.svg","./logo/60609.png","UEFA","AZE","60609","FAME","Qarabağ","","https://img.uefa.com/imgml/TP/teams/logos/70x70/60609.png","https://img.uefa.com/imgml/TP/teams/logos/240x240/60609.png","260609","QAR","DOMESTIC_MEN_TEAM_A","","DOMESTIC","Azerbaïdjan","Qarabağ","Qarabağ FK","QAR","65","MINUTE","2","0","0","8.5","KILOMETER","27.4","KILOMETER_PER_HOUR"
"102514","50023","35","1989-11-02","8","Jovetić","MNE","UNKNOWN","FORWARD","MALE","183","./image/102514.jpg","Stevan Jovetić","FORWARD","10","Jovetić","92853","79","Monténégro","Attaquant","Stevan","Jovetić","Stevan Jovetić","S. Jovetić","200043","./assoc/200043_FRA.svg","./logo/50023.png","UEFA","FRA","50023","FAME","Monaco","","https://img.uefa.com/imgml/TP/teams/logos/70x70/50023.png","https://img.uefa.com/imgml/TP/teams/logos/240x240/50023.png","250023","MON","DOMESTIC_MEN_TEAM_A","","DOMESTIC","France","Monaco","AS Monaco","MON","64","MINUTE","1","0","0","8.73","KILOMETER","25.4","KILOMETER_PER_HOUR"
"250035859","50124","39","1986-04-10","12","AUGUSTO","ARG","UNKNOWN","MIDFIELDER","MALE","177","./image/250035859.jpg","Augusto Fernández","MIDFIELDER","13","Fernandez","","72","Argentine","Milieu","Augusto","Fernández","Augusto Fernández","Fernández","200122","./assoc/200122_ESP.svg","./logo/50124.png","UEFA","ESP","50124","FAME","Atleti","","https://img.uefa.com/imgml/TP/teams/logos/70x70/50124.png","https://img.uefa.com/imgml/TP/teams/logos/240x240/50124.png","250124","ATM","DOMESTIC_MEN_TEAM_A","","DOMESTIC","Espagne","Atleti","Atlético de Madrid","ATM","58","MINUTE","1","0","0","7.17","KILOMETER","26.4","KILOMETER_PER_HOUR"
"68846","57490","41","1984-09-26","12","Vršič","SVN","UNKNOWN","MIDFIELDER","MALE","181","./image/68846.jpg","Dare Vršič","MIDFIELDER","21","Vršic","","","Slovénie","Milieu","Dare","Vršič","Dare Vršič","Vršič","257163","./assoc/257163_SVN.svg","./logo/57490.png","UEFA","SVN","57490","FAME","Maribor","","https://img.uefa.com/imgml/TP/teams/logos/70x70/57490.png","https://img.uefa.com/imgml/TP/teams/logos/240x240/57490.png","257490","MRB","DOMESTIC_MEN_TEAM_A","","DOMESTIC","Slovénie","Maribor","NK Maribor","MRB","56","MINUTE","2","0","0","8.04","KILOMETER","26.2","KILOMETER_PER_HOUR"
"250066328","7889","33","1992-07-23","18","Ings","ENG","STRIKER","FORWARD","MALE","178","./image/250066328.jpg","Danny Ings","FORWARD","17","Ings","39","73","Angleterre","Attaquant","Danny","Ings","Danny Ings","Ings","200039","./assoc/200039_ENG.svg","./logo/7889.png","UEFA","ENG","7889","FAME","Liverpool","","https://img.uefa.com/imgml/TP/teams/logos/70x70/7889.png","https://img.uefa.com/imgml/TP/teams/logos/240x240/7889.png","207889","LIV","DOMESTIC_MEN_TEAM_A","","DOMESTIC","Angleterre","Liverpool","Liverpool FC","LIV","54","MINUTE","4","0","1","8.29","KILOMETER","29.7","KILOMETER_PER_HOUR"
"250039161","52707","34","1991-05-13","21","A. Patrick","BRA","ATTACKING_MIDFIELDER","MIDFIELDER","MALE","177","./image/250039161.jpg","Alan Patrick","MIDFIELDER","","Lourenco","","","Brésil","Milieu","","Alan Patrick","Alan Patrick","Alan Patrick","257166","./assoc/257166_UKR.svg","./logo/52707.png","UEFA","UKR","52707","FAME","Shakhtar","","https://img.uefa.com/imgml/TP/teams/logos/70x70/52707.png","https://img.uefa.com/imgml/TP/teams/logos/240x240/52707.png","252707","SHK","DOMESTIC_MEN_TEAM_A","","DOMESTIC","Ukraine","Shakhtar","FC Shakhtar Donetsk","SHK","54","MINUTE","3","0","0","8.16","KILOMETER","27","KILOMETER_PER_HOUR"
"250088039","52919","26","1999-08-03","21","BRAHIM","MAR","ATTACKING_MIDFIELDER","FORWARD","MALE","","./image/250088039.jpg","Brahim Díaz","MIDFIELDER","7","Brahim","122","","Maroc","Attaquant","","Brahim Díaz","Brahim Díaz","Brahim Díaz","200039","./assoc/200039_ENG.svg","./logo/52919.png","UEFA","ENG","52919","FAME","Man City","","https://img.uefa.com/imgml/TP/teams/logos/70x70/52919.png","https://img.uefa.com/imgml/TP/teams/logos/240x240/52919.png","252919","MCI","DOMESTIC_MEN_TEAM_A","","DOMESTIC","Angleterre","Man City","Manchester City","MCI","53","MINUTE","3","0","0","7.15","KILOMETER","27.4","KILOMETER_PER_HOUR"
"1905788","50037","37","1987-11-29","2","Wagner","GER","STRIKER","FORWARD","MALE","","./image/1905788.jpg","Sandro Wagner","","9","","47","","Allemagne","Attaquant","Sandro","Wagner","Sandro Wagner","Wagner","200047","./assoc/200047_GER.svg","./logo/50037.png","UEFA","GER","50037","FAME","Bayern München","","https://img.uefa.com/imgml/TP/teams/logos/70x70/50037.png","https://img.uefa.com/imgml/TP/teams/logos/240x240/50037.png","250037","BAY","DOMESTIC_MEN_TEAM_A","","DOMESTIC","Allemagne","Bayern München","FC Bayern München","BAY","51","MINUTE","3","1","0","7.07","KILOMETER","26.6","KILOMETER_PER_HOUR"
"48516","50118","41","1983-12-19","11","","CYP","FULL_BACK","","MALE","182","./image/48516.jpg","Nektarios Alexandrou","MIDFIELDER","11","Nectarios","33","77","Chypre","","Nektarios","Alexandrou","Nektarios Alexandrou","Alexandrou","200033","./assoc/200033_CYP.svg","./logo/50118.png","UEFA","CYP","50118","FAME","APOEL","","https://img.uefa.com/imgml/TP/teams/logos/70x70/50118.png","https://img.uefa.com/imgml/TP/teams/logos/240x240/50118.png","250118","APO","DOMESTIC_MEN_TEAM_A","","DOMESTIC","Chypre","APOEL","APOEL FC","APO","51","MINUTE","2","0","0","6.06","KILOMETER","28.1","KILOMETER_PER_HOUR"
"250012546","50074","32","1993-09-17","35","Bruno","BEL","ATTACKING_MIDFIELDER","MIDFIELDER","MALE","177","./image/250012546.jpg","Massimo Bruno","FORWARD","14","M. Bruno","200013","66","Belgique","Milieu","Massimo","Bruno","Massimo Bruno","Bruno","200013","./assoc/200013_BEL.svg","./logo/50074.png","UEFA","BEL","50074","FAME","Anderlecht","","https://img.uefa.com/imgml/TP/teams/logos/70x70/50074.png","https://img.uefa.com/imgml/TP/teams/logos/240x240/50074.png","250074","AND","DOMESTIC_MEN_TEAM_A","","DOMESTIC","Belgique","Anderlecht","RSC Anderlecht","AND","49","MINUTE","4","0","0","6.95","KILOMETER","27.4","KILOMETER_PER_HOUR"
"250076661","50118","29","1996-04-22","1","R.GUDINO","MEX","UNKNOWN","GOALKEEPER","MALE","195","./image/250076661.jpg","Raúl Gudiño","GOALKEEPER","","Vega","","81","Mexique","Gardien","Raúl","Gudiño","Raúl Gudiño","Gudiño","200033","./assoc/200033_CYP.svg","./logo/50118.png","UEFA","CYP","50118","FAME","APOEL","","https://img.uefa.com/imgml/TP/teams/logos/70x70/50118.png","https://img.uefa.com/imgml/TP/teams/logos/240x240/50118.png","250118","APO","DOMESTIC_MEN_TEAM_A","","DOMESTIC","Chypre","APOEL","APOEL FC","APO","46","MINUTE","1","0","0","2.83","KILOMETER","17.9","KILOMETER_PER_HOUR"
"250100028","50149","32","1993-08-19","10","Alan R.","ARG","UNKNOWN","FORWARD","MALE","183","./image/250100028.jpg","Alan Ruiz","MIDFIELDER","","Ruiz","","77","Argentine","Attaquant","Alan","Ruiz","Alan Ruiz","Ruiz","200110","./assoc/200110_POR.svg","./logo/50149.png","UEFA","POR","50149","FAME","Sporting CP","","https://img.uefa.com/imgml/TP/teams/logos/70x70/50149.png","https://img.uefa.com/imgml/TP/teams/logos/240x240/50149.png","250149","SPO","DOMESTIC_MEN_TEAM_A","","DOMESTIC","Portugal","Sporting CP","Sporting Clube de Portugal","SPO","45","MINUTE","1","0","0","5.4","KILOMETER","26.1","KILOMETER_PER_HOUR"
"250013892","50037","32","1993-03-01","14","Juan Bernat","ESP","FULL_BACK","DEFENDER","MALE","170","./image/250013892.jpg","Juan Bernat","DEFENDER","14","Juan Bernat","122","67","Espagne","Défenseur","Juan","Bernat","Juan Bernat","Bernat","200047","./assoc/200047_GER.svg","./logo/50037.png","UEFA","GER","50037","FAME","Bayern München","","https://img.uefa.com/imgml/TP/teams/logos/70x70/50037.png","https://img.uefa.com/imgml/TP/teams/logos/240x240/50037.png","250037","BAY","DOMESTIC_MEN_TEAM_A","","DOMESTIC","Allemagne","Bayern München","FC Bayern München","BAY","45","MINUTE","1","0","0","5.17","KILOMETER","30.2","KILOMETER_PER_HOUR"
"107955","52707","34","1991-03-15","4","Kryvtsov","UKR","CENTRE_BACK","DEFENDER","MALE","186","./image/107955.jpg","Serhiy Kryvtsov","DEFENDER","4","Kryvtsov","57166","80","Ukraine","Défenseur","Serhiy","Kryvtsov","Serhiy Kryvtsov","Kryvtsov","257166","./assoc/257166_UKR.svg","./logo/52707.png","UEFA","UKR","52707","FAME","Shakhtar","","https://img.uefa.com/imgml/TP/teams/logos/70x70/52707.png","https://img.uefa.com/imgml/TP/teams/logos/240x240/52707.png","252707","SHK","DOMESTIC_MEN_TEAM_A","","DOMESTIC","Ukraine","Shakhtar","FC Shakhtar Donetsk","SHK","44","MINUTE","1","0","0","5.51","KILOMETER","24.3","KILOMETER_PER_HOUR"
"250056865","52707","29","1996-02-14","20","Kovalenko","UKR","ATTACKING_MIDFIELDER","MIDFIELDER","MALE","182","./image/250056865.jpg","Viktor Kovalenko","MIDFIELDER","19","Kovalenko","57166","75","Ukraine","Milieu","Viktor","Kovalenko","Viktor Kovalenko","Kovalenko","257166","./assoc/257166_UKR.svg","./logo/52707.png","UEFA","UKR","52707","FAME","Shakhtar","","https://img.uefa.com/imgml/TP/teams/logos/70x70/52707.png","https://img.uefa.com/imgml/TP/teams/logos/240x240/52707.png","252707","SHK","DOMESTIC_MEN_TEAM_A","","DOMESTIC","Ukraine","Shakhtar","FC Shakhtar Donetsk","SHK","43","MINUTE","5","0","0","8.42","KILOMETER","27.2","KILOMETER_PER_HOUR"
"250005258","52914","35","1990-03-05","6","Drinkwater","ENG","DEFENSIVE_MIDFIELDER","MIDFIELDER","MALE","177","./image/250005258.jpg","Danny Drinkwater","MIDFIELDER","8","Drinkwater","39","70","Angleterre","Milieu","Danny","Drinkwater","Danny Drinkwater","Drinkwater","200039","./assoc/200039_ENG.svg","./logo/52914.png","UEFA","ENG","52914","FAME","Chelsea","","https://img.uefa.com/imgml/TP/teams/logos/70x70/52914.png","https://img.uefa.com/imgml/TP/teams/logos/240x240/52914.png","252914","CHE","DOMESTIC_MEN_TEAM_A","","DOMESTIC","Angleterre","Chelsea","Chelsea FC","CHE","40","MINUTE","3","0","0","5.94","KILOMETER","25.5","KILOMETER_PER_HOUR"
"250067295","50149","30","1995-07-09","6","J. PALHINHA","POR","DEFENSIVE_MIDFIELDER","MIDFIELDER","MALE","189","./image/250067295.jpg","João Palhinha","MIDFIELDER","6","J. PALHINHA","110","","Portugal","Milieu","","João Palhinha","João Palhinha","João Palhinha","200110","./assoc/200110_POR.svg","./logo/50149.png","UEFA","POR","50149","FAME","Sporting CP","","https://img.uefa.com/imgml/TP/teams/logos/70x70/50149.png","https://img.uefa.com/imgml/TP/teams/logos/240x240/50149.png","250149","SPO","DOMESTIC_MEN_TEAM_A","","DOMESTIC","Portugal","Sporting CP","Sporting Clube de Portugal","SPO","40","MINUTE","2","0","0","5.1","KILOMETER","26.6","KILOMETER_PER_HOUR"
"250084880","60609","38","1987-03-08","10","D.Quintana","ESP","ATTACKING_MIDFIELDER","MIDFIELDER","MALE","173","./image/250084880.jpg","Dani Quintana","MIDFIELDER","","Dani","","69","Espagne","Milieu","","Dani Quintana","Dani Quintana","Dani Quintana","257154","./assoc/257154_AZE.svg","./logo/60609.png","UEFA","AZE","60609","FAME","Qarabağ","","https://img.uefa.com/imgml/TP/teams/logos/70x70/60609.png","https://img.uefa.com/imgml/TP/teams/logos/240x240/60609.png","260609","QAR","DOMESTIC_MEN_TEAM_A","","DOMESTIC","Azerbaïdjan","Qarabağ","Qarabağ FK","QAR","39","MINUTE","4","0","0","6.11","KILOMETER","29.6","KILOMETER_PER_HOUR"
"250042431","52714","30","1995-07-09","99","Sandro","ESP","STRIKER","FORWARD","MALE","175","./image/250042431.jpg","Sandro Ramírez","FORWARD","12","SANDRO","200122","71","Espagne","Attaquant","Sandro","Ramírez","Sandro Ramírez","Ramírez","200122","./assoc/200122_ESP.svg","./logo/52714.png","UEFA","ESP","52714","FAME","Sevilla","","https://img.uefa.com/imgml/TP/teams/logos/70x70/52714.png","https://img.uefa.com/imgml/TP/teams/logos/240x240/52714.png","252714","SEV","DOMESTIC_MEN_TEAM_A","","DOMESTIC","Espagne","Sevilla","Sevilla FC","SEV","37","MINUTE","3","0","0","5.2","KILOMETER","29","KILOMETER_PER_HOUR"
"250034667","2610","36","1989-06-10","31","BEN","FRA","STRIKER","MIDFIELDER","MALE","173","./image/250034667.jpg","El Fardou Ben Nabouhane","FORWARD","","Ben Nabouhane Mohamed","94084","74","France","Milieu","El Fardou","Ben Nabouhane","El Fardou Ben Nabouhane","Ben Nabouhane","200049","./assoc/200049_GRE.svg","./logo/2610.png","UEFA","GRE","2610","FAME","Olympiacos","","https://img.uefa.com/imgml/TP/teams/logos/70x70/2610.png","https://img.uefa.com/imgml/TP/teams/logos/240x240/2610.png","202610","OLY","DOMESTIC_MEN_TEAM_A","","DOMESTIC","Grèce","Olympiacos","Olympiacos FC","OLY","37","MINUTE","2","0","0","5.46","KILOMETER","24.8","KILOMETER_PER_HOUR"
"250076641","50050","27","1998-01-16","22","Edouard","FRA","STRIKER","FORWARD","MALE","","./image/250076641.jpg","Odsonne Édouard","FORWARD","22","Edouard","200043","","France","Attaquant","Odsonne","Édouard","Odsonne Édouard","Édouard","200117","./assoc/200117_SCO.svg","./logo/50050.png","UEFA","SCO","50050","FAME","Celtic","","https://img.uefa.com/imgml/TP/teams/logos/70x70/50050.png","https://img.uefa.com/imgml/TP/teams/logos/240x240/50050.png","250050","CEL","DOMESTIC_MEN_TEAM_A","","DOMESTIC","Écosse","Celtic","Celtic FC","CEL","37","MINUTE","2","0","0","4.78","KILOMETER","27.2","KILOMETER_PER_HOUR"
"250066930","7889","28","1997-09-14","19","SOLANKE","ENG","UNKNOWN","FORWARD","MALE","185","./image/250066930.jpg","Dominic Solanke","FORWARD","21","Solanke","39","","Angleterre","Attaquant","Dominic","Solanke","Dominic Solanke","Solanke","200039","./assoc/200039_ENG.svg","./logo/7889.png","UEFA","ENG","7889","FAME","Liverpool","","https://img.uefa.com/imgml/TP/teams/logos/70x70/7889.png","https://img.uefa.com/imgml/TP/teams/logos/240x240/7889.png","207889","LIV","DOMESTIC_MEN_TEAM_A","","DOMESTIC","Angleterre","Liverpool","Liverpool FC","LIV","36","MINUTE","3","0","0","6.55","KILOMETER","29.5","KILOMETER_PER_HOUR"
"250091958","50136","28","1996-11-11","11","OUNAS","ALG","WINGER","MIDFIELDER","MALE","","./image/250091958.jpg","Adam Ounas","MIDFIELDER","","OUNAS","","","Algérie","Milieu","Adam","Ounas","Adam Ounas","Ounas","200066","./assoc/200066_ITA.svg","./logo/50136.png","UEFA","ITA","50136","FAME","Napoli","","https://img.uefa.com/imgml/TP/teams/logos/70x70/50136.png","https://img.uefa.com/imgml/TP/teams/logos/240x240/50136.png","250136","NAP","DOMESTIC_MEN_TEAM_A","","DOMESTIC","Italie","Napoli","SSC Napoli","NAP","36","MINUTE","3","0","0","5.67","KILOMETER","26.1","KILOMETER_PER_HOUR"
"250040615","52707","36","1989-01-19","9","Dentinho","BRA","ATTACKING_MIDFIELDER","MIDFIELDER","MALE","177","./image/250040615.jpg","Dentinho","MIDFIELDER","","Ferreiro Bonfim","","73","Brésil","Milieu","","Dentinho","Dentinho","Dentinho","257166","./assoc/257166_UKR.svg","./logo/52707.png","UEFA","UKR","52707","FAME","Shakhtar","","https://img.uefa.com/imgml/TP/teams/logos/70x70/52707.png","https://img.uefa.com/imgml/TP/teams/logos/240x240/52707.png","252707","SHK","DOMESTIC_MEN_TEAM_A","","DOMESTIC","Ukraine","Shakhtar","FC Shakhtar Donetsk","SHK","34","MINUTE","5","0","0","7.4","KILOMETER","27.3","KILOMETER_PER_HOUR"
"106223","60609","37","1988-02-23","20","Elyounoussi","NOR","WINGER","FORWARD","MALE","176","./image/106223.jpg","Tarik Elyounoussi","FORWARD","10","Elyounoussi","101","66","Norvège","Attaquant","Tarik","Elyounoussi","Tarik Elyounoussi","T. Elyounoussi","257154","./assoc/257154_AZE.svg","./logo/60609.png","UEFA","AZE","60609","FAME","Qarabağ","","https://img.uefa.com/imgml/TP/teams/logos/70x70/60609.png","https://img.uefa.com/imgml/TP/teams/logos/240x240/60609.png","260609","QAR","DOMESTIC_MEN_TEAM_A","","DOMESTIC","Azerbaïdjan","Qarabağ","Qarabağ FK","QAR","32","MINUTE","3","0","0","5.82","KILOMETER","30.3","KILOMETER_PER_HOUR"
"250066974","54266","28","1997-03-30","72","Gordyushenko","RUS","UNKNOWN","MIDFIELDER","MALE","178","./image/250066974.jpg","Astemir Gordyushenko","MIDFIELDER","14","Gordyushenko","357451","74","Russie","Milieu","Astemir","Gordyushenko","Astemir Gordyushenko","Gordyushenko","257451","./assoc/257451_RUS.svg","./logo/54266.png","UEFA","RUS","54266","FAME","CSKA Moskva","","https://img.uefa.com/imgml/TP/teams/logos/70x70/54266.png","https://img.uefa.com/imgml/TP/teams/logos/240x240/54266.png","254266","CSM","DOMESTIC_MEN_TEAM_A","","DOMESTIC","Russie","CSKA Moskva","PFC CSKA Moskva","CSM","32","MINUTE","2","0","0","5.48","KILOMETER","23.1","KILOMETER_PER_HOUR"
"250039881","52714","36","1989-10-12","19","Ganso","BRA","UNKNOWN","MIDFIELDER","MALE","184","./image/250039881.jpg","Ganso","","","Chagas De Lima                ","","73","Brésil","Milieu","","Ganso","Ganso","Ganso","200122","./assoc/200122_ESP.svg","./logo/52714.png","UEFA","ESP","52714","FAME","Sevilla","","https://img.uefa.com/imgml/TP/teams/logos/70x70/52714.png","https://img.uefa.com/imgml/TP/teams/logos/240x240/52714.png","252714","SEV","DOMESTIC_MEN_TEAM_A","","DOMESTIC","Espagne","Sevilla","Sevilla FC","SEV","31","MINUTE","1","1","0","3.83","KILOMETER","24.5","KILOMETER_PER_HOUR"
"250112825","50147","29","1996-08-30","11","Gabriel B.","BRA","STRIKER","FORWARD","MALE","","./image/250112825.jpg","Gabriel Barbosa","FORWARD","","Gabriel B.","","","Brésil","Attaquant","Gabriel","Barbosa","Gabriel Barbosa","Barbosa","200110","./assoc/200110_POR.svg","./logo/50147.png","UEFA","POR","50147","FAME","Benfica","","https://img.uefa.com/imgml/TP/teams/logos/70x70/50147.png","https://img.uefa.com/imgml/TP/teams/logos/240x240/50147.png","250147","BEN","DOMESTIC_MEN_TEAM_A","","DOMESTIC","Portugal","Benfica","SL Benfica","BEN","30","MINUTE","2","0","0","4.52","KILOMETER","28.7","KILOMETER_PER_HOUR"
"1907928","50136","34","1991-05-27","6","Mario Rui","POR","FULL_BACK","DEFENDER","MALE","","./image/1907928.jpg","Mário Rui","DEFENDER","19","Mário Rui","110","","Portugal","Défenseur","","Mário Rui","Mário Rui","Mário Rui","200066","./assoc/200066_ITA.svg","./logo/50136.png","UEFA","ITA","50136","FAME","Napoli","","https://img.uefa.com/imgml/TP/teams/logos/70x70/50136.png","https://img.uefa.com/imgml/TP/teams/logos/240x240/50136.png","250136","NAP","DOMESTIC_MEN_TEAM_A","","DOMESTIC","Italie","Napoli","SSC Napoli","NAP","30","MINUTE","2","0","0","4.32","KILOMETER","26.9","KILOMETER_PER_HOUR"
"98143","50118","36","1989-07-05","7","EFREM","CYP","WINGER","MIDFIELDER","MALE","170","./image/98143.jpg","Giorgos Efrem","MIDFIELDER","7","Efrem","33","65","Chypre","Milieu","Giorgos","Efrem","Giorgos Efrem","Efrem","200033","./assoc/200033_CYP.svg","./logo/50118.png","UEFA","CYP","50118","FAME","APOEL","","https://img.uefa.com/imgml/TP/teams/logos/70x70/50118.png","https://img.uefa.com/imgml/TP/teams/logos/240x240/50118.png","250118","APO","DOMESTIC_MEN_TEAM_A","","DOMESTIC","Chypre","APOEL","APOEL FC","APO","30","MINUTE","1","0","0","4","KILOMETER","22.3","KILOMETER_PER_HOUR"
"250062057","52749","30","1995-03-26","14","Basacikoglu","TUR","WINGER","FORWARD","MALE","178","./image/250062057.jpg","Bilal Başacıkoğlu","MIDFIELDER","56","Basacikoglu","135","70","Turquie","Attaquant","Bilal","Başacıkoğlu","Bilal Başacıkoğlu","Başacıkoğlu","200095","./assoc/200095_NED.svg","./logo/52749.png","UEFA","NED","52749","FAME","Feyenoord","","https://img.uefa.com/imgml/TP/teams/logos/70x70/52749.png","https://img.uefa.com/imgml/TP/teams/logos/240x240/52749.png","252749","FEY","DOMESTIC_MEN_TEAM_A","","DOMESTIC","Pays-Bas","Feyenoord","Feyenoord","FEY","29","MINUTE","2","0","0","4.24","KILOMETER","25.5","KILOMETER_PER_HOUR"
"250066488","50118","29","1995-11-27","33","MAKRIS","CYP","WINGER","MIDFIELDER","MALE","","./image/250066488.jpg","Antreas Makris","MIDFIELDER","23","Makris","33","","Chypre","Milieu","Antreas","Makris","Antreas Makris","Makris","200033","./assoc/200033_CYP.svg","./logo/50118.png","UEFA","CYP","50118","FAME","APOEL","","https://img.uefa.com/imgml/TP/teams/logos/70x70/50118.png","https://img.uefa.com/imgml/TP/teams/logos/240x240/50118.png","250118","APO","DOMESTIC_MEN_TEAM_A","","DOMESTIC","Chypre","APOEL","APOEL FC","APO","28","MINUTE","1","0","0","3.82","KILOMETER","25.8","KILOMETER_PER_HOUR"
"250024754","50064","31","1994-08-01","39","Paciência","POR","STRIKER","FORWARD","MALE","184","./image/250024754.jpg","Gonçalo Paciência","FORWARD","14","Paciência","110","79","Portugal","Attaquant","Gonçalo","Paciência","Gonçalo Paciência","Paciência","200110","./assoc/200110_POR.svg","./logo/50064.png","UEFA","POR","50064","FAME","Porto","","https://img.uefa.com/imgml/TP/teams/logos/70x70/50064.png","https://img.uefa.com/imgml/TP/teams/logos/240x240/50064.png","250064","POR","DOMESTIC_MEN_TEAM_A","","DOMESTIC","Portugal","Porto","FC Porto","POR","26","MINUTE","2","0","0","3.74","KILOMETER","26.6","KILOMETER_PER_HOUR"
"250061115","52707","39","1986-02-05","66","M.Azevedo","BRA","FULL_BACK","DEFENDER","MALE","173","./image/250061115.jpg","Márcio Azevedo","DEFENDER","","M.Azevedo","","","Brésil","Défenseur","Márcio","Azevedo","Márcio Azevedo","Azevedo","257166","./assoc/257166_UKR.svg","./logo/52707.png","UEFA","UKR","52707","FAME","Shakhtar","","https://img.uefa.com/imgml/TP/teams/logos/70x70/52707.png","https://img.uefa.com/imgml/TP/teams/logos/240x240/52707.png","252707","SHK","DOMESTIC_MEN_TEAM_A","","DOMESTIC","Ukraine","Shakhtar","FC Shakhtar Donetsk","SHK","26","MINUTE","1","0","0","3.05","KILOMETER","28.9","KILOMETER_PER_HOUR"
"250059213","50074","32","1993-03-16","7","NAJAR","HON","FULL_BACK","MIDFIELDER","MALE","170","./image/250059213.jpg","Andy Najar","MIDFIELDER","17","Najar                         ","55","69","Honduras","Milieu","Andy","Najar","Andy Najar","Najar","200013","./assoc/200013_BEL.svg","./logo/50074.png","UEFA","BEL","50074","FAME","Anderlecht","","https://img.uefa.com/imgml/TP/teams/logos/70x70/50074.png","https://img.uefa.com/imgml/TP/teams/logos/240x240/50074.png","250074","AND","DOMESTIC_MEN_TEAM_A","","DOMESTIC","Belgique","Anderlecht","RSC Anderlecht","AND","26","MINUTE","1","0","0","2.81","KILOMETER","24.3","KILOMETER_PER_HOUR"
"250029318","52747","34","1991-09-12","12","MEUNIER","BEL","FULL_BACK","DEFENDER","MALE","190","./image/250029318.jpg","Thomas Meunier","DEFENDER","15","Meunier","13","78","Belgique","Défenseur","Thomas","Meunier","Thomas Meunier","Meunier","200043","./assoc/200043_FRA.svg","./logo/52747.png","UEFA","FRA","52747","FAME","Paris","","https://img.uefa.com/imgml/TP/teams/logos/70x70/52747.png","https://img.uefa.com/imgml/TP/teams/logos/240x240/52747.png","252747","PSG","DOMESTIC_MEN_TEAM_A","","DOMESTIC","France","Paris","Paris Saint-Germain","PSG","24","MINUTE","1","0","0","3.25","KILOMETER","30.8","KILOMETER_PER_HOUR"
"250056117","50157","29","1996-01-29","15","ORKAN","TUR","UNKNOWN","MIDFIELDER","MALE","","./image/250056117.jpg","Orkan Çınar","MIDFIELDER","10","Orkan","200135","","Turquie","Milieu","","Orkan Çınar","Orkan Çınar","Orkan Çınar","200135","./assoc/200135_TUR.svg","./logo/50157.png","UEFA","TUR","50157","FAME","Beşiktaş","","https://img.uefa.com/imgml/TP/teams/logos/70x70/50157.png","https://img.uefa.com/imgml/TP/teams/logos/240x240/50157.png","250157","BES","DOMESTIC_MEN_TEAM_A","","DOMESTIC","Turquie","Beşiktaş","Beşiktaş JK","BES","22","MINUTE","1","0","1","2.98","KILOMETER","22.9","KILOMETER_PER_HOUR"
"250079670","50051","30","1995-01-30","14","M. LLORENTE","ESP","UNKNOWN","MIDFIELDER","MALE","182","./image/250079670.jpg","Marcos Llorente","MIDFIELDER","14","M. LLORENTE","122","71","Espagne","Milieu","Marcos","Llorente","Marcos Llorente","Llorente","200122","./assoc/200122_ESP.svg","./logo/50051.png","UEFA","ESP","50051","FAME","Real Madrid","","https://img.uefa.com/imgml/TP/teams/logos/70x70/50051.png","https://img.uefa.com/imgml/TP/teams/logos/240x240/50051.png","250051","RMA","DOMESTIC_MEN_TEAM_A","","DOMESTIC","Espagne","Real Madrid","Real Madrid C.F.","RMA","21","MINUTE","1","0","0","3.24","KILOMETER","25.1","KILOMETER_PER_HOUR"
"250099608","50050","27","1997-12-13","8","Eboue Kouassi","CIV","CENTRAL_MIDFIELDER","MIDFIELDER","MALE","185","./image/250099608.jpg","Eboué Kouassi","MIDFIELDER","","EBOUE KOUASSI","","71","Côte d'Ivoire","Milieu","Eboué","Kouassi","Eboué Kouassi","Kouassi","200117","./assoc/200117_SCO.svg","./logo/50050.png","UEFA","SCO","50050","FAME","Celtic","","https://img.uefa.com/imgml/TP/teams/logos/70x70/50050.png","https://img.uefa.com/imgml/TP/teams/logos/240x240/50050.png","250050","CEL","DOMESTIC_MEN_TEAM_A","","DOMESTIC","Écosse","Celtic","Celtic FC","CEL","21","MINUTE","1","0","0","2.94","KILOMETER","27.5","KILOMETER_PER_HOUR"
"250090737","1652","28","1997-04-13","16","Walker-Peters","ENG","FULL_BACK","DEFENDER","MALE","","./image/250090737.jpg","Kyle Walker-Peters","DEFENDER","18","Walker-Peters","39","","Angleterre","Défenseur","Kyle","Walker-Peters","Kyle Walker-Peters","Walker-Peters","200039","./assoc/200039_ENG.svg","./logo/1652.png","UEFA","ENG","1652","FAME","Tottenham","","https://img.uefa.com/imgml/TP/teams/logos/70x70/1652.png","https://img.uefa.com/imgml/TP/teams/logos/240x240/1652.png","201652","TOT","DOMESTIC_MEN_TEAM_A","","DOMESTIC","Angleterre","Tottenham","Tottenham Hotspur","TOT","20","MINUTE","1","0","0","2.72","KILOMETER","25.3","KILOMETER_PER_HOUR"
"250091946","52749","26","1999-05-09","9","Vente","NED","STRIKER","FORWARD","MALE","","./image/250091946.jpg","Dylan Vente","FORWARD","18","Vente","200095","","Pays-Bas","Attaquant","Dylan","Vente","Dylan Vente","Vente","200095","./assoc/200095_NED.svg","./logo/52749.png","UEFA","NED","52749","FAME","Feyenoord","","https://img.uefa.com/imgml/TP/teams/logos/70x70/52749.png","https://img.uefa.com/imgml/TP/teams/logos/240x240/52749.png","252749","FEY","DOMESTIC_MEN_TEAM_A","","DOMESTIC","Pays-Bas","Feyenoord","Feyenoord","FEY","19","MINUTE","1","0","0","2.96","KILOMETER","27","KILOMETER_PER_HOUR"
"62596","2603790","40","1985-06-14","33","","GER","UNKNOWN","","MALE","","./image/62596.jpg","Marvin Compper","DEFENDER","","Compper","","","Allemagne","","Marvin","Compper","Marvin Compper","Compper","200047","./assoc/200047_GER.svg","./logo/2603790.png","UEFA","GER","2603790","FAME","Leipzig","","https://img.uefa.com/imgml/TP/teams/logos/70x70/2603790.png","https://img.uefa.com/imgml/TP/teams/logos/240x240/2603790.png","250002563","RBL","DOMESTIC_MEN_TEAM_A","","DOMESTIC","Allemagne","Leipzig","RB Leipzig","RBL","19","MINUTE","1","0","0","2.68","KILOMETER","24.4","KILOMETER_PER_HOUR"
"1902468","50139","39","1986-01-19","10","Marchisio","ITA","CENTRAL_MIDFIELDER","MIDFIELDER","MALE","180","./image/1902468.jpg","Claudio Marchisio","MIDFIELDER","8","Marchisio","66","71","Italie","Milieu","Claudio","Marchisio","Claudio Marchisio","Marchisio","200066","./assoc/200066_ITA.svg","./logo/50139.png","UEFA","ITA","50139","FAME","Juventus","","https://img.uefa.com/imgml/TP/teams/logos/70x70/50139.png","https://img.uefa.com/imgml/TP/teams/logos/240x240/50139.png","250139","JUV","DOMESTIC_MEN_TEAM_A","","DOMESTIC","Italie","Juventus","Juventus","JUV","19","MINUTE","1","0","0","2.58","KILOMETER","25.7","KILOMETER_PER_HOUR"
"250088247","52682","27","1997-11-14","38","Tuanzebe","ENG","CENTRE_BACK","DEFENDER","MALE","182","./image/250088247.jpg","Axel Tuanzebe","DEFENDER","14","Tuanzebe","200039","75","Angleterre","Défenseur","Axel","Tuanzebe","Axel Tuanzebe","Tuanzebe","200039","./assoc/200039_ENG.svg","./logo/52682.png","UEFA","ENG","52682","FAME","Man Utd","","https://img.uefa.com/imgml/TP/teams/logos/70x70/52682.png","https://img.uefa.com/imgml/TP/teams/logos/240x240/52682.png","252682","MUN","DOMESTIC_MEN_TEAM_A","","DOMESTIC","Angleterre","Man Utd","Manchester United","MUN","18","MINUTE","1","0","0","2.6","KILOMETER","28.7","KILOMETER_PER_HOUR"
"250063842","50064","34","1991-08-20","7","Hernâni","POR","UNKNOWN","FORWARD","MALE","180","./image/250063842.jpg","Hernâni","FORWARD","","Santos Fortes","","69","Portugal","Attaquant","","Hernâni","Hernâni","Hernâni","200110","./assoc/200110_POR.svg","./logo/50064.png","UEFA","POR","50064","FAME","Porto","","https://img.uefa.com/imgml/TP/teams/logos/70x70/50064.png","https://img.uefa.com/imgml/TP/teams/logos/240x240/50064.png","250064","POR","DOMESTIC_MEN_TEAM_A","","DOMESTIC","Portugal","Porto","FC Porto","POR","17","MINUTE","2","0","0","3.33","KILOMETER","29.3","KILOMETER_PER_HOUR"
"250025469","2603790","37","1988-09-16","7","","GER","CENTRAL_MIDFIELDER","","MALE","","./image/250025469.jpg","Dominik Kaiser","MIDFIELDER","","Kaiser","","","Allemagne","","Dominik","Kaiser","Dominik Kaiser","Kaiser","200047","./assoc/200047_GER.svg","./logo/2603790.png","UEFA","GER","2603790","FAME","Leipzig","","https://img.uefa.com/imgml/TP/teams/logos/70x70/2603790.png","https://img.uefa.com/imgml/TP/teams/logos/240x240/2603790.png","250002563","RBL","DOMESTIC_MEN_TEAM_A","","DOMESTIC","Allemagne","Leipzig","RB Leipzig","RBL","16","MINUTE","1","0","0","2.55","KILOMETER","25.3","KILOMETER_PER_HOUR"
"59217","52682","44","1981-10-03","11","IBRAHIMOVIĆ","SWE","STRIKER","FORWARD","MALE","195","./image/59217.jpg","Zlatan Ibrahimović","FORWARD","11","Ibrahimović","127","95","Suède","Attaquant","Zlatan","Ibrahimović","Zlatan Ibrahimović","Ibrahimović","200039","./assoc/200039_ENG.svg","./logo/52682.png","UEFA","ENG","52682","FAME","Man Utd","","https://img.uefa.com/imgml/TP/teams/logos/70x70/52682.png","https://img.uefa.com/imgml/TP/teams/logos/240x240/52682.png","252682","MUN","DOMESTIC_MEN_TEAM_A","","DOMESTIC","Angleterre","Man Utd","Manchester United","MUN","16","MINUTE","1","0","0","1.81","KILOMETER","21.4","KILOMETER_PER_HOUR"
"108567","50157","36","1989-04-29","21","Vida","CRO","CENTRE_BACK","DEFENDER","MALE","184","./image/108567.jpg","Domagoj Vida","DEFENDER","21","Vida","56370","73","Croatie","Défenseur","Domagoj","Vida","Domagoj Vida","Vida","200135","./assoc/200135_TUR.svg","./logo/50157.png","UEFA","TUR","50157","FAME","Beşiktaş","","https://img.uefa.com/imgml/TP/teams/logos/70x70/50157.png","https://img.uefa.com/imgml/TP/teams/logos/240x240/50157.png","250157","BES","DOMESTIC_MEN_TEAM_A","","DOMESTIC","Turquie","Beşiktaş","Beşiktaş JK","BES","16","MINUTE","1","0","0","1.58","KILOMETER","22.5","KILOMETER_PER_HOUR"
"250088147","50137","26","1999-03-11","48","ANTONUCCI","ITA","WINGER","MIDFIELDER","MALE","","./image/250088147.jpg","Mirko Antonucci","FORWARD","14","Antonucci","300066","","Italie","Milieu","Mirko","Antonucci","Mirko Antonucci","Antonucci","200066","./assoc/200066_ITA.svg","./logo/50137.png","UEFA","ITA","50137","FAME","Roma","","https://img.uefa.com/imgml/TP/teams/logos/70x70/50137.png","https://img.uefa.com/imgml/TP/teams/logos/240x240/50137.png","250137","ROM","DOMESTIC_MEN_TEAM_A","","DOMESTIC","Italie","Roma","AS Roma","ROM","15","MINUTE","1","0","0","2","KILOMETER","18.61","KILOMETER_PER_HOUR"
"250051246","50074","40","1985-01-05","99","HARBAOUI","TUN","STRIKER","FORWARD","MALE","","./image/250051246.jpg","Hamdi Harbaoui","FORWARD","","Harbaoui","","","Tunisie","Attaquant","Hamdi","Harbaoui","Hamdi Harbaoui","Harbaoui","200013","./assoc/200013_BEL.svg","./logo/50074.png","UEFA","BEL","50074","FAME","Anderlecht","","https://img.uefa.com/imgml/TP/teams/logos/70x70/50074.png","https://img.uefa.com/imgml/TP/teams/logos/240x240/50074.png","250074","AND","DOMESTIC_MEN_TEAM_A","","DOMESTIC","Belgique","Anderlecht","RSC Anderlecht","AND","14","MINUTE","2","0","0","2.56","KILOMETER","25.3","KILOMETER_PER_HOUR"
"250014106","50149","31","1994-02-02","55","Tobias F.","POR","UNKNOWN","DEFENDER","MALE","182","./image/250014106.jpg","Tobias Figueiredo","DEFENDER","4","Tobias F.","200110","","Portugal","Défenseur","","Tobias Figueiredo","Tobias Figueiredo","Tobias Figueiredo","200110","./assoc/200110_POR.svg","./logo/50149.png","UEFA","POR","50149","FAME","Sporting CP","","https://img.uefa.com/imgml/TP/teams/logos/70x70/50149.png","https://img.uefa.com/imgml/TP/teams/logos/240x240/50149.png","250149","SPO","DOMESTIC_MEN_TEAM_A","","DOMESTIC","Portugal","Sporting CP","Sporting Clube de Portugal","SPO","13","MINUTE","1","0","0","1.62","KILOMETER","24.8","KILOMETER_PER_HOUR"
"250055908","59856","31","1994-04-02","7","Fransson","SWE","UNKNOWN","MIDFIELDER","MALE","180","./image/250055908.jpg","Alexander Fransson","MIDFIELDER","6","Fransson","127","74","Suède","Milieu","Alexander","Fransson","Alexander Fransson","Fransson","200128","./assoc/200128_SUI.svg","./logo/59856.png","UEFA","SUI","59856","FAME","Basel","","https://img.uefa.com/imgml/TP/teams/logos/70x70/59856.png","https://img.uefa.com/imgml/TP/teams/logos/240x240/59856.png","259856","BSL","DOMESTIC_MEN_TEAM_A","","DOMESTIC","Suisse","Basel","FC Basel 1893","BSL","12","MINUTE","3","0","0","1.92","KILOMETER","29.3","KILOMETER_PER_HOUR"
"250099501","50023","29","1996-03-05","26","Boschilia","BRA","UNKNOWN","MIDFIELDER","MALE","172","./image/250099501.jpg","Gabriel Boschilia","MIDFIELDER","","Boschilia","","63","Brésil","Milieu","Gabriel","Boschilia","Gabriel Boschilia","Boschilia","200043","./assoc/200043_FRA.svg","./logo/50023.png","UEFA","FRA","50023","FAME","Monaco","","https://img.uefa.com/imgml/TP/teams/logos/70x70/50023.png","https://img.uefa.com/imgml/TP/teams/logos/240x240/50023.png","250023","MON","DOMESTIC_MEN_TEAM_A","","DOMESTIC","France","Monaco","AS Monaco","MON","11","MINUTE","1","0","0","1.89","KILOMETER","30.3","KILOMETER_PER_HOUR"
"250065413","2603790","28","1997-05-27","27","Laimer","AUT","CENTRAL_MIDFIELDER","MIDFIELDER","MALE","179","./image/250065413.jpg","Konrad Laimer","MIDFIELDER","20","Laimer","8","","Autriche","Milieu","Konrad","Laimer","Konrad Laimer","Laimer","200047","./assoc/200047_GER.svg","./logo/2603790.png","UEFA","GER","2603790","FAME","Leipzig","","https://img.uefa.com/imgml/TP/teams/logos/70x70/2603790.png","https://img.uefa.com/imgml/TP/teams/logos/240x240/2603790.png","250002563","RBL","DOMESTIC_MEN_TEAM_A","","DOMESTIC","Allemagne","Leipzig","RB Leipzig","RBL","11","MINUTE","1","0","0","1.41","KILOMETER","24.3","KILOMETER_PER_HOUR"
"250017926","7889","34","1991-04-05","17","Clyne","ENG","FULL_BACK","DEFENDER","MALE","175","./image/250017926.jpg","Nathaniel Clyne","DEFENDER","12","Clyne","39","67","Angleterre","Défenseur","Nathaniel","Clyne","Nathaniel Clyne","Clyne","200039","./assoc/200039_ENG.svg","./logo/7889.png","UEFA","ENG","7889","FAME","Liverpool","","https://img.uefa.com/imgml/TP/teams/logos/70x70/7889.png","https://img.uefa.com/imgml/TP/teams/logos/240x240/7889.png","207889","LIV","DOMESTIC_MEN_TEAM_A","","DOMESTIC","Angleterre","Liverpool","Liverpool FC","LIV","10","MINUTE","2","0","0","1.55","KILOMETER","25.7","KILOMETER_PER_HOUR"
"250025013","50118","31","1994-02-22","22","ANTONIOU","CYP","","FORWARD","MALE","","./image/250025013.jpg","Minas Antoniou","FORWARD","7","Antoniou","33","","Chypre","Attaquant","Minas","Antoniou","Minas Antoniou","Antoniou","200033","./assoc/200033_CYP.svg","./logo/50118.png","UEFA","CYP","50118","FAME","APOEL","","https://img.uefa.com/imgml/TP/teams/logos/70x70/50118.png","https://img.uefa.com/imgml/TP/teams/logos/240x240/50118.png","250118","APO","DOMESTIC_MEN_TEAM_A","","DOMESTIC","Chypre","APOEL","APOEL FC","APO","10","MINUTE","1","0","0","1.45","KILOMETER","25.1","KILOMETER_PER_HOUR"
"250089868","52758","26","1999-09-21","9","Isak","SWE","STRIKER","FORWARD","MALE","","./image/250089868.jpg","Alexander Isak","FORWARD","9","Isak","127","","Suède","Attaquant","Alexander","Isak","Alexander Isak","Isak","200047","./assoc/200047_GER.svg","./logo/52758.png","UEFA","GER","52758","FAME","B. Dortmund","","https://img.uefa.com/imgml/TP/teams/logos/70x70/52758.png","https://img.uefa.com/imgml/TP/teams/logos/240x240/52758.png","252758","BVB","DOMESTIC_MEN_TEAM_A","","DOMESTIC","Allemagne","B. Dortmund","Borussia Dortmund","BVB","8","MINUTE","1","0","0","1.25","KILOMETER","28.4","KILOMETER_PER_HOUR"
"250064273","59856","28","1996-12-27","9","ITTEN","SUI","STRIKER","FORWARD","MALE","","./image/250064273.jpg","Cédric Itten","FORWARD","19","Itten","128","","Suisse","Attaquant","Cédric","Itten","Cédric Itten","Itten","200128","./assoc/200128_SUI.svg","./logo/59856.png","UEFA","SUI","59856","FAME","Basel","","https://img.uefa.com/imgml/TP/teams/logos/70x70/59856.png","https://img.uefa.com/imgml/TP/teams/logos/240x240/59856.png","259856","BSL","DOMESTIC_MEN_TEAM_A","","DOMESTIC","Suisse","Basel","FC Basel 1893","BSL","6","MINUTE","1","0","0","1.23","KILOMETER","23.9","KILOMETER_PER_HOUR"
"250114177","1652","28","1997-02-24","7","GEORGIOU","CYP","UNKNOWN","MIDFIELDER","MALE","","./image/250114177.jpg","Anthony Georgiou","MIDFIELDER","11","Georgiou","33","","Chypre","Milieu","Anthony","Georgiou","Anthony Georgiou","Georgiou","200039","./assoc/200039_ENG.svg","./logo/1652.png","UEFA","ENG","1652","FAME","Tottenham","","https://img.uefa.com/imgml/TP/teams/logos/70x70/1652.png","https://img.uefa.com/imgml/TP/teams/logos/240x240/1652.png","201652","TOT","DOMESTIC_MEN_TEAM_A","","DOMESTIC","Angleterre","Tottenham","Tottenham Hotspur","TOT","6","MINUTE","1","0","0","1.14","KILOMETER","24.8","KILOMETER_PER_HOUR"
"101535","52747","40","1985-03-10","19","Lass","FRA","DEFENSIVE_MIDFIELDER","MIDFIELDER","MALE","173","./image/101535.jpg","Lassana Diarra","MIDFIELDER","12","Lass","","67","France","Milieu","Lassana","Diarra","Lassana Diarra","L. Diarra","200043","./assoc/200043_FRA.svg","./logo/52747.png","UEFA","FRA","52747","FAME","Paris","","https://img.uefa.com/imgml/TP/teams/logos/70x70/52747.png","https://img.uefa.com/imgml/TP/teams/logos/240x240/52747.png","252747","PSG","DOMESTIC_MEN_TEAM_A","","DOMESTIC","France","Paris","Paris Saint-Germain","PSG","5","MINUTE","1","0","0","1.56","KILOMETER","22.9","KILOMETER_PER_HOUR"
"250055207","7889","29","1996-04-13","4","Grujić","SRB","UNKNOWN","MIDFIELDER","MALE","","./image/250055207.jpg","Marko Grujić","MIDFIELDER","20","Grujić","147","","Serbie","Milieu","Marko","Grujić","Marko Grujić","Grujić","200039","./assoc/200039_ENG.svg","./logo/7889.png","UEFA","ENG","7889","FAME","Liverpool","","https://img.uefa.com/imgml/TP/teams/logos/70x70/7889.png","https://img.uefa.com/imgml/TP/teams/logos/240x240/7889.png","207889","LIV","DOMESTIC_MEN_TEAM_A","","DOMESTIC","Angleterre","Liverpool","Liverpool FC","LIV","5","MINUTE","1","0","0","1.12","KILOMETER","20.2","KILOMETER_PER_HOUR"
"250059305","60609","32","1993-01-20","10","","AZE","UNKNOWN","","MALE","187","./image/250059305.jpg","Agabala Ramazanov","FORWARD","21","Ramazanov","57154","79","Azerbaïdjan","","Agabala","Ramazanov","Agabala Ramazanov","Ramazanov","257154","./assoc/257154_AZE.svg","./logo/60609.png","UEFA","AZE","60609","FAME","Qarabağ","","https://img.uefa.com/imgml/TP/teams/logos/70x70/60609.png","https://img.uefa.com/imgml/TP/teams/logos/240x240/60609.png","260609","QAR","DOMESTIC_MEN_TEAM_A","","DOMESTIC","Azerbaïdjan","Qarabağ","Qarabağ FK","QAR","5","MINUTE","1","0","0","1","KILOMETER","27","KILOMETER_PER_HOUR"
"250097645","50139","25","2000-04-12","38","Caligara","ITA","","MIDFIELDER","MALE","","./image/250097645.jpg","Fabrizio Caligara","MIDFIELDER","8","Caligara","300066","","Italie","Milieu","Fabrizio","Caligara","Fabrizio Caligara","Caligara","200066","./assoc/200066_ITA.svg","./logo/50139.png","UEFA","ITA","50139","FAME","Juventus","","https://img.uefa.com/imgml/TP/teams/logos/70x70/50139.png","https://img.uefa.com/imgml/TP/teams/logos/240x240/50139.png","250139","JUV","DOMESTIC_MEN_TEAM_A","","DOMESTIC","Italie","Juventus","Juventus","JUV","4","MINUTE","1","0","0","0.79","KILOMETER","19.9","KILOMETER_PER_HOUR"
"250005337","52758","34","1990-11-06","20","Schürrle","GER","WINGER","MIDFIELDER","MALE","184","./image/250005337.jpg","André Schürrle","MIDFIELDER","9","Schürrle","47","74","Allemagne","Milieu","André","Schürrle","André Schürrle","Schürrle","200047","./assoc/200047_GER.svg","./logo/52758.png","UEFA","GER","52758","FAME","B. Dortmund","","https://img.uefa.com/imgml/TP/teams/logos/70x70/52758.png","https://img.uefa.com/imgml/TP/teams/logos/240x240/52758.png","252758","BVB","DOMESTIC_MEN_TEAM_A","","DOMESTIC","Allemagne","B. Dortmund","Borussia Dortmund","BVB","4","MINUTE","1","0","0","0.75","KILOMETER","27","KILOMETER_PER_HOUR"
"250081782","1652","26","1998-11-09","50","Sterling","ENG","UNKNOWN","FORWARD","MALE","","./image/250081782.jpg","Kazaiah Sterling","FORWARD","18","Sterling","400039","","Angleterre","Attaquant","Kazaiah","Sterling","Kazaiah Sterling","Sterling","200039","./assoc/200039_ENG.svg","./logo/1652.png","UEFA","ENG","1652","FAME","Tottenham","","https://img.uefa.com/imgml/TP/teams/logos/70x70/1652.png","https://img.uefa.com/imgml/TP/teams/logos/240x240/1652.png","201652","TOT","DOMESTIC_MEN_TEAM_A","","DOMESTIC","Angleterre","Tottenham","Tottenham Hotspur","TOT","2","MINUTE","1","0","0","0.63","KILOMETER","28","KILOMETER_PER_HOUR"
"250112799","50068","31","1994-10-01","99","Pedro Rocha","BRA","WINGER","FORWARD","MALE","","./image/250112799.jpg","Pedro Rocha","FORWARD","","Pedro Rocha","","","Brésil","Attaquant","","Pedro Rocha","Pedro Rocha","Pedro Rocha","257451","./assoc/257451_RUS.svg","./logo/50068.png","UEFA","RUS","50068","FAME","Spartak Moskva","","https://img.uefa.com/imgml/TP/teams/logos/70x70/50068.png","https://img.uefa.com/imgml/TP/teams/logos/240x240/50068.png","250068","SPM","DOMESTIC_MEN_TEAM_A","","DOMESTIC","Russie","Spartak Moskva","FC Spartak Moskva","SPM","1","MINUTE","1","0","0","0.93","KILOMETER","26.7","KILOMETER_PER_HOUR"
"250073009","52707","31","1994-03-13","34","Petryak","UKR","CENTRAL_MIDFIELDER","MIDFIELDER","MALE","171","./image/250073009.jpg","Ivan Petriak","MIDFIELDER","11","Petrjak","57166","63","Ukraine","Milieu","Ivan","Petriak","Ivan Petriak","Petriak","257166","./assoc/257166_UKR.svg","./logo/52707.png","UEFA","UKR","52707","FAME","Shakhtar","","https://img.uefa.com/imgml/TP/teams/logos/70x70/52707.png","https://img.uefa.com/imgml/TP/teams/logos/240x240/52707.png","252707","SHK","DOMESTIC_MEN_TEAM_A","","DOMESTIC","Ukraine","Shakhtar","FC Shakhtar Donetsk","SHK","1","MINUTE","1","0","0","0.79","KILOMETER","25.7","KILOMETER_PER_HOUR"
"250063447","50147","32","1993-05-17","27","Rafa","POR","STRIKER","MIDFIELDER","MALE","170","./image/250063447.jpg","Rafa Silva","FORWARD","15","Rafa","110","63","Portugal","Milieu","","Rafa Silva","Rafa Silva","Rafa Silva","200110","./assoc/200110_POR.svg","./logo/50147.png","UEFA","POR","50147","FAME","Benfica","","https://img.uefa.com/imgml/TP/teams/logos/70x70/50147.png","https://img.uefa.com/imgml/TP/teams/logos/240x240/50147.png","250147","BEN","DOMESTIC_MEN_TEAM_A","","DOMESTIC","Portugal","Benfica","SL Benfica","BEN","1","MINUTE","1","0","0","0.67","KILOMETER","22","KILOMETER_PER_HOUR"
"250086137","50149","31","1994-07-07","21","M. Oliveira","BRA","UNKNOWN","MIDFIELDER","MALE","","./image/250086137.jpg","Mattheus","MIDFIELDER","","de Oliveira","","","Brésil","Milieu","","Mattheus","Mattheus","Mattheus","200110","./assoc/200110_POR.svg","./logo/50149.png","UEFA","POR","50149","FAME","Sporting CP","","https://img.uefa.com/imgml/TP/teams/logos/70x70/50149.png","https://img.uefa.com/imgml/TP/teams/logos/240x240/50149.png","250149","SPO","DOMESTIC_MEN_TEAM_A","","DOMESTIC","Portugal","Sporting CP","Sporting Clube de Portugal","SPO","1","MINUTE","1","0","0","0.48","KILOMETER","25","KILOMETER_PER_HOUR"
"250002316","50149","36","1989-03-08","3","PETROVIĆ","SRB","DEFENSIVE_MIDFIELDER","DEFENDER","MALE","193","./image/250002316.jpg","Radosav Petrović","MIDFIELDER","8","Petrović","","83","Serbie","Défenseur","Radosav","Petrović","Radosav Petrović","Petrović","200110","./assoc/200110_POR.svg","./logo/50149.png","UEFA","POR","50149","FAME","Sporting CP","","https://img.uefa.com/imgml/TP/teams/logos/70x70/50149.png","https://img.uefa.com/imgml/TP/teams/logos/240x240/50149.png","250149","SPO","DOMESTIC_MEN_TEAM_A","","DOMESTIC","Portugal","Sporting CP","Sporting Clube de Portugal","SPO","1","MINUTE","1","0","0","0.48","KILOMETER","21.3","KILOMETER_PER_HOUR"
"250039525","1652","33","1992-08-13","27","Lucas","BRA","WINGER","FORWARD","MALE","172","./image/250039525.jpg","Lucas Moura","MIDFIELDER","","Lucas","","72","Brésil","Attaquant","Lucas","Moura","Lucas Moura","Moura","200039","./assoc/200039_ENG.svg","./logo/1652.png","UEFA","ENG","1652","FAME","Tottenham","","https://img.uefa.com/imgml/TP/teams/logos/70x70/1652.png","https://img.uefa.com/imgml/TP/teams/logos/240x240/1652.png","201652","TOT","DOMESTIC_MEN_TEAM_A","","DOMESTIC","Angleterre","Tottenham","Tottenham Hotspur","TOT","1","MINUTE","1","0","0","0.43","KILOMETER","14.4","KILOMETER_PER_HOUR"
"250087657","54266","27","1998-06-18","80","Khosonov","RUS","UNKNOWN","MIDFIELDER","MALE","","./image/250087657.jpg","Khetag Khosonov","MIDFIELDER","5","Khosonov","357451","","Russie","Milieu","Khetag","Khosonov","Khetag Khosonov","Khosonov","257451","./assoc/257451_RUS.svg","./logo/54266.png","UEFA","RUS","54266","FAME","CSKA Moskva","","https://img.uefa.com/imgml/TP/teams/logos/70x70/54266.png","https://img.uefa.com/imgml/TP/teams/logos/240x240/54266.png","254266","CSM","DOMESTIC_MEN_TEAM_A","","DOMESTIC","Russie","CSKA Moskva","PFC CSKA Moskva","CSM","1","MINUTE","1","0","0","0.32","KILOMETER","21.5","KILOMETER_PER_HOUR"
"35414","52758","45","1980-08-06","1","Weidenfeller","GER","GOALKEEPER","GOALKEEPER","MALE","190","./image/35414.jpg","Roman Weidenfeller","GOALKEEPER","22","Weidenfeller","","90","Allemagne","Gardien","Roman","Weidenfeller","Roman Weidenfeller","Weidenfeller","200047","./assoc/200047_GER.svg","./logo/52758.png","UEFA","GER","52758","FAME","B. Dortmund","","https://img.uefa.com/imgml/TP/teams/logos/70x70/52758.png","https://img.uefa.com/imgml/TP/teams/logos/240x240/52758.png","252758","BVB","DOMESTIC_MEN_TEAM_A","","DOMESTIC","Allemagne","B. Dortmund","Borussia Dortmund","BVB","1","MINUTE","1","0","0","0.26","KILOMETER","17.2","KILOMETER_PER_HOUR"
"250064446","52707","29","1996-08-03","11","Zubkov","UKR","CENTRAL_MIDFIELDER","MIDFIELDER","MALE","181","./image/250064446.jpg","Oleksandr Zubkov","MIDFIELDER","20","Zubkov","57166","70","Ukraine","Milieu","Oleksandr","Zubkov","Oleksandr Zubkov","Zubkov","257166","./assoc/257166_UKR.svg","./logo/52707.png","UEFA","UKR","52707","FAME","Shakhtar","","https://img.uefa.com/imgml/TP/teams/logos/70x70/52707.png","https://img.uefa.com/imgml/TP/teams/logos/240x240/52707.png","252707","SHK","DOMESTIC_MEN_TEAM_A","","DOMESTIC","Ukraine","Shakhtar","FC Shakhtar Donetsk","SHK","1","MINUTE","1","0","0","0.15","KILOMETER","19.5","KILOMETER_PER_HOUR"
"250023866","1652","34","1991-06-25","12","Wanyama","KEN","DEFENSIVE_MIDFIELDER","MIDFIELDER","MALE","188","./image/250023866.jpg","Victor Wanyama","MIDFIELDER","","Wanyama","","76","Kenya","Milieu","Victor","Wanyama","Victor Wanyama","Wanyama","200039","./assoc/200039_ENG.svg","./logo/1652.png","UEFA","ENG","1652","FAME","Tottenham","","https://img.uefa.com/imgml/TP/teams/logos/70x70/1652.png","https://img.uefa.com/imgml/TP/teams/logos/240x240/1652.png","201652","TOT","DOMESTIC_MEN_TEAM_A","","DOMESTIC","Angleterre","Tottenham","Tottenham Hotspur","TOT","1","MINUTE","1","0","0","0.08","KILOMETER","13.7","KILOMETER_PER_HOUR"
"98078","7889","37","1988-03-06","22","Mignolet","BEL","GOALKEEPER","GOALKEEPER","MALE","193","./image/98078.jpg","Simon Mignolet","GOALKEEPER","12","Mignolet","13","87","Belgique","Gardien","Simon","Mignolet","Simon Mignolet","Mignolet","200039","./assoc/200039_ENG.svg","./logo/7889.png","UEFA","ENG","7889","FAME","Liverpool","","https://img.uefa.com/imgml/TP/teams/logos/70x70/7889.png","https://img.uefa.com/imgml/TP/teams/logos/240x240/7889.png","207889","LIV","DOMESTIC_MEN_TEAM_A","","DOMESTIC","Angleterre","Liverpool","Liverpool FC","LIV","0","MINUTE","","","","","","",""
"96925","60609","36","1989-09-01","14","Amirguliyev","AZE","CENTRAL_MIDFIELDER","MIDFIELDER","MALE","172","./image/96925.jpg","Rahid Amirguliyev","MIDFIELDER","14","Amirguliyev","57154","67","Azerbaïdjan","Milieu","Rahid","Amirguliyev","Rahid Amirguliyev","Amirguliyev","257154","./assoc/257154_AZE.svg","./logo/60609.png","UEFA","AZE","60609","FAME","Qarabağ","","https://img.uefa.com/imgml/TP/teams/logos/70x70/60609.png","https://img.uefa.com/imgml/TP/teams/logos/240x240/60609.png","260609","QAR","DOMESTIC_MEN_TEAM_A","","DOMESTIC","Azerbaïdjan","Qarabağ","Qarabağ FK","QAR","0","MINUTE","","","","","","",""
"74886","60609","38","1987-02-10","21","Dashdemirov","AZE","FULL_BACK","DEFENDER","MALE","170","./image/74886.jpg","Arif Dashdemirov","DEFENDER","21","Dashdemirov","57154","66","Azerbaïdjan","Défenseur","Arif","Dashdemirov","Arif Dashdemirov","Dashdemirov","257154","./assoc/257154_AZE.svg","./logo/60609.png","UEFA","AZE","60609","FAME","Qarabağ","","https://img.uefa.com/imgml/TP/teams/logos/70x70/60609.png","https://img.uefa.com/imgml/TP/teams/logos/240x240/60609.png","260609","QAR","DOMESTIC_MEN_TEAM_A","","DOMESTIC","Azerbaïdjan","Qarabağ","Qarabağ FK","QAR","0","MINUTE","","","","","","",""
"74718","50050","38","1987-07-09","17","Hayes","IRL","ATTACKING_MIDFIELDER","MIDFIELDER","MALE","","./image/74718.jpg","Jonny Hayes","MIDFIELDER","21","Hayes","64","","Eire","Milieu","Jonny","Hayes","Jonny Hayes","Hayes","200117","./assoc/200117_SCO.svg","./logo/50050.png","UEFA","SCO","50050","FAME","Celtic","","https://img.uefa.com/imgml/TP/teams/logos/70x70/50050.png","https://img.uefa.com/imgml/TP/teams/logos/240x240/50050.png","250050","CEL","DOMESTIC_MEN_TEAM_A","","DOMESTIC","Écosse","Celtic","Celtic FC","CEL","0","MINUTE","","","","","","",""
"70635","59856","41","1984-10-06","39","","SUI","","","MALE","176","./image/70635.jpg","Davide Callà","","","","","79","Suisse","","Davide","Callà","Davide Callà","Callà","200128","./assoc/200128_SUI.svg","./logo/59856.png","UEFA","SUI","59856","FAME","Basel","","https://img.uefa.com/imgml/TP/teams/logos/70x70/59856.png","https://img.uefa.com/imgml/TP/teams/logos/240x240/59856.png","259856","BSL","DOMESTIC_MEN_TEAM_A","","DOMESTIC","Suisse","Basel","FC Basel 1893","BSL","0","MINUTE","","","","","","",""
"59099","50118","41","1984-07-15","20","Milanov","BUL","FULL_BACK","DEFENDER","MALE","175","./image/59099.jpg","Zhivko Milanov","DEFENDER","20","Milanov","20","71","Bulgarie","Défenseur","Zhivko","Milanov","Zhivko Milanov","Milanov","200033","./assoc/200033_CYP.svg","./logo/50118.png","UEFA","CYP","50118","FAME","APOEL","","https://img.uefa.com/imgml/TP/teams/logos/70x70/50118.png","https://img.uefa.com/imgml/TP/teams/logos/240x240/50118.png","250118","APO","DOMESTIC_MEN_TEAM_A","","DOMESTIC","Chypre","APOEL","APOEL FC","APO","0","MINUTE","","","","","","",""
"58032","50124","41","1984-04-02","13","Moyá","ESP","GOALKEEPER","GOALKEEPER","MALE","189","./image/58032.jpg","Miguel Ángel Moyá","GOALKEEPER","","MOYÁ","200122","82","Espagne","Gardien","Miguel Ángel","Moyá","Miguel Ángel Moyá","Moyá","200122","./assoc/200122_ESP.svg","./logo/50124.png","UEFA","ESP","50124","FAME","Atleti","","https://img.uefa.com/imgml/TP/teams/logos/70x70/50124.png","https://img.uefa.com/imgml/TP/teams/logos/240x240/50124.png","250124","ATM","DOMESTIC_MEN_TEAM_A","","DOMESTIC","Espagne","Atleti","Atlético de Madrid","ATM","0","MINUTE","","","","","","",""
"57586","50050","44","1980-12-29","24","De Vries","NED","GOALKEEPER","GOALKEEPER","MALE","190","./image/57586.jpg","Dorus de Vries","GOALKEEPER","","de Vries","","96","Pays-Bas","Gardien","Dorus","de Vries","Dorus de Vries","de Vries","200117","./assoc/200117_SCO.svg","./logo/50050.png","UEFA","SCO","50050","FAME","Celtic","","https://img.uefa.com/imgml/TP/teams/logos/70x70/50050.png","https://img.uefa.com/imgml/TP/teams/logos/240x240/50050.png","250050","CEL","DOMESTIC_MEN_TEAM_A","","DOMESTIC","Écosse","Celtic","Celtic FC","CEL","0","MINUTE","","","","","","",""
"50909","52682","44","1981-07-28","16","","","DEFENSIVE_MIDFIELDER","","MALE","188","./image/50909.jpg","Michael Carrick","MIDFIELDER","22","Carrick","","74","","","Michael","Carrick","Michael Carrick","Carrick","200039","./assoc/200039_ENG.svg","./logo/52682.png","UEFA","ENG","52682","FAME","Man Utd","","https://img.uefa.com/imgml/TP/teams/logos/70x70/52682.png","https://img.uefa.com/imgml/TP/teams/logos/240x240/52682.png","252682","MUN","DOMESTIC_MEN_TEAM_A","","DOMESTIC","Angleterre","Man Utd","Manchester United","MUN","0","MINUTE","","","","","","",""
"43126","50037","44","1981-03-18","22","","GER","","","MALE","194","./image/43126.jpg","Tom Starke","GOALKEEPER","","Starke","","97","Allemagne","","Tom","Starke","Tom Starke","Starke","200047","./assoc/200047_GER.svg","./logo/50037.png","UEFA","GER","50037","FAME","Bayern München","","https://img.uefa.com/imgml/TP/teams/logos/70x70/50037.png","https://img.uefa.com/imgml/TP/teams/logos/240x240/50037.png","250037","BAY","DOMESTIC_MEN_TEAM_A","","DOMESTIC","Allemagne","Bayern München","FC Bayern München","BAY","0","MINUTE","","","","","","",""
"250117439","50064","31","1994-05-10","4","Osorio","VEN","UNKNOWN","DEFENDER","MALE","","./image/250117439.jpg","Yordan Osorio","DEFENDER","3","Osorio","142","","Vénézuéla","Défenseur","Yordan","Osorio","Yordan Osorio","Osorio","200110","./assoc/200110_POR.svg","./logo/50064.png","UEFA","POR","50064","FAME","Porto","","https://img.uefa.com/imgml/TP/teams/logos/70x70/50064.png","https://img.uefa.com/imgml/TP/teams/logos/240x240/50064.png","250064","POR","DOMESTIC_MEN_TEAM_A","","DOMESTIC","Portugal","Porto","FC Porto","POR","0","MINUTE","","","","","","",""
"250117428","52714","28","1997-04-14","13","G. Arana","BRA","UNKNOWN","DEFENDER","MALE","","./image/250117428.jpg","Guilherme Arana","DEFENDER","","Arana","","","Brésil","Défenseur","Guilherme","Arana","Guilherme Arana","Arana","200122","./assoc/200122_ESP.svg","./logo/52714.png","UEFA","ESP","52714","FAME","Sevilla","","https://img.uefa.com/imgml/TP/teams/logos/70x70/52714.png","https://img.uefa.com/imgml/TP/teams/logos/240x240/52714.png","252714","SEV","DOMESTIC_MEN_TEAM_A","","DOMESTIC","Espagne","Sevilla","Sevilla FC","SEV","0","MINUTE","","","","","","",""
"250115895","1652","28","1997-02-23","40","Amos","ENG","UNKNOWN","MIDFIELDER","MALE","","./image/250115895.jpg","Luke Amos","MIDFIELDER","","Amos","","","Angleterre","Milieu","Luke","Amos","Luke Amos","Amos","200039","./assoc/200039_ENG.svg","./logo/1652.png","UEFA","ENG","1652","FAME","Tottenham","","https://img.uefa.com/imgml/TP/teams/logos/70x70/1652.png","https://img.uefa.com/imgml/TP/teams/logos/240x240/1652.png","201652","TOT","DOMESTIC_MEN_TEAM_A","","DOMESTIC","Angleterre","Tottenham","Tottenham Hotspur","TOT","0","MINUTE","","","","","","",""
"250112610","50068","31","1994-01-05","21","Samsonov","RUS","UNKNOWN","MIDFIELDER","MALE","","./image/250112610.jpg","Artem Samsonov","MIDFIELDER","","Samsonov","","","Russie","Milieu","Artem","Samsonov","Artem Samsonov","Samsonov","257451","./assoc/257451_RUS.svg","./logo/50068.png","UEFA","RUS","50068","FAME","Spartak Moskva","","https://img.uefa.com/imgml/TP/teams/logos/70x70/50068.png","https://img.uefa.com/imgml/TP/teams/logos/240x240/50068.png","250068","SPM","DOMESTIC_MEN_TEAM_A","","DOMESTIC","Russie","Spartak Moskva","FC Spartak Moskva","SPM","0","MINUTE","","","","","","",""
"250112452","50157","24","2001-01-01","30","Ersin","TUR","GOALKEEPER","GOALKEEPER","MALE","","./image/250112452.jpg","Ersin Destanoğlu","GOALKEEPER","1","Destanoğlu","135","","Turquie","Gardien","","Ersin Destanoğlu","Ersin Destanoğlu","Ersin Destanoğlu","200135","./assoc/200135_TUR.svg","./logo/50157.png","UEFA","TUR","50157","FAME","Beşiktaş","","https://img.uefa.com/imgml/TP/teams/logos/70x70/50157.png","https://img.uefa.com/imgml/TP/teams/logos/240x240/50157.png","250157","BES","DOMESTIC_MEN_TEAM_A","","DOMESTIC","Turquie","Beşiktaş","Beşiktaş JK","BES","0","MINUTE","","","","","","",""
"250106651","52707","33","1991-11-05","99","Blanco Leschuk","ARG","STRIKER","FORWARD","MALE","","./image/250106651.jpg","Gustavo Blanco Leschuk","FORWARD","","G.Leschuk","","","Argentine","Attaquant","Gustavo","Blanco Leschuk","Gustavo Blanco Leschuk","Blanco Leschuk","257166","./assoc/257166_UKR.svg","./logo/52707.png","UEFA","UKR","52707","FAME","Shakhtar","","https://img.uefa.com/imgml/TP/teams/logos/70x70/52707.png","https://img.uefa.com/imgml/TP/teams/logos/240x240/52707.png","252707","SHK","DOMESTIC_MEN_TEAM_A","","DOMESTIC","Ukraine","Shakhtar","FC Shakhtar Donetsk","SHK","0","MINUTE","","","","","","",""
"250104090","52914","24","2000-11-07","7","Hudson-Odoi","ENG","UNKNOWN","FORWARD","MALE","","./image/250104090.jpg","Callum Hudson-Odoi","MIDFIELDER","10","Hudson-Odoi","39","","Angleterre","Attaquant","Callum","Hudson-Odoi","Callum Hudson-Odoi","Hudson-Odoi","200039","./assoc/200039_ENG.svg","./logo/52914.png","UEFA","ENG","52914","FAME","Chelsea","","https://img.uefa.com/imgml/TP/teams/logos/70x70/52914.png","https://img.uefa.com/imgml/TP/teams/logos/240x240/52914.png","252914","CHE","DOMESTIC_MEN_TEAM_A","","DOMESTIC","Angleterre","Chelsea","Chelsea FC","CHE","0","MINUTE","","","","","","",""
"250104075","52749","25","2000-07-18","3","Geertruida","NED","CENTRE_BACK","DEFENDER","MALE","","./image/250104075.jpg","Lutsharel Geertruida","DEFENDER","2","Geertruida","95","","Pays-Bas","Défenseur","Lutsharel","Geertruida","Lutsharel Geertruida","Geertruida","200095","./assoc/200095_NED.svg","./logo/52749.png","UEFA","NED","52749","FAME","Feyenoord","","https://img.uefa.com/imgml/TP/teams/logos/70x70/52749.png","https://img.uefa.com/imgml/TP/teams/logos/240x240/52749.png","252749","FEY","DOMESTIC_MEN_TEAM_A","","DOMESTIC","Pays-Bas","Feyenoord","Feyenoord","FEY","0","MINUTE","","","","","","",""
"250102479","1652","25","2000-02-14","8","Oakley-Boothe","ENG","UNKNOWN","MIDFIELDER","MALE","","./image/250102479.jpg","Tashan Oakley-Boothe","MIDFIELDER","12","Oakley Boothe","400039","","Angleterre","Milieu","Tashan","Oakley-Boothe","Tashan Oakley-Boothe","Oakley-Boothe","200039","./assoc/200039_ENG.svg","./logo/1652.png","UEFA","ENG","1652","FAME","Tottenham","","https://img.uefa.com/imgml/TP/teams/logos/70x70/1652.png","https://img.uefa.com/imgml/TP/teams/logos/240x240/1652.png","201652","TOT","DOMESTIC_MEN_TEAM_A","","DOMESTIC","Angleterre","Tottenham","Tottenham Hotspur","TOT","0","MINUTE","","","","","","",""
"250102363","50157","26","1999-04-04","41","Alpay","TUR","CENTRE_BACK","DEFENDER","MALE","","./image/250102363.jpg","Alpay Çelebi","DEFENDER","5","","300135","","Turquie","Défenseur","","Alpay Çelebi","Alpay Çelebi","Alpay Çelebi","200135","./assoc/200135_TUR.svg","./logo/50157.png","UEFA","TUR","50157","FAME","Beşiktaş","","https://img.uefa.com/imgml/TP/teams/logos/70x70/50157.png","https://img.uefa.com/imgml/TP/teams/logos/240x240/50157.png","250157","BES","DOMESTIC_MEN_TEAM_A","","DOMESTIC","Turquie","Beşiktaş","Beşiktaş JK","BES","0","MINUTE","","","","","","",""
"250101736","50074","25","1999-10-22","23","Sambi Lokonga","BEL","CENTRAL_MIDFIELDER","MIDFIELDER","MALE","","./image/250101736.jpg","Albert Sambi Lokonga","MIDFIELDER","6","Sambi","13","","Belgique","Milieu","Albert","Sambi Lokonga","Albert Sambi Lokonga","Sambi Lokonga","200013","./assoc/200013_BEL.svg","./logo/50074.png","UEFA","BEL","50074","FAME","Anderlecht","","https://img.uefa.com/imgml/TP/teams/logos/70x70/50074.png","https://img.uefa.com/imgml/TP/teams/logos/240x240/50074.png","250074","AND","DOMESTIC_MEN_TEAM_A","","DOMESTIC","Belgique","Anderlecht","RSC Anderlecht","AND","0","MINUTE","","","","","","",""
"250101679","59856","27","1998-04-30","43","KAISER","SUI","CENTRE_BACK","DEFENDER","MALE","","./image/250101679.jpg","Yves Kaiser","DEFENDER","","Kaiser","200128","","Suisse","Défenseur","Yves","Kaiser","Yves Kaiser","Kaiser","200128","./assoc/200128_SUI.svg","./logo/59856.png","UEFA","SUI","59856","FAME","Basel","","https://img.uefa.com/imgml/TP/teams/logos/70x70/59856.png","https://img.uefa.com/imgml/TP/teams/logos/240x240/59856.png","259856","BSL","DOMESTIC_MEN_TEAM_A","","DOMESTIC","Suisse","Basel","FC Basel 1893","BSL","0","MINUTE","","","","","","",""
"250101677","59856","27","1998-03-10","31","SCHMID","SUI","","DEFENDER","MALE","","./image/250101677.jpg","Dominik Schmid","DEFENDER","22","Schmid","128","","Suisse","Défenseur","Dominik","Schmid","Dominik Schmid","Schmid","200128","./assoc/200128_SUI.svg","./logo/59856.png","UEFA","SUI","59856","FAME","Basel","","https://img.uefa.com/imgml/TP/teams/logos/70x70/59856.png","https://img.uefa.com/imgml/TP/teams/logos/240x240/59856.png","259856","BSL","DOMESTIC_MEN_TEAM_A","","DOMESTIC","Suisse","Basel","FC Basel 1893","BSL","0","MINUTE","","","","","","",""
"250101307","50051","25","2000-04-13","1","MOHA RAMOS","ESP","UNKNOWN","GOALKEEPER","MALE","","./image/250101307.jpg","Mohamet Ramos","GOALKEEPER","13","Ramos Wade","400122","","Espagne","Gardien","Mohamet","Ramos","Mohamet Ramos","Ramos","200122","./assoc/200122_ESP.svg","./logo/50051.png","UEFA","ESP","50051","FAME","Real Madrid","","https://img.uefa.com/imgml/TP/teams/logos/70x70/50051.png","https://img.uefa.com/imgml/TP/teams/logos/240x240/50051.png","250051","RMA","DOMESTIC_MEN_TEAM_A","","DOMESTIC","Espagne","Real Madrid","Real Madrid C.F.","RMA","0","MINUTE","","","","","","",""
"250101299","50051","27","1998-05-12","37","FEUILLASSIER","ESP","UNKNOWN","MIDFIELDER","MALE","","./image/250101299.jpg","Franchu","FORWARD","","FEUILLASIER","","","Espagne","Milieu","","Franchu","Franchu","Franchu","200122","./assoc/200122_ESP.svg","./logo/50051.png","UEFA","ESP","50051","FAME","Real Madrid","","https://img.uefa.com/imgml/TP/teams/logos/70x70/50051.png","https://img.uefa.com/imgml/TP/teams/logos/240x240/50051.png","250051","RMA","DOMESTIC_MEN_TEAM_A","","DOMESTIC","Espagne","Real Madrid","Real Madrid C.F.","RMA","","","","","","","","",""
"250101262","50037","26","1999-01-10","9","Wintzheimer","GER","UNKNOWN","FORWARD","MALE","","./image/250101262.jpg","Manuel Wintzheimer","FORWARD","7","Wintzheimer","200047","","Allemagne","Attaquant","Manuel","Wintzheimer","Manuel Wintzheimer","Wintzheimer","200047","./assoc/200047_GER.svg","./logo/50037.png","UEFA","GER","50037","FAME","Bayern München","","https://img.uefa.com/imgml/TP/teams/logos/70x70/50037.png","https://img.uefa.com/imgml/TP/teams/logos/240x240/50037.png","250037","BAY","DOMESTIC_MEN_TEAM_A","","DOMESTIC","Allemagne","Bayern München","FC Bayern München","BAY","0","MINUTE","","","","","","",""
"250101255","50037","25","2000-03-31","17","Mai","GER","","DEFENDER","MALE","","./image/250101255.jpg","Lukas Mai","DEFENDER","4","Mai","200047","","Allemagne","Défenseur","Lukas","Mai","Lukas Mai","Mai","200047","./assoc/200047_GER.svg","./logo/50037.png","UEFA","GER","50037","FAME","Bayern München","","https://img.uefa.com/imgml/TP/teams/logos/70x70/50037.png","https://img.uefa.com/imgml/TP/teams/logos/240x240/50037.png","250037","BAY","DOMESTIC_MEN_TEAM_A","","DOMESTIC","Allemagne","Bayern München","FC Bayern München","BAY","0","MINUTE","","","","","","",""
"250100539","59856","33","1992-01-30","4","Omar Gaber","EGY","UNKNOWN","DEFENDER","MALE","174","./image/250100539.jpg","Omar Gaber","DEFENDER","","O. Gaber","38","64","Égypte","Défenseur","Omar","Gaber","Omar Gaber","Gaber","200128","./assoc/200128_SUI.svg","./logo/59856.png","UEFA","SUI","59856","FAME","Basel","","https://img.uefa.com/imgml/TP/teams/logos/70x70/59856.png","https://img.uefa.com/imgml/TP/teams/logos/240x240/59856.png","259856","BSL","DOMESTIC_MEN_TEAM_A","","DOMESTIC","Suisse","Basel","FC Basel 1893","BSL","0","MINUTE","","","","","","",""
"250100056","52914","31","1994-08-03","33","Emerson","ITA","FULL_BACK","DEFENDER","MALE","176","./image/250100056.jpg","Emerson","DEFENDER","13","Emerson","66","63","Italie","Défenseur","","Emerson","Emerson","Emerson","200039","./assoc/200039_ENG.svg","./logo/52914.png","UEFA","ENG","52914","FAME","Chelsea","","https://img.uefa.com/imgml/TP/teams/logos/70x70/52914.png","https://img.uefa.com/imgml/TP/teams/logos/240x240/52914.png","252914","CHE","DOMESTIC_MEN_TEAM_A","","DOMESTIC","Angleterre","Chelsea","Chelsea FC","CHE","0","MINUTE","","","","","","",""
"250096715","50074","27","1998-01-16","41","A. SOWAH","GHA","FULL_BACK","DEFENDER","MALE","182","./image/250096715.jpg","Emmanuel Adjey Sowah","DEFENDER","","","","80","Ghana","Défenseur","Emmanuel Adjey","Sowah","Emmanuel Adjey Sowah","Sowah","200013","./assoc/200013_BEL.svg","./logo/50074.png","UEFA","BEL","50074","FAME","Anderlecht","","https://img.uefa.com/imgml/TP/teams/logos/70x70/50074.png","https://img.uefa.com/imgml/TP/teams/logos/240x240/50074.png","250074","AND","DOMESTIC_MEN_TEAM_A","","DOMESTIC","Belgique","Anderlecht","RSC Anderlecht","AND","0","MINUTE","","","","","","",""
"250096659","50051","27","1998-10-04","30","BELMAN","ESP","UNKNOWN","GOALKEEPER","MALE","","./image/250096659.jpg","Javier Belman","GOALKEEPER","","BELMAN","","","Espagne","Gardien","Javier","Belman","Javier Belman","Belman","200122","./assoc/200122_ESP.svg","./logo/50051.png","UEFA","ESP","50051","FAME","Real Madrid","","https://img.uefa.com/imgml/TP/teams/logos/70x70/50051.png","https://img.uefa.com/imgml/TP/teams/logos/240x240/50051.png","250051","RMA","DOMESTIC_MEN_TEAM_A","","DOMESTIC","Espagne","Real Madrid","Real Madrid C.F.","RMA","","","","","","","","",""
"250091013","2603790","26","1999-05-25","5","Konaté","FRA","CENTRE_BACK","DEFENDER","MALE","","./image/250091013.jpg","Ibrahima Konaté","DEFENDER","15","Konate","43","","France","Défenseur","Ibrahima","Konaté","Ibrahima Konaté","Konaté","200047","./assoc/200047_GER.svg","./logo/2603790.png","UEFA","GER","2603790","FAME","Leipzig","","https://img.uefa.com/imgml/TP/teams/logos/70x70/2603790.png","https://img.uefa.com/imgml/TP/teams/logos/240x240/2603790.png","250002563","RBL","DOMESTIC_MEN_TEAM_A","","DOMESTIC","Allemagne","Leipzig","RB Leipzig","RBL","0","MINUTE","","","","","","",""
"250088535","50068","28","1997-03-20","22","Shcherbakov","RUS","","DEFENDER","MALE","","./image/250088535.jpg","Konstantin Scherbakov","DEFENDER","","Shcherbakov","","","Russie","Défenseur","Konstantin","Scherbakov","Konstantin Scherbakov","Scherbakov","257451","./assoc/257451_RUS.svg","./logo/50068.png","UEFA","RUS","50068","FAME","Spartak Moskva","","https://img.uefa.com/imgml/TP/teams/logos/70x70/50068.png","https://img.uefa.com/imgml/TP/teams/logos/240x240/50068.png","250068","SPM","DOMESTIC_MEN_TEAM_A","","DOMESTIC","Russie","Spartak Moskva","FC Spartak Moskva","SPM","0","MINUTE","","","","","","",""
"250088530","50068","29","1996-07-01","10","Bakaev","RUS","","MIDFIELDER","MALE","","./image/250088530.jpg","Zelimkhan Bakaev","MIDFIELDER","10","Bakaev","57451","","Russie","Milieu","Zelimkhan","Bakaev","Zelimkhan Bakaev","Z. Bakaev","257451","./assoc/257451_RUS.svg","./logo/50068.png","UEFA","RUS","50068","FAME","Spartak Moskva","","https://img.uefa.com/imgml/TP/teams/logos/70x70/50068.png","https://img.uefa.com/imgml/TP/teams/logos/240x240/50068.png","250068","SPM","DOMESTIC_MEN_TEAM_A","","DOMESTIC","Russie","Spartak Moskva","FC Spartak Moskva","SPM","0","MINUTE","","","","","","",""
"250088059","50051","27","1998-07-30","9","DANI GOMEZ","ESP","UNKNOWN","FORWARD","MALE","","./image/250088059.jpg","Dani Gómez","FORWARD","19","DANI GOMEZ","200122","","Espagne","Attaquant","","Dani Gómez","Dani Gómez","Dani Gómez","200122","./assoc/200122_ESP.svg","./logo/50051.png","UEFA","ESP","50051","FAME","Real Madrid","","https://img.uefa.com/imgml/TP/teams/logos/70x70/50051.png","https://img.uefa.com/imgml/TP/teams/logos/240x240/50051.png","250051","RMA","DOMESTIC_MEN_TEAM_A","","DOMESTIC","Espagne","Real Madrid","Real Madrid C.F.","RMA","","","","","","","","",""
"250088058","50051","27","1998-07-19","34","MANU","ESP","","DEFENDER","MALE","","./image/250088058.jpg","Manu Hernando","DEFENDER","15","M. HERNANDO","200122","","Espagne","Défenseur","","Manu Hernando","Manu Hernando","Manu Hernando","200122","./assoc/200122_ESP.svg","./logo/50051.png","UEFA","ESP","50051","FAME","Real Madrid","","https://img.uefa.com/imgml/TP/teams/logos/70x70/50051.png","https://img.uefa.com/imgml/TP/teams/logos/240x240/50051.png","250051","RMA","DOMESTIC_MEN_TEAM_A","","DOMESTIC","Espagne","Real Madrid","Real Madrid C.F.","RMA","","","","","","","","",""
"250088034","52919","27","1998-10-13","12","Duhaney","ENG","UNKNOWN","DEFENDER","MALE","","./image/250088034.jpg","Demeaco Duhaney","DEFENDER","","Duhaney","","","Angleterre","Défenseur","Demeaco","Duhaney","Demeaco Duhaney","Duhaney","200039","./assoc/200039_ENG.svg","./logo/52919.png","UEFA","ENG","52919","FAME","Man City","","https://img.uefa.com/imgml/TP/teams/logos/70x70/52919.png","https://img.uefa.com/imgml/TP/teams/logos/240x240/52919.png","252919","MCI","DOMESTIC_MEN_TEAM_A","","DOMESTIC","Angleterre","Man City","Manchester City","MCI","0","MINUTE","","","","","","",""
"250087918","50139","26","1999-05-28","8","Merio","ITA","","MIDFIELDER","MALE","","./image/250087918.jpg","Leonardo Merio","MIDFIELDER","","Merio","","","Italie","Milieu","Leonardo","Merio","Leonardo Merio","Merio","200066","./assoc/200066_ITA.svg","./logo/50139.png","UEFA","ITA","50139","FAME","Juventus","","https://img.uefa.com/imgml/TP/teams/logos/70x70/50139.png","https://img.uefa.com/imgml/TP/teams/logos/240x240/50139.png","250139","JUV","DOMESTIC_MEN_TEAM_A","","DOMESTIC","Italie","Juventus","Juventus","JUV","0","MINUTE","","","","","","",""
"250087593","50157","27","1997-11-06","5","AKSOY","TUR","CENTRE_BACK","MIDFIELDER","MALE","","./image/250087593.jpg","Fatih Aksoy","DEFENDER","14","Fatih","200135","","Turquie","Milieu","","Fatih Aksoy","Fatih Aksoy","Fatih Aksoy","200135","./assoc/200135_TUR.svg","./logo/50157.png","UEFA","TUR","50157","FAME","Beşiktaş","","https://img.uefa.com/imgml/TP/teams/logos/70x70/50157.png","https://img.uefa.com/imgml/TP/teams/logos/240x240/50157.png","250157","BES","DOMESTIC_MEN_TEAM_A","","DOMESTIC","Turquie","Beşiktaş","Beşiktaş JK","BES","0","MINUTE","","","","","","",""
"250087252","50037","25","2000-01-28","1","Fruechtl","GER","","GOALKEEPER","MALE","","./image/250087252.jpg","Christian Früchtl","GOALKEEPER","23","Früchtl","200047","","Allemagne","Gardien","Christian","Früchtl","Christian Früchtl","Früchtl","200047","./assoc/200047_GER.svg","./logo/50037.png","UEFA","GER","50037","FAME","Bayern München","","https://img.uefa.com/imgml/TP/teams/logos/70x70/50037.png","https://img.uefa.com/imgml/TP/teams/logos/240x240/50037.png","250037","BAY","DOMESTIC_MEN_TEAM_A","","DOMESTIC","Allemagne","Bayern München","FC Bayern München","BAY","0","MINUTE","","","","","","",""
"250086845","52914","29","1996-02-08","23","Kenedy","BRA","UNKNOWN","DEFENDER","MALE","","./image/250086845.jpg","Kenedy","MIDFIELDER","","KENEDY","","","Brésil","Défenseur","","Kenedy","Kenedy","Kenedy","200039","./assoc/200039_ENG.svg","./logo/52914.png","UEFA","ENG","52914","FAME","Chelsea","","https://img.uefa.com/imgml/TP/teams/logos/70x70/52914.png","https://img.uefa.com/imgml/TP/teams/logos/240x240/52914.png","252914","CHE","DOMESTIC_MEN_TEAM_A","","DOMESTIC","Angleterre","Chelsea","Chelsea FC","CHE","0","MINUTE","","","","","","",""
"250086675","52714","36","1989-06-07","7","Roque Mesa","ESP","CENTRAL_MIDFIELDER","MIDFIELDER","MALE","171","./image/250086675.jpg","Roque Mesa","MIDFIELDER","","Mesa Quevedo","","68","Espagne","Milieu","","Roque Mesa","Roque Mesa","Roque Mesa","200122","./assoc/200122_ESP.svg","./logo/52714.png","UEFA","ESP","52714","FAME","Sevilla","","https://img.uefa.com/imgml/TP/teams/logos/70x70/52714.png","https://img.uefa.com/imgml/TP/teams/logos/240x240/52714.png","252714","SEV","DOMESTIC_MEN_TEAM_A","","DOMESTIC","Espagne","Sevilla","Sevilla FC","SEV","0","MINUTE","","","","","","",""
"250085475","1652","33","1992-01-02","13","Gazzaniga","ARG","UNKNOWN","GOALKEEPER","MALE","","./image/250085475.jpg","Paulo Gazzaniga","GOALKEEPER","","Gazzaniga","","","Argentine","Gardien","Paulo","Gazzaniga","Paulo Gazzaniga","Gazzaniga","200039","./assoc/200039_ENG.svg","./logo/1652.png","UEFA","ENG","1652","FAME","Tottenham","","https://img.uefa.com/imgml/TP/teams/logos/70x70/1652.png","https://img.uefa.com/imgml/TP/teams/logos/240x240/1652.png","201652","TOT","DOMESTIC_MEN_TEAM_A","","DOMESTIC","Angleterre","Tottenham","Tottenham Hotspur","TOT","0","MINUTE","","","","","","",""
"250081829","50068","27","1998-03-19","98","Maksimenko","RUS","GOALKEEPER","GOALKEEPER","MALE","","./image/250081829.jpg","Aleksandr Maksimenko","GOALKEEPER","1","Maksimenko","57451","","Russie","Gardien","Aleksandr","Maksimenko","Aleksandr Maksimenko","Maksimenko","257451","./assoc/257451_RUS.svg","./logo/50068.png","UEFA","RUS","50068","FAME","Spartak Moskva","","https://img.uefa.com/imgml/TP/teams/logos/70x70/50068.png","https://img.uefa.com/imgml/TP/teams/logos/240x240/50068.png","250068","SPM","DOMESTIC_MEN_TEAM_A","","DOMESTIC","Russie","Spartak Moskva","FC Spartak Moskva","SPM","0","MINUTE","","","","","","",""
"250081687","50037","27","1998-01-15","39","Dorsch","GER","DEFENSIVE_MIDFIELDER","MIDFIELDER","MALE","","./image/250081687.jpg","Niklas Dorsch","MIDFIELDER","6","Dorsch","200047","","Allemagne","Milieu","Niklas","Dorsch","Niklas Dorsch","Dorsch","200047","./assoc/200047_GER.svg","./logo/50037.png","UEFA","GER","50037","FAME","Bayern München","","https://img.uefa.com/imgml/TP/teams/logos/70x70/50037.png","https://img.uefa.com/imgml/TP/teams/logos/240x240/50037.png","250037","BAY","DOMESTIC_MEN_TEAM_A","","DOMESTIC","Allemagne","Bayern München","FC Bayern München","BAY","0","MINUTE","","","","","","",""
"250079546","50051","27","1998-05-13","30","LUCA","FRA","UNKNOWN","GOALKEEPER","MALE","182","./image/250079546.jpg","Luca Zidane","GOALKEEPER","1","Zidane","300043","76","France","Gardien","Luca","Zidane","Luca Zidane","Zidane","200122","./assoc/200122_ESP.svg","./logo/50051.png","UEFA","ESP","50051","FAME","Real Madrid","","https://img.uefa.com/imgml/TP/teams/logos/70x70/50051.png","https://img.uefa.com/imgml/TP/teams/logos/240x240/50051.png","250051","RMA","DOMESTIC_MEN_TEAM_A","","DOMESTIC","Espagne","Real Madrid","Real Madrid C.F.","RMA","","","","","","","","",""
"250079402","50051","27","1998-06-28","34","Oscar","ESP","","MIDFIELDER","MALE","","./image/250079402.jpg","Óscar Rodríguez","MIDFIELDER","18","OSCAR","122","","Espagne","Milieu","","Óscar Rodríguez","Óscar Rodríguez","Óscar Rodríguez","200122","./assoc/200122_ESP.svg","./logo/50051.png","UEFA","ESP","50051","FAME","Real Madrid","","https://img.uefa.com/imgml/TP/teams/logos/70x70/50051.png","https://img.uefa.com/imgml/TP/teams/logos/240x240/50051.png","250051","RMA","DOMESTIC_MEN_TEAM_A","","DOMESTIC","Espagne","Real Madrid","Real Madrid C.F.","RMA","","","","","","","","",""
"250079177","7889","25","1999-10-15","58","Woodburn","WAL","STRIKER","MIDFIELDER","MALE","","./image/250079177.jpg","Ben Woodburn","MIDFIELDER","22","Woodburn","144","","Pays de Galles","Milieu","Ben","Woodburn","Ben Woodburn","Woodburn","200039","./assoc/200039_ENG.svg","./logo/7889.png","UEFA","ENG","7889","FAME","Liverpool","","https://img.uefa.com/imgml/TP/teams/logos/70x70/7889.png","https://img.uefa.com/imgml/TP/teams/logos/240x240/7889.png","207889","LIV","DOMESTIC_MEN_TEAM_A","","DOMESTIC","Angleterre","Liverpool","Liverpool FC","LIV","0","MINUTE","","","","","","",""
"250078525","52749","27","1998-06-15","36","Hansson","SWE","ATTACKING_MIDFIELDER","FORWARD","MALE","175","./image/250078525.jpg","Emil Hansson","FORWARD","11","Hansson","200127","70","Suède","Attaquant","Emil","Hansson","Emil Hansson","Hansson","200095","./assoc/200095_NED.svg","./logo/52749.png","UEFA","NED","52749","FAME","Feyenoord","","https://img.uefa.com/imgml/TP/teams/logos/70x70/52749.png","https://img.uefa.com/imgml/TP/teams/logos/240x240/52749.png","252749","FEY","DOMESTIC_MEN_TEAM_A","","DOMESTIC","Pays-Bas","Feyenoord","Feyenoord","FEY","0","MINUTE","","","","","","",""
"250078503","50050","27","1998-04-17","35","Ajer","NOR","CENTRE_BACK","MIDFIELDER","MALE","196","./image/250078503.jpg","Kristoffer Ajer","MIDFIELDER","3","Vassbakk Ajer","101","84","Norvège","Milieu","Kristoffer","Ajer","Kristoffer Ajer","Ajer","200117","./assoc/200117_SCO.svg","./logo/50050.png","UEFA","SCO","50050","FAME","Celtic","","https://img.uefa.com/imgml/TP/teams/logos/70x70/50050.png","https://img.uefa.com/imgml/TP/teams/logos/240x240/50050.png","250050","CEL","DOMESTIC_MEN_TEAM_A","","DOMESTIC","Écosse","Celtic","Celtic FC","CEL","0","MINUTE","","","","","","",""
"250076805","52707","28","1996-10-17","1","Kudryk","UKR","GOALKEEPER","GOALKEEPER","MALE","185","./image/250076805.jpg","Oleh Kudryk","GOALKEEPER","","Kudryk","","71","Ukraine","Gardien","Oleh","Kudryk","Oleh Kudryk","Kudryk","257166","./assoc/257166_UKR.svg","./logo/52707.png","UEFA","UKR","52707","FAME","Shakhtar","","https://img.uefa.com/imgml/TP/teams/logos/70x70/52707.png","https://img.uefa.com/imgml/TP/teams/logos/240x240/52707.png","252707","SHK","DOMESTIC_MEN_TEAM_A","","DOMESTIC","Ukraine","Shakhtar","FC Shakhtar Donetsk","SHK","0","MINUTE","","","","","","",""
"250076720","50051","29","1996-07-20","15","TEJERO","ESP","UNKNOWN","DEFENDER","MALE","","./image/250076720.jpg","Álvaro Tejero","DEFENDER","","Tejero","","","Espagne","Défenseur","Álvaro","Tejero","Álvaro Tejero","A. Tejero","200122","./assoc/200122_ESP.svg","./logo/50051.png","UEFA","ESP","50051","FAME","Real Madrid","","https://img.uefa.com/imgml/TP/teams/logos/70x70/50051.png","https://img.uefa.com/imgml/TP/teams/logos/240x240/50051.png","250051","RMA","DOMESTIC_MEN_TEAM_A","","DOMESTIC","Espagne","Real Madrid","Real Madrid C.F.","RMA","","","","","","","","",""
"250076718","50051","28","1997-01-22","34","Seoane Valenciano","ESP","UNKNOWN","MIDFIELDER","MALE","","./image/250076718.jpg","Jaime Seoane","MIDFIELDER","","Seoane Valenciano","","","Espagne","Milieu","Jaime","Seoane","Jaime Seoane","Seoane","200122","./assoc/200122_ESP.svg","./logo/50051.png","UEFA","ESP","50051","FAME","Real Madrid","","https://img.uefa.com/imgml/TP/teams/logos/70x70/50051.png","https://img.uefa.com/imgml/TP/teams/logos/240x240/50051.png","250051","RMA","DOMESTIC_MEN_TEAM_A","","DOMESTIC","Espagne","Real Madrid","Real Madrid C.F.","RMA","","","","","","","","",""
"250076707","50051","29","1996-02-11","31","Quezada Sanchez","ESP","UNKNOWN","DEFENDER","MALE","","./image/250076707.jpg","Luismi Quezada","DEFENDER","","Quezada Sanchez","","","Espagne","Défenseur","Luismi","Quezada","Luismi Quezada","Quezada","200122","./assoc/200122_ESP.svg","./logo/50051.png","UEFA","ESP","50051","FAME","Real Madrid","","https://img.uefa.com/imgml/TP/teams/logos/70x70/50051.png","https://img.uefa.com/imgml/TP/teams/logos/240x240/50051.png","250051","RMA","DOMESTIC_MEN_TEAM_A","","DOMESTIC","Espagne","Real Madrid","Real Madrid C.F.","RMA","","","","","","","","",""
"250076314","50139","27","1998-05-30","38","Muratore","ITA","UNKNOWN","MIDFIELDER","MALE","","./image/250076314.jpg","Simone Muratore","MIDFIELDER","11","Muratore","200066","","Italie","Milieu","Simone","Muratore","Simone Muratore","Muratore","200066","./assoc/200066_ITA.svg","./logo/50139.png","UEFA","ITA","50139","FAME","Juventus","","https://img.uefa.com/imgml/TP/teams/logos/70x70/50139.png","https://img.uefa.com/imgml/TP/teams/logos/240x240/50139.png","250139","JUV","DOMESTIC_MEN_TEAM_A","","DOMESTIC","Italie","Juventus","Juventus","JUV","0","MINUTE","","","","","","",""
"250076244","52914","25","1999-10-24","21","Sterling","ENG","UNKNOWN","DEFENDER","MALE","","./image/250076244.jpg","Dujon Sterling","DEFENDER","2","Sterling","300039","","Angleterre","Défenseur","Dujon","Sterling","Dujon Sterling","Sterling","200039","./assoc/200039_ENG.svg","./logo/52914.png","UEFA","ENG","52914","FAME","Chelsea","","https://img.uefa.com/imgml/TP/teams/logos/70x70/52914.png","https://img.uefa.com/imgml/TP/teams/logos/240x240/52914.png","252914","CHE","DOMESTIC_MEN_TEAM_A","","DOMESTIC","Angleterre","Chelsea","Chelsea FC","CHE","0","MINUTE","","","","","","",""
"250075880","50149","29","1995-10-21","56","Podence","POR","WINGER","FORWARD","MALE","165","./image/250075880.jpg","Daniel Podence","MIDFIELDER","19","Podence","110","","Portugal","Attaquant","Daniel","Podence","Daniel Podence","Podence","200110","./assoc/200110_POR.svg","./logo/50149.png","UEFA","POR","50149","FAME","Sporting CP","","https://img.uefa.com/imgml/TP/teams/logos/70x70/50149.png","https://img.uefa.com/imgml/TP/teams/logos/240x240/50149.png","250149","SPO","DOMESTIC_MEN_TEAM_A","","DOMESTIC","Portugal","Sporting CP","Sporting Clube de Portugal","SPO","0","MINUTE","","","","","","",""
"250075813","50023","29","1995-12-12","30","Sy","SEN","UNKNOWN","GOALKEEPER","MALE","192","./image/250075813.jpg","Seydou Sy","GOALKEEPER","","Sy","","80","Sénégal","Gardien","Seydou","Sy","Seydou Sy","Sy","200043","./assoc/200043_FRA.svg","./logo/50023.png","UEFA","FRA","50023","FAME","Monaco","","https://img.uefa.com/imgml/TP/teams/logos/70x70/50023.png","https://img.uefa.com/imgml/TP/teams/logos/240x240/50023.png","250023","MON","DOMESTIC_MEN_TEAM_A","","DOMESTIC","France","Monaco","AS Monaco","MON","0","MINUTE","","","","","","",""
"250075757","52914","44","1981-09-28","13","","ESP","GOALKEEPER","","MALE","186","./image/250075757.jpg","Willy Caballero","GOALKEEPER","","Caballero","","80","Espagne","","Willy","Caballero","Willy Caballero","Caballero","200039","./assoc/200039_ENG.svg","./logo/52914.png","UEFA","ENG","52914","FAME","Chelsea","","https://img.uefa.com/imgml/TP/teams/logos/70x70/52914.png","https://img.uefa.com/imgml/TP/teams/logos/240x240/52914.png","252914","CHE","DOMESTIC_MEN_TEAM_A","","DOMESTIC","Angleterre","Chelsea","Chelsea FC","CHE","0","MINUTE","","","","","","",""
"250071424","60609","30","1995-06-13","30","Abbas","AZE","FULL_BACK","DEFENDER","MALE","","./image/250071424.jpg","Abbas Hüseynov","DEFENDER","13","A. Hüseynov","57154","","Azerbaïdjan","Défenseur","Abbas","Hüseynov","Abbas Hüseynov","A. Hüseynov","257154","./assoc/257154_AZE.svg","./logo/60609.png","UEFA","AZE","60609","FAME","Qarabağ","","https://img.uefa.com/imgml/TP/teams/logos/70x70/60609.png","https://img.uefa.com/imgml/TP/teams/logos/240x240/60609.png","260609","QAR","DOMESTIC_MEN_TEAM_A","","DOMESTIC","Azerbaïdjan","Qarabağ","Qarabağ FK","QAR","0","MINUTE","","","","","","",""
"250069830","52749","27","1998-01-22","1","Bijlow","NED","GOALKEEPER","GOALKEEPER","MALE","","./image/250069830.jpg","Justin Bijlow","GOALKEEPER","13","Bijlow","95","","Pays-Bas","Gardien","Justin","Bijlow","Justin Bijlow","Bijlow","200095","./assoc/200095_NED.svg","./logo/52749.png","UEFA","NED","52749","FAME","Feyenoord","","https://img.uefa.com/imgml/TP/teams/logos/70x70/52749.png","https://img.uefa.com/imgml/TP/teams/logos/240x240/52749.png","252749","FEY","DOMESTIC_MEN_TEAM_A","","DOMESTIC","Pays-Bas","Feyenoord","Feyenoord","FEY","0","MINUTE","","","","","","",""
"250068949","7889","27","1998-09-08","63","Masterson","IRL","UNKNOWN","FORWARD","MALE","","./image/250068949.jpg","Conor Masterson","DEFENDER","4","Masterson","200064","","Eire","Attaquant","Conor","Masterson","Conor Masterson","Masterson","200039","./assoc/200039_ENG.svg","./logo/7889.png","UEFA","ENG","7889","FAME","Liverpool","","https://img.uefa.com/imgml/TP/teams/logos/70x70/7889.png","https://img.uefa.com/imgml/TP/teams/logos/240x240/7889.png","207889","LIV","DOMESTIC_MEN_TEAM_A","","DOMESTIC","Angleterre","Liverpool","Liverpool FC","LIV","0","MINUTE","","","","","","",""
"250067632","52914","27","1997-12-22","36","Scott","ENG","UNKNOWN","MIDFIELDER","MALE","","./image/250067632.jpg","Kyle Scott","MIDFIELDER","","Scott","300140","","Angleterre","Milieu","Kyle","Scott","Kyle Scott","Scott","200039","./assoc/200039_ENG.svg","./logo/52914.png","UEFA","ENG","52914","FAME","Chelsea","","https://img.uefa.com/imgml/TP/teams/logos/70x70/52914.png","https://img.uefa.com/imgml/TP/teams/logos/240x240/52914.png","252914","CHE","DOMESTIC_MEN_TEAM_A","","DOMESTIC","Angleterre","Chelsea","Chelsea FC","CHE","0","MINUTE","","","","","","",""
"250066103","50147","27","1998-05-11","98","Fábio D.","POR","UNKNOWN","GOALKEEPER","MALE","","./image/250066103.jpg","Fábio Duarte","GOALKEEPER","12","Fábio Duarte","300110","","Portugal","Gardien","","Fábio Duarte","Fábio Duarte","Fábio Duarte","200110","./assoc/200110_POR.svg","./logo/50147.png","UEFA","POR","50147","FAME","Benfica","","https://img.uefa.com/imgml/TP/teams/logos/70x70/50147.png","https://img.uefa.com/imgml/TP/teams/logos/240x240/50147.png","250147","BEN","DOMESTIC_MEN_TEAM_A","","DOMESTIC","Portugal","Benfica","SL Benfica","BEN","0","MINUTE","","","","","","",""
"250064276","59856","28","1997-04-23","27","MANZAMBI","SUI","UNKNOWN","FORWARD","MALE","","./image/250064276.jpg","Neftali Manzambi","FORWARD","7","Manzambi","300128","","Suisse","Attaquant","Neftali","Manzambi","Neftali Manzambi","Manzambi","200128","./assoc/200128_SUI.svg","./logo/59856.png","UEFA","SUI","59856","FAME","Basel","","https://img.uefa.com/imgml/TP/teams/logos/70x70/59856.png","https://img.uefa.com/imgml/TP/teams/logos/240x240/59856.png","259856","BSL","DOMESTIC_MEN_TEAM_A","","DOMESTIC","Suisse","Basel","FC Basel 1893","BSL","0","MINUTE","","","","","","",""
"250063943","50051","30","1995-02-03","34","León Bernal","ESP","UNKNOWN","DEFENDER","MALE","","./image/250063943.jpg","José León","MIDFIELDER","14","Leon Bernal","300122","","Espagne","Défenseur","","José León","José León","José León","200122","./assoc/200122_ESP.svg","./logo/50051.png","UEFA","ESP","50051","FAME","Real Madrid","","https://img.uefa.com/imgml/TP/teams/logos/70x70/50051.png","https://img.uefa.com/imgml/TP/teams/logos/240x240/50051.png","250051","RMA","DOMESTIC_MEN_TEAM_A","","DOMESTIC","Espagne","Real Madrid","Real Madrid C.F.","RMA","","","","","","","","",""
"250063906","54266","29","1996-08-16","1","Pomazun","RUS","GOALKEEPER","GOALKEEPER","MALE","178","./image/250063906.jpg","Ilya Pomazun","GOALKEEPER","","Pomazun","","74","Russie","Gardien","Ilya","Pomazun","Ilya Pomazun","Pomazun","257451","./assoc/257451_RUS.svg","./logo/54266.png","UEFA","RUS","54266","FAME","CSKA Moskva","","https://img.uefa.com/imgml/TP/teams/logos/70x70/54266.png","https://img.uefa.com/imgml/TP/teams/logos/240x240/54266.png","254266","CSM","DOMESTIC_MEN_TEAM_A","","DOMESTIC","Russie","CSKA Moskva","PFC CSKA Moskva","CSM","0","MINUTE","","","","","","",""
"250057871","50064","28","1997-07-06","3","Luis Mata","POR","UNKNOWN","DEFENDER","MALE","179","./image/250057871.jpg","Luís Mata","DEFENDER","16","Luís Mata","200110","","Portugal","Défenseur","","Luís Mata","Luís Mata","Luís Mata","200110","./assoc/200110_POR.svg","./logo/50064.png","UEFA","POR","50064","FAME","Porto","","https://img.uefa.com/imgml/TP/teams/logos/70x70/50064.png","https://img.uefa.com/imgml/TP/teams/logos/240x240/50064.png","250064","POR","DOMESTIC_MEN_TEAM_A","","DOMESTIC","Portugal","Porto","FC Porto","POR","0","MINUTE","","","","","","",""
"250055270","52682","29","1996-06-28","40","Castro Pereira","POR","GOALKEEPER","GOALKEEPER","MALE","","./image/250055270.jpg","Joel Pereira","GOALKEEPER","1","Joel Pereira","200110","","Portugal","Gardien","","Joel Pereira","Joel Pereira","Joel Pereira","200039","./assoc/200039_ENG.svg","./logo/52682.png","UEFA","ENG","52682","FAME","Man Utd","","https://img.uefa.com/imgml/TP/teams/logos/70x70/52682.png","https://img.uefa.com/imgml/TP/teams/logos/240x240/52682.png","252682","MUN","DOMESTIC_MEN_TEAM_A","","DOMESTIC","Angleterre","Man Utd","Manchester United","MUN","0","MINUTE","","","","","","",""
"250055125","54266","29","1996-04-24","31","Makarov","RUS","UNKNOWN","MIDFIELDER","MALE","","./image/250055125.jpg","Aleksandr Makarov","MIDFIELDER","11","Makarov","257451","","Russie","Milieu","Aleksandr","Makarov","Aleksandr Makarov","Makarov","257451","./assoc/257451_RUS.svg","./logo/54266.png","UEFA","RUS","54266","FAME","CSKA Moskva","","https://img.uefa.com/imgml/TP/teams/logos/70x70/54266.png","https://img.uefa.com/imgml/TP/teams/logos/240x240/54266.png","254266","CSM","DOMESTIC_MEN_TEAM_A","","DOMESTIC","Russie","CSKA Moskva","PFC CSKA Moskva","CSM","0","MINUTE","","","","","","",""
"250054395","52707","32","1993-01-26","30","Shevchenko","UKR","GOALKEEPER","GOALKEEPER","MALE","187","./image/250054395.jpg","Mykyta Shevchenko","GOALKEEPER","23","Shevchenko","57166","80","Ukraine","Gardien","Mykyta","Shevchenko","Mykyta Shevchenko","Shevchenko","257166","./assoc/257166_UKR.svg","./logo/52707.png","UEFA","UKR","52707","FAME","Shakhtar","","https://img.uefa.com/imgml/TP/teams/logos/70x70/52707.png","https://img.uefa.com/imgml/TP/teams/logos/240x240/52707.png","252707","SHK","DOMESTIC_MEN_TEAM_A","","DOMESTIC","Ukraine","Shakhtar","FC Shakhtar Donetsk","SHK","0","MINUTE","","","","","","",""
"250046937","50068","30","1995-03-22","7","Davydov","RUS","ATTACKING_MIDFIELDER","FORWARD","MALE","","./image/250046937.jpg","Denis Davydov","FORWARD","15","Davydov","257451","","Russie","Attaquant","Denis","Davydov","Denis Davydov","Davydov","257451","./assoc/257451_RUS.svg","./logo/50068.png","UEFA","RUS","50068","FAME","Spartak Moskva","","https://img.uefa.com/imgml/TP/teams/logos/70x70/50068.png","https://img.uefa.com/imgml/TP/teams/logos/240x240/50068.png","250068","SPM","DOMESTIC_MEN_TEAM_A","","DOMESTIC","Russie","Spartak Moskva","FC Spartak Moskva","SPM","0","MINUTE","","","","","","",""
"250040573","50137","34","1991-05-05","1","Skorupski","POL","UNKNOWN","GOALKEEPER","MALE","187","./image/250040573.jpg","Łukasz Skorupski","GOALKEEPER","1","Skorupski","109","","Pologne","Gardien","Łukasz","Skorupski","Łukasz Skorupski","Skorupski","200066","./assoc/200066_ITA.svg","./logo/50137.png","UEFA","ITA","50137","FAME","Roma","","https://img.uefa.com/imgml/TP/teams/logos/70x70/50137.png","https://img.uefa.com/imgml/TP/teams/logos/240x240/50137.png","250137","ROM","DOMESTIC_MEN_TEAM_A","","DOMESTIC","Italie","Roma","AS Roma","ROM","0","MINUTE","","","","","","",""
"250039787","52714","37","1988-08-04","6","Carriço","POR","CENTRE_BACK","DEFENDER","MALE","182","./image/250039787.jpg","Daniel Carriço","DEFENDER","3","D. Carriço","110","80","Portugal","Défenseur","","Daniel Carriço","Daniel Carriço","Daniel Carriço","200122","./assoc/200122_ESP.svg","./logo/52714.png","UEFA","ESP","52714","FAME","Sevilla","","https://img.uefa.com/imgml/TP/teams/logos/70x70/52714.png","https://img.uefa.com/imgml/TP/teams/logos/240x240/52714.png","252714","SEV","DOMESTIC_MEN_TEAM_A","","DOMESTIC","Espagne","Sevilla","Sevilla FC","SEV","0","MINUTE","","","","","","",""
"250033717","50149","41","1984-07-29","89","Salin","FRA","GOALKEEPER","GOALKEEPER","MALE","185","./image/250033717.jpg","Romain Salin","GOALKEEPER","","Salin","","","France","Gardien","Romain","Salin","Romain Salin","Salin","200110","./assoc/200110_POR.svg","./logo/50149.png","UEFA","POR","50149","FAME","Sporting CP","","https://img.uefa.com/imgml/TP/teams/logos/70x70/50149.png","https://img.uefa.com/imgml/TP/teams/logos/240x240/50149.png","250149","SPO","DOMESTIC_MEN_TEAM_A","","DOMESTIC","Portugal","Sporting CP","Sporting Clube de Portugal","SPO","0","MINUTE","","","","","","",""
"250029893","57490","34","1991-05-11","69","Obradović","CRO","UNKNOWN","GOALKEEPER","MALE","182","./image/250029893.jpg","Matko Obradović","GOALKEEPER","","Obradović","","","Croatie","Gardien","Matko","Obradović","Matko Obradović","Obradović","257163","./assoc/257163_SVN.svg","./logo/57490.png","UEFA","SVN","57490","FAME","Maribor","","https://img.uefa.com/imgml/TP/teams/logos/70x70/57490.png","https://img.uefa.com/imgml/TP/teams/logos/240x240/57490.png","257490","MRB","DOMESTIC_MEN_TEAM_A","","DOMESTIC","Slovénie","Maribor","NK Maribor","MRB","0","MINUTE","","","","","","",""
"250026983","2603790","31","1994-06-06","38","Mvogo","SUI","GOALKEEPER","GOALKEEPER","MALE","188","./image/250026983.jpg","Yvon Mvogo","GOALKEEPER","12","Mvogo Nganoma","128","88","Suisse","Gardien","Yvon","Mvogo","Yvon Mvogo","Mvogo","200047","./assoc/200047_GER.svg","./logo/2603790.png","UEFA","GER","2603790","FAME","Leipzig","","https://img.uefa.com/imgml/TP/teams/logos/70x70/2603790.png","https://img.uefa.com/imgml/TP/teams/logos/240x240/2603790.png","250002563","RBL","DOMESTIC_MEN_TEAM_A","","DOMESTIC","Allemagne","Leipzig","RB Leipzig","RBL","0","MINUTE","","","","","","",""
"250026119","7889","32","1993-01-01","15","Flanagan","ENG","FULL_BACK","DEFENDER","MALE","181","./image/250026119.jpg","Jon Flanagan","DEFENDER","","Flanagan","","","Angleterre","Défenseur","Jon","Flanagan","Jon Flanagan","Flanagan","200039","./assoc/200039_ENG.svg","./logo/7889.png","UEFA","ENG","7889","FAME","Liverpool","","https://img.uefa.com/imgml/TP/teams/logos/70x70/7889.png","https://img.uefa.com/imgml/TP/teams/logos/240x240/7889.png","207889","LIV","DOMESTIC_MEN_TEAM_A","","DOMESTIC","Angleterre","Liverpool","Liverpool FC","LIV","0","MINUTE","","","","","","",""
"250025337","50136","40","1985-05-05","15","Giaccherini","ITA","WINGER","MIDFIELDER","MALE","167","./image/250025337.jpg","Emanuele Giaccherini","MIDFIELDER","23","Giaccherini","66","60","Italie","Milieu","Emanuele","Giaccherini","Emanuele Giaccherini","Giaccherini","200066","./assoc/200066_ITA.svg","./logo/50136.png","UEFA","ITA","50136","FAME","Napoli","","https://img.uefa.com/imgml/TP/teams/logos/70x70/50136.png","https://img.uefa.com/imgml/TP/teams/logos/240x240/50136.png","250136","NAP","DOMESTIC_MEN_TEAM_A","","DOMESTIC","Italie","Napoli","SSC Napoli","NAP","0","MINUTE","","","","","","",""
"250024994","57490","31","1994-04-26","1","Cotman","SVN","GOALKEEPER","GOALKEEPER","MALE","193","./image/250024994.jpg","Aljaž Cotman","GOALKEEPER","1","Cotman","257163","","Slovénie","Gardien","Aljaž","Cotman","Aljaž Cotman","Cotman","257163","./assoc/257163_SVN.svg","./logo/57490.png","UEFA","SVN","57490","FAME","Maribor","","https://img.uefa.com/imgml/TP/teams/logos/70x70/57490.png","https://img.uefa.com/imgml/TP/teams/logos/240x240/57490.png","257490","MRB","DOMESTIC_MEN_TEAM_A","","DOMESTIC","Slovénie","Maribor","NK Maribor","MRB","0","MINUTE","","","","","","",""
"250023787","57490","33","1992-07-04","21","Dervišević","SVN","UNKNOWN","MIDFIELDER","MALE","195","./image/250023787.jpg","Amir Dervišević","MIDFIELDER","8","Dervišević","57163","","Slovénie","Milieu","Amir","Dervišević","Amir Dervišević","Dervišević","257163","./assoc/257163_SVN.svg","./logo/57490.png","UEFA","SVN","57490","FAME","Maribor","","https://img.uefa.com/imgml/TP/teams/logos/70x70/57490.png","https://img.uefa.com/imgml/TP/teams/logos/240x240/57490.png","257490","MRB","DOMESTIC_MEN_TEAM_A","","DOMESTIC","Slovénie","Maribor","NK Maribor","MRB","0","MINUTE","","","","","","",""
"250023172","2610","31","1994-07-20","94","CHOUTESIOTIS","GRE","GOALKEEPER","GOALKEEPER","MALE","192","./image/250023172.jpg","Lefteris Choutesiotis","GOALKEEPER","12","Choutesiotis","200049","85","Grèce","Gardien","Lefteris","Choutesiotis","Lefteris Choutesiotis","Choutesiotis","200049","./assoc/200049_GRE.svg","./logo/2610.png","UEFA","GRE","2610","FAME","Olympiacos","","https://img.uefa.com/imgml/TP/teams/logos/70x70/2610.png","https://img.uefa.com/imgml/TP/teams/logos/240x240/2610.png","202610","OLY","DOMESTIC_MEN_TEAM_A","","DOMESTIC","Grèce","Olympiacos","Olympiacos FC","OLY","0","MINUTE","","","","","","",""
"250023150","59856","31","1994-02-14","13","SALVI","SUI","GOALKEEPER","GOALKEEPER","MALE","188","./image/250023150.jpg","Mirko Salvi","GOALKEEPER","12","Salvi","200128","","Suisse","Gardien","Mirko","Salvi","Mirko Salvi","Salvi","200128","./assoc/200128_SUI.svg","./logo/59856.png","UEFA","SUI","59856","FAME","Basel","","https://img.uefa.com/imgml/TP/teams/logos/70x70/59856.png","https://img.uefa.com/imgml/TP/teams/logos/240x240/59856.png","259856","BSL","DOMESTIC_MEN_TEAM_A","","DOMESTIC","Suisse","Basel","FC Basel 1893","BSL","0","MINUTE","","","","","","",""
"250014728","52682","33","1992-02-21","4","Jones","ENG","CENTRE_BACK","DEFENDER","MALE","180","./image/250014728.jpg","Phil Jones","DEFENDER","16","Jones","39","71","Angleterre","Défenseur","Phil","Jones","Phil Jones","Jones","200039","./assoc/200039_ENG.svg","./logo/52682.png","UEFA","ENG","52682","FAME","Man Utd","","https://img.uefa.com/imgml/TP/teams/logos/70x70/52682.png","https://img.uefa.com/imgml/TP/teams/logos/240x240/52682.png","252682","MUN","DOMESTIC_MEN_TEAM_A","","DOMESTIC","Angleterre","Man Utd","Manchester United","MUN","0","MINUTE","","","","","","",""
"250014067","57490","32","1993-06-21","18","Palčič","SVN","UNKNOWN","DEFENDER","MALE","","./image/250014067.jpg","Matej Palčič","MIDFIELDER","22","Palčič","57163","","Slovénie","Défenseur","Matej","Palčič","Matej Palčič","Palčič","257163","./assoc/257163_SVN.svg","./logo/57490.png","UEFA","SVN","57490","FAME","Maribor","","https://img.uefa.com/imgml/TP/teams/logos/70x70/57490.png","https://img.uefa.com/imgml/TP/teams/logos/240x240/57490.png","257490","MRB","DOMESTIC_MEN_TEAM_A","","DOMESTIC","Slovénie","Maribor","NK Maribor","MRB","0","MINUTE","","","","","","",""
"250007960","50137","37","1988-01-17","15","H. MORENO","MEX","CENTRE_BACK","DEFENDER","MALE","183","./image/250007960.jpg","Héctor Moreno","DEFENDER","15","Moreno","91","81","Mexique","Défenseur","Héctor","Moreno","Héctor Moreno","Moreno","200066","./assoc/200066_ITA.svg","./logo/50137.png","UEFA","ITA","50137","FAME","Roma","","https://img.uefa.com/imgml/TP/teams/logos/70x70/50137.png","https://img.uefa.com/imgml/TP/teams/logos/240x240/50137.png","250137","ROM","DOMESTIC_MEN_TEAM_A","","DOMESTIC","Italie","Roma","AS Roma","ROM","0","MINUTE","","","","","","",""
"250002190","50136","34","1991-05-08","33","Sepe","ITA","GOALKEEPER","GOALKEEPER","MALE","185","./image/250002190.jpg","Luigi Sepe","GOALKEEPER","","Sepe","","75","Italie","Gardien","Luigi","Sepe","Luigi Sepe","Sepe","200066","./assoc/200066_ITA.svg","./logo/50136.png","UEFA","ITA","50136","FAME","Napoli","","https://img.uefa.com/imgml/TP/teams/logos/70x70/50136.png","https://img.uefa.com/imgml/TP/teams/logos/240x240/50136.png","250136","NAP","DOMESTIC_MEN_TEAM_A","","DOMESTIC","Italie","Napoli","SSC Napoli","NAP","0","MINUTE","","","","","","",""
"250000104","50139","35","1990-03-16","23","Pinsoglio","ITA","UNKNOWN","GOALKEEPER","MALE","","./image/250000104.jpg","Carlo Pinsoglio","GOALKEEPER","12","Pinsoglio","","","Italie","Gardien","Carlo","Pinsoglio","Carlo Pinsoglio","Pinsoglio","200066","./assoc/200066_ITA.svg","./logo/50139.png","UEFA","ITA","50139","FAME","Juventus","","https://img.uefa.com/imgml/TP/teams/logos/70x70/50139.png","https://img.uefa.com/imgml/TP/teams/logos/240x240/50139.png","250139","JUV","DOMESTIC_MEN_TEAM_A","","DOMESTIC","Italie","Juventus","Juventus","JUV","0","MINUTE","","","","","","",""
"1905912","50074","34","1991-06-17","27","Beric","SVN","STRIKER","FORWARD","MALE","188","./image/1905912.jpg","Robert Berić","FORWARD","19","Beric","57163","82","Slovénie","Attaquant","Robert","Berić","Robert Berić","Berić","200013","./assoc/200013_BEL.svg","./logo/50074.png","UEFA","BEL","50074","FAME","Anderlecht","","https://img.uefa.com/imgml/TP/teams/logos/70x70/50074.png","https://img.uefa.com/imgml/TP/teams/logos/240x240/50074.png","250074","AND","DOMESTIC_MEN_TEAM_A","","DOMESTIC","Belgique","Anderlecht","RSC Anderlecht","AND","0","MINUTE","","","","","","",""
"1905028","60609","37","1988-05-16","1","Kanibolotskiy","UKR","GOALKEEPER","GOALKEEPER","MALE","191","./image/1905028.jpg","Anton Kanibolotskiy","GOALKEEPER","24","Kanibolotskyi","57166","90","Ukraine","Gardien","Anton","Kanibolotskiy","Anton Kanibolotskiy","Kanibolotskiy","257154","./assoc/257154_AZE.svg","./logo/60609.png","UEFA","AZE","60609","FAME","Qarabağ","","https://img.uefa.com/imgml/TP/teams/logos/70x70/60609.png","https://img.uefa.com/imgml/TP/teams/logos/240x240/60609.png","260609","QAR","DOMESTIC_MEN_TEAM_A","","DOMESTIC","Azerbaïdjan","Qarabağ","Qarabağ FK","QAR","0","MINUTE","","","","","","",""
"1902188","52747","35","1990-07-08","1","Trapp","GER","GOALKEEPER","GOALKEEPER","MALE","189","./image/1902188.jpg","Kevin Trapp","GOALKEEPER","12","Trapp","47","88","Allemagne","Gardien","Kevin","Trapp","Kevin Trapp","Trapp","200043","./assoc/200043_FRA.svg","./logo/52747.png","UEFA","FRA","52747","FAME","Paris","","https://img.uefa.com/imgml/TP/teams/logos/70x70/52747.png","https://img.uefa.com/imgml/TP/teams/logos/240x240/52747.png","252747","PSG","DOMESTIC_MEN_TEAM_A","","DOMESTIC","France","Paris","Paris Saint-Germain","PSG","0","MINUTE","","","","","","",""
"150711837","50051","33","1992-04-21","22","ISCO","ESP","ATTACKING_MIDFIELDER","MIDFIELDER","MALE","176","https://img.uefa.com/imgml/TP/players/1/2018/324x324/150711837.jpg","Isco","MIDFIELDER","22","ISCO","122","74","Espagne","Milieu","","Isco","Isco","Isco","200122","./assoc/200122_ESP.svg","./logo/50051.png","UEFA","ESP","50051","FAME","Real Madrid","","https://img.uefa.com/imgml/TP/teams/logos/70x70/50051.png","https://img.uefa.com/imgml/TP/teams/logos/240x240/50051.png","250051","RMA","DOMESTIC_MEN_TEAM_A","","DOMESTIC","Espagne","Real Madrid","Real Madrid C.F.","RMA","","","","","","","","",""
"108574","2610","37","1988-06-10","26","Vukovic","SRB","CENTRE_BACK","DEFENDER","MALE","194","./image/108574.jpg","Jagoš Vuković","DEFENDER","15","Vukovic","147","89","Serbie","Défenseur","Jagoš","Vuković","Jagoš Vuković","Vuković","200049","./assoc/200049_GRE.svg","./logo/2610.png","UEFA","GRE","2610","FAME","Olympiacos","","https://img.uefa.com/imgml/TP/teams/logos/70x70/2610.png","https://img.uefa.com/imgml/TP/teams/logos/240x240/2610.png","202610","OLY","DOMESTIC_MEN_TEAM_A","","DOMESTIC","Grèce","Olympiacos","Olympiacos FC","OLY","0","MINUTE","","","","","","",""
